idx,rank,query_id,gt_id,ret1,ret2,ret3
0,1,3599,25972,27593,25972,27370
1,1,490,18543,17071,18543,19392
2,0,5124,23110,23110,25582,19253
3,2,4764,15576,15574,15688,15576
4,116,4130,25815,25967,24620,26368
5,91,1217,22301,24875,19992,20362
6,415,11783,24676,24796,21860,25430
7,1,5182,26910,26911,26910,25117
8,24,8647,24165,25205,25750,23079
9,4,10993,18527,19262,19987,21410
10,1,9428,20809,20813,20809,21681
11,0,14202,20922,20922,15795,21007
12,0,6912,15000,15000,17634,16841
13,0,14140,16740,16740,23699,24168
14,545,6836,23297,16556,22769,17562
15,24,14729,18710,22675,16907,25499
16,948,5252,23957,18328,27113,17909
17,210,12496,25448,26483,20356,26484
18,0,2389,15388,15388,15035,17887
19,1,8397,18801,19915,18801,17207
20,0,13078,20761,20761,19189,16547
21,3,2630,22609,18116,25661,25782
22,25,13350,27703,25906,26094,20281
23,4,6161,26814,23370,19850,16452
24,0,5773,26656,26656,26023,24001
25,6,159,22495,23304,22976,17292
26,0,1707,15033,15033,16065,17125
27,0,3569,20583,20583,20572,15484
28,2,11288,19783,15071,15397,19783
29,8,2207,26903,25001,27483,24181
30,22,7797,25741,14985,21762,23968
31,1,4349,20338,20092,20338,26289
32,156,168,27553,26881,25900,27478
33,18,8007,23418,15337,17521,23542
34,476,10188,16228,16513,26143,21938
35,0,6839,24493,24493,24901,24163
36,0,9304,21322,21322,21321,17491
37,13,6573,26203,27592,24818,25267
38,2,5143,21551,24081,23299,21551
39,0,6021,16008,16008,15472,18386
40,3,11089,19043,24638,26701,26363
41,0,10992,18395,18395,23461,18387
42,6,7739,22101,18343,15681,15276
43,0,11443,19120,19120,24255,20983
44,2,4268,23864,24661,23266,23864
45,0,7158,20297,20297,20295,25629
46,10,751,18423,17556,23024,24742
47,105,7545,18607,23844,16038,16792
48,26,6882,18328,18338,26384,18279
49,0,1344,21640,21640,22913,21638
50,0,3335,15355,15355,19433,16815
51,1,1075,18416,19173,18416,16886
52,151,2734,25055,25237,25359,24698
53,28,9509,23784,27020,27040,26763
54,0,13909,22590,22590,25420,18514
55,3,13007,24222,16849,27698,25819
56,3,7983,21629,26852,17883,18684
57,0,12293,23168,23168,23170,22612
58,9,12762,16661,16310,18424,15190
59,0,6145,16187,16187,16143,20007
60,0,3708,14990,14990,14991,14999
61,0,12082,18641,18641,22750,23757
62,6,14071,16023,22672,16022,16488
63,271,8505,23111,19012,22389,26596
64,0,5584,25593,25593,22716,18527
65,7581,13061,18037,18887,16201,25880
66,0,5806,20886,20886,19250,18250
67,0,1060,16256,16256,23611,20060
68,15,13656,22978,23542,23541,25327
69,2,8493,27587,25662,26060,27587
70,2,12503,20228,19673,19503,20228
71,0,14162,23372,23372,19835,24004
72,1,10930,21258,21263,21258,20816
73,0,5244,18785,18785,18632,16843
74,15,50,15361,18311,15916,15179
75,0,5662,21723,21723,22449,27199
76,0,4991,23153,23153,22160,21096
77,135,10609,24192,25598,21779,17205
78,10,3395,21064,24576,24160,22665
79,4,10940,20501,20502,20506,20509
80,9,7667,25542,24827,25541,25539
81,2,7273,22306,22061,25230,22306
82,1,14181,21202,17554,21202,19908
83,0,2062,20150,20150,20584,19922
84,0,2407,15968,15968,15751,15025
85,2,7294,24273,26107,23640,24273
86,0,2803,15714,15714,15710,15709
87,216,2557,27651,23562,25566,19045
88,18,9929,17356,17637,18292,16782
89,8,1198,15572,19347,15230,22378
90,0,12417,18963,18963,16540,17418
91,8,3584,27006,24181,27595,26125
92,0,1110,27467,27467,18201,25497
93,0,5399,15084,15084,17235,21041
94,8,4260,26679,27478,25725,27451
95,0,10279,25129,25129,25723,26173
96,0,7614,27507,27507,26689,24185
97,0,14608,16627,16627,21557,24868
98,0,296,14989,14989,18900,15139
99,0,12689,26009,26009,25168,24957
100,1,13440,25138,25359,25138,25237
101,196,8875,23810,20362,24248,16556
102,1,6442,18743,21909,18743,17935
103,2,8844,17625,22410,22020,17625
104,0,4314,23271,23271,24289,26012
105,0,2172,21915,21915,23610,24316
106,6,2286,16580,16649,18367,19173
107,2,1401,24790,20939,23160,24790
108,0,1228,21046,21046,21047,20241
109,0,10947,20211,20211,18110,20977
110,1,3783,26832,26834,26832,24577
111,3,6285,15167,16919,22351,15159
112,0,803,15339,15339,15413,18482
113,0,13990,25864,25864,19929,22482
114,8,4489,21126,24606,21376,22420
115,15,3158,19369,22155,26229,24181
116,0,12111,15770,15770,15769,16759
117,0,3567,20936,20936,18077,21059
118,0,2703,17754,17754,18005,18109
119,188,13530,22529,18329,25421,18422
120,0,11129,17300,17300,15883,19774
121,2,6797,23801,23271,24118,23801
122,1690,4133,22621,24378,22013,23996
123,74,13535,25857,23037,22621,24658
124,305,13467,26840,15391,17683,19588
125,0,9246,23521,23521,15443,23068
126,52,13371,20581,15969,20223,20048
127,0,8208,18414,18414,17304,15224
128,0,13301,21713,21713,25008,24146
129,0,1151,21768,21768,15817,22003
130,5,4898,22050,25749,24900,21027
131,0,11400,21152,21152,15334,21176
132,1,7444,26613,26642,26613,26639
133,11,14445,18898,24996,25409,25391
134,0,5732,18702,18702,17264,21780
135,0,7851,24377,24377,23715,24580
136,0,11291,20520,20520,17225,20522
137,0,6481,17893,17893,24498,18498
138,1,11221,21069,21073,21069,21065
139,0,13621,20929,20929,19904,15213
140,0,5706,21871,21871,21876,25707
141,0,954,19265,19265,15633,19264
142,0,5245,23086,23086,23366,15794
143,0,11249,15769,15769,16964,15386
144,1,6753,25121,23234,25121,21804
145,0,7533,21734,21734,22978,23700
146,68,9497,18549,18241,21242,17868
147,0,7448,16560,16560,16362,16503
148,0,12813,20743,20743,20738,20739
149,2,13993,22176,18803,16457,22176
150,30,48,16811,24081,24468,23976
151,0,5017,21834,21834,19537,16600
152,0,13640,23057,23057,22327,15032
153,9,4184,16077,18414,18017,21204
154,9,3714,24740,24904,26659,18184
155,0,4993,21474,21474,20410,19424
156,4,12729,16373,16374,18604,19084
157,0,4213,20868,20868,24197,22717
158,150,7361,25520,23480,24286,25936
159,0,13357,16836,16836,16835,16684
160,46,6025,25583,25130,27550,24161
161,0,8067,18715,18715,18797,18794
162,0,4098,20141,20141,26011,21784
163,1,6886,23421,25442,23421,24511
164,0,10885,24738,24738,19754,21924
165,0,4790,15485,15485,17333,21602
166,0,4994,24478,24478,20145,18183
167,21,2917,24439,27685,22035,24441
168,3,11500,15785,16878,18419,15786
169,0,7574,26487,26487,23652,27557
170,576,8762,25617,24454,20165,15345
171,0,1998,16281,16281,24024,16338
172,112,8617,25098,17585,24183,25577
173,0,12359,18730,18730,25337,15581
174,19,11549,27769,23826,23835,23834
175,0,10002,25449,25449,15643,24389
176,1,13824,18322,18323,18322,18321
177,0,13169,25153,25153,27698,23255
178,0,11285,18036,18036,23001,23717
179,0,1250,24604,24604,27021,25082
180,0,5644,21042,21042,21200,20848
181,0,1645,27526,27526,27628,27043
182,16,11724,26339,26429,23091,24338
183,0,1387,22994,22994,27190,26868
184,0,8055,25620,25620,24929,15621
185,0,6116,20118,20118,22373,26749
186,0,7680,26646,26646,25429,25868
187,28,4564,15035,17542,26791,26231
188,1,8262,22021,24704,22021,21013
189,0,13538,24260,24260,24080,22989
190,0,7690,25700,25700,22773,26355
191,3,4939,18338,18351,19326,15287
192,0,14801,15093,15093,26741,16277
193,224,14571,15045,20986,15208,25510
194,9,8247,26945,24185,26268,24483
195,30,1794,21506,23474,15584,20884
196,0,11040,22869,22869,22944,22941
197,429,6351,26337,22818,15771,21942
198,20,7844,20091,22301,23019,18351
199,1,7102,21276,17857,21276,15309
200,0,10799,22810,22810,19246,24888
201,1,9499,17123,22267,17123,17009
202,1,2891,21168,18030,21168,21167
203,5,3398,18821,15368,15361,26171
204,0,2540,21607,21607,21963,15584
205,0,5476,17522,17522,16497,19900
206,1,4757,21666,20011,21666,22356
207,0,3575,22642,22642,22643,18677
208,0,11978,25772,25772,22887,18254
209,1,9261,16086,23382,16086,23108
210,0,6922,16872,16872,16881,20690
211,0,2704,26642,26642,26632,26639
212,981,486,17899,14973,15235,15130
213,14,1385,26983,27246,27320,27293
214,22,1518,20431,20227,26952,22331
215,0,203,22716,22716,25593,21728
216,0,231,15212,15212,24000,23998
217,0,10253,16336,16336,21668,16947
218,10,5565,23942,23943,23941,23949
219,29,6363,16168,26921,16291,18340
220,71,3987,23570,18723,17381,16436
221,0,1405,18737,18737,19718,16290
222,0,6420,17615,17615,15467,18292
223,348,11142,24615,20480,22342,25170
224,0,7344,24944,24944,22117,22550
225,7,4218,22049,26750,24961,25301
226,0,8771,21691,21691,19485,23210
227,3,8242,26045,26040,16730,26046
228,1,3088,24612,24605,24612,24608
229,0,9374,20879,20879,20878,21625
230,0,3414,19359,19359,22673,20369
231,0,5784,22743,22743,25025,25967
232,0,1980,17041,17041,23491,16393
233,0,9843,23359,23359,23637,23222
234,40,3605,18318,23504,25466,17399
235,0,13198,19526,19526,19488,21682
236,0,1519,22500,22500,24201,24403
237,1,9421,15270,15269,15270,20280
238,709,3470,18346,18390,21655,21918
239,0,9254,17203,17203,17862,17120
240,12,8662,16885,16503,18856,16791
241,0,12967,21002,21002,18095,22434
242,60,14486,26683,22352,22507,20453
243,1,788,26784,27213,26784,27551
244,8,4561,19387,19157,20603,19034
245,0,13115,21747,21747,20375,17678
246,0,9696,18659,18659,18660,17735
247,0,10006,18817,18817,18121,21671
248,21,14790,23038,15391,19588,24113
249,0,14715,25028,25028,24306,17325
250,0,40,27551,27551,26984,27503
251,0,4047,27253,27253,27225,26523
252,17,3468,27365,22226,25517,23669
253,35,8433,27566,27350,27686,27683
254,7,14095,16720,18590,16003,16004
255,0,11359,25437,25437,25222,23369
256,2,1076,27040,27483,26834,27040
257,44,10044,22706,23856,22627,24447
258,0,11379,20545,20545,21519,22877
259,0,13981,20191,20191,20187,15800
260,0,4912,15486,15486,17186,17187
261,7,9259,21899,21897,16896,15278
262,89,6775,16034,15230,19347,17951
263,134,73,23900,27225,27237,26381
264,0,9875,23769,23769,21934,22150
265,5,3343,17368,15990,22679,27116
266,1,2914,17533,18270,17533,16617
267,0,12364,22662,22662,22781,25714
268,0,5791,22109,22109,15681,18343
269,0,7883,25534,25534,27010,22698
270,1,9608,27280,27281,27280,24696
271,0,453,18558,18558,18562,18565
272,620,11414,18786,25610,21835,21724
273,0,8407,27451,27451,27051,26940
274,0,3382,16888,16888,26422,16975
275,0,9232,20966,20966,23003,23681
276,0,8674,18485,18485,24999,23957
277,2,4468,19203,22712,19241,19203
278,0,8998,15459,15459,18440,22688
279,1,12156,24600,23410,24600,26095
280,0,3009,25615,25615,26270,27253
281,1,3174,24173,26033,24173,23369
282,0,9552,20828,20828,20832,20833
283,2,9381,26312,23337,17651,26312
284,8,7841,22695,19603,19719,19229
285,4,9291,20911,20947,20534,22221
286,0,6163,25034,25034,22687,27315
287,0,10327,20369,20369,24128,19359
288,2,9948,20541,17090,17683,20541
289,0,9685,24943,24943,21727,26273
290,5,3224,18243,24700,19849,21261
291,12,13666,27001,24544,17715,26251
292,9,14469,24183,18034,25299,15337
293,2,12957,19130,15073,19451,19130
294,0,4924,25744,25744,16478,20512
295,0,5524,27185,27185,26437,26721
296,31,2006,27218,22469,25085,25088
297,0,12974,23227,23227,18690,24131
298,0,10534,20424,20424,24460,20423
299,0,5166,20112,20112,23335,16912
300,0,8718,15489,15489,16320,22133
301,0,3627,20880,20880,25638,23669
302,254,621,21585,26664,27194,25927
303,0,9595,20472,20472,22988,21064
304,2,3827,21526,15109,17651,21526
305,0,9711,24837,24837,25954,25701
306,0,1499,15458,15458,21039,21062
307,14,12241,20649,20652,19346,19348
308,70,2081,20081,15483,27277,26347
309,0,2175,20221,20221,19245,20907
310,6,11707,26381,27235,27237,27239
311,2,2677,26688,27370,25001,26688
312,2,2815,24148,24335,23903,24148
313,0,6667,15722,15722,26354,21764
314,0,10800,16245,16245,15690,15691
315,0,2781,15473,15473,15468,16241
316,3,6830,22368,22882,23353,18305
317,163,12819,26519,26798,24938,26427
318,0,7375,16732,16732,16979,18801
319,220,8623,26849,27686,26508,27350
320,0,3766,17817,17817,17816,19501
321,0,3267,18092,18092,16271,21580
322,34,8533,16996,22267,19179,20312
323,0,3664,24200,24200,25378,23801
324,3,8299,22599,25785,23956,25230
325,43,1229,23330,25554,26945,24185
326,1,14590,21402,21687,21402,21405
327,11,13628,21418,20095,25493,18858
328,0,2683,20917,20917,22811,19114
329,0,7316,23658,23658,15111,15110
330,37,4228,27434,25094,27483,18201
331,2,12862,24080,22989,24260,24080
332,2,9193,22574,23424,25669,22574
333,2,12523,17089,19913,17678,17089
334,0,8158,22528,22528,27035,18721
335,144,7301,18580,18405,20046,20344
336,12,5630,23894,22794,25678,19144
337,0,5574,22150,22150,21934,25915
338,12,372,17101,15413,15146,15046
339,0,12271,21072,21072,21070,14957
340,3,3340,22897,19848,22043,17656
341,81,1952,27781,24454,20165,15345
342,8,78,25232,21434,22696,25325
343,37,8549,26363,25250,27256,27258
344,21,1869,16252,15056,21987,16591
345,1,12765,26297,21633,26297,22403
346,2,9501,15642,17638,16633,15642
347,2,8989,25766,25272,22620,25766
348,0,3400,17743,17743,15545,20284
349,0,5080,21366,21366,21364,23450
350,36,6525,22187,19817,24620,23679
351,0,608,17992,17992,21021,17892
352,13,12244,26302,25359,25237,16730
353,0,12825,19461,19461,20630,18661
354,5,876,20876,21113,15949,23011
355,4,12698,19335,21309,17713,15801
356,1,1106,24019,27404,24019,27151
357,31,4869,19356,25623,20027,22352
358,7,7360,18126,21660,20708,15802
359,20,518,17897,16497,17522,19900
360,0,10790,17874,17874,21396,17312
361,0,10785,16676,16676,23042,16677
362,0,10636,25450,25450,24040,22928
363,0,1692,24104,24104,24630,25899
364,0,7947,19431,19431,24726,25243
365,0,3883,18370,18370,20626,23445
366,0,5204,16508,16508,17353,15499
367,0,4672,19238,19238,22646,25718
368,0,13030,23555,23555,19625,22772
369,0,13090,16209,16209,15509,18324
370,18,11362,21869,24375,23759,21148
371,1,3636,18371,19493,18371,16731
372,2,237,24639,15309,20967,24639
373,1,10839,16230,25367,16230,24479
374,0,8965,16881,16881,19889,20186
375,9,10383,15684,15600,19782,17031
376,4,461,26607,16848,27557,23625
377,0,13112,19412,19412,17901,27133
378,0,3072,23955,23955,18110,22863
379,0,8378,22887,22887,20727,21561
380,2,8628,15450,15452,17569,15450
381,0,14247,17555,17555,21241,15604
382,0,6211,20556,20556,21101,21112
383,2,8043,26268,22549,21944,26268
384,1,577,26354,24810,26354,23883
385,2,4732,16329,21174,19637,16329
386,1,7051,16925,16649,16925,15808
387,0,13148,24458,24458,24459,23694
388,0,6867,20685,20685,15547,19845
389,0,2848,27643,27643,19983,19973
390,0,13845,23268,23268,24498,24374
391,39,2761,26723,15793,21904,24101
392,0,11808,17651,17651,16008,20891
393,28,9151,27308,26416,26339,25752
394,0,4926,19759,19759,15073,18995
395,0,2986,22367,22367,24305,25198
396,0,8401,25163,25163,24731,17407
397,0,7895,21379,21379,21614,18853
398,3,12063,19373,19383,19407,19374
399,0,9521,18529,18529,19449,19032
400,1,9584,24508,20560,24508,22356
401,1898,8503,22567,21379,21007,25045
402,112,11206,21554,25354,15109,20440
403,0,5193,15941,15941,15129,18893
404,0,6754,17852,17852,21668,25585
405,0,3758,18299,18299,19406,14981
406,5,9904,20666,19793,17730,19519
407,0,6195,24268,24268,27681,25172
408,963,3784,23027,15195,20284,21674
409,1,5571,15583,15120,15583,15265
410,0,12471,20744,20744,27015,21362
411,0,9275,22185,22185,22184,20922
412,4,5224,25016,18721,26454,24787
413,0,9606,20187,20187,15800,19104
414,9,4308,25325,24662,22146,24212
415,0,14525,15892,15892,25161,18534
416,0,5322,20092,20092,16122,21030
417,15,2874,17568,19772,18286,21315
418,1,9165,21025,21092,21025,18749
419,23,7543,19959,23844,18904,18883
420,1,10652,24876,23915,24876,21020
421,3,3751,16551,18887,25880,17452
422,20,8987,25502,25900,22660,23958
423,0,9194,17579,17579,17054,15567
424,1,11740,20700,20694,20700,20692
425,3,4367,23854,25258,21954,27509
426,0,7665,17974,17974,21577,22657
427,1,784,16809,16210,16809,17697
428,302,11832,26571,25996,25674,25578
429,1,6513,20858,20850,20858,21200
430,4,1072,16510,15406,15411,15103
431,2,1974,23538,17619,23734,23538
432,0,10981,20265,20265,19016,17939
433,81,14234,16567,15274,18514,24222
434,0,8681,19907,19907,24778,15461
435,0,1136,23136,23136,19737,22119
436,0,10776,16235,16235,16160,17948
437,0,5429,15214,15214,27631,17377
438,0,12081,17044,17044,17045,15904
439,1,4248,19229,17576,19229,19719
440,0,5828,27404,27404,27151,24019
441,0,1546,16691,16691,15230,19347
442,0,7536,18194,18194,17890,18820
443,0,10634,27785,27785,27738,16639
444,2,10731,17434,20792,16924,17434
445,0,2865,19757,19757,22267,20445
446,0,1010,21096,21096,18091,26220
447,806,12224,26854,26853,26264,23154
448,21,14197,17148,16223,23245,26791
449,6,3321,20010,25214,20009,24747
450,1,7129,20870,20869,20870,20871
451,1,4293,20708,21660,20708,15482
452,0,10415,18271,18271,16002,16014
453,5,8350,20595,15086,19637,21172
454,69,10560,27146,27726,16267,15275
455,1,6052,16129,20960,16129,18729
456,437,8862,20163,21989,16254,25203
457,19,1547,25882,27271,27736,27426
458,132,11251,25249,22959,25758,25441
459,1,4834,15163,18351,15163,15847
460,513,9487,17456,18661,17709,18040
461,4,2458,17699,15995,15613,16003
462,647,1687,27603,27535,24363,23229
463,9,8323,26484,26647,24724,25278
464,31,7568,17050,15468,18388,15473
465,19,8154,20453,19992,17382,27152
466,6,8974,16942,22788,18115,23335
467,0,1031,21538,21538,20070,20221
468,2,5491,24082,20203,16875,24082
469,1,9092,15169,18422,15169,18329
470,2,9206,26475,18882,19173,26475
471,23,7646,23730,23370,24760,23536
472,101,11629,17175,23388,21003,20557
473,0,3309,26411,26411,24908,23152
474,34,1694,27611,27250,23229,27335
475,2,5291,15350,15996,20462,15350
476,1,2424,24461,22002,24461,26969
477,0,8237,21576,21576,20524,26295
478,0,7330,22939,22939,21061,15976
479,0,7181,16782,16782,15108,17095
480,0,7696,26419,26419,27249,26057
481,0,3734,25822,25822,27605,26173
482,23,2963,24092,25161,26587,26238
483,0,8959,18959,18959,17251,23873
484,1,8163,24347,16398,24347,24351
485,0,849,21138,21138,15681,24133
486,109,10461,24677,24796,26338,21860
487,0,5742,16080,16080,16152,16082
488,0,1677,21345,21345,21388,18869
489,0,8858,22874,22874,27041,23715
490,0,11748,20012,20012,18079,21623
491,5,2560,20509,20501,19479,20504
492,1,7058,22123,26830,22123,19920
493,1,11545,17157,26477,17157,16500
494,0,11517,27099,27099,27331,21458
495,0,13706,18025,18025,18020,15733
496,0,3539,23201,23201,23200,23341
497,383,14803,27152,18005,17130,25495
498,964,2171,25901,27376,25470,27496
499,5,2000,15332,20139,22550,16394
500,0,6818,27687,27687,27166,27481
501,3,13831,19087,15155,21644,25616
502,0,11531,26253,26253,23846,26820
503,0,8891,24752,24752,25294,26987
504,0,10219,20956,20956,15135,21872
505,0,820,27454,27454,25900,26881
506,0,8368,19956,19956,20562,21882
507,14,4969,22491,23856,24824,22986
508,0,10932,18873,18873,18874,26457
509,9,4505,22824,21974,25247,25069
510,0,2598,19601,19601,22306,25396
511,1179,13941,16456,24868,24157,17653
512,0,98,22194,22194,16997,20608
513,2,7599,27346,25725,26903,27346
514,13,333,15480,15371,15703,15479
515,1,7467,20063,20072,20063,21186
516,1,4171,16946,26479,16946,18230
517,0,10277,20059,20059,23629,24397
518,0,2587,17436,17436,18482,23459
519,8,9391,20764,20313,18064,21284
520,0,12015,25271,25271,26084,25542
521,0,4620,23887,23887,24548,23980
522,0,2120,26879,26879,19665,25685
523,479,5798,25255,26660,25808,25439
524,34,13358,21987,22399,26113,18261
525,1,2533,23627,19435,23627,22267
526,0,7721,21684,21684,21403,21686
527,25,1306,26280,27106,24181,25960
528,1,3269,20978,21575,20978,19144
529,11,10325,25023,24347,24350,24351
530,0,2087,22901,22901,22902,22904
531,1,9526,21220,23492,21220,16392
532,0,4932,22774,22774,22721,19110
533,2,5091,26213,21521,26254,26213
534,6,14648,19979,20375,21747,19980
535,0,14119,17939,17939,20265,15217
536,0,9612,22461,22461,21883,22460
537,8,8864,21083,21614,22542,26272
538,0,14682,17999,17999,19158,18266
539,0,3284,25429,25429,21634,26482
540,0,14808,16399,16399,16099,16664
541,17,5312,16632,17637,16782,17356
542,11,7170,25405,24722,23368,22858
543,2,14147,26007,20122,20123,26007
544,0,8723,17559,17559,15219,16953
545,15,4452,16473,20608,20609,19684
546,0,1456,27749,27749,27745,26371
547,1,10637,15415,16628,15415,15439
548,3,11642,16886,16653,16880,15106
549,0,7206,26273,26273,26620,17157
550,108,13910,27143,21706,21732,23314
551,95,7674,20483,24815,22049,24816
552,798,10680,23275,18927,23697,23924
553,0,13035,15019,15019,15229,16633
554,0,3430,20410,20410,16386,23373
555,0,4086,15484,15484,19153,25629
556,0,2730,21120,21120,23612,16447
557,0,12719,17178,17178,18691,15780
558,0,3601,22859,22859,22442,24423
559,0,5523,18857,18857,21261,23406
560,0,11133,15190,15190,15016,16661
561,0,10155,17839,17839,22693,21751
562,194,7719,22973,26906,23023,23673
563,0,12589,21766,21766,19643,23424
564,20,11272,21496,17203,17862,16031
565,1,8302,23691,19603,23691,16944
566,0,9471,26179,26179,22050,21039
567,12,9688,20069,20062,19970,20071
568,180,8800,26985,26999,27702,25961
569,0,12526,21850,21850,23131,21583
570,0,9657,15016,15016,15237,18056
571,0,13295,19522,19522,17549,18399
572,1,2489,20321,23501,20321,15336
573,89,4306,21556,23534,22882,22972
574,1,13924,16611,16057,16611,16056
575,1,1928,22667,24378,22667,26037
576,0,5215,21043,21043,15755,17245
577,29,12784,15718,19748,16727,16319
578,0,5303,24942,24942,15727,22160
579,0,14083,18035,18035,16178,17132
580,1,1592,15052,15508,15052,15247
581,40,9162,16300,23031,23018,19399
582,0,7099,21182,21182,21188,21676
583,220,13836,15457,23119,24762,19994
584,1,6586,26494,26495,26494,26492
585,0,9480,16472,16472,21583,21849
586,1,9052,25966,26976,25966,24345
587,74,14046,17592,26693,20703,18053
588,28,7125,26550,25901,25262,27016
589,1,14177,15887,18662,15887,21785
590,5,3745,17234,25829,15091,18458
591,7,1885,19232,19476,19413,16799
592,1,2212,21892,24251,21892,22497
593,3,3298,18557,18562,18565,18566
594,1,3808,19068,25102,19068,16329
595,0,7210,23141,23141,23113,22097
596,0,13543,18172,18172,19774,21533
597,0,7757,26789,26789,26147,25154
598,0,9845,19047,19047,18537,20598
599,0,3565,22546,22546,24378,22974
600,0,3189,18878,18878,25865,27550
601,1,5752,16423,17005,16423,18348
602,3,8730,23384,22374,24820,23152
603,0,10791,24462,24462,22863,24380
604,2,7769,20381,21144,21152,20381
605,0,7371,20939,20939,16391,24663
606,0,7135,18755,18755,23654,18569
607,0,9873,25069,25069,18721,27435
608,2,10225,20987,15804,15802,20987
609,0,5197,16372,16372,18177,18821
610,0,12629,21746,21746,20323,17968
611,14,14001,27119,24544,26251,23866
612,35,2038,18233,27377,15531,19853
613,35,6716,26576,24514,25630,25309
614,49,11031,17429,24875,17708,17382
615,0,4284,18651,18651,16031,16033
616,0,11203,22634,22634,22718,24995
617,0,10174,21088,21088,20383,21172
618,0,11297,21565,21565,18306,24044
619,0,1332,26869,26869,20880,24058
620,35,1557,15879,16563,26452,15230
621,0,4040,22839,22839,23142,21483
622,0,2184,24532,24532,24484,24531
623,0,4850,18162,18162,21382,16070
624,0,4356,21061,21061,22939,15976
625,2191,10430,27003,19141,19137,25493
626,1,12830,27586,15298,27586,25979
627,1,3989,27139,23229,27139,27350
628,0,10979,22334,22334,22780,24630
629,0,10310,22944,22944,22869,22941
630,5,11557,20030,19835,19833,19834
631,0,5739,24521,24521,26734,23583
632,1,7493,23284,25037,23284,20560
633,1,5511,27118,27786,27118,27563
634,0,2597,26142,26142,21560,24714
635,0,5672,19038,19038,18724,23084
636,0,8292,22015,22015,23377,24191
637,0,3633,21091,21091,25725,25960
638,0,11448,16665,16665,23217,16688
639,0,4450,18854,18854,23365,23335
640,0,8707,15109,15109,18419,17527
641,0,4178,20874,20874,16499,16742
642,28,224,15513,27710,16986,19643
643,0,10374,24916,24916,24501,27554
644,0,11076,20831,20831,21247,17345
645,1,13352,18047,16349,18047,16119
646,3,9305,20619,20643,20631,20618
647,4,3533,21860,25237,25359,27259
648,6,1245,15573,16360,18893,15265
649,1,5187,27093,24386,27093,25680
650,1,6945,18868,26751,18868,24630
651,0,12894,18938,18938,16838,19148
652,3,5675,25025,24349,24347,24353
653,12,14152,20390,20341,18843,20389
654,0,687,17347,17347,21929,18773
655,8,10963,24539,25353,27403,26661
656,0,5754,16957,16957,18876,16043
657,0,7631,20624,20624,22454,16838
658,197,7723,21208,22766,15243,19912
659,5,11780,15228,20535,20817,20820
660,0,3969,22184,22184,22185,20922
661,0,5989,18555,18555,17894,18553
662,34,2657,27338,27300,27302,27304
663,0,12366,15803,15803,17700,16210
664,0,1766,15808,15808,16259,16159
665,0,10587,20950,20950,23729,22850
666,0,533,23559,23559,22997,22570
667,0,3002,19715,19715,23690,21633
668,296,4447,27567,27091,21549,20297
669,2,7842,16686,23092,19273,16686
670,7,11240,20671,20741,20684,19484
671,0,4277,17691,17691,17333,21131
672,0,1277,15202,15202,19088,19479
673,0,3961,21100,21100,19241,18344
674,19,12831,26426,26251,17715,17717
675,0,9274,17788,17788,18020,17244
676,0,12935,20104,20104,19083,23288
677,1,2026,20667,17631,20667,16872
678,0,6334,22032,22032,22209,21229
679,3,13676,27419,15194,24135,22734
680,3,9307,24018,27297,27296,27302
681,0,10298,22158,22158,18748,22454
682,6,1030,20906,16875,20138,21500
683,0,13739,18885,18885,19057,16921
684,0,8836,20582,20582,27508,24439
685,1,4195,21849,21963,21849,21604
686,24,4023,16693,16708,16694,16695
687,83,13586,20804,23314,27532,17534
688,0,13678,21680,21680,16749,19169
689,0,4146,22844,22844,22846,18818
690,1,10732,22342,18702,22342,18866
691,2,13672,21183,21188,19969,21183
692,1,11260,19906,19835,19906,19834
693,0,1703,19089,19089,22750,23657
694,0,6557,18505,18505,24861,21039
695,0,3690,25721,25721,22562,15453
696,0,4345,15189,15189,25239,22534
697,4,8794,16141,22798,19694,19808
698,0,1717,17125,17125,16252,16065
699,0,7231,22188,22188,24215,16286
700,0,1166,15703,15703,15701,15705
701,13,2956,15688,15138,21287,15093
702,1,7090,16870,21718,16870,23068
703,137,150,27655,25517,23669,27309
704,1,6468,27648,27622,27648,25517
705,0,6896,22347,22347,26763,26834
706,0,6469,16975,16975,19043,24715
707,11,4466,20019,24747,20009,25214
708,0,3390,22825,22825,24403,24798
709,0,14708,20067,20067,27502,23615
710,0,4511,17138,17138,17139,17141
711,0,6696,20585,20585,16838,21751
712,0,7850,18390,18390,17796,25516
713,1,9625,22311,24343,22311,23224
714,0,8137,26308,26308,26129,24539
715,0,14165,24171,24171,22796,25999
716,5,10317,17230,18100,18099,18101
717,3,12430,16823,16826,15348,17694
718,0,9454,23511,23511,25538,25535
719,1,619,23642,23248,23642,26564
720,0,3573,15733,15733,27102,18020
721,7,1606,20445,21812,19684,23686
722,0,1032,22171,22171,18344,21222
723,1,4102,25874,24904,25874,21483
724,65,11368,15759,25033,17485,15030
725,0,10734,20991,20991,16293,16654
726,0,4309,24881,24881,23780,25589
727,0,7219,20446,20446,20447,18974
728,19,13744,17688,17445,23899,27211
729,96,6712,16878,17003,25719,24283
730,35,1805,22016,18442,16653,16880
731,0,3411,19264,19264,20802,15485
732,1,616,16043,22911,16043,18876
733,16,6812,22212,24197,22714,22717
734,1,2692,18598,18602,18598,27380
735,0,7792,22699,22699,27631,22287
736,1,8564,21237,24570,21237,22688
737,0,10941,23754,23754,24916,24315
738,7,8161,17246,21294,16416,17595
739,0,6560,22646,22646,18161,26347
740,4,13753,26747,21211,24397,23633
741,0,2686,21562,21562,16682,17863
742,8,13682,23166,22504,19564,19281
743,0,11695,22195,22195,18236,21623
744,0,5564,15984,15984,16432,15989
745,10,9197,19992,20009,20001,19993
746,7,5527,17280,21185,19969,16882
747,0,6156,25597,25597,21067,21000
748,0,4359,27697,27697,25690,24945
749,2,14103,24848,16215,16298,24848
750,2,1915,16911,21309,17713,16911
751,0,8920,27494,27494,24095,27673
752,0,5528,22340,22340,24383,22463
753,0,5136,21059,21059,23126,24215
754,0,2708,22805,22805,22766,16912
755,6,5651,24659,15922,18727,15794
756,0,3869,18718,18718,21720,22094
757,55,12294,26033,23640,24594,23914
758,39,4357,27175,18337,18351,18423
759,2,14014,19977,19971,19970,19977
760,197,5868,22612,15115,16233,17398
761,0,7562,19705,19705,18734,21784
762,111,8753,27100,23229,26999,26110
763,48,5455,22030,25396,26295,20556
764,0,1913,19763,19763,18087,25244
765,0,3492,19987,19987,24609,18815
766,0,3715,24101,24101,24441,26489
767,211,8290,26393,21989,24740,26871
768,1,6763,19719,19054,19719,22515
769,3,12485,25105,24996,25409,25416
770,0,5515,20884,20884,25354,19453
771,0,5173,27508,27508,26550,19974
772,11,3121,18317,23853,23904,23299
773,365,5318,18102,26344,25809,21932
774,4,3252,21019,15969,17686,20281
775,7,10159,24099,24775,24773,24772
776,13,1847,17350,15891,20361,15120
777,0,345,26681,26681,24861,21033
778,185,8950,18407,20175,16532,17124
779,0,6490,16557,16557,16512,18362
780,0,7116,20254,20254,21784,24895
781,0,956,20479,20479,22296,19368
782,3,8176,15923,16665,19390,16519
783,19,8829,25905,27031,26736,27219
784,0,4457,25955,25955,25788,21439
785,0,10458,15406,15406,15103,16266
786,12,124,25997,26277,26100,23981
787,0,456,18105,18105,18919,17238
788,0,11831,18791,18791,21249,20189
789,0,2983,16596,16596,15333,18823
790,0,8626,18987,18987,22158,18748
791,1,12100,20261,25206,20261,22487
792,203,14890,17695,22188,16124,24667
793,26,7748,18908,19718,16388,19769
794,795,2382,27533,25723,27548,26173
795,8,11082,25719,17933,18858,19837
796,3,14102,16694,20852,16053,15649
797,84,13999,23771,21242,18662,18661
798,2785,13531,19185,18328,20730,17474
799,0,450,26543,26543,27196,22896
800,0,12313,26512,26512,26908,27084
801,0,13603,23660,23660,18643,22744
802,8,9004,25810,24185,27557,26945
803,0,6727,21482,21482,23193,25121
804,0,3366,26109,26109,26287,25652
805,185,7717,20719,18737,17935,25561
806,0,4985,22501,22501,15820,24202
807,3,388,16601,20532,23162,16386
808,0,9430,18563,18563,18566,18562
809,0,10816,26876,26876,17947,23304
810,0,11511,15569,15569,16110,15570
811,0,9840,26313,26313,25012,26060
812,26,5840,26772,26136,26576,25326
813,0,8600,19952,19952,22637,20137
814,0,13973,26972,26972,27521,27578
815,84,13290,18935,19436,27187,27453
816,2,2838,16319,19748,16727,16319
817,0,2488,26126,26126,18189,21451
818,72,14819,22886,15258,16739,16179
819,3,9126,25579,25441,22959,25143
820,0,2110,18631,18631,20130,19546
821,18,13614,22020,26955,19274,20528
822,0,4848,16063,16063,19004,15545
823,0,8917,25773,25773,25597,23341
824,0,11882,25663,25663,22002,25372
825,0,1503,23378,23378,17333,21602
826,0,2061,26073,26073,25987,16454
827,2,3942,14971,15030,19004,14971
828,0,9437,19868,19868,26337,19338
829,3,8475,17344,20831,21247,18454
830,8,1631,20188,20181,15800,19104
831,0,1624,17481,17481,17480,19818
832,0,11925,25045,25045,25044,24145
833,374,7027,16376,16191,26687,23306
834,7,2962,26971,26929,26516,26736
835,69,13456,25131,18816,17039,23394
836,0,13280,25162,25162,26610,27218
837,0,12548,21281,21281,17599,17282
838,1,4986,23224,18976,23224,24343
839,70,9603,18455,23194,19692,23463
840,0,14443,21632,21632,16270,15577
841,13,4999,17798,27136,24864,17842
842,111,5929,24734,24215,22546,22974
843,3,791,16927,20227,19698,19686
844,0,11019,22651,22651,21593,22619
845,0,8168,24911,24911,27425,20147
846,0,14210,17154,17154,18802,17746
847,6,8343,20180,20281,20456,15748
848,316,13250,17907,17131,17908,17571
849,0,2737,26468,26468,26947,26990
850,0,1464,15545,15545,19004,18049
851,15,13438,15389,19085,15390,23810
852,6,12620,20174,18291,19772,21310
853,62,12463,23179,15148,23255,16849
854,137,14707,16933,16569,16800,19999
855,0,2947,21484,21484,21092,16393
856,0,2153,19384,19384,19413,19443
857,1,5714,22135,22136,22135,16488
858,0,11,25072,25072,23467,15886
859,0,7290,16513,16513,15789,23860
860,208,8772,24963,26200,26198,26201
861,0,1327,17187,17187,16172,26608
862,1,4350,17087,22048,17087,20328
863,0,11402,16026,16026,20714,20741
864,0,11209,24754,24754,22073,26257
865,8,14246,26384,22530,15918,18193
866,0,9308,18179,18179,21359,21614
867,0,9148,24359,24359,22885,23853
868,47,2443,18809,20009,24331,25214
869,0,213,19950,19950,20938,23136
870,0,11722,21916,21916,25379,19843
871,2,7202,27213,27009,27139,27213
872,1,6149,20495,20450,20495,16231
873,3,4015,24236,20484,17681,15521
874,0,1720,25906,25906,26094,27127
875,0,1169,15206,15206,15224,15751
876,13,14597,15275,21504,21557,16638
877,0,6720,25036,25036,26715,24043
878,0,7742,26332,26332,25630,26311
879,6,2093,27618,25662,27518,27350
880,384,10482,15579,15397,15763,15071
881,194,7789,23931,20960,24888,23325
882,8,14230,17534,25949,15937,23717
883,0,3623,20090,20090,16537,17547
884,2,7346,16033,17862,19273,16033
885,242,117,18268,18314,27003,27772
886,27,8502,16586,16225,15040,18009
887,0,12455,21759,21759,15949,19334
888,1143,12727,27105,25827,25853,23425
889,92,13500,17127,16186,20104,27706
890,1,7826,17600,16705,17600,16698
891,0,614,25592,25592,27647,27588
892,0,9841,18921,18921,20579,18744
893,0,7776,18994,18994,19229,19719
894,2,4499,16241,17522,16497,16241
895,0,7807,17783,17783,16008,16235
896,2079,4535,16982,15045,17723,15325
897,0,12767,23547,23547,26297,19715
898,1,13881,22772,18335,22772,23767
899,1,9332,15676,15493,15676,16298
900,3,2309,17637,15147,18292,17356
901,0,8495,17373,17373,18696,17054
902,0,9427,16612,16612,16056,20022
903,458,4296,24479,17178,26761,16471
904,1,7621,27259,24717,27259,25359
905,4,5076,24824,23158,22763,23366
906,0,10192,19744,19744,23425,16403
907,0,7043,16073,16073,26810,19101
908,5,12776,20842,19495,20616,16078
909,4,6425,19754,25914,19662,27029
910,0,13335,24863,24863,20485,17786
911,1,13963,20165,24219,20165,15343
912,1,4012,24854,26061,24854,21781
913,4,10802,17656,25389,25750,24704
914,0,11546,17065,17065,21676,20615
915,0,11698,22283,22283,19403,17215
916,3,6650,24984,24476,23079,22897
917,0,11196,21532,21532,19963,22071
918,0,2754,19903,19903,15387,24385
919,2,8850,25262,19736,23864,25262
920,4,3459,18116,15483,25782,26348
921,0,11923,25499,25499,15141,24321
922,0,13563,18957,18957,15415,27169
923,0,12304,15656,15656,15657,18595
924,872,11384,22230,22761,17088,24330
925,6,9667,15442,16275,16273,16416
926,0,2870,18082,18082,17668,18128
927,0,6699,20539,20539,20962,22692
928,1162,3096,24240,24598,19716,19686
929,22,4000,26851,24140,15669,24693
930,49,14457,26709,27290,25829,27289
931,160,2678,24361,27620,26826,27587
932,0,2339,18945,18945,20204,16732
933,0,5657,22277,22277,17009,17008
934,1,12039,22093,16107,22093,24475
935,1,13663,20795,20833,20795,20832
936,0,11993,26591,26591,26399,25065
937,5,7123,22757,21184,17562,27144
938,1,12137,18267,16111,18267,17535
939,0,6773,22966,22966,26295,17333
940,27,5895,22600,26597,22083,16281
941,90,2327,27667,27326,27205,27443
942,0,6261,26488,26488,24388,23198
943,0,200,24109,24109,19422,23177
944,0,761,15249,15249,15146,16719
945,56,12083,25374,21879,26517,26256
946,0,3349,19177,19177,19684,16282
947,3,3429,26958,25764,26800,27542
948,10,9313,25531,22754,18200,19227
949,3,12567,18065,22624,20752,19337
950,1,4210,25661,23229,25661,27573
951,0,5357,20295,20295,17586,20297
952,8,10321,23865,25945,26731,25592
953,54,11231,21901,18887,15256,22765
954,0,7836,18711,18711,19973,19643
955,1,12791,20854,20843,20854,20845
956,702,7073,23009,19378,24588,25954
957,318,4793,17255,27715,23070,19892
958,0,12528,16670,16670,23899,18435
959,0,1950,17751,17751,27316,22124
960,5,12395,18663,20813,20811,20809
961,1,6304,19713,20057,19713,18736
962,0,2804,17191,17191,21623,17194
963,75,11505,24842,20462,15350,15996
964,1,1351,21833,19737,21833,26276
965,0,12382,19888,19888,22199,24732
966,0,9368,20098,20098,21038,16008
967,0,6828,21661,21661,15996,18915
968,0,3452,24262,24262,20343,25241
969,2,8129,20793,20795,15868,20793
970,11,142,20327,20342,20341,20388
971,1,1084,16741,22909,16741,24018
972,9,960,16257,15401,16775,15980
973,0,5647,15640,15640,18344,23160
974,1,2809,27496,26707,27496,27686
975,0,3604,22472,22472,25024,17157
976,0,1743,25039,25039,25718,26935
977,0,6574,18997,18997,15786,18998
978,0,451,17155,17155,16445,18069
979,305,655,19064,27781,23223,15814
980,8,133,18201,26777,25134,27215
981,0,4688,24577,24577,27467,22896
982,0,10194,24905,24905,21610,16081
983,7,12997,18621,17678,19440,18900
984,12,13382,22370,17391,25171,24323
985,0,2576,21799,21799,21028,20076
986,89,9397,18204,16867,23973,27532
987,18,13660,21150,19637,20381,20388
988,318,13695,22178,26269,15933,25755
989,0,996,17412,17412,17143,17411
990,0,5199,23117,23117,19264,23116
991,3,13877,23154,26811,25996,26744
992,256,13566,18539,17624,17625,27700
993,1,5588,26547,25798,26547,22433
994,0,11838,22359,22359,23616,23282
995,2,6691,20976,26754,23758,20976
996,1230,14563,22381,27292,19065,20125
997,34,8855,27625,19835,27438,15232
998,6,6544,18872,15783,26456,23752
999,0,13961,17281,17281,22080,17604
1000,1,9723,16419,20807,16419,20861
1001,0,11650,24451,24451,24452,25199
1002,231,7292,18582,21655,21918,22411
1003,2,11138,17713,16965,19768,17713
1004,14,1828,22146,18812,22839,24662
1005,0,3167,26429,26429,23091,22438
1006,7,8203,27235,27236,27240,27155
1007,0,4378,25748,25748,19463,18582
1008,10,2822,25980,25294,26967,26845
1009,2,8057,15148,15152,17513,15148
1010,149,14885,15194,27173,15892,23350
1011,3,7855,24350,24346,24347,24351
1012,2,4590,23033,24378,23996,23033
1013,0,6053,20238,20238,19216,18799
1014,5,1971,22354,18388,17828,16144
1015,1,13086,15195,16483,15195,16253
1016,30,10978,21153,21176,21173,18924
1017,30,3396,18773,18051,21059,21131
1018,1042,6674,22343,25615,26270,21554
1019,3,4976,19578,19581,16300,26751
1020,2,7881,22113,19576,22111,22113
1021,3,12714,23933,20060,27147,23611
1022,13,2037,26898,27483,27131,27421
1023,0,7422,18188,18188,23492,19950
1024,33,2667,17474,18037,19308,15685
1025,0,8441,24366,24366,20131,23121
1026,0,11516,16379,16379,21285,19035
1027,20,1539,18314,27740,27743,27776
1028,0,8230,18168,18168,19279,22012
1029,6,715,21964,24693,15419,18455
1030,0,3351,25529,25529,27569,25767
1031,0,11353,19391,19391,19390,19159
1032,0,3739,19589,19589,16136,26479
1033,0,6453,24627,24627,20256,15524
1034,0,14711,16137,16137,18426,17358
1035,13,1790,19590,21661,15996,21660
1036,0,10695,16921,16921,19687,18351
1037,0,5640,23340,23340,22182,27495
1038,0,5559,20093,20093,15795,20563
1039,1,3112,17270,16521,17270,19643
1040,7,5906,16492,17025,20608,21997
1041,0,5622,16143,16143,16187,14961
1042,28,2072,18769,26542,24629,23784
1043,0,7021,19624,19624,19623,21146
1044,20,10411,27472,27094,25961,26333
1045,0,9214,19732,19732,20230,15695
1046,704,11590,27138,25557,25646,26015
1047,2,5113,27029,25914,19733,27029
1048,0,7236,23333,23333,25364,23989
1049,0,6416,26117,26117,20606,17191
1050,0,10103,21867,21867,23612,18751
1051,0,13699,16375,16375,24589,20257
1052,0,10526,21032,21032,19718,21916
1053,0,6678,26229,26229,25981,22418
1054,9,597,25315,24594,25412,26132
1055,26,12955,16829,15490,15490,22131
1056,26,1633,27429,25365,20159,23661
1057,0,13224,20239,20239,20804,23288
1058,73,12865,21066,18733,25457,20822
1059,66,5653,24259,25708,24029,22230
1060,0,7896,22018,22018,21997,24640
1061,0,5693,20825,20825,15242,20154
1062,0,6441,19576,19576,18921,22491
1063,0,11560,19020,19020,19022,19024
1064,22,1836,16368,19004,18037,25033
1065,0,4587,15315,15315,18284,18243
1066,0,7885,17851,17851,20783,15936
1067,1,7566,15292,15783,15292,17541
1068,7,10476,23803,23023,25771,26967
1069,4,12196,22877,24069,15213,23324
1070,0,3646,25974,25974,23120,27139
1071,63,12950,19113,27171,16769,23057
1072,1,7829,18384,24849,18384,16731
1073,0,14723,16521,16521,25548,24794
1074,14,9829,16704,16056,16057,16053
1075,343,7612,26936,23655,27518,25662
1076,3,12140,17650,20692,20694,20700
1077,8,8605,21077,20577,24689,24264
1078,17,10960,18409,25688,26414,25467
1079,0,5355,26568,26568,27483,27645
1080,5,4389,23758,18893,18305,24375
1081,0,14346,21193,21193,21189,15048
1082,0,8159,22044,22044,22513,24688
1083,59,10951,26706,26438,24008,26019
1084,1,2760,27302,27297,27302,27299
1085,0,14423,18362,18362,16557,16512
1086,4,13186,17668,15801,27143,18204
1087,327,11428,19671,18803,16457,18804
1088,288,13273,24469,17681,17734,17557
1089,814,7605,16526,25124,16123,17360
1090,0,12626,21962,21962,20524,17974
1091,5,14116,20398,19170,22965,21794
1092,0,8735,20518,20518,18876,15871
1093,9,4937,17371,15996,15350,20464
1094,17,13810,17465,15500,19084,15887
1095,10,1780,23908,19435,22926,16282
1096,47,6614,22180,23162,20532,23037
1097,0,10761,27693,27693,27328,27217
1098,0,1800,22494,22494,23722,22437
1099,0,610,20103,20103,21128,18756
1100,0,1403,19550,19550,15794,22854
1101,0,9166,27353,27353,27026,27002
1102,1,1108,27304,27300,27304,27298
1103,0,7587,23065,23065,19576,22364
1104,19,2966,24142,18314,27741,24694
1105,7,4399,26276,18717,27065,16391
1106,2,7358,22584,23548,24170,22584
1107,0,2777,25789,25789,27181,25517
1108,102,13797,22883,17115,23029,26801
1109,0,12176,20664,20664,17631,20667
1110,0,1260,17443,17443,21482,20172
1111,0,12190,24256,24256,24600,23410
1112,24,11261,18823,19322,16596,21164
1113,5,3639,16060,16770,18017,20695
1114,10,12856,19662,20198,18745,22342
1115,0,9978,23911,23911,23909,24446
1116,0,10239,23029,23029,22364,18707
1117,3,9159,26639,26638,26642,26622
1118,0,9555,17753,17753,18797,17443
1119,141,10919,24715,15109,16884,25660
1120,1,7222,21033,24048,21033,18993
1121,17,9175,27554,27640,27084,27606
1122,0,7190,24799,24799,26811,26417
1123,0,9030,17408,17408,18584,16573
1124,400,1721,26889,21856,27306,26749
1125,0,1413,15884,15884,17104,17303
1126,1,10067,16390,22260,16390,22261
1127,20,1604,27645,27598,23229,24759
1128,1,7766,18703,19602,18703,19699
1129,1,817,21443,18183,21443,15727
1130,0,13604,18205,18205,16013,16019
1131,0,12539,19680,19680,19681,19221
1132,0,5321,18156,18156,18155,17786
1133,0,10971,25205,25205,18511,24067
1134,0,9605,15775,15775,21595,16893
1135,1,7322,25566,23562,25566,23393
1136,0,10615,20102,20102,21038,16332
1137,0,8000,18332,18332,15260,18333
1138,0,3221,25070,25070,26560,26482
1139,142,13100,17382,23862,23593,23497
1140,1,1188,21227,20941,21227,17442
1141,0,11086,16584,16584,20175,24107
1142,0,10233,26374,26374,25932,26365
1143,0,10319,20727,20727,22994,25224
1144,3,7669,16572,17124,24232,20726
1145,3,8846,24770,24773,24769,24775
1146,0,11273,22143,22143,17655,26637
1147,1,13575,23552,19421,23552,24802
1148,0,12448,20600,20600,18591,19277
1149,0,11256,16030,16030,20004,20025
1150,3,9395,20002,24747,20009,24331
1151,0,3476,18491,18491,17463,17482
1152,0,8415,25780,25780,25440,27058
1153,0,13473,25044,25044,24273,24145
1154,0,8569,18699,18699,16979,22464
1155,2,8993,24122,21895,18477,24122
1156,0,1157,26525,26525,25429,26482
1157,8,14255,19723,19727,20388,18660
1158,4,1659,22239,22506,16169,16123
1159,125,5554,16897,16009,22796,16911
1160,0,6831,19394,19394,27637,21849
1161,0,2088,22904,22904,22901,22902
1162,0,3348,23185,23185,23628,26538
1163,0,4954,15076,15076,20976,15265
1164,0,4164,17883,17883,22974,24215
1165,72,11787,25403,24796,21860,26338
1166,0,4225,19263,19263,18727,18061
1167,0,12052,17224,17224,19428,15314
1168,7,11938,18971,21343,23160,22848
1169,1,12010,25342,25341,25342,25167
1170,0,4065,26716,26716,26818,24338
1171,274,7332,17322,21914,22559,19097
1172,0,2229,18287,18287,16785,22882
1173,0,2772,21483,21483,24577,25920
1174,1,10735,25800,21339,25800,25911
1175,0,14620,17988,17988,17696,17168
1176,0,5722,27278,27278,22351,21540
1177,0,2726,23491,23491,17041,19242
1178,0,13780,19296,19296,15530,20631
1179,0,9160,18263,18263,22574,19643
1180,1385,743,16637,22916,26687,25124
1181,0,786,25193,25193,20926,22478
1182,11,3006,24004,24995,22634,22718
1183,0,12614,20651,20651,21403,21683
1184,0,1610,16592,16592,19182,15127
1185,0,9186,20161,20161,19897,26180
1186,0,2321,15916,15916,23594,16962
1187,908,7523,26148,20293,15325,23562
1188,0,12318,15469,15469,20651,19345
1189,2,2138,19846,15902,15903,19846
1190,0,7215,22556,22556,16843,18879
1191,0,14635,17331,17331,16412,17269
1192,3,8923,24587,26063,26064,25235
1193,7,6454,16321,16830,17258,16722
1194,0,10578,21844,21844,23890,15492
1195,0,8027,21433,21433,20410,23965
1196,259,14302,25159,18629,16412,18330
1197,42,6401,22982,24498,23759,24375
1198,1,11778,22722,23154,22722,26967
1199,522,14099,17832,20091,19326,27340
1200,0,3386,18955,18955,24170,23548
1201,0,1081,23012,23012,24743,16971
1202,0,5496,15334,15334,19292,17547
1203,0,7235,25165,25165,23260,17764
1204,29,14539,27187,26674,20282,27732
1205,1,11905,24652,26025,24652,22931
1206,0,859,15903,15903,15902,19846
1207,28,13316,27712,15010,20984,15048
1208,4,6976,24890,26601,24409,22478
1209,0,9211,17914,17914,17915,17912
1210,20,6810,25914,26605,26381,27254
1211,1,4288,19621,22882,19621,18305
1212,0,417,16395,16395,27082,20299
1213,9,14535,23255,23703,24222,23021
1214,1,2552,27375,24135,27375,26795
1215,0,13654,26010,26010,26009,23334
1216,0,5255,17025,17025,24480,20608
1217,0,2123,15083,15083,23180,15056
1218,0,1981,25056,25056,25026,26569
1219,0,5664,22763,22763,21035,23366
1220,0,8300,16500,16500,16880,15106
1221,1,14611,15272,17080,15272,18357
1222,3,2603,15765,16719,15108,15540
1223,0,5566,15993,15993,15383,16727
1224,0,3242,15623,15623,15026,17063
1225,0,10115,20460,20460,22824,21326
1226,0,3238,17863,17863,17862,17277
1227,0,13558,23001,23001,25104,18036
1228,5,4906,25586,24639,16492,24480
1229,2,1287,26147,25094,22147,26147
1230,0,2728,18632,18632,18527,24460
1231,0,5785,17598,17598,17603,15708
1232,852,14695,27198,18376,18540,15044
1233,8,1025,27758,27753,18314,24472
1234,0,8344,26093,26093,23688,21444
1235,0,5352,25649,25649,23735,19668
1236,17,9731,26987,23136,23650,16441
1237,0,2162,16787,16787,18037,15200
1238,26,8116,21856,20488,20932,22623
1239,0,12279,23273,23273,23955,23104
1240,0,6850,22337,22337,24570,23917
1241,0,1457,26990,26990,26862,26379
1242,9,7042,25452,25359,24796,25850
1243,0,11419,22530,22530,15918,18193
1244,11,2548,27103,18020,15733,18025
1245,0,10991,16431,16431,15984,16433
1246,2,10663,22580,19779,24084,22580
1247,18,14277,27366,15062,16181,15051
1248,0,7910,25838,25838,24341,25837
1249,5,6204,19636,19637,16329,16042
1250,0,7981,20915,20915,23807,23457
1251,31,8147,21600,18950,22030,19601
1252,2,263,18469,16565,22679,18469
1253,0,13278,19110,19110,21930,18773
1254,0,7269,20210,20210,23793,25453
1255,4,8914,24650,23410,24293,24600
1256,0,6641,15303,15303,20553,21730
1257,0,2867,25825,25825,26436,19730
1258,227,12906,25057,16983,18403,17083
1259,0,1658,22506,22506,22426,20961
1260,13,4493,27199,23149,24709,26149
1261,0,14291,19170,19170,22964,19797
1262,0,12515,25645,25645,16447,24283
1263,1,8610,22831,22830,22831,22375
1264,0,14220,19158,19158,20237,17999
1265,1,5305,17900,23972,17900,23873
1266,7,816,21441,25081,21091,27421
1267,8,6016,18862,15326,23063,23734
1268,1,4828,18374,22445,18374,18413
1269,17,984,22407,19347,26452,15230
1270,1,1098,25453,25408,25453,21693
1271,178,8517,20544,24540,27686,26108
1272,5,14548,17777,16016,16822,16821
1273,3,1160,15329,17538,18281,16555
1274,1,10098,21787,18727,21787,17877
1275,0,7653,15647,15647,16694,15649
1276,0,13235,17229,17229,15739,15777
1277,1,2377,15639,23398,15639,25173
1278,0,11321,16613,16613,17502,19753
1279,98,7806,25880,17640,20407,14997
1280,217,11018,15422,23589,25033,15433
1281,50,14271,21546,26839,24064,26143
1282,101,11456,27284,25639,17780,22094
1283,4,5884,26489,27558,26627,26440
1284,2,2957,16680,20648,19346,16680
1285,0,14178,21730,21730,21998,20553
1286,30,12432,24938,18340,26860,23655
1287,1,5288,19223,23592,19223,23601
1288,2,1029,26937,27375,26358,26937
1289,0,8122,23576,23576,25750,23893
1290,0,7224,15619,15619,22688,17323
1291,5,14005,23674,27708,22301,15595
1292,0,1100,23768,23768,24502,21571
1293,17,12031,18976,27288,27289,18268
1294,12,11026,26207,25957,23047,25029
1295,0,2661,18725,18725,16861,21490
1296,0,8529,26110,26110,27588,24501
1297,44,6598,24332,24109,23120,23177
1298,0,7976,27070,27070,21554,19873
1299,0,5485,25763,25763,25630,21466
1300,17,4892,24343,15152,25644,27698
1301,1,7142,25790,22631,25790,25301
1302,0,4543,22026,22026,16492,24378
1303,0,8117,19306,19306,19485,18588
1304,19,13207,26973,23866,26251,17234
1305,760,13879,25283,23615,25431,27740
1306,1126,4120,17717,26143,26761,16179
1307,0,4013,17077,17077,26413,19098
1308,0,10565,21291,21291,18763,21286
1309,703,13791,20542,23189,23601,23098
1310,0,3628,16046,16046,22351,15081
1311,0,8709,19271,19271,17440,18726
1312,0,13775,16801,16801,17487,19317
1313,3,3218,18787,22461,18801,22460
1314,366,1302,16131,15674,16883,16810
1315,0,7790,22439,22439,26430,25218
1316,208,6066,17909,17124,18416,16283
1317,2,7384,23989,22687,24155,23989
1318,3,7173,23024,18423,24221,20355
1319,0,14190,23448,23448,19281,23259
1320,0,1053,22280,22280,23682,17089
1321,53,299,25631,24438,26689,22673
1322,3,2116,25978,27383,27313,24201
1323,4,11029,25421,15164,18330,18329
1324,0,11610,19498,19498,17812,18686
1325,1,4802,24419,21648,24419,22053
1326,0,11920,25085,25085,19046,23133
1327,19,13066,26476,21618,20466,20602
1328,234,9117,24794,23992,25286,25277
1329,521,6875,15466,22719,18016,20709
1330,1,10197,20073,20129,20073,19977
1331,0,5701,26692,26692,26502,26087
1332,0,177,15740,15740,15665,15741
1333,1,2065,19008,23086,19008,24368
1334,1,8840,26084,27322,26084,25271
1335,13,10156,20279,24602,19992,18102
1336,58,615,18479,19201,25231,22398
1337,2,11116,19739,20124,21784,19739
1338,2,12587,23729,17514,24421,23729
1339,35,3227,24285,24123,20929,20981
1340,33,14750,22352,20703,20019,20024
1341,21,3547,27129,24092,26317,26765
1342,7,7954,22167,24649,23976,24433
1343,4,10702,16485,16487,22136,22135
1344,0,2927,15666,15666,15518,20181
1345,0,10128,22694,22694,15693,22124
1346,6,2505,15064,15062,16788,18035
1347,0,10798,20367,20367,19723,16879
1348,676,3873,24306,15477,25008,19761
1349,18,407,18214,22129,16536,21650
1350,200,12914,24279,18099,18100,26299
1351,1,3801,19511,19658,19511,22854
1352,61,10965,26440,20786,24152,26308
1353,0,11455,25197,25197,24305,21740
1354,0,10468,18379,18379,17676,16883
1355,1,400,26351,27139,26351,27213
1356,1754,567,27231,25124,26877,23380
1357,0,11292,24230,24230,17153,18720
1358,7,699,22422,24082,18798,19649
1359,0,9278,22802,22802,16880,15106
1360,58,7658,24866,18723,24425,18518
1361,0,204,22717,22717,24197,22716
1362,0,3119,23743,23743,23021,23558
1363,0,8704,25326,25326,26016,26136
1364,0,13984,19310,19310,20678,20680
1365,26,13117,22072,16484,17324,23615
1366,4,8848,26077,26075,25624,26081
1367,3,6225,20926,21904,22696,19867
1368,65,2402,19179,19684,22079,22563
1369,10,8742,25846,20409,18162,24878
1370,2,1806,16037,15808,18367,16037
1371,337,13736,19743,23862,17210,19112
1372,1,868,17741,18175,17741,17739
1373,202,12050,17723,18136,15399,27586
1374,1,10080,18097,23369,18097,22374
1375,0,2099,26167,26167,26688,26147
1376,9,12835,22752,18653,17708,15107
1377,21,9329,27181,26763,26962,25232
1378,0,4409,27347,27347,27599,27461
1379,11,4660,20983,20928,21558,18737
1380,12,3641,26619,27031,26516,25484
1381,16,936,21877,25708,25654,22000
1382,0,10187,16970,16970,21279,21108
1383,0,6615,22127,22127,20609,16915
1384,1,8162,21558,25888,21558,19851
1385,3,11342,22754,22833,18449,18200
1386,0,8728,18838,18838,18836,18794
1387,0,8019,26986,26986,26282,23196
1388,7,2879,27669,27670,18509,27646
1389,272,9610,24473,20946,25901,26921
1390,0,1271,15810,15810,22916,26470
1391,0,8813,18506,18506,19101,24541
1392,0,1359,16527,16527,17889,25826
1393,0,6353,24341,24341,23815,23804
1394,325,10313,17236,27288,27289,21592
1395,0,7260,25554,25554,26945,23330
1396,37,10061,26029,24796,25237,25359
1397,0,704,21782,21782,24644,25307
1398,0,5638,25486,25486,23266,26539
1399,835,14609,20441,18014,17321,15024
1400,2,14252,17967,21785,15887,17967
1401,119,13886,22865,26983,26710,26767
1402,0,297,26136,26136,26253,26537
1403,0,5712,19096,19096,19615,22710
1404,1,9074,27009,27192,27009,26688
1405,2,6961,23653,24332,21372,23653
1406,0,800,17180,17180,17063,18489
1407,0,12500,24150,24150,22590,23439
1408,0,14599,16483,16483,17359,15282
1409,51,6120,23569,24373,23601,17740
1410,11,11512,23112,27706,25089,23568
1411,1,9780,22134,25671,22134,20577
1412,0,4048,20199,20199,26735,18825
1413,1,13478,24567,23362,24567,23221
1414,14,6466,25048,25143,25579,26727
1415,0,1161,24897,24897,24894,25720
1416,0,3064,21971,21971,17078,24358
1417,8,4175,26822,26666,26765,26318
1418,0,891,15277,15277,15007,18973
1419,114,14153,27288,20542,17562,20049
1420,2,10604,24697,21668,22587,24697
1421,4,13512,24008,25507,27045,26438
1422,13,11128,17486,23589,17485,27274
1423,0,11597,17160,17160,17161,16466
1424,0,6281,21333,21333,23864,19831
1425,6,13401,20325,20341,20389,20391
1426,0,5207,22850,22850,20950,16089
1427,0,86,16503,16503,18856,15106
1428,0,37,18766,18766,15524,20906
1429,0,9772,21624,21624,17277,19756
1430,0,10568,19951,19951,24399,23511
1431,0,10389,15856,15856,15849,17146
1432,0,287,15637,15637,17403,19658
1433,0,3504,20144,20144,23105,23104
1434,5,6184,20813,20810,18663,20809
1435,0,7284,23125,23125,23340,20130
1436,0,1685,20786,20786,26515,20240
1437,11,2429,18918,22111,22113,19576
1438,35,10055,25714,20466,22780,24630
1439,0,4730,24855,24855,23201,22158
1440,1,8460,19692,23463,19692,23194
1441,0,2360,19256,19256,18908,19668
1442,998,3845,17459,18014,16629,18536
1443,0,11942,22775,22775,23121,18671
1444,1,3982,19850,22759,19850,24422
1445,9,12824,18900,25416,25391,22069
1446,11,13723,18324,20733,20723,15509
1447,9,8663,17868,15600,15665,22353
1448,1,1470,24201,19303,24201,23396
1449,14,12339,22918,17706,20975,15933
1450,1,12941,26641,26613,26641,26632
1451,10,1472,25126,24579,25392,24372
1452,1,3537,26659,22146,26659,18184
1453,2,10624,22683,22684,22685,22683
1454,0,9503,25509,25509,22209,19584
1455,74,4251,27492,26060,20124,21445
1456,14,1275,18489,15046,15428,15413
1457,50,1256,25216,27666,23696,26354
1458,0,12980,16101,16101,23482,19635
1459,0,1416,15139,15139,15526,20858
1460,65,9768,27563,27537,27478,24152
1461,0,11931,15695,15695,19213,15461
1462,54,13832,17130,19092,15389,20882
1463,1,2932,17284,22060,17284,18266
1464,1,4230,26087,25738,26087,26086
1465,0,6435,22512,22512,24889,20312
1466,0,14594,18661,18661,27187,19797
1467,24,1389,15471,18886,18893,15198
1468,1,3580,18498,18305,18498,24498
1469,15,1542,16484,22237,20895,18129
1470,0,6085,19099,19099,20423,19216
1471,0,10293,20142,20142,21030,19867
1472,0,2647,19748,19748,15993,15383
1473,61,2015,25639,23162,23037,16383
1474,0,7935,26797,26797,24019,25855
1475,0,7711,18236,18236,22565,16472
1476,26,3339,16568,19004,25033,24074
1477,6,8679,20775,20520,15978,19364
1478,0,4254,20905,20905,20092,24861
1479,1516,5264,25890,26417,23063,26357
1480,78,8179,25368,27000,24391,22488
1481,0,2031,20787,20787,19554,24644
1482,0,549,19370,19370,23765,20144
1483,0,13989,16553,16553,23644,27055
1484,401,5582,25533,21902,23958,19867
1485,0,11563,15541,15541,17089,15031
1486,24,10569,24406,26845,24709,17924
1487,0,7537,18562,18562,18566,18563
1488,0,4363,17613,17613,16028,17609
1489,9,771,24397,22435,22427,24518
1490,0,1744,24569,24569,18667,23197
1491,137,3755,17692,22810,20095,16732
1492,0,5525,18782,18782,24083,24778
1493,1,9958,25473,17420,25473,17641
1494,0,8639,17964,17964,27182,18368
1495,0,10625,16512,16512,20061,16557
1496,36,4317,19155,23463,15005,23194
1497,2,1815,26737,22180,23705,26737
1498,88,9264,16875,26796,26113,15109
1499,9,4818,21044,23646,26472,17780
1500,0,7204,22670,22670,25230,23249
1501,1,1961,22674,17014,22674,21963
1502,8,12353,19775,23585,18685,17798
1503,5,7519,17963,15733,18025,17244
1504,240,14810,15346,24615,22731,15399
1505,0,812,19366,19366,16590,16359
1506,10,2624,17072,24748,20009,25214
1507,0,7694,22131,22131,22132,16487
1508,0,11222,20627,20627,20154,20629
1509,0,2502,24170,24170,22013,22584
1510,10,2097,24796,23820,24682,26660
1511,0,6264,27556,27556,27538,24555
1512,2,11626,17228,15414,18900,17228
1513,46,4870,26279,21443,25299,24846
1514,2,11829,25829,17236,15091,25829
1515,7,4020,14993,15108,16782,16783
1516,11,10421,15977,15321,19713,18736
1517,1,2825,26988,25971,26988,26440
1518,0,2369,26086,26086,25738,25734
1519,7,5141,27671,27670,27669,27457
1520,0,5437,26128,26128,15368,27210
1521,0,14448,24926,24926,17774,17773
1522,0,6583,27398,27398,24890,19825
1523,2,10608,21195,21197,21199,21195
1524,1,2880,24514,23125,24514,26689
1525,3,9757,22635,22634,24995,22631
1526,3,3022,22486,22414,23122,18333
1527,0,259,17795,17795,17441,19987
1528,2,7164,21835,24197,22714,21835
1529,84,9037,23701,20995,19041,25223
1530,2,7863,15427,17952,16276,15427
1531,9,14074,15535,16850,19525,20425
1532,3,10357,22598,25230,22307,16620
1533,0,7165,19288,19288,19286,18059
1534,0,8439,22696,22696,22922,21904
1535,0,11844,22397,22397,22414,27717
1536,1,7913,26190,25041,26190,24326
1537,2,3184,16016,17614,16821,16016
1538,0,13254,19770,19770,15509,19783
1539,6,14395,21205,21203,21361,17554
1540,0,3512,20196,20196,22382,20242
1541,1,714,15289,17063,15289,15146
1542,1,74,22879,17667,22879,27378
1543,30,9240,26359,25678,22794,19144
1544,1,14468,26761,18353,26761,24157
1545,0,12915,23591,23591,18006,23255
1546,90,2613,22731,19991,22343,23119
1547,1,11154,18400,17392,18400,18666
1548,9,2446,24804,23455,18725,17838
1549,0,4231,21561,21561,22673,25322
1550,0,11507,21353,21353,25362,18700
1551,0,631,21234,21234,23586,22320
1552,0,4642,16404,16404,21517,21881
1553,1,4275,21478,21092,21478,22962
1554,28,222,25987,27715,24667,24701
1555,0,7420,26042,26042,26045,26046
1556,0,827,27056,27056,27616,26661
1557,3,9418,17710,18494,18898,17679
1558,0,4670,20108,20108,20141,26735
1559,296,5926,16155,25124,15069,22916
1560,36,14447,21673,19388,17076,18658
1561,0,7768,20206,20206,20079,22922
1562,0,11254,17748,17748,27577,20115
1563,0,3756,23870,23870,23100,17965
1564,0,6217,17345,17345,18877,21247
1565,5,13024,25457,23436,24445,24456
1566,4,14804,16593,16101,23482,15476
1567,0,6709,16094,16094,15825,16435
1568,2,12348,23063,15326,23191,23063
1569,29,6061,27621,23229,27535,27328
1570,5,12963,16734,22437,19715,18985
1571,70,10547,23480,23449,23462,19653
1572,0,12330,17492,17492,16354,17114
1573,2,12721,19749,16319,15614,19749
1574,0,4051,15338,15338,17031,18905
1575,0,12969,21143,21143,21149,15883
1576,5,8195,26640,26639,26613,26642
1577,1,6127,24929,25503,24929,24523
1578,15,10410,19443,19413,19383,19386
1579,173,1109,25949,21095,16386,15794
1580,6,13436,22132,22133,22135,22131
1581,0,13741,19159,19159,25709,22173
1582,0,6870,21040,21040,22016,26113
1583,6,8508,16851,23752,17542,26231
1584,0,13397,18006,18006,25462,22612
1585,9,14364,21271,19147,18803,16400
1586,14,3793,17773,15996,20464,15350
1587,2,3688,21476,21614,21388,21476
1588,0,9535,22701,22701,18156,22891
1589,0,8381,19768,19768,18289,17713
1590,0,1623,17721,17721,17719,16540
1591,0,10332,23787,23787,21351,18184
1592,7,1959,16965,17713,21316,21307
1593,0,3971,18920,18920,15681,18343
1594,0,8172,23441,23441,21823,24649
1595,12,8969,26125,25094,18201,26834
1596,0,4616,18538,18538,22988,25999
1597,0,1827,20802,20802,15661,18578
1598,2,10323,15379,21986,15378,15379
1599,0,6829,16791,16791,18859,16653
1600,0,5317,19836,19836,19835,19833
1601,19,3375,18984,21718,24052,16864
1602,1,3141,14995,17666,14995,19824
1603,2,10399,25785,21820,22849,25785
1604,0,1696,21135,21135,22117,22266
1605,0,10145,20745,20745,20713,20755
1606,0,11532,20566,20566,18744,19718
1607,2353,11595,23114,15892,20910,22246
1608,3,13249,20767,20778,20777,20781
1609,0,1679,25130,25130,25723,26173
1610,7,10011,24189,18676,18107,20722
1611,0,9081,17128,17128,16854,17573
1612,0,2591,26311,26311,25630,22522
1613,0,1839,27568,27568,24181,25900
1614,0,13768,17342,17342,18614,22498
1615,0,4555,23404,23404,27601,25572
1616,0,1905,21048,21048,24020,21704
1617,1,13319,26629,19663,26629,20231
1618,196,4992,26146,21379,26344,20542
1619,47,9687,18240,17719,22267,19179
1620,0,5749,15680,15680,18320,24073
1621,49,2448,23147,24902,20407,16466
1622,0,711,22484,22484,22483,16993
1623,2,1904,26736,26516,27219,26736
1624,19,12257,26338,24796,25877,25430
1625,0,897,15587,15587,15614,17499
1626,1,3767,15165,15159,15165,16919
1627,3,11964,21282,21284,21286,21285
1628,0,2147,21515,21515,18032,22681
1629,0,13464,24833,24833,23375,23328
1630,0,10284,21164,21164,21165,16546
1631,0,5466,26672,26672,27117,22156
1632,0,6877,21718,21718,18824,21217
1633,12,5441,20355,21571,20910,23893
1634,9,7936,20224,21043,17245,17788
1635,23,2669,23322,20910,25466,24067
1636,0,3561,26763,26763,27645,24562
1637,0,9806,24443,24443,21011,16436
1638,2,6986,27277,23783,26689,27277
1639,0,4686,24283,24283,17157,25719
1640,0,11013,16724,16724,16022,16726
1641,1,3863,22479,18472,22479,23785
1642,0,13387,20218,20218,18327,24808
1643,22,13582,15150,15089,15090,15422
1644,3,465,17005,15428,15046,17096
1645,5,11773,21633,19159,26297,21878
1646,32,11870,23605,19649,20952,18866
1647,0,1036,21050,21050,22696,21387
1648,0,7867,23474,23474,22674,21960
1649,1,4968,19292,15335,19292,15334
1650,0,10236,16954,16954,18607,17729
1651,0,9256,16286,16286,23378,23631
1652,0,1037,17438,17438,16075,22158
1653,0,10789,19495,19495,20753,16078
1654,1,5945,21080,19808,21080,24866
1655,4,1870,25694,25954,24588,15628
1656,1,9491,16393,21484,16393,22854
1657,0,12877,15840,15840,16304,18787
1658,14,12622,26928,26426,23866,26425
1659,1088,3424,18525,15685,15030,14951
1660,0,2022,18568,18568,18091,15727
1661,0,8897,17239,17239,21293,16547
1662,0,5436,21278,21278,21681,17304
1663,0,8683,20176,20176,21462,23974
1664,8,10295,19418,16017,17283,17260
1665,30,7079,15176,16862,17709,17710
1666,1,9356,23630,24378,23630,22013
1667,1,8544,21359,22454,21359,21614
1668,0,4942,21626,21626,20016,17764
1669,0,13796,21272,21272,17313,15974
1670,13,8270,26244,19719,19054,16587
1671,7,9276,15029,15541,17095,15108
1672,1,867,19914,19835,19914,19834
1673,0,11357,16270,16270,16269,15570
1674,0,13262,18066,18066,17962,15766
1675,21,6035,26947,27605,25129,27266
1676,1,11074,26810,24146,26810,15192
1677,0,7442,17316,17316,16493,19496
1678,1,2083,21114,27073,21114,27040
1679,1,1757,17102,20475,17102,17222
1680,0,2136,21487,21487,23193,23920
1681,0,8712,15288,15288,22594,15123
1682,8,9547,18544,16250,18543,21911
1683,0,7040,21777,21777,21736,26436
1684,316,13891,23518,24126,19651,25977
1685,0,3035,26090,26090,24896,24934
1686,17,1033,20433,17426,23148,24902
1687,25,11779,15893,17799,17100,25853
1688,303,726,27317,27535,24398,25961
1689,1,3153,21005,21380,21005,21379
1690,0,7827,26745,26745,25429,27337
1691,45,6889,27223,20852,15564,15648
1692,0,9847,17816,17816,17815,17813
1693,33,11864,26028,24796,25787,21860
1694,0,605,27294,27294,27642,25364
1695,0,9824,25550,25550,25660,16523
1696,0,7592,22938,22938,26649,22145
1697,5,6070,26870,23764,22341,25486
1698,1,12215,19450,19037,19450,15595
1699,40,6701,20690,20659,20670,20669
1700,0,397,15127,15127,20896,27307
1701,0,8609,17525,17525,16145,16159
1702,5,2121,16988,21661,17801,21660
1703,1930,7822,16739,20433,15842,16478
1704,61,9345,23835,25870,19905,25869
1705,5,10770,15046,16423,15428,17005
1706,0,6421,26593,26593,25264,23152
1707,82,2364,24675,27259,23575,25452
1708,0,5191,26758,26758,25500,23778
1709,16,11489,15975,22247,23124,24015
1710,177,6043,15416,16628,15415,15432
1711,0,14265,21197,21197,16205,21195
1712,0,7432,19832,19832,21990,18855
1713,0,2714,15184,15184,15185,15550
1714,529,13172,25184,26116,25557,24557
1715,0,6997,15197,15197,15124,17307
1716,0,338,15068,15068,15067,15300
1717,15,3616,24369,22552,19951,25996
1718,0,12973,17105,17105,17947,18285
1719,0,5013,25720,25720,22922,26920
1720,0,8760,20686,20686,19640,21395
1721,0,828,25124,25124,15641,17367
1722,1,6220,27087,23130,27087,24067
1723,3,2771,20602,20466,26476,22780
1724,0,12820,15444,15444,15719,18198
1725,27,3738,16054,16694,15649,16055
1726,0,10221,24265,24265,27384,27404
1727,1,5902,25792,21954,25792,27509
1728,1,11903,27257,24718,27257,23629
1729,0,8725,19614,19614,20154,20778
1730,0,3010,21037,21037,23210,24570
1731,0,14191,15624,15624,15933,17620
1732,0,7697,19278,19278,26216,21983
1733,1,11681,25681,22059,25681,27093
1734,0,1225,15387,15387,18760,24386
1735,9,2100,19055,19156,19443,19232
1736,0,7433,24538,24538,23923,26412
1737,2,12655,23291,24651,18293,23291
1738,6,12747,21413,17073,19902,17390
1739,0,5320,18157,18157,20538,15425
1740,0,4883,21818,21818,24654,22047
1741,0,11751,18654,18654,16363,18653
1742,93,4410,18526,16383,23162,23849
1743,0,7997,19452,19452,15688,18599
1744,0,9944,23213,23213,23226,17366
1745,0,11900,24360,24360,23758,23299
1746,12,10393,25899,24319,23282,20963
1747,1135,5057,27246,26913,26914,26909
1748,0,10368,16831,16831,16321,16325
1749,53,4770,18588,18948,26852,21859
1750,0,6501,26379,26379,22795,25306
1751,2,3729,20071,19628,20062,20071
1752,909,11963,16180,22509,14952,17500
1753,0,9390,23880,23880,17019,18425
1754,0,14549,25853,25853,23425,25827
1755,0,9277,17109,17109,21043,17956
1756,1,774,18810,17892,18810,18853
1757,0,10432,19595,19595,18617,22186
1758,7,4136,23353,27041,18305,22882
1759,0,4501,27673,27673,23120,27559
1760,11,7068,27013,25012,27478,25285
1761,0,10074,20919,20919,27316,19717
1762,7,4441,21273,25782,18116,22609
1763,9,12635,18548,16586,18410,15035
1764,114,14869,18049,16755,18050,22174
1765,0,6263,24533,24533,24185,24501
1766,0,9388,21157,21157,16232,21176
1767,0,193,14954,14954,15166,17303
1768,14,9290,15498,20947,17465,24546
1769,2,503,27640,23120,27535,27640
1770,0,9459,23817,23817,25278,22861
1771,3,14219,19021,19323,17212,19483
1772,15,4158,15774,22216,16893,21731
1773,0,3391,15955,15955,18991,16588
1774,0,12424,16555,16555,19782,19783
1775,641,11841,25439,24796,21860,25850
1776,0,3950,15327,15327,15325,18864
1777,0,12183,21855,21855,20720,21777
1778,0,10837,23237,23237,20270,17576
1779,0,2607,23036,23036,15309,20608
1780,0,5030,16297,16297,16656,16219
1781,0,1335,25252,25252,27099,24466
1782,0,9445,24204,24204,26726,27160
1783,0,9611,22411,22411,21655,24523
1784,11,9529,16009,21316,17713,21309
1785,2,7728,22151,21922,22152,22151
1786,12,9878,17490,24236,19670,15153
1787,3,13633,21361,21362,27015,21323
1788,5,9402,23506,16587,22695,21973
1789,0,405,18591,18591,20600,19277
1790,0,624,26180,26180,19164,20564
1791,1,14016,23000,17833,23000,19889
1792,243,3631,24998,27350,27215,26894
1793,0,7524,22210,22210,22209,21229
1794,20,11217,18728,15693,18740,21030
1795,7,9223,21888,21757,22687,24155
1796,0,6377,17587,17587,17585,25726
1797,0,3449,23199,23199,18202,19305
1798,0,7307,16603,16603,22854,19371
1799,285,12129,20588,24157,27141,27589
1800,2,14499,16718,18483,16670,16718
1801,310,11429,15882,18803,15024,16457
1802,2,647,19270,19171,27533,19270
1803,1,547,18707,18865,18707,20151
1804,0,7868,21075,21075,25244,18750
1805,0,7399,19044,19044,20603,15756
1806,0,13800,21836,21836,26888,19983
1807,1,8895,19304,22503,19304,22501
1808,9,7350,17828,16241,16497,15473
1809,1022,14309,16377,19186,27072,27672
1810,0,5933,19800,19800,19073,24308
1811,55,12099,23354,23043,23568,20804
1812,40,3976,21846,25681,23190,25396
1813,0,1782,23756,23756,26147,27490
1814,45,10510,24961,21760,20466,22153
1815,0,7435,20289,20289,22692,25493
1816,23,5639,26031,23249,22597,15497
1817,0,10121,18326,18326,17479,15167
1818,22,14263,26678,20261,20995,19860
1819,9,6766,16620,21566,26079,22046
1820,0,13795,26948,26948,26408,26715
1821,14,11875,26317,26664,26316,26666
1822,0,5421,18599,18599,21357,24862
1823,0,3488,15789,15789,20554,15208
1824,0,2090,21284,21284,21286,18064
1825,0,7872,21563,21563,26550,27508
1826,9,4647,22660,27595,25625,18340
1827,0,11600,24596,24596,15471,15189
1828,217,3986,27276,24485,27483,27681
1829,0,4137,20522,20522,15978,20520
1830,0,13508,25918,25918,25992,26188
1831,5935,12857,16353,18488,15224,23127
1832,0,10315,18528,18528,25507,25745
1833,13,8589,26353,22704,22015,20454
1834,0,6805,24421,24421,17514,23729
1835,4,3944,22469,26722,24659,25085
1836,184,9407,27784,27595,19665,24562
1837,0,8101,21222,21222,23160,21343
1838,9,4666,24619,26526,26527,26198
1839,0,13435,18193,18193,26384,22530
1840,0,1467,17027,17027,17026,19922
1841,0,13158,24045,24045,24377,23932
1842,2716,3399,27762,16616,16739,18468
1843,0,8585,15793,15793,25523,21904
1844,0,1910,25990,25990,26498,25989
1845,0,2060,24016,24016,24253,26725
1846,0,7218,20447,20447,20446,15357
1847,48,10218,21243,16749,19496,21242
1848,0,10257,24203,24203,26967,26162
1849,0,6590,22689,22689,23537,17411
1850,0,6221,27408,27408,26137,24096
1851,27,1768,19916,19835,19933,19833
1852,0,6312,24475,24475,22189,16107
1853,0,4636,20070,20070,21538,20102
1854,0,12845,17500,17500,18609,22508
1855,0,12189,16854,16854,17128,18977
1856,0,9718,17928,17928,17931,16943
1857,50,7228,20247,20228,18505,24806
1858,45,6874,19181,17962,17887,18549
1859,0,6189,25723,25723,26846,25056
1860,0,80,25986,25986,26443,21757
1861,3,9617,23267,23072,22713,25264
1862,0,5936,20839,20839,20840,20754
1863,0,729,20208,20208,23093,16600
1864,206,10716,23644,22918,17705,16754
1865,4,5927,17329,25611,21879,25241
1866,0,3612,22198,22198,21013,15583
1867,0,11374,21810,21810,26221,25021
1868,7,13329,20154,20629,20635,20627
1869,19,5205,16746,19087,20947,22221
1870,0,5998,17882,17882,20366,20610
1871,3,5066,21872,27715,25124,20415
1872,0,14860,17885,17885,15933,19196
1873,36,5504,15685,22708,23589,27274
1874,0,5688,16743,16743,23526,22223
1875,36,3592,26472,25996,26811,23154
1876,1,5841,21121,21052,21121,21131
1877,44,2166,22034,20479,20908,21866
1878,5,5857,24424,24769,24775,24773
1879,0,9322,17813,17813,27637,24475
1880,352,14593,22756,15899,20822,23217
1881,0,121,22295,22295,24409,24483
1882,0,12074,26941,26941,27312,22050
1883,0,11160,15038,15038,15140,16225
1884,0,360,18816,18816,19737,22854
1885,337,8231,27371,27568,27415,26881
1886,69,4205,21764,15722,26354,21434
1887,0,5073,18675,18675,18745,20230
1888,22,183,22899,23519,22015,20454
1889,0,9786,16097,16097,17434,20792
1890,2,14584,20020,17614,18592,20020
1891,134,14063,17163,18803,18804,16457
1892,3,3598,25497,26578,26543,27016
1893,1,1354,25058,27077,25058,27078
1894,0,11325,18788,18788,21362,21323
1895,94,11645,19399,25222,25714,23023
1896,0,9969,18372,18372,17737,17828
1897,0,8841,15570,15570,17029,17193
1898,1,13109,22935,17769,22935,22028
1899,0,10542,20145,20145,18183,24478
1900,1,8894,17009,21659,17009,23356
1901,14,2780,21372,24332,20196,23494
1902,60,11176,23435,23759,23189,21823
1903,215,13071,25963,26732,23084,22230
1904,0,12615,21177,21177,21178,21179
1905,104,14588,19910,20372,23288,21885
1906,0,12256,24878,24878,18162,21382
1907,203,11965,25123,25747,15727,25479
1908,3,401,26734,21974,25789,26834
1909,2,3317,21952,22996,22564,21952
1910,0,5833,18419,18419,16878,17269
1911,0,5679,22274,22274,27678,25732
1912,8,9396,21708,22230,21519,22830
1913,0,4143,26493,26493,26495,26496
1914,1,11172,18742,22464,18742,20906
1915,0,7401,18698,18698,15696,21028
1916,1,12568,17150,19782,17150,27162
1917,1,5003,24966,22420,24966,17442
1918,0,4805,21692,21692,22910,21696
1919,61,9412,20434,16367,24221,16916
1920,45,10141,24062,24256,24600,23410
1921,0,1649,15261,15261,16350,19946
1922,0,3581,20440,20440,23612,18751
1923,0,3746,20422,20422,20421,23421
1924,257,14415,23716,25644,22311,23497
1925,0,275,21090,21090,22454,21614
1926,2,14211,25060,25055,25093,25060
1927,6,9651,20827,20833,20832,20828
1928,0,1244,16408,16408,16407,22712
1929,0,76,15256,15256,17452,16813
1930,0,11002,24536,24536,26463,25394
1931,24,2403,25256,25787,21860,25947
1932,2,14382,16706,16708,16695,16706
1933,3,14555,23611,16256,26052,25809
1934,4,13794,15851,15849,15855,15856
1935,0,3256,26358,26358,27375,26930
1936,0,2270,18112,18112,21405,21407
1937,4,12151,26266,18878,25940,26924
1938,0,13378,21263,21263,21259,21277
1939,0,10766,20820,20820,20819,20823
1940,0,12738,20652,20652,19346,19348
1941,0,5256,15376,15376,17612,19619
1942,0,5621,16142,16142,16497,18412
1943,0,13303,19261,19261,19263,26737
1944,297,13059,24544,27289,27288,25829
1945,254,14937,27700,22757,18619,23737
1946,0,8729,22154,22154,17385,23701
1947,24,2900,26637,15109,24972,27245
1948,0,3825,15309,15309,17025,20967
1949,2,6918,24769,24772,24773,24769
1950,23,10775,25388,23893,25190,24476
1951,33,5344,26861,26136,23211,24666
1952,0,7388,24616,24616,20041,19920
1953,5,6449,21217,24052,21718,15426
1954,0,9039,23523,23523,22128,20235
1955,0,724,18665,18665,24330,18188
1956,0,5192,23134,23134,19575,21755
1957,12,6275,20716,19660,20720,26178
1958,0,10209,25624,25624,26077,26081
1959,21,11499,26728,19821,19816,17848
1960,0,5803,27518,27518,25662,27618
1961,1,1283,15113,15848,15113,16069
1962,0,6579,26911,26911,26910,26505
1963,0,7846,21411,21411,17551,21412
1964,3,7843,17951,22378,15230,19347
1965,0,8909,23751,23751,25479,15727
1966,0,7576,15008,15008,17484,15365
1967,10,7489,19165,23366,21035,22637
1968,102,8152,26348,25517,21434,27549
1969,0,9247,23068,23068,23521,21718
1970,0,2930,19844,19844,23593,23021
1971,2,1787,26500,26499,26497,26500
1972,0,157,25672,25672,26052,21814
1973,0,7186,15455,15455,21930,18773
1974,2,13200,17141,17139,17138,17141
1975,119,12066,27147,23593,25689,23862
1976,0,9205,17196,17196,25008,19101
1977,53,2397,24093,20305,20304,20303
1978,1,3439,19336,17440,19336,25455
1979,0,970,25209,25209,18000,25810
1980,25,7167,17770,18590,15999,16175
1981,0,10867,17635,17635,15728,15753
1982,0,644,16029,16029,15564,16696
1983,24,2042,19260,23272,20938,17795
1984,0,6697,21024,21024,21882,20207
1985,0,10673,19742,19742,25250,16572
1986,0,12276,16154,16154,17522,17785
1987,0,2577,14984,14984,23543,19643
1988,0,12331,25241,25241,21879,25992
1989,3,6868,21323,27015,21362,21361
1990,55,14077,26344,27380,18598,26749
1991,311,12551,24720,24796,21860,24928
1992,0,6119,20139,20139,19578,19537
1993,7,14547,20984,22749,20581,19403
1994,11,1666,22410,15431,17672,15344
1995,14,5108,26318,26317,26665,26823
1996,0,12949,21934,21934,22150,21933
1997,0,12165,26818,26818,23091,22438
1998,0,5911,22940,22940,22541,22496
1999,0,8431,15709,15709,15714,15710
2000,162,8807,22022,20563,19338,21608
2001,0,9130,21209,21209,23637,22766
2002,0,11624,23791,23791,25460,26810
2003,0,7424,22741,22741,26623,20095
2004,0,3559,26491,26491,26909,22488
2005,44,14035,27083,24747,18762,24748
2006,0,3704,18749,18749,20531,22820
2007,0,3041,17046,17046,17005,15691
2008,1,11753,24007,18361,24007,18579
2009,0,11547,15283,15283,18245,15284
2010,0,14024,21605,21605,23314,18490
2011,1,10316,19512,25549,19512,19549
2012,0,923,26049,26049,26659,22948
2013,0,10556,20362,20362,20279,17079
2014,108,3926,22583,24378,24386,24170
2015,0,13860,24607,24607,24610,24612
2016,0,2558,21926,21926,18097,26007
2017,4,10450,22000,25690,25691,23571
2018,17,8165,18138,19782,19783,15665
2019,528,1511,22898,24498,24375,18886
2020,3,993,25643,24904,22839,19974
2021,0,2192,25928,25928,24457,25477
2022,0,10331,15672,15672,21985,21580
2023,0,5893,23138,23138,22854,19737
2024,59,775,16736,20227,20431,18988
2025,0,8348,24629,24629,25971,26440
2026,0,14007,15929,15929,19979,19651
2027,123,14093,25642,26811,26700,23154
2028,1,10914,15359,21245,15359,21244
2029,0,6367,27342,27342,26940,24562
2030,2,11450,17162,21976,21842,17162
2031,35,5230,17407,24858,23093,25173
2032,0,12910,21395,21395,21394,20687
2033,1,809,20882,20362,20882,19758
2034,1,1134,18884,17724,18884,18293
2035,5,3484,18541,19828,15743,18513
2036,1,4289,18099,18100,18099,18101
2037,0,12408,21890,21890,23987,20221
2038,39,8842,24500,26308,18184,21017
2039,22,4400,23762,23833,22015,23834
2040,0,6660,15219,15219,16953,15166
2041,511,4262,19245,22452,22877,20981
2042,1,9067,24393,20238,24393,24686
2043,3,9833,18216,15709,15714,15710
2044,0,7525,27094,27094,22146,26157
2045,0,8149,18163,18163,18179,16909
2046,2,9467,15855,15854,15849,15855
2047,0,2307,16100,16100,18931,18688
2048,0,5609,24772,24772,24773,24775
2049,0,14369,17886,17886,16767,17077
2050,1,2211,18472,19554,18472,17990
2051,0,5892,15129,15129,16047,20361
2052,0,5916,20333,20333,16617,19286
2053,3,8367,19955,24806,20124,19705
2054,7,5770,19485,23733,22564,23548
2055,10,8271,19383,19477,19445,19460
2056,3,4449,27672,18450,22603,25091
2057,0,11892,25096,25096,22541,25743
2058,0,12565,20507,20507,19479,15202
2059,0,14667,17271,17271,15016,15190
2060,3,9638,25294,25290,24752,19548
2061,91,3422,16914,17000,19118,21044
2062,8,4669,18260,21661,15996,18125
2063,0,11434,15954,15954,15952,19542
2064,78,13332,27665,17084,23457,17250
2065,0,5039,17581,17581,22019,17584
2066,0,6871,22272,22272,22524,17403
2067,0,9650,17313,17313,22999,21272
2068,0,10135,20343,20343,26845,25453
2069,3,13674,21785,22733,21398,15887
2070,0,3594,20383,20383,19314,19637
2071,0,2664,21492,21492,18087,22818
2072,0,5287,16406,16406,16407,16408
2073,3,2519,17093,15103,16266,16895
2074,11,3418,24151,21387,21475,27490
2075,0,7078,15694,15694,21120,17763
2076,0,6661,24583,24583,27188,22823
2077,132,2668,16191,19219,15902,15903
2078,0,13210,18055,18055,22737,17873
2079,147,14276,19456,19083,23451,16593
2080,0,12192,18796,18796,22011,23193
2081,0,8692,18907,18907,19675,26686
2082,0,2258,26731,26731,21444,25955
2083,0,12181,22888,22888,18681,23808
2084,0,3890,15336,15336,19149,20180
2085,0,13694,20850,20850,20848,15220
2086,3,13006,24602,20992,24846,23019
2087,477,14837,26340,26430,22439,15116
2088,83,4360,24851,17007,20016,20013
2089,3,9116,15014,15184,14974,15550
2090,0,3260,23150,23150,25207,18747
2091,0,10154,16806,16806,16480,25516
2092,16,8661,26777,24714,25632,27616
2093,0,11304,19360,19360,23984,17995
2094,0,13690,23411,23411,21127,17291
2095,0,2486,17779,17779,17419,16493
2096,165,13338,25969,27027,26019,24364
2097,0,9359,22206,22206,21893,22257
2098,0,2840,16215,16215,17188,17284
2099,0,2487,27309,27309,27369,27317
2100,106,14213,21675,15391,23119,16739
2101,0,894,16083,16083,19115,17016
2102,11,14585,21837,22594,25189,15288
2103,27,7903,15978,19545,18380,17549
2104,1,3178,22416,24384,22416,25792
2105,0,10066,20816,20816,21259,21258
2106,0,5772,23196,23196,19890,26282
2107,369,440,27557,27683,27456,27043
2108,10,12380,20756,20743,16061,20738
2109,1,6201,22845,19583,22845,23138
2110,4,7000,20964,20970,22650,24158
2111,3,5526,17165,24858,19856,20209
2112,236,7072,21518,22572,19578,19580
2113,94,9809,26255,24796,24928,26029
2114,0,8186,17442,17442,22209,17993
2115,1,1056,27039,24896,27039,19730
2116,15,4094,18300,18309,18283,18308
2117,456,1990,18046,18572,15691,18280
2118,1,6558,23534,24498,23534,23759
2119,74,10324,27453,19170,15665,22965
2120,8,679,27732,16639,15097,27744
2121,1,8095,21940,15188,21940,23886
2122,0,10840,15248,15248,15814,15257
2123,0,484,20429,20429,23106,26532
2124,33,7838,23152,15215,15214,23272
2125,0,3520,23222,23222,20429,23359
2126,0,13755,23298,23298,15543,15250
2127,0,13162,18493,18493,15493,16989
2128,136,3109,25031,21434,22696,22824
2129,25,4563,26231,18947,24999,16750
2130,4,10736,27391,20945,26988,26356
2131,12,5995,27550,26999,25961,27328
2132,983,2415,24032,25276,21860,26553
2133,5,6713,23924,25752,21480,25706
2134,0,9260,16703,16703,16683,17283
2135,2,438,17276,16503,16880,17276
2136,0,4676,16047,16047,16961,16622
2137,9,7031,26212,25279,25103,22959
2138,0,12977,15846,15846,18883,19441
2139,0,9242,23257,23257,26419,22487
2140,10,94,27326,25434,27270,25517
2141,13,3047,20220,22626,22986,22638
2142,0,8912,24704,24704,25477,23722
2143,21,12594,22073,23991,23090,18317
2144,0,6582,17631,17631,20678,16872
2145,0,6430,26803,26803,26537,20413
2146,0,4931,22623,22623,24690,19006
2147,2,14698,25188,25219,22538,25188
2148,23,919,26528,21439,21027,24514
2149,0,6234,18815,18815,24609,20941
2150,0,8419,24243,24243,23853,22246
2151,0,13205,24214,24214,23143,26722
2152,10,10248,27340,22352,27757,25715
2153,0,14259,17962,17962,17887,22752
2154,7,8788,25680,22307,24933,27093
2155,1,2334,22941,22944,22941,22869
2156,35,14748,16664,15285,15773,20453
2157,0,9551,17305,17305,17304,17302
2158,0,284,16821,16821,16016,17614
2159,0,9561,27675,27675,17799,27010
2160,0,457,21011,21011,19904,18518
2161,37,435,24388,16383,23162,21843
2162,55,4073,15460,22688,18110,24369
2163,132,11140,23440,23605,22143,21558
2164,1,5859,23782,22119,23782,23136
2165,0,5369,24844,24844,22646,20115
2166,1,14377,24009,27202,24009,22741
2167,0,12713,24899,24899,23844,22570
2168,0,512,22708,22708,22223,23388
2169,0,5807,22428,22428,22423,15893
2170,89,235,19434,23996,16996,16340
2171,0,2929,24661,24661,26539,25842
2172,0,9127,22931,22931,23377,20454
2173,32,10062,20715,17403,19763,21092
2174,0,201,16876,16876,15672,21985
2175,24,14632,22675,23245,19002,26791
2176,0,8958,19184,19184,17128,23735
2177,36,11161,21953,18948,26852,22651
2178,4,12004,23740,22627,26700,23154
2179,0,4603,24078,24078,15218,22541
2180,242,7234,25817,24486,23955,24112
2181,0,8872,24789,24789,22962,24917
2182,0,2468,27501,27501,26266,21020
2183,0,9907,26301,26301,27279,26933
2184,0,7265,21047,21047,21046,26497
2185,0,8437,19545,19545,17060,24977
2186,0,1923,17312,17312,17311,17104
2187,4,8694,25770,19775,22181,20806
2188,23,13377,25181,27218,26403,23063
2189,0,9198,14958,14958,16607,16675
2190,14,12807,17353,15073,15071,19759
2191,0,7750,25446,25446,25239,23555
2192,0,8715,26766,26766,27227,25148
2193,14,12583,23428,24556,23367,23338
2194,0,5872,17069,17069,19682,17067
2195,1,8621,17826,16235,17826,16501
2196,0,5131,25238,25238,21914,26060
2197,196,3957,26696,26999,27686,27588
2198,0,1746,17468,17468,17245,15755
2199,0,3163,20403,20403,20404,23894
2200,0,12358,15157,15157,15155,26585
2201,43,14248,16630,19442,23501,24449
2202,6,9653,23304,19625,18335,17292
2203,2,3473,17933,23132,19140,17933
2204,3,7028,22832,26009,26010,25168
2205,0,9208,25701,25701,15628,25954
2206,2469,14681,22576,23169,25689,22855
2207,0,3683,17439,17439,18344,22171
2208,5,11555,16476,18469,23056,23593
2209,0,6585,16340,16340,16577,22243
2210,2,13950,17354,19084,20534,17354
2211,0,7865,17855,17855,21276,23031
2212,10,6423,22099,21033,23787,25631
2213,0,10106,20291,20291,20286,22541
2214,0,5445,22955,22955,17459,17215
2215,0,5294,18398,18398,16133,21765
2216,3,3108,15719,17142,15032,15641
2217,17,3018,25752,25088,25085,22469
2218,16,8913,19372,19374,19407,19410
2219,1,2154,26453,21560,26453,25285
2220,0,4506,18797,18797,27657,27659
2221,6,7374,16926,16653,16880,15472
2222,0,7297,20608,20608,20609,21097
2223,0,857,17078,17078,17074,22063
2224,0,9354,16206,16206,20914,18374
2225,0,13786,23450,23450,23644,18036
2226,2,1918,19809,24284,23059,19809
2227,0,3148,21711,21711,17718,21607
2228,0,8449,24401,24401,21655,24923
2229,133,9945,21127,21551,23853,22898
2230,0,4800,24753,24753,24118,25912
2231,1,6462,18069,19074,18069,15753
2232,0,3560,15826,15826,17385,16452
2233,29,10453,24315,27190,26815,22922
2234,0,12948,18974,18974,21191,19764
2235,2,1231,17482,18022,15289,17482
2236,2,14775,21715,27708,15595,21715
2237,13,4911,27016,21377,25782,27423
2238,0,2236,21020,21020,23915,27501
2239,0,3161,25840,25840,22854,16603
2240,2,8096,22128,21660,20708,22128
2241,1,6209,27403,27051,27403,26894
2242,0,2401,25082,25082,27148,27675
2243,750,6022,16932,23737,19401,16308
2244,11,689,26666,23945,26828,25228
2245,1,7335,15912,15913,15912,15294
2246,40,9498,24023,22244,27710,23980
2247,2,922,18226,16998,20606,18226
2248,2,7573,23715,23675,18062,23715
2249,0,10982,22456,22456,20429,23878
2250,1,12360,16296,16219,16296,16656
2251,6,9817,21571,21148,18287,18305
2252,0,11324,15951,15951,15953,15950
2253,0,135,18183,18183,24478,20145
2254,48,7318,20498,22926,22512,24889
2255,0,2973,21301,21301,21731,21562
2256,5,7924,15461,19576,22111,22921
2257,0,31,15482,15482,15703,18915
2258,0,5155,20250,20250,22422,21558
2259,7,6524,18704,16595,18104,19674
2260,0,359,19570,19570,22541,24121
2261,0,3084,17591,17591,16891,19587
2262,3,12377,24996,25409,18494,19626
2263,0,8670,22989,22989,15933,25055
2264,92,6109,27549,27620,25517,23669
2265,4,2174,18993,15458,23777,21914
2266,0,3719,23073,23073,27267,26575
2267,0,11602,21866,21866,22699,17377
2268,47,4945,27433,23661,23652,27327
2269,17,14726,17878,19085,27198,25982
2270,0,3214,18948,18948,22304,22584
2271,0,9192,26650,26650,26649,18187
2272,30,2542,25953,21860,23575,26021
2273,0,3198,15286,15286,17796,15518
2274,0,8056,24867,24867,22926,19435
2275,48,13719,23501,16412,18330,16755
2276,0,3655,17549,17549,17303,19545
2277,0,4860,19710,19710,23358,18360
2278,716,14809,20284,15119,24117,19326
2279,0,12516,21014,21014,19759,16666
2280,8,205,27367,21263,21679,21259
2281,0,2459,22681,22681,18032,22683
2282,0,2479,22821,22821,22926,19435
2283,0,3140,26245,26245,26352,21634
2284,0,11034,23098,23098,18390,18284
2285,1,10744,23314,21605,23314,15385
2286,1,8646,19004,17743,19004,20284
2287,42,9020,22098,23090,22097,24834
2288,0,2606,23018,23018,24378,21657
2289,143,721,22507,15204,22311,27116
2290,1,7145,18798,17264,18798,21737
2291,0,965,26820,26820,27005,27148
2292,0,11928,22814,22814,17073,16451
2293,2,8488,18569,22098,20910,18569
2294,8,13985,17704,19404,16522,15107
2295,0,7233,20824,20824,20815,20535
2296,0,3513,17384,17384,18705,22434
2297,3,11781,19192,22319,23456,19502
2298,0,399,21067,21067,22348,18033
2299,10,2633,23935,24968,27513,27354
2300,0,10007,21062,21062,21129,22922
2301,2,1310,22304,25230,23956,22304
2302,35,11701,21304,15513,21899,15008
2303,4,9134,19673,25203,20092,16254
2304,0,2681,25142,25142,26527,24057
2305,24,12900,23202,16750,23598,24999
2306,0,14239,17066,17066,19682,17069
2307,0,5114,22225,22225,22889,24520
2308,0,2738,19300,19300,16626,19704
2309,1,7495,19740,19841,19740,24432
2310,2,13858,18604,15012,19084,18604
2311,38,5813,15760,21043,18020,14987
2312,2,5219,19276,15733,18025,19276
2313,2,6503,23376,23909,25288,23376
2314,3,2992,16031,17997,18651,17862
2315,0,1264,17419,17419,15224,15231
2316,0,10603,20350,20350,16989,22017
2317,0,9560,24973,24973,24606,25923
2318,12,5606,21233,19844,15657,20992
2319,0,11554,25910,25910,26302,17167
2320,0,6472,15629,15629,21388,23610
2321,43,3287,20353,22194,16996,23773
2322,0,14150,16471,16471,22529,17375
2323,405,8366,25402,24796,24928,21860
2324,0,5814,20694,20694,20700,20692
2325,7,4648,23100,18667,26967,25059
2326,3,14327,16366,18278,18276,16364
2327,2,1731,27349,27598,27478,27349
2328,500,14496,24940,21669,15282,23203
2329,68,13432,19860,23021,20261,25369
2330,0,6813,26424,26424,21614,23983
2331,0,12484,22445,22445,18413,18374
2332,0,1813,18073,18073,23785,24799
2333,0,11079,22377,22377,22407,15023
2334,1,9903,24683,20076,24683,15555
2335,8,10738,26595,25513,22828,26191
2336,0,3201,20729,20729,24699,15794
2337,0,6164,21172,21172,19314,15086
2338,43,5335,27238,16351,17955,15580
2339,0,11322,24020,24020,21048,24932
2340,5,7288,20037,19834,19833,19836
2341,0,1779,23397,23397,22500,23396
2342,0,14270,22807,22807,24117,18543
2343,0,7270,16085,16085,26080,21055
2344,18,4075,19615,18760,17098,24378
2345,0,5259,23667,23667,25027,26569
2346,0,4755,25725,25725,27478,19665
2347,22,8226,16905,24808,23671,19800
2348,0,10300,17906,17906,23415,25547
2349,0,3562,26531,26531,25242,26592
2350,1,5531,25734,26314,25734,25738
2351,4,9047,21534,24498,23759,24375
2352,20,4486,23625,25051,26945,27328
2353,0,7400,23182,23182,25714,22550
2354,30,1625,25102,25477,22873,23853
2355,2,2185,17784,17736,20361,17784
2356,0,2938,18768,18768,15786,19719
2357,0,3918,22170,22170,27627,26847
2358,44,3736,21601,22628,22627,22550
2359,350,10635,17869,27738,27785,21964
2360,3,10184,25996,22204,26138,24723
2361,1,14015,21401,21407,21401,21687
2362,0,4566,19620,19620,21668,20710
2363,0,3185,27195,27195,23155,24831
2364,0,8127,24782,24782,27602,26531
2365,0,12317,26272,26272,25399,23888
2366,3,9932,24060,25412,26529,25174
2367,0,11540,27597,27597,27442,27561
2368,77,13243,18052,17446,26840,23713
2369,5,14717,26413,23993,17490,23418
2370,0,1300,14998,14998,20486,20487
2371,1,2723,19549,21328,19549,25549
2372,84,1872,19892,26051,17895,17375
2373,0,10460,21132,21132,26966,23609
2374,4,9795,19738,21148,19695,18436
2375,0,3249,16947,16947,19454,16336
2376,1,8624,16351,17116,16351,17955
2377,41,1291,15071,15224,26645,15907
2378,660,13507,27617,20003,19701,24434
2379,0,6719,20799,20799,25700,26002
2380,0,3900,19643,19643,21261,24037
2381,56,9066,23895,21217,16870,23514
2382,19,4663,23842,19809,24456,19808
2383,60,2437,27650,25228,27129,23070
2384,0,13138,15675,15675,16876,18267
2385,0,6251,16355,16355,15386,17458
2386,1305,9139,27727,27412,19018,15195
2387,4,12028,20972,20560,24509,25037
2388,0,12570,21036,21036,24259,25714
2389,3,14412,19416,17502,17260,17768
2390,0,2418,17956,17956,18368,17244
2391,1,61,27204,25723,27204,25056
2392,0,6905,22889,22889,20944,22225
2393,0,7201,23093,23093,20137,22867
2394,3722,3577,20986,25124,27736,23380
2395,0,14019,19931,19931,17532,15019
2396,6,10404,27750,27747,27749,24552
2397,91,11472,16267,24052,23068,16860
2398,4,14003,20811,20812,21681,18663
2399,7,5242,16563,19347,17951,15230
2400,0,2317,16396,16396,16077,21205
2401,1,1315,27593,25662,27593,27629
2402,2,12864,20257,19743,15826,20257
2403,0,2833,16271,16271,16889,21580
2404,0,6100,20758,20758,20759,19488
2405,7,4749,15784,15783,26456,23752
2406,1,4022,21292,21659,21292,17008
2407,0,9954,17993,17993,17442,22949
2408,213,207,27141,22916,20089,15810
2409,1,5811,18062,23205,18062,23675
2410,1,4878,16460,20327,16460,19637
2411,202,6040,25859,26709,24964,22731
2412,71,307,17107,15108,15580,15245
2413,0,10594,17265,17265,18419,15786
2414,0,11802,16161,16161,21805,15414
2415,0,10517,20023,20023,15648,16612
2416,18,5247,25460,25906,21714,25949
2417,5,9789,19302,20613,20614,19301
2418,0,7737,27081,27081,26812,24877
2419,2,1579,20041,24332,22382,20041
2420,6,4738,20152,19580,16300,19583
2421,1,5641,15690,15691,15690,15692
2422,166,10874,26727,25407,25138,25485
2423,0,4747,22524,22524,23491,22272
2424,0,6445,15105,15105,15408,15410
2425,0,2263,18461,18461,22506,16169
2426,0,5771,27615,27615,27465,27422
2427,0,9475,22288,22288,23717,25516
2428,16,9281,16768,27116,23593,26124
2429,0,9495,24416,24416,18920,22867
2430,0,8481,16253,16253,15195,18543
2431,0,1883,22972,22972,15573,23144
2432,118,10777,22735,25557,25702,24594
2433,0,6470,19488,19488,19526,20758
2434,0,7854,15654,15654,21161,20035
2435,77,9802,26151,25207,27681,27106
2436,0,7700,27642,27642,26725,27296
2437,0,12373,23844,23844,24899,16749
2438,17,12443,15447,18328,21674,27113
2439,1,3372,22396,18527,22396,22556
2440,0,4558,23216,23216,19905,23831
2441,1,292,24997,23335,24997,22158
2442,0,1548,15226,15226,15228,20815
2443,23,7205,24709,26190,18851,24087
2444,0,5898,21015,21015,16205,17051
2445,1,13710,18593,18431,18593,19279
2446,0,6042,15440,15440,15439,15415
2447,0,8689,23097,23097,24575,26342
2448,0,584,23427,23427,15970,18297
2449,4,14470,24547,16079,16149,16090
2450,1,14789,23319,23318,23319,23320
2451,0,12852,15224,15224,19346,20652
2452,4,6008,22228,23369,16403,24939
2453,924,1077,15326,21762,18398,20227
2454,0,3868,16943,16943,26077,27323
2455,0,8766,23671,23671,23954,23670
2456,11,4388,21943,25690,25691,22000
2457,2,11143,15357,20864,15358,15357
2458,3,13266,25998,26399,26397,26529
2459,240,9832,22536,21035,24039,24944
2460,9,6306,15369,15361,23023,22211
2461,39,3063,25730,26429,20260,23091
2462,0,11493,20204,20204,15964,21909
2463,0,12219,20629,20629,20646,20639
2464,16,9076,23052,19983,18316,22534
2465,1,2387,26228,20089,26228,26987
2466,0,10406,17075,17075,17876,17307
2467,1,1930,21933,25915,21933,21921
2468,398,8390,26961,22641,27328,27327
2469,0,10596,17427,17427,17613,17765
2470,0,11539,21688,21688,21142,21149
2471,0,1622,22361,22361,22360,22359
2472,127,13555,16217,16835,16684,17324
2473,0,3678,21615,21615,27433,15634
2474,496,1182,27674,21549,27091,18849
2475,3078,5103,23203,18009,15038,16415
2476,0,13063,21643,21643,17038,17307
2477,0,7398,25971,25971,26734,22839
2478,0,7286,16774,16774,18054,18549
2479,7,13488,21670,15939,19427,15864
2480,9,12086,18858,16653,16747,15106
2481,3,5434,23893,16047,24221,15120
2482,0,4233,18767,18767,22364,18768
2483,0,14334,27088,27088,17332,21841
2484,0,12147,27051,27051,26835,26559
2485,1,12632,23906,23907,23906,24778
2486,0,3924,26537,26537,24666,26121
2487,43,10051,23571,26484,26021,25430
2488,6,10795,26579,22527,25077,25336
2489,139,13949,21557,18784,19740,16571
2490,0,5190,26490,26490,22541,24397
2491,22,13587,24678,24796,25850,25237
2492,97,2244,19912,21866,20929,19260
2493,3,2592,24613,26164,24709,18727
2494,0,9712,17167,17167,21637,25869
2495,0,13101,18481,18481,19958,18483
2496,4,13661,15433,21505,18402,16758
2497,3,2554,22242,21587,16467,15368
2498,0,7141,15590,15590,15493,16215
2499,10,2089,23632,23642,22304,24386
2500,0,13427,21269,21269,21279,21266
2501,0,9464,18235,18235,20445,19684
2502,0,1821,26217,26217,24109,19422
2503,0,9266,18954,18954,18953,22460
2504,29,11682,19405,20790,19230,19187
2505,0,9144,20812,20812,20809,20811
2506,85,4439,24330,20602,24317,24488
2507,29,985,18535,17323,20158,26967
2508,83,9131,21918,19643,22724,19391
2509,1,802,26954,27327,26954,26707
2510,0,11761,23259,23259,24469,19281
2511,4,2736,25451,17232,23580,25730
2512,1,6657,27117,26763,27117,27645
2513,118,3371,19745,25124,26384,20261
2514,0,11332,26169,26169,25332,26661
2515,0,7971,18313,18313,21364,20154
2516,0,769,19566,19566,19894,15484
2517,8,11343,17168,16693,17696,16342
2518,0,5409,18824,18824,21718,21662
2519,1,13757,21391,18974,21391,21412
2520,5,7794,25565,26929,26619,26736
2521,1,3433,22862,22636,22862,24918
2522,412,1057,25862,15321,22775,19608
2523,0,8285,27688,27688,27232,26950
2524,0,11565,16055,16055,16693,16706
2525,0,10877,15636,15636,21536,15729
2526,4,11668,22460,17264,17362,21384
2527,1,8355,23821,23831,23821,23832
2528,0,449,26100,26100,24723,25996
2529,2,7490,22523,21495,16742,22523
2530,2,11241,19972,19977,20064,19972
2531,0,8484,22055,22055,27645,27101
2532,0,11411,19034,19034,20603,22665
2533,0,561,22463,22463,17059,18111
2534,9,2050,16847,20557,20091,27727
2535,1,9315,27384,27462,27384,26026
2536,2092,3932,16012,15284,15881,18792
2537,0,4462,21583,21583,24475,18495
2538,5,10809,23430,19544,27532,17745
2539,0,12227,22321,22321,17002,15872
2540,11,11536,21085,21747,20375,19979
2541,139,1343,21620,19811,21519,15725
2542,0,13337,20618,20618,20285,20631
2543,0,4500,15401,15401,15988,15980
2544,24,1652,26596,22831,25996,26442
2545,0,4729,20072,20072,21186,20063
2546,1,13878,20771,21286,20771,21284
2547,0,5438,17024,17024,18344,18087
2548,0,8272,23858,23858,24843,26077
2549,0,7179,25530,25530,18184,24916
2550,0,11178,16151,16151,16150,16152
2551,1,1517,25387,25251,25387,15344
2552,3,5459,19902,15665,15664,23107
2553,0,13978,21285,21285,22570,21286
2554,1,3696,24520,25523,24520,20589
2555,78,9325,26711,26373,26959,26488
2556,0,4916,17931,17931,17928,17929
2557,0,3294,17475,17475,17403,22119
2558,0,1034,15037,15037,17781,14952
2559,0,318,26480,26480,26933,21634
2560,54,10196,25068,19536,19661,21541
2561,0,8143,25001,25001,27538,25981
2562,2,2422,21990,18107,20722,21990
2563,39,9137,25114,24957,23334,26009
2564,0,7547,20192,20192,20214,20191
2565,0,302,26421,26421,26419,27249
2566,0,7300,25245,25245,26580,22822
2567,4,12796,25599,20138,22580,22234
2568,0,8835,23281,23281,19754,19843
2569,0,1477,22503,22503,22501,24202
2570,2,11195,25149,18016,26368,25149
2571,0,2264,18750,18750,24630,21835
2572,0,1724,17803,17803,18045,20185
2573,0,5430,16333,16333,23464,22926
2574,0,11163,25544,25544,26086,18160
2575,0,14061,18517,18517,18519,18518
2576,0,7199,22585,22585,19286,21611
2577,0,4443,18087,18087,26118,20135
2578,0,154,15333,15333,15007,16596
2579,0,4419,22011,22011,18679,18773
2580,3,8273,24622,27461,22124,24911
2581,13,11070,25610,22266,16602,22706
2582,1,7463,23680,24172,23680,22798
2583,0,6554,15822,15822,24557,16436
2584,0,12265,16591,16591,26701,24411
2585,2,12885,27237,27236,27240,27237
2586,0,3025,22853,22853,24844,22146
2587,1,11631,18335,18027,18335,26779
2588,3,14325,16980,18824,21217,17342
2589,0,12860,20871,20871,20869,20870
2590,0,8581,22614,22614,24857,21924
2591,0,6357,25487,25487,24897,25930
2592,62,13820,22866,24113,20986,22654
2593,0,123,22818,22818,19246,21075
2594,3,10600,26677,27383,25077,26941
2595,0,12269,23264,23264,25237,23364
2596,74,3162,24250,23949,23948,23945
2597,0,9933,20945,20945,19867,18504
2598,0,14037,15059,15059,17544,17222
2599,1737,14550,17845,23993,17490,23418
2600,0,8276,19198,19198,16320,16027
2601,0,3392,21652,21652,22074,22127
2602,0,2074,27742,27742,23571,24472
2603,0,8943,24300,24300,25487,25345
2604,5,7956,26632,26613,21788,26641
2605,0,6681,18559,18559,18552,18555
2606,0,2039,25948,25948,25662,19665
2607,0,6431,23767,23767,22415,24067
2608,12,3922,24503,18718,26216,25607
2609,3,6832,15375,15703,17801,15374
2610,0,9423,17632,17632,22987,22594
2611,0,10822,26040,26040,26045,26046
2612,285,12722,20282,24093,26637,23337
2613,0,13434,19103,19103,20186,19889
2614,0,12517,21204,21204,16077,19908
2615,10,6089,18373,17306,20615,19302
2616,0,6151,19252,19252,19250,19251
2617,3,13034,17332,16349,21841,27088
2618,0,1581,25350,25350,26379,25865
2619,0,14812,23568,23568,23043,21885
2620,93,9997,20114,23817,26604,25831
2621,0,532,17764,17764,21626,20016
2622,6,2457,23348,22267,17011,17008
2623,0,2518,24484,24484,16068,24532
2624,4,1497,27462,27639,27151,27404
2625,0,11956,27043,27043,27608,25769
2626,0,12701,21107,21107,24241,23620
2627,0,1758,21905,21905,22818,19216
2628,1,9530,21462,23974,21462,27190
2629,0,8461,22620,22620,18578,17333
2630,51,5570,17216,16116,18338,19324
2631,2,8444,18340,26689,24372,18340
2632,6,3651,16750,18947,16858,17115
2633,0,1725,17151,17151,19723,19727
2634,14,4595,19323,15870,15871,22997
2635,0,4242,23996,23996,26750,26295
2636,2,12534,26135,25441,25143,26135
2637,3,10262,16427,18361,16595,21028
2638,2,2526,26388,22559,20155,26388
2639,1,11015,20046,20045,20046,22733
2640,7,6629,27456,23883,24810,26985
2641,0,12929,15420,15420,17873,18528
2642,0,899,19340,19340,18274,19935
2643,0,1005,23747,23747,21092,21478
2644,0,2521,19425,19425,22105,19766
2645,10,11587,25206,23593,23056,23862
2646,0,14518,22544,22544,15740,21794
2647,43,3821,23737,18037,15030,15685
2648,347,6517,27425,26881,27415,27118
2649,74,6646,26979,24779,27084,27362
2650,11,320,24667,27715,25124,20415
2651,1,2768,18977,24072,18977,15445
2652,0,7070,21533,21533,21155,21153
2653,1,10087,15031,15439,15031,15440
2654,0,3304,24239,24239,25488,27059
2655,0,7087,26186,26186,26747,27334
2656,1,5371,16126,25911,16126,16500
2657,0,4018,26106,26106,21375,24745
2658,33,4919,18135,15046,15428,15384
2659,10,13050,16344,16699,17600,16343
2660,1,1093,27183,20926,27183,21561
2661,0,2949,26437,26437,19602,19660
2662,159,7595,18819,15293,17130,15450
2663,1565,586,18354,26199,22249,21639
2664,0,9073,16103,16103,18930,23496
2665,0,10552,26953,26953,26250,27524
2666,14,1706,22610,19973,21261,17291
2667,48,13670,22555,15501,19084,15034
2668,0,3812,22090,22090,24475,27637
2669,1,13354,21336,23267,21336,23099
2670,0,853,17912,17912,16393,16673
2671,21,7735,18451,27088,23600,17532
2672,0,9533,26621,26621,26557,27098
2673,11,14068,19129,19451,19759,19125
2674,16,1061,20469,20597,17962,15536
2675,0,5725,17809,17809,15808,18525
2676,21,12342,15595,16102,15785,19450
2677,2,12837,23843,15543,15250,23843
2678,0,7714,18509,18509,27670,27457
2679,0,12756,23379,23379,26231,26791
2680,193,13258,16556,16234,17895,16520
2681,0,2636,23973,23973,23502,23807
2682,5,2719,25312,25012,27013,25285
2683,1,9171,26582,24293,26582,21749
2684,2,8102,25540,25543,24827,25540
2685,314,976,27414,27456,21434,25517
2686,3,6200,22624,22626,22628,20752
2687,2,2979,26651,26572,25929,26651
2688,86,9542,26676,26186,26747,20260
2689,495,8453,27614,27326,27205,27085
2690,0,11313,23104,23104,23105,21671
2691,0,2003,25735,25735,17232,23155
2692,25,10888,21714,16386,20410,21472
2693,0,4723,17425,17425,23021,23497
2694,0,25,15691,15691,15046,15147
2695,13,2608,17402,19007,22712,22713
2696,2,14713,19599,23482,16101,19599
2697,8,3172,25099,24655,26938,25557
2698,1,7623,23663,24414,23663,23431
2699,0,7736,23600,23600,26779,23422
2700,1336,2284,27792,24750,22893,15282
2701,18,13054,16778,19192,25089,16182
2702,11,8532,25521,26706,26794,26438
2703,4,3946,27361,23120,24540,27673
2704,0,14736,19517,19517,15645,20686
2705,0,14553,16713,16713,19064,15248
2706,0,10513,16320,16320,16322,16683
2707,0,12045,15365,15365,16908,21319
2708,166,10199,19823,23540,21742,19421
2709,0,7469,21954,21954,27509,23854
2710,0,649,22795,22795,19974,26379
2711,0,1071,14974,14974,15014,15184
2712,0,377,15393,15393,15239,19044
2713,179,8577,22477,26967,18726,21671
2714,0,2969,19825,19825,25902,19831
2715,100,14913,26801,25532,18330,26609
2716,1,1194,25568,21661,25568,15996
2717,1719,7803,25587,23297,15804,20703
2718,0,8976,17469,17469,17954,16647
2719,0,5358,21679,21679,21258,17169
2720,27,1908,17181,19923,20896,23973
2721,9,5746,26352,26933,25868,26215
2722,1,1301,24305,25198,24305,25197
2723,27,10247,18397,23335,21614,18748
2724,283,10745,26839,18540,18376,16658
2725,3,4304,24385,21749,22583,24384
2726,4,1656,16122,25347,27398,19932
2727,0,13570,23358,23358,18029,18360
2728,1,8046,27699,27145,27699,19712
2729,0,10539,20486,20486,20487,14998
2730,3,10924,15881,17724,18884,15027
2731,0,4276,25767,25767,25847,27524
2732,0,3983,16745,16745,18414,15876
2733,91,11380,25276,25877,25850,25758
2734,809,6588,25490,17039,22877,24771
2735,0,6272,26830,26830,22123,26294
2736,0,5301,16433,16433,16431,16432
2737,1099,2336,27464,15274,20362,20279
2738,22,9450,24146,24145,25679,26116
2739,2,166,15817,15825,15818,15817
2740,1,12073,19591,19587,19591,18167
2741,185,6991,15235,23589,18435,18037
2742,2,12051,22191,23268,16936,22191
2743,0,7673,18756,18756,21128,20103
2744,55,9239,26883,27484,27031,25717
2745,6,6898,25064,24811,27077,21137
2746,0,4507,17551,17551,17555,21411
2747,0,7579,26224,26224,21904,18805
2748,0,1142,24291,24291,25543,25542
2749,4,10366,17014,22674,16617,23207
2750,0,10589,27652,27652,24161,25471
2751,265,5488,24039,26118,25264,26593
2752,5,10343,22579,21760,26463,18792
2753,4,5389,27483,25094,27629,25517
2754,49,1339,25092,18472,17990,25307
2755,0,10653,19413,19413,20790,19232
2756,272,12376,25494,25660,25684,18403
2757,1,411,18237,16524,18237,16588
2758,0,2573,18780,18780,24223,21556
2759,1,12064,19791,20306,19791,20777
2760,3,1419,26553,24928,21860,26004
2761,0,4474,27047,27047,24643,22720
2762,47,7740,17955,21294,18135,16782
2763,3,6496,20170,21448,25714,24416
2764,8,5129,23612,18927,24709,22766
2765,0,424,15641,15641,27491,15098
2766,2,3749,20137,19549,18105,20137
2767,3,10910,21160,21176,21161,18924
2768,1,11655,16218,15389,16218,20947
2769,0,11319,21740,21740,15310,15301
2770,1,4241,18658,20315,18658,23088
2771,0,7,25062,25062,22946,24541
2772,0,12282,24672,24672,19555,18277
2773,0,12297,20359,20359,18271,22834
2774,0,7195,17697,17697,19214,16210
2775,0,3771,20853,20853,21746,17968
2776,2,12287,17570,15450,17569,17570
2777,1,11692,20086,20733,20086,20085
2778,2,6026,15665,15224,17538,15665
2779,0,6762,24662,24662,26826,25920
2780,11,13013,26425,26251,24544,17234
2781,7,5373,19870,21782,15553,18471
2782,975,12788,18841,20495,22665,15838
2783,1,11985,25745,26438,25745,26015
2784,0,15,20157,20157,21040,21799
2785,0,176,15720,15720,15527,14955
2786,75,8354,21504,19286,19756,19288
2787,1,1608,17714,21315,17714,21311
2788,34,10238,17452,15225,23598,15312
2789,5,12291,26014,27703,25607,25817
2790,0,8435,18111,18111,18893,18305
2791,1,13596,15449,24913,15449,15448
2792,1,14631,27706,23043,27706,18658
2793,10,9918,18456,24693,15456,15669
2794,4,7088,23985,22123,26294,19920
2795,8,8821,22279,23685,23607,27460
2796,0,9355,17153,17153,24230,21959
2797,2,8750,26342,26502,21047,26342
2798,84,7155,27130,26984,27556,25001
2799,217,13864,27325,24796,23825,25485
2800,12,5556,26794,26184,26407,25950
2801,3,8560,15981,15133,26791,23379
2802,5,2268,17539,17362,24111,18798
2803,120,5033,27619,25662,27051,27598
2804,34,12678,17142,23255,15657,16849
2805,1,3795,19076,15751,19076,15754
2806,612,7619,22846,20295,17586,20297
2807,1,4476,16565,17513,16565,22275
2808,5,3843,21806,17197,21980,15571
2809,0,11244,23316,23316,23321,23402
2810,4,7477,16266,15103,15406,16533
2811,1,10824,22815,25466,22815,26923
2812,152,12891,24513,25237,25359,24698
2813,1,10330,25211,22500,25211,24201
2814,0,10675,25960,25960,27451,27577
2815,2,6154,25436,26463,25724,25436
2816,0,4152,27224,27224,21707,21475
2817,4,10830,25204,26853,24333,23914
2818,0,7861,19514,19514,15461,20906
2819,11,6671,16817,21661,15996,18915
2820,1,553,20099,25902,20099,24920
2821,4,1346,24759,27598,27421,26125
2822,0,13935,20535,20535,20815,20819
2823,1,3454,22226,22220,22226,27696
2824,24,5404,16455,16308,18352,16376
2825,0,12731,19012,19012,25732,22763
2826,0,4880,18684,18684,21101,17860
2827,0,2305,19811,19811,20100,25653
2828,1,11661,20344,17073,20344,22281
2829,0,13593,18983,18983,20831,18877
2830,3,3062,23704,25920,17989,22839
2831,66,1133,22462,24651,17084,23291
2832,0,5118,15534,15534,19812,24669
2833,13,10661,26534,22858,23835,23831
2834,0,552,17585,17585,22506,16169
2835,10,9065,20847,17968,21746,20853
2836,24,14459,17904,15123,15685,15433
2837,0,12175,26156,26156,27582,25078
2838,0,12177,17426,17426,16633,16629
2839,12,1055,26908,26034,27084,26351
2840,0,7122,20524,20524,22618,20980
2841,20,8983,26952,18988,19686,22331
2842,66,6680,27443,24152,26287,23399
2843,0,6784,22096,22096,25486,22341
2844,59,2112,17774,15996,15703,21661
2845,3,1304,16352,17781,16719,15527
2846,4,13528,19023,19019,18934,19021
2847,0,6790,21423,21423,21075,21092
2848,0,7378,26362,26362,22454,22784
2849,0,7905,16364,16364,15920,22351
2850,0,12264,20519,20519,22997,23559
2851,16,2800,27499,27573,23229,27598
2852,0,3790,18051,18051,22235,20269
2853,6,1274,22379,24816,24815,16035
2854,0,4783,20202,20202,15696,19504
2855,4,11039,15495,21566,26079,22262
2856,35,2936,25259,25971,26985,21615
2857,0,3235,19606,19606,23579,23691
2858,0,6345,22736,22736,15194,16765
2859,527,10175,27767,26302,27280,27281
2860,3,408,23909,20967,24639,25586
2861,11,1086,26316,25927,26823,24092
2862,0,672,27005,27005,26820,26048
2863,0,3170,15428,15428,17005,17096
2864,12,1669,27314,27603,25632,16848
2865,8,10618,25382,19567,19038,21609
2866,837,4292,27528,26780,22660,26894
2867,0,5953,22046,22046,16620,22304
2868,0,6415,24024,24024,24446,25501
2869,1,12396,21310,17714,21310,18291
2870,1241,11296,19347,25301,22379,23506
2871,28,310,18345,19757,17121,20302
2872,38,12187,15053,15508,16938,18884
2873,1,11738,15786,18997,15786,16878
2874,0,14766,21852,21852,16045,18956
2875,0,9132,15183,15183,18642,16125
2876,16,731,25109,18004,21131,23920
2877,0,9661,24549,24549,21696,25560
2878,4,1809,19633,15893,22427,22423
2879,0,10038,22287,22287,19615,23369
2880,1,8833,20733,20085,20733,20086
2881,0,1213,21749,21749,22054,24641
2882,0,8256,18680,18680,23201,24855
2883,0,1238,23647,23647,26164,16943
2884,15,4913,23949,23941,15486,17498
2885,3,7940,17039,24773,24769,24775
2886,0,3839,15777,15777,15527,17781
2887,21,4678,25613,25732,23154,25771
2888,42,13691,15337,23019,24183,15287
2889,4,13510,24323,17085,17086,15624
2890,0,3436,27740,27740,27731,27758
2891,9,3777,26707,24894,20720,22104
2892,0,8200,19631,19631,22427,22435
2893,941,3404,19092,17541,17558,22215
2894,0,10754,26113,26113,18442,17909
2895,0,13539,16190,16190,20467,15642
2896,0,7323,18695,18695,19315,16946
2897,0,8229,26356,26356,18697,21589
2898,0,4473,17514,17514,23729,24421
2899,6,12922,26292,21625,16674,22442
2900,0,807,21388,21388,22219,23335
2901,0,4838,25684,25684,17124,25660
2902,1,12771,27162,17668,27162,16183
2903,0,4776,21683,21683,21403,20651
2904,1,14689,19623,19624,19623,21149
2905,170,1159,18166,24232,24107,25057
2906,0,6932,20185,20185,15800,21257
2907,31,2433,25616,19084,15156,15500
2908,0,10501,23679,23679,26063,19817
2909,0,13940,24044,24044,17327,18306
2910,0,10773,21349,21349,22451,22452
2911,15,13553,19187,19383,19358,19407
2912,0,13763,23757,23757,18641,16622
2913,179,379,27757,21860,25831,23835
2914,3,9844,22471,18220,24086,17563
2915,14,2757,16115,26726,26480,27160
2916,0,10717,25777,25777,25060,25814
2917,0,1732,15072,15072,17781,15873
2918,45,10657,23385,24796,24698,21860
2919,0,6093,21976,21976,19150,21842
2920,379,6497,22351,16198,21234,19685
2921,0,2337,25788,25788,22660,27459
2922,0,4386,25019,25019,21894,18477
2923,1,3534,26199,26377,26199,26042
2924,0,12092,15869,15869,20791,17434
2925,24,2010,17174,15073,19451,19130
2926,0,7481,17918,17918,17920,16606
2927,5,8497,15124,19218,15125,17681
2928,0,2218,27214,27214,21017,16168
2929,14,3952,22519,18721,18084,21488
2930,0,8411,22115,22115,21757,24155
2931,11,4031,20557,23350,23969,24119
2932,2,5616,24748,19994,24762,24748
2933,1,3337,15891,15129,15891,20361
2934,3,2076,24625,22765,20407,17451
2935,2,14642,20225,18293,15419,20225
2936,297,7712,18296,21148,24375,24498
2937,0,12985,19052,19052,16374,18604
2938,11,6548,17483,20361,15129,16047
2939,0,7957,15230,15230,22378,19347
2940,0,11182,26216,26216,24504,24054
2941,0,7183,23665,23665,19788,18075
2942,0,8304,16976,16976,18414,21684
2943,7,14666,17366,23088,23717,23226
2944,49,3625,23714,22687,26490,25034
2945,0,3823,22565,22565,21623,20606
2946,0,5096,22129,22129,23376,20710
2947,14,10529,17756,17569,17570,15450
2948,0,3196,26365,26365,26039,25966
2949,13,11295,24072,18874,18401,19184
2950,1,10697,22993,16998,22993,21623
2951,2,2272,24688,21850,17862,24688
2952,34,3798,18410,16225,15040,16475
2953,0,4224,17042,17042,17658,23329
2954,0,13327,17769,17769,17604,15383
2955,230,2944,27544,15614,15613,16725
2956,0,8243,26039,26039,26646,25429
2957,352,14207,24805,24796,25359,25430
2958,3,13263,26483,25430,23815,24677
2959,1,1117,26499,26497,26499,21047
2960,59,2570,24875,17405,18568,17143
2961,0,12695,18248,18248,15206,20090
2962,0,13707,19439,19439,20566,24803
2963,1066,1618,26955,25124,23380,26877
2964,40,6539,21961,21648,21984,27096
2965,24,228,18850,18105,21054,15534
2966,2,11239,23697,24709,22617,23697
2967,0,3460,25335,25335,26012,23801
2968,16,8582,24656,25507,15248,27692
2969,0,3726,25116,25116,26203,27095
2970,331,3126,21639,23334,22858,26369
2971,3,5144,27116,26124,22679,17513
2972,0,1043,14952,14952,17781,15527
2973,8,534,22607,24776,24772,24764
2974,11,9859,23595,24004,15361,18312
2975,51,10348,22400,16037,15237,20407
2976,0,13547,22041,22041,24915,25460
2977,1821,5623,27115,18254,26879,24989
2978,2,9783,16465,15022,17635,16465
2979,0,8135,26604,26604,19905,23977
2980,0,467,18919,18919,18085,20455
2981,3,8440,25133,21521,26947,27638
2982,1,10590,18131,15423,18131,23040
2983,0,6670,22745,22745,23664,23262
2984,1,260,22255,15120,22255,20969
2985,0,243,22669,22669,25230,16620
2986,0,2465,22266,22266,24630,23730
2987,3,1502,16342,16809,16280,15803
2988,48,12113,18424,18351,18276,18277
2989,2106,4547,18376,14963,17673,20703
2990,0,11001,24231,24231,17153,21959
2991,45,2859,17233,24737,20041,24798
2992,0,4917,16974,16974,22274,16971
2993,0,1837,24485,24485,19361,20206
2994,19,7528,26072,24796,25850,25596
2995,0,8685,27084,27084,27640,25974
2996,0,5654,26355,26355,25700,20115
2997,0,5978,19424,19424,24299,19737
2998,0,4843,23124,23124,24243,16491
2999,6,2625,17070,24749,17374,24103
3000,5,4684,27681,27456,27598,26898
3001,0,9886,23648,23648,26370,25060
3002,0,1792,15467,15467,19466,18292
3003,201,8778,20164,23241,20202,16447
3004,396,14379,24056,27672,21674,15119
3005,15,5887,24902,17451,16465,16463
3006,0,3048,22012,22012,19277,21850
3007,2,11420,16428,16629,21672,16428
3008,0,4394,17200,17200,17199,20017
3009,0,14374,18901,18901,18883,20317
3010,304,10904,27444,24562,26763,26962
3011,0,10412,15297,15297,22038,20575
3012,1831,10308,17727,18616,19185,19913
3013,0,2291,17278,17278,17279,21300
3014,0,10516,19565,19565,21573,22967
3015,15,13577,17746,18010,17488,17745
3016,42,7502,16198,15960,16975,22692
3017,0,10533,22071,22071,22065,17278
3018,19,8793,27150,17584,26079,17583
3019,7,9870,27646,27657,26153,27671
3020,1048,13114,20375,19981,15905,19979
3021,2,1357,20720,19699,15693,20720
3022,1,5326,20264,19702,20264,20003
3023,36,1881,25419,25901,26508,27754
3024,0,10891,19628,19628,20069,20653
3025,12,875,19996,20009,20008,24747
3026,0,9155,18777,18777,18677,22643
3027,0,9288,21442,21442,21472,20410
3028,210,8501,24390,24820,26967,25382
3029,17,385,17251,16040,16633,23972
3030,0,4142,23654,23654,23441,23744
3031,0,5160,21038,21038,15977,20098
3032,1,6596,24635,23854,24635,27509
3033,1,12585,20395,20394,20395,21413
3034,5,6241,22922,18103,21483,20727
3035,2,2586,23459,24499,18482,23459
3036,0,6675,15645,15645,20686,15166
3037,4,1580,22331,19679,19686,19716
3038,0,4453,24466,24466,16389,26897
3039,0,11250,24690,24690,22150,19006
3040,545,258,20554,26143,16191,27715
3041,24,9216,17411,17412,23019,23347
3042,0,7385,23932,23932,19329,18893
3043,0,12072,19782,19782,15600,16555
3044,0,9265,18004,18004,24917,18796
3045,5,7339,17683,21742,25057,20175
3046,0,8322,24524,24524,20924,15581
3047,0,1491,22986,22986,22637,22985
3048,0,12116,17205,17205,22320,17539
3049,0,10120,20687,20687,21395,21394
3050,0,3993,22183,22183,25954,25560
3051,0,10671,25484,25484,26320,27031
3052,21,2404,20378,15479,21661,15703
3053,0,5716,27524,27524,27608,27569
3054,209,8089,21542,15443,26795,19043
3055,12,9080,21312,17713,20173,19335
3056,1,13156,19227,18930,19227,18629
3057,0,11776,19667,19667,16763,25844
3058,0,8181,22905,22905,24197,22716
3059,0,11711,16832,16832,17567,15808
3060,0,10909,22476,22476,22552,24820
3061,0,11812,24726,24726,15794,21426
3062,0,9384,25798,25798,22185,26547
3063,0,13818,26138,26138,15297,22192
3064,7,14362,22678,18803,19147,17687
3065,23,9516,23962,27602,25081,24521
3066,2,9007,18688,18997,18998,18688
3067,0,8747,24778,24778,23605,23281
3068,3,12061,24064,19891,19892,21872
3069,0,8863,19869,19869,19825,21060
3070,0,9024,19581,19581,19583,19574
3071,2,7426,21623,21857,16998,21623
3072,0,13813,22174,22174,18050,15830
3073,82,2289,17593,26580,17441,18518
3074,424,8962,27426,26913,26914,26909
3075,180,11358,24047,22410,16671,20703
3076,221,9141,24750,22343,19991,15391
3077,42,6903,22718,22631,22634,22635
3078,0,1402,19107,19107,22962,19109
3079,0,7242,16695,16695,16708,15564
3080,0,8012,24319,24319,23282,24156
3081,1,10890,15198,18300,15198,22463
3082,0,230,15300,15300,16977,20485
3083,13,6537,27474,26648,25662,26036
3084,38,6549,27743,18314,15456,24693
3085,0,7319,16707,16707,15564,16219
3086,0,14251,19463,19463,19275,17961
3087,4,12903,15744,24298,23862,23497
3088,0,13384,15604,15604,21366,21364
3089,128,9885,20083,19874,25031,21110
3090,0,5558,16953,16953,17303,15166
3091,0,11968,24579,24579,26607,27496
3092,10,3870,16987,17882,22966,16996
3093,2,7505,15434,18368,16194,15434
3094,0,4229,25738,25738,26077,26086
3095,6,13770,21831,22749,22300,23374
3096,0,4935,15820,15820,19304,22979
3097,0,2160,21266,21266,21269,16970
3098,0,9212,22426,22426,22239,22282
3099,1,389,17747,16986,17747,19643
3100,0,1273,22408,22408,15877,22377
3101,0,11471,15204,15204,23497,15148
3102,179,3407,27313,21488,26835,26688
3103,0,8373,26667,26667,24894,25930
3104,3,9321,16386,22268,26936,19812
3105,0,2227,26442,26442,27112,18033
3106,3602,12599,20260,25206,16755,22487
3107,132,5112,24601,21237,19903,23106
3108,15,5822,25582,21955,21343,16068
3109,15,13212,25292,25290,24752,25289
3110,91,10185,27307,21954,25762,20351
3111,2,12322,18790,23712,22883,18790
3112,0,6276,26989,26989,18178,27477
3113,79,2023,26223,27645,25232,26752
3114,0,11146,20925,20925,18194,19022
3115,0,4786,20785,20785,24789,25824
3116,17,5534,23022,23555,17728,25620
3117,0,12889,16410,16410,15517,16258
3118,0,7095,21983,21983,25792,19225
3119,1,12130,15260,18332,15260,24376
3120,0,9747,19414,19414,19384,19160
3121,0,3311,24097,24097,23233,24361
3122,0,4200,16293,16293,21806,15584
3123,2,611,25345,21736,26436,25345
3124,26,2712,22190,22472,25010,25042
3125,0,10312,16607,16607,21685,21364
3126,0,5090,24974,24974,24530,23197
3127,5,2884,22504,22574,22164,21565
3128,45,11064,17511,15493,17263,17193
3129,0,3609,18865,18865,21909,19649
3130,1,2604,15766,17962,15766,18054
3131,0,6765,19305,19305,23199,21929
3132,0,241,17378,17378,20485,15300
3133,0,6799,19487,19487,15201,17166
3134,0,1116,22141,22141,23705,19987
3135,15,3120,25495,15085,19846,16567
3136,1,8216,16546,21164,16546,21165
3137,0,3069,22104,22104,15793,22696
3138,7,10113,16866,18416,17525,19868
3139,0,7962,20183,20183,20189,20182
3140,240,14811,27412,17457,21592,15399
3141,3,4885,21610,16987,18587,22484
3142,0,11591,21509,21509,19667,22531
3143,185,13339,25756,23833,23831,22858
3144,15,8701,26457,21742,25057,24992
3145,0,3485,17289,17289,17279,17278
3146,0,7892,16675,16675,17547,16493
3147,45,529,20052,19824,17654,23572
3148,0,14187,20335,20335,16572,16587
3149,0,380,18644,18644,18614,15426
3150,0,11863,19022,19022,19020,20925
3151,1,3941,18705,19648,18705,20252
3152,0,5360,16127,16127,16881,16148
3153,1,4778,15859,15801,15859,16182
3154,10,6953,19045,25305,23611,23322
3155,0,11558,18985,18985,17658,16811
3156,1,233,15735,15655,15735,15090
3157,0,5702,17898,17898,21758,18156
3158,2,11736,17359,17360,27715,17359
3159,0,13537,25875,25875,23593,24216
3160,6,9093,18422,15169,16048,18329
3161,0,3356,15924,15924,22909,24267
3162,0,11998,18519,18519,20992,26220
3163,495,12608,25154,27051,27283,27324
3164,5,12631,22690,24383,22402,24373
3165,1,2280,20009,17376,20009,20002
3166,52,9716,23856,22716,18632,25593
3167,0,14110,24257,24257,18889,19141
3168,0,9532,20184,20184,20181,20214
3169,0,3262,15519,15519,15878,17419
3170,7,12068,26912,26910,26505,26911
3171,0,9410,23355,23355,21814,25672
3172,4,10711,18124,16321,16829,16830
3173,2,11800,25691,27697,25690,25691
3174,0,10168,27166,27166,27481,27687
3175,8,1788,17823,15848,24821,16452
3176,0,12378,20253,20253,19678,26113
3177,2,9041,21253,21252,20190,21253
3178,1,2366,17667,22879,17667,25856
3179,138,7177,26722,18499,15794,16068
3180,2517,13230,16658,17624,20588,20987
3181,0,3607,22907,22907,19613,17891
3182,1,7308,15081,18655,15081,14959
3183,0,1395,19688,19688,20923,19689
3184,2,3958,24438,19359,19810,24438
3185,0,7952,17171,17171,18011,17172
3186,5,10172,23176,24949,24626,23893
3187,47,5626,15478,20464,20462,20465
3188,493,2528,27754,27043,20944,27566
3189,39,3597,27329,27610,27587,26921
3190,0,5186,25182,25182,25001,24130
3191,0,4299,18937,18937,22694,26356
3192,0,11312,16311,16311,16873,19093
3193,0,5420,18763,18763,20768,21291
3194,2,11083,25014,24057,25029,25014
3195,1,1529,22415,23715,22415,24580
3196,48,6414,18311,15361,26906,15368
3197,0,11677,24086,24086,23859,23853
3198,0,6433,17736,17736,20314,18498
3199,0,12603,26671,26671,19907,19838
3200,9,11067,24264,22780,24447,17780
3201,2,441,16035,17628,22378,16035
3202,0,13888,21087,21087,14957,17868
3203,1,4010,16497,16241,16497,16144
3204,0,131,22348,22348,23765,24296
3205,2,3136,16558,16791,16560,16558
3206,0,627,16338,16338,21754,24024
3207,31,12958,26843,24257,25493,22143
3208,0,3131,17989,17989,23704,23125
3209,0,14315,19428,19428,17103,17224
3210,0,7839,17304,17304,17305,18414
3211,0,2908,24686,24686,18706,21909
3212,234,14084,20709,17904,16812,17513
3213,1,2529,18230,16536,18230,21979
3214,0,2324,19402,19402,17165,21779
3215,11,9018,16961,21556,18569,22494
3216,3,2976,22676,27327,23669,27468
3217,0,2408,26277,26277,19993,23981
3218,23,9349,20822,23217,15897,17127
3219,0,2652,25653,25653,21094,18150
3220,3,1214,22333,15587,18949,15304
3221,1,9798,26470,22916,26470,15810
3222,0,9028,27154,27154,27483,25207
3223,7,5120,18523,21382,21040,16008
3224,5,14098,20061,15535,16557,17962
3225,1427,10137,16674,25562,21984,22564
3226,0,9360,25322,25322,27455,17940
3227,1,5750,16221,16560,16221,16791
3228,6,8982,20502,20501,19479,20760
3229,0,642,20800,20800,18002,19547
3230,0,10689,20319,20319,24007,16198
3231,161,5239,18330,15783,17570,15784
3232,0,4641,25762,25762,20312,22926
3233,451,11703,20281,25888,26312,25337
3234,0,11104,27236,27236,27029,27243
3235,1,8786,22229,21980,22229,22195
3236,0,13228,23980,23980,23690,23976
3237,1,14306,20360,16018,20360,16723
3238,14,13213,19807,24995,22634,22635
3239,5,3871,19991,24747,20009,25214
3240,0,8266,23733,23733,22053,21101
3241,0,10173,16279,16279,21131,21487
3242,0,941,22357,22357,22645,24049
3243,0,8657,22906,22906,27612,22900
3244,20,7268,21760,27096,21648,18842
3245,0,3082,26222,26222,26210,25868
3246,0,13328,19648,19648,20252,18705
3247,0,3466,17972,17972,22688,17973
3248,0,745,15798,15798,22506,20961
3249,0,70,27480,27480,26724,25638
3250,0,286,20287,20287,17840,16393
3251,0,5461,20617,20617,20634,20621
3252,3,12795,27031,26736,27219,26516
3253,0,7787,22017,22017,20350,15307
3254,1,12243,17603,15716,17603,18211
3255,27,6191,17074,25463,24641,24385
3256,5,437,26466,27548,27627,22156
3257,0,14048,16418,16418,19942,19078
3258,0,12464,26053,26053,25949,25672
3259,1,6942,19254,23650,19254,23136
3260,3,12381,20792,20795,20793,15868
3261,1,11093,22293,19032,22293,19449
3262,0,4261,27089,27089,27326,27085
3263,0,1476,21023,21023,22405,23885
3264,0,3600,24154,24154,23157,21219
3265,0,2008,17327,17327,15154,24235
3266,0,1480,17515,17515,22616,22294
3267,0,8656,15831,15831,15876,15834
3268,1,11826,16183,23806,16183,22577
3269,0,8801,20563,20563,20562,18419
3270,0,2923,18306,18306,18335,21565
3271,0,5624,16643,16643,16964,16644
3272,0,3177,24345,24345,26975,25966
3273,2,5296,25306,26096,26834,25306
3274,0,8521,19363,19363,25714,16978
3275,3,2392,22137,21661,25568,15996
3276,0,4223,24968,24968,27354,27606
3277,485,14331,15024,15743,19219,22612
3278,3580,1984,23641,23249,21566,22668
3279,0,636,25897,25897,21749,19435
3280,0,8356,26603,26603,26321,25868
3281,0,4928,15562,15562,17279,20852
3282,7,4368,25077,27535,27051,26999
3283,3,12919,16475,15141,15140,16627
3284,3,13089,17137,21042,25977,16800
3285,2,10077,24372,20880,23688,24372
3286,0,4559,18772,18772,18750,19904
3287,0,2755,19904,19904,18667,18772
3288,0,2187,17091,17091,17307,17419
3289,0,10949,16626,16626,19939,26242
3290,1,14569,17879,23703,17879,23255
3291,3,5342,22264,22260,22261,16390
3292,2,12043,15385,15731,17150,15385
3293,1,13627,15964,18425,15964,24417
3294,0,5268,15913,15913,15912,15294
3295,35,3261,24868,21661,25568,15996
3296,17,1593,19273,22078,16472,24475
3297,0,6673,25746,25746,24661,27618
3298,0,4411,27686,27686,27456,25517
3299,161,5458,26610,24029,17323,21328
3300,7,4539,22216,24688,18221,17997
3301,145,1816,18851,16391,17795,19038
3302,0,1500,18341,18341,18871,20365
3303,2,7471,20432,20406,22317,20432
3304,0,312,16027,16027,17767,16323
3305,0,8314,15404,15404,15403,14976
3306,3,10519,25727,26475,27172,25676
3307,0,13182,20119,20119,20122,22979
3308,510,8427,27774,23820,18268,25115
3309,88,13439,26657,25850,24796,25430
3310,1,386,27293,27736,27293,27197
3311,42,11108,22282,18985,19090,17455
3312,0,11733,22286,22286,19965,17745
3313,2,11148,24037,25102,18284,24037
3314,1,9720,20014,17193,20014,16989
3315,7,550,15402,15407,15411,15406
3316,93,2347,18141,25124,15069,26687
3317,5,4402,16505,26502,26158,20295
3318,1,14081,21238,15968,21238,23374
3319,0,13809,17733,17733,15270,20280
3320,0,1540,19157,19157,19444,19387
3321,0,7017,15701,15701,15703,15705
3322,12,12460,18634,24768,24776,24773
3323,22,12590,21603,18696,23615,15569
3324,1,11857,17527,18416,17527,15808
3325,0,5611,26159,26159,27462,26026
3326,14,1709,15961,15996,17801,21661
3327,1,6412,16605,17585,16605,22506
3328,1058,8182,26025,23495,26448,20356
3329,0,10436,26743,26743,27056,24500
3330,0,5975,16284,16284,23733,17817
3331,16,14573,23482,18491,19782,23461
3332,0,8184,16708,16708,16695,16704
3333,9,13688,22284,21238,22299,23374
3334,33,1489,16032,19286,21850,15486
3335,0,4812,26291,26291,21057,21327
3336,21,8607,26764,24466,26717,21039
3337,0,2032,24452,24452,24451,24600
3338,0,1727,21434,21434,26489,25012
3339,0,3083,18232,18232,15676,15956
3340,0,539,16078,16078,17303,17549
3341,8,1541,21314,21309,17713,19335
3342,36,4045,22521,20059,23629,27308
3343,0,10898,23431,23431,18717,19737
3344,5,8578,18571,17828,15473,17827
3345,0,12774,21555,21555,18338,23981
3346,0,9119,22714,22714,24197,22717
3347,0,736,18366,18366,18059,21731
3348,1,1562,20677,19520,20677,20679
3349,8,8082,21115,22848,17238,23746
3350,48,3286,25295,25877,25758,25147
3351,0,6356,16489,16489,16447,15696
3352,0,11168,23860,23860,15576,18352
3353,5905,14607,24701,19638,21506,24864
3354,727,11728,18218,24678,25758,25877
3355,3,10882,25171,22371,20344,23881
3356,98,6313,23889,17537,24815,20483
3357,0,3040,15728,15728,15753,19074
3358,0,14656,25420,25420,22590,24116
3359,0,8036,24827,24827,25539,25543
3360,0,6533,22089,22089,20736,25593
3361,28,2391,19401,19716,19686,25716
3362,0,4403,19320,19320,24888,23136
3363,0,12421,17120,17120,18961,20012
3364,0,11006,16169,16169,22506,20961
3365,0,5715,26905,26905,27012,19512
3366,0,3813,20040,20040,19835,20034
3367,144,8167,27007,25430,24796,27259
3368,0,5333,14959,14959,18655,15159
3369,1,11214,26827,18184,26827,26404
3370,314,14823,23731,16714,15451,25878
3371,0,14482,23699,23699,16740,24168
3372,0,12328,25107,25107,26339,26416
3373,1,13344,16121,21277,16121,23690
3374,4,7084,24722,23820,25142,25430
3375,0,5010,17532,17532,19946,15023
3376,0,5658,20944,20944,15793,21008
3377,5,1803,17941,24776,24770,17039
3378,0,14154,19928,19928,20040,17575
3379,0,10053,21699,21699,21732,19771
3380,1,5891,20397,20341,20397,20386
3381,0,6456,15049,15049,18629,19227
3382,6,3860,18130,22297,22294,22330
3383,0,5324,16422,16422,17101,17096
3384,7,8687,19515,22261,22260,22264
3385,67,1808,27522,26110,22641,25662
3386,0,8260,20932,20932,20488,24535
3387,1,10223,17936,17910,17936,17926
3388,0,625,20147,20147,15693,25896
3389,3,11069,24241,19649,22464,19837
3390,2,3711,16699,16705,16698,16699
3391,1,7134,16315,15408,16315,16314
3392,0,9974,23794,23794,26118,24133
3393,0,7526,27582,27582,26156,21546
3394,0,4644,24576,24576,27710,25999
3395,52,1555,26242,24776,24763,24764
3396,13,10826,20806,20804,25011,25089
3397,1,2215,27196,18201,27196,21386
3398,0,3629,18646,18646,17966,15637
3399,203,4202,27678,20089,24324,25348
3400,1,5832,17269,17331,17269,18415
3401,0,11100,26821,26821,25364,21757
3402,0,3316,18113,18113,20629,20627
3403,0,9292,19283,19283,23347,16280
3404,0,5243,22110,22110,24607,15681
3405,0,10806,24382,24382,24861,27109
3406,0,12235,18411,18411,15810,22916
3407,0,7893,18637,18637,19516,20633
3408,22,11961,23211,23304,19313,22495
3409,0,11619,16049,16049,16469,22351
3410,36,10998,23978,26537,23211,20093
3411,33,167,25548,26786,19916,15727
3412,0,8327,19274,19274,16977,25251
3413,1,7880,15847,18351,15847,23562
3414,0,12077,19879,19879,23336,23339
3415,923,13550,25957,24796,21860,25850
3416,0,6111,16986,16986,16896,19643
3417,21,3872,22893,19994,24762,24748
3418,0,12335,19346,19346,19348,20649
3419,0,10437,23796,23796,19144,27678
3420,13,6355,24088,26552,17780,26906
3421,10,11268,25557,25804,26670,26107
3422,30,3175,26601,25901,26743,26991
3423,32,8568,18697,25282,20720,26356
3424,1350,11752,18803,23582,22769,19357
3425,0,9938,24213,24213,24878,15881
3426,22,9064,21200,20853,17968,21198
3427,44,2193,22064,16620,22061,21568
3428,1,1009,15631,15634,15631,22035
3429,0,2773,14963,14963,14962,15162
3430,0,8118,22761,22761,19337,22624
3431,0,719,20763,20763,15168,20568
3432,9,11859,17864,21128,22276,16686
3433,1,3376,27702,24185,27702,27673
3434,0,12736,16288,16288,16794,18882
3435,1086,6396,19851,19662,17474,16179
3436,1,2460,22685,22684,22685,22683
3437,0,6129,25323,25323,25524,21228
3438,3,6591,24843,21046,25704,25294
3439,2,13070,16466,16465,17271,16466
3440,0,11058,23454,23454,22519,22453
3441,1,14236,22323,22330,22323,22616
3442,0,2851,22107,22107,26607,24403
3443,0,5536,22822,22822,18090,18817
3444,0,7522,27336,27336,26378,27627
3445,12,1681,24839,23305,24298,22487
3446,35,2886,27605,25229,26999,27002
3447,2,9896,23425,24338,25853,23425
3448,31,11479,16308,22215,17723,17624
3449,0,13355,15028,15028,16421,15435
3450,50,2051,22641,22646,24266,26515
3451,0,1253,20416,20416,21758,22207
3452,68,5384,27265,27586,25251,15344
3453,1,2475,20512,22684,20512,26621
3454,42,9924,25717,25201,26984,24779
3455,0,9800,23250,23250,17368,24165
3456,0,6651,23072,23072,23267,16392
3457,1,12030,20752,22624,20752,20873
3458,0,7176,18892,18892,21185,18890
3459,0,7637,21221,21221,26162,22010
3460,7,11616,26670,26938,24655,25702
3461,0,9338,17990,17990,18472,19142
3462,0,2490,18899,18899,21365,21108
3463,1,1205,21093,20353,21093,24788
3464,0,5727,25657,25657,24737,25050
3465,0,8205,18210,18210,20007,18973
3466,0,3852,20960,20960,15460,20209
3467,48,4889,27588,27328,26999,25434
3468,11,1447,21447,22147,27483,26826
3469,4,4901,23232,24934,26291,26947
3470,0,10848,15557,15557,19337,23210
3471,0,2972,17310,17310,17104,17312
3472,0,432,15377,15377,15383,16828
3473,7,7898,26940,26763,21511,26962
3474,0,14561,20549,20549,15157,19449
3475,1,1588,22742,15294,22742,15292
3476,0,8093,21878,21878,25709,16986
3477,681,3075,21007,22331,19716,19686
3478,3,1235,23266,25746,24661,26539
3479,1,8233,25230,22036,25230,22670
3480,0,7074,15876,15876,15834,15831
3481,0,3964,20222,20222,25856,22879
3482,0,2551,22932,22932,25953,25758
3483,0,6686,24258,24258,23930,20606
3484,2,5529,15497,17185,21689,15497
3485,1,881,20726,18798,20726,18889
3486,0,826,22759,22759,20571,22753
3487,76,973,26997,18184,19974,24041
3488,0,8537,20274,20274,21194,16770
3489,7,7747,26435,20253,19873,19678
3490,0,3618,18059,18059,19289,22065
3491,0,6541,21154,21154,21153,21155
3492,43,9302,25377,22815,25928,26923
3493,299,9956,25172,27483,26694,24485
3494,0,1099,21773,21773,20368,20609
3495,0,12723,24338,24338,27158,20265
3496,231,7949,25008,26372,22550,22706
3497,240,11301,24225,25449,18886,15643
3498,0,8547,22010,22010,22706,24608
3499,0,13772,18690,18690,18689,24131
3500,2,13625,20106,17903,17904,20106
3501,0,14050,16856,16856,15160,14962
3502,225,10304,26260,24796,25596,25758
3503,0,2713,15980,15980,16775,15989
3504,0,7362,17997,17997,21562,21726
3505,0,5915,21511,21511,24181,27131
3506,3,11487,27707,17346,18598,17799
3507,47,4562,25546,25672,23311,26052
3508,0,2030,21018,21018,25453,23307
3509,0,650,17778,17778,16075,19613
3510,91,9699,27585,24415,25644,16565
3511,11,12685,27032,23232,21340,27387
3512,19,9301,19025,24587,23679,25235
3513,0,8217,18198,18198,15444,15719
3514,0,12499,19225,19225,24170,21576
3515,0,6168,17343,17343,17549,16078
3516,2963,14871,17590,26073,25218,18327
3517,0,2615,18002,18002,17991,23983
3518,4,13380,24015,23590,22885,22815
3519,0,1007,25201,25201,26034,26783
3520,1,3968,23635,24332,23635,22527
3521,0,1789,27200,27200,25222,15042
3522,98,11982,27097,25865,21377,27016
3523,26,12996,25125,26184,24008,26794
3524,2,10099,26027,24043,25036,26027
3525,3,6391,22267,19684,20312,19179
3526,1,1728,20462,15350,20462,20464
3527,27,236,27503,27686,27535,25900
3528,0,9890,16726,16726,16022,16728
3529,0,6444,18127,18127,21669,21111
3530,0,11741,16203,16203,15073,19220
3531,5115,11225,18351,19685,15910,18709
3532,0,12549,15745,15745,16844,17901
3533,0,3061,18181,18181,24272,15794
3534,42,13425,24052,27704,27726,16454
3535,0,6461,25037,25037,23284,20560
3536,0,7324,15426,15426,21718,18277
3537,0,2103,17277,17277,17278,17203
3538,1,11603,20277,20670,20277,20677
3539,0,11120,17901,17901,16840,19412
3540,0,10254,23390,23390,27361,26551
3541,61,7156,20943,15535,18272,16512
3542,9,10866,26176,24803,26201,24717
3543,0,2805,15162,15162,14963,18277
3544,1,8931,16463,23148,16463,16466
3545,0,11708,17961,17961,19275,14989
3546,0,8467,17254,17254,16643,21672
3547,0,14298,22919,22919,26855,16579
3548,6,5768,23912,24378,21657,24386
3549,0,7006,17752,17752,26435,26810
3550,238,14825,22804,19588,17979,27373
3551,13,3764,25900,23229,27250,27051
3552,1,2049,26831,22307,26831,24384
3553,31,7310,27311,18125,25680,26590
3554,2,3139,25812,24588,25954,25812
3555,0,10628,19143,19143,18895,19209
3556,0,4512,16938,16938,17638,15247
3557,282,5253,26094,19709,15412,20379
3558,0,10004,24335,24335,23903,26854
3559,13,10234,20952,18673,21558,19338
3560,0,13765,17529,17529,15026,17531
3561,0,11033,20149,20149,20584,19922
3562,925,5471,26079,27322,25624,26077
3563,32,14082,22724,23569,24013,23053
3564,0,9129,17862,17862,16031,19273
3565,5,11350,23965,23162,16383,20532
3566,11,9976,26103,26737,22180,22105
3567,10,13697,21887,17769,22028,22935
3568,0,11508,18441,18441,17065,21242
3569,0,13347,19234,19234,19156,15515
3570,0,9613,21416,21416,20105,24085
3571,15,6417,19492,15467,16450,15249
3572,0,4807,24818,24818,26991,22481
3573,88,5281,15010,19901,18280,15420
3574,0,6230,21816,21816,21815,18601
3575,2,4111,17019,22515,20270,17019
3576,0,9224,25444,25444,18750,21231
3577,76,14844,22186,19461,17709,15176
3578,0,7534,15754,15754,18067,15751
3579,0,6746,27337,27337,25929,26572
3580,29,13568,25558,24796,25850,25430
3581,4,6443,20413,23989,22687,22681
3582,0,11577,22870,22870,23352,22478
3583,51,13773,23064,19910,19888,16676
3584,1170,14460,19853,16376,17250,20895
3585,1,14507,21279,21269,21279,16199
3586,0,13275,24829,24829,25645,24638
3587,0,8555,21179,21179,21178,21177
3588,0,592,26551,26551,27433,25296
3589,2,3143,22885,24243,21823,22885
3590,0,8535,16702,16702,16694,15649
3591,0,3251,23422,23422,18333,21414
3592,0,1831,25141,25141,26246,25525
3593,0,7916,18252,18252,16115,23383
3594,0,3438,24692,24692,19379,25348
3595,1645,14863,21501,24676,25000,23598
3596,2,9058,22246,23299,21571,22246
3597,7,12106,25635,26853,25413,17329
3598,1,6205,25636,16089,25636,22794
3599,2102,14858,15477,15588,19558,23692
3600,0,4698,21859,21859,27096,22958
3601,41,14673,15671,23448,21573,22967
3602,132,13068,25950,26068,25983,25998
3603,31,6853,21669,23568,25089,23451
3604,0,9624,27478,27478,27592,25012
3605,0,12670,25324,25324,19054,16587
3606,1760,2509,27374,25456,21665,19041
3607,3,7479,21861,20920,21439,25224
3608,3,14818,19472,19275,17961,19276
3609,0,11484,19727,19727,21178,20861
3610,12,14009,17134,27601,24785,16933
3611,0,5083,22145,22145,22938,25307
3612,3,12861,19410,19373,19407,19413
3613,0,14576,18719,18719,17962,16363
3614,0,26,18770,18770,18472,18771
3615,6,1795,15934,15046,19466,18482
3616,0,8317,22826,22826,18051,21131
3617,16,10792,25219,17142,19921,18296
3618,0,4744,24777,24777,24776,24773
3619,55,11476,25223,24049,26925,19349
3620,5,2971,17583,21689,22091,17185
3621,1,8748,24065,27345,24065,23976
3622,0,7347,21130,21130,20994,20993
3623,0,13991,26307,26307,24951,24452
3624,1983,13076,20798,24786,24222,22311
3625,0,3837,17279,17279,19179,20328
3626,6,7498,26201,26199,26376,26042
3627,0,12939,26744,26744,27261,26930
3628,25,14627,19447,19034,15385,19384
3629,16,9286,24441,27685,22035,24365
3630,1,4348,21676,17065,21676,18899
3631,0,5106,18048,18048,22415,23441
3632,5,11193,18070,15016,17271,16310
3633,926,8031,25768,25226,27559,24500
3634,0,13683,15043,15043,15041,15042
3635,9,3237,23948,23947,23942,23937
3636,0,2108,18129,18129,16280,17541
3637,0,9135,19013,19013,21645,17807
3638,0,2994,25539,25539,25543,19015
3639,12,12711,15414,17102,15059,18905
3640,0,9564,19237,19237,20587,21296
3641,0,7451,21519,21519,18723,22572
3642,228,2749,20730,20312,22563,16540
3643,2,13411,25011,20913,23585,25011
3644,0,10662,26233,26233,26126,19354
3645,0,10065,15193,15193,24262,24322
3646,342,5332,24311,24933,27311,24088
3647,0,4891,23011,23011,15949,19334
3648,1,13083,26274,26620,26274,25511
3649,521,4767,24641,22867,25375,15823
3650,3,5374,17124,16532,20175,24232
3651,1814,14630,25317,24126,26710,25623
3652,12,303,19308,19324,16787,14951
3653,13,11432,20796,20612,20457,20616
3654,1,11509,15013,15014,15013,14974
3655,0,7775,25078,25078,26535,25809
3656,30,1871,25886,27293,27246,27320
3657,84,7289,16985,16653,15808,16649
3658,0,8324,19867,19867,24806,20338
3659,37,4172,26598,19733,25914,26523
3660,1,14145,19678,20253,19678,25893
3661,16,7840,16478,17647,17382,19111
3662,0,11164,16019,16019,18271,16013
3663,4,9191,25731,18862,21382,18860
3664,0,5810,19365,19365,17057,23084
3665,0,1704,17838,17838,23917,17403
3666,10,12157,17470,18412,17737,15474
3667,43,3497,26767,25544,25534,26423
3668,104,3642,16454,16191,17996,16648
3669,11,12895,20322,21365,21279,18373
3670,10,3677,23718,21749,21945,22030
3671,173,7677,19140,21541,26620,19838
3672,1,8228,19817,17848,19817,26064
3673,0,8160,20741,20741,20714,20713
3674,0,4398,17432,17432,17419,15224
3675,1,7128,15522,16857,15522,15986
3676,3,3864,21513,22268,24669,19812
3677,2,14834,19558,15379,15378,19558
3678,1,11145,25168,23334,25168,18720
3679,6,12799,19843,23735,20097,19779
3680,8,13353,17687,18803,15882,19860
3681,927,7849,19540,21919,16975,25585
3682,28,3998,27692,16452,17514,27129
3683,0,13444,16199,16199,21279,21398
3684,57,1596,26881,23229,25662,27313
3685,0,8131,17619,17619,24816,25637
3686,14,3878,16467,18311,18279,16962
3687,0,4765,15635,15635,21386,15634
3688,0,7558,15796,15796,23650,17795
3689,815,2627,21215,27715,19731,16191
3690,7,1890,27407,19688,19686,20923
3691,0,14481,18574,18574,15150,15743
3692,0,557,24798,24798,26217,26016
3693,9,8263,22543,27564,23406,21261
3694,1,1488,20304,20303,20304,20299
3695,2,11542,22263,22261,22259,22263
3696,0,8700,25372,25372,24372,22002
3697,0,5194,22374,22374,24820,25678
3698,1,4868,20417,15971,20417,22766
3699,0,8103,20637,20637,20645,18113
3700,72,7230,26431,24423,22117,25683
3701,0,5487,23197,23197,22848,23431
3702,0,13806,16186,16186,21885,19594
3703,10,766,21436,18853,22219,15723
3704,14,2131,24094,20304,20303,20299
3705,0,1411,19006,19006,19017,19890
3706,4,5710,22855,24488,20785,23663
3707,0,11016,15644,15644,20657,19639
3708,0,12324,15997,15997,15992,16000
3709,0,7254,19314,19314,20383,19068
3710,0,7320,23069,23069,23333,19006
3711,534,6580,24481,25963,16010,18718
3712,2,3308,18368,18131,16194,18368
3713,6,10167,15158,22458,21716,15155
3714,0,9392,17763,17763,16868,19843
3715,2,10633,19582,25264,18723,19582
3716,87,7184,27779,27280,27281,24696
3717,1,1749,19687,20227,19687,19698
3718,14,6492,19213,19054,23691,22695
3719,0,4375,18224,18224,20350,27438
3720,1,12658,22475,22867,22475,15823
3721,0,3617,16175,16175,16028,15999
3722,2,9984,19709,23900,16126,19709
3723,0,4119,19889,19889,21275,17833
3724,0,13388,23566,23566,23563,23567
3725,0,6000,15546,15546,17075,20051
3726,1,13322,19702,20264,19702,21734
3727,37,13560,26673,24796,25452,24928
3728,0,12497,19189,19189,20761,20760
3729,1,11589,18072,16838,18072,19304
3730,9,11551,20538,21799,18104,21028
3731,3,6816,19115,24264,16086,26359
3732,0,13484,16803,16803,16801,19317
3733,23,13437,16509,15407,15404,16311
3734,0,12132,15233,15233,15201,17166
3735,0,11893,25658,25658,25659,25491
3736,0,6687,25297,25297,25833,21615
3737,243,4283,26329,27559,27164,24096
3738,1,7488,19449,18529,19449,19457
3739,1,4191,19637,16329,19637,19618
3740,73,7963,20456,21290,25881,25864
3741,4,8926,22317,15318,21672,15314
3742,12,4858,19468,18996,19465,19467
3743,0,5040,16978,16978,20525,21620
3744,0,2,22201,22201,26747,25730
3745,0,11226,26208,26208,26218,26975
3746,0,3070,18740,18740,20720,22696
3747,0,8083,19872,19872,21989,21784
3748,0,7675,21960,21960,21594,21844
3749,0,3478,25981,25981,25309,26189
3750,8,4204,19998,24103,25214,24331
3751,0,1308,15662,15662,20264,24836
3752,7,11917,21992,21718,24052,23509
3753,1,7472,15986,16857,15986,15522
3754,1,7546,22631,22634,22631,22635
3755,0,1336,22863,22863,22701,22688
3756,1,3273,15692,15691,15692,15741
3757,0,13015,22577,22577,16183,23806
3758,2,3415,19162,24440,19270,19162
3759,0,12263,18537,18537,19047,18580
3760,550,1962,27616,24181,27549,21560
3761,429,11869,21622,23229,27309,27371
3762,0,6935,25081,25081,27131,26834
3763,3,5132,16382,22554,25604,27602
3764,0,2066,24226,24226,24821,23562
3765,5,6656,24834,24433,23079,25190
3766,0,6700,24442,24442,22571,25259
3767,2,685,24425,22474,24974,24425
3768,18,1853,22241,24237,23993,23737
3769,0,11948,24269,24269,23920,18202
3770,0,1193,15605,15605,22848,21410
3771,10,12657,17450,23712,21287,15096
3772,0,5088,27227,27227,25661,27207
3773,0,10462,20285,20285,20618,15525
3774,0,10611,24022,24022,24057,25029
3775,2,4571,27622,24109,23120,27622
3776,476,14136,15121,17709,17710,19782
3777,0,7263,18386,18386,16880,16517
3778,213,11211,17722,17875,18687,18136
3779,14,7278,23019,19992,20362,17798
3780,0,66,26991,26991,27495,26213
3781,1,6049,19717,21030,19717,20108
3782,0,10980,20402,20402,17631,16872
3783,0,2075,22963,22963,25241,25131
3784,0,13016,15989,15989,15549,16775
3785,0,239,17307,17307,21364,15884
3786,0,8010,23402,23402,23321,23316
3787,0,5099,16069,16069,16940,18656
3788,31,5700,26652,27056,26092,21914
3789,0,3650,27065,27065,26118,21092
3790,61,3332,25664,25196,27101,27109
3791,0,1463,20361,20361,20355,21013
3792,6,14323,19734,20598,18609,15536
3793,0,6808,16239,16239,16238,16160
3794,0,10686,18871,18871,18341,19740
3795,35,7331,27092,27478,24537,19665
3796,0,3874,24446,24446,24024,25501
3797,0,925,21347,21347,18440,24296
3798,1,10483,18200,22833,18200,19186
3799,0,8593,18546,18546,15745,22397
3800,0,9986,22233,22233,24714,24900
3801,19,6688,24548,23090,24210,17656
3802,101,5631,25145,21879,16951,18588
3803,30,1074,22182,27403,25655,25039
3804,0,6519,26015,26015,21879,24322
3805,8,2351,24498,19738,23759,23979
3806,42,12514,18876,15763,19783,18480
3807,1,4318,21728,18527,21728,22716
3808,0,13572,22350,22350,17486,15129
3809,69,3972,21814,23650,23136,22119
3810,5,327,18516,15434,15147,18482
3811,0,7832,27696,27696,22220,22226
3812,0,12199,17282,17282,23692,17599
3813,0,11988,25567,25567,16916,15177
3814,0,4921,16268,16268,23464,21576
3815,0,2887,26288,26288,18475,26190
3816,0,8887,16294,16294,22243,17719
3817,11,599,20528,15674,16977,16212
3818,2,5279,26751,19948,24630,26751
3819,62,1094,25514,22916,15810,26470
3820,0,11867,17132,17132,18200,19186
3821,970,7549,26597,24029,26959,25702
3822,0,11440,24211,24211,19776,19878
3823,0,13314,18405,18405,19734,20358
3824,5,8240,24410,24749,20001,17376
3825,39,6270,25813,26646,26008,26726
3826,0,3255,20140,20140,18110,22788
3827,187,2901,25665,16282,23686,25397
3828,47,5223,21981,19179,20312,20328
3829,12,13994,21086,21975,22965,25899
3830,0,554,15661,15661,21731,19278
3831,0,1289,26161,26161,16389,24934
3832,0,4166,14992,14992,15019,15144
3833,1,13119,26324,24536,26324,25521
3834,0,4534,21118,21118,21904,25523
3835,1,6783,22867,21787,22867,18723
3836,0,10146,15833,15833,20739,20743
3837,820,13360,23866,16739,26840,24157
3838,72,2559,24391,24421,23729,17514
3839,61,524,22237,19159,21312,25011
3840,114,14498,15004,23589,15024,17558
3841,0,8507,19139,19139,22399,20095
3842,4,14138,23807,20915,18524,16867
3843,1,3165,19510,26981,19510,25226
3844,2,12067,23863,16541,25358,23863
3845,0,4861,24516,24516,26999,27328
3846,0,14645,18947,18947,18957,24999
3847,6,6592,18712,26114,19867,26446
3848,0,6518,18089,18089,18202,24269
3849,2,5067,22630,23146,16998,22630
3850,0,12346,21365,21365,21279,15883
3851,0,10092,21686,21686,17967,21785
3852,2,1893,20776,20766,20773,20776
3853,10,11081,26715,22741,25468,26620
3854,0,2984,16550,16550,20777,20776
3855,0,3463,15175,15175,23709,27436
3856,0,5734,24251,24251,21892,22205
3857,0,5418,22470,22470,18773,18679
3858,0,12065,23765,23765,22348,25591
3859,0,5704,16728,16728,16724,16726
3860,21,1691,22013,24386,24384,21237
3861,3,7093,26520,25804,24655,26670
3862,3,2159,24215,25562,21648,21629
3863,8,6635,27234,26392,27240,27258
3864,0,9778,20478,20478,22300,22749
3865,1,11713,16999,15116,16999,17387
3866,0,1458,19894,19894,21430,19566
3867,0,7441,25280,25280,25279,26209
3868,0,5025,22522,22522,25305,23684
3869,0,10921,17026,17026,17027,17024
3870,204,9939,23066,18305,22882,18893
3871,29,12286,26124,27698,26111,24190
3872,1,5499,23258,24749,23258,22893
3873,0,9482,24718,24718,22497,26537
3874,5,10804,23453,20915,23807,18208
3875,0,7492,20017,20017,20852,20883
3876,0,13442,22346,22346,17819,17669
3877,7,6424,20005,20009,24747,25214
3878,0,2455,24779,24779,26327,24161
3879,3,3959,25927,26586,25925,26666
3880,0,4469,21798,21798,26232,21020
3881,37,7561,15506,17116,15505,16783
3882,0,5400,15086,15086,21172,20595
3883,0,3498,19922,19922,25413,17439
3884,143,8620,21618,22974,19399,18842
3885,0,12654,18294,18294,19491,15429
3886,384,7334,24540,25224,25238,18505
3887,0,3099,16742,16742,21495,15917
3888,0,5586,15987,15987,16510,16895
3889,0,3020,25477,25477,23576,23299
3890,4,2417,20138,24393,18729,24715
3891,226,865,27067,18519,24477,23593
3892,57,3394,26969,23229,25489,25517
3893,1,7890,15439,15440,15439,15031
3894,5,13734,20569,24509,24049,24143
3895,59,3431,27636,23120,24109,24363
3896,2,13168,20639,20638,20635,20639
3897,11,9883,16195,21043,15441,17245
3898,0,3406,15358,15358,15357,20863
3899,0,5844,22248,22248,16946,20962
3900,0,7995,17611,17611,16000,16004
3901,7,9803,26283,26685,24662,22156
3902,3,7666,23055,21781,23313,22549
3903,0,14266,16346,16346,20359,19418
3904,34,6440,23827,19905,23833,23832
3905,0,4899,23083,23083,17736,16916
3906,0,8530,17188,17188,19962,17189
3907,0,10228,24196,24196,22146,24372
3908,11,10566,24381,20050,20361,23722
3909,26,2816,15814,17520,18819,15778
3910,7,12110,19653,23449,25976,24429
3911,0,1218,19693,19693,21751,20903
3912,3,7800,24376,19625,23044,23979
3913,5,1209,15782,15008,19772,16908
3914,1,5158,21226,24299,21226,20728
3915,16,13463,19126,25409,24996,22975
3916,0,11683,23145,23145,23255,23862
3917,71,5006,17346,24454,15345,20165
3918,2,5157,18387,21501,18500,18387
3919,0,6858,23008,23008,23603,16742
3920,110,6274,22197,18300,18332,18893
3921,5,1397,26157,27328,23669,26999
3922,88,9562,17061,27041,22463,18886
3923,79,6645,25518,22688,23803,18110
3924,2,10990,20773,20520,20775,20773
3925,0,6473,20969,20969,24476,23603
3926,24,4339,16641,19902,15277,15224
3927,0,4327,22402,22402,24374,19738
3928,334,5411,19899,15234,14973,15235
3929,156,6992,24762,22343,15391,17325
3930,0,1730,17735,17735,18924,21176
3931,0,9709,23025,23025,22253,17444
3932,40,10328,19935,20501,20504,20506
3933,0,9145,26962,26962,25309,23885
3934,0,7035,25870,25870,25831,26746
3935,0,1126,27491,27491,24151,21475
3936,1,3435,23624,17041,23624,22867
3937,0,3727,18808,18808,18797,20150
3938,4,1309,27343,27732,25228,27735
3939,0,6536,16394,16394,23788,22278
3940,2,4101,20420,20419,24630,20420
3941,0,5604,19246,19246,22557,19656
3942,3,9792,20721,26735,20720,19660
3943,18,13606,16480,17954,19508,17110
3944,0,7119,21939,21939,22657,22248
3945,0,1360,24669,24669,19812,22114
3946,3,9541,21936,23509,21718,24052
3947,0,12634,25200,25200,19054,22553
3948,217,5874,15399,23589,25033,15024
3949,51,2005,27208,25696,25085,22469
3950,20,8357,20252,21541,17208,26620
3951,1,6372,27078,27077,27078,21137
3952,0,10774,15310,15310,15301,25197
3953,0,8245,24046,24046,23449,20912
3954,154,9068,27136,22635,20709,27779
3955,0,4082,19613,19613,16075,23610
3956,37,3919,23851,22593,22407,25301
3957,5,5864,20497,15154,19670,17327
3958,5,6824,15627,16264,21106,22833
3959,0,12206,23243,23243,17389,19036
3960,1,5000,19049,19051,19049,23067
3961,0,8311,15589,15589,16655,17768
3962,3,11684,20684,20671,20670,20551
3963,1,10553,21327,24621,21327,22876
3964,0,1404,20887,20887,18767,19769
3965,0,6084,15632,15632,21614,16005
3966,2,1330,15263,21382,18860,15263
3967,10,13816,17601,16684,20022,16836
3968,0,4123,26644,26644,19739,26446
3969,0,12340,15154,15154,19670,24235
3970,3,4478,20407,17160,17161,16463
3971,0,9689,15668,15668,27169,17444
3972,0,3116,15267,15267,17391,17241
3973,1,2269,24314,21574,24314,26677
3974,0,8798,17435,17435,23107,19275
3975,0,1630,20365,20365,19754,18860
3976,15,8068,22550,22593,20886,26967
3977,1,12000,24879,22350,24879,24567
3978,2,2967,21472,19008,19425,21472
3979,0,11348,20053,20053,21784,20212
3980,38,13896,18312,20025,18278,14963
3981,40,3838,23262,27606,26743,26167
3982,9,13359,25850,24796,24928,25958
3983,14,9782,19112,23056,24415,16768
3984,0,4867,20094,20094,19602,18825
3985,0,10948,20457,20457,15592,20459
3986,0,4604,25909,25909,26208,21634
3987,0,8008,24320,24320,21764,23283
3988,0,4297,26219,26219,23216,22547
3989,189,6216,26371,19835,20034,27752
3990,1,9147,16185,23658,16185,27532
3991,88,9048,25010,24417,20203,19668
3992,0,12148,19854,19854,18670,19956
3993,33,353,19364,19230,19383,19477
3994,3,3516,19818,19821,25777,25060
3995,0,7221,20732,20732,17655,16735
3996,1,343,27676,18161,27676,22646
3997,2,2922,19993,24747,20009,19993
3998,271,3676,17580,21920,17842,21806
3999,0,4267,16600,16600,19737,19776
4000,123,7744,26423,17232,25364,22687
4001,0,2612,22202,22202,26442,22204
4002,0,4291,18639,18639,27706,19859
4003,1122,13962,17846,26678,24237,17490
4004,0,11827,19230,19230,20790,19413
4005,28,3028,25118,25186,26576,27606
4006,87,6256,19215,21032,18766,16979
4007,38,12688,21280,19205,17701,17644
4008,4,7698,20782,19943,19940,19935
4009,24,7583,22168,21085,15905,19981
4010,1,9520,17584,26079,17584,22091
4011,0,7351,16240,16240,16235,16501
4012,0,4871,15085,15085,15149,18198
4013,1028,5002,24874,25573,26404,21452
4014,0,1141,17143,17143,25091,23694
4015,1,5026,26327,25725,26327,25965
4016,20,361,15628,15635,15634,21004
4017,0,690,19984,19984,19986,22805
4018,175,11559,24553,24724,24057,25025
4019,0,6267,22124,22124,27319,24559
4020,2945,13422,15521,22652,19552,19588
4021,58,14164,20471,17373,16933,16934
4022,0,7244,27629,27629,26125,21386
4023,4,13779,20913,22603,17678,24117
4024,2,7998,25930,19730,21736,25930
4025,9,2747,17355,19170,22965,21794
4026,0,2537,15584,15584,21583,17414
4027,1,226,26434,22696,26434,18805
4028,256,13206,25406,23263,23558,26412
4029,0,3760,22375,22375,22830,22831
4030,0,14338,20064,20064,19977,19972
4031,7,10784,17887,15768,18054,19196
4032,4,13790,19388,22981,21885,19775
4033,1,2589,17037,15884,17037,17312
4034,389,5886,26951,27131,25081,27645
4035,1,9725,27220,26894,27220,22643
4036,36,8774,25585,24640,25288,21997
4037,0,862,26735,26735,19730,19705
4038,0,9955,19382,19382,17004,21084
4039,63,10939,25147,26368,24620,25935
4040,6,8425,26080,27323,26077,25624
4041,1,8389,26153,27659,26153,27656
4042,0,1798,17302,17302,17312,17303
4043,5,6374,26654,26820,23403,26090
4044,0,7923,21707,21707,25296,26551
4045,46,4697,16420,15018,15434,15442
4046,0,3501,23365,23365,23341,18156
4047,97,13283,23252,24556,24045,23338
4048,5,2208,21440,22519,25497,18201
4049,0,6970,21245,21245,15359,17156
4050,87,14442,23220,20541,24672,17090
4051,0,6911,21116,21116,23096,18121
4052,1,3003,21879,26188,21879,25241
4053,0,2234,15096,15096,15134,16621
4054,0,13960,19209,19209,19143,18895
4055,0,14045,21252,21252,21249,20190
4056,5220,522,16135,25228,23946,27735
4057,4,13187,23822,23831,22704,20454
4058,1,11902,24951,23410,24951,26307
4059,0,8834,18795,18795,18725,24569
4060,2,12128,19145,19147,17687,19145
4061,268,9894,20089,18388,15475,15473
4062,2,3953,21039,21030,20134,21039
4063,0,10070,26116,26116,23640,26757
4064,0,3091,20525,20525,19177,16891
4065,0,14100,16784,16784,17116,15505
4066,11,3659,24128,26689,19359,27508
4067,0,14510,23500,23500,23499,23862
4068,4,13952,20990,21069,21073,21065
4069,6,7975,18067,20342,20393,20386
4070,49,6607,22449,21953,21720,23996
4071,0,10537,19778,19778,21722,20562
4072,0,3365,18813,18813,18185,18810
4073,122,3576,27423,26999,27350,27328
4074,492,7779,18611,22364,18882,21727
4075,675,14897,17562,25587,17325,22400
4076,17,2493,20027,20009,24331,25214
4077,14,2977,16479,17956,17244,19507
4078,1,12098,17676,18379,17676,17875
4079,43,9040,18132,17245,21043,16195
4080,10,5981,19602,21030,20201,19867
4081,0,7577,27074,27074,26016,26627
4082,8,3301,25913,23162,16383,20532
4083,1,13998,27174,24589,27174,20263
4084,6,6247,26287,27043,25643,27423
4085,0,2998,17386,17386,15826,17385
4086,3,119,19546,23787,20130,20880
4087,0,13657,15844,15844,17465,15034
4088,0,4432,16177,16177,15590,15570
4089,0,6627,22260,22260,22261,22259
4090,0,3555,26386,26386,26762,25271
4091,0,3327,22488,22488,22687,18032
4092,28,1095,15115,25124,22916,26877
4093,2,2890,27378,24234,25856,27378
4094,0,8777,15201,15201,15233,17166
4095,0,12700,17796,17796,17075,18347
4096,55,8305,19084,16475,15141,15140
4097,0,9967,24090,24090,22197,19313
4098,5,7380,17569,15450,15452,15448
4099,92,11804,22199,15449,21778,17570
4100,6,3724,19997,24747,20009,23306
4101,3,13967,26341,26184,26706,26794
4102,3,9556,16874,15805,16221,16791
4103,0,11852,15123,15123,15433,23737
4104,0,14484,22318,22318,23227,17488
4105,0,4705,20962,20962,19150,23797
4106,0,2451,23661,23661,18000,27094
4107,5,632,17264,18798,24082,18751
4108,4,11986,19917,24651,21940,20344
4109,5,2428,23219,24125,19263,22867
4110,16,14505,16758,20125,18376,18540
4111,0,11078,27564,27564,24512,19643
4112,0,11914,18501,18501,17320,15110
4113,1,9244,25675,21546,25675,22790
4114,249,6948,24900,26991,26466,18470
4115,1,458,24181,25725,24181,27619
4116,25,7644,24152,27461,19736,26147
4117,0,2440,25757,25757,25016,24787
4118,0,4417,23116,23116,23193,19264
4119,387,10493,23279,24652,26025,24205
4120,0,5428,23386,23386,23385,23527
4121,0,8745,25903,25903,21614,18094
4122,33,5148,26933,27046,26460,26726
4123,0,9029,18584,18584,17408,20947
4124,56,13097,27027,26163,26529,25627
4125,0,10029,24591,24591,22713,20353
4126,0,7187,25424,25424,21714,25688
4127,0,5130,21665,21665,16133,23350
4128,275,3956,18211,15230,19347,22378
4129,0,3515,26248,26248,25052,21636
4130,0,1184,21825,21825,17024,19259
4131,71,13133,19491,16007,16906,26269
4132,0,3101,24412,24412,23125,21344
4133,0,5550,16014,16014,16724,16726
4134,37,7715,25877,24796,24928,21860
4135,0,6293,21332,21332,25371,25304
4136,0,14396,21117,21117,21284,22570
4137,0,6815,27079,27079,26069,25655
4138,1,7958,21394,21395,21394,20687
4139,0,9633,18412,18412,17737,18570
4140,0,6528,19380,19380,20917,25373
4141,923,9233,24517,25493,26337,26620
4142,7,9344,18986,20425,16850,19525
4143,0,9828,18811,18811,19252,19254
4144,1,14568,22739,22738,22739,26670
4145,0,4167,21631,21631,21630,19315
4146,0,10333,18735,18735,16427,18736
4147,0,11330,21223,21223,23995,23195
4148,0,6851,19547,19547,23670,16598
4149,0,4661,17750,17750,18344,20571
4150,0,10893,17207,17207,17208,21737
4151,1,11075,21864,21002,21864,20557
4152,0,10778,22737,22737,18055,24656
4153,61,2691,21914,26551,27181,27376
4154,2,9210,23764,22341,24911,23764
4155,1,17,19815,26934,19815,25813
4156,2,6330,15039,17148,15133,15039
4157,0,5330,19871,19871,19877,18917
4158,0,11092,17022,17022,19174,20975
4159,8,12476,25314,19921,26279,20316
4160,0,3925,16079,16079,16149,17361
4161,292,12002,24578,21138,20715,24164
4162,30,188,19333,15350,16814,16817
4163,0,4092,16655,16655,19753,17768
4164,6,1079,18293,18358,20467,15763
4165,6,13123,17881,15437,17086,23740
4166,21,764,25395,24441,21344,21563
4167,1,14390,17222,20475,17222,18212
4168,5,1312,16457,21660,20708,21661
4169,0,4863,23519,23519,25167,21640
4170,0,5825,25148,25148,25297,24095
4171,5,12159,25688,20112,23335,18442
4172,0,10169,20902,20902,24520,25896
4173,2,2326,22990,24095,26013,22990
4174,0,10892,25747,25747,15727,23751
4175,72,6224,27101,26511,25625,27118
4176,61,1560,21377,20945,15483,23958
4177,2,6843,16387,16383,23162,16387
4178,0,9858,23869,23869,23248,26610
4179,27,10973,18450,25563,15981,16858
4180,0,5979,17857,17857,15309,20967
4181,15,6326,22511,26845,25609,21046
4182,0,6685,21650,21650,17852,21919
4183,1,8907,22811,20577,22811,19117
4184,0,12308,20655,20655,19640,20686
4185,0,4524,22310,22310,20080,17857
4186,99,13107,26021,26483,25956,25430
4187,0,6014,16634,16634,16757,18135
4188,58,9326,15243,25396,19601,22366
4189,0,6460,19348,19348,19346,20652
4190,143,375,17672,19357,20284,19004
4191,0,5942,17297,17297,15428,17005
4192,0,9300,17648,17648,19079,16248
4193,224,3303,27292,27715,21675,15119
4194,1602,13620,19557,15659,24940,16454
4195,1,9646,27411,24043,27411,27122
4196,0,2226,16524,16524,16588,16810
4197,0,9953,24209,24209,16118,15260
4198,0,11979,21166,21166,21167,18030
4199,18,6347,19247,23730,22550,20269
4200,5,3232,27260,27261,27262,27071
4201,0,3877,27160,27160,21634,26008
4202,1,1329,22220,22226,22220,27696
4203,2,8416,25032,16291,25419,25032
4204,0,7555,23324,23324,19247,24630
4205,11,5875,22164,21565,18306,19973
4206,0,5174,20328,20328,19179,16172
4207,0,1512,15988,15988,15980,16775
4208,0,2040,20241,20241,21047,26499
4209,1,8644,26036,21358,26036,24622
4210,5,8191,24383,24923,22402,19738
4211,0,5988,23149,23149,26149,25708
4212,10,10833,27249,25484,26320,27219
4213,0,9478,26270,26270,25615,21541
4214,0,4895,18185,18185,21388,23793
4215,0,6694,22003,22003,15723,25348
4216,10,14828,18142,17897,21507,19870
4217,2,8110,15005,15024,19324,15005
4218,0,4068,22959,22959,25143,25441
4219,1,11248,16426,16660,16426,15420
4220,16,11885,23465,18500,16183,19923
4221,2,10690,21586,16293,20991,21586
4222,0,693,24640,24640,22018,20967
4223,1,10456,25695,21820,25695,22670
4224,13,1769,18512,19051,19049,18052
4225,0,3403,27300,27300,27304,27298
4226,34,6507,24140,18314,25334,27692
4227,0,7730,21995,21995,18969,21867
4228,0,1589,22219,22219,21388,15723
4229,1419,2477,25728,21860,27259,25359
4230,0,1613,16371,16371,16857,22351
4231,3,14478,27521,27790,24599,27442
4232,0,1797,22454,22454,17889,22784
4233,0,14254,20648,20648,19346,16680
4234,0,12214,15445,15445,16046,18977
4235,0,1439,27439,27439,27494,24301
4236,0,376,25358,25358,25477,23863
4237,0,12049,20271,20271,15127,19388
4238,2,11441,25279,26212,25103,25279
4239,16,8741,26083,25624,26081,26077
4240,77,9604,17947,23928,18284,19329
4241,57,1564,25556,24928,25485,25758
4242,2,4255,22063,25230,24933,22063
4243,1,2646,23035,21593,23035,21648
4244,0,10631,17616,17616,20444,17615
4245,0,6821,18875,18875,21376,23247
4246,0,8434,21517,21517,18700,24709
4247,0,10302,22060,22060,17263,17188
4248,356,24,27791,24693,15669,26296
4249,0,6938,21235,21235,26879,27610
4250,0,9195,18686,18686,17007,19267
4251,62,103,15032,21215,20414,27632
4252,6,11632,26209,25279,25280,26448
4253,0,3794,18305,18305,18220,18287
4254,487,12737,17624,14973,15234,15235
4255,1,418,20305,20304,20305,20303
4256,1,6555,21073,21070,21073,21069
4257,4,4458,19816,19817,25814,19821
4258,3,11458,22464,20097,23605,22143
4259,0,694,21608,21608,20924,18737
4260,1,1504,20079,24896,20079,15693
4261,342,1791,24362,20465,20464,15350
4262,0,6994,23341,23341,25773,23955
4263,2,12037,16278,15093,15225,16278
4264,2,12863,27354,27151,26797,27354
4265,0,11951,15525,15525,15530,20154
4266,0,9154,22527,22527,27525,26868
4267,170,11184,26409,26855,25436,20983
4268,0,3720,23077,23077,25241,21879
4269,0,3203,16880,16880,16559,15106
4270,5,5284,24972,20305,20304,23325
4271,0,9523,18251,18251,16813,16669
4272,7,10496,26880,24661,25746,27618
4273,1,13665,25369,20097,25369,18737
4274,0,12886,22553,22553,19603,20117
4275,1,10350,26196,26374,26196,26365
4276,9,8660,17575,19835,19834,20034
4277,0,11641,23873,23873,24625,17251
4278,5,6402,17504,22581,15932,17506
4279,248,13873,26131,25627,27201,25375
4280,0,11216,20050,20050,24381,27572
4281,1,3672,22270,17889,22270,22454
4282,5,10431,17097,14989,19200,16190
4283,93,11302,26888,24928,24796,26891
4284,1385,495,23541,17446,24454,26963
4285,13,7571,26462,20251,21784,26395
4286,3981,2861,17825,24694,24140,18314
4287,35,12704,18353,15024,27274,19809
4288,0,12601,20315,20315,16519,15127
4289,19,6483,27266,27468,24196,25943
4290,1,1196,25332,23778,25332,24822
4291,0,6446,25604,25604,20530,21429
4292,0,5232,15950,15950,15951,15348
4293,1,6250,21521,26921,21521,27623
4294,1,1954,15492,24138,15492,25473
4295,4,10592,26256,26670,26438,26517
4296,0,3446,22672,22672,17604,16485
4297,0,10281,18098,18098,22867,19904
4298,5,6124,23885,24130,22405,21023
4299,0,9848,27279,27279,26301,26975
4300,275,10356,17761,15662,20348,19598
4301,70,2878,19326,17350,20284,17455
4302,4,13667,22223,22224,17899,16376
4303,8,9917,19642,23966,19329,22882
4304,388,13948,18762,15842,16551,16962
4305,0,6131,19216,19216,19400,18799
4306,1,2021,24031,25586,24031,15309
4307,4,4005,27747,24552,27749,27750
4308,0,5340,27387,27387,26834,27629
4309,27,8960,20084,18777,18504,26921
4310,4894,7982,27632,14990,16643,21672
4311,52,4797,16863,18092,21917,21599
4312,0,4414,15356,15356,15166,20863
4313,5,5168,27082,18850,25088,24087
4314,0,11990,16890,16890,16887,18439
4315,8,12956,25228,16206,16927,15325
4316,520,13496,19672,16835,16684,17324
4317,86,2679,27788,25939,26199,26042
4318,22,4914,20115,26780,24514,24844
4319,0,4282,18916,18916,22922,21904
4320,1,537,20300,20303,20300,20304
4321,1,7364,17920,17918,17920,17937
4322,47,11790,17574,18802,16125,23807
4323,25,13058,15091,27288,27289,18268
4324,0,12610,26195,26195,25531,15391
4325,0,14504,19646,19646,18609,18580
4326,13,419,25751,20227,21762,19698
4327,0,531,17193,17193,15570,24370
4328,0,4600,20236,20236,21606,17288
4329,0,6718,21882,21882,19956,20076
4330,0,2508,23026,23026,24711,23863
4331,3,2609,27298,27300,27302,27297
4332,10,8249,16516,16560,16511,16515
4333,4,1226,23991,23976,24081,18511
4334,284,11666,17979,15312,15282,18687
4335,1383,6158,25754,17756,15448,15292
4336,4,3456,27345,23584,24065,26401
4337,0,3450,16280,16280,16809,19214
4338,0,14308,19593,19593,17796,19200
4339,0,2750,21079,21079,21671,18971
4340,0,3381,15739,15739,15741,15777
4341,13,6419,25017,24349,24351,24350
4342,0,5730,16753,16753,16844,21238
4343,7,1268,26844,25764,27542,26958
4344,41,1936,26037,17659,18428,23092
4345,0,9235,19062,19062,19066,20702
4346,19,6436,21420,21660,15482,15703
4347,3,110,27612,27535,23120,22900
4348,546,7799,27719,27735,27727,27733
4349,0,6892,20171,20171,21059,21481
4350,75,12760,21109,16627,18331,23898
4351,2,9951,21105,16627,17325,21105
4352,5,10829,16628,16644,17114,15440
4353,44,9038,27036,24378,22584,22667
4354,226,13462,15575,24857,22434,19141
4355,0,14160,22097,22097,23090,23991
4356,0,8949,15421,15421,27514,23727
4357,0,12284,25575,25575,24447,25996
4358,1,835,27641,25961,27641,27595
4359,0,172,19841,19841,24432,19648
4360,2,3419,25856,20222,17667,25856
4361,0,8418,23876,23876,22500,22878
4362,0,13197,17871,17871,23261,18572
4363,15,5128,25456,17042,15278,19513
4364,3,5956,24614,24939,18106,18731
4365,0,249,24865,24865,23787,23653
4366,10,1453,22992,25593,22716,18632
4367,222,7357,27254,22775,19731,25844
4368,34,10801,24287,25732,26700,26811
4369,0,11323,18396,18396,18897,18128
4370,28,13189,19668,20095,24411,22022
4371,0,9050,26006,26006,21990,21339
4372,23,11393,26685,27711,26734,26849
4373,6,2279,18022,18020,17244,17788
4374,2,7564,22468,24319,20963,22468
4375,66,12442,24723,15101,18096,25949
4376,0,9592,16767,16767,16769,19901
4377,4,14424,16662,16286,16688,17269
4378,0,11747,18058,18058,17813,22090
4379,8,6616,26070,26080,26076,26081
4380,4,11623,22393,22392,22394,22391
4381,0,1714,26812,26812,27722,25942
4382,1,12783,20832,20833,20832,20828
4383,2,7348,26250,26400,27569,26250
4384,1,7356,19051,19049,19051,27726
4385,1,126,16041,24107,16041,26874
4386,0,4943,17088,17088,23106,22337
4387,0,3182,16538,16538,15676,15591
4388,0,13711,25563,25563,26801,26791
4389,2,6564,23021,24222,27698,23021
4390,224,6342,25093,24796,25758,25877
4391,11,11582,20790,19358,19419,19373
4392,8,1466,27274,18037,15030,23589
4393,0,1988,20148,20148,23779,19550
4394,7,1860,23685,18484,27460,21414
4395,1,344,15293,15292,15293,15448
4396,1,8421,23373,25764,23373,27542
4397,0,11300,18030,18030,19726,19724
4398,10,10803,26264,24008,24655,24322
4399,0,3974,15917,15917,16742,15324
4400,0,8990,27123,27123,25077,26941
4401,970,4982,27546,27324,26894,27283
4402,0,13170,22403,22403,21633,26297
4403,0,10780,16587,16587,21973,22695
4404,0,13065,21016,21016,20444,15414
4405,0,4844,15026,15026,16423,15691
4406,26,14126,23451,23807,27532,23314
4407,2,14540,15390,15389,19092,15390
4408,409,12332,20356,25359,24717,25947
4409,6,5646,24365,25560,24822,24034
4410,108,2149,26702,25359,24698,25237
4411,0,4060,23686,23686,22584,22014
4412,3,905,26370,26934,24724,26368
4413,233,9034,26145,24385,22230,16010
4414,0,3828,15166,15166,19545,17549
4415,0,5782,19786,19786,17751,20099
4416,0,10676,15800,15800,17833,20179
4417,0,11437,19676,19676,18826,20715
4418,0,4808,25555,25555,15798,16165
4419,0,13872,19122,19122,19421,20984
4420,49,2255,26762,25225,16861,19763
4421,30,9628,22232,16609,18351,27136
4422,0,5830,25887,25887,23293,26937
4423,0,6807,26984,26984,26688,24268
4424,2,1105,25397,24024,24446,25397
4425,0,6352,19771,19771,21732,21699
4426,392,2955,27627,24363,23229,22660
4427,63,3279,16757,17063,15873,15146
4428,0,8550,24985,24985,21429,27608
4429,2393,14076,18327,15312,22609,27700
4430,16,14691,23486,20955,15187,23881
4431,0,3106,20751,20751,21779,26477
4432,0,11785,24920,24920,24787,25323
4433,1,11789,16166,15334,16166,19322
4434,0,7990,18034,18034,24477,20512
4435,0,13077,20797,20797,17794,23301
4436,0,2406,25888,25888,19402,18867
4437,0,863,17789,17789,21864,17792
4438,0,982,20692,20692,20694,20700
4439,0,9364,17609,17609,18592,15491
4440,6,12648,20658,20690,20684,20551
4441,0,3910,26649,26649,26650,18187
4442,0,2320,26198,26198,26199,26527
4443,0,5086,16028,16028,17606,20020
4444,0,2252,22452,22452,26267,25035
4445,20,3831,20267,18505,23494,22622
4446,377,5298,22038,16620,21709,22670
4447,5,4716,25183,25999,22610,23950
4448,0,3630,25005,25005,25816,27073
4449,9,12769,27446,21665,22361,22358
4450,0,5139,18154,18154,17786,18155
4451,0,9796,18590,18590,19205,17644
4452,2,8063,15403,15411,15395,15403
4453,15,8575,23828,26647,26604,25430
4454,5,6308,23745,24109,27181,25961
4455,0,10222,23157,23157,26580,19948
4456,3,324,26643,26613,26641,26622
4457,16,11152,24293,25607,26094,25857
4458,0,11608,24530,24530,20873,25682
4459,0,6730,16773,16773,20579,18965
4460,4,1070,20008,20009,24747,27083
4461,23,10193,26773,19536,24283,19300
4462,0,8542,25309,25309,21378,26263
4463,1,8126,17348,17265,17348,17757
4464,0,246,26921,26921,27595,25625
4465,3,8613,15524,21976,23797,21842
4466,23,13131,17561,27782,27781,25755
4467,3,8494,15515,19237,19160,19476
4468,0,3687,24380,24380,24503,22094
4469,74,680,23918,26564,23248,25015
4470,0,13385,21055,21055,17591,15297
4471,0,10897,23362,23362,23221,18048
4472,1,202,16977,15674,16977,16212
4473,88,10528,20404,17537,20483,26411
4474,10,10719,18223,17999,17263,18266
4475,0,3511,22364,22364,27137,21374
4476,5,9508,21407,21402,21405,21400
4477,3,1123,24246,26613,26638,26639
4478,22,11849,17830,18043,23900,15058
4479,155,12400,23589,16758,26693,16712
4480,69,1591,27729,27747,27749,27745
4481,0,11421,21894,21894,21895,22207
4482,0,5007,15653,15653,25188,15901
4483,0,14836,26067,26067,23261,18572
4484,0,2899,24414,24414,21835,21491
4485,0,10359,20025,20025,15232,19835
4486,832,9671,18597,23969,23226,18500
4487,0,3610,15278,15278,16896,18319
4488,0,2461,25994,25994,26603,25868
4489,15,5171,26237,25739,26666,26664
4490,4,2990,19291,21661,25568,15996
4491,424,5842,17071,22343,19991,25170
4492,0,3115,23567,23567,23563,24334
4493,0,11427,21784,21784,24895,18734
4494,8,5248,25190,24565,24476,23079
4495,0,4303,23419,23419,22058,21414
4496,0,14070,23808,23808,18681,22888
4497,0,10865,17657,17657,15120,20969
4498,0,8759,20337,20337,26006,20246
4499,0,4955,17418,17418,23548,20883
4500,0,3691,15581,15581,24524,16732
4501,1165,12170,24112,26472,25607,25343
4502,3,705,20550,25089,19635,18490
4503,0,14182,22750,22750,23657,18641
4504,1360,8579,19596,25100,17294,21566
4505,0,1650,16119,16119,16349,17332
4506,1,8193,21973,22515,21973,19349
4507,0,3775,26238,26238,26666,25739
4508,23,3660,23601,23759,24498,23979
4509,0,11169,19186,19186,15784,18872
4510,0,4733,18932,18932,16100,23496
4511,5,958,17628,22377,17951,15230
4512,43,4118,24930,21812,22584,25792
4513,2,4709,16000,16002,15997,16000
4514,498,536,25041,20304,20303,20299
4515,0,6349,25609,25609,26911,26910
4516,0,10206,23670,23670,23954,18571
4517,0,4064,21052,21052,21131,20044
4518,0,12772,21098,21098,15003,14998
4519,15,12491,25732,24823,22230,22706
4520,0,13874,20657,20657,20655,19640
4521,12,9647,18054,15329,15664,15429
4522,1,14433,26214,24715,26214,26573
4523,3,12149,15452,24913,15450,15448
4524,424,14363,17875,16191,19018,23899
4525,0,4841,21341,21341,16505,22158
4526,0,10208,18439,18439,16898,16887
4527,1,8573,17607,17771,17607,17613
4528,0,1440,15530,15530,15525,19296
4529,2,8072,23832,23738,23818,23832
4530,1,7920,23930,24889,23930,16998
4531,0,13174,20623,20623,18637,20643
4532,0,4140,19334,19334,15949,21759
4533,0,12732,15918,15918,22530,18193
4534,3,14075,19501,18058,22090,22078
4535,20,10360,25269,22267,21659,19435
4536,1,6878,16450,18292,16450,16192
4537,238,240,19934,27727,22352,20453
4538,0,1272,25500,25500,26327,25974
4539,2,406,17614,17609,20020,17614
4540,752,14502,17321,17592,18415,17335
4541,0,5758,16269,16269,16270,18625
4542,0,8817,24666,24666,26121,25572
4543,3,9869,22554,26953,21429,27644
4544,35,7018,26182,18989,24291,25351
4545,0,1574,14981,14981,15239,19044
4546,0,8420,25764,25764,26958,26939
4547,170,3768,18391,18351,18276,18337
4548,0,342,19257,19257,18636,18797
4549,0,6296,20167,20167,20297,24997
4550,3,6067,17319,16909,15926,26967
4551,0,2862,25392,25392,25361,25666
4552,5,12717,25053,15204,18976,24343
4553,17,10292,16615,23090,20910,25750
4554,1,7504,15435,16767,15435,19901
4555,7,10364,15107,27169,19404,19436
4556,40,12164,19913,18617,19595,19440
4557,2,3532,19114,24001,21138,19114
4558,0,6733,26473,26473,26145,24961
4559,4,10772,23130,23859,20910,23976
4560,0,3181,15213,15213,15214,15215
4561,0,8039,18106,18106,18051,21131
4562,3,2715,20537,25782,22641,22642
4563,1,14475,24785,22196,24785,23899
4564,0,7473,19426,19426,24605,24606
4565,4,8462,21617,24209,17580,16118
4566,51,7279,17847,17080,15272,18357
4567,53,6323,27416,27568,27548,26254
4568,2,1655,18348,17005,16423,18348
4569,0,11102,19568,19568,25163,22593
4570,124,13453,19060,22317,20432,21672
4571,0,13995,16835,16835,16684,16836
4572,0,9549,17210,17210,22968,22977
4573,1,1459,14985,22445,14985,18375
4574,1,3015,19905,23832,19905,23377
4575,0,13423,21672,21672,22317,16643
4576,31,1078,22196,17761,17577,20415
4577,12,68,17577,22196,17341,16977
4578,0,14069,15830,15830,17452,23712
4579,0,1922,23044,23044,19625,24329
4580,2,13171,16015,17775,16016,16015
4581,0,8827,19279,19279,18431,18593
4582,12,14283,16849,23263,23558,23172
4583,0,13787,20753,20753,20738,16061
4584,1,600,16025,21301,16025,21731
4585,24,11462,19460,19419,19374,19407
4586,0,7501,25177,25177,25954,24244
4587,0,14795,15933,15933,17084,21243
4588,0,4471,19929,19929,17686,22977
4589,3,8052,20601,18986,17240,20469
4590,8,3079,23874,25094,25865,26834
4591,0,153,22921,22921,18918,19576
4592,29,14275,19467,20723,19770,20724
4593,0,111,15146,15146,15692,17781
4594,0,13721,16108,16108,16027,16175
4595,2,12379,20757,27015,20744,20757
4596,3,7760,26505,26910,26911,25117
4597,0,2007,16459,16459,18172,21156
4598,0,1832,24872,24872,27114,24714
4599,0,9643,24188,24188,18675,19668
4600,0,160,22860,22860,22922,19861
4601,1,4673,15437,17881,15437,17406
4602,0,11309,15708,15708,15716,21887
4603,268,5599,24400,18809,19906,19588
4604,10,11328,19059,19772,21319,16908
4605,0,12011,21544,21544,22854,19776
4606,0,6262,25301,25301,26646,26460
4607,0,13429,19454,19454,17420,16298
4608,0,1577,16413,16413,15696,16944
4609,0,4227,15061,15061,15416,16630
4610,3,10042,21142,21149,21143,21269
4611,24,509,16317,21661,15996,22137
4612,8,11972,15040,15035,15039,16858
4613,2,4743,19074,15728,15753,19074
4614,92,7443,26508,27272,26881,27101
4615,0,6329,14980,14980,16858,17148
4616,0,2333,24807,24807,21031,18704
4617,129,8822,26155,26016,20162,20161
4618,743,4280,16430,18037,19333,16179
4619,1,4759,20045,20046,20045,15526
4620,9,12221,27765,24402,27766,25405
4621,0,5980,16979,16979,21737,20109
4622,0,5889,23735,23735,26671,17019
4623,11,12136,23690,23904,27572,21571
4624,5,6141,26112,18340,25662,22660
4625,1,12446,16792,16038,16792,18900
4626,66,8218,25637,23593,25644,22327
4627,0,7531,16498,16498,21286,16379
4628,1,2224,18356,20279,18356,15268
4629,0,13814,15340,15340,24219,20165
4630,0,6652,25954,25954,25694,19378
4631,0,13853,22234,22234,24241,24411
4632,0,3836,17786,17786,18155,20538
4633,7,2197,21041,15148,27116,15422
4634,11,13827,20387,20389,20391,20341
4635,0,7778,16357,16357,16356,15114
4636,0,7732,17006,17006,22317,16644
4637,0,12474,20175,20175,17683,21742
4638,6,2467,20294,20295,21758,26442
4639,1,10242,15269,15270,15269,20280
4640,14,3955,15547,19545,15166,19526
4641,0,8386,23131,23131,22078,21806
4642,0,1570,20982,20982,22366,23035
4643,0,5133,21430,21430,27569,18046
4644,9,14012,19947,21014,19451,16666
4645,5,4900,23947,23943,23941,23942
4646,0,1909,25989,25989,25986,25987
4647,0,3894,16359,16359,19523,21283
4648,0,6485,18522,18522,19043,21558
4649,0,4483,23629,23629,26121,27257
4650,0,2146,15413,15413,17101,15540
4651,178,7355,19654,24523,22972,19616
4652,222,13703,27770,23724,23519,22861
4653,0,13330,21178,21178,21177,21179
4654,0,8599,16795,16795,16235,17977
4655,37,2111,17831,15996,19433,15482
4656,9,3038,24573,26246,21636,25525
4657,8,8417,21457,24423,22688,17041
4658,0,10964,24277,24277,17082,23061
4659,0,626,15348,15348,16818,15951
4660,0,5520,16214,16214,21632,16111
4661,32,12676,18164,19215,18572,19552
4662,0,10270,23034,23034,21648,21775
4663,43,3884,22601,15996,15482,21661
4664,0,10972,20675,20675,25280,23820
4665,8,2905,27620,23661,27327,23669
4666,25,13834,22968,19743,17761,19745
4667,4,13704,24975,26853,26264,27025
4668,0,2942,16170,16170,17815,18058
4669,0,8340,16547,16547,17239,21293
4670,7,4748,15108,16719,15046,15146
4671,1,2641,20610,23031,20610,17882
4672,0,8465,20215,20215,21283,16881
4673,0,3145,20201,20201,21784,19739
4674,51,13390,24648,24723,15297,19144
4675,0,14258,19505,19505,15593,23339
4676,0,8204,25871,25871,22766,18724
4677,1,11506,21396,21141,21396,21293
4678,1,9053,24353,24352,24353,24354
4679,99,7172,27741,27749,24552,27747
4680,0,13470,21189,21189,21193,17729
4681,0,2028,15007,15007,15087,15333
4682,0,87,15952,15952,15953,15951
4683,3,3413,17086,15624,17705,23429
4684,1,3695,25091,17143,25091,23694
4685,129,6246,23198,19408,18477,17030
4686,1,11583,18609,19646,18609,18405
4687,14,2513,24889,18270,22054,17258
4688,1,5545,15990,21041,15990,17235
4689,6,4054,22858,23833,22015,20454
4690,0,10269,19898,19898,20574,16844
4691,0,8251,21824,21824,17837,24804
4692,0,8935,17259,17259,16018,16014
4693,4,5,22156,27214,27424,27313
4694,0,10054,20810,20810,18663,21681
4695,1,7763,26399,26529,26399,26350
4696,16,5060,27153,21458,21832,24027
4697,46,8961,23325,26276,23884,20974
4698,0,5443,23394,23394,26081,26080
4699,12,6587,26020,26494,26495,26492
4700,4,652,21300,20017,20328,19179
4701,0,588,15710,15710,15709,15714
4702,0,5598,23082,23082,23026,18062
4703,0,4100,22926,22926,20312,22563
4704,0,9525,26158,26158,26502,25990
4705,2,5603,18482,24499,23459,18482
4706,0,5180,24118,24118,25912,24753
4707,11,3105,16112,16691,22378,15230
4708,0,4961,18930,18930,23496,22199
4709,0,5408,18480,18480,17538,15036
4710,0,14725,16057,16057,16056,16611
4711,449,11573,25515,20005,24821,21047
4712,0,14209,25305,25305,19828,26675
4713,0,11482,23463,23463,19692,23194
4714,0,5286,16571,16571,15840,18784
4715,0,4565,21922,21922,24738,23701
4716,0,2767,15227,15227,15219,16953
4717,0,2717,25577,25577,25461,23537
4718,1,313,21439,21358,21439,27365
4719,1,498,17212,20088,17212,17432
4720,6,11672,25804,25894,25343,24322
4721,10,14615,27514,23436,19073,15421
4722,5,4521,17062,15224,26645,18488
4723,2,1462,16608,15067,15300,16608
4724,2,11103,23088,18597,23226,23088
4725,101,4610,21735,18731,20431,15327
4726,0,7565,22465,22465,22636,27472
4727,0,5257,21309,21309,21307,18289
4728,0,6199,20087,20087,15511,16459
4729,0,8936,16598,16598,23670,19870
4730,15,4249,25516,21064,25999,25878
4731,0,4390,20903,20903,27492,25453
4732,1,12141,17573,16854,17573,17128
4733,0,9045,27217,27217,23922,18513
4734,0,6157,26894,26894,27205,23583
4735,2,8100,25239,25446,23555,25239
4736,46,41,16789,15692,15873,17781
4737,2,9190,23462,23449,19653,23462
4738,0,9888,24895,24895,21784,18734
4739,0,6126,20967,20967,23909,24024
4740,4,8632,15441,21043,15755,18368
4741,10,11574,27574,25662,19097,22660
4742,543,3274,15135,18314,27772,27758
4743,0,8554,15863,15863,15338,17222
4744,0,2665,25214,25214,24331,24103
4745,0,8567,27455,27455,27465,26893
4746,170,8470,20043,25243,22572,22117
4747,0,7708,27415,27415,26881,27131
4748,44,7909,27592,27598,27350,26940
4749,0,8402,26383,26383,18740,21989
4750,3,14778,18359,23719,26838,26963
4751,0,8782,21654,21654,18876,23559
4752,0,4853,20482,20482,21186,21188
4753,33,12212,22534,22414,18284,27710
4754,3,6663,24422,16321,23536,23370
4755,254,12,17445,22955,17532,17215
4756,0,2531,24894,24894,20720,21589
4757,0,13334,21155,21155,21153,16879
4758,0,7191,19368,19368,19365,21945
4759,0,2514,21886,21886,16068,15681
4760,43,13264,23990,24548,24023,24949
4761,7,5122,25942,23232,27550,27556
4762,39,6012,18677,15483,27277,25322
4763,1,7302,22211,23595,22211,21229
4764,10,14838,19041,16131,16648,17520
4765,0,2398,20302,20302,20305,20303
4766,1,7818,15634,15631,15634,23652
4767,1,11848,27240,27236,27240,27258
4768,5,7992,16723,18590,16002,16018
4769,1,13153,20783,20782,20783,19029
4770,0,9902,23076,23076,25241,26188
4771,9,12613,25164,24338,23091,26429
4772,0,555,17031,17031,16459,15763
4773,42,1341,24964,17848,24724,25168
4774,0,14512,20475,20475,18212,22166
4775,0,2806,24253,24253,24016,27555
4776,0,5211,25737,25737,24603,18032
4777,0,1711,17493,17493,19521,20313
4778,0,9492,25333,25333,20731,20946
4779,4,10677,22121,23398,21220,24630
4780,220,10815,19142,25996,25674,23154
4781,4,6082,17028,21660,15482,18126
4782,67,12782,18053,26840,26839,23713
4783,4,11453,25274,25402,24573,25140
4784,762,8996,25632,25196,25905,24382
4785,0,1262,26331,26331,26450,26482
4786,18,1522,20334,21589,20228,25216
4787,0,4415,19253,19253,19254,19252
4788,2,14304,25982,27198,19085,25982
4789,1,12520,19284,19322,19284,20324
4790,370,11438,18989,25269,25222,22798
4791,3,3682,17701,17767,16027,16175
4792,0,1064,19975,19975,23705,21825
4793,0,2988,20136,20136,21225,21989
4794,1063,14826,17842,23557,17149,17899
4795,0,4079,18741,18741,15696,19504
4796,46,5240,15906,17906,26371,19060
4797,15,3928,27011,26999,27328,27535
4798,4,10975,17544,17222,15338,18905
4799,43,14654,25715,25431,27650,24964
4800,3,12303,23585,16896,17118,25011
4801,0,11749,24624,24624,25024,25042
4802,464,8080,17946,22667,21276,17857
4803,2,7908,23283,21764,20965,23283
4804,0,6562,19699,19699,19739,19602
4805,17,2202,21507,15810,22916,17398
4806,5,13767,17480,17961,19276,19275
4807,1,5755,15849,15855,15849,15851
4808,0,6787,21904,21904,20589,22696
4809,1786,13252,22482,18803,23518,19931
4810,2,5738,18760,21954,22304,18760
4811,2539,14500,18531,15575,17178,15576
4812,5,8084,24631,23527,25090,24680
4813,10,13393,22487,27223,22679,25623
4814,0,13048,23263,23263,23558,23173
4815,0,5888,20927,20927,20247,26418
4816,0,11199,20864,20864,15358,15357
4817,1,1368,15995,17699,15995,17695
4818,4,6110,21630,20962,19315,21631
4819,2,6916,22643,22642,24439,22643
4820,2,10894,20612,21746,20611,20612
4821,8,10207,19577,19583,19574,23138
4822,775,13804,19392,27729,26709,25623
4823,0,1147,21328,21328,17440,19549
4824,0,2818,20698,20698,20701,19063
4825,0,2968,26456,26456,18872,15783
4826,0,3052,20158,20158,22841,25732
4827,35,11949,14986,17824,23968,27692
4828,0,1665,25671,25671,23331,25678
4829,0,4964,17399,17399,16367,15891
4830,4,9899,19660,21030,20053,27783
4831,2084,14387,16802,19934,24221,23893
4832,1,10709,16040,16428,16040,19060
4833,0,1014,16719,16719,17101,15108
4834,1,5280,22457,22414,22457,21972
4835,0,3805,19502,19502,23456,22969
4836,9,545,15508,27169,19913,14995
4837,0,2262,22816,22816,27520,24199
4838,6,8145,20235,15482,18915,21660
4839,15,6717,27144,23572,21184,15814
4840,48,9641,17849,14971,15685,17474
4841,43,13483,16305,16803,16801,19316
4842,0,2912,20654,20654,18970,20007
4843,0,990,17485,17485,18037,15030
4844,1,3652,22074,22018,22074,25288
4845,0,44,23455,23455,19658,21423
4846,19,2991,16981,16736,20431,20557
4847,0,4382,26210,26210,26222,25868
4848,0,594,21113,21113,21610,23011
4849,1,2246,23540,23312,23540,19823
4850,0,3236,16848,16848,20937,18793
4851,0,2844,22820,22820,21492,18087
4852,0,8136,19776,19776,21544,17323
4853,0,8041,15664,15664,15665,17867
4854,20,2675,19332,16814,16819,16816
4855,24,1513,24096,24185,25134,24540
4856,0,2412,21161,21161,21159,20035
4857,12,501,22262,22264,22260,22261
4858,0,5233,16825,16825,15380,15950
4859,1,9371,27281,27280,27281,24696
4860,0,12524,22062,22062,25396,20884
4861,1,14880,21729,24306,21729,27544
4862,22,3469,19277,21850,19286,17186
4863,19,9600,20391,21174,16329,19637
4864,56,7368,19805,21294,18135,18368
4865,37,5350,21609,22019,22053,22046
4866,2,8614,17694,19151,16826,17694
4867,0,2916,17686,17686,22482,25864
4868,1,8144,26779,21414,26779,23600
4869,0,2055,27540,27540,25368,27257
4870,0,11496,15342,15342,15341,22330
4871,100,4965,15044,17485,15123,23737
4872,7,6738,20647,20793,16097,20795
4873,1848,7419,16812,22187,26368,26918
4874,5,12558,16401,19130,15073,19451
4875,0,12217,21034,21034,21028,16413
4876,0,8295,19311,19311,15880,19960
4877,35,8588,27263,26488,23198,15774
4878,0,2860,15947,15947,20316,20261
4879,2,1903,22498,21003,16864,22498
4880,1,607,18879,16843,18879,18527
4881,12,3681,24144,21764,20560,15722
4882,52,9098,20438,19400,23612,21780
4883,2,3654,24402,25090,24677,24402
4884,160,1340,27452,27326,25961,27350
4885,775,14472,23436,18142,15391,23557
4886,80,3046,27360,26881,24562,19665
4887,0,6791,21008,21008,27431,21466
4888,50,10786,25431,17456,16191,15259
4889,0,5615,18822,18822,20076,17438
4890,13,365,27590,25662,16168,27080
4891,0,541,15276,15276,16845,18632
4892,0,5220,18612,18612,18704,18706
4893,1,1544,15932,17506,15932,17503
4894,2,52,19616,18305,18220,19616
4895,19,14710,17680,19049,19051,24327
4896,0,6848,22770,22770,17430,19164
4897,0,5453,27273,27273,27442,16968
4898,0,2294,26981,26981,26835,26847
4899,26,3963,25911,26381,27235,27237
4900,0,7194,23631,23631,16283,21749
4901,51,14840,23497,23255,24222,27698
4902,0,7403,19176,19176,22160,22526
4903,1,2221,18475,25088,18475,24326
4904,0,7774,15949,15949,19334,23011
4905,0,13829,21364,21364,21366,21243
4906,0,4613,21955,21955,19601,15496
4907,3,5992,27247,27256,27258,27255
4908,0,5169,15490,15490,15490,22131
4909,6,11851,16324,22131,16488,16487
4910,2,3614,19476,19443,20790,19476
4911,5,3611,25316,23162,16383,23037
4912,0,10811,26538,26538,25629,21469
4913,87,10808,25067,25546,25678,22831
4914,0,7770,21173,21173,20342,20381
4915,2,10655,17829,15472,15474,17829
4916,1012,12478,19721,20858,16715,26269
4917,102,5861,23831,26604,25936,25758
4918,12,1015,26235,26238,26664,26317
4919,2,5228,16692,15491,16704,16692
4920,0,3380,21031,21031,21028,15696
4921,0,2380,26893,26893,26311,25630
4922,0,9377,16879,16879,21176,21170
4923,4,6693,23774,26597,20980,20979
4924,0,12475,25674,25674,26417,27229
4925,0,13201,18101,18101,18099,18100
4926,1,5277,20488,24535,20488,20932
4927,0,90,25467,25467,18750,24394
4928,15,6601,23174,21435,21017,24500
4929,18,1841,26477,20289,24972,20287
4930,0,2256,20589,20589,22124,22928
4931,2,11786,19764,21285,21284,19764
4932,0,2396,15603,15603,24570,23382
4933,0,4575,16391,16391,21517,16395
4934,1,7022,20054,21436,20054,16983
4935,1,4552,19978,20071,19978,20126
4936,0,10220,21895,21895,21894,21893
4937,0,2520,20531,20531,24420,19425
4938,0,6993,17096,17096,15046,15428
4939,0,5490,23783,23783,27508,27277
4940,0,756,18717,18717,19737,21423
4941,5,19,21769,21786,17940,21553
4942,7,6523,25051,22745,23664,23262
4943,0,14134,26556,26556,24039,26183
4944,8,11224,19435,18496,17812,23908
4945,239,12178,20258,24478,20145,27152
4946,0,7627,26705,26705,19948,22854
4947,1,5921,19530,20277,19530,20690
4948,3,9644,21139,15201,17166,18628
4949,0,8021,24329,24329,21274,23252
4950,169,10917,22448,23891,20584,19206
4951,4,14158,20427,17700,15997,16000
4952,12,6595,25375,23077,23651,21713
4953,253,14636,23593,25637,24126,27083
4954,0,5984,19166,19166,16974,22273
4955,0,2194,15614,15614,17499,16727
4956,0,10215,20480,20480,19329,21194
4957,8,1933,20203,24003,22464,22234
4958,0,11349,21313,21313,17714,18286
4959,0,3713,16407,16407,16406,16408
4960,0,1445,21206,21206,21207,21412
4961,0,8410,16868,16868,20097,18744
4962,2,7759,26173,25583,25129,26173
4963,8,8474,25103,24652,26025,24205
4964,3,5236,24588,25954,25694,19378
4965,0,2919,27021,27021,24604,25096
4966,0,3336,15705,15705,17801,15703
4967,3,10266,16495,15932,22581,17506
4968,0,6139,23639,23639,17341,22410
4969,1,11271,25503,24929,25503,24523
4970,0,6741,23961,23961,19786,23401
4971,843,11622,24489,22550,23100,25222
4972,65,12036,23598,19799,17979,20218
4973,0,5460,27205,27205,26290,27573
4974,7,13522,20473,20597,17962,18609
4975,0,2638,25247,25247,27376,25039
4976,0,12981,23456,23456,21501,19502
4977,41,11788,27583,21128,23092,16108
4978,0,10023,19774,19774,18373,20322
4979,0,12451,19118,19118,16086,19904
4980,0,6552,16388,16388,19719,20117
4981,0,5990,25970,25970,25216,16072
4982,2,747,25491,25493,22399,25491
4983,24,2710,22002,26285,23390,27277
4984,5,11973,23383,24773,23626,24776
4985,11,3212,24499,17639,15046,18482
4986,0,4875,22817,22817,17889,22454
4987,202,14059,21573,17681,17734,15888
4988,0,13659,25090,25090,24680,26198
4989,1,13348,26938,26397,26938,24322
4990,35,2125,24806,21588,25282,21589
4991,0,12725,16696,16696,15564,16029
4992,35,14488,23043,23471,18010,17745
4993,0,4695,16517,16517,16894,15106
4994,1,11669,15779,15899,15779,17983
4995,1059,4826,26817,23573,20261,27340
4996,0,1638,26636,26636,16463,25880
4997,0,12937,24131,24131,25709,22173
4998,0,895,21705,21705,17017,19115
4999,0,378,17586,17586,21520,22348
5000,0,10868,15022,15022,17077,27514
5001,0,1949,18950,18950,22366,20982
5002,0,9589,24480,24480,25586,21668
5003,0,14284,15763,15763,16190,17481
5004,0,505,20511,20511,21386,27216
5005,0,10612,16698,16698,15648,16705
5006,0,8458,15238,15238,22849,20884
5007,3,3851,22155,18747,25094,27483
5008,0,12169,17594,17594,21160,21161
5009,0,13369,23468,23468,26779,24044
5010,102,3980,26580,24125,21949,19254
5011,8,12987,24139,20558,22976,22495
5012,0,9678,26560,26560,25070,26651
5013,563,4440,26206,24796,25430,23825
5014,20,2732,22105,24699,19812,21472
5015,0,4944,17597,17597,23106,16172
5016,0,9865,25933,25933,25939,25935
5017,0,11361,20948,20948,17323,22877
5018,4,4246,21389,22515,23579,21382
5019,8,2027,18279,22038,26070,15163
5020,16,4553,27573,25948,27598,27549
5021,0,590,17103,17103,14958,15508
5022,0,2161,23286,23286,27041,24373
5023,5,2921,19920,26830,27327,26519
5024,0,9860,24176,24176,19313,18582
5025,0,3183,22564,22564,23464,25445
5026,0,1298,26458,26458,21861,26735
5027,0,7213,18720,18720,24230,17153
5028,47,10580,27733,16671,16803,19809
5029,2,13921,20680,20683,20678,20680
5030,17,7520,22647,18398,16133,18397
5031,0,4624,17381,17381,17442,18085
5032,101,13632,25413,26407,25611,27024
5033,1,4925,15073,16067,15073,19130
5034,1,13729,26132,17329,26132,26854
5035,0,3934,22746,22746,17889,22784
5036,0,2033,26929,26929,25565,26057
5037,0,5037,22483,22483,16338,22618
5038,354,9182,27447,23229,25365,22660
5039,10,10579,25682,24386,23642,26732
5040,0,8351,25833,25833,25001,21340
5041,0,11715,16990,16990,16110,16111
5042,0,5077,22037,22037,26380,19546
5043,1,4831,22394,22392,22394,22355
5044,3,4216,15054,17245,14987,17109
5045,0,5285,18909,18909,19213,22771
5046,0,2084,27535,27535,26999,27328
5047,4,8059,21838,22987,22594,15288
5048,1,1563,17063,17241,17063,15253
5049,1,9138,19939,16626,19939,17480
5050,0,11673,18860,18860,16926,16649
5051,1,7296,23640,26033,23640,26948
5052,0,6321,14988,14988,24140,24693
5053,0,13898,20283,20283,22284,23374
5054,98,13914,23306,16802,16803,26609
5055,1,10413,20604,20605,20604,17317
5056,0,9649,20928,20928,23797,21842
5057,5,11952,20896,17670,19923,17320
5058,0,7687,25889,25889,21804,27284
5059,1,10504,18577,16618,18577,27430
5060,2,8380,19930,27088,21238,19930
5061,5,11933,23633,24155,24535,21739
5062,0,9732,21874,21874,21873,20297
5063,2,4412,16838,15723,18853,16838
5064,0,5961,19240,19240,21950,21519
5065,0,2828,16258,16258,16514,16511
5066,5,5793,23790,24018,20949,21800
5067,563,12994,24435,20068,15257,17592
5068,0,6893,26530,26530,24101,27645
5069,0,6381,17301,17301,17740,16609
5070,2,9906,24194,26302,26304,24194
5071,42,8677,26877,26262,22689,23694
5072,2,5127,26391,26019,23076,26391
5073,0,12220,15392,15392,17887,16641
5074,1,12449,27542,25764,27542,27541
5075,142,14394,16412,16513,20922,21007
5076,0,12405,18028,18028,18029,23358
5077,0,7651,17341,17341,19392,23562
5078,0,6115,18761,18761,22972,24208
5079,1,2999,24336,24155,24336,21211
5080,0,5698,18642,18642,15183,21814
5081,1,8548,19503,26871,19503,20228
5082,1,7048,20791,15868,20791,15869
5083,0,2301,18364,18364,16894,15106
5084,0,8472,21351,21351,22676,24560
5085,4,2438,27392,24485,25001,27490
5086,91,3523,26645,24796,25877,25758
5087,342,4165,19000,16647,19436,15397
5088,71,13761,23723,26709,18327,25716
5089,12,12692,19358,19230,19477,19231
5090,41,7620,23060,20981,25059,17840
5091,0,5820,21355,21355,18778,22826
5092,80,1195,26697,27488,25050,20934
5093,0,8945,23209,23209,19825,27183
5094,3,7248,26575,27126,25411,20219
5095,1,13307,25407,25138,25407,25814
5096,2,4515,16124,16809,16012,16124
5097,0,4872,15999,15999,18590,16175
5098,81,11651,26675,22201,25730,26449
5099,0,459,18608,18608,22171,22390
5100,0,10170,16583,16583,16993,22578
5101,4,9579,23311,26149,15794,27199
5102,290,139,19081,27772,27756,27753
5103,65,6447,27716,24029,27229,22798
5104,1,14782,16056,16057,16056,16055
5105,0,6659,23426,23426,26865,22039
5106,6,3085,26452,19347,15230,17951
5107,14,7944,25474,20222,17667,25856
5108,0,4849,25662,25662,23655,27474
5109,24,4170,24440,27685,26378,22035
5110,5,14114,16663,16664,18320,16688
5111,0,3948,17738,17738,18163,20572
5112,5,1920,20949,24018,22909,22677
5113,1,11316,15378,15379,15378,21986
5114,0,1396,21851,21851,22485,20017
5115,0,7239,18889,18889,16939,18865
5116,22,8406,20449,20095,21779,20952
5117,3,12794,20342,20341,20391,20389
5118,229,5415,23814,24796,24928,21860
5119,1,9563,15901,15149,15901,15085
5120,1,8289,21568,23190,21568,22669
5121,16,2910,25250,27261,26488,27071
5122,0,6881,26282,26282,23196,26749
5123,0,1785,15156,15156,15178,15035
5124,0,3898,14957,14957,18358,14958
5125,0,3296,15231,15231,17419,15356
5126,45,9084,17064,26534,26563,27778
5127,44,1693,15232,19347,17628,17951
5128,0,6185,24751,24751,26386,22101
5129,104,13310,23388,17743,19357,18049
5130,19,11706,16912,21208,16913,17804
5131,235,5059,23206,15894,22432,22424
5132,0,2198,24888,24888,21005,19246
5133,0,995,25009,25009,24976,27150
5134,1,1700,25831,19905,25831,22858
5135,9,10376,17068,22330,18130,24651
5136,2127,13718,24445,17079,25637,20019
5137,0,2639,23746,23746,22992,16861
5138,115,9581,15772,23844,18371,18900
5139,0,261,24296,24296,21347,25030
5140,11,11981,20995,16526,19042,17911
5141,0,8382,15592,15592,20457,17303
5142,0,8776,18736,18736,18735,20057
5143,0,14115,23483,23483,26019,25184
5144,0,12210,18068,18068,15028,25722
5145,0,7796,17991,17991,24799,23785
5146,6,11901,27438,20034,19835,20040
5147,2,14575,16487,16485,22135,16487
5148,3,12053,16201,25880,18887,19685
5149,19,13906,19801,20371,16376,21995
5150,0,2727,27511,27511,26396,27628
5151,0,646,16458,16458,18110,23341
5152,0,1002,26811,26811,22738,16995
5153,0,2450,21931,21931,17996,16605
5154,20,3364,26635,18812,25942,27429
5155,0,3401,15643,15643,23923,25449
5156,8,1407,19551,23449,24429,19653
5157,6,8773,25867,27300,27298,27302
5158,1,5590,21935,21870,21935,19717
5159,10,9199,20740,20755,20704,20747
5160,12,12062,17660,17999,18266,16109
5161,1,6013,22247,24015,22247,23893
5162,1,6486,27000,24718,27000,23629
5163,0,13430,17169,17169,21679,21283
5164,108,5351,26927,27350,27250,23958
5165,0,8708,26418,26418,25788,20944
5166,1,9922,19538,22531,19538,26804
5167,1,3619,21471,21474,21471,18250
5168,1,2960,19267,17816,19267,23741
5169,0,2702,20293,20293,22541,22623
5170,0,924,21383,21383,25476,26679
5171,0,5329,17998,17998,17008,20499
5172,0,4787,18061,18061,21126,24936
5173,0,189,21577,21577,22657,18092
5174,377,12764,17503,19376,15293,15930
5175,13,9330,17288,16617,19286,17864
5176,0,7688,21753,21753,25593,18632
5177,25,8197,17731,20696,17135,16760
5178,0,6764,22276,22276,17862,17864
5179,0,11828,18837,18837,19777,19778
5180,0,11861,23432,23432,23433,26111
5181,3,12251,21311,18291,21310,17714
5182,0,2052,20572,20572,22693,16838
5183,0,2098,24862,24862,24358,24570
5184,0,8370,15725,15725,15724,17039
5185,12,331,18436,23966,18287,19329
5186,1,8659,23785,24710,23785,25688
5187,8,3388,19632,21739,19629,24518
5188,0,3816,16617,16617,18576,16618
5189,21,14380,23292,26124,27116,15152
5190,0,1067,21021,21021,17992,17991
5191,24,676,23059,15298,16661,18531
5192,0,13517,22729,22729,23374,20581
5193,11,5776,20001,20009,24747,20002
5194,1,316,25524,21228,25524,25016
5195,0,9241,21924,21924,23015,25659
5196,3,11433,16110,18266,15590,15493
5197,27,1080,19040,18647,17232,26749
5198,3,13511,20393,20341,20342,20391
5199,0,3412,17705,17705,23429,17704
5200,0,9550,20461,20461,26488,18121
5201,832,5479,21720,19812,19811,21783
5202,0,6603,16132,16132,16138,15426
5203,0,9831,24103,24103,24331,23258
5204,0,9722,21539,21539,16304,16571
5205,0,5478,27012,27012,21877,22450
5206,1,5200,19716,20923,19716,19688
5207,4,8287,15483,22676,24844,21326
5208,0,12402,24860,24860,25460,18499
5209,9,13766,19651,24113,18166,22654
5210,1,5062,16285,17009,16285,27479
5211,977,9111,24157,15703,15701,16988
5212,1,13055,19494,20847,19494,20854
5213,33,2127,26826,23142,26990,23232
5214,0,10232,26376,26376,26377,25939
5215,7,7036,15345,25462,24298,24839
5216,41,1,15047,24693,15456,14988
5217,1,1697,15818,15825,15818,16434
5218,0,12078,16011,16011,18172,16879
5219,1,5707,24133,21490,24133,25244
5220,0,13293,19035,19035,20307,20771
5221,6,5082,15943,15200,24327,25457
5222,18,140,15384,17781,16719,15873
5223,0,268,23155,23155,26821,27195
5224,0,11190,21035,21035,19878,25397
5225,0,7726,16045,16045,20015,16538
5226,9,5932,17020,16358,16504,16763
5227,4,12127,24043,27411,25036,24334
5228,2,5364,21612,20539,19315,21612
5229,0,9112,24586,24586,26360,24382
5230,0,5920,19532,19532,20681,16872
5231,0,1187,21736,21736,25345,24300
5232,3148,9006,25194,19910,20696,19888
5233,838,618,18269,24694,24140,15456
5234,0,11656,20748,20748,20746,20755
5235,0,369,20227,20227,19696,19716
5236,0,12006,19561,19561,17068,19533
5237,0,10442,25150,25150,26368,26918
5238,28,5442,27148,25082,20413,23403
5239,4,6451,17146,15856,17145,15855
5240,1220,13292,26693,22955,17215,17532
5241,1,7005,24328,22559,24328,20155
5242,1,4126,27659,27657,27659,27646
5243,1,7869,22065,22926,22065,25272
5244,0,11598,20890,20890,19851,20891
5245,0,13113,18883,18883,19441,20317
5246,530,7175,19005,27728,27772,27758
5247,0,2952,25108,25108,23780,24266
5248,2,4773,27383,27598,27350,27383
5249,0,4977,19583,19583,19574,24416
5250,0,1186,19608,19608,19733,25250
5251,1,4338,17451,16633,17451,26942
5252,23,11601,23914,24594,26529,26757
5253,4,5361,17861,17859,22597,20328
5254,7,9898,24127,23603,16250,24094
5255,0,4537,16075,16075,17889,18748
5256,0,7396,22766,22766,23610,22502
5257,3,3656,19490,22012,18168,19277
5258,0,256,18496,18496,20267,18495
5259,1,3815,23943,23937,23943,23942
5260,0,7820,18189,18189,26126,24154
5261,0,12356,15160,15160,15162,18277
5262,3,3620,25826,18748,22003,22693
5263,0,10052,26663,26663,25316,24614
5264,7,741,16816,15996,16814,19433
5265,57,2793,22172,23085,23917,24788
5266,2,13454,21070,21069,21073,21070
5267,33,2466,27002,25961,25434,27535
5268,8,6452,17098,23051,16285,22243
5269,0,10551,18636,18636,19257,18077
5270,0,1216,27068,27068,23142,27429
5271,4,13546,24957,24955,24956,24953
5272,0,156,24488,24488,24936,23095
5273,94,9250,19026,24796,25850,26891
5274,0,3,22204,22204,25300,26138
5275,0,1858,25307,25307,25020,19870
5276,0,6639,21330,21330,18304,21878
5277,0,6826,21010,21010,21514,23117
5278,0,2456,17012,17012,18625,15570
5279,7,6034,19866,18890,21186,19969
5280,0,11257,25878,25878,18316,21655
5281,3,6266,26920,22768,22860,24893
5282,0,1699,26482,26482,25429,27337
5283,82,7496,24689,20577,17016,25575
5284,5,12849,15873,15062,15416,17222
5285,0,11466,18674,18674,17264,20238
5286,0,4461,22693,22693,16838,25453
5287,0,1479,17067,17067,22330,17515
5288,20,2659,26221,23630,22013,24734
5289,2,782,26294,19920,22123,26294
5290,0,1177,24155,24155,22687,17799
5291,0,10835,21141,21141,15201,21016
5292,188,12766,19018,15892,16921,21598
5293,258,3566,26852,22546,24378,27093
5294,0,1722,23535,23535,26826,25395
5295,34,6704,24747,15391,17325,20263
5296,4,10126,27054,27598,24562,24522
5297,3,14087,21146,21143,21142,21149
5298,0,5919,22058,22058,18484,23052
5299,139,3930,16569,19051,19049,16455
5300,46,4174,24858,20089,22539,16580
5301,3,10750,23888,25399,25848,26272
5302,2,14785,23717,16806,23088,23717
5303,5,3564,16815,15996,15482,19433
5304,411,11806,24327,20282,27752,17832
5305,0,2902,20487,20487,20486,14998
5306,8,6055,27283,27548,27563,19665
5307,0,1242,15976,15976,19164,24570
5308,4,6076,24003,23605,22580,22329
5309,0,43,16759,16759,18354,15386
5310,0,8353,24949,24949,22246,23758
5311,5,5573,17859,24358,21300,22217
5312,0,7965,26868,26868,27350,18340
5313,1,13997,19220,16203,19220,17174
5314,0,14055,25493,25493,26337,17157
5315,0,2296,22809,22809,20917,17016
5316,1,13468,19451,15073,19451,16666
5317,0,5217,15819,15819,23383,23382
5318,0,11109,22296,22296,23247,22699
5319,219,7912,24545,21340,21802,27331
5320,0,5578,19124,19124,18404,16512
5321,0,14529,15768,15768,16161,21105
5322,0,11237,24931,24931,18259,22060
5323,287,10459,19357,23059,16179,25951
5324,0,12386,25827,25827,25853,23425
5325,0,3268,15383,15383,15993,15587
5326,0,4154,15239,15239,15393,19044
5327,128,14389,25553,27707,17456,26170
5328,4,13954,17670,23805,18128,18802
5329,0,851,17197,17197,17203,15571
5330,0,116,24526,24526,27361,24095
5331,0,5043,21488,21488,25833,22816
5332,0,8409,22125,22125,23864,21914
5333,5,10562,24653,25505,26095,26582
5334,0,6926,19971,19971,19970,21181
5335,1,11835,20924,17207,20924,15694
5336,0,8394,17702,17702,17767,17607
5337,1641,14403,25858,26794,26184,26341
5338,1,12566,19317,17487,19317,16801
5339,0,9411,23162,23162,16383,23037
5340,0,13003,18399,18399,21412,21411
5341,43,7725,23087,26722,27199,24790
5342,27,13745,25702,25858,22739,22735
5343,0,3058,27389,27389,24604,26186
5344,1,12637,24298,23305,24298,23500
5345,1,11578,21249,21257,21249,21391
5346,9,7404,19436,18654,22752,16363
5347,20,2283,27193,19996,26415,24750
5348,441,10487,25004,19369,24097,23233
5349,0,11625,26529,26529,26324,24536
5350,6,7071,17513,27116,15152,22275
5351,4,11180,23328,24833,19625,22972
5352,0,13917,18691,18691,18690,18689
5353,0,13605,23429,23429,17705,17380
5354,0,9921,15935,15935,17851,17432
5355,561,6800,26999,18184,26689,27403
5356,0,10178,21251,21251,21252,20190
5357,0,1729,23907,23907,23906,24778
5358,5,9352,17034,17379,15158,15500
5359,19,13379,19445,19407,19358,19410
5360,140,9060,24304,26564,22626,26552
5361,0,8341,22980,22980,25730,25273
5362,0,5914,20891,20891,26113,18860
5363,0,4088,21919,21919,16946,17852
5364,321,7815,27530,25614,26985,26285
5365,0,12874,23240,23240,18247,17946
5366,40,9669,27258,22016,25250,25598
5367,0,229,15925,15925,16596,15333
5368,2,1474,20406,16040,23597,20406
5369,0,3988,21514,21514,21814,21095
5370,0,10567,22102,22102,17441,20152
5371,24,10486,25947,24928,24796,25430
5372,1,9361,24035,25545,24035,22545
5373,0,5179,16345,16345,22029,16343
5374,0,10488,22911,22911,18040,20154
5375,2,10937,17003,16314,16503,17003
5376,0,2934,17007,17007,17816,19267
5377,0,336,18913,18913,17333,17812
5378,1,7149,24955,24957,24955,24956
5379,5,13118,18904,18883,20317,19441
5380,0,130,21548,21548,25259,22465
5381,0,8301,19751,19751,23517,22761
5382,0,11714,24077,24077,18143,26242
5383,0,10084,25471,25471,26724,24365
5384,0,7107,22420,22420,25923,18814
5385,22,4347,21444,24181,18201,25395
5386,0,2500,25912,25912,24753,24118
5387,0,8934,19714,19714,16447,24807
5388,15,12280,26950,24250,23969,24249
5389,0,7889,19482,19482,15509,21385
5390,0,11283,23452,23452,22976,20558
5391,0,11874,26088,26088,24824,18097
5392,45,12741,22412,23141,23113,25477
5393,3,13626,26417,24600,25505,26582
5394,0,4074,26016,26016,25326,26548
5395,3,12029,26368,25967,24620,26370
5396,54,14188,22728,20283,21238,23374
5397,0,12480,16140,16140,16410,15033
5398,3,4618,24199,23125,26780,26985
5399,3,3329,17841,17333,22620,23627
5400,1,10274,26140,26173,26140,25723
5401,0,9681,16290,16290,25337,15117
5402,9,12008,23505,23928,23144,16897
5403,0,10814,16624,16624,16621,15096
5404,1,9698,15412,15023,15412,17532
5405,1,6509,24292,21220,24292,18588
5406,0,5473,16599,16599,23302,15619
5407,3,1667,26800,25764,26958,27542
5408,0,3355,15970,15970,22058,18484
5409,0,8693,25718,25718,25039,24409
5410,109,6337,27073,26543,26592,26752
5411,46,11770,19780,17670,16101,15859
5412,0,6428,23574,23574,26278,25968
5413,0,12488,15944,15944,18743,15462
5414,0,1429,15848,15848,15112,24821
5415,136,3257,27579,27365,27456,25961
5416,55,8004,27049,26250,26300,27644
5417,0,3975,17916,17916,24710,26987
5418,0,14366,16102,16102,18803,15908
5419,284,12138,27735,16430,22040,16671
5420,89,1179,16738,24045,18498,18300
5421,19,3977,21689,17185,22670,25230
5422,0,8281,18812,18812,15635,19238
5423,0,4795,24208,24208,23966,23932
5424,0,5391,22541,22541,22496,22205
5425,0,12681,24620,24620,25967,26370
5426,0,13869,15712,15712,15710,15714
5427,29,13846,23993,25618,25617,25078
5428,65,5146,26565,25758,24928,24717
5429,22,6015,24358,24406,22572,17039
5430,0,2249,17238,17238,18770,17990
5431,0,1008,15152,15152,27116,15148
5432,33,845,18470,22660,24844,24881
5433,38,13405,18991,18125,19274,17498
5434,0,6271,19792,19792,20667,17631
5435,0,2357,26788,26788,17751,25207
5436,0,13365,17903,17903,17904,16567
5437,0,4087,18021,18021,18020,17244
5438,428,11762,17662,22916,21505,26143
5439,97,9366,27555,27328,23661,22641
5440,35,14477,23420,27211,25587,24284
5441,0,1628,23142,23142,25643,26849
5442,2,5427,27506,27535,23120,27506
5443,345,4311,23709,24860,18499,22798
5444,0,8805,26048,26048,22541,24336
5445,1,4531,20194,21251,20194,21253
5446,11,8924,23703,23255,18006,23292
5447,6,8468,27639,27354,27462,26743
5448,9,9821,16194,21294,18368,15427
5449,55,8684,18316,25594,22988,24160
5450,0,11454,17314,17314,21321,21322
5451,0,2188,20908,20908,19904,15209
5452,0,1882,18336,18336,19466,16450
5453,1,10739,21731,19179,21731,20302
5454,0,5736,21726,21726,20600,18591
5455,0,13426,16906,16906,17724,18884
5456,13,8885,25272,20312,22926,20351
5457,10,4421,25511,26409,22234,15944
5458,0,14759,19798,19798,22749,22299
5459,7,11843,24535,18140,21739,24518
5460,5,10583,18161,16168,22660,25810
5461,13,8498,17876,15154,17163,24235
5462,6,12546,17225,14989,17222,15064
5463,2,4514,18972,18518,18440,18972
5464,0,2821,24877,24877,23232,20083
5465,4,4192,27746,27747,24552,27745
5466,0,10369,26967,26967,24932,17004
5467,36,12595,22531,23237,16672,16198
5468,25,10926,27400,26736,26929,26419
5469,0,5878,22551,22551,20122,21011
5470,0,6094,23610,23610,22784,22454
5471,272,3579,19736,26990,26659,26689
5472,1576,14418,19465,17885,15933,16906
5473,0,4810,22496,22496,22205,22541
5474,4,1342,25935,24620,25933,25967
5475,1,14515,19200,19593,19200,23486
5476,0,12246,20547,20547,18041,23100
5477,3,6143,19519,20684,17730,20690
5478,0,14903,24116,24116,22590,24786
5479,0,7306,23184,23184,23182,27218
5480,0,8612,18978,18978,16038,16792
5481,0,11735,25341,25341,25342,25167
5482,0,460,15697,15697,22689,26262
5483,1,1751,18255,21376,18255,18875
5484,0,14256,15181,15181,16790,23814
5485,218,10869,20977,18440,23730,26811
5486,0,5266,22438,22438,23091,27158
5487,2,1465,19329,23534,18305,19329
5488,230,5048,20379,26552,25639,23918
5489,0,2769,22094,22094,22766,18718
5490,0,11125,16585,16585,20858,15526
5491,35,11035,26415,25738,25734,26314
5492,0,11179,27331,27331,26954,26612
5493,96,14894,14970,17226,23379,18710
5494,1,4693,17258,17259,17258,16829
5495,0,13611,20237,20237,18976,20480
5496,30,7701,19542,16210,16809,19416
5497,349,3563,23557,21660,21661,17801
5498,0,5378,18886,18886,27041,19982
5499,39,1812,27548,25901,26894,27415
5500,2,1178,21812,24170,24378,21812
5501,0,2563,19896,19896,16165,15216
5502,2,3077,26246,25525,26247,26246
5503,0,410,18628,18628,21139,21141
5504,1120,939,27377,22635,27779,27788
5505,1,13946,22738,22739,22738,26810
5506,0,6332,18940,18940,18938,18939
5507,0,7131,27572,27572,21571,20050
5508,1016,1969,23898,26244,20730,14971
5509,0,11245,18285,18285,17947,22610
5510,0,2807,21800,21800,20949,22677
5511,431,8665,23719,20180,21044,15412
5512,0,8703,19765,19765,23707,22494
5513,0,6235,24063,24063,19890,21876
5514,4,9337,19567,16391,26737,27065
5515,1,5365,16915,17857,16915,21576
5516,2,5899,26570,19435,21602,26570
5517,2,7930,22557,21005,18918,22557
5518,1,9515,19211,20123,19211,21926
5519,0,12639,20973,20973,22659,20048
5520,0,3050,21000,21000,24484,24529
5521,17,5367,22712,22717,24197,22716
5522,0,10820,21448,21448,21423,26737
5523,28,185,15374,15354,15371,15996
5524,3,8025,27306,25906,22375,20281
5525,0,2868,21647,21647,20884,19453
5526,32,6038,27764,19905,23833,23831
5527,7,1173,26974,26929,26516,26736
5528,0,7243,24814,24814,26556,22389
5529,58,13556,16496,16835,16684,17324
5530,11,1363,20665,20551,19484,20684
5531,2,330,15419,16007,15418,15419
5532,0,1960,21201,21201,21200,24651
5533,0,10093,23897,23897,17531,25754
5534,3,7828,26746,25870,25831,25485
5535,50,11404,27773,22858,23831,25459
5536,1,1437,23369,22551,23369,21708
5537,0,11694,26504,26504,27334,23633
5538,57,9548,26449,20118,21933,21921
5539,0,4416,19878,19878,24077,18344
5540,17,14522,15490,17168,17988,22133
5541,0,7327,18731,18731,19099,18744
5542,0,4941,22054,22054,18270,23956
5543,0,14439,19083,19083,22181,19600
5544,0,3202,25943,25943,26349,24918
5545,432,7377,25576,15910,17686,16201
5546,0,697,16123,16123,22506,16169
5547,0,479,22910,22910,21692,21696
5548,1,13045,19420,17783,19420,16008
5549,0,1549,19974,19974,27327,20159
5550,0,10035,20988,20988,18040,15385
5551,143,12007,19072,20859,21195,21200
5552,338,10950,24665,25014,25430,26483
5553,0,12341,23707,23707,21013,16074
5554,2,7879,22988,20472,24160,22988
5555,3,10793,20066,18887,15256,15237
5556,0,2068,22238,22238,22340,23744
5557,0,13653,18832,18832,19161,19157
5558,1,13237,19700,18908,19700,19843
5559,7,4084,27155,22775,19733,19731
5560,1,11521,23080,19848,23080,23338
5561,0,9897,15679,15679,15680,18321
5562,275,4855,16093,19101,19578,22848
5563,84,322,25600,22313,25960,21621
5564,1,13494,18960,23025,18960,22253
5565,0,3962,20645,20645,20637,20640
5566,0,3123,15527,15527,16719,17781
5567,0,10339,18121,18121,21226,23198
5568,17,11327,21627,19179,20017,20883
5569,1,4988,22157,25094,22157,25154
5570,15,9486,18928,18871,17417,16735
5571,0,5353,20122,20122,18727,22979
5572,10,13476,15145,17638,16189,18358
5573,9,11278,23041,25848,22056,22540
5574,6,2774,18177,18311,16857,18655
5575,8,9091,25132,17590,17213,23457
5576,69,6290,24190,24176,23497,25219
5577,0,1131,20303,20303,20304,20305
5578,203,8146,24680,25423,23825,21860
5579,2,8362,27356,18033,26274,27356
5580,53,5214,16991,16996,21648,17882
5581,269,8372,25713,24109,27350,23120
5582,0,4713,14964,14964,20854,16953
5583,15,1113,19806,22631,22718,25301
5584,0,7873,25926,25926,23403,22496
5585,0,3965,22909,22909,21800,20949
5586,10,8066,21645,19435,17817,17807
5587,0,1799,17215,17215,22955,19403
5588,101,3985,27778,23519,25237,24698
5589,0,1796,22453,22453,27593,23454
5590,226,2257,17521,18803,18804,16457
5591,0,11336,23122,23122,21972,21565
5592,3,12607,21242,21245,15359,21244
5593,116,3029,26719,27681,25833,25001
5594,0,13722,16248,16248,20698,19063
5595,4,11457,16783,17227,15108,15029
5596,5,6781,22433,22432,25613,27208
5597,0,5703,15998,15998,16725,16726
5598,2,9510,25690,27697,23275,25690
5599,0,13774,22843,22843,22844,24123
5600,1,10705,15273,17419,15273,15469
5601,5,10372,27489,27454,27101,24522
5602,0,4238,26285,26285,25154,27490
5603,1,10105,16053,15648,16053,15564
5604,4,5213,23406,18335,19625,23044
5605,103,1852,24467,16406,21075,27716
5606,0,4840,19109,19109,19354,22992
5607,2,14754,19703,23463,23194,19703
5608,11,4059,15481,19433,18915,21661
5609,0,5216,18917,18917,22766,24709
5610,0,10572,19378,19378,27391,21948
5611,0,4879,16604,16604,21930,18679
5612,7,12651,26089,17329,26131,26132
5613,0,10260,22628,22628,22627,22626
5614,3,2504,26935,25718,25811,26285
5615,0,6782,18107,18107,25893,18676
5616,24,4475,23067,25237,25359,24698
5617,0,6153,19863,19863,26337,20493
5618,529,3191,23742,23589,15030,19324
5619,0,9025,26416,26416,26339,26156
5620,2254,13865,24198,23223,16905,23899
5621,0,8697,25572,25572,25217,26429
5622,0,14062,20331,20331,20315,23430
5623,26,3757,25094,26752,23874,27461
5624,0,9982,24098,24098,25589,23653
5625,0,8874,21930,21930,21929,24358
5626,17,933,27711,24562,26763,27645
5627,0,175,23778,23778,26106,22478
5628,1,12323,18995,15073,18995,16666
5629,1184,14683,25992,26407,26399,26256
5630,2,12786,23109,19321,19544,23109
5631,0,12904,19706,19706,18104,15696
5632,156,1039,18507,27772,27776,27753
5633,1,8294,25359,25237,25359,24717
5634,0,4070,18831,18831,22766,25535
5635,6,991,18319,16916,17736,17784
5636,0,12575,15974,15974,17313,21272
5637,10,5747,15886,23832,23377,22015
5638,0,3053,20155,20155,22559,24328
5639,0,5072,27191,27191,22146,23253
5640,0,10527,26682,26682,20919,25118
5641,1,7127,22114,27542,22114,25764
5642,0,9776,20097,20097,22491,21374
5643,1,5751,23853,24580,23853,24086
5644,0,8030,24001,24001,24002,26023
5645,0,6695,27334,27334,21757,22687
5646,0,913,15838,15838,15007,16232
5647,0,13320,22744,22744,23660,18643
5648,156,2080,25385,23229,27628,23120
5649,0,9943,27406,27406,22535,27490
5650,3,898,17854,19399,16915,23034
5651,0,10753,20873,20873,22624,19337
5652,0,13164,20638,20638,20635,20178
5653,0,14564,21706,21706,21699,26260
5654,28,13738,22028,15490,15490,16108
5655,0,10040,19504,19504,16427,25649
5656,0,9023,23003,23003,23461,23681
5657,0,2682,26321,26321,23822,25909
5658,0,8705,24272,24272,19776,15922
5659,0,7521,23786,23786,21989,27095
5660,46,3732,24597,24772,24773,24775
5661,658,5596,26394,18860,26113,18862
5662,0,12057,19528,19528,20062,20071
5663,18,10140,25669,27460,22058,23098
5664,18,5368,23337,24232,17124,17019
5665,0,7437,17891,17891,21751,25688
5666,0,6785,18942,18942,22770,16328
5667,4,9733,20558,17292,25594,23452
5668,2,9398,23963,26183,19904,23963
5669,0,11485,24371,24371,15189,19983
5670,1,6375,18184,19974,18184,21440
5671,2,5673,19160,19384,19232,19160
5672,3,9759,22078,22276,21611,17052
5673,40,10725,17243,21499,18626,18536
5674,0,8545,15511,15511,15864,15127
5675,0,639,24773,24773,24769,24775
5676,0,9816,23956,23956,21569,21537
5677,2,6642,21387,21057,27190,21387
5678,0,10518,19390,19390,19159,22403
5679,172,3368,22444,23249,21566,25230
5680,2,7105,22209,24123,21804,22209
5681,8,14216,18259,17189,18956,17641
5682,0,2432,15500,15500,15501,15397
5683,4,7394,20994,19250,18750,23917
5684,0,5246,16328,16328,16458,18917
5685,26,7462,27228,23866,26840,18359
5686,0,2035,17890,17890,18820,16960
5687,1,7945,21710,23741,21710,21849
5688,0,3859,26502,26502,26692,21047
5689,0,5347,20878,20878,22094,21953
5690,0,4128,26002,26002,18993,20799
5691,0,4864,19893,19893,16393,22688
5692,62,14314,25189,21837,19169,21838
5693,0,9879,15247,15247,15386,15021
5694,5,11796,26254,25385,27568,26951
5695,1,12665,19066,20702,19066,19062
5696,0,12855,18600,18600,17939,18102
5697,11,12459,19803,25409,24996,25416
5698,1,8479,25311,24335,25311,23903
5699,0,13475,20834,20834,20835,17037
5700,0,291,16362,16362,16503,16791
5701,924,12355,16755,19288,15864,16099
5702,0,7791,21761,21761,21476,24143
5703,0,12240,20650,20650,19345,15469
5704,0,2241,15229,15229,15336,15144
5705,2,4622,26665,25161,26317,26665
5706,0,8789,24124,24124,22688,22375
5707,1,12131,15051,16181,15051,15508
5708,0,13650,22806,22806,22705,23907
5709,1,5507,21757,24155,21757,22687
5710,0,12372,15220,15220,15219,21142
5711,0,5075,19572,19572,23341,22688
5712,0,2016,20574,20574,19898,21238
5713,1,10929,15533,20969,15533,21897
5714,0,7953,19622,19622,20007,17280
5715,77,3347,27080,27644,26250,25847
5716,4,14155,23194,17796,18347,23045
5717,7,14702,18272,18929,20061,15535
5718,0,7551,18866,18866,17264,21883
5719,1,4078,16889,16577,16889,18230
5720,51,10605,20388,21144,20835,20796
5721,0,14316,16862,16862,16512,19124
5722,0,6302,20710,20710,21668,19620
5723,1,5472,24795,27375,24795,26358
5724,45,3289,17780,24532,19371,20999
5725,30,288,25545,25015,25887,23248
5726,15,4845,15027,15429,18294,18281
5727,14,10290,26612,22347,21511,26036
5728,0,1426,25071,25071,23738,23818
5729,0,10085,20631,20631,20632,20618
5730,1,5856,22249,19527,22249,20481
5731,0,12888,25054,25054,26069,24132
5732,0,4316,17734,17734,17733,17681
5733,68,9289,23706,21442,24860,25062
5734,0,5547,25630,25630,26893,25629
5735,8,13099,15505,17095,17116,17109
5736,0,9629,23995,23995,21223,22340
5737,3,7584,22965,22964,19170,20398
5738,0,12753,16884,16884,15472,16653
5739,2,11710,24235,24236,15742,24235
5740,16,6967,21445,27587,23401,26788
5741,85,14044,26269,15064,17561,17868
5742,5,9312,19396,21920,20901,16989
5743,0,1139,21685,21685,15763,15027
5744,2,4677,20401,20690,17730,20401
5745,4,5308,26315,26958,25764,26800
5746,0,6194,23579,23579,23691,19054
5747,8,13261,21104,18483,18331,17569
5748,0,12773,16562,16562,19072,20841
5749,109,4720,27601,26134,21675,16106
5750,1,7837,24987,27078,24987,27077
5751,7,12035,23809,26613,21788,23055
5752,0,12023,23617,23617,23616,22468
5753,0,7345,18897,18897,18396,23681
5754,0,13784,20021,20021,20552,20553
5755,0,4110,26401,26401,20894,18436
5756,0,5258,16339,16339,18466,21648
5757,164,6569,25983,27024,25622,26373
5758,0,5763,22559,22559,20155,24328
5759,0,10967,24242,24242,21290,20184
5760,0,11497,15341,15341,15342,22323
5761,3,9654,15320,17254,19958,18483
5762,706,2501,15101,17360,17359,23223
5763,0,7955,17877,17877,23210,20903
5764,4,10524,18673,19690,20493,25561
5765,917,3781,17108,22731,27758,23988
5766,9,2895,27319,27098,27032,21458
5767,0,8395,18849,18849,18104,21120
5768,10,1176,26241,26765,26664,26237
5769,0,1783,19353,19353,19109,18816
5770,3,2393,18601,19045,21734,25809
5771,0,2012,21368,21368,24757,25132
5772,1,1510,26373,24536,26373,26463
5773,1,9916,17201,17197,17201,17203
5774,0,10651,20179,20179,15800,20187
5775,0,2315,26378,26378,27685,21475
5776,0,3259,21980,21980,21978,19267
5777,1,13175,20269,24215,20269,21059
5778,0,8177,17472,17472,16221,22802
5779,3,11017,18018,19386,19413,16799
5780,0,3881,25940,25940,24444,18677
5781,1,13036,16021,22132,16021,16023
5782,11,7891,20980,22483,16338,18587
5783,14,14916,22181,21732,22756,21646
5784,221,1450,22996,24369,23366,20981
5785,0,6150,19251,19251,19254,18343
5786,4,5366,23023,24039,26441,24944
5787,23,14732,23461,23318,23320,23319
5788,1,13111,20633,15525,20633,19296
5789,0,961,15398,15398,14974,15550
5790,0,606,27295,27295,26442,21758
5791,0,7363,17910,17910,17923,17926
5792,0,7413,16068,16068,15681,21886
5793,2449,12375,26885,17486,27157,18014
5794,2,3606,18388,18439,16141,18388
5795,0,9339,16434,16434,16438,16435
5796,0,9645,21417,21417,19591,22071
5797,0,13450,18521,18521,22439,26430
5798,0,6278,19890,19890,27140,22496
5799,25,6535,21335,18748,16070,22158
5800,10,9476,24764,21758,23365,18094
5801,0,8139,24087,24087,24326,25041
5802,0,8310,23536,23536,24422,22778
5803,0,7023,23105,23105,23104,16942
5804,21,1865,15287,24693,24615,24140
5805,0,8640,25289,25289,23196,26490
5806,1,5947,25440,27154,25440,21074
5807,65,4533,26035,18937,26151,22694
5808,0,5901,26846,26846,23142,27558
5809,1,9168,16322,16320,16322,15489
5810,0,4377,20242,20242,19602,19673
5811,14,8619,23938,23942,23947,23937
5812,0,1353,18464,18464,18508,27679
5813,0,3891,19029,19029,15936,17432
5814,0,8359,20881,20881,16838,18987
5815,0,14017,23509,23509,14971,16308
5816,0,6726,21815,21815,21816,18601
5817,3,9536,26469,18815,18840,20822
5818,0,6894,18765,18765,16595,20202
5819,0,10966,23360,23360,23893,24984
5820,17,14454,23712,22301,25637,25623
5821,10,6594,19970,18892,20062,19968
5822,0,2751,24883,24883,22146,24539
5823,30,558,23603,25190,23176,24834
5824,0,6291,26023,26023,25294,22540
5825,0,9788,25513,25513,26191,22980
5826,1,9880,20504,20501,20504,20506
5827,0,7876,18614,18614,16864,17325
5828,46,1741,25562,18991,23774,24378
5829,0,691,25923,25923,24973,19657
5830,412,1406,19552,17574,16125,23449
5831,262,2102,20901,15480,17643,15352
5832,0,3014,15561,15561,15571,17197
5833,3,11662,22169,15373,15379,15378
5834,0,4496,17317,17317,20761,20760
5835,2,9790,19301,20613,20611,19301
5836,1,7968,20634,20632,20634,20623
5837,2,12574,19446,19445,19477,19446
5838,18,7590,21378,26263,21974,24181
5839,0,4334,17406,17406,15541,15437
5840,0,2365,25040,25040,23985,26057
5841,168,12672,17380,18040,20223,15385
5842,0,10341,16769,16769,15090,27717
5843,0,10512,21319,21319,17714,21308
5844,44,5196,19535,26446,23352,25472
5845,0,426,21527,21527,17584,17583
5846,43,6364,17053,17502,16297,16174
5847,1,3464,23859,21571,23859,23853
5848,0,7630,21262,21262,20818,21277
5849,0,8085,20278,20278,23932,23505
5850,0,2463,19942,19942,19941,19945
5851,0,11144,21966,21966,20962,21113
5852,6,10632,21604,21963,17014,23146
5853,441,12792,19324,25555,25000,20877
5854,18,8456,19374,19230,20790,19477
5855,2,4947,21110,20727,20721,21110
5856,26,1911,24771,24770,26059,24775
5857,12,1559,24766,24775,24773,24769
5858,2,12748,19316,16803,16801,19316
5859,133,3552,17520,15721,27412,21505
5860,1,14465,20616,20612,20616,21746
5861,1,1907,18622,24384,18622,22369
5862,0,1777,15655,15655,15735,23500
5863,0,9993,16231,16231,16232,15007
5864,22,6934,20455,21231,21423,24506
5865,43,9856,19752,26874,20151,24003
5866,0,1963,20332,20332,18853,15484
5867,1,11335,27509,24635,27509,23854
5868,0,11084,16446,16446,17827,15474
5869,2077,2316,26540,18566,18557,18563
5870,29,6101,22122,20353,24591,22713
5871,8,10314,24349,24347,24351,24352
5872,13,2091,18466,22366,20982,21593
5873,0,8783,24000,24000,15212,21353
5874,8,9588,25958,24796,24928,21860
5875,30,7859,17654,22601,26955,17979
5876,0,446,26717,26717,24537,25031
5877,1,9063,16189,18292,16189,17637
5878,12,5879,26184,25507,26116,25178
5879,242,6795,19082,27758,27753,27772
5880,2,9559,18682,21718,19761,18682
5881,0,2933,26924,26924,24444,25296
5882,0,5345,26427,26427,20041,27522
5883,0,8282,21409,21409,19769,21916
5884,1,12398,23564,24148,23564,24335
5885,0,6654,21574,21574,24314,24505
5886,25,6914,18415,21660,15996,15482
5887,0,8576,17519,17519,21984,25562
5888,0,11534,25267,25267,27495,26515
5889,3,11215,21591,24103,24331,26460
5890,103,5829,17824,22916,19892,16233
5891,13,10429,22052,17197,17201,21980
5892,0,9504,22540,22540,18727,22102
5893,0,3421,18044,18044,18367,16258
5894,1,11234,19190,23692,19190,16614
5895,0,1967,16625,16625,15592,23709
5896,0,10794,20016,20016,21626,17764
5897,6,12197,24711,21148,21823,24389
5898,29,1682,21657,18760,24385,21851
5899,0,11181,17186,17186,15486,17187
5900,0,11871,18045,18045,21283,21257
5901,14,4091,24638,20055,22957,21463
5902,49,12978,26690,18549,26269,19436
5903,42,11712,23695,25364,21856,26749
5904,0,11970,25199,25199,24062,24723
5905,0,3138,16841,16841,16842,14999
5906,0,8174,20568,20568,21682,20274
5907,0,10863,18064,18064,21285,21284
5908,2,1356,17647,19285,22275,17647
5909,7,195,24551,19738,24374,22402
5910,2,14097,25618,25617,25078,25618
5911,86,1829,25908,27335,27283,24185
5912,17,6811,27255,27235,27237,27029
5913,11,12801,23489,23127,18204,18304
5914,3,10337,20770,20766,20777,19791
5915,2,354,16919,16857,22351,16919
5916,512,569,16116,26728,26934,26353
5917,15,9766,15070,20066,15098,20696
5918,6,9891,22861,23817,24670,23613
5919,0,13042,23408,23408,21148,18333
5920,5,7746,26492,26495,26494,26499
5921,3,10976,17543,15141,16475,15140
5922,0,452,22006,22006,21440,18084
5923,0,7053,18826,18826,20571,18105
5924,5,13737,16729,16720,16724,17258
5925,0,4897,25100,25100,22651,21101
5926,0,11696,24409,24409,24483,22295
5927,0,4177,17430,17430,17440,18816
5928,491,2482,25426,24816,16035,24815
5929,1594,12272,18540,20439,26051,19823
5930,282,14791,16179,17824,18804,17677
5931,3,12832,24700,23406,27709,22796
5932,1,9488,15958,19131,15958,21976
5933,1,13801,15137,16584,15137,16198
5934,2,13180,21739,22435,24518,21739
5935,0,3266,18274,18274,20760,20761
5936,0,1864,17487,17487,19317,16801
5937,1,3684,23967,16198,23967,19540
5938,45,4271,21106,18331,23897,23898
5939,4,5655,26516,26929,26619,26736
5940,0,2954,21386,21386,27406,26334
5941,0,10828,16629,16629,15431,16630
5942,0,10125,16654,16654,26479,22243
5943,0,149,18090,18090,24102,18121
5944,1076,6036,27545,18102,19860,17387
5945,0,11391,18486,18486,26570,19919
5946,2,12833,26247,26246,25525,26247
5947,0,673,25707,25707,24604,26537
5948,607,2690,25106,26116,24273,26757
5949,10,10985,22833,19227,18930,18200
5950,2,12744,23173,23172,27698,23173
5951,2,3444,26835,27106,24562,26835
5952,12,11424,17646,16656,19753,16655
5953,1,2764,17926,17923,17926,17910
5954,0,3209,21459,21459,22673,25322
5955,0,2019,17718,17718,21711,21128
5956,0,11425,24160,24160,20472,21064
5957,63,12025,24494,26200,26198,26201
5958,0,1651,26295,26295,25397,21648
5959,0,8255,18676,18676,19663,25911
5960,0,13982,27460,27460,23685,21414
5961,2,6999,20965,23283,24320,20965
5962,0,9968,24760,24760,25678,26357
5963,0,2536,15588,15588,16706,16657
5964,53,7108,17367,16191,23169,23070
5965,8,7655,24331,24749,20001,17376
5966,1,11533,24742,23024,24742,24165
5967,40,12779,27053,27687,19997,27166
5968,38,6196,25434,27655,27035,22535
5969,0,5446,21326,21326,26446,21356
5970,141,6439,27397,20084,26515,25717
5971,138,13472,15058,23931,16516,16532
5972,0,2370,25736,25736,25737,26423
5973,52,46,19597,22670,21566,22046
5974,331,1001,15373,15352,17643,15354
5975,0,1377,25288,25288,25501,22129
5976,2,13785,26107,26670,25557,26107
5977,0,6840,18853,18853,16838,19693
5978,1,601,25336,26487,25336,22125
5979,0,6098,18084,18084,27020,26543
5980,2,14474,18459,23021,17425,18459
5981,3,7783,27095,24130,23885,22535
5982,0,14758,22353,22353,19404,17867
5983,0,6344,15321,15321,20057,21040
5984,0,14146,19321,19321,18737,15101
5985,0,3568,24780,24780,15634,23864
5986,19,13838,15279,22028,22935,17699
5987,0,1369,17414,17414,16998,17718
5988,0,7993,25622,25622,26529,27024
5989,0,10983,21299,21299,26912,17279
5990,1,9652,24649,23976,24649,23547
5991,0,6354,19788,19788,17238,22992
5992,3,11648,18401,21778,19228,19184
5993,8,13892,25646,24536,25343,22735
5994,1154,6985,26608,27358,17243,26068
5995,14,13713,23590,23759,21823,21148
5996,28,14039,18284,25999,19973,19643
5997,36,14799,15257,16964,17897,17429
5998,0,5869,24212,24212,19612,20998
5999,0,3428,21344,21344,22922,22696
6000,0,2409,16128,16128,15277,15007
6001,1,10574,21089,25649,21089,22399
6002,119,7113,15930,15004,27175,24113
6003,299,3265,27390,27767,23368,24678
6004,4,13549,24433,23299,21556,23859
6005,0,6227,19638,19638,20576,23059
6006,0,1150,20659,20659,20666,20277
6007,11,6122,16781,22091,22019,17583
6008,0,3772,15926,15926,21865,19164
6009,841,14925,26966,27731,27772,25494
6010,75,13956,23312,22285,21243,19421
6011,65,14301,25512,17205,25337,18095
6012,0,7100,21742,21742,18792,25057
6013,19,2628,27358,26132,26131,26854
6014,1,3471,16249,16288,16249,18532
6015,0,3674,20477,20477,23108,19271
6016,109,5540,26896,20312,19179,20445
6017,3,9387,23439,15152,25644,27116
6018,0,508,15479,15479,15703,15352
6019,32,7875,22092,17185,15497,16620
6020,222,11198,24670,24796,24717,21860
6021,0,6103,20354,20354,22817,17738
6022,12,3383,22872,19329,22463,21148
6023,0,777,17915,17915,17912,17916
6024,9,395,27731,27728,27758,27742
6025,9,716,16287,16107,21611,16617
6026,6,9351,17033,17354,17034,17379
6027,0,2813,20198,20198,19054,23206
6028,813,10813,17506,18049,18050,19004
6029,0,7226,17835,17835,26231,18491
6030,0,3087,21384,21384,18767,20151
6031,136,6380,21343,26295,19399,22127
6032,0,12911,22373,22373,27306,22980
6033,0,1412,17104,17104,17311,17317
6034,0,4983,15600,15600,26645,18549
6035,0,2400,24918,24918,24741,27472
6036,47,13110,16860,18070,17271,16466
6037,0,12153,25945,25945,21781,27494
6038,2,3647,16748,17781,16719,16748
6039,135,2390,23825,17167,23819,23216
6040,19,4975,18488,17110,19508,17954
6041,0,9820,17458,17458,15386,16355
6042,41,69,15344,25124,26877,23380
6043,10,4550,27484,26348,26421,25484
6044,0,4030,18460,18460,21931,23700
6045,0,11581,25331,25331,24447,24630
6046,0,9056,15335,15335,20383,19068
6047,0,11518,17737,17737,17828,18388
6048,1,10530,21288,16621,21288,26684
6049,1012,6772,25410,23364,23264,23279
6050,16,12143,20028,19835,19836,19833
6051,9,290,21590,21862,18928,16968
6052,0,4371,18965,18965,19452,25862
6053,0,2273,17806,17806,16577,18226
6054,0,11513,20641,20641,19418,16017
6055,21,7887,24394,22845,24530,21833
6056,0,14042,16174,16174,17606,17599
6057,13,14744,19462,19085,19767,27198
6058,8,7168,19726,20397,20342,20341
6059,2,1888,19289,19288,19286,19289
6060,0,7629,16469,16469,16959,15920
6061,3030,1810,25360,22432,27208,25613
6062,11,4972,26377,26042,23368,26376
6063,13,2441,21480,23136,23650,22119
6064,82,5928,23773,24215,22974,25195
6065,0,4877,17608,17608,15716,17603
6066,73,14383,23449,18658,19599,23226
6067,0,2025,16111,16111,17056,15493
6068,21,6888,25396,27093,25681,22059
6069,10,4380,16716,24499,15253,17639
6070,3,6761,27369,27321,27192,26351
6071,1,95,24267,25455,24267,22688
6072,23,1297,23917,24630,19567,20728
6073,148,13268,17409,26244,19662,22434
6074,0,6172,21097,21097,21576,22584
6075,1,10475,20212,20053,20212,21588
6076,0,6388,26808,26808,23642,26807
6077,0,5853,17208,17208,21883,17207
6078,0,3245,20625,20625,19903,18760
6079,0,10918,22721,22721,19952,20941
6080,1,4803,23984,19206,23984,25674
6081,277,14848,26710,18391,19809,17562
6082,0,8001,17083,17083,19315,18230
6083,44,1695,24663,17381,24966,20715
6084,5,12647,18887,16669,16201,16551
6085,6,5977,16096,22244,15129,15891
6086,802,833,18990,27129,16478,21701
6087,0,9462,18265,18265,18221,25762
6088,0,7033,23682,23682,24004,15361
6089,10,6883,19174,20313,20779,18017
6090,12,8374,27241,27029,26392,25250
6091,7,8571,15425,24140,14988,24693
6092,0,5767,27133,27133,24839,25462
6093,11,8604,23471,17574,25976,23449
6094,0,12703,18924,18924,20327,19322
6095,146,7672,27085,27549,25081,26826
6096,2,9740,24147,23564,24148,24147
6097,0,11473,19865,19865,26843,15958
6098,4,11922,19002,18200,19227,22754
6099,0,12666,19400,19400,19543,18798
6100,0,5827,21449,21449,23752,18005
6101,1026,14767,16233,24868,21872,17653
6102,0,1481,22424,22424,20337,22434
6103,6,13091,20696,27075,15923,20315
6104,0,3486,15301,15301,22667,15310
6105,1,6637,18292,15147,18292,15249
6106,0,12938,23339,23339,23336,19879
6107,509,9810,17540,20431,19716,20923
6108,0,13064,26916,26916,25760,23904
6109,2,10391,23289,22462,20394,23289
6110,1,4609,24374,22402,24374,24923
6111,0,13939,17358,17358,23717,21670
6112,1,832,18032,22681,18032,21757
6113,268,2680,26305,17018,18033,16089
6114,1,11548,18245,17763,18245,21882
6115,0,5327,21985,21985,21857,21966
6116,8,6146,15894,16520,15116,16932
6117,0,8527,24743,24743,16971,23012
6118,18,5935,23584,27345,23061,24383
6119,123,491,17090,22603,17071,27704
6120,0,274,20166,20166,25267,24441
6121,30,7154,25389,25760,23079,24476
6122,0,1059,18005,18005,17754,22506
6123,0,7617,15630,15630,16279,21131
6124,6,5046,23583,27667,26454,27190
6125,0,5508,18723,18723,24416,19574
6126,0,5311,27216,27216,24753,26981
6127,135,11793,24172,23803,26149,23680
6128,5,2312,19090,23547,20173,26297
6129,0,7010,26959,26959,20089,23988
6130,10,1414,21593,20982,21648,22366
6131,1416,14130,15290,18328,21674,23573
6132,0,4902,19943,19943,19935,19940
6133,1,814,18915,15482,18915,15703
6134,4,11894,18696,24931,16269,20015
6135,10,4750,25666,26862,25392,25032
6136,0,14124,21398,21398,21676,18441
6137,56,909,26119,26238,26318,24092
6138,0,4820,16501,16501,16159,16235
6139,45,929,25761,23370,23536,22778
6140,1,6310,22111,19576,22111,22921
6141,2,2046,20414,27715,24667,20414
6142,0,8330,24040,24040,22839,22696
6143,207,14186,22603,16826,19151,17646
6144,21,10081,24651,17707,24323,15665
6145,14,10619,19762,20218,15327,25228
6146,0,4854,18303,18303,17893,24498
6147,19,4516,26536,21764,15722,23284
6148,20,11599,20695,20690,19519,16872
6149,0,5753,20244,20244,26630,26309
6150,6,1409,27525,27647,27353,26016
6151,1,998,15324,15129,15324,20361
6152,0,9539,27315,27315,25034,26490
6153,0,13502,17638,17638,15642,15145
6154,0,6057,22784,22784,17889,22454
6155,0,4115,15509,15509,18320,15504
6156,0,8078,22710,22710,24932,25980
6157,4,1252,27320,27246,27197,27426
6158,62,13634,26526,25430,24796,25758
6159,1080,9799,20466,24378,24939,22306
6160,0,13306,15395,15395,15411,15403
6161,0,8206,24936,24936,21126,24488
6162,0,7174,19909,19909,17167,25910
6163,3,4791,16950,21237,16115,19903
6164,0,14910,17677,17677,18758,15045
6165,113,14483,15756,17469,22752,19220
6166,2,13840,26286,22370,22371,26286
6167,0,480,27431,27431,25081,24181
6168,92,8671,22447,24796,27259,21860
6169,4,10250,27058,25372,23229,27335
6170,118,13589,23363,23463,23194,19218
6171,6,10525,15446,18128,15859,17670
6172,811,14832,18320,15044,19081,16658
6173,95,12952,25383,21517,24530,24164
6174,0,13717,17291,17291,21127,17292
6175,4,11613,15116,16520,16648,18142
6176,177,13286,19534,17901,15745,23270
6177,0,6613,19756,19756,19757,21428
6178,2,10871,19309,17320,23805,19309
6179,0,3748,24302,24302,17442,23706
6180,6,13828,26149,24824,18499,25984
6181,52,13204,23434,23975,19828,25305
6182,0,10586,24908,24908,22593,25243
6183,83,5816,16951,22066,19596,22067
6184,16,3379,26446,23399,26921,26577
6185,44,811,15626,26791,26231,15906
6186,1120,13895,18136,27719,23968,15045
6187,2,2826,24486,23138,16393,24486
6188,42,295,14987,15054,16351,15046
6189,0,12789,17002,17002,19444,19174
6190,2,10041,20553,20552,21730,20553
6191,1,11183,23604,18858,23604,20095
6192,0,3442,21909,21909,20097,20493
6193,4,6928,19231,19237,19230,20790
6194,52,6147,27368,23820,25885,26660
6195,35,3888,24091,20304,20303,20299
6196,4,14357,16125,23482,18642,21885
6197,33,11873,16766,23843,15543,15250
6198,18,12529,19784,22279,27625,22678
6199,0,7046,16118,16118,18332,15260
6200,145,8098,27575,27518,26881,27478
6201,0,6599,24334,24334,25036,26027
6202,0,13700,20051,20051,21391,19889
6203,0,14118,24217,24217,25676,27411
6204,0,3243,17294,17294,22061,25100
6205,0,1947,21979,21979,18962,18230
6206,4,10593,15424,21043,15755,15441
6207,29,12490,24005,21261,19643,22724
6208,0,1898,23323,23323,21440,27196
6209,3,5023,16367,17399,15891,15129
6210,0,8447,20614,20614,20613,17306
6211,4,4692,17644,15589,16655,19753
6212,0,9545,15512,15512,24625,16040
6213,0,6044,26923,26923,22244,20969
6214,4,11012,15140,16586,16475,15141
6215,67,12552,16477,23737,16568,16567
6216,12,3657,18165,16313,19027,15105
6217,0,14184,18358,18358,16190,15027
6218,0,2978,27461,27461,26898,27570
6219,147,9827,19218,23843,26067,17886
6220,1,11174,21231,25714,21231,26751
6221,0,5666,24698,24698,24174,23334
6222,159,2670,16429,15030,19004,14951
6223,1,1247,16895,16775,16895,15406
6224,3,12841,15621,15573,22772,21571
6225,5,664,27685,26223,27598,26940
6226,371,10905,27763,25340,25831,24194
6227,1,1515,20159,18677,20159,18777
6228,8,2254,15580,16719,15538,15537
6229,233,10957,18239,22075,24820,22627
6230,0,13571,21324,21324,15834,21197
6231,722,1914,15776,18037,21066,18050
6232,0,7049,19153,19153,15484,18765
6233,0,13957,22335,22335,16218,19084
6234,0,13122,25261,25261,22097,22534
6235,1,2014,25644,23056,25644,16768
6236,6,589,16997,18235,20445,22996
6237,5,6653,17244,17463,17788,15424
6238,0,8151,24218,24218,22736,16524
6239,24,9372,22796,23406,23569,24376
6240,0,3978,18104,18104,15696,18698
6241,0,5149,21092,21092,24699,21472
6242,0,7447,17362,17362,17264,19400
6243,1,11290,26026,26743,26026,25780
6244,208,13287,26618,27083,20009,19991
6245,1,7510,20506,20501,20506,20504
6246,0,5055,25340,25340,25213,26534
6247,2,9380,23234,22682,23398,23234
6248,17,5489,18693,22267,18496,18228
6249,17,134,19679,20227,19696,19716
6250,0,651,15067,15067,15068,15300
6251,0,2242,20738,20738,20756,20743
6252,1,12431,22588,21414,22588,27460
6253,0,5801,25965,25965,18470,25201
6254,0,13925,24220,24220,26145,24451
6255,0,12158,19104,19104,20187,15800
6256,6,10,25302,26934,26728,25813
6257,0,11916,24645,24645,21609,25671
6258,0,10445,18893,18893,22972,18305
6259,12,4009,18375,22445,27446,25194
6260,0,4479,21724,21724,17403,17750
6261,0,9104,21997,21997,22079,22563
6262,0,6023,19017,19017,19006,19890
6263,0,1236,16649,16649,18856,18367
6264,2,1762,25244,19763,26118,25244
6265,0,1366,20916,20916,23801,20998
6266,0,2883,19010,19010,22791,22792
6267,0,8984,21827,21827,22299,22749
6268,6,10649,24589,23439,25188,19712
6269,10,13298,23410,24951,26095,24648
6270,0,247,15746,15746,22323,22616
6271,0,14700,20587,20587,16754,17707
6272,0,5982,19343,19343,20652,19344
6273,56,2989,26170,27715,18136,23203
6274,4,13490,16564,21042,21242,15417
6275,6,13277,15380,16825,16657,15718
6276,0,12511,22029,22029,16828,16657
6277,13,1899,19331,15350,16816,20462
6278,0,8053,15188,15188,17267,15267
6279,0,10996,22207,22207,21758,21894
6280,0,3994,19712,19712,24085,23862
6281,3,5948,19137,19139,22399,19754
6282,0,8633,27709,27709,23406,18243
6283,19,13839,24378,27036,24215,25562
6284,1,5548,22414,22457,22414,21972
6285,5,8051,21181,18890,18892,21186
6286,0,11491,24581,24581,24582,21905
6287,174,13540,24679,23480,23368,25359
6288,2,7064,24156,16891,23891,24156
6289,0,4135,22423,22423,22428,22435
6290,499,2756,23272,21949,24125,25362
6291,5,13391,24724,25956,25142,25485
6292,177,11388,25885,24796,25237,21860
6293,107,4816,18477,23160,22848,19272
6294,82,11117,26448,24796,25596,25850
6295,0,5238,16038,16038,15684,14989
6296,0,10703,19945,19945,27578,26972
6297,1,10134,22657,22248,22657,19150
6298,0,3550,18633,18633,18072,17508
6299,0,8941,22147,22147,26834,26826
6300,0,7449,17428,17428,18590,17701
6301,46,13675,19923,16186,19427,17983
6302,2,10626,20705,20740,20713,20705
6303,32,6155,26932,21591,27436,17070
6304,1,11850,25466,22815,25466,23504
6305,16,3043,24129,21571,18335,21823
6306,0,2565,25782,25782,27452,26558
6307,22,858,25231,15900,24415,21233
6308,0,7085,14982,14982,18009,16858
6309,7,13046,16251,25531,15164,15049
6310,17,11223,22692,21650,20311,22926
6311,0,12239,24893,24893,22922,26735
6312,0,9905,15724,15724,22468,24156
6313,1,11670,15751,15224,15751,15737
6314,0,3095,18094,18094,18101,18099
6315,1,12970,20062,20071,20062,19968
6316,3,9568,26771,26911,25117,26910
6317,0,141,22481,22481,24965,15606
6318,0,11115,21588,21588,21784,20716
6319,1,6361,25659,21924,25659,24857
6320,1,4353,25468,18361,25468,18758
6321,0,3701,15217,15217,27707,22154
6322,0,6165,21778,21778,21034,18736
6323,0,4998,25024,25024,25042,20203
6324,1,13585,20613,20614,20613,17306
6325,4,14183,19804,21085,18327,21975
6326,15,4908,17669,23334,18720,22913
6327,0,11995,22679,22679,23593,23720
6328,140,107,27679,26877,25124,25123
6329,0,11921,16354,16354,16355,18014
6330,34,2206,25851,24568,21222,24804
6331,6,6389,23720,15084,21041,15990
6332,0,12923,15089,15089,15090,23057
6333,0,12535,21174,21174,19637,20383
6334,387,10072,22039,22020,19274,27679
6335,0,4435,26346,26346,26677,24983
6336,1,3240,18291,21308,18291,21311
6337,1,4244,22119,23650,22119,23136
6338,28,14166,19199,19635,23086,22888
6339,42,3157,24396,27483,27570,27461
6340,1,612,20923,19688,20923,20227
6341,0,2582,21452,21452,23535,26194
6342,0,4784,21908,21908,17348,24686
6343,0,2684,25784,25784,24932,27464
6344,0,4675,21786,21786,21769,17940
6345,1,1929,15178,16719,15178,15580
6346,0,14341,24033,24033,19759,21014
6347,4,1376,19921,23537,17411,26279
6348,10,6924,22053,22306,21657,19601
6349,508,1534,19555,15377,23179,27223
6350,0,10614,16588,16588,18792,22039
6351,1,2232,27137,22190,27137,24905
6352,3,10989,17681,15125,17075,19469
6353,0,6170,24749,24749,20001,17376
6354,0,6542,23838,23838,24936,21126
6355,0,860,15940,15940,15947,26384
6356,3,9655,19483,20645,20637,20640
6357,6,1143,25538,24827,25539,25535
6358,0,6289,16392,16392,15276,16436
6359,0,8602,22563,22563,15960,16987
6360,0,13916,15748,15748,25369,17444
6361,0,5494,19657,19657,24606,22420
6362,0,5380,22789,22789,25585,19685
6363,26,7383,16672,18655,22351,16469
6364,2,10195,19833,19835,19834,19833
6365,48,9808,19007,23341,24202,23983
6366,6,5635,22780,24760,23370,23536
6367,0,12899,15041,15041,16289,17450
6368,1,1255,23655,22519,23655,26550
6369,0,5724,25855,25855,27151,26797
6370,109,4217,18016,22635,22634,26553
6371,2,7393,25207,26236,25901,25207
6372,0,2169,21013,21013,23024,27087
6373,888,14646,16714,16670,16718,23223
6374,0,11709,23398,23398,19903,23234
6375,0,8023,22687,22687,24155,23333
6376,3,14685,19444,18832,21296,19387
6377,24,1171,20877,21661,20465,16817
6378,3,8222,18504,20334,20247,21784
6379,1,10994,19915,22472,19915,23987
6380,25,6477,15802,21661,25568,20708
6381,1,11392,25686,22841,25686,20158
6382,2,6001,27023,25296,27433,27023
6383,0,218,24531,24531,26080,26070
6384,0,8211,23708,23708,23593,18199
6385,0,5652,18721,18721,23583,25016
6386,2,8932,22948,26049,27444,22948
6387,0,11784,19014,19014,18796,20936
6388,2,11375,16052,17282,21281,16052
6389,0,7041,27321,27321,25583,27673
6390,1,4418,15539,17096,15539,15046
6391,0,1024,16276,16276,17952,15442
6392,0,178,26334,26334,21375,24500
6393,0,3545,15187,15187,15194,18054
6394,0,14739,20317,20317,18883,19441
6395,0,3322,16298,16298,20015,15493
6396,0,12096,22372,22372,20365,25658
6397,37,3293,21709,20884,16620,21953
6398,0,14101,15610,15610,17847,27171
6399,0,8561,24459,24459,23689,18633
6400,0,4407,15430,15430,15432,19060
6401,1648,14824,17794,26710,25265,27650
6402,486,12600,18619,25124,21109,23415
6403,0,2388,26265,26265,24409,25440
6404,1033,13943,27373,15943,23420,27374
6405,0,14340,21198,21198,21199,21398
6406,1,9639,15550,14975,15550,15185
6407,1,3572,15174,17468,15174,15054
6408,0,2600,19694,19694,16505,16467
6409,42,14479,16712,24619,25596,23518
6410,671,813,22790,18101,18099,18100
6411,871,13288,15616,22936,18353,26761
6412,1,14159,24845,24650,24845,24600
6413,0,609,17260,17260,17768,16820
6414,0,3752,15494,15494,23630,24384
6415,0,9448,22261,22261,22264,22260
6416,65,10970,25384,25237,25359,23480
6417,0,6974,22513,22513,22044,17659
6418,4,13299,25849,26751,19581,16300
6419,3,9002,15755,17244,15424,17468
6420,0,9996,27169,27169,15668,17089
6421,0,329,15418,15418,15434,15427
6422,0,7664,22698,22698,22703,24121
6423,0,9269,18385,18385,20395,18405
6424,0,7810,27370,27370,21340,27705
6425,5,4628,16400,15932,17504,22581
6426,2,3780,15501,15277,14981,15501
6427,6,2274,20609,22267,20445,19179
6428,11,11891,26350,25315,26132,26854
6429,1,6823,23334,18720,23334,22913
6430,0,2892,19789,19789,20305,20304
6431,0,7703,21082,21082,22683,26417
6432,0,13930,20579,20579,25731,19452
6433,12,3494,21207,21204,16077,21206
6434,2,4141,19337,23084,18971,19337
6435,1,6538,22382,20196,22382,19602
6436,0,13231,14961,14961,20848,20850
6437,361,9012,24557,22117,24039,24771
6438,12,1566,22036,22670,21820,25230
6439,2,11550,25313,26182,21423,25313
6440,0,1190,21704,21704,21048,24112
6441,1,1224,23941,23943,23941,23948
6442,30,6622,22399,15137,25660,18312
6443,57,824,27562,26894,27598,27349
6444,0,14784,22956,22956,23723,20347
6445,0,6758,23078,23078,23893,23127
6446,79,10920,25485,26201,24680,25520
6447,5,1874,24501,26268,26945,23625
6448,540,9375,21287,27726,16454,15275
6449,98,4057,15686,21120,17264,21883
6450,0,13889,19457,19457,18529,19449
6451,130,11732,17558,25421,18329,16048
6452,11,3990,16254,26446,24315,24058
6453,3,5787,17292,21918,22976,22411
6454,22,11048,21841,26269,15642,17638
6455,1,13532,25364,27334,25364,25217
6456,4,9331,18747,25094,19736,27483
6457,0,3005,22704,22704,23835,21638
6458,117,10444,21003,25364,18602,18598
6459,3,1884,27098,27629,19736,25001
6460,0,11470,23321,23321,23316,23402
6461,0,9637,25013,25013,22235,18051
6462,0,7097,19242,19242,26473,23491
6463,3,13195,24565,24210,18511,24081
6464,0,12016,20778,20778,20777,16550
6465,468,14924,19458,17722,26244,17723
6466,0,91,27428,27428,22147,22519
6467,0,9819,20029,20029,19835,15232
6468,5,13529,17488,21913,18685,18128
6469,49,10701,20004,20009,24747,24331
6470,1,14392,16904,27290,16904,24619
6471,3,13987,27589,22866,22865,16134
6472,0,4298,26218,26218,25868,26219
6473,56,5585,26845,26080,26076,15619
6474,1,8711,22594,22987,22594,25189
6475,0,14112,26038,26038,19719,23506
6476,0,340,20306,20306,19791,21286
6477,96,14371,23805,19635,15801,16182
6478,0,5275,21917,21917,21599,16975
6479,216,14476,19525,20943,19061,16557
6480,0,6559,19609,19609,17675,18379
6481,1,8768,25489,24521,25489,27215
6482,168,13257,23288,21673,16412,19669
6483,0,6498,24164,24164,22845,21517
6484,0,10240,19019,19019,19021,19023
6485,0,6954,17944,17944,22221,20534
6486,2145,1303,17457,17222,18212,18661
6487,0,4960,15514,15514,16844,15242
6488,0,3129,21660,21660,17801,15703
6489,0,12577,20863,20863,15358,20864
6490,0,14619,16289,16289,15041,17450
6491,0,12618,16646,16646,26637,21384
6492,9,9435,26780,22146,26069,26724
6493,5,4769,18814,25923,19657,24606
6494,0,5018,24915,24915,22823,16282
6495,0,3234,16051,16051,16919,22351
6496,10,12803,19407,19231,19187,20790
6497,168,3817,14983,22708,15024,18037
6498,0,10906,19479,19479,19088,17166
6499,1006,8500,26105,24796,25359,25146
6500,0,9336,18800,18800,22097,18317
6501,0,4286,18635,18635,17440,21519
6502,50,10936,16845,20438,18717,18506
6503,1,6175,22451,22691,22451,22687
6504,0,14453,26855,26855,24829,27027
6505,107,8399,24710,21055,21575,25382
6506,5,6378,26798,27683,23655,27590
6507,145,850,20068,15480,15372,17643
6508,37,9054,16930,17523,17098,25665
6509,0,6096,18085,18085,19975,18919
6510,0,7237,16780,16780,16422,23660
6511,4,3408,24962,26921,27205,23958
6512,1,5691,16610,17929,16610,16606
6513,7,8635,23329,16742,21013,22244
6514,199,11596,23597,20703,20019,19392
6515,62,3314,24106,21661,15996,25568
6516,0,13452,24922,24922,24042,18219
6517,0,1737,20603,20603,19044,20466
6518,0,6979,24529,24529,21000,25826
6519,0,11294,16468,16468,15447,17762
6520,0,9979,21247,21247,21324,19782
6521,1,12965,23487,23411,23487,17291
6522,2,4095,26770,26763,23885,26770
6523,1,6045,18729,26273,18729,27233
6524,0,3797,19496,19496,20007,17156
6525,0,11056,17267,17267,23436,16754
6526,2,9701,19808,25092,23023,19808
6527,2,6188,25543,24827,25541,25543
6528,0,2383,23247,23247,21376,22420
6529,0,10779,26263,26263,26530,26557
6530,51,10338,21270,16496,15882,15285
6531,44,9087,17548,23459,24499,17095
6532,12,32,18988,19679,19688,19716
6533,45,8050,23294,23194,19692,23463
6534,0,9014,23840,23840,25239,23555
6535,1,9481,27018,26992,27018,19046
6536,0,4707,15209,15209,21758,22207
6537,4,3915,23637,20135,22821,23626
6538,0,1328,16673,16673,23084,23431
6539,41,1880,20248,19674,24807,15696
6540,0,3740,23609,23609,23403,26443
6541,0,4823,24002,24002,22117,25851
6542,0,1153,16493,16493,21364,16844
6543,0,12633,19032,19032,24651,22353
6544,0,6458,16360,16360,18893,18111
6545,0,144,15832,15832,16078,17549
6546,0,1573,20134,20134,25524,24920
6547,0,7038,15090,15090,15089,16568
6548,0,12482,17000,17000,16086,19118
6549,0,11782,23986,23986,22192,26582
6550,0,4487,18333,18333,23600,15970
6551,5,3886,22896,21440,23874,27546
6552,0,4330,25479,25479,23751,26511
6553,0,10299,19640,19640,20686,21395
6554,0,6757,26120,26120,26689,27508
6555,5,7764,19684,16268,17121,21097
6556,0,4481,15805,15805,16795,16235
6557,0,6408,18807,18807,19167,19663
6558,0,3451,27267,27267,27416,24869
6559,156,8274,25607,17039,19776,25962
6560,3,9128,17392,23438,18666,18400
6561,17,404,23338,19695,19329,17059
6562,0,10643,23883,23883,26834,19736
6563,333,568,23588,23833,23832,23834
6564,0,11124,27569,27569,27101,27283
6565,2,12561,15966,16448,18644,15966
6566,18,914,15559,15230,22378,19347
6567,4,8906,16192,17637,18292,17356
6568,67,8523,26563,24231,25167,17153
6569,10,1550,23940,23942,23943,27344
6570,0,4319,22120,22120,17646,16826
6571,0,5847,15797,15797,26435,21990
6572,2,14137,17740,16491,22368,17740
6573,66,1331,27602,26999,27573,27598
6574,7,2348,25532,16475,15141,17727
6575,123,5135,15897,15030,25033,22708
6576,1783,2835,27210,25088,24093,25696
6577,1,7929,23285,23406,23285,21655
6578,18,7039,21779,19668,18889,18742
6579,0,7860,25455,25455,20419,23431
6580,1,8091,15953,15951,15953,16818
6581,1,2219,16983,20076,16983,15696
6582,123,2106,24904,26999,25961,23120
6583,1,12991,16590,19044,16590,20603
6584,0,4865,24216,24216,23593,19844
6585,1,2849,18050,19004,18050,18049
6586,0,1337,17889,17889,19352,22938
6587,18,768,26578,20083,26862,18184
6588,0,7008,15431,15431,16629,20432
6589,0,3049,15567,15567,15493,16298
6590,8,8283,22425,15894,22432,19631
6591,174,4055,27558,23229,23120,24109
6592,14,6804,16196,17956,16634,18368
6593,0,8062,22691,22691,22687,26490
6594,0,8047,15727,15727,25747,18183
6595,17,5087,21870,18734,20212,21784
6596,34,198,24403,22527,23396,23397
6597,0,7266,25704,25704,21047,21046
6598,0,9316,19393,19393,23538,15820
6599,2,6980,16891,20312,22926,16891
6600,8,6280,17023,20361,23859,24221
6601,0,12972,20779,20779,19444,21285
6602,0,13680,19795,19795,16596,18823
6603,0,1842,22842,22842,22541,22698
6604,0,10696,24838,24838,19548,19549
6605,1,6479,26914,26913,26914,27173
6606,0,7986,25411,25411,26278,25968
6607,0,7922,21321,21321,17314,17491
6608,0,5463,16389,16389,21944,27673
6609,10,1478,19689,19716,27407,19679
6610,4,5867,26901,24239,23885,21621
6611,0,2335,19758,19758,20279,17079
6612,36,10214,16688,16102,15134,27198
6613,11,9719,23548,21606,16540,21710
6614,3,4637,24460,19922,22766,20564
6615,0,12811,16595,16595,21799,21028
6616,13,8563,24595,22814,23486,20955
6617,0,12418,16532,16532,16777,15408
6618,11,10606,25961,25920,26990,25942
6619,410,304,20894,21918,22574,19643
6620,0,9088,24028,24028,18748,23610
6621,0,7597,26759,26759,21333,19673
6622,0,5521,16939,16939,25006,20924
6623,1,10388,17145,15856,17145,15849
6624,0,6282,18847,18847,18686,19267
6625,1,5777,24058,26869,24058,22146
6626,0,14201,21549,21549,19551,18597
6627,1,2057,19696,20227,19696,20923
6628,6,9090,22627,24330,20715,17965
6629,25,14543,19544,16363,18128,19600
6630,17,11984,24041,26763,24562,26592
6631,0,7611,16813,16813,15237,15070
6632,0,420,24202,24202,22503,22501
6633,0,317,25112,25112,23832,26534
6634,0,2729,19574,19574,19583,23138
6635,3,9959,18329,15049,15080,25531
6636,5,10714,20534,22458,21716,19084
6637,1,12260,21613,18082,21613,17668
6638,0,12976,15743,15743,16567,17903
6639,0,2797,17892,17892,18810,20585
6640,0,2511,17420,17420,19454,16947
6641,16,3453,25225,19567,24630,24299
6642,0,6545,18155,18155,18152,18149
6643,1239,1452,27157,25228,23187,26767
6644,0,3258,15564,15564,16695,16708
6645,3,9341,16275,15095,17952,16276
6646,0,2645,23925,23925,24567,25190
6647,0,3666,26704,26704,25530,26379
6648,7,1558,25696,24767,24775,24770
6649,1,10005,26162,25962,26162,22141
6650,0,1285,18150,18150,18149,18152
6651,3,3271,21362,27015,21323,20744
6652,74,11385,25625,24441,22528,15793
6653,6,8649,26141,24820,26967,23803
6654,0,14602,19965,19965,22286,19966
6655,739,14796,17978,22567,16135,17870
6656,0,7216,18956,18956,22526,17262
6657,28,4337,19078,17673,21141,16641
6658,0,1011,25030,25030,24143,24319
6659,1147,4149,24812,18527,22716,25593
6660,0,10473,19619,19619,15376,24024
6661,0,3899,17965,17965,23870,22456
6662,0,2329,19163,19163,22792,23369
6663,35,13022,19536,17692,20095,16884
6664,0,1844,21466,21466,21378,27577
6665,0,13372,21293,21293,21141,19942
6666,0,703,24206,24206,21788,23055
6667,4,4517,20970,22650,20971,24158
6668,8,604,24910,24816,24815,15559
6669,0,6236,25676,25676,27172,25727
6670,0,10163,25939,25939,25933,26376
6671,4,4041,26823,26665,26666,26664
6672,9,9668,23121,20718,16500,19141
6673,1060,10928,27584,24536,25521,25343
6674,0,8329,21356,21356,18916,21326
6675,109,14902,15778,16958,17979,19799
6676,0,9367,24832,24832,26652,24268
6677,241,13028,16968,23607,16812,23414
6678,0,10958,23761,23761,24215,25195
6679,0,3437,26721,26721,26329,27369
6680,0,3409,18250,18250,16386,19354
6681,288,13760,17455,15422,15148,27116
6682,0,6379,16402,16402,23913,22687
6683,0,9226,26509,26509,24266,27336
6684,112,12582,15742,16866,21007,15446
6685,0,8749,27072,27072,27166,27481
6686,127,2017,18683,23441,22494,21013
6687,3,5095,26194,19736,21340,27035
6688,0,13038,20704,20704,20746,20740
6689,0,4568,18213,18213,17295,17159
6690,0,8284,23241,23241,25645,16447
6691,52,1415,19598,22237,20223,27700
6692,0,1065,24559,24559,21445,22418
6693,5,7011,24810,26834,26635,21074
6694,0,13825,18246,18246,23703,18006
6695,0,4344,27705,27705,21340,26758
6696,1,7762,25052,25274,25052,26248
6697,1,12091,20670,20672,20670,18934
6698,6,12325,22509,20473,20601,22508
6699,40,3626,23928,19982,24208,18111
6700,7,7640,19695,24498,24375,23759
6701,67,7512,17241,18368,17244,17953
6702,3,3225,24512,19643,19849,23406
6703,10,8652,26522,21660,21661,15703
6704,1,3603,17576,22515,17576,19054
6705,0,7148,25571,25571,27131,27570
6706,0,9409,16363,16363,19122,17710
6707,0,11924,23664,23664,21358,22745
6708,9,10575,22974,21648,23034,18842
6709,1,12650,17771,17613,17771,17607
6710,4,2763,26211,25103,25280,25279
6711,0,92,20100,20100,18919,17441
6712,12,11127,27766,23833,26481,23832
6713,0,5433,25549,25549,19512,24394
6714,1,972,19698,20227,19698,19696
6715,0,6502,18551,18551,15484,16005
6716,146,12209,27736,22498,21674,15119
6717,4,7456,27561,15069,27497,27597
6718,551,14463,15030,17962,18066,15766
6719,0,12752,22830,22830,21708,25067
6720,6,12758,15268,20279,19758,20362
6721,3,1163,25611,23640,25622,26854
6722,690,10669,25203,21902,25901,27459
6723,5,10886,26684,23143,22105,17990
6724,108,2496,25581,16321,16452,16829
6725,0,983,15868,15868,15166,20795
6726,0,3809,21156,21156,19637,19636
6727,42,6902,26439,25344,20720,19647
6728,0,4951,26447,26447,26679,21441
6729,0,4365,17983,17983,15779,17746
6730,9,8099,18605,18194,22570,17890
6731,0,8601,19201,19201,22398,19202
6732,0,7408,15823,15823,26751,27071
6733,0,6940,20172,20172,24388,25245
6734,12,6852,24976,22682,22877,24659
6735,1,5464,25652,25554,25652,27336
6736,136,7104,26623,19538,26184,21384
6737,0,14174,16867,16867,16519,17076
6738,1,7436,24564,23103,24564,15459
6739,46,819,27578,27481,27687,27166
6740,0,6128,21491,21491,21910,22592
6741,5,5721,23108,16603,22854,25840
6742,0,271,26081,26081,26077,27323
6743,1,5486,23423,17041,23423,23491
6744,0,8132,27715,27715,20415,16191
6745,547,14106,21658,21699,21706,26260
6746,4,11878,24210,17656,24468,18511
6747,0,469,15417,15417,20225,16039
6748,4,6059,27713,25481,15189,24846
6749,0,4321,20299,20299,20304,20305
6750,1,12735,21400,21683,21400,21406
6751,9,1753,25924,23909,23376,25501
6752,0,6011,26251,26251,18359,26963
6753,0,4528,20101,20101,19229,16332
6754,0,5356,21929,21929,18773,21930
6755,0,8196,27637,27637,17813,17286
6756,0,12415,24732,24732,18930,18200
6757,0,5800,16579,16579,16889,16271
6758,0,9140,18199,18199,22327,16768
6759,0,13242,19835,19835,20034,17575
6760,249,7203,26768,25674,19142,25996
6761,6,8761,24820,26552,19144,15297
6762,0,9083,21602,21602,27479,18496
6763,0,2784,17030,17030,25654,21080
6764,1,6777,27541,25764,27541,26939
6765,0,10267,17720,17720,20328,21292
6766,2,1620,26939,25764,27542,26939
6767,1,499,26558,27276,26558,26508
6768,50,10854,23217,19775,20804,20331
6769,0,831,16219,16219,16707,16297
6770,105,11118,22192,22030,24951,23154
6771,0,7538,15552,15552,21751,16838
6772,341,7487,26617,25402,25448,26647
6773,0,997,23878,23878,21956,24386
6774,0,5607,21382,21382,22016,16008
6775,1,6159,23233,24361,23233,24097
6776,0,880,24991,24991,26999,27535
6777,72,1156,24175,19004,18037,25033
6778,8,10046,22726,23424,23098,25239
6779,799,7220,27783,21861,25224,21039
6780,20,4785,18864,23350,16927,18862
6781,186,10880,23364,26009,23368,26010
6782,0,2092,15151,15151,18513,15148
6783,30,11066,15757,14993,18131,19466
6784,88,14350,25033,22602,23526,18142
6785,0,4042,17913,17913,17912,17928
6786,43,14328,25233,24796,24717,21860
6787,0,9708,18071,18071,26945,26268
6788,0,810,15783,15783,26456,22833
6789,8,14629,24598,22861,17520,22529
6790,31,12495,21305,21309,17713,16965
6791,27,4181,20717,18862,15696,15326
6792,13,13127,20780,20777,20773,20781
6793,0,9713,15397,15397,16067,15071
6794,2271,3188,24776,22053,19601,24378
6795,0,11194,15408,15408,15105,16777
6796,1,12745,22404,26942,22404,16412
6797,0,1551,19286,19286,20333,15494
6798,0,10721,25290,25290,18160,24752
6799,234,1062,27517,26999,27535,25961
6800,124,8202,21942,26620,19043,25493
6801,59,9324,24847,27557,27131,26763
6802,0,8288,22035,22035,22155,18747
6803,1,14393,23180,23027,23180,21557
6804,2,11929,19226,16451,25171,19226
6805,0,12785,17968,17968,21746,20853
6806,0,5056,18103,18103,21062,24621
6807,0,6422,22360,22360,22361,22359
6808,0,5052,21060,21060,21904,19932
6809,110,4927,15804,15996,21661,18915
6810,5,7633,23517,18252,21956,26552
6811,0,10884,16210,16210,16809,19214
6812,1,4721,17401,27095,17401,24560
6813,8,13597,21975,19981,15905,19170
6814,1324,8293,16638,22916,26051,25863
6815,6,4492,26498,26497,25734,21047
6816,1,10142,24454,20165,24454,25809
6817,0,5667,17129,17129,21207,16753
6818,0,2462,21637,21637,24341,23835
6819,11,1648,23992,20227,16927,21762
6820,23,12687,26853,27024,27338,26610
6821,0,4366,15207,15207,26490,23997
6822,2,6177,26189,27376,26962,26189
6823,20,12636,24599,15877,16035,22379
6824,0,3092,19117,19117,22970,19115
6825,250,13096,24999,15071,15397,17543
6826,0,1773,18190,18190,16386,21478
6827,0,3354,23545,23545,24040,22983
6828,0,5796,18602,18602,17232,26749
6829,0,1987,25481,25481,19973,15189
6830,0,6856,25365,25365,27183,24561
6831,2,6018,21906,22364,25561,21906
6832,469,1708,26687,17124,20175,24232
6833,6,14425,27024,25918,15192,25627
6834,1,6117,15523,16857,15523,15167
6835,0,969,18474,18474,18098,22877
6836,1,12388,21789,21679,21789,21259
6837,7,14625,20576,20052,27141,27285
6838,3,7500,20907,15462,20097,22364
6839,21,8637,19720,16792,19440,18900
6840,2,8086,19217,21840,23354,19217
6841,0,5790,22753,22753,24541,26149
6842,5,5970,21329,18255,21376,23247
6843,0,13493,18828,18828,20270,19603
6844,0,62,18249,18249,15471,15120
6845,0,776,20725,20725,19932,27185
6846,11,5873,17032,15018,17955,18134
6847,38,5109,25685,26142,21560,26694
6848,26,578,25454,27465,27525,20147
6849,0,11983,20513,20513,21234,15058
6850,2,12531,16731,24849,18384,16731
6851,0,4428,20255,20255,25598,26270
6852,10,12019,24012,23534,18335,21148
6853,1541,14534,19767,20039,23588,25017
6854,63,912,19677,17124,19719,16587
6855,0,4325,23669,23669,26798,26719
6856,5,6939,16687,19501,17591,16891
6857,0,5282,24289,24289,24290,20998
6858,0,4963,19647,19647,19664,17047
6859,1,387,26092,22773,26092,25700
6860,0,10531,25243,25243,24368,22985
6861,0,7439,20493,20493,21608,21541
6862,18,7060,19635,23805,18128,19192
6863,0,12018,15023,15023,17888,20574
6864,0,11899,17389,17389,23886,22570
6865,0,4962,23496,23496,18930,16103
6866,1283,10363,17363,23130,24067,23767
6867,0,2888,17338,17338,15974,21272
6868,8,10495,20781,20775,20776,20773
6869,0,6575,27610,27610,27629,26898
6870,3,10217,23872,23628,18959,22794
6871,26,12184,26564,26807,23642,27338
6872,125,13103,19670,16688,23933,20541
6873,7,2635,20774,15978,20520,19364
6874,3,7801,18009,26231,24321,17542
6875,0,14699,24859,24859,17688,27373
6876,5,11463,20173,21309,17713,19335
6877,4,13018,24626,24949,22246,23859
6878,0,13120,15343,15343,27589,24829
6879,0,6091,21125,21125,17795,24404
6880,0,13005,26963,26963,23719,26251
6881,0,10511,20405,20405,23987,21558
6882,35,9748,26605,27254,27241,27252
6883,3,8307,27606,27326,27309,25489
6884,1,12597,20598,20597,20598,15536
6885,1,7169,21170,21173,21170,21176
6886,2,10322,23616,23282,22468,23616
6887,4,3960,24121,22541,22698,26490
6888,0,13374,21165,21165,21164,16546
6889,2,13887,22934,18978,16792,22934
6890,1,6133,21101,20556,21101,23734
6891,0,7475,26278,26278,25968,23574
6892,0,12085,26724,26724,25661,27227
6893,1,5759,19587,19589,19587,22630
6894,0,3819,20866,20866,24539,26308
6895,22,7604,27096,22059,24386,24734
6896,8,8032,19027,18043,20718,17484
6897,0,10743,19639,19639,20764,21394
6898,35,9181,20673,20551,19520,20671
6899,2,4240,27717,16768,16769,27717
6900,2,9826,19564,15197,15124,19564
6901,12,6801,21316,19207,18290,21311
6902,0,6941,26567,26567,27350,24962
6903,0,9957,18361,18361,22016,18620
6904,5,8130,22398,15204,25053,26943
6905,1,7395,25080,26893,25080,25326
6906,52,4150,15117,16880,16559,16653
6907,0,3228,25470,25470,24372,27496
6908,0,6925,17076,17076,16519,20563
6909,6,6969,16644,17492,16355,25327
6910,8,9201,17152,16232,17151,21275
6911,0,11529,24059,24059,22102,23110
6912,0,14378,20611,20611,21746,20612
6913,2,10733,20621,20623,20632,20621
6914,4,8060,22086,20316,21931,17143
6915,0,5316,24340,24340,21634,27160
6916,0,675,23710,23710,24645,21489
6917,9,348,27182,15072,15384,15580
6918,0,8565,22358,22358,18530,21500
6919,0,7660,24054,24054,21720,19278
6920,4,2881,17684,22211,18403,24082
6921,18,5185,22376,22406,26411,22049
6922,0,5481,15729,15729,22788,15636
6923,1,1603,21057,22922,21057,22155
6924,3,13610,21913,23430,20239,22181
6925,2,14057,26943,27290,16904,26943
6926,1,6567,18664,20354,18664,26649
6927,0,4541,26215,26215,25868,26450
6928,7,6676,23120,21948,27640,23653
6929,0,5273,22149,22149,18202,23920
6930,0,8852,26783,26783,26784,26034
6931,1,4680,17675,19609,17675,18379
6932,0,4019,21599,21599,21917,20884
6933,7,829,22946,23136,22219,25062
6934,6,3544,26369,25967,26370,24891
6935,173,8752,25257,24796,25430,25237
6936,0,5913,15368,15368,15916,22242
6937,17,13203,21716,19087,15844,21644
6938,9,3593,18215,16997,20608,19684
6939,0,572,16018,16018,15998,18271
6940,0,3697,18178,18178,24181,26813
6941,102,199,16134,20227,18928,19687
6942,46,11807,22275,18199,23593,18515
6943,0,11515,24083,24083,20097,24686
6944,0,7771,21232,21232,17576,23506
6945,0,735,20560,20560,25037,21764
6946,2,7985,22957,21599,21463,22957
6947,47,9838,20411,23092,16107,22276
6948,4,482,15253,15147,15146,18292
6949,3,1460,16144,16497,16241,19900
6950,102,10131,15312,15150,16191,19731
6951,0,634,26333,26333,27335,25961
6952,0,9987,21536,21536,18680,24855
6953,15,483,25881,23972,17900,23501
6954,3,8608,19312,25194,17783,23058
6955,0,5051,17017,17017,19115,17018
6956,1,5167,24515,27612,24515,22900
6957,0,1701,18140,18140,21892,15218
6958,0,8436,22066,22066,18760,26444
6959,45,5313,20240,21914,26661,25978
6960,0,6553,21681,21681,17306,21278
6961,72,12995,19852,17761,26207,17723
6962,6,11311,20642,20621,20623,20634
6963,0,14078,27171,27171,15610,17847
6964,2,5804,16152,16082,16151,16152
6965,142,2444,26461,19994,24762,24748
6966,11,12954,19520,20684,20671,20670
6967,4,7391,18020,18025,17788,15733
6968,4,5176,27776,18314,25334,24449
6969,2,6510,15147,17637,18292,15147
6970,13,11490,21644,15158,16641,20549
6971,2,744,26347,26157,24810,26347
6972,0,12013,16005,16005,16838,15629
6973,122,13830,25065,25998,24975,25611
6974,0,11122,25390,25390,18621,19720
6975,12,4630,27531,23229,24759,27535
6976,4,4602,20499,20312,25792,22926
6977,0,10387,23007,23007,18085,18723
6978,3,12392,19793,19519,17730,20401
6979,4,1819,17865,23162,16383,23037
6980,406,1786,25334,25566,23562,25228
6981,12,9075,16002,16720,20427,15997
6982,0,11383,18969,18969,21883,16008
6983,557,1532,22663,25838,23216,23977
6984,7,1750,26765,25741,25927,26665
6985,0,1647,22788,22788,22784,15729
6986,0,8361,21659,21659,17009,22277
6987,1,12174,15613,17646,15613,16454
6988,109,2011,22841,21035,24605,26414
6989,194,10402,26552,19142,25996,25674
6990,3,4726,21375,25262,23864,23787
6991,1,2765,17923,17926,17923,17930
6992,1,2105,25584,20160,25584,19320
6993,0,3247,16314,16314,17003,16315
6994,12,10075,20914,22445,18374,25194
6995,0,3700,17547,17547,15747,19155
6996,0,9531,18421,18421,23887,24565
6997,1,8572,15491,16704,15491,18592
6998,23,319,18839,20095,18865,20097
6999,0,9156,16922,16922,16785,15198
7000,0,2124,15915,15915,15133,22675
7001,0,12616,23042,23042,16676,16677
7002,14,7354,18440,16898,16887,18437
7003,362,12450,25139,26368,24620,25596
7004,2,12179,19441,18883,20317,19441
7005,438,9952,26326,20305,20304,20303
7006,5,9527,16995,21648,16340,16987
7007,1,4109,26314,26086,26314,25734
7008,770,14356,18225,15131,15721,18374
7009,0,4391,25573,25573,21377,22839
7010,0,8886,26559,26559,27272,25196
7011,0,7527,19371,19371,22854,19737
7012,1,14240,16178,17226,16178,16475
7013,2,12211,17621,16426,21499,17621
7014,0,5826,20160,20160,22111,19576
7015,74,14929,25951,18359,23713,16934
7016,0,9983,18478,18478,19873,26435
7017,104,12397,27790,20049,26146,19212
7018,0,12032,17054,17054,18267,18232
7019,0,5991,18799,18799,20209,18889
7020,0,9892,23705,23705,21423,17442
7021,0,5917,17311,17311,15219,17104
7022,20,12233,22047,21818,17189,15492
7023,0,10191,16004,16004,19205,16028
7024,58,5300,16752,25996,23023,24369
7025,5,9177,22329,22580,18839,23605
7026,216,9630,18435,15848,20528,24821
7027,0,4328,24270,24270,17916,15942
7028,23,2345,24067,18511,24468,17656
7029,20,12213,24497,22230,19337,23734
7030,0,9282,15298,15298,16810,16425
7031,0,4574,16304,16304,18784,21539
7032,0,11060,19221,19221,18546,15745
7033,0,979,15862,15862,23501,15336
7034,0,6144,26648,26648,24101,24181
7035,0,2547,15870,15870,17303,18380
7036,13,1322,16819,15996,18260,19433
7037,8,3326,27239,27240,27255,27256
7038,0,2571,26300,26300,27569,26250
7039,1,6319,25869,23977,25869,19905
7040,91,2209,27440,24938,26798,27009
7041,0,13742,17528,17528,20653,15166
7042,0,1982,17118,17118,18479,23022
7043,8,0,16006,16450,18292,19466
7044,2,13901,23226,23291,19493,23226
7045,0,11467,18934,18934,19019,16303
7046,6,7702,23804,23835,23831,23833
7047,0,7572,18382,18382,18383,15691
7048,282,13754,20329,27578,19991,27053
7049,214,10344,24113,22736,18531,15300
7050,5,3363,19156,19443,19232,19476
7051,3,5517,26441,23023,26922,23730
7052,6,14307,23684,23716,20006,17647
7053,0,9263,17977,17977,17826,16795
7054,1,10355,23586,18894,23586,18063
7055,2,5949,19285,15656,18595,19285
7056,19,11524,24546,16218,19000,20947
7057,0,8524,17782,17782,16288,16249
7058,0,8280,20313,20313,19755,18454
7059,264,13282,24891,23679,19817,17848
7060,1,7140,27497,27597,27497,27442
7061,0,2993,23780,23780,16848,24372
7062,0,3570,15065,15065,18612,15696
7063,22,5140,20006,20009,24747,24331
7064,0,1082,21477,21477,21480,24420
7065,5,5328,17700,16027,17767,16297
7066,317,14485,27285,18819,18069,16934
7067,11,7080,19077,15176,17709,19437
7068,0,3080,16602,16602,16395,21075
7069,0,12925,26412,26412,22507,19992
7070,0,8823,19664,19664,19647,17047
7071,0,7709,23799,23799,23579,22515
7072,0,10305,19704,19704,23294,16626
7073,4,10358,27656,27646,27669,27457
7074,1,3144,18805,26224,18805,26458
7075,6,12740,19980,21085,19804,19981
7076,1,1948,18171,15699,18171,15709
7077,7,13161,21540,23440,26620,25800
7078,6,910,26082,26077,26081,25624
7079,0,7811,27077,27077,27078,21137
7080,0,12089,25119,25119,18160,26442
7081,0,9553,15472,15472,16559,16880
7082,408,4796,19085,15932,22581,17506
7083,0,1754,17156,17156,16675,18899
7084,0,5449,25371,25371,21332,24960
7085,0,5848,27109,27109,18505,26289
7086,1,5849,24956,24955,24956,25237
7087,0,7015,26404,26404,19949,27423
7088,0,12724,17930,17930,23769,26449
7089,0,1926,18463,18463,22957,21961
7090,1240,11049,17240,15095,15434,15442
7091,9,7834,24149,26639,26642,26613
7092,0,14121,18029,18029,23358,19710
7093,210,10536,23834,24796,25237,24928
7094,75,6092,15794,23988,26762,17993
7095,0,1578,17833,17833,15800,23000
7096,0,10521,16653,16653,16649,16560
7097,0,10916,15281,15281,14979,23552
7098,0,6571,22256,22256,22541,22205
7099,17,1523,24892,25359,25237,24698
7100,1,8536,15649,16694,15649,16611
7101,2,9811,26108,23745,26551,26108
7102,1,12486,23056,22327,23056,22282
7103,0,955,19422,19422,15631,25296
7104,1,6064,24223,23090,24223,18780
7105,1246,12494,25029,24796,25758,24717
7106,0,805,26096,26096,26834,25081
7107,1,6760,23221,23362,23221,24567
7108,0,5482,15578,15578,16403,15817
7109,0,3330,20736,20736,19904,25535
7110,427,9422,22545,23084,20466,24291
7111,36,2549,27532,23702,22288,21670
7112,1,8020,21587,26906,21587,26171
7113,326,6531,26609,16035,22379,17951
7114,10,1317,26592,26834,25094,27570
7115,4,4295,17948,18387,15574,26795
7116,8,14626,22967,22504,19564,22164
7117,36,2839,21822,25230,25354,22053
7118,0,12281,16106,16106,19789,15640
7119,0,11200,15080,15080,23180,18329
7120,0,6937,20768,20768,21286,20306
7121,0,10654,21162,21162,19723,16596
7122,0,9960,26701,26701,18882,18312
7123,0,2982,19724,19724,19727,19726
7124,253,10508,25327,26929,25565,17346
7125,0,6113,21489,21489,18750,20137
7126,20,12814,16451,22814,20344,23512
7127,1,6245,17099,18477,17099,19408
7128,4,11219,24013,24139,20558,19052
7129,0,523,21481,21481,21010,18202
7130,994,3693,20548,16787,19324,15030
7131,0,14628,18514,18514,22590,18424
7132,15,14513,19440,24899,25391,25416
7133,0,2353,15168,15168,19311,19960
7134,82,2473,27324,19665,26849,27478
7135,14,7845,23594,24004,15368,26906
7136,1,692,17837,18814,17837,21329
7137,1,10091,16159,16501,16159,17527
7138,14,3302,18095,24857,18094,20289
7139,0,12368,20672,20672,20658,20671
7140,471,4593,26934,24350,16398,26481
7141,51,7563,16972,15947,17378,18656
7142,0,3728,15877,15877,15230,26452
7143,0,5941,19810,19810,18201,21989
7144,0,294,16822,16822,16821,17775
7145,0,11630,22852,22852,23870,23060
7146,0,7874,16775,16775,15411,15980
7147,127,14397,19073,17175,20282,27083
7148,0,8799,15734,15734,17961,16714
7149,0,10630,19543,19543,19400,21120
7150,0,11618,20346,20346,21070,21069
7151,17,10282,19737,22854,25962,18725
7152,0,7341,16095,16095,23715,15198
7153,0,7110,25006,25006,26312,19690
7154,0,13803,20760,20760,19189,20761
7155,3,2077,22572,18518,18726,16443
7156,0,1509,16896,16896,16965,19768
7157,0,6132,17729,17729,15876,15831
7158,0,1097,26012,26012,23271,25335
7159,0,7575,23513,23513,24919,24081
7160,40,4037,17376,24747,20009,25214
7161,0,12679,15208,15208,16513,18142
7162,0,12242,20728,20728,21130,26937
7163,0,1282,20117,20117,22553,18828
7164,2,10003,19674,18704,16944,19674
7165,0,6073,26034,26034,26327,25500
7166,19,2442,15265,23966,18893,16897
7167,155,4638,26011,23962,26837,26203
7168,7,6605,20491,16017,17502,16346
7169,0,7094,17873,17873,15190,22737
7170,0,10396,21274,21274,24329,23722
7171,0,2340,16735,16735,18799,16732
7172,3,9972,25417,27010,24397,26416
7173,22,9403,26611,23397,22527,27557
7174,0,14755,22281,22281,26286,17390
7175,0,2423,24404,24404,22101,21423
7176,0,9167,23467,23467,25072,23762
7177,9,13798,16689,18500,16183,27532
7178,0,6399,16082,16082,16152,16151
7179,0,1432,18973,18973,20007,17419
7180,2,88,19330,19334,15949,19330
7181,0,13419,20517,20517,15870,20526
7182,2,8860,26320,25040,26057,26320
7183,0,9257,15931,15931,15930,19651
7184,833,14663,17911,19458,19081,16658
7185,0,8358,27250,27250,25134,26194
7186,93,8183,17537,15877,19347,22379
7187,0,428,21469,21469,24541,18250
7188,41,11825,25596,24796,25430,25359
7189,0,5142,27631,27631,17377,21787
7190,0,11606,23375,23375,19329,24833
7191,932,8869,26397,25992,24146,26358
7192,527,5407,16850,18404,17037,19124
7193,2,8466,20214,20187,19104,20214
7194,0,2556,23846,23846,26820,27074
7195,6,10244,22025,22091,26079,21709
7196,0,5669,15411,15411,16266,15989
7197,4,10480,19484,19531,20658,20677
7198,322,654,15234,15814,26839,23223
7199,165,3369,26795,22307,25681,27093
7200,0,3197,25967,25967,26370,26368
7201,593,4874,27772,16009,19768,25011
7202,235,2507,16955,25033,15030,19004
7203,29,1421,23377,23467,24341,21638
7204,10,9444,22217,26540,18577,17011
7205,0,10311,24197,24197,24164,21517
7206,29,11799,23759,19695,18305,23408
7207,0,763,17924,17924,21426,17915
7208,150,9255,25818,24796,25850,25430
7209,0,9636,27035,27035,26834,25094
7210,0,13105,24284,24284,18353,17688
7211,1096,10660,15153,27708,19085,23810
7212,0,8903,18771,18771,20132,18472
7213,8,1900,24727,24024,16338,24446
7214,152,8318,26907,21148,24375,24498
7215,24,5495,27701,22876,20537,24890
7216,0,2313,27312,27312,16848,27266
7217,5,8315,15854,15856,17146,15849
7218,0,2430,23235,23235,17780,21236
7219,6,8365,26261,27032,25662,20338
7220,550,12401,25146,26376,25936,26368
7221,1,3519,24836,25231,24836,25644
7222,116,2043,25268,21560,24874,26826
7223,4,3027,24384,24386,24215,25463
7224,0,3506,20207,20207,21799,18104
7225,0,9251,19887,19887,19217,17983
7226,0,9910,20626,20626,20154,18369
7227,17,7414,20219,27353,26169,25332
7228,2,12866,21972,22414,22397,21972
7229,7,1444,27289,27290,16758,15091
7230,0,7166,16621,16621,16624,27210
7231,25,7559,27421,26011,27528,27327
7232,4,12573,17079,20279,20362,19758
7233,1294,1468,27188,26564,21877,26922
7234,10,13029,20358,20061,16512,15535
7235,0,1112,25528,25528,22563,21652
7236,0,13769,20312,20312,19179,20525
7237,0,4930,22570,22570,23886,22370
7238,1,6565,19131,19150,19131,23797
7239,8,11030,20697,16872,17631,20680
7240,6,4893,25463,19225,21749,22188
7241,0,2134,27335,27335,16848,27317
7242,32,10564,20577,15459,24369,17017
7243,8,14205,16223,24999,25563,19888
7244,0,13366,20129,20129,21188,21186
7245,0,14926,19376,19376,15282,17324
7246,0,11657,21510,21510,18155,22794
7247,1,13807,16790,23814,16790,15181
7248,0,2385,25226,25226,24562,25960
7249,0,13455,23592,23592,24590,23715
7250,2,13011,17080,20362,18357,17080
7251,0,9449,20640,20640,20637,20178
7252,1,7652,15651,15647,15651,15649
7253,13,760,27363,19039,19696,20227
7254,5,14434,16347,22935,20348,15712
7255,1,13580,25229,24539,25229,25381
7256,1,8277,26661,24989,26661,20422
7257,0,4882,20007,20007,15224,19960
7258,11,7440,24123,16741,20949,21800
7259,94,13871,17870,16639,26143,15097
7260,28,10451,19990,20009,25214,24747
7261,2,4434,22958,22584,26896,22958
7262,304,11908,22069,26269,19199,15933
7263,0,9962,22645,22645,24508,23282
7264,51,8339,24074,17947,23250,25999
7265,0,14020,17634,17634,15000,15753
7266,17,13229,26306,25224,27587,26870
7267,0,10347,19214,19214,22120,17697
7268,0,2830,19963,19963,21532,22071
7269,0,8448,27459,27459,25662,27518
7270,2,3448,21429,20530,21447,21429
7271,1,4626,26859,21358,26859,26125
7272,3,10030,19024,19020,19022,18934
7273,0,12438,20459,20459,19544,22186
7274,8,2584,20351,22267,20312,25272
7275,27,8634,18706,18699,18702,21864
7276,0,1320,15566,15566,16336,16335
7277,0,3030,15723,15723,22454,22003
7278,174,7082,17209,18102,27223,24602
7279,0,11207,20789,20789,24917,18773
7280,0,8809,25217,25217,25572,27334
7281,19,14756,15721,16955,16496,16134
7282,1,4396,20993,25008,20993,23160
7283,0,5987,24299,24299,19811,16861
7284,23,5393,26414,26138,15297,24723
7285,0,8252,22673,22673,23704,17989
7286,13,6643,23006,16843,18632,25593
7287,110,10752,18134,15505,17227,16416
7288,0,8631,22773,22773,27676,23253
7289,0,6212,24571,24571,24026,19754
7290,0,6072,21758,21758,18094,22202
7291,0,8190,19837,19837,25068,22472
7292,5,11935,17645,17768,15589,16655
7293,0,10769,23546,23546,19737,23072
7294,88,6397,27328,23229,24363,27002
7295,0,8265,16059,16059,17458,16355
7296,0,13526,25824,25824,26591,23682
7297,0,6530,22840,22840,15553,20800
7298,0,10581,18003,18003,23222,18188
7299,159,6244,23849,17440,23746,15971
7300,0,6664,18726,18726,17319,25243
7301,10,5498,22730,24749,22893,20001
7302,0,186,23172,23172,23173,23021
7303,1,11423,25552,27107,25552,21921
7304,0,7373,23099,23099,21336,25331
7305,0,5541,25351,25351,24823,21075
7306,1,13958,27075,22154,27075,26051
7307,721,13664,18468,21987,20006,27625
7308,257,9109,17571,21778,24176,19588
7309,0,4326,23344,23344,20014,19158
7310,23,3551,26474,26270,27375,26521
7311,5,11331,23862,27698,23255,24222
7312,30,2626,24187,25345,26436,21736
7313,0,3822,19313,19313,17126,25567
7314,7,13819,15536,20425,18580,19525
7315,649,12604,20135,21035,21787,20137
7316,49,12880,27745,16627,22647,19906
7317,0,13074,21203,21203,21202,21206
7318,0,6325,23177,23177,15634,15631
7319,0,6723,17542,17542,15140,17543
7320,0,4484,23628,23628,18737,19321
7321,0,7878,17043,17043,18175,27137
7322,15,13581,19983,21655,23189,19973
7323,9,11389,15050,15122,15384,16784
7324,0,9659,25026,25026,26569,23667
7325,0,1676,18623,18623,20960,19246
7326,0,11014,21065,21065,21073,21069
7327,0,12951,25461,25461,23537,23538
7328,15,12119,25061,27077,25058,21137
7329,10,2740,26444,26086,21520,26811
7330,29,1835,17556,21309,17713,20173
7331,2,13383,23504,25466,22815,23504
7332,0,11059,18927,18927,20993,21130
7333,307,10151,24224,25060,26368,25869
7334,0,3477,15250,15250,15146,15253
7335,0,8009,16332,16332,18942,18994
7336,0,12223,20371,20371,16101,15937
7337,0,6776,19911,19911,23815,23828
7338,6,6793,20713,20738,20704,20748
7339,0,11538,23777,23777,19162,25588
7340,0,12846,22136,22136,22132,22135
7341,3,12254,19968,20071,19977,20062
7342,1,1654,24290,24289,24290,20998
7343,0,9122,17199,17199,17200,17201
7344,64,13178,24682,25359,25237,21860
7345,0,7948,24417,24417,26620,17157
7346,0,566,24509,24509,24508,26536
7347,7,10020,19133,23068,21217,24052
7348,0,14614,17336,17336,19416,17502
7349,0,11135,20818,20818,21262,21277
7350,2,2643,22079,19684,20608,22079
7351,0,8811,22617,22617,18987,23697
7352,138,12660,23871,16896,16622,25011
7353,328,13835,26503,19743,25827,17761
7354,330,4754,24029,23628,26103,23365
7355,7,7454,22781,22778,23536,22780
7356,0,12343,16260,16260,16432,16433
7357,0,12134,18745,18745,18675,18994
7358,0,5500,18431,18431,19279,18593
7359,1,10938,18669,20199,18669,20720
7360,5,710,16786,19329,18305,18287
7361,0,13965,23270,23270,24323,19457
7362,0,3747,17404,17404,21227,26737
7363,216,13590,15391,16739,27168,15416
7364,0,9217,19766,19766,21474,21470
7365,7,5632,24085,21416,20106,20105
7366,54,9642,18687,18451,20913,24117
7367,11,7933,22828,22831,26442,24857
7368,2,137,20823,20820,20819,20823
7369,36,12504,27209,26407,26264,27024
7370,21,9666,25266,24250,24249,20588
7371,2,1052,25161,25927,26587,25161
7372,0,1514,18778,18778,18679,20162
7373,20,5761,24457,20874,22437,26412
7374,0,2696,17491,17491,21321,17314
7375,0,11192,24145,24145,23564,24148
7376,2,10252,18645,20450,16590,18645
7377,0,3331,19777,19777,19778,20513
7378,0,5218,19919,19919,18964,27479
7379,12,5212,23939,23942,23940,23945
7380,0,6803,24163,24163,25442,25186
7381,447,12826,22987,19169,19879,21837
7382,0,5065,25347,25347,20944,25476
7383,0,846,26479,26479,26422,22243
7384,34,13934,22749,16844,21238,20283
7385,0,4904,17582,17582,21567,24926
7386,0,1091,26396,26396,25001,27106
7387,3,5448,23335,22661,21915,25371
7388,981,4017,26445,18949,15304,15466
7389,23,11243,26200,26041,26199,26042
7390,9,14887,20912,23449,19653,23462
7391,0,9394,26118,26118,21490,24609
7392,2,11860,18160,17937,18154,18160
7393,12,4910,19761,20431,25228,16945
7394,1,2623,17894,19203,17894,18555
7395,275,3357,20946,24016,24253,23777
7396,0,3583,19949,19949,24916,25822
7397,115,8899,25547,25618,18513,22656
7398,4,3911,24143,24156,23617,22790
7399,0,12562,16842,16842,16466,16465
7400,7,926,15325,23992,16927,25286
7401,0,11387,24281,24281,23382,23341
7402,0,13155,17330,17330,21311,17714
7403,1,5846,16882,24853,16882,20126
7404,1,5016,16443,18474,16443,18726
7405,93,12680,15773,17641,25045,19783
7406,1,8770,18383,18382,18383,18819
7407,0,1875,19877,19877,21388,18115
7408,0,7773,17744,17744,15383,15993
7409,0,4915,21004,21004,25267,26189
7410,0,1674,19293,19293,15336,20261
7411,0,11253,17888,17888,22955,17215
7412,2,13681,18206,16729,16721,18206
7413,0,6222,18191,18191,18077,19264
7414,7,5708,24132,27629,27456,26898
7415,1,8824,21560,26813,21560,19665
7416,3,5634,23689,16321,16829,16452
7417,16,1629,27435,27081,26777,27621
7418,1,6672,26057,25040,26057,23985
7419,34,10149,23061,21571,23859,27572
7420,39,9123,21463,16532,25324,22695
7421,58,9598,25224,26763,23655,21023
7422,3,13246,25842,27598,23229,24759
7423,4,2155,19666,17593,21059,15485
7424,1,4614,15094,15830,15094,20066
7425,2,7365,26906,22617,23251,26906
7426,142,11293,15317,16968,18329,21674
7427,2,1390,22369,22243,22267,22369
7428,9,3134,23415,23414,25618,25547
7429,0,10627,21123,21123,25392,25666
7430,0,12624,19508,19508,17954,17110
7431,0,4035,18999,18999,18410,15034
7432,24,12162,27020,21475,26137,24798
7433,2,382,20060,23611,16256,20060
7434,7,4076,27215,21560,26453,19665
7435,143,14422,27726,16755,24216,16376
7436,0,12853,20467,20467,18293,18358
7437,46,13341,16730,25150,26918,25149
7438,21,9567,15400,16410,15130,16794
7439,0,1572,17377,17377,27631,23782
7440,204,10659,15285,27708,16663,16758
7441,0,504,15507,15507,15509,15527
7442,18,10911,17673,16556,27523,24248
7443,0,9822,22019,22019,22091,21689
7444,9,9674,26527,26526,16398,25596
7445,0,14440,18125,18125,25979,23413
7446,0,4103,17437,17437,23801,19546
7447,504,4619,22268,22119,23650,20938
7448,0,4830,22392,22392,22394,22391
7449,1,9964,23401,19171,23401,24539
7450,0,11005,18818,18818,21021,17992
7451,622,11355,16133,18285,16773,23607
7452,0,5778,15834,15834,15242,15878
7453,0,551,16226,16226,15103,15987
7454,30,5097,16136,22243,17011,26479
7455,1,2569,27042,25094,27042,21560
7456,1,1325,21865,17041,21865,18085
7457,0,13217,27664,27664,25594,22495
7458,11,9585,22437,23842,23722,24704
7459,15,13396,24057,25142,25029,25956
7460,0,2953,20186,20186,16881,19104
7461,12,2354,26620,25615,26270,25914
7462,0,1296,22985,22985,22141,25444
7463,0,11403,17391,17391,22371,26286
7464,43,2871,19891,25124,23380,17818
7465,8,11111,17707,17706,21242,17844
7466,0,9225,27405,27405,23655,27618
7467,0,1473,17114,17114,16644,15386
7468,160,4256,26562,27226,25664,27054
7469,3,4811,24317,20728,16386,21336
7470,8,14280,26998,23544,26715,26855
7471,0,9061,18428,18428,19277,17659
7472,7,2132,26122,16386,21478,21092
7473,13,2041,24815,17951,19347,15230
7474,541,12154,19065,21184,24808,27632
7475,0,8075,20567,20567,15797,26435
7476,1,4444,22427,19631,22427,19629
7477,0,9149,24541,24541,18794,23382
7478,0,2344,16656,16656,16219,16323
7479,4,11044,20013,18079,21623,20012
7480,87,6232,26860,20142,25788,21855
7481,1,7050,19933,16034,19933,19914
7482,1,4752,18367,16653,18367,16560
7483,1,5164,26129,25378,26129,26991
7484,0,11842,19079,19079,17648,19063
7485,1688,14231,20232,16627,21104,24552
7486,0,11570,20421,20421,23421,20422
7487,0,8803,18270,18270,16617,22276
7488,45,10946,17953,18131,18368,15427
7489,5,5904,26809,26937,26358,23234
7490,0,8997,24483,24483,18071,24185
7491,0,1146,21862,21862,17540,18398
7492,0,7366,17745,17745,19775,22181
7493,134,3929,19824,19049,19051,24963
7494,408,10139,20895,21007,21899,17541
7495,197,10667,25896,20199,24895,25118
7496,1,13651,20815,20535,20815,20820
7497,2,1738,15103,15411,16266,15103
7498,81,7984,16959,18918,18177,22364
7499,1,13821,16573,18584,16573,17408
7500,1111,5229,27030,20293,16759,20300
7501,0,9016,21597,21597,19278,21562
7502,8,3637,20746,20756,20747,20755
7503,18,3834,24702,24881,27097,24470
7504,1,13977,20703,23226,20703,27706
7505,1,12812,20123,20122,20123,18097
7506,0,4598,22760,22760,21057,23177
7507,28,7030,17121,21997,19684,22563
7508,0,1140,18187,18187,18186,17990
7509,43,5349,24694,27742,27731,27776
7510,153,7509,22221,17222,18900,22353
7511,7,13403,19437,18653,18654,19436
7512,163,2829,17479,15033,18416,16065
7513,6,9013,20341,20342,20388,20391
7514,1,5642,20571,18440,20571,19776
7515,9,10213,27565,27166,27481,27687
7516,363,5757,21982,21097,19684,23081
7517,0,11166,19661,19661,16983,18704
7518,0,14072,23374,23374,22299,22749
7519,2071,13021,15119,27643,23387,21823
7520,0,5226,25083,25083,25504,25510
7521,89,887,19988,19004,19333,18218
7522,0,12840,23238,23238,22364,21374
7523,1,2695,17095,15108,17095,16783
7524,1,3818,21315,18286,21315,21304
7525,0,335,15371,15371,16316,15352
7526,1623,1023,17116,24693,15669,17429
7527,0,13802,27062,27062,26521,18620
7528,1,3032,23694,25784,23694,24477
7529,0,6071,19093,19093,16747,21905
7530,0,12540,18075,18075,22950,21949
7531,11,12522,15429,18905,15414,16161
7532,1,5425,26460,24749,26460,20001
7533,0,11971,18668,18668,23663,20993
7534,0,3762,20974,20974,18815,24609
7535,0,5117,25932,25932,26365,26651
7536,0,11810,18744,18744,18743,19402
7537,7,8870,20233,20124,20721,20731
7538,1,666,20448,22447,20448,24717
7539,3,3250,21807,22267,17720,22926
7540,1,10935,16445,25747,16445,18568
7541,5,6500,21595,21301,21300,20883
7542,1940,8018,27055,24629,22994,18470
7543,2,1640,20372,22253,23025,20372
7544,0,11758,26164,26164,27112,18727
7545,8,1375,21944,27557,22500,23397
7546,0,6984,20998,20998,23801,22900
7547,9,10400,24846,15189,25457,25999
7548,0,11442,26506,26506,24398,25670
7549,0,13944,26188,26188,18185,24924
7550,173,3811,27476,27328,27270,27327
7551,0,13576,19531,19531,19530,20666
7552,2,14480,20597,19734,15536,20597
7553,2,2107,15538,15428,15046,15538
7554,34,12320,26372,20304,20303,20299
7555,4,3426,26546,26355,22773,20799
7556,0,8005,16107,16107,21611,18221
7557,0,10409,22117,22117,26180,24467
7558,0,13010,19625,19625,24376,19738
7559,4,14169,22733,21785,15887,17967
7560,0,1442,23779,23779,22172,20158
7561,5,3233,24745,26217,18916,26579
7562,56,3285,25104,25150,26368,24224
7563,3,2157,22626,22627,22038,26183
7564,493,13408,16609,16368,20496,22648
7565,112,8939,24523,24371,18334,22534
7566,0,2889,23307,23307,22688,18987
7567,0,9961,16690,16690,16689,16180
7568,9,10079,27449,22650,22358,24158
7569,0,3270,15225,15225,16278,26741
7570,0,6376,18027,18027,26779,23252
7571,0,11073,16442,16442,22995,23878
7572,1168,4728,22341,27092,26011,27491
7573,3,6891,16541,22191,16936,18335
7574,4,7582,15095,15442,17952,15050
7575,1,7247,19986,18646,19986,15637
7576,0,4789,16818,16818,16219,16809
7577,1100,6956,20049,24052,23509,21718
7578,0,12696,26299,26299,18099,18101
7579,27,5237,25814,24796,24928,25430
7580,1,5741,16076,17016,16076,16086
7581,7,14148,19470,20085,20733,19465
7582,0,9309,23492,23492,19371,18255
7583,3,1538,24767,24772,24775,24773
7584,4,6303,22849,22668,15495,25354
7585,0,4460,21569,21569,22306,25100
7586,55,8717,18425,16515,17525,15808
7587,9,14875,25510,20956,22652,16934
7588,0,3021,24763,24763,26833,24776
7589,0,14416,18843,18843,19780,16879
7590,172,109,16010,22059,17185,23249
7591,0,10889,22384,22384,19816,19817
7592,6,4049,27301,27300,27297,27296
7593,0,5379,17502,17502,16297,17260
7594,285,4703,26097,15350,20462,15996
7595,72,14319,18905,19472,16161,15027
7596,26,11797,17131,27053,17571,18328
7597,1,14419,23349,15446,23349,16519
7598,2,14411,21194,21396,18876,21194
7599,2,11765,23126,20525,24215,23126
7600,1747,3443,21938,20227,25277,18715
7601,1514,2126,24808,20097,26337,25578
7602,1,11205,24426,19578,24426,19241
7603,0,10846,26443,26443,25737,27380
7604,122,12234,18040,17084,23843,19493
7605,3,2453,20833,20832,20828,20831
7606,0,468,27316,27316,25631,22922
7607,70,1365,24809,24677,24675,26371
7608,1,5028,25811,27327,25811,21902
7609,0,9626,22222,22222,15518,20190
7610,0,12821,19940,19940,19943,19935
7611,87,12435,24364,22688,19426,16392
7612,0,4777,15801,15801,16844,15923
7613,0,370,15696,15696,19674,16595
7614,0,2122,18552,18552,24799,19142
7615,0,10843,24706,24706,25267,21466
7616,0,10787,26541,26541,27095,26453
7617,4,11937,23249,22670,25230,24933
7618,546,214,17410,27727,15300,27735
7619,0,12290,21932,21932,22154,23701
7620,0,3455,22677,22677,22909,21800
7621,0,10640,16160,16160,16145,17276
7622,16,4285,24939,23481,24504,17859
7623,35,11202,20055,21034,23620,19754
7624,0,3037,21325,21325,20757,21362
7625,23,6287,25425,26411,17070,21591
7626,1,10899,27262,20089,27262,23984
7627,4,10365,18867,22798,18397,23983
7628,0,11868,16181,16181,15051,25531
7629,0,11947,15812,15812,23109,23320
7630,10,7117,25488,21511,25960,26763
7631,0,11281,19379,19379,22688,15459
7632,0,3879,25962,25962,19658,21219
7633,2,1886,19233,19444,19157,19233
7634,0,575,16259,16259,17525,16159
7635,0,6134,24781,24781,27114,21387
7636,9,13645,17100,20943,18028,16557
7637,0,3540,26422,26422,26479,22243
7638,0,4467,18077,18077,19264,20044
7639,17,6371,25354,25615,27233,26270
7640,6,5600,26930,21229,20417,27375
7641,3,2601,19822,20733,20085,20086
7642,0,8678,16810,16810,16425,16524
7643,0,7586,20496,20496,20874,17042
7644,12,10441,20620,20633,15530,19296
7645,7,2471,25472,17667,25856,20222
7646,0,1120,21027,21027,22922,19861
7647,0,5694,23253,23253,19359,27508
7648,4,1944,19039,20227,19696,27407
7649,0,10058,20841,20841,16562,20842
7650,0,13844,23512,23512,15187,24595
7651,85,8744,23244,25967,24191,24620
7652,13,6108,24333,26116,26399,25702
7653,0,5101,27226,27226,26881,26511
7654,0,1713,19455,19455,23805,27532
7655,1,14524,19421,15281,19421,18347
7656,10,6520,17812,22071,17288,17337
7657,1,477,21808,23131,21808,23741
7658,0,10599,19821,19821,19816,22384
7659,0,9110,18091,18091,21096,17405
7660,2,10598,16007,20467,18293,16007
7661,1,10934,24755,23527,24755,24757
7662,0,14293,15593,15593,17110,17957
7663,4,2220,25588,26169,27353,25974
7664,0,4631,17538,17538,15872,18414
7665,0,12347,17604,17604,17606,17282
7666,2,9303,18484,22058,27460,18484
7667,0,4650,19151,19151,16826,17769
7668,7,1103,19575,23138,16393,19583
7669,0,8570,23913,23913,16402,21757
7670,0,6677,23954,23954,23100,23670
7671,6,12673,19834,19835,19914,16034
7672,7,7989,22873,24090,16918,22463
7673,0,11227,21959,21959,17153,24230
7674,211,1817,26403,19832,18942,26810
7675,1,2285,19849,19643,19849,21918
7676,0,3160,18869,18869,21388,22219
7677,2,2168,25059,24039,27132,25059
7678,4,6265,25179,26798,24938,26783
7679,309,5996,25120,22101,26386,24404
7680,0,4567,23287,23287,24222,23558
7681,2,7459,20024,24747,20009,20024
7682,6,14431,18347,23045,17796,19692
7683,0,11106,18369,18369,18313,20154
7684,0,6732,16436,16436,22110,18920
7685,0,244,15861,15861,16419,20861
7686,40,6322,17639,18348,17005,21294
7687,0,12367,21158,21158,21160,20035
7688,258,4804,26518,21383,26798,24874
7689,0,13492,15034,15034,15579,17887
7690,21,9746,25708,19115,24570,22811
7691,4,7777,22562,25224,23958,26894
7692,0,11566,16971,16971,16972,16131
7693,0,1152,27393,27393,27392,27603
7694,3,10693,24351,16398,24346,24347
7695,1,12283,19477,19445,19477,20790
7696,1,358,19580,19581,19580,19574
7697,0,13305,21682,21682,20274,20568
7698,0,8552,21140,21140,21139,17166
7699,9,6963,24909,15230,16563,19347
7700,1,5999,19408,23747,19408,21472
7701,9,7994,23818,23819,23467,19909
7702,0,6320,16536,16536,16975,16540
7703,1,9846,25408,21671,25408,18987
7704,0,10100,20318,20318,21978,21980
7705,1,7636,24274,24043,24274,26998
7706,12,12730,20734,20723,18324,20733
7707,0,7281,15294,15294,22742,15293
7708,79,12046,26004,26565,25452,25359
7709,0,4527,25902,25902,20926,19825
7710,0,8346,20430,20430,22729,23374
7711,7,3848,16225,24999,17115,18947
7712,0,11394,17728,17728,23555,27709
7713,1,10017,16763,16446,16763,17473
7714,89,13534,15097,27781,17630,20282
7715,21,4659,24603,25451,19040,22681
7716,59,12470,15112,27719,23968,17824
7717,0,12592,19009,19009,16403,25300
7718,6,5195,25378,26280,27595,26868
7719,0,14313,22981,22981,20271,19760
7720,0,514,17995,17995,23199,18077
7721,31,12543,16934,23203,24964,24113
7722,0,2996,26572,26572,26651,26560
7723,23,3333,16797,16653,16503,15472
7724,0,11910,24959,24959,24960,21723
7725,0,13983,18739,18739,19508,17110
7726,64,14269,26517,24060,25106,27027
7727,161,9830,16614,15326,23810,26739
7728,0,5519,22356,22356,21666,20011
7729,2,4089,19685,15960,21668,19685
7730,0,14532,21297,21297,17022,19444
7731,133,7988,21537,18760,22583,15387
7732,3,1617,27513,27032,25517,27456
7733,0,2378,19403,19403,16449,15763
7734,755,3875,24757,26891,24928,25787
7735,6,6725,22779,23370,23536,19850
7736,0,6019,26111,26111,23020,24307
7737,27,9677,23188,22167,22246,27572
7738,0,7979,24185,24185,23625,20937
7739,18,14733,19111,22538,20261,23842
7740,4,2739,17966,17403,21835,19737
7741,0,9319,23741,23741,21849,16472
7742,0,8724,22547,22547,21639,23818
7743,4,14278,27256,25250,27029,27255
7744,9,7009,17190,16241,16497,17662
7745,1,11818,25409,18494,25409,19626
7746,0,6604,15795,15795,20093,18744
7747,83,2302,20190,20185,21249,21257
7748,0,350,15496,15496,21844,15486
7749,4,9755,16633,15248,27373,16860
7750,1,5044,20718,17348,20718,18043
7751,0,4300,18941,18941,21079,18938
7752,10,5882,23366,22848,17238,22638
7753,2,7132,20130,19810,15483,20130
7754,0,772,24398,24398,26506,21798
7755,0,9599,25264,25264,24591,26593
7756,1,5530,21566,23956,21566,22599
7757,224,10499,16234,25124,15119,26877
7758,0,13953,23573,23573,23613,22861
7759,15,262,19828,15902,27732,15903
7760,6,6242,20352,24385,23734,23733
7761,0,5170,26349,26349,26579,24444
7762,2,2802,17739,17741,24004,17739
7763,3,13789,24073,24445,26675,17100
7764,0,889,20937,20937,23625,24483
7765,30,7474,16003,20427,16720,16000
7766,1,8120,21084,25059,21084,22550
7767,0,8933,23214,23214,25072,25111
7768,0,8254,19663,19663,18676,18738
7769,10,9379,20423,19099,18799,15928
7770,0,3638,27145,27145,20798,23089
7771,0,6333,26741,26741,16277,15093
7772,1,12014,24819,22840,24819,18471
7773,0,3467,17860,17860,17861,17859
7774,0,1045,22913,22913,24891,24022
7775,1,6083,25687,25196,25687,27527
7776,72,4451,26051,23410,26736,26421
7777,2,6358,25797,27328,27270,25797
7778,1,13992,17895,23562,17895,18141
7779,1,10384,15314,15141,15314,17727
7780,7,10694,20766,20774,20781,20776
7781,1,13216,19228,16252,19228,16251
7782,6,928,24444,24441,27616,27685
7783,0,1838,20784,20784,20785,16861
7784,3,2642,22618,26590,22307,15996
7785,0,10555,15517,15517,15523,15522
7786,1,122,24960,24959,24960,20564
7787,0,7899,26098,26098,19744,23365
7788,3,7668,27538,25001,26688,26898
7789,0,12564,16522,16522,18900,19782
7790,1,11495,19973,22414,19973,21972
7791,29,5608,21950,24775,24770,24773
7792,0,3943,18578,18578,22277,16618
7793,0,12706,17922,17922,26097,17913
7794,1,466,20859,20850,20859,20855
7795,62,11101,22430,22679,23089,25231
7796,0,12871,20323,20323,21365,18899
7797,0,6028,16967,16967,19071,20638
7798,148,12466,21754,21830,23234,25575
7799,1,279,15102,14951,15102,16353
7800,0,9273,21783,21783,26103,21544
7801,0,5413,17008,17008,22715,18846
7802,0,11037,16039,16039,16038,15139
7803,1,8975,21580,16975,21580,20962
7804,0,13805,25220,25220,15621,23080
7805,5,9876,16066,16666,18995,21014
7806,9,1212,17335,15482,15996,21660
7807,20,1668,19015,26913,26914,26912
7808,0,2079,20934,20934,24881,23253
7809,2,5079,21737,18787,22460,21737
7810,0,2510,25198,25198,22367,25197
7811,7,4207,20385,19982,18893,18334
7812,0,733,17056,17056,15493,16111
7813,74,6739,15476,19782,19783,20858
7814,47,7452,15132,15018,15506,15050
7815,1,9234,23313,24365,23313,21781
7816,61,12817,23148,23147,16629,16428
7817,6,4355,22243,22267,26479,16285
7818,3,13020,19281,23166,21573,17796
7819,0,12112,23904,23904,21958,22402
7820,0,2047,19932,19932,21030,27185
7821,1,4584,15574,15575,15574,15576
7822,0,11727,23543,23543,20558,18316
7823,1,3529,26017,26780,26017,25901
7824,4,869,25828,18468,22769,27144
7825,0,6343,26433,26433,19867,26178
7826,1602,4379,26387,24404,22101,23546
7827,0,8865,26700,26700,23894,19120
7828,1,9680,20418,20419,20418,20420
7829,0,5633,24919,24919,15643,23513
7830,80,9114,20389,20694,20700,20692
7831,40,2243,21989,20124,19867,20731
7832,1344,2516,23187,17429,15466,15287
7833,13,13748,17819,18204,21885,15773
7834,0,4016,25376,25376,24511,26034
7835,0,12108,16449,16449,17967,16190
7836,0,1222,16677,16677,23042,17327
7837,8,13323,18902,19342,19341,21400
7838,0,808,17170,17170,20815,20819
7839,5,10748,21495,17658,16811,15917
7840,0,4212,20889,20889,22225,21904
7841,0,2018,15878,15878,14964,15519
7842,18,12321,22829,21708,22830,22831
7843,0,356,22666,22666,22968,22665
7844,0,11845,19641,19641,19643,23435
7845,30,3733,26750,24767,24773,24775
7846,1,4549,25999,22610,25999,25594
7847,90,628,23970,27727,20089,17996
7848,2,391,24821,15113,15848,24821
7849,1,3662,23556,19329,23556,18893
7850,2,6394,25270,19359,27508,25270
7851,0,6258,21218,21218,21935,26110
7852,1,1124,16828,16656,16828,15589
7853,22,6861,25517,25094,27483,21974
7854,0,383,26271,26271,27603,25816
7855,0,11134,20817,20817,15227,21262
7856,128,7823,21592,22343,19991,17325
7857,112,129,23070,27715,25124,26877
7858,0,1644,24244,24244,25177,25954
7859,658,1430,17417,18379,18014,26761
7860,27,9704,15436,16450,19466,18336
7861,2,9675,23015,23544,25337,23015
7862,0,4701,20722,20722,25893,18107
7863,15,6995,22061,18760,24933,22307
7864,3,3254,23752,19046,15798,26262
7865,0,732,18692,18692,21611,21806
7866,0,13196,27581,27581,22403,23261
7867,40,11621,19848,24468,24210,17656
7868,0,13608,23886,23886,15267,15188
7869,0,12893,18874,18874,18873,23752
7870,0,6432,16171,16171,18167,20802
7871,0,6202,16499,16499,15891,16491
7872,0,4336,15736,15736,20870,16419
7873,0,517,17785,17785,17522,16144
7874,14,4028,18334,18305,22882,18296
7875,0,7705,22713,22713,24591,22712
7876,1,12133,16684,16657,16684,17502
7877,23,2700,16800,26452,16563,15230
7878,0,14320,22834,22834,20359,16722
7879,7,3315,21229,26020,19658,23099
7880,1,10177,26481,24678,26481,20481
7881,7,8696,21186,19866,17280,21181
7882,1,8654,19067,20603,19067,19044
7883,0,9032,22443,22443,23018,16674
7884,0,5774,22505,22505,22646,19270
7885,0,5414,26114,26114,22696,22147
7886,0,278,15025,15025,15888,16844
7887,39,9900,17627,19329,18498,20361
7888,0,6273,17369,17369,19304,22501
7889,10,4369,18709,26598,18699,18828
7890,0,12195,18980,18980,20450,16232
7891,45,823,24303,18287,21148,23932
7892,1,7642,18655,22351,18655,18311
7893,1,3135,21781,23055,21781,23809
7894,1,9120,22432,27208,22432,25613
7895,20,4580,22339,22128,23523,15482
7896,0,2515,23811,23811,25039,22418
7897,0,2951,18667,18667,20100,16394
7898,76,10160,17840,19922,19567,18535
7899,73,13598,24990,24796,21860,24928
7900,6,10138,23923,23576,23690,22437
7901,11,12641,22538,25004,20548,17382
7902,1,5900,17563,23590,17563,22098
7903,0,10255,20893,20893,15360,20835
7904,0,1051,15218,15218,24078,22541
7905,0,4424,16148,16148,19544,21257
7906,0,2945,25258,25258,24635,21954
7907,0,2308,15864,15864,15511,16760
7908,38,4817,24248,17143,24875,23684
7909,0,7970,19607,19607,18828,20246
7910,4,14193,18689,18690,19985,23114
7911,1,11862,23433,23432,23433,18246
7912,125,5969,23190,22030,21600,21593
7913,1700,11230,24434,25704,26845,25294
7914,1,713,22983,24884,22983,23253
7915,1,4406,18700,18344,18700,20784
7916,6,4463,17649,20701,16248,19063
7917,0,3966,19730,19730,26436,25825
7918,0,12778,17844,17844,21977,17073
7919,0,10561,17262,17262,16045,20015
7920,50,13679,19149,26037,19169,16130
7921,0,2705,15839,15839,24052,23068
7922,0,14117,23558,23558,17425,23021
7923,0,738,21775,21775,20982,18950
7924,0,12044,16150,16150,16151,16082
7925,0,2352,19813,19813,19871,18162
7926,164,13504,21811,17193,20014,23344
7927,14,12362,19480,19451,15073,15072
7928,0,5839,18152,18152,16436,18343
7929,5467,2731,22725,27727,15138,20019
7930,0,9267,17396,17396,25484,16445
7931,90,11255,24654,26929,17396,25565
7932,0,11007,23261,23261,19199,20223
7933,0,1138,21885,21885,23349,24400
7934,90,4472,25742,24760,22778,23370
7935,0,13255,21405,21405,21407,21402
7936,210,4485,26357,17753,16914,26488
7937,959,8119,24337,23126,21859,27036
7938,0,9853,21848,21848,21553,19162
7939,441,8746,24989,22156,19665,24740
7940,0,11021,19430,19430,26088,19247
7941,2,14176,27015,21323,21362,27015
7942,3,10280,17858,17862,15486,17186
7943,1141,3578,23968,19666,27732,17996
7944,0,3999,23884,23884,24568,25375
7945,0,11265,22578,22578,18587,23356
7946,75,8929,23143,21376,22420,25923
7947,1,12479,22319,16186,22319,18395
7948,287,12161,21261,23322,22895,24512
7949,512,2852,21357,18343,16436,22110
7950,4,3717,22668,27093,22061,24933
7951,0,4762,21030,21030,21974,19861
7952,3,10010,20739,20756,20757,20743
7953,0,8148,18495,18495,17816,19315
7954,10,9136,20963,24156,22468,25675
7955,0,416,18278,18278,16616,22412
7956,0,8336,20095,20095,20097,20924
7957,0,10646,18856,18856,18367,16560
7958,0,4234,24741,24741,27472,24918
7959,81,8364,23744,21869,18498,23189
7960,2,11373,27698,23292,25819,27698
7961,6,11726,24429,22750,23657,25516
7962,1,3535,16721,16724,16721,16728
7963,178,5031,16765,19004,15024,15685
7964,59,7406,21738,19718,18518,20960
7965,2,5038,22619,22366,25396,22619
7966,0,12710,25394,25394,18796,23920
7967,5,861,27207,27686,27181,27350
7968,0,2795,14994,14994,14988,15096
7969,0,11153,16751,16751,15731,18719
7970,21,10952,24746,24519,21055,25382
7971,48,470,27753,27733,23716,27732
7972,1,2722,23282,23616,23282,22468
7973,0,6048,23230,23230,17024,18635
7974,2,5022,23438,17392,18666,23438
7975,3,6632,18620,18403,25468,27062
7976,0,4159,18057,18057,18617,19595
7977,0,14794,24111,24111,17264,18798
7978,0,14352,16327,16327,23552,19491
7979,3,749,15474,17737,15468,18412
7980,1,7287,18734,20053,18734,19705
7981,0,10768,15648,15648,16694,15564
7982,0,4601,17599,17599,16052,16175
7983,1,14198,18015,17900,18015,15244
7984,394,14175,15258,24052,27732,15024
7985,0,7649,26653,26653,25662,27598
7986,1,11147,20819,21277,20819,20823
7987,0,6438,15960,15960,21668,20710
7988,1,13143,16138,16972,16138,20987
7989,0,12541,23090,23090,23976,18511
7990,2,4579,22257,16932,20414,22257
7991,0,10354,21700,21700,16540,23686
7992,1,12403,24693,27643,24693,23657
7993,0,11460,25020,25020,25307,27033
7994,0,12350,16989,16989,16215,15590
7995,0,9213,25169,25169,25072,23216
7996,0,3045,15698,15698,15712,15714
7997,5,7734,22936,20465,20464,20462
7998,0,947,22278,22278,20135,22985
7999,0,315,19858,19858,21339,18918
8000,3,10036,16350,19946,17532,15261
8001,110,77,19571,25124,16968,21862
8002,14,9590,19507,17245,17244,21043
8003,0,10847,18572,18572,26067,27692
8004,3969,9988,23347,15675,18267,18232
8005,1,2981,21575,24497,21575,23791
8006,0,10043,25498,25498,26429,25427
8007,0,10756,16403,16403,25734,26314
8008,0,8138,24363,24363,24152,24396
8009,1,7765,17725,16898,17725,18439
8010,68,11426,16081,20953,20270,22143
8011,232,1854,25892,24291,25351,18989
8012,0,14058,18109,18109,25747,26340
8013,0,3596,27382,27382,19834,19833
8014,2,7047,15475,15468,18411,15475
8015,19,10968,17388,26286,22281,15665
8016,0,3066,26909,26909,19017,26914
8017,0,11238,21211,21211,23913,22115
8018,0,13188,24432,24432,21034,18705
8019,166,4029,25519,25237,23480,25359
8020,2,11369,15905,21085,19981,15905
8021,1,301,22953,16842,22953,24784
8022,3,7387,18503,21120,18849,19956
8023,1,11846,15571,21980,15571,21978
8024,1,8790,23922,27116,23922,18513
8025,0,1434,17790,17790,21748,16763
8026,93,5331,20314,22972,18220,18287
8027,0,1521,20249,20249,21040,18735
8028,3,9507,19406,19232,19443,19156
8029,0,9632,16452,16452,15112,15848
8030,0,4737,23051,23051,22243,16285
8031,0,34,27495,27495,26921,27598
8032,0,7918,23476,23476,23535,21387
8033,22,12088,15900,16565,22275,18469
8034,102,14386,23702,19508,17954,16125
8035,11,14430,25819,24222,23292,15744
8036,2,5737,18592,17609,17607,18592
8037,0,6180,20347,20347,22248,22926
8038,2349,14596,25863,27729,16630,27772
8039,15,9404,18352,26687,26761,18353
8040,5,13725,16474,27104,16275,27182
8041,5,8384,19354,19812,19811,18250
8042,27,3397,23815,23828,26302,25870
8043,0,13849,19100,19100,19783,17538
8044,0,14332,15307,15307,22017,20350
8045,0,6003,24182,24182,26057,27484
8046,17,10474,24255,24773,24775,24769
8047,0,708,15106,15106,16517,16894
8048,15,11494,20523,21599,19453,21917
8049,3,6495,26243,26291,18103,19717
8050,93,12519,25278,24717,25430,26338
8051,88,12664,24655,26438,26184,26794
8052,0,10692,16794,16794,18882,16065
8053,0,11113,24730,24730,25617,22388
8054,1,5467,26569,25026,26569,23667
8055,0,1776,16561,16561,18414,16562
8056,1,12399,26463,24536,26463,25394
8057,1,5426,24386,26221,24386,24384
8058,3,12231,20503,20509,15202,20506
8059,0,7478,15100,15100,15398,16228
8060,73,13970,24928,26045,26046,26040
8061,1,10166,24084,19690,24084,24393
8062,0,596,18794,18794,20532,22962
8063,20,2454,17856,18235,22563,17721
8064,1,2595,27600,27328,27600,25434
8065,0,8459,19453,19453,21599,20539
8066,0,5439,22734,22734,17333,23920
8067,0,13125,21541,21541,21558,19843
8068,0,8248,27670,27670,27657,27457
8069,5,38,21802,22528,25126,25116
8070,29,9306,26230,24820,26141,23803
8071,0,5390,18017,18017,16060,21204
8072,274,7012,27424,23229,27573,27610
8073,2,11188,17245,21043,15755,17245
8074,0,11527,27069,27069,23935,26026
8075,0,6617,22434,22434,25428,25427
8076,0,9635,18403,18403,26701,18858
8077,0,1254,24884,24884,22983,18777
8078,129,2245,22991,23162,16383,20532
8079,33,12611,22582,22026,22667,23018
8080,10,4557,26304,26647,25430,26302
8081,0,10913,20521,20521,20517,15870
8082,0,9373,23091,23091,27158,26429
8083,6,3016,18457,17323,22637,15820
8084,100,13445,27502,25716,25431,27729
8085,0,8166,16145,16145,17783,16504
8086,2,10541,21937,24243,24359,21937
8087,2,9021,20011,21666,22356,20011
8088,897,14797,21239,18803,19860,22020
8089,35,9866,25344,25333,20092,26224
8090,0,5792,21725,21725,18681,23569
8091,0,11395,17004,17004,25059,22986
8092,0,8775,21283,21283,20154,15772
8093,0,13477,19182,19182,19456,19594
8094,53,12537,17554,21291,21412,21205
8095,2,7428,24953,24956,24955,24953
8096,0,13247,23681,23681,23003,20966
8097,2,11997,20178,20638,20635,20178
8098,0,13037,22964,22964,19170,22965
8099,0,4846,23652,23652,27507,27557
8100,0,2230,18625,18625,15570,17029
8101,0,14225,24370,24370,23344,17999
8102,0,14244,19167,19167,19663,19678
8103,0,5720,17333,17333,19435,17812
8104,25,770,26587,26664,27194,26317
8105,367,9293,15771,25494,16081,25379
8106,0,14105,15062,15062,15051,16181
8107,0,4712,24271,24271,24716,22183
8108,454,4725,27173,19688,22331,26952
8109,1,10597,16130,21275,16130,16231
8110,85,3491,17653,27475,24113,27589
8111,0,8189,25504,25504,25083,22621
8112,0,9640,27071,27071,26488,27261
8113,0,1443,27290,27290,16904,19967
8114,1,12216,26438,26706,26438,25145
8115,169,2247,25769,27598,25900,23229
8116,0,1863,25282,25282,20212,19730
8117,0,3137,16514,16514,16560,16517
8118,240,4301,27498,27328,27535,26999
8119,0,9077,19175,19175,16989,21420
8120,4,12787,20861,20870,20871,20869
8121,0,3779,16747,16747,16514,19093
8122,13,2701,16594,17713,21309,21316
8123,0,9744,22768,22768,20206,23009
8124,0,9751,17057,17057,21490,20100
8125,1,11634,21339,21916,21339,19718
8126,2941,14492,18616,18328,18269,16637
8127,18,3510,27113,27340,23573,27067
8128,1,9823,23320,23319,23320,23318
8129,0,374,19826,19826,21059,18946
8130,4,5552,16415,24999,16750,26791
8131,0,8911,19352,19352,18748,22158
8132,5,11407,17286,24851,21428,17203
8133,0,4837,18618,18618,27749,27747
8134,0,3622,25670,25670,26506,25717
8135,0,99,15674,15674,16977,18991
8136,0,7329,22636,22636,22465,27472
8137,6,1524,17630,17537,20483,24863
8138,0,13524,25952,25952,23056,20992
8139,0,6069,17937,17937,17918,17920
8140,0,1448,15284,15284,18245,24112
8141,8,11705,23711,26494,26495,26493
8142,1,12990,17606,20020,17606,15491
8143,15,13014,23502,23109,15812,23320
8144,3,12118,27219,27031,26736,26929
8145,0,874,15737,15737,15224,15519
8146,0,489,20540,20540,16896,17270
8147,2,13027,21842,19131,23797,21842
8148,0,3787,24606,24606,21376,24607
8149,0,3866,27628,27628,27043,27587
8150,1,8142,16908,19772,16908,18286
8151,1,5383,24561,25365,24561,18071
8152,14,12232,17531,22883,23486,17132
8153,2,13975,18666,17392,23438,18666
8154,0,12259,19779,19779,16732,21089
8155,0,3531,23997,23997,21515,25735
8156,0,6006,23391,23391,24422,22780
8157,156,8320,23527,25787,24892,25596
8158,2,948,23464,25445,16268,23464
8159,4,4597,20428,18857,19643,25516
8160,1,8002,15871,16770,15871,18480
8161,2,4842,21340,23786,22050,21340
8162,0,11879,25021,25021,23773,19179
8163,0,2181,19537,19537,20149,22551
8164,1,8013,22650,20971,22650,24158
8165,0,8286,15487,15487,17859,21952
8166,0,3608,20251,20251,19673,19503
8167,0,11685,23677,23677,22215,16981
8168,0,4687,24221,24221,15364,23893
8169,5,4025,21655,22574,23122,21261
8170,0,11408,23651,23651,23517,23077
8171,1,13545,21112,22221,21112,20947
8172,45,30,17641,15996,19433,21661
8173,0,10870,19937,19937,20615,21293
8174,1,9285,24570,19337,24570,19259
8175,347,266,25805,21439,17748,22768
8176,0,1718,20532,20532,16386,21006
8177,2,5685,21131,18051,16339,21131
8178,5,10621,15164,15049,16251,18629
8179,0,476,27091,27091,20413,20293
8180,0,8219,19341,19341,19344,20652
8181,0,84,23081,23081,21097,19684
8182,5,5241,21294,15427,18131,19492
8183,20,10309,19797,19170,22965,21794
8184,2,14273,18128,15779,19966,18128
8185,0,11653,19427,19427,23502,16125
8186,9,12847,22133,22135,16485,22136
8187,0,573,23092,23092,22276,16107
8188,26,13862,22705,22802,22143,21389
8189,2,9511,24945,27697,25690,24945
8190,0,4652,23727,23727,27735,22737
8191,36,10509,23542,22522,16165,22154
8192,1,2495,17016,17018,17016,16086
8193,0,10111,20975,20975,21283,17022
8194,0,2204,15904,15904,16046,17045
8195,50,13062,22294,27781,27782,18662
8196,21,7382,17822,18587,16993,16987
8197,0,6233,25122,25122,18428,19277
8198,2,12793,25706,21125,24420,25706
8199,91,181,23826,23738,23818,24224
8200,1,1394,15555,20076,15555,21799
8201,0,2325,18471,18471,18472,23785
8202,0,5188,25847,25847,20530,26763
8203,537,10256,17827,16985,18532,15117
8204,1,3916,16310,16813,16310,15237
8205,0,7255,16667,16667,15086,21088
8206,893,6929,25265,16691,22378,15877
8207,0,12898,19760,19760,20104,17876
8208,119,11063,16139,19835,19833,19834
8209,0,7109,17815,17815,17864,19286
8210,480,1672,26144,22339,25744,26988
8211,0,6600,26220,26220,22160,23153
8212,3,9558,23193,23988,24939,26033
8213,0,4044,17658,17658,16918,17736
8214,1,59,21188,21182,21188,21186
8215,0,8422,15908,15908,19981,19979
8216,153,2292,26193,26597,22083,18587
8217,10,2893,26557,27124,27683,26798
8218,0,5231,21945,21945,19368,22502
8219,1,6004,22067,22066,22067,19596
8220,349,14531,20593,27374,25863,17592
8221,0,8212,26975,26975,24345,26976
8222,282,801,22719,22635,20709,27779
8223,33,4918,21497,21292,17008,20499
8224,0,4651,26407,26407,26264,26517
8225,0,3558,19474,19474,25364,23729
8226,0,8680,16820,16820,17768,16018
8227,0,6869,25660,25660,22234,25684
8228,0,8861,19244,19244,19511,25682
8229,0,1955,16383,16383,24281,19813
8230,317,14163,17250,15282,15385,22807
8231,30,14232,27232,24249,24250,27674
8232,0,2823,20485,20485,16608,15068
8233,10,12809,27252,27256,27255,27240
8234,0,12525,25893,25893,19678,15797
8235,0,3945,21921,21921,21934,21933
8236,0,14030,21805,21805,18040,15338
8237,0,11743,19102,19102,18017,17616
8238,6,11094,23797,21558,25649,27137
8239,0,3299,18553,18553,24285,17894
8240,0,148,16273,16273,21294,16194
8241,1,14647,19057,16921,19057,18885
8242,0,8716,18490,18490,21605,16778
8243,0,1433,16559,16559,17790,16880
8244,0,14261,15994,15994,16323,19749
8245,13,351,16491,16785,18305,23966
8246,1,11510,20035,21158,20035,16749
8247,1186,6593,16639,17255,15810,15045
8248,0,10189,17340,17340,16939,22464
8249,213,8655,22960,25725,27577,27101
8250,0,10144,21744,21744,21458,27392
8251,0,11130,20132,20132,21380,20131
8252,0,9001,15111,15111,23658,15110
8253,6,14451,17110,17957,19508,20225
8254,7,6350,26172,26910,26911,25117
8255,2268,5251,15910,20730,21674,18328
8256,0,1568,18967,18967,18968,16093
8257,182,5181,16291,24511,25965,27277
8258,1,3707,21611,16107,21611,24475
8259,0,7209,19926,19926,20270,19603
8260,0,7727,27026,27026,16168,26927
8261,0,14565,19669,19669,22286,23451
8262,0,10050,23580,23580,17971,17232
8263,2,7661,24316,18179,21614,24316
8264,0,1851,21884,21884,27716,22798
8265,0,5683,21963,21963,17014,22674
8266,28,3472,22882,23715,24590,15198
8267,157,5084,27761,23835,23831,20454
8268,0,695,26833,26833,26654,22541
8269,0,6521,16944,16944,24003,17157
8270,0,9791,22929,22929,22949,19246
8271,171,14898,22040,21557,15005,17869
8272,0,11719,18881,18881,24902,23148
8273,9,10288,24822,27673,27494,27559
8274,0,3217,26630,26630,20251,26777
8275,23,9335,22638,25008,21343,23160
8276,17,4193,19989,20009,24747,24331
8277,25,14065,16907,24321,26231,17727
8278,0,9749,20615,20615,17306,20346
8279,1,12533,16826,19151,16826,17694
8280,0,10988,17390,17390,24168,22281
8281,0,2532,20216,20216,20720,19535
8282,4,4504,17360,17361,22916,15116
8283,21,2176,27577,21358,27456,26898
8284,54,9005,20953,18742,20057,18865
8285,2,2109,26792,24382,26458,26792
8286,2,6346,22792,18097,18096,22792
8287,0,6130,22205,22205,24251,22541
8288,0,6237,15780,15780,19390,16665
8289,0,10602,25042,25042,18707,16863
8290,2,12554,22653,23969,18204,22653
8291,0,362,21028,21028,16489,18104
8292,4,8653,22549,22527,27588,23625
8293,0,13072,23210,23210,18506,24541
8294,30,6090,19202,18513,27116,18514
8295,5,7497,15098,17638,15642,16938
8296,43,3842,27409,27131,26835,27405
8297,1,643,19315,18962,19315,26479
8298,0,12609,21795,21795,18287,21571
8299,40,6771,15758,21043,17245,15424
8300,0,11276,20111,20111,18730,21500
8301,4,13389,20755,20713,20740,20705
8302,29,8892,21589,26557,20720,21588
8303,1,4105,17018,18033,17018,23673
8304,1,3065,25925,26586,25925,25927
8305,2,4270,16537,15086,21088,16537
8306,3,10237,21823,22972,18305,18287
8307,25,2278,17629,19347,15230,17951
8308,811,6899,26585,22839,26990,25573
8309,0,3796,18891,18891,18973,19972
8310,0,7418,16200,16200,16306,14958
8311,3,14760,17908,17571,17453,17569
8312,1,9426,25589,27557,25589,23901
8313,0,6951,19037,19037,18312,15521
8314,6,6982,26732,18632,22716,21728
8315,0,7315,15305,15305,15587,18949
8316,0,4401,26622,26622,26638,24149
8317,13,10805,19533,23572,17672,23615
8318,0,7267,21470,21470,19425,19008
8319,1,8972,17446,25317,17446,25098
8320,2,10318,23396,22500,23876,23396
8321,1262,2095,18276,16616,22412,22498
8322,0,10825,25710,25710,19890,27380
8323,0,9737,22250,22250,15263,19392
8324,0,7407,18748,18748,21614,19352
8325,1,9714,16421,15028,16421,14990
8326,0,6633,16678,16678,18414,17419
8327,317,5032,15015,25033,19004,14951
8328,3,3804,15741,15146,15692,15147
8329,0,1269,23106,23106,22517,17088
8330,25,6962,22740,26965,24466,22535
8331,0,12761,23678,23678,23677,23169
8332,6,13552,25462,27133,23541,23542
8333,10,8595,24823,25996,23100,18003
8334,0,8756,27576,27576,20089,25460
8335,1,1089,16149,17361,16149,27715
8336,461,14861,27782,23957,24445,19588
8337,0,4700,22502,22502,22761,23870
8338,1,8849,21857,21607,21857,18236
8339,3,2924,23998,25734,21758,26442
8340,3,9125,18964,19919,18846,17010
8341,5,13848,24476,23079,17656,18511
8342,0,2375,18443,18443,22454,17889
8343,2,4208,15693,24806,20716,15693
8344,204,14905,27704,16658,24864,20125
8345,10,4050,23916,27435,26147,21832
8346,0,10408,24322,24322,25557,26938
8347,0,8676,19272,19272,21343,23160
8348,178,12369,17708,23413,16455,19852
8349,2,13312,17361,16155,16526,17361
8350,0,9383,19585,19585,22034,19578
8351,3,1632,20189,20183,20182,21257
8352,0,23,23915,23915,23864,24810
8353,14,14856,19069,27203,27464,20321
8354,7,952,26232,27655,24854,27615
8355,0,3549,25251,25251,15344,25387
8356,144,12094,17866,21735,17071,17832
8357,0,10987,21614,21614,22501,17369
8358,1,13685,24061,26923,24061,24226
8359,0,8123,18846,18846,20236,17010
8360,8,4362,16511,16560,15106,16894
8361,23,12804,19859,21242,18040,18661
8362,0,13259,16519,16519,19388,15923
8363,0,9762,16952,16952,18414,21684
8364,0,13471,20723,20723,20724,19482
8365,0,5960,15453,15453,19949,22562
8366,0,1455,16844,16844,18028,15412
8367,2784,3754,22560,16988,15703,15482
8368,1,14526,23245,15141,23245,25499
8369,1,3846,15021,15247,15021,15386
8370,0,12440,25726,25726,15798,23476
8371,0,443,15125,15125,14955,15249
8372,7,4180,25277,18864,23992,25286
8373,2,12058,27172,27209,27264,27172
8374,0,7862,20105,20105,24415,21233
8375,0,8528,24568,24568,19336,24000
8376,2,4978,24556,18317,23428,24556
8377,1,5850,15825,16438,15825,16439
8378,0,5967,23302,23302,16599,21950
8379,0,6714,17476,17476,21475,27590
8380,93,8551,19319,26149,22798,25796
8381,0,11575,18681,18681,22888,21725
8382,2,3230,21820,22061,22849,21820
8383,227,521,23958,21434,27620,27327
8384,1,10479,25202,24779,25202,24161
8385,0,11772,18877,18877,18983,17343
8386,34,5808,26586,26317,26237,26828
8387,0,1355,18660,18660,20397,16879
8388,1,11757,22659,20973,22659,22573
8389,1,14120,21414,22588,21414,23422
8390,0,10755,16447,16447,22016,26113
8391,23,7686,16090,25294,25704,26967
8392,5,2658,27303,27300,27297,27302
8393,882,5871,24448,21659,25397,16338
8394,0,2799,27490,27490,27629,25001
8395,1,1833,15937,27075,15937,17488
8396,0,13139,26343,26343,22512,23930
8397,0,6309,21074,21074,22347,25262
8398,43,11246,19091,16363,23771,22177
8399,2,10908,21500,24003,15462,21500
8400,611,12808,23062,23410,26095,25857
8401,0,1241,22765,22765,16633,24902
8402,3,4540,23833,23832,23831,27766
8403,0,10751,25399,25399,25848,26272
8404,0,8509,20759,20759,20758,19488
8405,0,540,19908,19908,21202,17554
8406,0,478,15304,15304,15587,17695
8407,123,4477,27570,27215,27598,25948
8408,0,4258,23260,23260,16053,25165
8409,16,8562,24594,26399,26591,27024
8410,0,8971,25458,25458,25954,24588
8411,5,4714,20146,20071,19977,19971
8412,205,9693,25000,27763,27769,27767
8413,0,455,21054,21054,22770,16391
8414,173,7476,15259,15195,15024,26840
8415,26,8876,17626,16115,21945,24385
8416,9,7162,17781,17031,17307,15737
8417,0,1582,16577,16577,21583,16998
8418,1,14002,25709,16521,25709,25011
8419,4,11340,20415,27715,17360,24667
8420,0,9287,20843,20843,19072,15895
8421,34,6386,27318,27224,27376,26060
8422,2,14156,16858,23245,24999,16858
8423,0,8812,21111,21111,18409,21345
8424,2,161,21762,18928,20227,21762
8425,0,4662,23901,23901,26551,21615
8426,30,815,19290,15996,20465,20464
8427,117,10083,18241,15385,18040,18371
8428,14,12661,19386,19383,19413,19358
8429,0,1063,15245,15245,15888,15289
8430,7,5860,21755,22700,20479,21226
8431,0,8480,15942,15942,18635,19952
8432,176,9721,16277,19588,20986,24306
8433,0,6480,15657,15657,15656,18595
8434,0,10523,19518,19518,17559,21365
8435,532,1399,23562,19892,19891,16933
8436,1,8951,22684,22683,22684,23341
8437,778,14743,24126,22590,18514,24786
8438,0,12498,24420,24420,22867,23324
8439,0,5474,24841,24841,23876,24109
8440,0,13331,19345,19345,20650,17779
8441,28,3489,16518,16653,16503,16885
8442,0,9229,15791,15791,20090,15183
8443,0,10797,22391,22391,22355,22392
8444,39,787,16520,25124,26877,27715
8445,6,8227,26674,23968,27719,14985
8446,0,10842,27168,27168,15940,17825
8447,19,1927,16425,15113,15848,15300
8448,0,11406,17905,17905,19496,16844
8449,0,10807,26191,26191,22373,22828
8450,0,11185,24518,24518,24397,21739
8451,1,8830,15612,15583,15612,20969
8452,2,11464,15883,18899,17065,15883
8453,0,7606,24312,24312,24890,26506
8454,59,13144,20425,20597,19734,18580
8455,1,980,20869,19078,20869,20870
8456,0,1612,16448,16448,18614,15839
8457,0,10500,21531,21531,18202,23920
8458,0,5068,27436,27436,20034,17575
8459,564,2875,15531,16958,16250,19888
8460,0,12411,15659,15659,16640,19042
8461,0,1119,26497,26497,25734,26499
8462,3,13857,17867,17097,19200,14989
8463,40,3086,27114,27478,27118,27080
8464,0,7369,19527,19527,23216,24341
8465,350,5709,27682,27128,24301,27535
8466,132,1482,26828,20914,14985,15894
8467,10,2663,27106,26898,21358,27598
8468,15,10999,23443,21884,22626,23366
8469,5,7091,24107,23797,19150,21612
8470,132,1673,22854,17795,23650,23136
8471,14,10119,19478,19451,15073,19130
8472,6,1565,24138,18956,17189,15492
8473,0,10737,17051,17051,21042,20859
8474,1,6362,27666,27686,27666,25961
8475,2,13715,25891,20095,24624,25891
8476,3,7926,21733,27041,18886,24208
8477,0,14342,19966,19966,20372,23288
8478,0,8737,26515,26515,23661,26921
8479,12,10095,20039,19835,19914,16034
8480,6,4281,16087,19115,16090,16086
8481,40,9185,22648,25477,21013,23859
8482,2,4203,15704,21660,15703,15704
8483,58,6690,21988,15900,18515,24085
8484,9,13714,22871,16585,18898,19440
8485,1,10861,18617,19595,18617,25391
8486,1,13907,18413,22445,18413,18411
8487,0,250,25361,25361,21114,25666
8488,199,12848,17498,21868,20913,24150
8489,0,3505,27059,27059,26770,26543
8490,0,13041,20048,20048,22300,23374
8491,2624,8596,19212,24248,19701,26415
8492,18,2583,24784,16212,16977,24218
8493,0,5918,26968,26968,26820,27389
8494,2,12146,16358,17276,16239,16358
8495,42,2931,21662,18614,21718,15426
8496,7,6482,25348,22501,19304,22503
8497,0,7019,23437,23437,23349,15446
8498,0,10071,17189,17189,21818,18956
8499,0,192,20345,20345,14954,20226
8500,0,1811,20979,20979,20980,22564
8501,0,5359,16923,16923,16873,22802
8502,0,1774,15161,15161,20711,17419
8503,0,4445,16916,16916,20361,25567
8504,48,3147,23937,15325,17858,15327
8505,0,6257,26511,26511,25662,23958
8506,0,6366,17986,17986,22534,21261
8507,26,8232,18175,16364,16049,22351
8508,0,1258,15468,15468,17737,15473
8509,116,7326,25854,15628,26226,25954
8510,17,14497,23692,17771,16612,20020
8511,1,12619,25678,24062,25678,22389
8512,0,5592,20316,20316,19921,26279
8513,244,9453,24069,25396,24170,19601
8514,0,4731,21214,21214,24778,24686
8515,0,5069,20034,20034,19835,17575
8516,50,10666,15012,18281,20858,19783
8517,0,11398,26436,26436,21588,24806
8518,0,3613,26862,26862,26990,25392
8519,1,9715,24158,22650,24158,20971
8520,0,6050,20209,20209,24858,25561
8521,10,620,17499,15613,17695,17699
8522,0,8034,19649,19649,20095,24003
8523,68,5931,23981,22298,18893,18111
8524,6,3832,20270,22515,19229,19054
8525,4,57,26239,26317,26238,26666
8526,2446,36,17324,27727,27735,27736
8527,0,4413,22252,22252,16173,15907
8528,0,7541,21144,21144,19292,15334
8529,0,2141,25523,25523,24520,22104
8530,28,1183,24522,24326,26190,24087
8531,0,9745,20714,20714,20741,16026
8532,0,5938,15922,15922,24406,26103
8533,6,6088,21804,19582,23239,24077
8534,122,10943,18308,18317,23991,22415
8535,0,7511,26296,26296,24693,24140
8536,0,10845,21881,21881,21880,23084
8537,226,6915,22665,17203,21496,20327
8538,0,9042,20193,20193,20188,21249
8539,1608,752,17564,22635,22634,26553
8540,4,3282,26523,18738,26381,27225
8541,2,13343,18936,20604,20605,18936
8542,2,6215,25979,21661,25568,25979
8543,84,1454,26069,23669,27327,27032
8544,2,1912,24995,22634,22718,24995
8545,0,10076,19106,19106,22840,20800
8546,119,11766,17666,19051,19049,18053
8547,0,3538,27468,27468,23661,27327
8548,5,13514,20182,21249,21257,20191
8549,26,9950,26521,26270,25914,19540
8550,0,2832,21748,21748,16560,16517
8551,1,1102,24605,24610,24605,24612
8552,0,6855,16682,16682,21562,19179
8553,92,5270,20439,21718,23509,16864
8554,3,7639,20971,20970,22650,20964
8555,9,11326,19513,19904,15971,23197
8556,1,6471,15880,19945,15880,15168
8557,1530,13370,18315,27790,27756,27737
8558,0,6249,17775,17775,16016,16023
8559,72,12434,19985,24094,20010,15324
8560,0,4617,22793,22793,18096,22375
8561,0,5549,26408,26408,25659,19245
8562,1,11488,24933,21820,24933,25695
8563,0,13617,24392,24392,24626,24949
8564,67,8438,21897,24590,18761,23715
8565,2,5397,26249,26771,26911,26249
8566,12,11151,23327,25877,25237,25452
8567,1,1946,27128,27598,27128,27350
8568,2,7229,23424,23685,27460,23424
8569,82,767,21435,21434,27587,16072
8570,0,11465,18532,18532,16288,16794
8571,49,12663,24803,21860,24678,25485
8572,0,337,16147,16147,19114,25578
8573,0,7780,21567,21567,17582,21569
8574,0,8054,17085,17085,15624,17620
8575,4,12606,16250,18935,19044,26476
8576,0,3059,17441,17441,25244,21328
8577,0,6039,26533,26533,26572,27337
8578,0,9179,15872,15872,15878,17002
8579,60,12423,27245,22775,15321,19714
8580,14,1362,20663,19519,20401,19793
8581,2,9750,18929,20444,15121,18929
8582,0,4655,16913,16913,19289,22823
8583,4,709,18442,16653,16874,16503
8584,1,11022,27151,27639,27151,27404
8585,0,8726,16381,16381,18394,19272
8586,6,2056,24318,25764,27542,27541
8587,0,8889,23367,23367,27564,23505
8588,0,4546,21956,21956,24386,21812
8589,3,8832,26181,21856,24397,26487
8590,0,4442,20400,20400,17051,14961
8591,129,14503,16715,19200,15684,18488
8592,9,10025,23983,25674,24878,19206
8593,0,11855,22515,22515,19865,19054
8594,0,12932,19521,19521,20772,20777
8595,0,8029,21428,21428,15571,20016
8596,681,13959,14951,15024,17824,27475
8597,193,12556,25136,25430,25877,25237
8598,0,14260,24233,24233,19186,19888
8599,0,1716,17126,17126,17556,22411
8600,4,7643,16050,16469,15920,16959
8601,0,7321,23819,23819,23977,23821
8602,0,5958,25373,25373,18342,22992
8603,0,5645,17166,17166,16306,16770
8604,0,6434,17508,17508,18472,17990
8605,0,1964,22928,22928,24745,27277
8606,0,10559,17935,17935,15460,19245
8607,15,5896,20526,19156,19067,19446
8608,1,1684,18219,24922,18219,24376
8609,9,2350,22083,25397,22966,23686
8610,0,9230,21584,21584,22437,17627
8611,0,2619,23158,23158,19737,24614
8612,0,7907,20958,20958,18457,18394
8613,0,9660,18426,18426,16519,19388
8614,0,5093,17185,17185,23249,25230
8615,0,257,18859,18859,15789,17473
8616,0,11175,21219,21219,25962,20137
8617,19,10838,19419,19187,19231,20790
8618,1427,3374,17557,16048,18330,25531
8619,0,1742,20777,20777,20775,20774
8620,73,10271,25779,19571,19583,16300
8621,1,2762,26137,27361,26137,24540
8622,16,13128,21727,15695,19229,19719
8623,0,1587,15936,15936,17317,17311
8624,0,7580,16840,16840,15745,17901
8625,0,6684,27722,27722,26812,25081
8626,0,4189,24869,24869,20240,24520
8627,4,8109,27272,27415,27416,27568
8628,0,7299,16864,16864,16733,21718
8629,90,645,27728,24552,27745,27747
8630,2,1781,26638,26642,26639,26638
8631,0,3991,16993,16993,18587,16583
8632,4,7581,17337,21659,22243,17008
8633,5,5718,22008,22477,15639,18554
8634,42,12312,24802,19421,19122,20394
8635,24,2808,21581,21582,18229,16577
8636,0,8393,20080,20080,20606,16472
8637,385,162,21625,19179,22267,20445
8638,0,9399,19794,19794,17091,17300
8639,0,8279,21426,21426,24699,23230
8640,0,8328,26041,26041,26046,26042
8641,9,6865,19205,17767,17701,17428
8642,0,13880,19962,19962,15492,18956
8643,0,938,20562,20562,19956,19854
8644,0,10944,20635,20635,20638,16967
8645,0,5726,16261,16261,18367,18044
8646,8,698,27485,27118,25901,26400
8647,622,8045,15274,15391,17673,26244
8648,1,6551,23903,21879,23903,25611
8649,12,11310,27559,27309,26999,27535
8650,1,7749,26752,25529,26752,21832
8651,0,8026,22244,22244,23590,17656
8652,1,7491,16894,15106,16894,16517
8653,1,13519,18242,21686,18242,16607
8654,23,701,18840,20227,19696,18988
8655,0,3180,21594,21594,21960,21963
8656,29,6623,23395,23491,26473,24299
8657,5,3773,24502,17742,24360,19329
8658,11,10520,19206,18987,22688,25732
8659,2,334,15354,15352,15480,15354
8660,0,13641,22320,22320,24627,15524
8661,54,13202,23713,22652,23297,17899
8662,0,14633,17135,17135,17133,19310
8663,144,10296,26982,26288,26737,24077
8664,1,6581,15526,19782,15526,15600
8665,1,8499,15499,16508,15499,15498
8666,0,2517,15681,15681,21886,16068
8667,3,3402,27299,27297,27296,27302
8668,182,14086,26796,25036,26409,24043
8669,0,688,22297,22297,22616,22330
8670,0,10954,16887,16887,16898,16885
8671,0,10394,23738,23738,23818,25071
8672,0,2964,23403,23403,22205,24718
8673,0,4083,19612,19612,23801,18721
8674,0,12854,19838,19838,24624,20906
8675,23,2733,26863,27558,27054,27117
8676,34,7706,23975,15591,15590,16298
8677,5,8908,16153,17018,26359,22811
8678,55,13972,19141,26620,17124,25911
8679,0,13518,17415,17415,14954,20831
8680,741,12473,16616,18887,19685,25880
8681,31,6007,27512,27343,26317,26665
8682,0,13936,18890,18890,21185,16882
8683,21,7884,17834,16873,16747,16311
8684,1,12414,18933,16303,18933,19481
8685,18,8755,19772,16908,21308,17714
8686,6,6248,19054,22515,21973,23691
8687,10,9419,25391,18898,22871,19803
8688,117,999,14973,15030,24074,19004
8689,1,413,23133,26988,23133,27043
8690,3,4859,24714,27685,27336,25632
8691,0,4929,15633,15633,18077,19264
8692,776,2085,15731,19783,19782,16555
8693,47,3345,25799,23120,27535,26991
8694,0,5794,26290,26290,27205,23390
8695,0,11881,18894,18894,19140,21924
8696,0,10407,18775,18775,23468,18332
8697,56,11614,26660,24796,24928,25758
8698,2934,3912,22138,25897,21566,23956
8699,2,3200,16814,15996,16816,16814
8700,0,9069,24373,24373,24401,22690
8701,0,13416,23159,23159,18546,17561
8702,54,9814,20981,23788,18815,26469
8703,6,1314,15237,18887,15256,25880
8704,100,9694,23561,25707,26820,23846
8705,0,502,22259,22259,19515,19584
8706,0,8391,19548,19548,24570,15971
8707,0,10048,21832,21832,27538,27392
8708,6,13937,20679,19520,20677,20551
8709,0,4186,17730,17730,20670,20666
8710,0,14768,18685,18685,19965,20315
8711,0,5346,16683,16683,16322,16320
8712,0,2629,22313,22313,25782,26348
8713,48,8706,23899,19598,19333,15030
8714,5,7309,25796,23248,24385,24386
8715,0,9743,19618,19618,19637,19068
8716,281,7517,25432,18016,24052,23067
8717,0,6311,16335,16335,15566,15570
8718,1,10334,18261,24654,18261,22091
8719,1,13668,19946,27088,19946,19930
8720,7,14179,18536,26397,15194,17873
8721,0,9583,23688,23688,23689,20880
8722,234,8268,22891,20571,19567,26118
8723,21,10116,20481,25485,25168,23334
8724,5,2530,17535,16336,16269,16989
8725,0,2541,19900,19900,16142,18570
8726,0,1408,27547,27547,18769,27605
8727,0,5674,19161,19161,22800,19160
8728,0,12441,16964,16964,16643,15386
8729,0,2555,17385,17385,17386,15826
8730,13,3658,22976,17292,23452,19329
8731,6,13932,22285,20581,22300,23374
8732,0,10210,24423,24423,22759,23734
8733,0,7062,25837,25837,25838,26647
8734,0,981,15750,15750,17650,19063
8735,1,6102,22622,27455,22622,20219
8736,0,2287,22703,22703,22698,22541
8737,5,7054,24234,17667,25856,27378
8738,2,11399,15155,16746,15158,15155
8739,1,11674,25917,26620,25917,26796
8740,0,9913,26046,26046,26045,26040
8741,2,8839,18579,17783,17858,18579
8742,235,11367,25180,23673,25708,26906
8743,0,723,24716,24716,24152,26951
8744,149,10443,22916,16648,16520,16999
8745,0,11541,16725,16725,16002,15613
8746,3,64,22474,18815,20941,23788
8747,2,3897,16462,16479,19492,16462
8748,0,155,18556,18556,24936,15637
8749,2,10340,22091,22092,21527,22091
8750,0,1042,24585,24585,24580,23853
8751,6,3517,23514,23509,16864,21718
8752,0,11679,18208,18208,18624,15937
8753,32,3737,16528,19115,16090,26359
8754,0,4459,20394,20394,20395,17480
8755,0,4704,15493,15493,17262,15956
8756,18,7904,23891,22268,26936,24669
8757,0,5567,22604,22604,23996,18760
8758,0,10263,18784,18784,16304,16571
8759,88,14895,22656,22167,17346,20404
8760,0,9702,16531,16531,15501,17887
8761,0,9369,24470,24470,27508,21563
8762,0,14192,20015,20015,16045,16718
8763,54,14842,22969,23568,19910,25089
8764,26,13269,25561,15461,21608,17340
8765,0,4801,23096,23096,23791,21116
8766,0,6167,15992,15992,15997,16000
8767,3,11220,27380,25217,25572,27334
8768,3,6589,15149,15901,15653,15641
8769,25,12370,25525,25237,25359,24698
8770,0,5779,17996,17996,17995,18778
8771,181,10622,15625,23752,15024,19018
8772,0,971,16242,16242,16838,17898
8773,2,1352,26071,26210,26222,26071
8774,2,5682,15179,22242,15916,15179
8775,0,516,25167,25167,19905,23804
8776,1,12462,25140,25402,25140,26459
8777,0,7539,19874,19874,26764,19825
8778,0,1976,18380,18380,17549,19545
8779,0,5965,24102,24102,18090,20172
8780,2,13815,16349,17332,21243,16349
8781,1,602,24326,26190,24326,26742
8782,1,10481,16374,16373,16374,15012
8783,0,6998,16205,16205,21670,20858
8784,538,14777,19588,26709,25863,27731
8785,3,7139,27178,15388,16858,23607
8786,22,12144,25959,25998,23651,25174
8787,0,13541,24418,24418,22541,21739
8788,7,4835,25535,25541,24827,25543
8789,0,13777,17633,17633,17632,22594
8790,0,8483,22056,22056,21783,16386
8791,0,4973,19204,19204,18299,18369
8792,0,7931,19750,19750,20352,23160
8793,0,12501,20280,20280,15269,15270
8794,0,1012,27108,27108,22535,20421
8795,0,12781,26838,26838,23713,26840
8796,2,7483,24775,24767,24773,24775
8797,0,10405,23793,23793,18185,22158
8798,1,8454,18882,19609,18882,16514
8799,2,4307,20266,20226,20345,20266
8800,26,12123,27066,23275,25690,15664
8801,0,7691,16444,16444,16442,16441
8802,0,7938,18662,18662,22733,15763
8803,2,7069,22571,27549,23958,22571
8804,12,4053,18228,22563,17719,16540
8805,0,1643,20961,20961,22506,16169
8806,3,2059,20465,21661,15350,15996
8807,68,11028,24049,26620,16595,19843
8808,4,10335,21259,21207,21789,17135
8809,3,10190,27090,25041,18851,26742
8810,551,7124,26345,23262,26487,24779
8811,56,2776,24983,22660,25900,26348
8812,472,4866,25191,25758,23575,25953
8813,0,4839,19733,19733,25893,18676
8814,5,4007,26064,19817,19821,24587
8815,0,11156,24717,24717,27259,25237
8816,0,6943,17958,17958,22454,16005
8817,0,4832,23673,23673,26906,19142
8818,0,409,19088,19088,15202,19479
8819,1,6834,18360,19710,18360,16844
8820,2,1995,19481,20520,15978,19481
8821,0,9889,15056,15056,24390,22531
8822,0,12992,24913,24913,15449,15450
8823,0,12383,19307,19307,22234,22515
8824,0,12361,20151,20151,24524,18729
8825,15,97,22153,24738,21922,25657
8826,0,5405,15699,15699,16693,18171
8827,0,9781,19718,19718,15460,21608
8828,0,12236,19328,19328,19076,21293
8829,0,8253,26013,26013,23801,21017
8830,2,12612,16356,16357,15069,16356
8831,0,6750,21564,21564,21423,17795
8832,0,2909,21199,21199,20848,21197
8833,0,13297,17530,17530,17529,23644
8834,0,674,16441,16441,16443,18726
8835,4,14511,22680,23611,15826,24390
8836,911,6080,25716,18792,18656,27231
8837,32,7182,24411,19320,20160,15460
8838,0,6459,15749,15749,20632,19296
8839,0,2907,15104,15104,16257,15402
8840,15,5315,23763,19527,21959,25167
8841,0,10853,15462,15462,18743,23605
8842,0,10548,19960,19960,20568,19311
8843,36,4536,23350,22445,25277,18413
8844,0,12204,17011,17011,22926,21659
8845,1244,220,25507,18351,18277,15521
8846,0,6046,26165,26165,26735,26395
8847,0,2217,16918,16918,23715,19621
8848,17,2426,18499,22277,22276,27430
8849,0,12124,18110,18110,19877,23365
8850,1,12048,25412,23076,25412,25635
8851,0,11840,19150,19150,21976,21842
8852,1,11210,27225,25250,27225,20423
8853,0,5370,23207,23207,22189,22078
8854,0,2405,18167,18167,22926,17011
8855,0,8857,25655,25655,25652,27336
8856,0,12557,24630,24630,21222,23093
8857,0,12250,26647,26647,26604,25831
8858,0,9003,17971,17971,17232,22681
8859,11,12588,26669,25679,26670,25099
8860,1,7888,19469,19482,19469,20723
8861,9,7026,17473,15472,16559,15474
8862,0,298,19769,19769,19718,20906
8863,6,836,26804,26274,15977,21040
8864,15,6964,25186,24500,26743,25662
8865,2,3323,21668,24480,24697,21668
8866,0,883,18207,18207,20739,16061
8867,3,7809,22075,21790,19501,19278
8868,0,5959,27448,27448,21918,25102
8869,0,8587,27131,27131,27645,24181
8870,1,2054,20464,15350,20464,15996
8871,0,11720,27211,27211,15847,18351
8872,1,5974,26236,23271,26236,26868
8873,0,5447,25629,25629,24316,22145
8874,350,13771,15451,17331,15627,23712
8875,0,7161,24135,24135,26358,27375
8876,11,8308,25865,24412,18504,20946
8877,0,13376,18266,18266,17284,22060
8878,0,14623,15110,15110,15111,19669
8879,658,13236,19219,18037,16787,27274
8880,0,8017,21974,21974,24577,27705
8881,0,8826,23537,23537,22506,16169
8882,0,89,15366,15366,16668,15265
8883,0,3216,15971,15971,22517,17440
8884,1,3856,25242,27106,25242,19736
8885,0,7786,26965,26965,24877,22535
8886,0,9540,15553,15553,24644,21782
8887,0,13536,20552,20552,20021,20553
8888,272,1807,27523,25734,26314,26086
8889,3,11535,22995,18255,23492,20100
8890,1,7915,22152,21922,22152,26502
8891,115,2834,26624,25920,21440,24505
8892,0,13557,17853,17853,18267,18232
8893,0,11821,24026,24026,24571,18945
8894,0,10812,19918,19918,27374,18964
8895,1,3346,22014,17882,22014,21648
8896,2,472,15159,16857,15986,15159
8897,14,4127,21948,21372,22527,23397
8898,3,12273,23254,17667,25856,22879
8899,12,2640,14956,17451,16463,16633
8900,1,8114,22539,25004,22539,24417
8901,0,5337,22962,22962,18181,26103
8902,80,9686,19701,24589,20263,19112
8903,2,7804,16439,15825,16438,16439
8904,5357,13132,19493,15019,15121,26148
8905,1,3514,23445,22307,23445,22312
8906,1,4274,22378,19347,22378,15877
8907,3,640,23626,24773,24776,24769
8908,0,10118,17464,17464,15005,17625
8909,1,8686,22450,20305,22450,20304
8910,0,14678,18273,18273,20475,18212
8911,76,3393,24249,23949,23945,23946
8912,0,4329,25038,25038,24580,23090
8913,109,855,27422,26333,23229,25662
8914,0,5475,24965,24965,24466,16848
8915,1,1764,19861,25896,19861,22922
8916,1,433,17194,17286,17194,21857
8917,0,1496,25035,25035,23646,23647
8918,351,9855,24590,24919,23513,23299
8919,2,8947,21307,21309,17713,21307
8920,0,11165,16323,16323,16322,15489
8921,1093,6062,22023,24052,16471,21217
8922,0,12093,18290,18290,20174,19207
8923,0,4106,19603,19603,19926,19213
8924,0,2419,16785,16785,18305,22882
8925,179,13274,27201,22624,22627,19337
8926,11,753,16668,18498,20361,18300
8927,0,5440,23977,23977,26604,23821
8928,0,13296,18629,18629,19227,22754
8929,3,3917,27192,24779,27032,22862
8930,1,1058,26061,24854,26061,23313
8931,0,13747,25218,25218,27601,18141
8932,0,6186,16622,16622,18297,18533
8933,1,12858,26992,27018,26992,19046
8934,18,14441,23615,25431,27650,20441
8935,2,13592,18820,17890,16960,18820
8936,0,3272,22418,22418,27429,21326
8937,128,4569,23966,19329,18498,20361
8938,1,13281,17379,20534,17379,17354
8939,25,8269,20003,20009,25214,24331
8940,0,13843,25170,25170,20379,19893
8941,1,7438,26726,27046,26726,17481
8942,1,12311,25760,23590,25760,23441
8943,688,174,25339,26728,26934,19815
8944,214,11837,24801,24796,25359,25237
8945,3,1978,25195,22974,22546,26850
8946,0,6123,16488,16488,22136,17168
8947,1,4508,19147,17687,19147,19145
8948,1,2842,27327,26999,27327,25108
8949,0,5907,18254,18254,25721,15453
8950,0,2898,27465,27465,26332,25971
8951,0,4829,18570,18570,18388,15473
8952,499,4004,25755,24693,27692,26067
8953,0,5105,16238,16238,16160,16235
8954,0,1761,24574,24574,27124,25717
8955,1,4667,18998,15523,18998,18997
8956,0,13776,21412,21412,21291,17002
8957,1,8916,22637,18816,22637,19952
8958,0,1321,24721,24721,26206,25818
8959,10,12389,14962,18351,14963,15521
8960,0,6054,24699,24699,22159,18190
8961,0,9506,16013,16013,16019,22834
8962,5,8714,27014,26184,26794,26706
8963,52,5587,22800,15872,15526,16060
8964,1,2150,27190,23958,27190,25901
8965,72,13636,15907,15888,15923,15763
8966,0,7961,20181,20181,20188,20214
8967,0,12261,17724,17724,15027,16906
8968,0,4722,27598,27598,25900,23229
8969,0,2445,16606,16606,17932,16610
8970,0,12457,23239,23239,18727,25413
8971,0,8792,20273,20273,20345,14958
8972,32,565,23413,15996,17773,15354
8973,1,8376,21490,19737,21490,16395
8974,0,5968,18115,18115,16075,18748
8975,12,14634,15092,27289,27288,25859
8976,613,1598,16265,21661,15996,22936
8977,0,12907,15928,15928,17264,15926
8978,12,5401,26143,19716,19686,19689
8979,229,4847,23127,23758,18220,23932
8980,50,223,15131,16787,15030,18037
8981,0,668,23393,23393,21083,26987
8982,0,8349,21780,21780,22461,17264
8983,0,8905,19173,19173,18367,15808
8984,0,9017,17283,17283,16703,16613
8985,1,7207,20702,19066,20702,19062
8986,6,13415,23499,19285,27698,18595
8987,4,11008,18041,23018,22667,24378
8988,0,7192,17047,17047,19602,20251
8989,2,11514,27025,23640,25611,27025
8990,717,14764,25668,25716,22769,25431
8991,46,12598,23381,21019,20456,17687
8992,0,4632,17303,17303,17104,15219
8993,4,3824,16325,16825,15348,16824
8994,0,8695,18281,18281,24802,23552
8995,7,2602,20724,20086,20085,20088
8996,1034,11334,20470,21661,19433,15996
8997,0,6866,17659,17659,17997,23092
8998,12,5469,27121,27535,27051,27328
8999,0,12103,22273,22273,22274,24744
9000,5,5061,15364,15129,16047,20361
9001,0,7506,24456,24456,20969,23176
9002,0,2693,17398,17398,16233,15810
9003,94,9010,25977,22275,23593,19201
9004,6,4949,16227,15103,15402,19027
9005,522,9044,27430,27300,27302,27297
9006,2,2579,18449,18200,22754,18449
9007,415,7114,18247,20328,17720,19289
9008,0,7858,21717,21717,23103,24564
9009,2,7225,19969,20072,20063,19969
9010,1,14559,24977,23592,24977,17060
9011,0,12433,22024,22024,24242,21290
9012,0,7941,17976,17976,22506,16169
9013,0,2575,22902,22902,22905,22901
9014,16,1605,18304,18755,18985,21897
9015,174,3447,17541,19688,15327,15325
9016,2453,2297,27479,27646,27669,26153
9017,0,14052,26915,26915,25950,26391
9018,0,9370,24081,24081,18511,17656
9019,16,7130,19466,19492,15018,17595
9020,1,13300,19981,19170,19981,21975
9021,4,11665,26791,15141,25499,16475
9022,0,8476,16799,16799,15515,19413
9023,41,6002,18309,24498,17893,19654
9024,0,3275,25235,25235,23679,26527
9025,0,1642,27270,27270,27328,27535
9026,2,6930,17323,24820,22552,17323
9027,2,4570,22778,23536,23370,22778
9028,107,9739,27744,27747,27749,24552
9029,100,4734,27510,14985,16847,18129
9030,0,4182,22048,22048,17859,17187
9031,503,12989,20125,27285,16637,16376
9032,0,12027,15074,15074,21748,17675
9033,0,3416,19168,19168,21536,18748
9034,0,1822,16504,16504,16145,15474
9035,0,4825,18724,18724,19038,22766
9036,0,5923,22492,22492,22491,18918
9037,1,11020,15617,22953,15617,16344
9038,0,138,15443,15443,27727,16633
9039,0,6197,18342,18342,21423,18717
9040,14,1802,17484,17485,18037,19004
9041,0,2346,24266,24266,18677,18184
9042,0,13199,18153,18153,18152,24863
9043,2,13649,20632,20643,20623,20632
9044,150,8630,24141,27772,27740,27731
9045,0,3686,24608,24608,24610,24607
9046,0,11430,25178,25178,22735,26938
9047,4,2590,17059,23408,22972,24208
9048,0,10742,27102,27102,17963,18020
9049,1,4480,24917,26684,24917,25085
9050,1,8412,26573,27202,26573,24009
9051,86,10907,17375,22343,17325,15391
9052,0,5053,24511,24511,22146,21017
9053,0,9912,21893,21893,16932,17866
9054,21,12829,25173,25575,25683,22038
9055,575,12506,23890,17060,17740,24977
9056,0,5668,25594,25594,22976,23022
9057,0,11636,25427,25427,26429,23091
9058,0,7460,21634,21634,27160,24340
9059,28,6900,20968,20269,22515,24215
9060,1,6259,16998,20606,16998,21623
9061,0,7996,16515,16515,18364,18525
9062,0,9118,18576,18576,17862,22276
9063,8,1896,18931,18419,16100,15786
9064,1,3858,27341,20544,27341,24501
9065,0,13137,26857,26857,18068,17621
9066,0,14741,15788,15788,18166,27388
9067,23,2306,21958,21148,23932,17059
9068,0,7238,19652,19652,20434,24094
9069,177,9011,23969,16847,27727,16846
9070,2143,14544,18170,19902,16812,19018
9071,3,13033,22497,19570,21132,23607
9072,0,2997,24342,24342,24341,25072
9073,0,11830,17706,17706,20344,17388
9074,7,14297,27264,25727,26475,26623
9075,0,2420,21095,21095,18850,26742
9076,0,9684,26063,26063,24587,19817
9077,5,13159,24468,23130,24210,27572
9078,5,7461,18594,15656,15657,23263
9079,0,5292,18679,18679,22470,20936
9080,0,11734,20088,20088,20733,20086
9081,19,10109,27243,27029,27235,27253
9082,9,13406,18515,22487,21233,23593
9083,0,6556,26775,26775,22503,15820
9084,1086,6913,21295,16769,16768,27717
9085,0,1295,22823,22823,27188,19289
9086,1,3730,22312,22309,22312,19179
9087,0,8015,15996,15996,18125,21661
9088,150,2452,24555,22990,25259,24365
9089,0,1824,22592,22592,18190,21478
9090,12,14171,18624,19594,15779,17670
9091,0,5145,21458,21458,25981,27099
9092,311,11110,16754,17844,21977,17073
9093,2162,6747,15456,24762,27737,27790
9094,0,6847,21467,21467,20949,22677
9095,4,65,27197,16847,27320,27736
9096,1,4430,25299,27356,25299,15798
9097,1,5659,15407,15411,15407,15403
9098,14,8952,25758,25191,24680,26176
9099,0,5538,26897,26897,20880,21435
9100,0,1087,20044,20044,18051,22235
9101,0,7616,27477,27477,25267,26989
9102,335,6854,20256,17157,20906,16732
9103,3,5819,25046,24145,25076,25044
9104,0,252,27126,27126,26278,26575
9105,20,9184,18953,21737,18702,18866
9106,0,9164,21129,21129,25720,23787
9107,37,10102,20484,19784,15023,19147
9108,1,1243,27004,26002,27004,25981
9109,0,132,20409,20409,20220,24878
9110,113,7274,20999,19010,23023,26602
9111,33,5385,27475,15848,15399,15130
9112,0,4545,15747,15747,17547,15751
9113,0,1897,24787,24787,18721,25016
9114,0,11413,21873,21873,21874,20297
9115,2,14310,20223,18900,27366,20223
9116,30,6933,16072,26990,27283,27020
9117,0,10915,23646,23646,21544,18344
9118,0,4594,22997,22997,15871,23559
9119,15,1867,24552,26200,26201,26176
9120,7,13602,19098,16648,26143,19824
9121,6,864,17792,23063,26472,25578
9122,4,7427,20231,19678,26006,20246
9123,4,9433,21751,25688,20112,25453
9124,0,6106,26075,26075,26077,27323
9125,3,3173,27010,26429,23091,26772
9126,0,7816,18283,18283,16360,18220
9127,0,4455,27710,27710,22543,16897
9128,0,9572,23095,23095,21126,24488
9129,0,1756,21241,21241,17316,16745
9130,3,12022,17762,17908,21888,22232
9131,0,7670,17082,17082,18498,23061
9132,0,4679,25304,25304,19554,27033
9133,0,1201,25050,25050,24890,21914
9134,0,14292,19516,19516,20633,21173
9135,7,1508,15130,18037,15030,19004
9136,678,14776,27122,26948,27209,21942
9137,0,6794,25501,25501,23909,24446
9138,0,908,19812,19812,18635,19811
9139,155,9577,25303,24225,23768,23722
9140,74,617,17248,15428,15046,16423
9141,28,14701,25089,25516,16806,23717
9142,1,13698,24389,24711,24389,23863
9143,5,8734,23204,20910,25477,24011
9144,305,12928,23734,19684,21097,20608
9145,0,1527,21636,21636,26246,25052
9146,0,9400,16893,16893,22216,21731
9147,20,12545,20910,24551,23590,23768
9148,0,11498,22473,22473,25378,23801
9149,14,8445,27657,25348,27669,27670
9150,0,2261,18587,18587,16583,16993
9151,0,14139,21840,21840,23354,19217
9152,3,7974,21903,22772,23767,17742
9153,18,2024,17807,21576,17812,18228
9154,0,635,15171,15171,15127,15779
9155,10,6608,17949,17951,15877,22378
9156,5,5513,23356,17010,18964,18846
9157,0,6392,18793,18793,22983,18161
9158,346,14122,22652,23810,15024,25863
9159,15,6895,20575,22030,25785,24641
9160,32,11057,25627,23651,26391,26019
9161,6,11050,19994,20009,24747,24331
9162,0,270,24901,24901,24493,24163
9163,0,4922,22876,22876,21351,26758
9164,1,7245,22389,22390,22389,24843
9165,2,4245,17801,15703,21661,17801
9166,451,8877,25115,24796,24717,21860
9167,3,10096,26395,20716,18504,20124
9168,25,8250,18511,24476,23887,17656
9169,28,1388,15577,22635,27773,27788
9170,0,8859,16109,16109,17263,16111
9171,0,9348,26544,26544,24500,23401
9172,1,6817,19171,24440,19171,27204
9173,0,9031,22661,22661,23983,23341
9174,0,9078,23475,23475,18243,27564
9175,0,6879,22390,22390,21222,23197
9176,1,4936,22366,21593,22366,22651
9177,0,9222,21797,21797,21751,21359
9178,2,2995,21176,20389,20397,21176
9179,0,5343,15410,15410,15408,16313
9180,0,12646,18939,18939,18940,25891
9181,5,12345,26874,16523,20095,27245
9182,0,656,27756,27756,18314,27728
9183,0,11390,22970,22970,21708,21095
9184,46,10419,23472,21558,21374,22143
9185,28,9051,23300,17126,25594,22976
9186,0,4497,20605,20605,20604,17317
9187,9,4437,19303,22500,20041,24403
9188,16,12310,22224,21675,18050,27373
9189,150,6138,24308,15735,18359,25819
9190,13,2836,21843,19008,21379,25824
9191,0,6767,21399,21399,15161,21398
9192,1,8690,24575,23097,24575,25826
9193,0,2561,16303,16303,18933,19483
9194,0,9705,25564,25564,24152,27491
9195,1,9658,26121,24718,26121,26654
9196,0,4665,27046,27046,26726,25776
9197,0,6540,19845,19845,21391,20685
9198,56,8094,22797,16235,16238,26113
9199,777,3521,15185,15030,18037,15433
9200,0,5692,20731,20731,19699,18504
9201,0,12054,16313,16313,15105,15103
9202,0,10665,24924,24924,23914,21879
9203,2695,10679,27323,21227,23673,21520
9204,0,10945,17655,17655,24943,23605
9205,30,1545,21793,16916,15120,21013
9206,0,2566,26922,26922,19806,22763
9207,0,885,19361,19361,25094,27546
9208,0,2235,27608,27608,27524,21429
9209,0,6411,24736,24736,16615,18569
9210,34,13501,17709,15139,16555,15526
9211,11,12344,23079,24468,17656,22897
9212,0,2439,19796,19796,22396,18527
9213,0,2545,26834,26834,26763,24622
9214,57,11675,17463,16194,15427,16196
9215,1,2180,23494,24332,23494,23397
9216,3,2222,22388,25180,22389,24112
9217,1071,4151,27399,25001,27615,27035
9218,0,10153,18011,18011,17172,17171
9219,0,3142,24731,24731,25163,22209
9220,0,1492,17227,17227,15384,15029
9221,1,9431,24034,17437,24034,25262
9222,251,3979,24519,22986,22706,20981
9223,1,14372,16022,22135,16022,22672
9224,0,920,15518,15518,15519,21290
9225,66,8140,17711,19049,19051,23067
9226,0,10286,23103,23103,24564,22780
9227,7,3019,21830,25085,25088,22469
9228,4,1040,23946,23941,23949,23945
9229,3,2114,17595,15147,18292,15253
9230,8,7692,18566,22716,18632,25593
9231,1,903,20419,19605,20419,24426
9232,0,595,21006,21006,16386,21843
9233,20,6628,27194,26666,26586,26822
9234,1,7076,27738,27785,27738,21964
9235,0,10448,18670,18670,16489,20076
9236,26,3127,26548,24109,22500,24201
9237,122,5381,23113,21148,18886,24498
9238,1,5388,23352,25896,23352,21948
9239,0,269,17405,17405,22506,18568
9240,6,2167,24505,21574,24314,24196
9241,0,9008,17334,17334,18690,16182
9242,2,4740,19207,21308,21304,19207
9243,0,9439,17320,17320,19771,19309
9244,0,12026,23620,23620,24334,24043
9245,0,3694,21148,21148,23932,22882
9246,0,184,20311,20311,24583,16536
9247,0,1101,24609,24609,22110,20941
9248,2,7864,16432,15984,16433,16432
9249,0,12101,17349,17349,23513,23859
9250,5,11025,16264,19173,18367,16832
9251,69,11483,26183,23248,26552,23642
9252,94,14787,21505,18136,25987,16155
9253,15,1597,17643,21661,25568,15703
9254,34,9773,25578,19115,17017,16087
9255,4,2271,17640,17077,27514,15248
9256,24,7111,19665,26142,26453,25285
9257,0,4554,24788,24788,23110,19253
9258,0,3705,18343,18343,19254,19252
9259,0,8641,19682,19682,17069,17067
9260,4,3425,18289,17713,21309,19768
9261,0,9416,19584,19584,19585,22034
9262,469,4530,18014,19347,16563,15230
9263,67,13446,20630,20645,20637,19481
9264,1,11299,24301,27192,24301,24500
9265,0,5845,20126,20126,19978,18892
9266,15,2342,25349,25344,19602,19647
9267,379,6136,27445,26108,27598,27686
9268,7,6833,18229,16996,20445,21700
9269,0,309,22720,22720,27047,26991
9270,4,4206,22878,24201,24109,22500
9271,9,8592,27520,25961,26898,24132
9272,2,13687,17612,17607,16347,17612
9273,1,4634,18404,18405,18404,20358
9274,9,6029,19967,15854,17145,15856
9275,0,10265,23979,23979,23408,18335
9276,0,7847,17742,17742,25477,24834
9277,1,14821,18643,22744,18643,23660
9278,1,13600,16760,18015,16760,15512
9279,0,7578,24048,24048,25322,26611
9280,0,6192,22517,22517,24709,19272
9281,1,5690,26192,26502,26192,26158
9282,0,4736,15591,15591,16045,15493
9283,435,14922,27708,15285,15773,20453
9284,1,5325,24856,22150,24856,23769
9285,9,6957,16733,24052,21718,16870
9286,10,13928,23700,21734,25078,25809
9287,0,11943,19275,19275,17961,19463
9288,3,12908,24914,25525,26246,26248
9289,0,4592,21638,21638,25167,21637
9290,0,6292,17973,17973,22790,24878
9291,0,4771,18202,18202,23199,18191
9292,12,13336,24237,17163,15742,24236
9293,0,2343,21606,21606,21607,18963
9294,2,3074,26380,22037,18631,26380
9295,0,11950,23231,23231,15794,17074
9296,0,6404,24324,24324,25671,25382
9297,0,2687,19592,19592,16130,16232
9298,1,5561,18656,16452,18656,15848
9299,0,5728,22478,22478,27666,24312
9300,0,9691,26631,26631,27331,22862
9301,0,13750,18060,18060,22531,22492
9302,0,11927,22848,22848,24630,21343
9303,0,6360,20807,20807,16419,15861
9304,2,12349,24011,24023,23204,24011
9305,0,13516,17295,17295,18213,20395
9306,44,7608,25808,24796,24717,21860
9307,5,14381,23457,16593,23043,19599
9308,0,5005,20883,20883,20609,22564
9309,2,12743,26589,16465,17451,26589
9310,0,11977,20022,20022,16612,17601
9311,0,11258,24633,24633,15297,16408
9312,2,6721,21978,15571,22195,21978
9313,7,5254,22769,27144,17562,20049
9314,16,6327,25222,25704,25294,25609
9315,3,10161,24744,24731,25163,17407
9316,0,8763,26786,26786,23752,25726
9317,2,927,20772,20770,20777,20772
9318,0,5676,18146,18146,22867,17039
9319,0,6198,20057,20057,18736,20977
9320,6,1326,21949,23730,24125,23182
9321,3,7745,25012,25614,24181,18178
9322,1,8944,27124,26290,27124,27205
9323,0,14318,19033,19033,19034,22471
9324,0,9393,17768,17768,16655,19753
9325,0,9097,18448,18448,21141,16363
9326,6,7654,24580,27572,16897,23758
9327,0,4032,25210,25210,22688,21751
9328,0,293,23481,23481,19278,21720
9329,0,986,15386,15386,14999,16644
9330,0,1639,22406,22406,22049,24908
9331,0,6931,16909,16909,17323,22979
9332,1,10425,17172,18011,17172,17171
9333,0,7055,26289,26289,20092,16254
9334,67,10856,24477,16169,23537,22506
9335,24,12166,18063,25468,16065,16288
9336,0,7650,16506,16506,23771,22177
9337,0,2368,19250,19250,20332,22753
9338,746,10114,16648,17624,17723,15045
9339,4,2843,15423,17952,15442,16276
9340,0,12947,23301,23301,26982,15639
9341,478,2483,26590,19347,22379,15877
9342,0,8698,15003,15003,21098,14998
9343,1412,2770,23169,19846,18976,15903
9344,0,13850,21275,21275,17833,23000
9345,7,7188,24768,24772,24773,24776
9346,0,6373,16540,16540,24031,17719
9347,0,5386,16065,16065,26113,15033
9348,0,5295,15177,15177,16961,17736
9349,0,13542,21108,21108,21266,21643
9350,2,14704,24786,22590,24116,24786
9351,0,8169,19164,19164,15926,20873
9352,0,10903,20848,20848,21198,14961
9353,0,13980,26891,26891,24928,24796
9354,45,3199,21598,21661,25568,17801
9355,61,14684,23614,23671,19005,20986
9356,0,7063,23399,23399,27702,25948
9357,0,12815,18626,18626,18528,18536
9358,0,13971,23387,23387,25213,22873
9359,2,12117,23336,23339,19879,23336
9360,11,2863,19785,21239,19147,17687
9361,1,12644,17954,17957,17954,19508
9362,261,9895,27045,27659,27457,27670
9363,1741,10873,18337,25581,20004,24279
9364,0,13311,23526,23526,22602,21592
9365,3,6527,24095,26551,27557,27673
9366,0,8014,20855,20855,20400,14961
9367,8,834,27504,27686,25662,27537
9368,0,9157,27527,27527,26511,27118
9369,5,10715,24354,24352,25025,16398
9370,2,8150,20747,20745,20755,20747
9371,7,96,15241,15095,27182,17952
9372,474,10545,25803,15817,22683,16403
9373,2,120,27271,27426,14985,27271
9374,0,2142,20669,20669,18781,20659
9375,13,8125,14976,16265,16509,17564
9376,0,1400,25196,25196,19369,27527
9377,12,8985,18508,27679,23562,16977
9378,90,281,23248,25059,20466,24630
9379,1,8954,25820,21439,25820,27393
9380,0,5617,16042,16042,16537,19637
9381,3711,14830,19071,15385,20223,18658
9382,0,6873,22235,22235,23369,24215
9383,0,8504,15141,15141,15140,16415
9384,433,9981,25015,20728,20208,24630
9385,1,2214,17413,16996,17413,19179
9386,0,13130,16635,16635,16185,19196
9387,36,1223,25134,27527,24938,16168
9388,1,5905,26913,26914,26913,23070
9389,6,3640,21788,26613,26642,26639
9390,2,13859,17925,17920,17918,17925
9391,0,5781,18454,18454,21117,19444
9392,0,13781,15042,15042,15041,15043
9393,0,45,19658,19658,24133,22854
9394,3,7370,25956,25430,24928,23815
9395,199,7101,18212,15397,17887,15027
9396,0,7468,26813,26813,25662,19665
9397,0,1323,16962,16962,15916,18279
9398,10,10503,24864,25233,25256,25359
9399,0,8385,21813,21813,25230,15497
9400,1,2786,24896,22096,24896,25486
9401,2,13082,22573,20973,22659,22573
9402,0,4201,15956,15956,19396,15493
9403,0,12155,24857,24857,22152,24093
9404,0,4358,15920,15920,16959,16469
9405,30,1237,18043,16503,16791,16874
9406,1,1670,19042,20316,19042,26470
9407,4,10435,22758,18470,22050,20247
9408,1,8133,21167,21166,21167,18030
9409,4,3033,20162,22717,22714,24197
9410,179,9513,26267,22204,25522,26138
9411,0,11481,16777,16777,16065,15517
9412,1,8648,24108,24476,24108,22873
9413,0,11046,23551,23551,23990,23758
9414,2,9173,15544,20361,16360,15544
9415,207,14849,18402,26097,20548,19332
9416,0,2987,23581,23581,16095,20355
9417,40,9670,16292,22731,19892,25265
9418,134,2611,21570,21961,22248,25354
9419,17,6715,26757,23077,23651,25998
9420,0,5966,22856,22856,22867,23138
9421,0,6949,18019,18019,15420,14999
9422,0,9446,25166,25166,21634,25909
9423,0,921,20941,20941,17912,24663
9424,7,421,27537,26881,27415,27595
9425,0,2775,22160,22160,22506,19176
9426,25,6277,26664,26586,25927,25925
9427,18,488,23331,22119,17795,23136
9428,2,10706,24174,24698,25359,24174
9429,1,4970,22489,22572,22489,15639
9430,0,8702,26725,26725,25186,20115
9431,2,966,19831,22922,20134,19831
9432,1,3663,14991,14999,14991,18354
9433,0,742,25638,25638,27227,18116
9434,0,8922,16727,16727,15993,16319
9435,0,13854,21977,21977,17844,15188
9436,0,6041,17021,17021,16394,17442
9437,0,7831,23618,23618,27055,23616
9438,0,1422,25441,25441,25143,22959
9439,1,7178,26539,25746,26539,27618
9440,2,4851,23031,20609,22127,23031
9441,3,2374,24932,21048,22710,21704
9442,12,6534,18277,16201,25880,18887
9443,15,10470,23582,18887,25880,19685
9444,3,13527,26942,17077,17251,26413
9445,0,3434,17440,17440,21886,23085
9446,0,2469,15560,15560,16303,15519
9447,0,8615,15895,15895,19072,20843
9448,0,8291,23370,23370,24422,19850
9449,3,12720,23251,21954,18760,23854
9450,1,10864,24554,22550,24554,24369
9451,4,1371,24232,23579,22515,19349
9452,6,10883,24168,26286,16451,19457
9453,0,2001,21225,21225,20206,20079
9454,0,6087,18079,18079,18961,17718
9455,0,11607,22587,22587,20067,22052
9456,0,7003,25117,25117,26910,26505
9457,2,9754,26400,25749,20124,26400
9458,859,7508,27132,23393,21083,16076
9459,0,11468,16074,16074,23707,23976
9460,15,11553,23318,24073,15680,23217
9461,0,3117,24923,24923,22402,24374
9462,3,3778,22798,16898,18386,17809
9463,0,4525,18738,18738,18676,25598
9464,26,9557,26163,26132,25412,26131
9465,0,6398,19881,19881,18748,17889
9466,0,11716,23089,23089,27699,23593
9467,1,2720,26451,22406,26451,22049
9468,1,4857,17760,18866,17760,21780
9469,6,12245,18331,22530,18193,23898
9470,0,9376,21998,21998,27544,15303
9471,11,2299,21765,18398,16133,21762
9472,8,4890,18221,22512,23092,23930
9473,25,8856,26068,25998,25310,25315
9474,0,7098,22700,22700,20479,27631
9475,0,5661,21722,21722,19778,18807
9476,6,13192,17765,17604,17427,23692
9477,2,10414,27481,27687,19997,27481
9478,4,14727,19196,23107,17436,17435
9479,17,7857,23847,23229,27535,25489
9480,583,9420,17149,25033,14951,15130
9481,2,6400,24375,22340,22690,24375
9482,1997,9082,16940,23737,19018,15123
9483,0,11289,18437,18437,22798,15101
9484,0,197,20366,20366,24378,21648
9485,1,14385,23852,24165,23852,25750
9486,1,5689,25743,26537,25743,27000
9487,0,8868,15827,15827,25986,18032
9488,3,11967,27261,19826,27262,25251
9489,179,8306,27230,20089,24324,26228
9490,21,11584,19121,18405,18404,19124
9491,22,1826,18227,18229,16540,18228
9492,0,3885,26577,26577,27051,24537
9493,26,4635,26152,22469,25088,25085
9494,3,5107,27633,22427,22435,15893
9495,3,9196,25712,22462,21841,23289
9496,0,1726,19322,19322,17151,18067
9497,3,13351,18513,24116,24794,18424
9498,53,4145,17422,22267,20043,21983
9499,1,13612,18357,17080,18357,20279
9500,0,6849,21244,21244,21242,15359
9501,0,2694,24042,24042,24922,18219
9502,58,14237,20947,15397,16647,18999
9503,132,14950,25213,23292,24222,16849
9504,2,9463,26807,26808,23642,26807
9505,0,9587,19342,19342,20648,19341
9506,1130,6315,25381,21429,24985,27608
9507,162,11980,23305,27698,24190,16768
9508,17,5762,20607,21097,20608,16997
9509,0,4003,16163,16163,18482,15046
9510,2,11000,22173,23547,26297,22173
9511,1,7340,25101,26155,25101,27522
9512,0,4681,24130,24130,21023,23885
9513,0,104,24816,24816,15559,24815
9514,4,8185,18694,20017,19179,23686
9515,0,8736,21137,21137,27078,27077
9516,0,11865,16657,16657,16174,17603
9517,0,11445,15842,15842,15070,18351
9518,0,2741,23554,23554,22494,21571
9519,0,14172,17139,17139,17138,17141
9520,1,14567,20543,19599,20543,23451
9521,0,2698,26884,26884,25940,27508
9522,0,11644,15432,15432,15430,17006
9523,0,10249,18961,18961,20016,17007
9524,0,10183,16582,16582,23774,20982
9525,0,9554,23649,23649,23431,25455
9526,625,5717,15069,23805,17127,27162
9527,0,5512,23191,23191,25243,16068
9528,0,321,21475,21475,27590,24151
9529,1224,14286,27752,19809,16739,16457
9530,0,4214,21228,21228,25323,24787
9531,0,10466,21296,21296,19067,17002
9532,0,10727,22082,22082,18032,22687
9533,70,9736,23132,15263,16884,15109
9534,1,10418,27296,27302,27296,27299
9535,5,2376,23675,23205,21148,24401
9536,0,1996,18143,18143,24077,16943
9537,16,13842,27127,25950,26915,18626
9538,2,12640,19690,25719,25615,19690
9539,2,3122,21358,27474,26530,21358
9540,586,6744,18804,26637,16584,25468
9541,1,2620,25739,25741,25739,26235
9542,0,2436,16438,16438,15825,15818
9543,8,14444,19901,15543,15250,23843
9544,2,11011,19172,27671,27669,19172
9545,1,11794,18861,21357,18861,24423
9546,3,3973,26890,21904,25772,19717
9547,1,3602,16945,16733,16945,18682
9548,43,5546,17249,15108,17095,15527
9549,0,6135,18433,18433,20178,18113
9550,0,10685,18533,18533,19695,23932
9551,0,1533,25794,25794,26651,26331
9552,0,12638,18452,18452,17687,21239
9553,7,794,15114,26877,23380,27715
9554,1,14583,22458,16506,22458,17465
9555,0,12734,17444,17444,15897,23217
9556,98,13720,19404,17728,23844,24899
9557,850,9401,24337,18842,27036,16339
9558,0,906,24504,24504,19278,18718
9559,5,839,22535,21004,26542,27590
9560,19,13108,16523,20175,22695,16587
9561,0,8980,27362,27362,25767,27009
9562,10,9207,25793,26088,26414,24658
9563,5,5656,24696,27280,27281,26302
9564,0,10216,24610,24610,22469,24605
9565,2,1104,16212,16977,15674,16212
9566,2,9609,17848,19817,19821,17848
9567,0,211,15352,15352,15354,15371
9568,0,6318,26008,26008,21634,25868
9569,0,9602,20606,20606,16472,15584
9570,0,4836,26899,26899,24118,23801
9571,0,13241,26754,26754,25760,24476
9572,2,2300,20701,20692,19063,20701
9573,618,1370,25679,21713,26810,24385
9574,27,963,18842,23686,22958,25397
9575,0,8077,15753,15753,15728,19074
9576,0,496,16852,16852,15384,16450
9577,0,7615,22999,22999,17313,21272
9578,0,13457,25895,25895,23443,22557
9579,0,11944,24506,24506,21075,19658
9580,0,5835,15192,15192,15193,25311
9581,21,544,27737,27781,27752,17630
9582,21,6735,19191,19407,19410,19374
9583,0,13085,21520,21520,23341,22683
9584,0,9095,21236,21236,17039,19737
9585,0,6207,22442,22442,16674,17626
9586,0,7059,26850,26850,21647,21600
9587,0,6734,25337,25337,17205,25862
9588,1,11315,21128,17007,21128,19490
9589,0,3530,21880,21880,23870,17965
9590,0,4290,18100,18100,18099,18101
9591,0,6666,26815,26815,19872,18103
9592,1,1505,18968,16093,18968,18967
9593,108,1294,17226,18037,19324,15433
9594,5,1646,21910,23136,22119,23650
9595,33,7025,18220,18287,22972,18893
9596,0,12892,17055,17055,18223,16111
9597,2,9940,26450,27337,25868,26450
9598,0,7731,16232,16232,16230,16130
9599,62,7767,26739,14971,15685,23582
9600,0,7271,22771,22771,18918,23325
9601,0,12909,25753,25753,24411,19843
9602,334,4034,27488,26173,25723,27056
9603,12,946,24861,20731,18504,18703
9604,35,5221,25353,20731,26289,20141
9605,318,3210,25227,25035,16408,18861
9606,0,4117,18949,18949,15587,15304
9607,0,6624,26257,26257,27041,18305
9608,0,13140,20750,20750,24667,21507
9609,0,10211,18996,18996,19465,20733
9610,0,2129,24191,24191,23762,15886
9611,0,7722,25428,25428,25427,21758
9612,8,6576,23988,22339,24598,27670
9613,0,8796,24399,24399,23785,20886
9614,0,12867,20909,20909,25645,21909
9615,0,4312,27244,27244,25368,23561
9616,3,7679,23788,18815,18840,26469
9617,0,1993,15216,15216,15217,15209
9618,1032,5628,18792,15112,20261,17142
9619,86,9133,23085,22469,25696,25088
9620,0,3673,22051,22051,24819,18472
9621,3,7695,15669,19057,18885,16921
9622,2,306,15606,15483,22824,15606
9623,2655,13084,25689,17513,24875,19285
9624,1008,13701,24737,25657,17409,19045
9625,0,9443,16017,16017,20641,20359
9626,622,4876,17115,18456,15669,17455
9627,0,1855,20551,20551,20671,20670
9628,0,12763,22787,22787,15630,23108
9629,1,987,25654,24908,25654,15175
9630,159,10361,24169,24094,25456,20284
9631,16,11824,18530,23880,23604,20887
9632,128,7600,15282,19215,15686,22190
9633,28,5271,23277,25488,20530,24181
9634,6,8638,17679,16792,23844,18904
9635,9,8643,19262,21564,19251,21025
9636,0,2743,25776,25776,26245,24204
9637,257,9153,23123,24928,26891,24796
9638,22,12315,25894,25918,27025,25241
9639,2,8040,20564,20466,16392,20564
9640,0,5172,22688,22688,18748,23158
9641,203,10639,25522,26138,24723,26417
9642,1,10931,26535,16999,26535,27582
9643,98,1451,25208,20112,25408,21614
9644,0,5189,23146,23146,17288,21606
9645,0,4920,18982,18982,25793,18228
9646,6,13424,17696,24940,24635,19571
9647,4,14073,17678,16038,22934,19959
9648,11,2656,17328,15081,18655,16857
9649,325,332,25976,18037,16179,25457
9650,0,10781,19897,19897,23888,25509
9651,1,12229,22508,20598,22508,17240
9652,0,3300,16525,16525,21558,20953
9653,1,14606,24853,21183,24853,21188
9654,0,5250,16618,16618,21851,22277
9655,0,6024,19016,19016,20265,22154
9656,4,7291,21984,21569,25100,23996
9657,5,4495,23380,19896,17405,17143
9658,2,9043,23119,22343,15391,23119
9659,1984,7138,25367,18792,25550,20175
9660,1085,13183,17325,17630,24963,18129
9661,16,13093,16416,18131,16194,23040
9662,1,8883,16067,15073,16067,16203
9663,1,5423,24346,24347,24346,16398
9664,1,6649,20226,17415,20226,20345
9665,0,11347,22682,22682,23182,22230
9666,176,6779,17578,21557,23737,23067
9667,0,13652,17306,17306,20615,19345
9668,24,7066,23722,24375,23759,24498
9669,0,11886,24205,24205,26072,22913
9670,18,6572,26925,25083,25510,26087
9671,2,12653,16824,18124,15951,16824
9672,0,4503,15200,15200,16787,18037
9673,1,6662,27158,23091,27158,22438
9674,145,13792,22327,27617,23169,26786
9675,0,3541,19656,19656,19246,17403
9676,3,12034,21794,22965,19170,22544
9677,0,7261,20246,20246,26006,20253
9678,3,11213,20454,21637,22704,22015
9679,6,6577,24027,27130,24521,27555
9680,22,1155,23189,23061,23534,23569
9681,0,3176,24352,24352,24353,24354
9682,0,12642,26871,26871,20251,19503
9683,0,9436,15565,15565,15570,18493
9684,0,5748,18323,18323,18321,15679
9685,0,11969,24643,24643,27047,22720
9686,0,196,22298,22298,22340,15471
9687,0,13233,19958,19958,18483,22529
9688,10,3938,16958,22634,22718,22635
9689,1,6947,16398,23762,16398,15886
9690,5,5202,23368,25485,25814,24620
9691,6,9518,23223,18037,19333,16179
9692,0,4364,17767,17767,19753,16027
9693,3,11339,15057,18419,15786,15785
9694,8,5665,25296,15631,15634,24109
9695,22,14734,21986,15378,15379,16234
9696,2,5302,14968,15980,15411,14968
9697,1272,8171,27388,18411,16640,15325
9698,1,14021,23806,16183,23806,22577
9699,0,13346,15716,15716,16347,17612
9700,21,1358,15122,17781,16719,15873
9701,0,6692,16898,16898,18439,16887
9702,0,12135,22542,22542,22198,21897
9703,19,14781,22300,20223,19783,22729
9704,0,14041,18534,18534,16289,17450
9705,1,5137,27112,23647,27112,26164
9706,713,7061,22715,22717,24197,20868
9707,0,2298,21124,21124,26826,26990
9708,0,7921,22900,22900,27612,22906
9709,32,14413,24321,16223,17115,16750
9710,10,8956,20938,23918,22477,17780
9711,0,13318,18970,18970,21285,19035
9712,0,1016,20286,20286,20291,22082
9713,323,14949,22602,26340,16638,26394
9714,0,1361,19259,19259,21825,15637
9715,0,4322,20076,20076,18115,21388
9716,0,6005,16172,16172,20328,26608
9717,0,3741,16283,16283,23631,25258
9718,1,368,19241,21236,19241,17750
9719,0,5797,18727,18727,18003,20119
9720,0,8890,19605,19605,20211,22003
9721,1631,14149,18581,19085,27708,16099
9722,1,6862,23920,17593,23920,24635
9723,4,4873,18297,21274,21013,23722
9724,899,9204,21674,16812,24809,25432
9725,27,5783,18365,17859,17523,23063
9726,41,7264,25603,26891,25596,25758
9727,97,14296,26328,18479,21674,27067
9728,0,7367,23766,23766,19424,19737
9729,0,7392,18855,18855,19678,19663
9730,0,5260,22355,22355,22391,26596
9731,0,4250,20920,20920,21004,26489
9732,0,9623,21277,21277,21263,22570
9733,5,8487,21896,22806,25068,21748
9734,12,556,27344,23940,23946,23945
9735,10,1088,25915,26449,17232,26749
9736,485,12351,23495,22384,26727,19821
9737,0,10650,21257,21257,21391,19544
9738,14,2199,25984,24024,24937,24597
9739,0,4646,17052,17052,21806,17816
9740,0,1428,21454,21454,21225,23787
9741,4,13126,20643,20623,20642,20617
9742,0,5468,24831,24831,24690,27195
9743,33,8999,22485,26221,23686,18059
9744,0,4422,17510,17510,23299,24081
9745,0,6489,24593,24593,22853,20115
9746,0,5866,25445,25445,21985,16268
9747,0,2143,21991,21991,19656,21436
9748,0,10713,24310,24310,20873,19615
9749,0,2688,15809,15809,17444,16455
9750,5,11062,27647,23229,27598,27535
9751,0,4814,19629,19629,19631,19632
9752,2,9142,23160,23455,26020,23160
9753,2,10821,26976,24345,26975,26976
9754,0,187,17235,17235,15084,23173
9755,0,12563,26694,26694,26568,25908
9756,0,3933,23587,23587,19549,25549
9757,0,14724,16099,16099,19085,15595
9758,410,5210,25898,18101,26086,18099
9759,0,113,20530,20530,21974,27409
9760,0,14013,24307,24307,24308,21815
9761,2,1977,26496,26495,26493,26496
9762,4,1345,25416,22871,22069,24996
9763,0,11898,20955,20955,15187,24323
9764,2,13515,18524,18208,20915,18524
9765,260,6526,23987,27245,16732,22234
9766,3,13208,25237,24796,25359,21860
9767,1,12406,19856,15944,19856,26874
9768,112,14343,19799,16496,21007,24240
9769,0,9106,19982,19982,18111,23966
9770,1,6395,18186,18187,18186,17990
9771,16,2237,19097,19869,27459,25476
9772,0,13284,25076,25076,24924,23914
9773,0,11259,20230,20230,19677,19662
9774,0,454,16861,16861,18725,24569
9775,0,1567,26837,26837,26181,26789
9776,0,9465,26325,26325,27224,21475
9777,0,6193,18836,18836,18794,18838
9778,0,10143,21159,21159,20035,21157
9779,0,2877,23195,23195,23299,24649
9780,0,5299,23563,23563,23567,26948
9781,0,12927,26627,26627,21475,22535
9782,10,3548,25844,19733,19608,26523
9783,2,6487,26918,26368,25150,26918
9784,1,10610,25560,24549,25560,24365
9785,0,3661,18751,18751,16732,17264
9786,9,5522,22215,16736,16981,16847
9787,0,1135,23084,23084,24569,19337
9788,2,9502,17010,18846,22715,17010
9789,0,58,14955,14955,15249,15888
9790,5,6105,26076,26081,25624,27323
9791,0,9927,18445,18445,23348,17333
9792,0,3698,15118,15118,20771,15239
9793,150,12702,23293,25906,26094,25796
9794,0,4971,21290,21290,27143,24802
9795,22,1192,26793,26985,22146,24372
9796,7,14281,16647,17709,17678,15684
9797,3,1246,18565,18553,17894,18555
9798,3,847,16088,17018,16087,16076
9799,4,14336,23045,23463,15121,23194
9800,15,4706,23607,22541,21892,24251
9801,1,11286,20678,20683,20678,21391
9802,126,8991,22895,19642,24580,24585
9803,3,11953,18139,15022,17635,15753
9804,0,3634,21094,21094,21095,25653
9805,6,3423,18649,23597,22317,20406
9806,2,5306,16316,18260,15371,16316
9807,3,3735,22159,24488,23838,21126
9808,0,7425,18545,18545,17391,18529
9809,2,4966,20510,15870,19156,20510
9810,0,3130,23047,23047,26150,25014
9811,175,6231,26171,23370,22618,16452
9812,0,10264,24582,24582,24581,18839
9813,266,9763,25697,18061,24966,21457
9814,3,5387,19686,22331,19689,19679
9815,0,11096,20031,20031,17575,20040
9816,41,4063,23929,26194,26884,22646
9817,3,12404,19626,24996,18898,18494
9818,0,11356,17374,17374,19998,24331
9819,2,2697,23650,22119,17795,23650
9820,4,9220,17567,16832,16580,16514
9821,0,843,17952,17952,16276,15095
9822,3,11755,25750,24649,23441,23852
9823,0,8957,14997,14997,16040,22404
9824,0,7152,15902,15902,15903,19846
9825,125,11877,22794,18100,18101,18099
9826,0,2853,20058,20058,19843,18744
9827,0,6409,18722,18722,18771,16527
9828,72,13234,15318,16377,16712,16376
9829,0,3893,19523,19523,20614,20613
9830,1,5922,18000,25209,18000,27495
9831,124,4383,23820,25279,25280,26212
9832,0,3211,20921,20921,18727,19811
9833,0,13833,17060,17060,17554,17555
9834,1,5267,17045,17044,17045,15904
9835,27,9405,26749,21739,22435,24518
9836,9,2873,22043,24359,23195,24243
9837,50,11958,21732,20104,20543,25089
9838,1,6056,21582,17804,21582,18228
9839,15,13431,16788,26645,15600,16522
9840,0,13260,21149,21149,21676,21143
9841,2,967,18394,20208,19763,18394
9842,6131,11397,22654,27147,15443,23501
9843,0,3542,19423,19423,17430,19811
9844,0,14295,18653,18653,18654,19436
9845,31,6179,24119,26828,25228,14985
9846,0,8491,16873,16873,16221,16649
9847,7,12218,23976,22246,24949,25928
9848,0,1494,19344,19344,19341,19342
9849,0,9079,26309,26309,27039,26437
9850,0,10024,22514,22514,18665,23106
9851,2,684,25285,26142,21560,25285
9852,1,1125,17719,21606,17719,20236
9853,1426,2894,19268,16294,23686,23464
9854,0,10231,26052,26052,25913,25672
9855,0,4798,25722,25722,23873,15247
9856,30,8651,15764,18292,17637,16450
9857,7,8375,23687,16345,22029,15304
9858,0,4464,18781,18781,20669,20659
9859,0,1128,21049,21049,22811,19115
9860,0,311,19753,19753,16613,17768
9861,1195,14218,22581,15975,21584,20434
9862,0,5156,18149,18149,19575,18153
9863,0,2791,23205,23205,24376,16936
9864,15,13151,27638,26921,25664,27313
9865,1,2814,25868,26646,25868,26745
9866,20,10601,20444,21841,17616,16007
9867,0,12437,22059,22059,22620,27553
9868,201,10204,17213,19004,25033,14951
9869,0,12966,27107,27107,25552,21921
9870,0,3499,20110,20110,19837,21608
9871,92,1653,25787,24955,24956,24953
9872,0,5663,22271,22271,26921,21039
9873,57,328,18280,24693,24140,15456
9874,0,1324,16671,16671,27679,15068
9875,65,14311,24117,19910,15662,19702
9876,10,14066,21184,15417,22728,15229
9877,2,6857,16883,18379,17676,16883
9878,0,11561,26686,26686,18907,19675
9879,2,2216,15540,15046,17096,15540
9880,2705,3901,23572,19846,18976,27727
9881,157,4002,26000,25758,26484,25485
9882,32,13635,22166,24802,20475,17222
9883,83,4052,24286,24796,24928,25359
9884,10,6121,27041,21148,18305,19982
9885,8,1932,22975,25409,24996,25416
9886,64,7911,27164,25773,22863,18156
9887,0,3896,24934,24934,22147,26834
9888,0,14043,20860,20860,21139,15201
9889,0,11150,18196,18196,22224,18198
9890,1,12309,24849,18384,24849,16731
9891,54,8213,16481,18135,18368,21294
9892,0,4532,18946,18946,21131,20730
9893,2,4157,23945,23937,23946,23945
9894,32,13498,20380,20383,19637,19314
9895,2,13185,18595,15656,15657,18595
9896,4,5760,25920,22839,21440,23142
9897,1,2574,14979,23540,14979,15281
9898,0,10086,21695,21695,22011,21930
9899,1,2527,24560,18504,24560,20721
9900,0,9862,27202,27202,24009,26573
9901,0,1475,19948,19948,22867,25708
9902,0,42,21902,21902,25896,26789
9903,0,384,17523,17523,16497,16142
9904,13,3353,23053,22972,22772,21064
9905,87,12827,16749,16555,19782,19783
9906,0,1843,18671,18671,19675,18670
9907,0,10031,22593,22593,23965,21714
9908,0,9852,17929,17929,17931,17928
9909,9,8400,18518,22038,16995,17854
9910,3,6214,27515,27354,27404,24968
9911,0,7052,17038,17038,17037,26751
9912,5,13313,19028,19483,19481,16303
9913,0,4881,20113,20113,20816,21258
9914,0,3283,25111,25111,25072,23214
9915,834,8915,22977,26749,26253,20282
9916,0,3702,17232,17232,21856,22623
9917,3,6512,20857,20850,20847,21198
9918,35,13583,23414,20258,18601,24589
9919,0,13677,19941,19941,19935,19943
9920,0,12887,19349,19349,22515,24232
9921,2,14300,18802,18128,16867,18802
9922,1,6068,18301,16667,18301,21176
9923,3,4827,17757,16469,16049,16050
9924,0,8810,20109,20109,19649,19245
9925,0,165,26392,26392,27243,27255
9926,0,3370,24658,24658,24824,21084
9927,0,7530,20307,20307,16550,20772
9928,0,13513,21999,21999,16825,24175
9929,0,4959,17133,17133,17135,17137
9930,0,14426,23657,23657,22750,18641
9931,0,1319,17804,17804,21582,18228
9932,167,10370,23544,21864,18799,25068
9933,0,3195,18554,18554,18566,18565
9934,0,11876,22330,22330,22294,22616
9935,1,11798,21403,18112,21403,20651
9936,0,1552,22723,22723,26701,19139
9937,0,1784,21621,21621,23229,27598
9938,100,10273,21868,25709,24150,21878
9939,1,1021,20584,22219,20584,22119
9940,247,3907,27322,26910,26059,25117
9941,0,2850,22979,22979,22551,21708
9942,0,8371,26150,26150,25340,25958
9943,2,7894,21380,20207,21799,21380
9944,121,2358,21701,25668,19324,20874
9945,1,7959,17940,21786,17940,21769
9946,0,12690,15036,15036,21940,18454
9947,0,9765,24562,24562,24182,26894
9948,2,2596,21696,21692,22910,21696
9949,16,20,25476,16254,25203,20889
9950,19,9842,24472,26934,26368,24724
9951,0,9323,21790,21790,19501,21720
9952,0,14586,27161,27161,25173,21359
9953,8,2117,26262,22506,17143,17405
9954,0,734,16846,16846,24049,24143
9955,0,6822,19148,19148,18987,25424
9956,1,210,16843,22556,16843,18527
9957,0,5116,22299,22299,23374,20283
9958,1,13533,17799,25217,17799,25853
9959,9,481,27623,27335,24643,23229
9960,0,2676,20452,20452,21754,16583
9961,0,10681,22526,22526,19176,20992
9962,0,7024,23229,23229,24562,26898
9963,0,102,18647,18647,21132,26749
9964,8,12121,15018,19466,27182,16276
9965,2,14272,19600,23288,20804,19600
9966,0,402,21410,21410,25117,26911
9967,86,13225,23613,22447,23519,25359
9968,9,4077,15372,15479,15703,18915
9969,1,10097,16640,17255,16640,17828
9970,718,11764,23037,26149,21714,24860
9971,0,2718,19554,19554,22938,16598
9972,0,8968,20845,20845,17051,19494
9973,0,3093,16089,16089,16076,21083
9974,0,13428,18500,18500,16180,19083
9975,3,5465,15363,16921,15909,21585
9976,0,9861,18962,18962,19315,26422
9977,1,11097,15134,15019,15134,19671
9978,0,4099,26454,26454,27592,27190
9979,134,14730,22177,19472,18040,21242
9980,1,7772,21374,22329,21374,21558
9981,1,5497,18286,17714,18286,21307
9982,7,5962,23382,20479,23383,20477
9983,0,6429,21376,21376,25923,19657
9984,2,9758,25143,22959,25579,25143
9985,0,7016,22309,22309,22312,22310
9986,11,12926,18758,17675,15074,20726
9987,1,4038,16770,17317,16770,17310
9988,0,2267,19338,19338,15058,17763
9989,0,14029,16830,16830,16721,16722
9990,31,164,27233,27241,27247,27258
9991,11,2854,26178,25487,24896,26871
9992,0,2379,15144,15144,19293,15336
9993,1,6078,15549,15989,15549,14975
9994,418,12780,17715,16568,17904,24963
9995,0,10577,15909,15909,15451,21590
9996,0,13594,16936,16936,24923,23268
9997,0,7853,25027,25027,23667,25026
9998,18,4724,15899,23217,17127,19388
9999,88,10133,25459,25359,25237,24717
10000,5,10165,16435,16438,16439,15825
10001,0,6283,21522,21522,19380,22809
10002,0,6086,27609,27609,21822,27530
10003,0,10757,15939,15939,17154,24400
10004,50,4607,19731,20924,21909,22190
10005,0,12936,21185,21185,18890,19969
10006,1,582,19144,21926,19144,19142
10007,0,10617,21191,21191,18974,21362
10008,0,1934,20450,20450,18645,16232
10009,23,4583,25430,17153,26198,26201
10010,0,5954,19031,19031,15419,15188
10011,5,6190,27457,27670,27646,27669
10012,0,11439,23724,23724,19911,25340
10013,95,8383,21671,15794,23100,27199
10014,310,5183,25300,24776,24773,24775
10015,0,14107,17453,17453,19981,15282
10016,1,163,19433,15996,19433,15482
10017,1,280,16262,16226,16262,16266
10018,6,7153,27683,26898,27350,27128
10019,0,9593,26602,26602,18372,22354
10020,0,5612,18627,18627,21668,15960
10021,0,3023,26542,26542,26069,26173
10022,1,4323,23696,22948,23696,26049
10023,0,1127,24125,24125,22101,17795
10024,10,7065,16048,27113,17762,16468
10025,436,5686,25379,23373,24699,19811
10026,0,5951,15813,15813,23318,15812
10027,0,12394,20451,20451,19174,20568
10028,38,14720,17818,27377,19853,24963
10029,1,3847,15448,24913,15448,15449
10030,0,4138,25442,25442,26743,23778
10031,2,2503,23200,23201,17898,23200
10032,0,12538,19681,19681,19680,16840
10033,0,11739,17932,17932,17933,23132
10034,7,14151,20835,19794,21746,15884
10035,797,943,19489,23956,23996,26295
10036,0,7919,20711,20711,20007,19311
10037,1,6,22950,24811,22950,27077
10038,0,4933,17159,17159,17295,18213
10039,2,475,26742,25088,25041,26742
10040,28,520,26336,25927,26237,26823
10041,77,11478,17147,16065,18882,16794
10042,2,12090,19573,19583,19580,19573
10043,0,13733,21406,21406,21683,21687
10044,0,12532,18010,18010,23354,19887
10045,0,2481,18033,18033,22683,23673
10046,8,5307,19108,25764,27542,26800
10047,0,8049,16960,16960,18820,20261
10048,0,2250,22080,22080,26889,15116
10049,0,6173,27140,27140,25252,22660
10050,2,14053,26430,22439,19638,26430
10051,9,2447,26532,23193,21834,22230
10052,1,11704,23040,16275,23040,15423
10053,0,14285,17029,17029,15570,15565
10054,0,326,20840,20840,20839,19624
10055,39,1975,22597,21844,17294,22366
10056,89,7163,27167,27131,27681,26147
10057,0,8598,16173,16173,20739,15834
10058,0,11906,24447,24447,23154,22550
10059,2,9703,20646,20629,20635,20646
10060,1,7738,27297,27302,27297,27300
10061,1,9543,25968,22758,25968,21121
10062,197,12333,15504,21669,23112,27143
10063,294,8511,20263,18199,21233,23593
10064,0,12122,18733,18733,16073,15208
10065,3,8818,22371,22370,17391,26286
10066,3,493,22435,23561,21739,24518
10067,4,13060,18458,25829,15091,17236
10068,0,10379,20992,20992,17579,22526
10069,0,14203,15244,15244,17464,17108
10070,1,3835,15215,15214,15215,15212
10071,10,4990,14966,20431,19686,15098
10072,0,13270,19011,19011,19988,22843
10073,0,4781,26060,26060,27101,23399
10074,1,1185,25816,25005,25816,27073
10075,0,1469,25884,25884,20267,27283
10076,6,5862,20124,17667,20222,27378
10077,5,13731,23881,17706,17530,23644
10078,0,4792,18906,18906,26289,15693
10079,161,12445,15543,17390,19902,22281
10080,1,9947,18494,25105,18494,19803
10081,0,118,15888,15888,15249,17063
10082,288,12412,26134,18439,16898,19694
10083,0,3226,18344,18344,18085,17430
10084,0,6864,24161,24161,24163,26512
10085,6,10176,24621,23864,23399,22922
10086,3,2341,22421,23917,18750,22995
10087,0,3648,19882,19882,22022,26637
10088,0,5159,25310,25310,24335,25311
10089,0,13778,22254,22254,17406,15541
10090,31,2783,23575,24796,26338,21860
10091,0,3904,20683,20683,20678,22570
10092,0,11795,26019,26019,24364,23651
10093,0,13782,16343,16343,17612,22028
10094,5,10505,27644,23655,26898,27080
10095,0,2896,16282,16282,22564,17882
10096,0,4176,25771,25771,25557,25204
10097,102,11912,19594,23568,20543,23805
10098,49,14223,19442,16201,24625,25880
10099,2,1384,25749,26002,18993,25749
10100,8,13613,20386,20342,17851,20783
10101,0,13870,21646,21646,20271,25770
10102,256,3774,16165,25091,23694,23499
10103,0,63,24368,24368,23162,20532
10104,1225,11314,23578,18422,18337,18329
10105,212,11269,16182,20469,23502,23217
10106,0,3800,18408,18408,15808,17527
10107,1192,14036,18895,21932,16526,17484
10108,0,13271,25496,25496,22341,18005
10109,0,4708,18096,18096,24820,22230
10110,0,3543,26495,26495,26493,26141
10111,419,13876,25623,17020,25456,20019
10112,0,9470,23144,23144,18287,16786
10113,0,10241,20852,20852,21810,20017
10114,5,9027,19101,21343,25008,19272
10115,10,9741,25423,25967,26368,24620
10116,1,2210,21770,20409,21770,18162
10117,3,13392,23058,19882,19838,20095
10118,0,4946,15120,15120,15129,15891
10119,0,8164,16924,16924,20792,17434
10120,25,6975,19169,16626,19300,16625
10121,2,13927,16722,16019,18205,16722
10122,0,14221,17387,17387,25314,17411
10123,24,5993,25598,27241,26523,27240
10124,0,3124,26847,26847,27559,26137
10125,0,7412,22253,22253,26255,23367
10126,3,7973,25936,25935,25933,25596
10127,132,3803,27376,27327,23661,27350
10128,0,13394,22227,22227,15779,20372
10129,0,12059,17263,17263,22060,16109
10130,0,11107,23170,23170,23168,22612
10131,4,10841,22616,22294,17561,22330
10132,181,12152,25809,27744,26817,17346
10133,0,7421,27350,27350,25901,27683
10134,242,2386,27662,25961,27139,27009
10135,2,11417,15133,15141,16851,15133
10136,0,4302,18825,18825,21784,24895
10137,2,12314,17161,17451,16466,17161
10138,3,5733,15537,15108,17406,15765
10139,0,9966,20368,20368,21773,16177
10140,0,4436,26059,26059,24770,24775
10141,0,11887,27104,27104,16474,16275
10142,0,9779,19755,19755,20313,16498
10143,20,12248,20085,15504,20723,20733
10144,3,2177,24811,27078,27077,24987
10145,74,11170,26360,21914,24822,25238
10146,0,11699,16705,16705,16809,16693
10147,1,13752,18321,18323,18321,18324
10148,0,13088,19053,19053,18213,17295
10149,8,871,26865,16977,20528,22040
10150,0,2911,20653,20653,17528,20654
10151,10,10088,26330,24723,25678,24930
10152,63,12591,22575,17362,18860,20209
10153,3,11585,23299,23991,24649,19642
10154,1,12931,16220,17700,16220,15998
10155,456,11702,27539,27250,23229,27598
10156,1,11410,17073,17391,17073,24323
10157,10,1132,27229,20304,20303,24838
10158,5,13375,25343,25557,25804,24322
10159,0,11266,25174,25174,23395,24060
10160,0,2796,22307,22307,23956,23445
10161,1,12288,16061,20743,16061,20753
10162,6,10457,16533,15406,15411,16266
10163,0,2812,15360,15360,16953,15219
10164,7,10712,21687,21401,21407,21405
10165,0,5234,20681,20681,20678,20680
10166,11,12258,19125,15073,15071,15397
10167,0,1129,16857,16857,15159,15986
10168,4,13875,21907,15492,17188,22020
10169,0,758,16306,16306,17166,15201
10170,53,3914,25683,25674,27229,26472
10171,20,5341,27033,20787,21430,22938
10172,0,8964,21053,21053,23786,25262
10173,303,9980,25362,24630,26751,17403
10174,463,51,26886,17640,17251,18277
10175,0,13465,25591,25591,17991,27033
10176,1,9893,27442,27273,27442,27597
10177,23,7029,21385,20696,15174,19913
10178,670,14523,24449,23132,19754,22539
10179,1,219,24219,20165,24219,18352
10180,0,9881,23950,23950,21655,21064
10181,1,6722,19001,19227,19001,19002
10182,22,11229,20765,20551,20766,19520
10183,0,2744,16660,16660,18536,16426
10184,75,11777,26361,25485,25758,25237
10185,12,4719,25848,21474,19766,21472
10186,38,2666,19999,20009,27083,25214
10187,8,13421,17084,17380,27143,17250
10188,0,4376,25614,25614,15634,27433
10189,15,1210,21308,21307,17714,18291
10190,55,14180,18222,16347,15326,15116
10191,0,10849,21876,21876,21871,25707
10192,0,1068,15087,15087,15747,16460
10193,0,9107,19675,19675,20252,18907
10194,1,2798,26689,26827,26689,23253
10195,0,12802,21920,21920,19918,27374
10196,0,4066,21693,21693,16005,16838
10197,119,1801,17293,15030,18218,25033
10198,0,8558,20131,20131,20132,24366
10199,7,10063,27560,26743,27326,27085
10200,0,251,14999,14999,15021,14991
10201,10,12805,15138,16584,15137,16198
10202,2,373,25286,18864,23992,25286
10203,0,8699,20500,20500,21098,15004
10204,30,8037,26615,19643,22724,27709
10205,5,12296,19927,15232,19914,19835
10206,5,11604,27386,25702,25679,25099
10207,0,14324,17620,17620,15027,19472
10208,0,2288,19381,19381,23210,19776
10209,1,7282,19063,20701,19063,20700
10210,0,4682,25088,25088,25041,26742
10211,0,9615,21451,21451,21490,26126
10212,29,9000,20324,20342,20325,20386
10213,0,9925,26459,26459,21636,25525
10214,1,5597,18966,18893,18966,18300
10215,0,8512,22558,22558,18761,23715
10216,3,12982,15048,17097,19200,18294
10217,0,6768,26226,26226,26404,23150
10218,0,5310,18926,18926,21013,20361
10219,0,8319,23974,23974,21462,26717
10220,0,14570,17957,17957,17956,17480
10221,2,4335,21911,24081,17656,21911
10222,0,3458,23039,23039,24148,25315
10223,0,11366,20348,20348,17767,17701
10224,3,13190,18056,15016,16551,17213
10225,25,11469,17219,27113,22237,22529
10226,1,4161,22949,17442,22949,24966
10227,20,3367,27759,26647,23828,23977
10228,60,7004,27786,27528,26961,26011
10229,7,1050,27599,26999,25434,27270
10230,6,1999,24937,16338,24597,25383
10231,1132,9477,24992,26386,17993,22101
10232,0,9163,16070,16070,23335,18110
10233,0,3089,17403,17403,17838,17475
10234,8,5125,14975,14974,15550,15184
10235,13,12759,21286,20711,16954,21282
10236,0,9228,25929,25929,25909,26603
10237,25,6299,25505,24723,24062,25199
10238,0,5505,24537,24537,24896,21333
10239,0,2148,19046,19046,23684,22522
10240,0,8557,22189,22189,17813,24475
10241,5,12544,19061,15535,20061,20943
10242,19,9874,19123,15073,19130,15072
10243,5663,5375,27203,17694,16452,16829
10244,0,3913,22405,22405,25350,26997
10245,1,2855,25541,25543,25541,25539
10246,3,7532,25273,22980,27306,22373
10247,0,10449,21553,21553,21848,26347
10248,3,9849,17732,15337,17490,26413
10249,6,5198,16669,16310,16713,15237
10250,0,13942,22791,22791,26556,19211
10251,0,6863,24162,24162,27682,16171
10252,0,11024,20754,20754,17491,17311
10253,0,2163,18231,18231,16996,22564
10254,0,14660,23020,23020,19285,17425
10255,0,13588,21499,21499,17621,18626
10256,0,2766,15969,15969,15025,22300
10257,2,9989,26095,24653,25505,26095
10258,19,3290,24415,23593,18199,22327
10259,0,2478,24644,24644,21332,25371
10260,0,13658,26842,26842,20569,25675
10261,0,583,15242,15242,15227,20007
10262,3,5636,21017,27560,24500,26579
10263,0,14410,18483,18483,19958,18481
10264,0,3571,19873,19873,17752,18107
10265,0,9648,22552,22552,27678,25243
10266,8,4026,22165,19571,18129,15466
10267,1,8198,25724,26463,25724,16457
10268,0,5098,23972,23972,24625,17900
10269,0,2522,18381,18381,21412,16954
10270,1,6426,21648,24378,21648,22546
10271,1,10467,16666,18995,16666,21014
10272,0,12571,19036,19036,18138,22370
10273,0,10844,20586,20586,25375,23086
10274,0,14735,23107,23107,17435,15814
10275,7,8312,27595,27598,23229,27051
10276,7,12084,21883,18969,21995,21339
