idx,rank,query_id,gt_id,ret1,ret2,ret3
0,0,23873,35757,35757,15155,35922
1,0,5899,16399,16399,16733,20676
2,72,9513,20013,16949,35787,38350
3,0,1572,12072,12072,19156,13727
4,0,21516,36955,36955,35634,16902
5,1,879,11379,13747,11379,38450
6,0,1578,12078,12078,34658,11569
7,1,6472,16972,20148,16972,17103
8,0,1509,12009,12009,13698,37465
9,0,1896,12396,12396,38375,14741
10,0,8963,19463,19463,10862,35046
11,10,4112,14612,15021,19315,14865
12,0,10140,20640,20640,11865,38057
13,0,1845,12345,12345,16655,11786
14,0,23606,37902,37902,18574,16052
15,0,9751,20251,20251,35768,17038
16,0,9282,19782,19782,38434,15811
17,0,7565,18065,18065,35072,19780
18,0,5194,15694,15694,18392,13787
19,0,5418,15918,15918,15574,35122
20,0,22192,37856,37856,18924,13340
21,0,23684,37093,37093,19755,17718
22,0,7413,17913,17913,20961,15005
23,0,25223,38075,38075,15147,11503
24,4,5405,15905,18397,15799,36853
25,1,8310,18810,19523,18810,18842
26,0,3614,14114,14114,16040,36748
27,0,2108,12608,12608,13486,35689
28,0,23827,36397,36397,10648,11051
29,0,8248,18748,18748,11504,11464
30,0,21613,38907,38907,19050,34723
31,0,21522,35336,35336,38458,11498
32,0,25273,38086,38086,13976,12331
33,0,7759,18259,18259,34497,10933
34,0,21818,36655,36655,19048,16342
35,0,5653,16153,16153,36700,36512
36,0,24625,37170,37170,15672,11159
37,0,8431,18931,18931,13411,14137
38,1,6827,17327,14978,17327,12606
39,0,23472,38704,38704,13928,13211
40,1,4325,14825,38874,14825,13556
41,0,3219,13719,13719,38255,15703
42,0,9642,20142,20142,20288,36295
43,0,6345,16845,16845,18339,14617
44,0,6884,17384,17384,14995,20619
45,0,1193,11693,11693,17711,12854
46,0,45,10545,10545,12811,35424
47,1,23420,37914,14068,37914,35270
48,0,976,11476,11476,38502,38810
49,0,21573,35850,35850,38764,37897
50,1,2963,13463,38905,13463,35590
51,0,1584,12084,12084,16539,16561
52,1,9459,19959,18864,19959,10766
53,0,4515,15015,15015,35650,16994
54,0,24553,36759,36759,16987,20434
55,0,23657,34998,34998,37155,11093
56,73,1975,12475,14814,13727,12901
57,0,3912,14412,14412,17741,18896
58,8,9811,20311,11780,37222,37367
59,18,6717,17217,37100,20982,11107
60,0,4411,14911,14911,16358,37217
61,0,21502,36823,36823,14201,36292
62,1,8994,19494,11374,19494,12583
63,0,21891,36615,36615,12746,38033
64,0,24419,34910,34910,37455,12333
65,0,23513,35635,35635,13658,16471
66,0,25156,35840,35840,20277,12128
67,0,2840,13340,13340,14873,35142
68,0,7908,18408,18408,20321,15825
69,0,8084,18584,18584,36229,38618
70,3,7976,18476,20496,14490,11363
71,47,6211,16711,17571,17626,13372
72,0,21424,36416,36416,35923,17928
73,4,24829,35883,38562,11364,16659
74,1,9620,20120,37399,20120,16771
75,0,23063,36410,36410,18056,20044
76,12,22908,34927,14048,15557,15519
77,0,7907,18407,18407,12206,34893
78,0,10132,20632,20632,12326,17272
79,47,37,10537,12700,37453,16578
80,262,576,11076,16526,10709,14906
81,0,4822,15322,15322,13341,16029
82,0,3988,14488,14488,35717,15429
83,0,713,11213,11213,38145,16176
84,0,22446,38369,38369,16998,12742
85,0,21793,38898,38898,36790,18977
86,0,8251,18751,18751,20335,14288
87,0,2335,12835,12835,18469,12409
88,0,4745,15245,15245,17027,20765
89,0,4420,14920,14920,13038,20318
90,4,24774,38144,13121,37841,38568
91,0,21887,38386,38386,38176,36065
92,0,881,11381,11381,34733,36071
93,0,567,11067,11067,14883,38226
94,0,24180,38204,38204,18417,18605
95,0,4983,15483,15483,15068,14278
96,0,2245,12745,12745,20212,12559
97,0,5270,15770,15770,11882,16306
98,0,4165,14665,14665,10866,38753
99,0,8156,18656,18656,13726,11947
100,0,7820,18320,18320,37476,17056
101,0,10071,20571,20571,17248,15697
102,0,8655,19155,19155,20662,34964
103,0,239,10739,10739,15585,37433
104,5,22149,36740,37765,17495,15772
105,1,6454,16954,20241,16954,14449
106,0,6662,17162,17162,16043,11787
107,0,1597,12097,12097,38749,11743
108,0,9664,20164,20164,19034,13876
109,0,23565,35482,35482,17160,34772
110,8,1901,12401,13249,20861,38609
111,0,1180,11680,11680,13490,12544
112,3,22487,37102,12607,37557,19906
113,0,22125,37164,37164,16956,18255
114,0,8573,19073,19073,11695,17354
115,0,3006,13506,13506,19404,12838
116,0,9453,19953,19953,17438,14376
117,0,2781,13281,13281,11668,11070
118,0,9558,20058,20058,19227,19654
119,2,6110,16610,13013,17351,16610
120,0,5733,16233,16233,11831,15647
121,22,9185,19685,16374,38283,19109
122,0,24833,36344,36344,36716,12514
123,0,8846,19346,19346,16841,13996
124,6,2829,13329,11026,35065,15612
125,0,21580,34695,34695,16392,12409
126,1,9350,19850,38706,19850,38287
127,1,5277,15777,18159,15777,37641
128,0,8254,18754,18754,17381,18005
129,0,4219,14719,14719,16632,35181
130,0,23082,35402,35402,16727,18718
131,0,24250,36807,36807,13863,14136
132,0,21951,37753,37753,13218,20277
133,0,5431,15931,15931,11047,13469
134,0,3413,13913,13913,13387,17282
135,0,25094,35665,35665,13716,35123
136,0,906,11406,11406,18409,37658
137,1,7760,18260,36807,18260,15764
138,2,3693,14193,18769,15905,14193
139,0,21499,37885,37885,15469,18829
140,0,3118,13618,13618,13781,19547
141,0,21702,36465,36465,16010,36444
142,0,22705,34525,34525,34600,36137
143,0,24736,37296,37296,18429,37483
144,10,8621,19121,13761,37541,13311
145,4,24760,35362,13863,18260,19135
146,0,7706,18206,18206,12109,36774
147,0,7017,17517,17517,20190,16198
148,0,9305,19805,19805,16086,36671
149,0,295,10795,10795,14886,13445
150,0,24494,37829,37829,36199,34676
151,0,1785,12285,12285,35294,19041
152,0,4382,14882,14882,12002,17037
153,0,6507,17007,17007,19780,37766
154,31,24798,34465,37754,35044,35544
155,21,1284,11784,37731,12746,37513
156,0,7784,18284,18284,10897,14270
157,0,24777,35159,35159,20141,34678
158,2,21681,36632,14072,16704,36632
159,46,4454,14954,15507,11852,19819
160,0,21148,38478,38478,18368,36069
161,0,549,11049,11049,13796,35132
162,2,5340,15840,18682,19947,15840
163,0,22706,36503,36503,37100,35856
164,0,3574,14074,14074,17331,11946
165,2,21459,36495,13196,13206,36495
166,0,4352,14852,14852,17854,20370
167,1,6831,17331,18856,17331,11946
168,9,2648,13148,16025,10897,11920
169,0,2586,13086,13086,11023,38956
170,0,5862,16362,16362,36599,34741
171,1,3160,13660,14714,13660,19982
172,2,7152,17652,15117,17251,17652
173,0,3182,13682,13682,17207,18223
174,2153,3480,13980,37332,12456,12413
175,0,2377,12877,12877,36876,20967
176,1,22387,35068,36620,35068,10690
177,3,22989,36013,12856,13050,15710
178,0,21983,38150,38150,15572,14909
179,0,8205,18705,18705,16717,20024
180,0,7698,18198,18198,20627,13671
181,1,10009,20509,12144,20509,16366
182,0,25473,36356,36356,16914,19328
183,0,5688,16188,16188,17965,13020
184,0,23091,38436,38436,16008,14793
185,0,22220,37556,37556,36530,14640
186,0,23639,35073,35073,19145,36843
187,0,8480,18980,18980,17987,19392
188,0,22548,37455,37455,34676,16649
189,1,8159,18659,38754,18659,37453
190,1,10117,20617,13544,20617,38304
191,0,8025,18525,18525,12741,38668
192,7,23505,36999,16929,13100,38633
193,0,21535,37775,37775,17760,15201
194,3,24225,36172,14349,15290,36072
195,61,1613,12113,11901,38502,11789
196,0,9997,20497,20497,10632,36037
197,10,8153,18653,36645,11390,17444
198,0,7936,18436,18436,15801,14753
199,0,8447,18947,18947,15529,18705
200,5,2015,12515,17330,13247,18672
201,0,9505,20005,20005,11293,15164
202,3,23750,38670,19787,37939,16356
203,0,7844,18344,18344,36537,11897
204,0,6442,16942,16942,14922,35126
205,0,2981,13481,13481,18781,20606
206,0,7606,18106,18106,11848,17920
207,0,21311,34757,34757,37044,18546
208,0,21240,37057,37057,36292,14201
209,0,243,10743,10743,13079,20732
210,0,5032,15532,15532,37065,34531
211,1,106,10606,38880,10606,37156
212,0,8709,19209,19209,37908,38274
213,0,6734,17234,17234,37426,38732
214,0,21277,37217,37217,15194,20032
215,5,22913,37718,11942,35592,18920
216,0,21115,37262,37262,11006,11573
217,2,9211,19711,37891,36703,19711
218,0,25121,36647,36647,36362,16650
219,0,9881,20381,20381,13674,36120
220,0,4605,15105,15105,20357,10989
221,0,8424,18924,18924,36636,15653
222,0,25173,35467,35467,10736,35809
223,0,5286,15786,15786,16719,18980
224,1,3960,14460,34925,14460,34589
225,0,3873,14373,14373,12544,12264
226,0,7854,18354,18354,15097,19690
227,0,23010,37564,37564,37092,18244
228,0,25493,36716,36716,36344,12514
229,5,8246,18746,15955,35868,18129
230,0,8852,19352,19352,38940,35617
231,0,22066,37562,37562,37392,17506
232,0,23006,35237,35237,35196,13146
233,0,7512,18012,18012,18492,13456
234,0,22299,37711,37711,16904,20005
235,0,29,10529,10529,19054,19281
236,10,2801,13301,38113,14310,14196
237,0,6875,17375,17375,20268,34929
238,0,8116,18616,18616,35534,37184
239,0,2922,13422,13422,20882,35992
240,7,4664,15164,13588,17351,18607
241,1,24927,36813,19603,36813,16373
242,0,8040,18540,18540,17906,15281
243,0,21862,38261,38261,10890,19670
244,0,1245,11745,11745,38443,38651
245,0,7136,17636,17636,10917,13417
246,0,4053,14553,14553,14834,36069
247,5,21497,36943,18295,37376,34572
248,0,4412,14912,14912,11394,15977
249,0,108,10608,10608,37991,38616
250,0,23808,35915,35915,37451,14315
251,3,6301,16801,35357,12315,20282
252,3,9276,19776,18705,15529,18947
253,0,25257,35192,35192,20579,20648
254,0,22556,34738,34738,35631,20565
255,0,21218,37513,37513,37034,37172
256,2,8673,19173,12541,19614,19173
257,1,4394,14894,16254,14894,38439
258,0,23716,36915,36915,20953,37344
259,0,24548,36656,36656,38278,16709
260,0,25232,35745,35745,16194,10865
261,3,10063,20563,38463,14565,12897
262,0,4348,14848,14848,35105,18776
263,0,23130,35178,35178,18023,17861
264,1,21872,38168,20485,38168,38106
265,0,7476,17976,17976,37375,12281
266,0,7254,17754,17754,18402,11935
267,0,7840,18340,18340,13285,16910
268,0,5001,15501,15501,20207,19415
269,0,5610,16110,16110,38052,16177
270,0,6367,16867,16867,35689,20155
271,0,973,11473,11473,38515,14390
272,0,4999,15499,15499,14404,38187
273,0,4299,14799,14799,10645,10946
274,15,5019,15519,16280,18665,15557
275,0,3653,14153,14153,36775,20166
276,393,24674,36186,11076,16747,16776
277,0,10242,20742,20742,37658,14812
278,0,3088,13588,13588,38955,17351
279,0,5456,15956,15956,15468,36504
280,0,5662,16162,16162,37240,16727
281,6,8701,19201,37160,16260,13758
282,0,5805,16305,16305,18221,35121
283,0,21079,38041,38041,11041,12751
284,0,10,10510,10510,38564,14966
285,0,2647,13147,13147,36671,13804
286,0,24240,35743,35743,12419,18070
287,1,1426,11926,15355,11926,12574
288,0,24551,36059,36059,12084,17998
289,0,3265,13765,13765,14775,19263
290,0,23105,35722,35722,12390,19808
291,23,21568,35900,15212,20012,37854
292,4,25477,36916,19295,36844,16453
293,0,24359,37197,37197,34761,20701
294,0,1215,11715,11715,38556,35797
295,4,24255,35700,38272,38154,17445
296,0,22632,37850,37850,20005,37000
297,2,24145,37545,19546,19136,37545
298,0,9490,19990,19990,13489,36223
299,64,6702,17202,16762,37827,16606
300,0,323,10823,10823,11936,37140
301,0,1344,11844,11844,37107,34706
302,0,4457,14957,14957,17779,12755
303,0,22361,35863,35863,36453,17533
304,0,909,11409,11409,10722,36773
305,31,10141,20641,12681,18892,18346
306,0,3399,13899,13899,13727,36051
307,0,496,10996,10996,16765,36621
308,41,9349,19849,19476,36275,13870
309,0,24511,36968,36968,38930,38615
310,0,10285,20785,20785,10534,14413
311,1,5312,15812,14257,15812,12969
312,0,24772,36764,36764,35854,20021
313,0,3470,13970,13970,16624,15541
314,0,21631,38015,38015,35061,37638
315,0,6848,17348,17348,15733,15834
316,3,4365,14865,16665,15642,37575
317,0,10356,20856,20856,19663,38436
318,0,1195,11695,11695,19073,35413
319,0,23979,36042,36042,13481,34842
320,0,1423,11923,11923,37266,18170
321,2,5477,15977,11394,35742,15977
322,0,256,10756,10756,36243,14566
323,0,22976,36593,36593,16854,16447
324,0,22129,37240,37240,16727,16162
325,0,288,10788,10788,38328,18203
326,0,8412,18912,18912,19532,38433
327,0,23392,38429,38429,37494,14461
328,0,8919,19419,19419,18596,16503
329,0,10089,20589,20589,35640,12310
330,0,21831,36904,36904,11415,38733
331,0,4484,14984,14984,19404,12196
332,0,22295,38251,38251,16376,38540
333,3,7515,18015,16800,36171,14664
334,0,7070,17570,17570,17718,18076
335,2,1232,11732,10779,38301,11732
336,0,9366,19866,19866,15934,35689
337,0,5553,16053,16053,20801,36681
338,0,2675,13175,13175,14310,38595
339,1,1112,11612,14661,11612,14772
340,0,4919,15419,15419,14680,13265
341,0,25448,36451,36451,19369,35844
342,0,267,10767,10767,35914,15510
343,0,24895,34699,34699,15476,12996
344,0,6497,16997,16997,36703,15807
345,0,5318,15818,15818,36417,14681
346,0,24663,36124,36124,20405,11423
347,0,7672,18172,18172,20855,13891
348,0,3048,13548,13548,14097,34989
349,3,6167,16667,15387,36954,11097
350,0,8117,18617,18617,12697,17541
351,7,1379,11879,14555,13960,37405
352,1,21668,35785,36829,35785,17114
353,3,24070,35480,18609,16568,19709
354,0,9606,20106,20106,36543,34833
355,0,4759,15259,15259,18323,17015
356,2,9574,20074,13958,11852,20074
357,0,5502,16002,16002,37098,10868
358,0,24504,37880,37880,14368,11369
359,0,3790,14290,14290,11227,12005
360,0,620,11120,11120,19174,17541
361,0,652,11152,11152,11139,35542
362,0,5723,16223,16223,36283,34996
363,3,21132,36734,19084,14996,14094
364,1,3473,13973,10986,13973,37342
365,0,21143,36296,36296,15489,13746
366,0,5028,15528,15528,16763,36458
367,0,6836,17336,17336,36790,36902
368,0,6271,16771,16771,37399,20120
369,0,24754,35710,35710,16220,35275
370,1,2516,13016,20071,13016,19766
371,0,21442,35979,35979,17417,17198
372,3,25099,35441,11401,20307,11387
373,0,7076,17576,17576,18127,11641
374,0,21912,37263,37263,17227,13174
375,8,8223,18723,16632,18387,36599
376,0,24141,34751,34751,16086,19442
377,4,24468,38529,36834,38259,13829
378,0,3603,14103,14103,13508,17497
379,0,22626,35703,35703,14345,36186
380,0,23339,38213,38213,37297,19536
381,0,5458,15958,15958,13146,36710
382,0,21304,35936,35936,15406,37658
383,0,1506,12006,12006,16540,17052
384,0,8336,18836,18836,18769,18701
385,0,24058,36956,36956,10847,15832
386,13,25468,38684,36503,11246,38383
387,8,21037,34886,13874,35876,16298
388,0,21913,36336,36336,19854,15722
389,0,22275,38118,38118,15675,12692
390,0,23770,38588,38588,38511,11129
391,0,4890,15390,15390,11122,12597
392,0,730,11230,11230,11594,17204
393,3,7021,17521,15727,20258,13685
394,0,22972,37451,37451,12173,11721
395,0,8470,18970,18970,20962,14700
396,0,8534,19034,19034,20164,11150
397,1,1745,12245,38746,12245,18897
398,5,3853,14353,10768,11404,12422
399,0,25451,36369,36369,36212,38391
400,0,23556,38597,38597,13426,17707
401,0,2709,13209,13209,15424,35448
402,0,9761,20261,20261,18170,11923
403,0,3388,13888,13888,38115,12026
404,0,24570,38647,38647,15477,12792
405,0,21939,36067,36067,35374,16585
406,0,21447,38680,38680,20843,36248
407,0,5640,16140,16140,16672,15973
408,0,8314,18814,18814,14777,12432
409,0,3126,13626,13626,37475,16561
410,0,1156,11656,11656,18707,17659
411,4,9825,20325,38746,12514,15811
412,0,32,10532,10532,13386,37472
413,0,10122,20622,20622,20765,12756
414,5,22417,35590,36603,34563,10758
415,0,1336,11836,11836,13787,14453
416,0,23882,37494,37494,14779,16641
417,0,21239,34759,34759,12160,16257
418,0,24659,36802,36802,13509,11301
419,0,8824,19324,19324,16384,17372
420,0,1610,12110,12110,12323,36659
421,0,939,11439,11439,10728,13858
422,0,5381,15881,15881,13953,35083
423,0,4023,14523,14523,14530,35507
424,10,6243,16743,15987,10641,35103
425,0,23723,37179,37179,14293,35524
426,0,21201,34992,34992,37747,16645
427,4,745,11245,35781,14595,11629
428,6,4083,14583,16683,18037,34736
429,3,9640,20140,16327,35640,35549
430,1,2877,13377,20582,13377,17727
431,0,4963,15463,15463,35228,13993
432,3,4701,15201,37775,14331,17760
433,0,1741,12241,12241,12193,19919
434,0,9271,19771,19771,20798,35839
435,0,2651,13151,13151,17640,12992
436,0,5665,16165,16165,36687,19786
437,0,3002,13502,13502,20366,20331
438,0,1821,12321,12321,15516,12406
439,0,24398,37343,37343,19799,38858
440,6,1330,11830,20741,38498,38232
441,0,21384,38843,38843,38924,18889
442,0,957,11457,11457,15712,35871
443,0,2110,12610,12610,38927,16878
444,0,5399,15899,15899,35792,14408
445,0,4691,15191,15191,18839,38946
446,0,1660,12160,12160,12045,38531
447,0,24626,37762,37762,10963,15162
448,10,5106,15606,35875,14650,36167
449,0,21577,37313,37313,11009,18304
450,0,655,11155,11155,17441,19897
451,0,22794,36004,36004,15736,20199
452,1,21665,38804,15181,38804,13240
453,4,23380,37945,18727,37090,15315
454,0,7974,18474,18474,16138,36489
455,3,8612,19112,15003,20939,17967
456,0,6883,17383,17383,13103,19518
457,4,2199,12699,14719,12756,35181
458,0,2960,13460,13460,16767,15051
459,0,4640,15140,15140,18581,13681
460,2,9164,19664,16597,17119,19664
461,0,23274,37000,37000,18710,20961
462,0,23960,35383,35383,38123,35382
463,0,5868,16368,16368,36880,15395
464,0,22363,35509,35509,13106,37894
465,0,1405,11905,11905,16654,16241
466,0,24443,34663,34663,12149,14718
467,6,2625,13125,10691,15562,18225
468,0,9132,19632,19632,11888,11733
469,0,5206,15706,15706,36948,17346
470,0,6084,16584,16584,36489,14336
471,0,4972,15472,15472,19525,14937
472,0,3148,13648,13648,18723,19647
473,0,8944,19444,19444,37225,16823
474,1,2873,13373,10771,13373,11451
475,0,3916,14416,14416,20561,37583
476,1,5267,15767,12417,15767,10964
477,2,6400,16900,35609,17465,16900
478,0,6561,17061,17061,11288,34558
479,0,8021,18521,18521,15466,19164
480,0,76,10576,10576,19033,11303
481,2,23813,35328,13743,34562,35328
482,0,9015,19515,19515,13779,35012
483,1,24869,37893,15991,37893,12052
484,0,4947,15447,15447,18109,19909
485,0,7822,18322,18322,36200,18913
486,1,2260,12760,18476,12760,18588
487,7,1775,12275,12163,13197,12793
488,0,5117,15617,15617,35072,18095
489,12,7248,17748,19794,12275,15901
490,0,93,10593,10593,36952,16454
491,9,23177,37235,17746,38809,20031
492,2,4007,14507,13308,37208,14507
493,0,7407,17907,17907,14250,11206
494,0,23350,34864,34864,11067,35047
495,0,6529,17029,17029,38706,38287
496,0,4810,15310,15310,14913,20985
497,0,3181,13681,13681,14613,20723
498,0,22034,38350,38350,16763,34941
499,0,1076,11576,11576,12176,37924
500,2,2338,12838,12697,19404,12838
501,0,5799,16299,16299,16148,15050
502,0,1885,12385,12385,35362,20904
503,0,5912,16412,16412,10665,36297
504,0,9875,20375,20375,35309,35115
505,0,4323,14823,14823,16548,16378
506,38,4949,15449,19646,12140,20093
507,0,5859,16359,16359,11634,11756
508,0,10000,20500,20500,20515,12542
509,7,6903,17403,17028,12584,38807
510,0,2759,13259,13259,36801,13895
511,1,25378,38894,19940,38894,19456
512,2,7885,18385,36417,15818,18385
513,6,4030,14530,36310,16743,38844
514,0,3352,13852,13852,12664,14902
515,0,1437,11937,11937,20593,10715
516,0,1233,11733,11733,17220,38915
517,0,8351,18851,18851,17703,36365
518,0,4281,14781,14781,37917,19510
519,0,5066,15566,15566,37680,12805
520,0,6728,17228,17228,37685,38678
521,108,3102,13602,20740,17564,15901
522,0,2465,12965,12965,14923,20119
523,0,7768,18268,18268,16325,13220
524,0,6929,17429,17429,38924,16547
525,3,449,10949,13773,38600,10869
526,0,5239,15739,15739,35944,15347
527,0,21629,36898,36898,38706,38573
528,0,3621,14121,14121,35290,35800
529,0,2317,12817,12817,36937,15111
530,1,6071,16571,16574,16571,35704
531,0,2185,12685,12685,17825,12535
532,0,4477,14977,14977,36583,14363
533,0,1890,12390,12390,38160,35783
534,0,1155,11655,11655,18410,19517
535,0,6061,16561,16561,16507,11191
536,0,7953,18453,18453,34811,11226
537,0,22077,37489,37489,37258,38548
538,17,1728,12228,36311,16882,11929
539,0,5151,15651,15651,20769,16444
540,10,25201,37202,13827,38583,38654
541,0,7685,18185,18185,14474,37027
542,0,21656,34817,34817,34657,14315
543,0,21365,35199,35199,36179,19266
544,0,10481,20981,20981,20013,12910
545,0,4392,14892,14892,15281,17135
546,0,8495,18995,18995,20770,35827
547,0,2503,13003,13003,36747,13550
548,0,9498,19998,19998,18601,35652
549,0,2463,12963,12963,34929,16925
550,0,5715,16215,16215,12631,36722
551,1,2846,13346,20178,13346,17940
552,1,9535,20035,14005,20035,37185
553,0,24311,36430,36430,14350,38102
554,0,1612,12112,12112,12698,20382
555,19,6234,16734,16445,20100,16603
556,0,2191,12691,12691,34590,17117
557,0,1729,12229,12229,37655,36160
558,2,24971,37800,14567,17352,37800
559,1,23787,35512,17040,35512,12717
560,0,10427,20927,20927,19807,17222
561,0,8176,18676,18676,20833,20785
562,0,9623,20123,20123,35652,20737
563,0,21922,36563,36563,15047,17122
564,0,21972,38638,38638,38462,16530
565,0,25061,37233,37233,19188,13612
566,0,24478,37886,37886,20477,15011
567,0,4047,14547,14547,15585,13785
568,4,5687,16187,15573,10994,19784
569,0,8296,18796,18796,14461,37494
570,4,7676,18176,10766,11728,34650
571,0,22161,34919,34919,12631,20992
572,6,4240,14740,15276,18625,10986
573,0,6670,17170,17170,38073,15393
574,0,7306,17806,17806,12073,34918
575,90,2755,13255,18672,16832,13247
576,0,2492,12992,12992,14816,15969
577,0,3139,13639,13639,17670,15198
578,0,8544,19044,19044,17655,13352
579,0,22464,37193,37193,20633,18430
580,0,21623,37154,37154,35828,19863
581,1,3272,13772,14514,13772,35877
582,4,24033,36729,35755,19463,13112
583,0,8408,18908,18908,19337,38311
584,0,2889,13389,13389,38844,37854
585,0,24213,35130,35130,17150,35438
586,2,788,11288,14242,17061,11288
587,3,22437,36920,16057,17256,12355
588,0,9818,20318,20318,17496,17591
589,0,7841,18341,18341,16992,18652
590,0,7301,17801,17801,35078,14241
591,0,7466,17966,17966,16073,17874
592,0,5678,16178,16178,15023,14365
593,0,9517,20017,20017,10701,37188
594,0,3377,13877,13877,34855,18189
595,9,4527,15027,13301,12792,38647
596,0,25272,36982,36982,19873,12176
597,0,1780,12280,12280,15764,18260
598,4,6756,17256,36920,16057,16810
599,1,2959,13459,36729,13459,36093
600,0,25074,38912,38912,10772,35150
601,0,22334,34906,34906,36137,20516
602,0,349,10849,10849,16384,11791
603,0,22832,37819,37819,16214,36818
604,0,5843,16343,16343,16957,19079
605,0,3349,13849,13849,12221,19199
606,0,42,10542,10542,19784,15573
607,0,801,11301,11301,15597,14401
608,0,3529,14029,14029,20661,38193
609,0,22526,35691,35691,16373,18820
610,0,981,11481,11481,38524,13141
611,0,3458,13958,13958,16684,37803
612,0,6451,16951,16951,20292,18731
613,27,24526,38723,16001,38841,18218
614,0,7590,18090,18090,11537,13292
615,0,8009,18509,18509,36019,34873
616,128,6714,17214,16005,18038,17353
617,0,8507,19007,19007,17044,14776
618,27,23884,34879,10986,17799,10647
619,0,8366,18866,18866,38152,10628
620,0,25035,35645,35645,35989,36299
621,0,2756,13256,13256,18066,13800
622,51,7188,17688,14275,15689,38285
623,4,916,11416,35688,18731,36060
624,1,4617,15117,17652,15117,13705
625,0,1616,12116,12116,34550,16048
626,1,22293,34562,35328,34562,13743
627,0,21994,37289,37289,15271,11816
628,0,2146,12646,12646,36256,18783
629,0,7191,17691,17691,20732,11876
630,0,1833,12333,12333,37043,37519
631,0,5964,16464,16464,36606,19843
632,0,25098,38344,38344,36503,17217
633,0,5508,16008,16008,37350,14793
634,0,7405,17905,17905,38768,35399
635,39,4714,15214,15992,17103,15945
636,0,5714,16214,16214,37819,35469
637,1,9699,20199,16772,20199,16020
638,1,22573,34734,35204,34734,14638
639,4,782,11282,16920,10707,12653
640,0,6173,16673,16673,35324,16042
641,0,7523,18023,18023,17861,13993
642,0,5396,15896,15896,37167,14789
643,6,24973,38523,11581,19735,37416
644,0,24695,36479,36479,18793,11441
645,0,9035,19535,19535,18230,11609
646,0,4838,15338,15338,15308,16080
647,0,2401,12901,12901,35646,36731
648,0,7663,18163,18163,17070,18852
649,0,4205,14705,14705,18881,14768
650,0,4641,15141,15141,36701,13960
651,1,2152,12652,18724,12652,20963
652,0,5550,16050,16050,14453,14174
653,0,2947,13447,13447,20512,17119
654,0,9564,20064,20064,19218,18325
655,2,8028,18528,14330,19698,18528
656,151,3878,14378,13005,18897,35942
657,0,5936,16436,16436,35827,15559
658,0,7207,17707,17707,37897,14637
659,0,5364,15864,15864,35956,36572
660,0,21931,34826,34826,18317,15694
661,2,7255,17755,15265,17822,17755
662,0,24060,38561,38561,15808,37040
663,0,8063,18563,18563,16079,37244
664,0,3023,13523,13523,12384,19207
665,0,24664,34808,34808,17931,37643
666,0,3541,14041,14041,36005,18387
667,0,3279,13779,13779,13883,36936
668,0,8423,18923,18923,10622,13385
669,0,6740,17240,17240,11142,18856
670,0,23354,38242,38242,12817,36790
671,0,8753,19253,19253,12315,12379
672,0,21513,34771,34771,16927,38222
673,0,2804,13304,13304,16510,37893
674,0,2211,12711,12711,15271,35907
675,0,21834,36502,36502,36166,15262
676,0,8237,18737,18737,35676,11132
677,0,25054,34941,34941,20981,14057
678,0,3133,13633,13633,14580,36063
679,0,7132,17632,17632,38021,17567
680,2,8842,19342,37937,10797,19342
681,0,7781,18281,18281,10617,19679
682,17,4320,14820,11792,16298,34681
683,0,6853,17353,17353,13371,12660
684,0,2107,12607,12607,37557,14718
685,0,5128,15628,15628,13847,37965
686,0,9648,20148,20148,16972,20536
687,0,25486,35280,35280,19704,17316
688,0,3973,14473,14473,16624,18056
689,0,23253,34823,34823,36379,36864
690,0,3034,13534,13534,13430,18245
691,0,21448,34774,34774,35426,15295
692,0,9734,20234,20234,38035,15791
693,0,4663,15163,15163,17055,18550
694,0,8394,18894,18894,19776,15042
695,1,3286,13786,18959,13786,12065
696,0,2367,12867,12867,13221,17889
697,0,9698,20198,20198,12053,34838
698,0,21127,35483,35483,17398,20016
699,0,440,10940,10940,17535,18937
700,0,23648,36594,36594,35902,15126
701,6,24384,36014,18682,15840,38188
702,0,7887,18387,18387,13810,15855
703,0,4692,15192,15192,13167,19668
704,3,22108,37383,13319,20739,36460
705,0,9315,19815,19815,34877,18801
706,0,9845,20345,20345,11211,37620
707,0,1224,11724,11724,13171,19092
708,301,8541,19041,17497,20923,12038
709,0,2592,13092,13092,36854,35892
710,2,3247,13747,11379,19820,13747
711,0,2812,13312,13312,13016,35965
712,0,22950,38650,38650,16690,13247
713,0,6857,17357,17357,12901,36200
714,0,8233,18733,18733,16761,34896
715,0,2691,13191,13191,16162,16312
716,0,4132,14632,14632,35830,11135
717,0,6745,17245,17245,20406,36623
718,2,6779,17279,14923,18977,17279
719,0,2249,12749,12749,34894,34867
720,0,2552,13052,13052,35993,35871
721,0,8674,19174,19174,11120,14932
722,0,22483,34508,34508,15970,18847
723,0,10067,20567,20567,16215,14834
724,0,7342,17842,17842,19534,37468
725,0,3649,14149,14149,11112,35648
726,0,380,10880,10880,37526,20956
727,0,24593,35324,35324,16673,13267
728,0,5749,16249,16249,12711,14193
729,0,7210,17710,17710,15428,38774
730,160,21785,38375,20270,16685,16603
731,0,8015,18515,18515,15390,12597
732,0,1360,11860,11860,37000,17281
733,0,3196,13696,13696,20727,34899
734,1,2037,12537,13504,12537,36956
735,0,486,10986,10986,12783,37672
736,0,9935,20435,20435,36955,17694
737,0,21564,35976,35976,20711,36267
738,3,783,11283,38245,15310,16552
739,0,8126,18626,18626,17682,35423
740,0,7034,17534,17534,14292,17619
741,0,10100,20600,20600,20852,12195
742,0,21772,38757,38757,37685,10704
743,0,3238,13738,13738,38455,36002
744,0,6369,16869,16869,11160,36632
745,0,9755,20255,20255,17140,37050
746,0,24737,35313,35313,20374,34720
747,0,10252,20752,20752,36670,12743
748,14,24579,38921,15851,18201,13997
749,6,8355,18855,11861,11131,11962
750,0,6590,17090,17090,12276,34713
751,0,8198,18698,18698,38542,18582
752,0,25066,37270,37270,36995,35815
753,20,1915,12415,18750,37601,36436
754,0,8543,19043,19043,19456,35128
755,2,9718,20218,14888,17932,20218
756,0,7582,18082,18082,19892,34980
757,0,21276,34590,34590,17117,12691
758,0,24520,35965,35965,12273,11289
759,0,3464,13964,13964,11881,34900
760,1,2138,12638,37567,12638,38098
761,0,21390,37487,37487,15603,13854
762,0,23794,35944,35944,16824,14646
763,2,742,11242,12163,13808,11242
764,0,8568,19068,19068,13804,20882
765,0,21842,35489,35489,13366,16578
766,0,9774,20274,20274,12759,13619
767,0,6759,17259,17259,20878,18141
768,0,21416,38028,38028,19786,16641
769,2,21094,37821,38169,13220,37821
770,0,4480,14980,14980,38308,11020
771,0,3442,13942,13942,36606,37393
772,0,21357,35820,35820,20193,37563
773,1,4521,15021,15642,15021,11891
774,5,2847,13347,20926,34585,34872
775,0,23705,38025,38025,35967,10690
776,0,23302,36868,36868,12414,11663
777,0,7018,17518,17518,14518,36964
778,18,9178,19678,14899,16231,18660
779,0,24562,38563,38563,38468,19949
780,0,6865,17365,17365,38260,10628
781,0,6698,17198,17198,19839,15985
782,0,21484,38181,38181,16295,16497
783,0,23778,37443,37443,36612,38141
784,5,6355,16855,11596,11995,19858
785,0,1834,12334,12334,19464,16436
786,18,9684,20184,14021,13623,14316
787,0,8897,19397,19397,14318,36687
788,0,24506,36543,36543,19492,20106
789,34,23314,38823,16404,20908,35720
790,0,5703,16203,16203,20229,13776
791,0,4801,15301,15301,37954,16425
792,0,9303,19803,19803,15988,16395
793,0,24464,34737,34737,34661,13407
794,0,24111,37381,37381,13530,13574
795,0,9436,19936,19936,35005,15701
796,0,3003,13503,13503,13475,16026
797,0,23,10523,10523,14494,11278
798,0,23308,35964,35964,34846,35374
799,1,3524,14024,12769,14024,16989
800,0,23189,34916,34916,18735,14066
801,0,22033,36120,36120,20381,12883
802,0,9629,20129,20129,14991,17357
803,0,1309,11809,11809,14695,38748
804,9,24861,38377,14556,38754,12700
805,0,8395,18895,18895,20393,12914
806,0,3475,13975,13975,34649,11925
807,18,789,11289,19424,14114,12760
808,0,23756,35844,35844,36451,20470
809,0,24150,35866,35866,38696,16357
810,0,7015,17515,17515,13000,16210
811,0,3284,13784,13784,12843,17024
812,0,6463,16963,16963,19524,38555
813,0,2514,13014,13014,16711,15826
814,0,6145,16645,16645,15557,34927
815,0,4385,14885,14885,38498,16058
816,0,22308,34917,34917,12215,35999
817,0,4905,15405,15405,13416,14646
818,0,8732,19232,19232,15981,17119
819,1,21307,36988,34815,36988,13445
820,5,23150,38285,15420,16484,38243
821,0,5446,15946,15946,14935,11374
822,0,9419,19919,19919,16713,12679
823,0,3688,14188,14188,13518,13368
824,0,1395,11895,11895,38462,35905
825,0,23495,38699,38699,11310,17525
826,0,21762,34831,34831,14764,20908
827,25,5006,15506,15376,37106,17970
828,0,5357,15857,15857,35281,38229
829,8,21193,38879,16283,37836,19877
830,0,7864,18364,18364,38657,10694
831,36,5257,15757,37902,35667,20944
832,1,5632,16132,13278,16132,20957
833,1,6805,17305,36924,17305,11245
834,0,9581,20081,20081,35001,18202
835,0,23710,37792,37792,36016,19307
836,3,5434,15934,16383,36615,14183
837,0,7416,17916,17916,35380,36874
838,0,10333,20833,20833,10738,20785
839,0,8128,18628,18628,20885,34755
840,1,22991,37191,38918,37191,11928
841,0,5883,16383,16383,14311,14183
842,0,9487,19987,19987,35960,14064
843,0,3301,13801,13801,17464,34468
844,60,25019,36770,38829,17748,11780
845,0,10284,20784,20784,15626,36876
846,1,22043,34755,18628,34755,20050
847,4,23650,38531,14468,18627,13010
848,0,712,11212,11212,17154,14259
849,0,4279,14779,14779,18242,37494
850,0,23769,38396,38396,15894,20118
851,0,8763,19263,19263,14775,13765
852,0,24507,35276,35276,20758,38631
853,0,10424,20924,20924,38164,13920
854,0,1822,12322,12322,38743,37981
855,6,9411,19911,18311,36061,12297
856,0,6245,16745,16745,35830,38431
857,15,7525,18025,14310,12216,13175
858,3,21274,38006,16384,13883,37099
859,0,23374,37636,37636,36196,12390
860,4,8420,18920,35152,11942,12024
861,2,1977,12477,38498,14885,12477
862,0,24596,35862,35862,20788,11968
863,0,3264,13764,13764,37591,34922
864,0,22592,35144,35144,13024,16365
865,0,4834,15334,15334,15096,12189
866,0,5061,15561,15561,13664,35411
867,0,252,10752,10752,17394,34921
868,0,22413,38308,38308,38068,18095
869,0,2098,12598,12598,34705,35585
870,0,6244,16744,16744,13510,19356
871,0,21322,37445,37445,13662,14293
872,0,3671,14171,14171,18941,15178
873,0,23845,34758,34758,13912,12965
874,8,24387,34592,20477,35543,16784
875,11,7613,18113,16549,18218,13194
876,0,23017,37759,37759,12802,38020
877,0,4416,14916,14916,12876,20511
878,0,21076,38099,38099,36137,11760
879,166,10113,20613,13808,38810,10798
880,1,5857,16357,38696,16357,35336
881,0,8645,19145,19145,35073,35458
882,0,6415,16915,16915,13518,13368
883,0,6914,17414,17414,37393,12148
884,150,21157,35832,20593,34735,15155
885,0,2934,13434,13434,11206,12027
886,0,6017,16517,16517,18462,10663
887,0,8229,18729,18729,20944,11771
888,5,9294,19794,11267,12401,38107
889,0,8360,18860,18860,17163,35729
890,1,6562,17062,38560,17062,13268
891,2,23912,38863,12285,14378,38863
892,0,24275,36094,36094,10781,16993
893,0,8344,18844,18844,14490,36854
894,0,21342,37237,37237,37402,35942
895,0,21530,36903,36903,36864,14006
896,0,7073,17573,17573,35299,13093
897,0,56,10556,10556,15775,13327
898,2,3412,13912,34758,14539,13912
899,0,5584,16084,16084,16885,37714
900,3,2855,13355,34587,36375,20264
901,0,6209,16709,16709,15548,36002
902,0,2986,13486,13486,19768,38015
903,0,9553,20053,20053,14348,20459
904,4,5999,16499,15818,14681,36417
905,0,24334,36398,36398,13520,19251
906,0,22699,36763,36763,37345,10632
907,0,6189,16689,16689,17158,36272
908,418,9943,20443,20047,15855,38883
909,1,8348,18848,11388,18848,19132
910,0,21730,35746,35746,11835,34563
911,203,4722,15222,15507,19776,16747
912,0,8292,18792,18792,16977,15958
913,0,7425,17925,17925,19308,20219
914,2,4472,14972,38498,14885,14972
915,0,8781,19281,19281,19054,35742
916,0,22163,35009,35009,38019,35429
917,0,2188,12688,12688,37433,17552
918,0,6461,16961,16961,15219,19634
919,0,4049,14549,14549,10723,35140
920,1,24601,37534,17756,37534,11867
921,29,25287,37222,38883,38151,13339
922,0,24950,37474,37474,38362,18655
923,0,7391,17891,17891,37718,20781
924,1,3544,14044,11031,14044,18543
925,0,519,11019,11019,11154,36117
926,1,7689,18189,34855,18189,13877
927,0,4508,15008,15008,18204,34786
928,3,23330,35889,37410,15110,35755
929,0,6641,17141,17141,36745,15562
930,0,5263,15763,15763,38840,16779
931,0,8139,18639,18639,14719,37607
932,0,6916,17416,17416,11309,14872
933,7,227,10727,38550,16440,16125
934,0,8741,19241,19241,10574,14435
935,0,23768,35683,35683,17527,13891
936,1,8147,18647,12524,18647,17253
937,0,7621,18121,18121,20230,17744
938,0,8127,18627,18627,38626,35726
939,0,24853,37969,37969,12791,17181
940,0,24197,37955,37955,15632,16858
941,0,10125,20625,20625,15376,13940
942,0,1699,12199,12199,38228,35068
943,19,23503,38871,36943,20173,16653
944,0,25077,36972,36972,17306,15766
945,1,1877,12377,11297,12377,16175
946,4,513,11013,13330,13637,17019
947,0,8046,18546,18546,13289,19692
948,0,9246,19746,19746,34753,11538
949,8,24340,35049,37852,37424,38633
950,1,9612,20112,35059,20112,12473
951,0,6886,17386,17386,11278,14132
952,0,6119,16619,16619,20810,10553
953,0,24038,34473,34473,20203,20614
954,1,22096,37536,18815,37536,34780
955,1,7899,18399,18577,18399,36202
956,0,10310,20810,20810,16619,20772
957,0,24988,37949,37949,16041,20089
958,0,2916,13416,13416,13486,19676
959,0,24505,38011,38011,18283,17579
960,0,480,10980,10980,10864,14261
961,0,21059,34870,34870,20839,35786
962,0,9603,20103,20103,38943,12859
963,0,2577,13077,13077,14848,16276
964,0,5804,16304,16304,14392,18202
965,0,24788,37553,37553,17683,38295
966,5,8364,18864,35299,13093,36976
967,0,5858,16358,16358,17144,13342
968,0,23062,38085,38085,13664,11001
969,1,5272,15772,36740,15772,14414
970,7,9932,20432,15840,16479,36014
971,0,8651,19151,19151,35920,16131
972,0,1596,12096,12096,19618,37748
973,0,21298,37264,37264,10981,37788
974,3,3896,14396,34519,38299,35135
975,0,22420,34518,34518,35082,34671
976,0,1349,11849,11849,17125,16497
977,0,9072,19572,19572,14912,18376
978,0,10092,20592,20592,37869,12757
979,0,3777,14277,14277,16543,10975
980,0,25372,35036,35036,37195,15877
981,0,23586,35290,35290,14121,20463
982,0,24001,38540,38540,37409,16823
983,0,4050,14550,14550,19897,34868
984,0,22375,34474,34474,35095,35086
985,0,23517,35587,35587,13518,20882
986,0,23025,36413,36413,19153,36410
987,0,21883,38732,38732,17520,16195
988,0,2762,13262,13262,14576,12158
989,3,23393,38702,38810,38594,35518
990,13,6387,16887,15419,14011,16839
991,0,3685,14185,14185,13798,36473
992,0,5062,15562,15562,35540,18225
993,1,3602,14102,12312,14102,17238
994,0,23570,35725,35725,38554,10562
995,1,23405,38737,17755,38737,20815
996,0,1446,11946,11946,14074,11142
997,5,9373,19873,17876,36982,37042
998,1,1020,11520,37109,11520,12902
999,0,705,11205,11205,15048,38417
1000,0,6427,16927,16927,18963,38485
1001,2,1866,12366,14477,18818,12366
1002,60,22481,36790,17494,12965,12078
1003,0,7487,17987,17987,34632,19392
1004,0,6939,17439,17439,19267,14723
1005,0,21845,35679,35679,34776,16322
1006,12,2574,13074,15563,36428,38748
1007,0,21590,36060,36060,11416,35688
1008,5,2956,13456,36806,38823,14675
1009,0,8054,18554,18554,10871,13439
1010,6,3742,14242,17061,37605,17293
1011,0,3914,14414,14414,36561,15772
1012,1,9320,19820,14186,19820,16435
1013,0,23190,34871,34871,37825,34924
1014,1,1419,11919,18415,11919,12264
1015,0,1103,11603,11603,38955,13729
1016,0,6699,17199,17199,15555,14470
1017,0,25360,36331,36331,12829,15336
1018,7,7839,18339,36684,16789,15514
1019,9,10358,20858,12113,14356,38702
1020,0,1558,12058,12058,35036,15877
1021,0,6556,17056,17056,34746,17411
1022,0,7091,17591,17591,20318,17496
1023,0,8441,18941,18941,15413,12412
1024,0,22615,36778,36778,36777,16778
1025,0,3523,14023,14023,16482,38473
1026,2,4542,15042,14954,15769,15042
1027,0,34,10534,10534,12535,10845
1028,1,3400,13900,14456,13900,11434
1029,1,24287,38481,13981,38481,18674
1030,0,5605,16105,16105,19164,18521
1031,4,8821,19321,17157,15486,37130
1032,0,22669,38849,38849,37833,34951
1033,0,7233,17733,17733,17279,13736
1034,0,2652,13152,13152,19189,11492
1035,0,5328,15828,15828,37628,12145
1036,0,5905,16405,16405,38358,14390
1037,4,5945,16445,12772,11253,20432
1038,0,21335,37312,37312,15972,37473
1039,0,21537,36154,36154,15537,19201
1040,26,23263,36202,13086,11023,38956
1041,1,24068,35957,13896,35957,34662
1042,0,292,10792,10792,10750,20772
1043,0,2836,13336,13336,20520,37859
1044,0,23915,34904,34904,15601,19742
1045,0,23027,37228,37228,17835,12164
1046,0,21561,35510,35510,36370,35511
1047,0,2870,13370,13370,15058,36019
1048,0,7677,18177,18177,36901,35386
1049,0,8249,18749,18749,14797,16744
1050,297,10317,20817,15785,38899,20170
1051,3,21826,34497,10933,12074,16730
1052,0,9119,19619,19619,16213,18754
1053,0,7567,18067,18067,19152,38685
1054,68,23599,38071,19794,37947,11789
1055,1,1318,11818,18147,11818,35595
1056,0,2730,13230,13230,37897,19420
1057,1,10221,20721,12277,20721,18009
1058,17,6290,16790,14533,10796,14633
1059,0,23926,34632,34632,16697,37792
1060,0,21247,37167,37167,15487,20807
1061,6,4879,15379,18524,18853,16827
1062,0,10423,20923,20923,17497,12038
1063,174,9088,19588,38198,37927,15449
1064,0,24021,35366,35366,19961,17640
1065,3,21635,37647,34543,38608,12479
1066,0,2228,12728,12728,36663,11087
1067,0,2641,13141,13141,17782,19876
1068,0,4418,14918,14918,35318,15796
1069,0,9460,19960,19960,38765,13927
1070,0,6505,17005,17005,13896,15115
1071,0,6194,16694,16694,15521,35147
1072,1,5921,16421,11925,16421,16761
1073,2,6872,17372,16384,13883,17372
1074,0,356,10856,10856,34584,19412
1075,3,8076,18576,14783,36426,18704
1076,0,22725,35121,35121,12202,18719
1077,0,22995,37765,37765,36740,14414
1078,0,8444,18944,18944,17143,16031
1079,7,4584,15084,20202,12200,19509
1080,1,837,11337,11429,11337,20462
1081,1,266,10766,35868,10766,17074
1082,1,2006,12506,38841,12506,16001
1083,0,8803,19303,19303,35802,36444
1084,0,21810,34795,34795,16757,35413
1085,0,2362,12862,12862,18059,13573
1086,0,22404,35909,35909,37138,19375
1087,0,21254,36829,36829,18841,37253
1088,0,21620,38127,38127,13876,37700
1089,0,25282,38550,38550,36248,16440
1090,0,10283,20783,20783,36406,15489
1091,0,9736,20236,20236,20175,38622
1092,0,826,11326,11326,20750,14931
1093,6,9754,20254,37394,16011,38930
1094,1,4253,14753,18436,14753,38689
1095,40,6053,16553,13519,38752,36048
1096,0,25312,37315,37315,20170,13696
1097,0,8283,18783,18783,35461,15560
1098,1,1441,11941,35442,11941,37244
1099,0,3066,13566,13566,12708,37544
1100,0,22423,35363,35363,16948,18615
1101,2,2748,13248,35196,37942,13248
1102,0,7388,17888,17888,38191,35492
1103,1,9034,19534,38358,19534,12656
1104,0,3061,13561,13561,19171,14568
1105,0,889,11389,11389,12406,17864
1106,0,23825,37444,37444,37167,18972
1107,0,25230,36512,36512,20798,36811
1108,13,25406,38141,20847,37443,38361
1109,0,1963,12463,12463,15174,14973
1110,0,3125,13625,13625,14935,35251
1111,0,24271,35766,35766,38021,37178
1112,0,6101,16601,16601,12954,20385
1113,0,1127,11627,11627,10810,18938
1114,1,21769,35449,13695,35449,14501
1115,0,25053,35750,35750,12809,37659
1116,1,6385,16885,14583,16885,37714
1117,0,9724,20224,20224,36319,15605
1118,1,21173,34815,38858,34815,38255
1119,0,7488,17988,17988,38822,18755
1120,0,6203,16703,16703,17894,36268
1121,0,1543,12043,12043,15783,14621
1122,1,3263,13763,18496,13763,38020
1123,0,8762,19262,19262,12449,16913
1124,0,9775,20275,20275,10618,13926
1125,0,2268,12768,12768,19668,19749
1126,1,3770,14270,37134,14270,16668
1127,0,7025,17525,17525,18409,11912
1128,0,23165,36052,36052,19122,17801
1129,0,132,10632,10632,36763,36037
1130,0,9357,19857,19857,38571,37719
1131,0,23103,35649,35649,11457,15712
1132,5,603,11103,15081,36676,11097
1133,0,6425,16925,16925,12963,20262
1134,0,843,11343,11343,17042,14090
1135,0,393,10893,10893,11139,36587
1136,0,21906,37688,37688,13499,18091
1137,1,9849,20349,17909,20349,35293
1138,0,22254,36526,36526,35879,11409
1139,2,4989,15489,36406,11984,15489
1140,0,3928,14428,14428,17006,19504
1141,0,5511,16011,16011,20489,37118
1142,0,6927,17427,17427,18699,37526
1143,0,5909,16409,16409,11783,11627
1144,0,25393,36963,36963,38854,37162
1145,0,22795,37180,37180,14247,11564
1146,0,24249,38358,38358,12656,19534
1147,0,2277,12777,12777,37731,20914
1148,0,6417,16917,16917,11629,11389
1149,0,3234,13734,13734,38420,17114
1150,0,22012,36213,36213,14100,12899
1151,0,3498,13998,13998,19678,13422
1152,2,21807,38728,35610,16684,38728
1153,0,4613,15113,15113,12690,36227
1154,0,25489,36405,36405,12753,16387
1155,0,10008,20508,20508,17782,12060
1156,1,401,10901,12951,10901,10662
1157,0,24948,38918,38918,37191,14945
1158,7,25315,36360,36041,17197,37022
1159,0,24586,35772,35772,13555,18467
1160,0,23797,34550,34550,37115,16048
1161,0,23737,35422,35422,37308,35309
1162,0,4680,15180,15180,12832,15005
1163,0,5008,15508,15508,16871,18388
1164,0,25356,36295,36295,18893,13061
1165,1,3403,13903,36496,13903,37644
1166,0,25218,36107,36107,36575,18012
1167,0,3883,14383,14383,15166,13836
1168,1,6307,16807,16333,16807,15044
1169,0,9423,19923,19923,35945,19709
1170,0,10021,20521,20521,17696,11075
1171,0,23205,38616,38616,12136,20388
1172,0,1573,12073,12073,34918,18832
1173,0,23358,37917,37917,14781,20652
1174,0,9329,19829,19829,16241,15813
1175,0,2423,12923,12923,14572,37060
1176,0,8759,19259,19259,37305,10781
1177,0,5264,15764,15764,11041,36807
1178,0,7231,17731,17731,38667,14651
1179,2,3548,14048,15557,18863,14048
1180,0,8999,19499,19499,15365,11014
1181,23,8911,19411,18853,16827,20282
1182,0,25114,35250,35250,17818,37145
1183,15,7738,18238,20415,38638,38543
1184,0,21721,35355,35355,35443,17599
1185,0,5826,16326,16326,20220,18808
1186,0,22095,36934,36934,35327,12982
1187,1,7881,18381,14069,18381,16916
1188,0,24479,38371,38371,18681,11805
1189,0,809,11309,11309,14872,17416
1190,0,23624,34956,34956,12671,20905
1191,0,24965,35152,35152,17034,35237
1192,0,2650,13150,13150,19954,20049
1193,0,22010,36086,36086,13583,19678
1194,0,22500,38822,38822,17988,14761
1195,0,23594,35606,35606,36504,18157
1196,16,3190,13690,13743,35114,34802
1197,7,3620,14120,18665,15557,14735
1198,5,1702,12202,15517,15280,38179
1199,6,24744,35688,16951,19407,18731
1200,4,8231,18731,19407,36060,16951
1201,1,3650,14150,13148,14150,11917
1202,0,23433,38439,38439,12637,17523
1203,1,7666,18166,11824,18166,15966
1204,0,22093,38362,38362,37474,17821
1205,0,8876,19376,19376,37271,12347
1206,0,23413,36619,36619,18584,36443
1207,0,3370,13870,13870,17296,20316
1208,2,23178,38057,20681,17576,38057
1209,0,6291,16791,16791,15266,34901
1210,0,22158,34972,34972,19137,36534
1211,0,10476,20976,20976,35517,16804
1212,1,9297,19797,35525,19797,11306
1213,9,22924,36819,17442,16182,12136
1214,0,10148,20648,20648,20579,13950
1215,0,21607,37797,37797,11166,37574
1216,0,22914,36024,36024,35208,14091
1217,0,8062,18562,18562,14578,12938
1218,4,664,11164,36633,12703,15502
1219,0,10337,20837,20837,20240,15585
1220,0,8962,19462,19462,11016,36227
1221,0,23520,37614,37614,20347,36454
1222,0,1736,12236,12236,17079,14121
1223,2,5259,15759,37083,38282,15759
1224,0,3347,13847,13847,15708,10768
1225,0,1568,12068,12068,15428,20461
1226,0,462,10962,10962,38293,13960
1227,6,743,11243,35810,12224,12353
1228,0,222,10722,10722,11545,11595
1229,1,22212,36422,16565,36422,37833
1230,0,3994,14494,14494,12069,34534
1231,0,1979,12479,12479,20614,34543
1232,0,7682,18182,18182,12262,20600
1233,0,625,11125,11125,14663,16585
1234,0,25206,34602,34602,14141,16560
1235,0,9773,20273,20273,15676,11517
1236,0,7202,17702,17702,20390,37131
1237,0,23798,35951,35951,20957,11219
1238,0,344,10844,10844,15233,18554
1239,0,5494,15994,15994,38460,14055
1240,0,7945,18445,18445,38858,34815
1241,1,8772,19272,36711,19272,19310
1242,23,1004,11504,36964,11862,38511
1243,5,4449,14949,14170,37106,15826
1244,0,2280,12780,12780,17548,12408
1245,0,456,10956,10956,20874,18755
1246,0,23051,35978,35978,11712,18528
1247,1,9209,19709,18004,19709,12613
1248,0,4335,14835,14835,19150,17107
1249,0,2621,13121,13121,37841,38568
1250,0,24338,34597,34597,34485,16731
1251,4,6325,16825,18815,37536,11581
1252,0,25426,35287,35287,13105,37781
1253,0,5756,16256,16256,12332,11633
1254,7,9683,20183,19445,34955,34925
1255,2,22306,38410,16025,10897,38410
1256,0,5114,15614,15614,16487,16539
1257,0,9544,20044,20044,11056,12533
1258,1,5212,15712,20788,15712,11572
1259,0,21751,36659,36659,12323,12110
1260,0,1760,12260,12260,17289,38193
1261,181,842,11342,20354,18468,13485
1262,1,21360,37138,20815,37138,15265
1263,0,22279,36687,36687,19397,14318
1264,0,6492,16992,16992,18341,15444
1265,0,5199,15699,15699,18409,15915
1266,0,4803,15303,15303,18333,20393
1267,0,2902,13402,13402,19399,16530
1268,0,22040,36483,36483,38141,37902
1269,0,5987,16487,16487,17998,16539
1270,0,24298,38622,38622,15619,38062
1271,0,24605,36032,36032,36874,20925
1272,0,6165,16665,16665,15021,14865
1273,0,8875,19375,19375,35909,37138
1274,1,24922,36395,18197,36395,19005
1275,23,8918,19418,20018,35134,18220
1276,0,23932,37020,37020,18234,15857
1277,0,3431,13931,13931,35895,18077
1278,0,22902,38103,38103,19634,13913
1279,0,9038,19538,19538,18481,18281
1280,1,21918,38809,15432,38809,36139
1281,1,7795,18295,34572,18295,37392
1282,0,8971,19471,19471,13461,17153
1283,0,23771,38278,38278,14311,14426
1284,0,4725,15225,15225,18810,11491
1285,4,7897,18397,18701,14193,12711
1286,0,5130,15630,15630,18913,36200
1287,0,24493,38797,38797,15639,12725
1288,3,6945,17445,38272,16538,38154
1289,1,23682,38645,14786,38645,14714
1290,0,9173,19673,19673,11884,17835
1291,0,9128,19628,19628,10764,17949
1292,0,10078,20578,20578,35963,12459
1293,0,23953,34649,34649,13700,17292
1294,0,368,10868,10868,35793,38235
1295,0,23458,36530,36530,13342,17663
1296,0,3593,14093,14093,14222,37238
1297,0,1415,11915,11915,35970,11464
1298,2,22561,35078,11234,17801,35078
1299,0,8061,18561,18561,14461,36687
1300,0,21987,38833,38833,38562,16659
1301,0,21904,36110,36110,20820,18583
1302,0,8939,19439,19439,15318,34731
1303,0,22888,35937,35937,17133,19385
1304,6,25037,36825,16308,14994,17082
1305,0,8587,19087,19087,36402,20236
1306,0,9319,19819,19819,12494,19946
1307,1,1721,12221,38787,12221,10591
1308,0,8826,19326,19326,19911,35744
1309,0,5324,15824,15824,17638,19778
1310,0,4060,14560,14560,13265,18625
1311,0,22063,38416,38416,20644,38151
1312,0,1824,12324,12324,10794,10779
1313,0,23390,37624,37624,38809,12267
1314,0,22412,36658,36658,11900,35638
1315,0,22386,36010,36010,11300,13084
1316,0,9395,19895,19895,13274,12422
1317,0,3232,13732,13732,12666,19182
1318,0,1918,12418,12418,10844,15233
1319,30,24294,37470,20046,13005,12259
1320,0,1569,12069,12069,14494,34534
1321,0,1831,12331,12331,13976,38086
1322,1,347,10847,15832,10847,36960
1323,0,1242,11742,11742,37887,19920
1324,1,7720,18220,38807,18220,14560
1325,1,22148,37658,10507,37658,19949
1326,0,21822,35248,35248,10506,16731
1327,0,22702,38683,38683,15685,35133
1328,0,25148,35185,35185,19558,14052
1329,0,23287,37150,37150,13244,37034
1330,16,23244,35394,37714,38358,19095
1331,1,23850,35855,18114,35855,34905
1332,5,24862,37045,14303,14335,36593
1333,2,7930,18430,15074,14561,18430
1334,0,6466,16966,16966,35746,15510
1335,1,10415,20915,13425,20915,20725
1336,0,7593,18093,18093,37709,13323
1337,0,22576,35251,35251,18278,15729
1338,0,7182,17682,17682,18945,15533
1339,0,24685,36400,36400,14968,19068
1340,1,22488,37101,17463,37101,12607
1341,1,24569,38841,12506,38841,38410
1342,0,21020,37304,37304,12928,19074
1343,0,5847,16347,16347,34640,20076
1344,0,23283,36458,36458,14559,11686
1345,0,24814,37035,37035,38134,10966
1346,2,1222,11722,18897,11636,11722
1347,0,6473,16973,16973,38289,14427
1348,0,2134,12634,12634,15649,38692
1349,0,8953,19453,19453,19655,11669
1350,0,8083,18583,18583,17216,11321
1351,0,23952,38632,38632,38434,13248
1352,0,6741,17241,17241,13638,13451
1353,0,21556,36063,36063,35552,20357
1354,0,509,11009,11009,11999,16767
1355,0,10452,20952,20952,15191,18839
1356,0,3986,14486,14486,15559,37963
1357,1,748,11248,36444,11248,16007
1358,1,5246,15746,14328,15746,11332
1359,5,1259,11759,38630,13105,35962
1360,0,4718,15218,15218,18210,16456
1361,1,1888,12388,16682,12388,19614
1362,1,711,11211,11843,11211,20614
1363,0,24399,37118,37118,16011,20489
1364,1,21585,37659,35750,37659,12809
1365,0,7856,18356,18356,14834,36777
1366,0,5833,16333,16333,16807,15044
1367,0,23572,38120,38120,19685,19627
1368,4,23955,37110,14826,17965,12326
1369,0,7562,18062,18062,36734,36468
1370,1,4808,15308,34697,15308,15823
1371,16,3329,13829,11515,35032,11884
1372,0,3293,13793,13793,13589,18141
1373,0,8485,18985,18985,13742,17755
1374,0,24152,35759,35759,14350,20366
1375,0,6148,16648,16648,11528,18834
1376,0,22343,37022,37022,17197,36041
1377,0,10045,20545,20545,12726,37507
1378,0,4865,15365,15365,35496,19499
1379,0,5551,16051,16051,15282,36870
1380,0,9253,19753,19753,14997,36664
1381,0,8855,19355,19355,11821,17274
1382,0,104,10604,10604,37190,37733
1383,0,1794,12294,12294,19283,35558
1384,2,10463,20963,12652,18724,20963
1385,0,2386,12886,12886,18554,12260
1386,1,21273,36041,37022,36041,17197
1387,0,4847,15347,15347,37131,36086
1388,0,6650,17150,17150,35942,11396
1389,0,5837,16337,16337,13347,18751
1390,0,8247,18747,18747,20860,37839
1391,0,1658,12158,12158,35960,14576
1392,0,212,10712,10712,18531,38218
1393,0,8241,18741,18741,14985,15935
1394,2,5886,16386,38838,16235,16386
1395,0,4419,14919,14919,19204,14555
1396,1,23857,38107,13602,38107,38710
1397,0,5193,15693,15693,13784,18117
1398,0,5735,16235,16235,13329,16128
1399,0,1359,11859,11859,35254,35282
1400,0,334,10834,10834,17532,10933
1401,0,8077,18577,18577,19588,13010
1402,0,3110,13610,13610,36319,19209
1403,0,5709,16209,16209,20989,14954
1404,0,792,11292,11292,36564,14395
1405,0,233,10733,10733,19650,35191
1406,0,8515,19015,19015,19044,13352
1407,1,9289,19789,38271,19789,18915
1408,0,1064,11564,11564,14461,37180
1409,1,209,10709,14906,10709,16526
1410,0,23529,35393,35393,10525,38115
1411,0,24686,34770,34770,12932,36412
1412,2,24344,37360,17442,18892,37360
1413,0,9525,20025,20025,12377,35476
1414,0,4498,14998,14998,36895,34769
1415,1,6664,17164,12211,17164,16476
1416,0,2413,12913,12913,38162,35090
1417,0,9595,20095,20095,20310,11696
1418,0,9431,19931,19931,37902,18655
1419,0,22349,36606,36606,13942,34510
1420,9,7139,17639,35659,19608,13784
1421,3,871,11371,35471,34815,38077
1422,0,1263,11763,11763,14807,38393
1423,0,1618,12118,12118,18127,13008
1424,19,4345,14845,20390,17586,36362
1425,7,10076,20576,34550,18532,17447
1426,1,2414,12914,16071,12914,36252
1427,0,21275,37476,37476,18320,35902
1428,0,25401,37465,37465,12009,38396
1429,0,21579,35702,35702,19715,15214
1430,2,1220,11720,38466,12398,11720
1431,0,25286,34559,34559,12497,12439
1432,5,1765,12265,13758,13433,17658
1433,0,25387,35984,35984,38316,19234
1434,0,8493,18993,18993,36445,16504
1435,0,23981,37321,37321,19357,36350
1436,7,2001,12501,16900,35609,11866
1437,0,5609,16109,16109,14209,17643
1438,0,25438,34530,34530,35453,12326
1439,0,4581,15081,15081,36676,38808
1440,0,8885,19385,19385,10948,12535
1441,0,1485,11985,11985,15813,15915
1442,0,3582,14082,14082,36706,15335
1443,0,2523,13023,13023,12179,20097
1444,3,24791,37119,35022,10794,13557
1445,22,6332,16832,35044,35544,37754
1446,0,3078,13578,13578,37091,19135
1447,0,4833,15333,15333,35088,20581
1448,1,23315,35607,12225,35607,20917
1449,0,1305,11805,11805,15064,20537
1450,1,4782,15282,10772,15282,35150
1451,0,8255,18755,18755,17988,12228
1452,12,4381,14881,10632,20119,37079
1453,5,22780,38570,38118,18238,17064
1454,0,6224,16724,16724,17480,14912
1455,0,21278,37115,37115,11715,38234
1456,0,9562,20062,20062,36885,17357
1457,0,2165,12665,12665,12403,18520
1458,0,617,11117,11117,12704,14711
1459,0,22535,38507,38507,20770,16436
1460,0,7277,17777,17777,15089,16751
1461,0,7855,18355,18355,35125,14879
1462,0,8518,19018,19018,11559,14102
1463,0,10240,20740,20740,11136,15199
1464,0,9097,19597,19597,17239,18733
1465,1,25256,38188,38947,38188,18305
1466,0,2163,12663,12663,14443,36845
1467,0,4770,15270,15270,12049,16276
1468,0,22985,35946,35946,15777,20436
1469,0,25192,38659,38659,11431,38025
1470,0,2004,12504,12504,20091,36854
1471,0,24680,38297,38297,17276,10742
1472,0,3047,13547,13547,12986,37173
1473,0,7771,18271,18271,37506,35147
1474,0,24552,37254,37254,38267,14306
1475,0,24859,35625,35625,11652,13861
1476,5,9425,19925,18522,12160,11894
1477,2,9139,19639,13752,37604,19639
1478,0,8201,18701,18701,15799,15905
1479,0,9118,19618,19618,36444,16010
1480,0,3095,13595,13595,13990,16898
1481,0,21738,35311,35311,14482,19627
1482,0,3285,13785,13785,19676,36179
1483,1,24819,38518,13883,38518,17850
1484,0,9462,19962,19962,36282,14260
1485,0,7315,17815,17815,35141,11029
1486,0,1313,11813,11813,20800,38493
1487,0,6994,17494,17494,10679,13690
1488,0,7113,17613,17613,17545,13066
1489,0,8379,18879,18879,35420,35169
1490,0,2903,13403,13403,19696,17757
1491,2,7959,18459,13395,18613,18459
1492,0,3333,13833,13833,14209,38504
1493,0,23034,36026,36026,15085,35126
1494,2,3053,13553,35855,34556,13553
1495,0,23743,35044,35044,14863,35544
1496,0,5072,15572,15572,13926,12980
1497,0,8678,19178,19178,16670,20173
1498,0,21964,35004,35004,20075,19962
1499,0,8868,19368,19368,15200,15539
1500,0,2269,12769,12769,36770,20345
1501,0,8020,18520,18520,11679,17706
1502,0,8165,18665,18665,15557,36458
1503,0,21815,36084,36084,38030,36017
1504,0,9963,20463,20463,35290,14121
1505,0,9376,19876,19876,20894,38335
1506,0,22771,34479,34479,36479,17660
1507,0,24612,36375,36375,20264,34587
1508,0,22240,36165,36165,35571,11650
1509,0,22400,37225,37225,37548,17059
1510,0,7955,18455,18455,18928,12156
1511,0,4707,15207,15207,38518,10886
1512,0,24236,37333,37333,15780,12762
1513,1,2114,12614,15469,12614,18829
1514,0,7267,17767,17767,18313,35164
1515,2,1541,12041,15077,10865,12041
1516,0,6141,16641,16641,37110,13441
1517,0,2602,13102,13102,11353,17266
1518,1,22833,36831,14185,36831,14112
1519,0,4607,15107,15107,38740,35211
1520,0,10446,20946,20946,13996,37247
1521,5,9180,19680,36552,16445,15766
1522,0,23254,34763,34763,17313,35941
1523,0,4756,15256,15256,36481,10544
1524,0,6444,16944,16944,35631,13890
1525,0,5538,16038,16038,36145,16293
1526,2,9082,19582,17688,13653,19582
1527,0,520,11020,11020,10574,19241
1528,0,10460,20960,20960,10734,37041
1529,0,7163,17663,17663,35710,17417
1530,0,9427,19927,19927,19547,38885
1531,0,8877,19377,19377,17741,18896
1532,0,1092,11592,11592,19364,10838
1533,0,23383,36418,36418,18117,14128
1534,0,24655,37684,37684,12535,15137
1535,1,4913,15413,18941,15413,15178
1536,33,9531,20031,18638,36037,17066
1537,0,3771,14271,14271,11359,13561
1538,0,6346,16846,16846,37037,15211
1539,0,1109,11609,11609,38541,19535
1540,0,4655,15155,15155,35757,38871
1541,0,9974,20474,20474,11616,15803
1542,0,1038,11538,11538,16516,34753
1543,14,9412,19912,38353,38434,16426
1544,0,20,10520,10520,17635,14287
1545,0,8377,18877,18877,36282,35614
1546,0,23614,35513,35513,18738,20554
1547,0,5531,16031,16031,14931,36258
1548,1,9066,19566,37612,19566,14773
1549,4,934,11434,38490,14243,13900
1550,0,10417,20917,20917,17756,35607
1551,0,6551,17051,17051,19184,16075
1552,0,22654,37524,37524,19679,35766
1553,3,22872,38134,18897,11897,14174
1554,0,1726,12226,12226,11551,13445
1555,1,4490,14990,37296,14990,37483
1556,0,21329,34727,34727,20108,17257
1557,0,9722,20222,20222,20694,20165
1558,0,1737,12237,12237,13182,16555
1559,0,6438,16938,16938,16283,19802
1560,0,561,11061,11061,34977,35860
1561,0,23734,37981,37981,20704,13301
1562,0,23839,37799,37799,19633,37674
1563,2,21686,35826,13169,34778,35826
1564,0,1162,11662,11662,15742,18541
1565,0,8866,19366,19366,12965,37073
1566,0,10018,20518,20518,38084,35621
1567,0,6930,17430,17430,35477,19584
1568,0,8067,18567,18567,37200,16582
1569,0,1527,12027,12027,36988,37740
1570,4,7733,18233,11039,37662,35380
1571,0,22534,38776,38776,12835,19843
1572,0,2930,13430,13430,37105,15766
1573,3,22565,37114,37832,35409,12279
1574,0,58,10558,10558,14031,36025
1575,0,8748,19248,19248,36899,17129
1576,0,24550,34685,34685,18612,12412
1577,0,21733,36748,36748,14114,35475
1578,0,4483,14983,14983,18070,38821
1579,120,2291,12791,19680,36552,20138
1580,6,7383,17883,34496,36741,17115
1581,0,24302,36824,36824,13586,16745
1582,0,8218,18718,18718,16312,13191
1583,0,9577,20077,20077,19803,15988
1584,54,9470,19970,16359,14681,14667
1585,0,23909,35505,35505,36508,10866
1586,0,1649,12149,12149,35871,34663
1587,0,22617,38762,38762,19245,18915
1588,1,9652,20152,16528,20152,11079
1589,2,2724,13224,36787,18675,13224
1590,1,21752,36215,15088,36215,36731
1591,0,938,11438,11438,35653,17238
1592,0,4510,15010,15010,17204,37541
1593,14,22852,36820,12136,37244,16404
1594,1,24987,38216,36888,38216,19448
1595,0,4694,15194,15194,37217,16901
1596,0,7238,17738,17738,15753,15471
1597,0,9619,20119,20119,37079,37188
1598,0,998,11498,11498,19469,18393
1599,1,8771,19271,37887,19271,19920
1600,1,4528,15028,19850,15028,11379
1601,0,3870,14370,14370,11242,14430
1602,0,23336,36905,36905,17241,16842
1603,0,5354,15854,15854,17384,13659
1604,0,23661,38229,38229,15857,18409
1605,1,2907,13407,34661,13407,10724
1606,0,24704,34721,34721,18351,16937
1607,21,9782,20282,35544,10640,18516
1608,0,3538,14038,14038,20896,20942
1609,0,5993,16493,16493,11185,37757
1610,0,25119,38133,38133,37331,15296
1611,0,915,11415,11415,36904,20599
1612,0,24081,37519,37519,37829,16280
1613,0,4415,14915,14915,17780,35094
1614,2,10280,20780,16190,20082,20780
1615,0,10126,20626,20626,37139,13656
1616,0,1817,12317,12317,12446,11177
1617,0,21043,38606,38606,37800,12559
1618,0,9893,20393,20393,16034,12470
1619,0,3949,14449,14449,12671,34956
1620,0,337,10837,10837,18851,18896
1621,4,2072,12572,11297,12377,35476
1622,0,25144,38868,38868,35099,16874
1623,0,5822,16322,16322,16898,36567
1624,0,22171,38230,38230,34937,36836
1625,0,5143,15643,15643,19783,14651
1626,0,8200,18700,18700,18777,10787
1627,0,3513,14013,14013,15222,15506
1628,0,2815,13315,13315,16156,12697
1629,51,22432,38877,38033,38455,16061
1630,2,21936,38605,17638,15824,38605
1631,0,25195,37798,37798,11966,15263
1632,0,24835,34822,34822,20127,19310
1633,0,8422,18922,18922,18714,37926
1634,22,766,11266,17613,17545,37106
1635,0,3782,14282,14282,19628,36612
1636,0,24941,38310,38310,20372,16104
1637,0,1144,11644,11644,15670,37545
1638,2,24841,36192,10829,37572,36192
1639,2,2510,13010,18577,14468,13010
1640,0,7379,17879,17879,10890,11211
1641,0,2273,12773,12773,20121,37343
1642,2,2860,13360,18853,16827,13360
1643,9,1221,11721,11862,35122,20047
1644,0,24429,34772,34772,38501,16173
1645,0,4864,15364,15364,12130,19564
1646,0,22023,38500,38500,38713,19784
1647,0,7310,17810,17810,19730,38063
1648,0,22921,35479,35479,19314,14527
1649,0,22493,37855,37855,35746,11835
1650,0,6757,17257,17257,34515,34727
1651,0,4924,15424,15424,17483,13209
1652,0,4532,15032,15032,18923,34984
1653,0,6392,16892,16892,14137,12274
1654,0,1672,12172,12172,34674,34833
1655,0,25204,35428,35428,13856,19059
1656,0,7699,18199,18199,20198,37618
1657,0,8870,19370,19370,37286,18812
1658,0,4055,14555,14555,15373,18004
1659,1,21288,38018,18569,38018,17277
1660,0,1808,12308,12308,34546,10762
1661,9,2275,12775,11800,37545,17232
1662,0,3761,14261,14261,18236,17852
1663,0,23846,36623,36623,11707,17245
1664,0,23029,34524,34524,20042,13624
1665,0,22507,38146,38146,11454,34976
1666,0,6489,16989,16989,12921,34473
1667,0,2045,12545,12545,37848,17043
1668,1,9301,19801,19052,19801,13658
1669,4,21788,37468,14423,17842,12656
1670,2,5113,15613,15757,38765,15613
1671,3,1295,11795,12028,38521,12167
1672,0,24535,36099,36099,15191,18839
1673,0,4687,15187,15187,14418,17393
1674,0,3952,14452,14452,38156,17434
1675,0,6558,17058,17058,12768,18825
1676,0,4317,14817,14817,19783,15320
1677,1,24048,37573,36879,37573,16967
1678,0,444,10944,10944,37152,38163
1679,0,5519,16019,16019,20239,15824
1680,0,858,11358,11358,17014,20283
1681,0,7717,18217,18217,20370,14852
1682,0,4439,14939,14939,19990,35076
1683,0,5321,15821,15821,19574,38819
1684,0,841,11341,11341,15613,20944
1685,0,24545,36097,36097,19842,17382
1686,0,21763,35524,35524,15932,18479
1687,0,22605,37848,37848,18818,14477
1688,0,21119,35507,35507,20589,19915
1689,0,994,11494,11494,20003,19204
1690,5,23143,38807,15276,37672,14560
1691,0,9001,19501,19501,12584,14176
1692,1,1554,12054,13205,12054,19189
1693,371,23920,38470,15226,18555,15982
1694,2,1973,12473,12707,35059,12473
1695,0,1951,12451,12451,16118,14640
1696,5,21921,38102,19092,11413,18929
1697,0,9494,19994,19994,10783,15733
1698,748,24717,38296,12104,16747,18897
1699,0,10275,20775,20775,17055,17168
1700,0,2513,13013,13013,17351,11520
1701,0,5559,16059,16059,15939,18351
1702,0,25418,35112,35112,36614,14464
1703,0,2835,13335,13335,18744,11102
1704,0,4700,15200,15200,18054,15539
1705,0,2445,12945,12945,12745,34708
1706,0,2233,12733,12733,18477,14263
1707,0,3050,13550,13550,17330,36747
1708,2,10024,20524,15950,37053,20524
1709,0,400,10900,10900,37156,37824
1710,4,9264,19764,37224,37997,15315
1711,0,7589,18089,18089,19039,17138
1712,0,5198,15698,15698,15278,13730
1713,0,7719,18219,18219,20421,17562
1714,0,9858,20358,20358,19492,12867
1715,0,1023,11523,11523,11013,13637
1716,0,3298,13798,13798,36261,16635
1717,0,6494,16994,16994,14790,15093
1718,0,9069,19569,19569,35994,36213
1719,3,21934,38607,16827,18853,13360
1720,0,6912,17412,17412,35617,11712
1721,0,7968,18468,18468,19651,35828
1722,0,8140,18640,18640,14138,37007
1723,0,4241,14741,14741,13137,37070
1724,0,5424,15924,15924,35836,12505
1725,1,7364,17864,19142,17864,11702
1726,0,7745,18245,18245,36539,18358
1727,14,6498,16998,17386,11278,14132
1728,14,23261,36251,15852,12699,17254
1729,0,4080,14580,14580,20357,13633
1730,0,803,11303,11303,10576,11799
1731,0,1550,12050,12050,13690,19153
1732,15,1009,11509,11283,11935,18402
1733,0,21449,38920,38920,37813,20194
1734,301,8677,19177,16366,12791,36298
1735,0,2737,13237,13237,19476,19709
1736,304,6247,16747,36964,10953,12267
1737,0,5095,15595,15595,34903,35209
1738,0,648,11148,11148,16264,15455
1739,6,8810,19310,14595,11702,16675
1740,0,2862,13362,13362,16515,14328
1741,1558,4975,15475,18805,14176,14366
1742,2,7134,17634,12670,12178,17634
1743,0,23161,37224,37224,37997,19764
1744,3,7811,18311,38186,17547,18616
1745,0,550,11050,11050,18927,38763
1746,0,23203,35188,35188,37526,13236
1747,18,5617,16117,12570,13593,13333
1748,0,7757,18257,18257,12363,16721
1749,0,22313,38250,38250,13306,36709
1750,0,211,10711,10711,36542,38663
1751,0,24694,36492,36492,35454,37140
1752,0,23793,35584,35584,10562,14472
1753,0,1781,12281,12281,13420,38125
1754,154,23353,34902,11162,13249,18027
1755,3,3543,14043,10655,35129,13396
1756,0,7477,17977,17977,36421,11212
1757,0,1438,11938,11938,12032,35994
1758,0,2515,13015,13015,18404,34921
1759,0,2868,13368,13368,16915,34841
1760,1,2434,12934,16669,12934,36714
1761,0,5045,15545,15545,17043,13725
1762,0,4792,15292,15292,17089,37541
1763,0,22451,34833,34833,16091,17014
1764,0,9265,19765,19765,36618,18131
1765,0,9485,19985,19985,14669,16475
1766,1,1314,11814,18690,11814,36985
1767,0,22859,38815,38815,38005,18655
1768,0,6515,17015,17015,18323,15259
1769,0,24918,36702,36702,19726,18772
1770,0,3979,14479,14479,15262,19469
1771,0,12,10512,10512,35722,13479
1772,0,6510,17010,17010,16194,35745
1773,0,818,11318,11318,20422,11159
1774,0,2784,13284,13284,20517,14363
1775,0,22506,34953,34953,11790,20030
1776,0,21149,36941,36941,37142,37267
1777,2,453,10953,18976,19921,10953
1778,0,1049,11549,11549,37268,18277
1779,0,25188,38495,38495,36489,13785
1780,126,1656,12156,11985,18111,38563
1781,2,3457,13957,11665,18650,13957
1782,0,24914,35120,35120,12601,19948
1783,2,21970,37065,35960,19548,37065
1784,3,25254,36070,17110,11971,14476
1785,0,24745,37139,37139,16459,19627
1786,0,5139,15639,15639,12109,18719
1787,0,2908,13408,13408,36129,13407
1788,0,22746,36402,36402,35410,38892
1789,0,940,11440,11440,36790,18443
1790,0,9727,20227,20227,20674,35718
1791,0,8466,18966,18966,11386,13462
1792,1,21050,36406,34947,36406,20968
1793,0,7631,18131,18131,19765,18368
1794,0,7969,18469,18469,13564,12835
1795,1,9568,20068,19368,20068,37326
1796,0,4634,15134,15134,16582,20942
1797,0,8260,18760,18760,18021,20886
1798,0,7317,17817,17817,11562,17123
1799,0,21671,36261,36261,12320,12986
1800,0,1400,11900,11900,13460,14447
1801,3,9703,20203,37506,17492,13494
1802,0,30,10530,10530,17145,18167
1803,0,6258,16758,16758,19111,15071
1804,26,24602,37281,16839,38390,17621
1805,0,3677,14177,14177,13216,10654
1806,0,672,11172,11172,17106,12858
1807,0,9240,19740,19740,14200,37228
1808,1,9711,20211,13959,20211,19636
1809,0,6323,16823,16823,18931,34877
1810,0,24582,38240,38240,38282,19427
1811,1,5466,15966,11824,15966,18166
1812,1,21167,35579,16742,35579,17443
1813,0,21464,38444,38444,17288,11391
1814,2,22559,34703,20554,12393,34703
1815,0,1108,11608,11608,20773,11378
1816,2,22660,35397,16909,34719,35397
1817,0,21340,37548,37548,17726,13670
1818,0,3229,13729,13729,11603,14937
1819,0,7584,18084,18084,35566,11003
1820,0,9450,19950,19950,15161,20696
1821,0,8138,18638,18638,19202,19440
1822,4,3319,13819,15310,18936,20985
1823,1,24477,36370,36852,36370,38532
1824,0,5835,16335,16335,14055,14800
1825,0,7496,17996,17996,20138,36485
1826,0,9228,19728,19728,18602,19266
1827,68,23552,36952,15950,19532,14132
1828,0,10245,20745,20745,18084,15136
1829,0,2553,13053,13053,19353,20776
1830,0,4775,15275,15275,34783,15439
1831,0,6341,16841,16841,12376,13840
1832,0,2686,13186,13186,34850,18251
1833,0,7553,18053,18053,12615,36978
1834,7,24688,35868,13319,11728,38936
1835,0,1563,12063,12063,17539,35559
1836,0,9707,20207,20207,15501,19415
1837,0,21147,34711,34711,10642,35638
1838,0,3071,13571,13571,35871,35422
1839,0,21868,36830,36830,36829,35043
1840,1264,25157,36523,20796,18965,15209
1841,0,4474,14974,14974,20030,17285
1842,1,24679,36022,14086,36022,17854
1843,0,24167,35809,35809,36136,15258
1844,0,25043,36677,36677,35181,12129
1845,0,4856,15356,15356,11345,38900
1846,1,5268,15768,17772,15768,19843
1847,0,2853,13353,13353,20407,38753
1848,15,6576,17076,37130,17157,36550
1849,0,7639,18139,18139,14329,14282
1850,0,21511,35349,35349,10794,13461
1851,0,22419,37920,37920,18442,10805
1852,0,8109,18609,18609,17534,35480
1853,0,4601,15101,15101,14452,35101
1854,0,23021,36987,36987,35238,13622
1855,1,7886,18386,37619,18386,36863
1856,3,23681,37795,38746,35590,12514
1857,0,2213,12713,12713,38135,34553
1858,4,4929,15429,10770,12737,17823
1859,0,25331,34868,34868,16704,11155
1860,0,23048,38678,38678,15657,17895
1861,0,23987,35902,35902,36594,16291
1862,0,25370,36635,36635,11507,34815
1863,0,2111,12611,12611,15461,18734
1864,1,24412,36741,34501,36741,20758
1865,0,23337,37178,37178,38021,13553
1866,2,6632,17132,17465,35609,17132
1867,0,24518,37571,37571,15955,35945
1868,0,7800,18300,18300,18045,20777
1869,5,8956,19456,38894,12503,11182
1870,0,7153,17653,17653,19460,20363
1871,0,4446,14946,14946,17545,17613
1872,0,23789,37526,37526,18427,38027
1873,6,23039,35186,13005,16937,12055
1874,0,7642,18142,18142,11410,37549
1875,0,5026,15526,15526,15932,17825
1876,0,28,10528,10528,35502,14681
1877,0,22367,38166,38166,12972,19044
1878,5,21705,36521,37683,38031,16015
1879,1,10210,20710,37775,20710,17760
1880,0,10027,20527,20527,13081,11910
1881,1,355,10855,11390,10855,15132
1882,0,1429,11929,11929,16416,36311
1883,0,25456,35024,35024,16045,16145
1884,0,22818,34850,34850,14730,13186
1885,0,25237,37630,37630,10734,20960
1886,0,22378,36222,36222,18023,35815
1887,0,24719,36299,36299,13044,35989
1888,0,332,10832,10832,17812,11221
1889,0,5643,16143,16143,37543,15391
1890,0,24372,36122,36122,20099,37748
1891,1,21129,37054,20915,37054,13425
1892,0,23050,37371,37371,12458,14112
1893,0,4224,14724,14724,12499,37600
1894,0,964,11464,11464,11915,35970
1895,0,24972,34799,34799,12659,13389
1896,0,120,10620,10620,37344,37413
1897,0,4930,15430,15430,38334,14375
1898,0,6482,16982,16982,16065,11513
1899,0,5579,16079,16079,18563,35871
1900,0,10187,20687,20687,14212,38163
1901,1,7752,18252,10504,18252,13219
1902,0,4710,15210,15210,17923,20131
1903,1,3281,13781,19547,13781,13618
1904,0,2370,12870,12870,18027,38594
1905,0,5522,16022,16022,18988,36653
1906,0,2544,13044,13044,36182,19401
1907,0,21092,35241,35241,12081,36324
1908,0,21420,35767,35767,12838,12697
1909,2,2885,13385,10622,11767,13385
1910,0,10042,20542,20542,20601,36400
1911,2,2178,12678,20063,16858,12678
1912,0,8940,19440,19440,37774,18638
1913,0,4898,15398,15398,15022,11488
1914,0,5153,15653,15653,37925,37692
1915,3,1209,11709,18493,12982,15313
1916,0,8404,18904,18904,34518,34671
1917,0,8798,19298,19298,14218,15660
1918,0,9599,20099,20099,16147,36122
1919,0,7583,18083,18083,35085,19372
1920,0,3123,13623,13623,17604,14316
1921,0,24486,35969,35969,12811,16046
1922,0,1544,12044,12044,35567,16663
1923,0,21780,35824,35824,12035,18689
1924,6,23592,38232,38498,14885,20741
1925,21,21995,34686,14712,14124,12841
1926,0,25044,37796,37796,11661,17434
1927,0,24099,35238,35238,15713,20028
1928,0,9622,20122,20122,38259,11227
1929,2,10114,20614,38608,34543,20614
1930,0,22064,37628,37628,18973,18899
1931,0,945,11445,11445,12148,13387
1932,0,23009,34656,34656,37239,14909
1933,10,4550,15050,20023,36941,20593
1934,1,25278,37442,16722,37442,36819
1935,1,22882,36167,11363,36167,11052
1936,0,7889,18389,18389,12990,13936
1937,0,24734,36137,36137,38099,11760
1938,0,9058,19558,19558,35185,13939
1939,0,23247,38244,38244,12151,16641
1940,1,1675,12175,19739,12175,38801
1941,0,22351,36508,36508,13451,38767
1942,0,1561,12061,12061,19289,13567
1943,0,25436,35547,35547,17401,18502
1944,1,22153,38424,18673,38424,14699
1945,0,22053,34539,34539,13724,14365
1946,4,6213,16713,15870,35777,12679
1947,0,23831,34806,34806,38552,20780
1948,0,6044,16544,16544,18783,35640
1949,0,4541,15041,15041,20150,35962
1950,0,1782,12282,12282,12200,19509
1951,0,7159,17659,17659,15126,18320
1952,8,21548,38555,13832,19524,11055
1953,0,1095,11595,11595,35472,12264
1954,1,7111,17611,11069,17611,17822
1955,0,21469,34616,34616,35246,35044
1956,2,7627,18127,16100,36840,18127
1957,0,3287,13787,13787,37208,15487
1958,0,22335,36350,36350,37321,15244
1959,0,677,11177,11177,12317,12446
1960,0,6193,16693,16693,19193,19995
1961,1,2605,13105,12679,13105,16713
1962,0,1392,11892,11892,13252,13442
1963,0,6967,17467,17467,11879,34987
1964,0,24708,36933,36933,36194,20776
1965,0,752,11252,11252,14023,38068
1966,1,1711,12211,17164,12211,16476
1967,0,3737,14237,14237,34576,11325
1968,0,23128,38635,38635,18158,17890
1969,0,22288,36766,36766,14182,17708
1970,1,3215,13715,18734,13715,15706
1971,0,797,11297,11297,12377,35476
1972,0,25353,36374,36374,36612,37443
1973,0,1777,12277,12277,18009,12343
1974,0,4113,14613,14613,10593,14324
1975,9,1770,12270,20902,13053,18652
1976,1,22133,37615,13991,37615,11751
1977,0,10175,20675,20675,34864,35047
1978,7,23075,36739,14794,18483,20853
1979,0,6975,17475,17475,17434,34912
1980,0,6412,16912,16912,34705,35585
1981,0,3022,13522,13522,35624,15079
1982,0,4228,14728,14728,35899,18484
1983,0,25065,37757,37757,11185,16493
1984,1,3012,13512,14682,13512,17356
1985,76,21101,38735,11971,37897,36070
1986,0,9957,20457,20457,37938,38697
1987,0,5764,16264,16264,11418,37733
1988,0,21044,38955,38955,11603,15280
1989,0,4619,15119,15119,11369,16913
1990,4,24126,34955,19445,34925,15935
1991,35,6753,17253,35489,17287,10567
1992,7,9396,19896,13556,38201,36817
1993,3,9933,20433,11593,13980,20593
1994,5,527,11027,36108,14258,20036
1995,1,366,10866,15596,10866,17849
1996,0,6098,16598,16598,14654,14500
1997,1,23688,37729,19646,37729,16855
1998,0,4264,14764,14764,34831,18348
1999,0,4262,14762,14762,34867,12749
2000,3,22204,35711,38945,14034,38885
2001,0,1919,12419,12419,35743,14768
2002,0,701,11201,11201,17873,36724
2003,2,6170,16670,19178,20672,16670
2004,0,9251,19751,19751,36465,19618
2005,0,9406,19906,19906,37558,12607
2006,0,5018,15518,15518,12427,13572
2007,1,7303,17803,37926,17803,19976
2008,0,4423,14923,14923,35511,36667
2009,0,24219,35808,35808,11480,19109
2010,0,4868,15368,15368,37493,11348
2011,0,1298,11798,11798,19355,11821
2012,0,10127,20627,20627,37301,13671
2013,3,1352,11852,35328,13743,12185
2014,3,2926,13426,34817,34657,14315
2015,0,7874,18374,18374,10789,14777
2016,0,21886,35595,35595,18147,20154
2017,0,1287,11787,11787,16043,12648
2018,0,6598,17098,17098,14256,14945
2019,0,24522,35246,35246,34616,14863
2020,0,24755,36225,36225,37967,20780
2021,0,4350,14850,14850,15915,35281
2022,0,10138,20638,20638,36492,19404
2023,0,3697,14197,14197,11658,19168
2024,0,2013,12513,12513,36256,34467
2025,0,22581,37549,37549,20927,17222
2026,2,4373,14873,37697,14710,14873
2027,0,9029,19529,19529,14323,16468
2028,0,5677,16177,16177,16110,14643
2029,1,23243,38299,38829,38299,14154
2030,0,8482,18982,18982,11890,14918
2031,3,2147,12647,11165,19943,20709
2032,0,8416,18916,18916,11871,13210
2033,0,2705,13205,13205,11492,19791
2034,0,5473,15973,15973,20898,16140
2035,0,9124,19624,19624,14339,13697
2036,0,2570,13070,13070,18615,35363
2037,2,25318,36245,16569,38948,36245
2038,0,9226,19726,19726,19218,36702
2039,0,9660,20160,20160,36863,10787
2040,0,23670,37386,37386,36179,37433
2041,0,24954,34946,34946,36107,36575
2042,30,23436,37986,20740,38608,14721
2043,0,810,11310,11310,11080,36012
2044,0,23023,38215,38215,11373,17493
2045,1,5684,16184,18876,16184,11387
2046,2,8250,18750,35882,10671,18750
2047,0,312,10812,10812,11144,16666
2048,0,2073,12573,12573,13191,19980
2049,19,10419,20919,38844,15822,10641
2050,0,24864,35227,35227,14852,17854
2051,0,24916,34938,34938,19820,14053
2052,0,885,11385,11385,38393,38064
2053,0,1477,11977,11977,38024,15224
2054,0,1790,12290,12290,15078,17994
2055,0,8115,18615,18615,11004,36207
2056,0,25175,34947,34947,36406,13746
2057,0,2008,12508,12508,14862,19047
2058,0,3454,13954,13954,35163,34477
2059,1,682,11182,38894,11182,19940
2060,0,3895,14395,14395,37391,37651
2061,0,21689,38497,38497,38201,13556
2062,0,8793,19293,19293,16957,13450
2063,0,6660,17160,17160,14420,35482
2064,1,57,10557,38498,10557,17922
2065,0,21343,34985,34985,11763,16093
2066,11,22686,37500,20446,17410,19212
2067,0,6765,17265,17265,34484,14055
2068,0,2399,12899,12899,11034,14100
2069,0,9693,20193,20193,19757,37563
2070,2,21333,38404,13680,12593,38404
2071,0,4126,14626,14626,36113,36037
2072,0,8819,19319,19319,18911,12680
2073,0,9287,19787,19787,12342,10813
2074,0,1468,11968,11968,15712,13651
2075,5,5761,16261,11705,36138,20613
2076,0,1416,11916,11916,20419,16419
2077,0,470,10970,10970,20209,14681
2078,0,2358,12858,12858,17106,16302
2079,0,2722,13222,13222,20660,13030
2080,1,7047,17547,17479,17547,19764
2081,0,8191,18691,18691,12853,12869
2082,0,21013,36747,36747,13550,13003
2083,0,22772,36675,36675,20138,13137
2084,0,8814,19314,19314,38065,14527
2085,4,4525,15025,15282,18504,38912
2086,0,4610,15110,15110,35889,15166
2087,0,21232,35030,35030,14972,14195
2088,0,22999,36039,36039,18640,10702
2089,3,6041,16541,35741,18363,11281
2090,0,24304,35530,35530,35125,11784
2091,0,3869,14369,14369,36314,37925
2092,0,9392,19892,19892,12896,18082
2093,0,21481,38349,38349,38316,13219
2094,0,25434,36876,36876,12877,18445
2095,0,23240,37407,37407,36802,35496
2096,0,6817,17317,17317,13829,13107
2097,0,21281,34506,34506,19725,20500
2098,2,22389,35741,11281,18363,35741
2099,0,4674,15174,15174,14973,38409
2100,37,1055,11555,37468,38358,10513
2101,0,2281,12781,12781,36559,15031
2102,0,24134,36743,36743,12829,36331
2103,22,24628,38390,17765,20410,17680
2104,0,24471,35502,35502,19056,16355
2105,0,1924,12424,12424,38123,11508
2106,0,6379,16879,16879,34885,19993
2107,0,4907,15407,15407,12073,34918
2108,0,23617,37409,37409,16376,37548
2109,2,25252,37520,17579,34738,37520
2110,0,1075,11575,11575,38247,11481
2111,74,1115,11615,16747,15615,16894
2112,1,3936,14436,20561,14436,38224
2113,0,3533,14033,14033,16241,19069
2114,7,23868,35426,20282,16191,16827
2115,0,460,10960,10960,34508,18847
2116,0,3032,13532,13532,14845,13986
2117,0,4207,14707,14707,14685,14840
2118,0,23790,37332,37332,35771,10989
2119,0,6398,16898,16898,34776,34881
2120,0,5841,16341,16341,10905,14268
2121,0,6625,17125,17125,20988,12777
2122,0,1452,11952,11952,15836,18452
2123,0,2149,12649,12649,11180,11580
2124,13,319,10819,11139,36587,10893
2125,0,9048,19548,19548,11532,18401
2126,0,7518,18018,18018,19116,12868
2127,0,1922,12422,12422,17797,35429
2128,3,10393,20893,13142,14856,38217
2129,1,21189,37290,11275,37290,35165
2130,401,9638,20138,12982,17920,38511
2131,0,22724,36053,36053,15589,20240
2132,3,7458,17958,12475,16215,19859
2133,0,8743,19243,19243,11097,35186
2134,0,21188,38123,38123,35383,12424
2135,0,2129,12629,12629,15464,19684
2136,0,6403,16903,16903,14021,37392
2137,0,7556,18056,18056,14473,36410
2138,0,6478,16978,16978,11877,14798
2139,1,6300,16800,37361,16800,13044
2140,0,8663,19163,19163,19874,35102
2141,0,23982,35169,35169,35547,19950
2142,0,23569,35905,35905,11895,16081
2143,1,22668,36268,11589,36268,16703
2144,0,2509,13009,13009,18554,13439
2145,1,1052,11552,17337,11552,13572
2146,2,6152,16652,16147,16358,16652
2147,0,1681,12181,12181,16296,15860
2148,0,10282,20782,20782,36326,38627
2149,0,4067,14567,14567,37777,15356
2150,2,5024,15524,20428,18948,15524
2151,3,1456,11956,12713,35490,37871
2152,0,8214,18714,18714,13980,19946
2153,5,361,10861,36436,11819,36653
2154,0,8668,19168,19168,18537,37306
2155,0,24453,38345,38345,34600,12745
2156,1,24546,36964,14083,36964,19075
2157,2,22167,38763,10624,19946,38763
2158,0,3145,13645,13645,37954,15301
2159,0,22894,37422,37422,13691,13634
2160,0,22966,34731,34731,35900,20919
2161,3,505,11005,35960,14081,36387
2162,0,10418,20918,20918,15707,35482
2163,0,6847,17347,17347,36973,12560
2164,0,21476,38417,38417,20372,38310
2165,4,22069,38693,38634,17488,17167
2166,0,25310,36256,36256,14081,10824
2167,0,25212,35941,35941,35737,17313
2168,0,540,11040,11040,20435,17985
2169,0,4235,14735,14735,36681,16763
2170,0,5507,16007,16007,36444,38504
2171,0,22764,36660,36660,35446,12523
2172,0,23698,34885,34885,16879,18116
2173,0,9850,20350,20350,34669,16256
2174,1,24438,37507,12726,37507,20545
2175,2,754,11254,37525,15729,11254
2176,1,9355,19855,14608,19855,12025
2177,1,2003,12503,19940,12503,11182
2178,0,2542,13042,13042,17950,37999
2179,4,6073,16573,17904,14223,37530
2180,0,2918,13418,13418,16312,16162
2181,0,21451,38005,38005,10624,37843
2182,0,5218,15718,15718,17191,10764
2183,0,8045,18545,18545,11161,12037
2184,0,4271,14771,14771,11387,11679
2185,0,5875,16375,16375,37414,37954
2186,0,7039,17539,17539,15441,13727
2187,0,100,10600,10600,36714,12934
2188,0,21110,34761,34761,14247,20701
2189,1,21162,38114,34830,38114,20599
2190,1,6862,17362,34691,17362,15510
2191,4,5362,15862,16546,18494,18609
2192,0,4766,15266,15266,11821,17274
2193,0,7753,18253,18253,19218,20064
2194,1,4880,15380,38358,15380,14832
2195,0,9252,19752,19752,13698,34937
2196,0,601,11101,11101,13889,38405
2197,0,9542,20042,20042,34524,13624
2198,0,23672,37345,37345,18151,38095
2199,11,6182,16682,19614,19406,11114
2200,0,7020,17520,17520,38732,16195
2201,0,22425,38952,38952,11795,12028
2202,0,2431,12931,12931,11283,18456
2203,0,8526,19026,19026,38098,14036
2204,34,1044,11544,36493,16117,36800
2205,0,21792,35556,35556,17979,36095
2206,104,1557,12057,38390,12681,16878
2207,0,5009,15509,15509,17957,36069
2208,0,1487,11987,11987,37341,16052
2209,0,6577,17077,17077,38955,18026
2210,0,10497,20997,20997,10777,37281
2211,0,23867,37758,37758,35314,19953
2212,0,23269,37559,37559,20273,37249
2213,1,2115,12615,35240,12615,18053
2214,0,5795,16295,16295,38181,20168
2215,0,24235,37285,37285,35212,12498
2216,0,7030,17530,17530,17796,11426
2217,0,8773,19273,19273,37253,38396
2218,3,5491,15991,38346,38935,16510
2219,10,25051,34489,16950,19529,13556
2220,0,618,11118,11118,38279,38446
2221,2,23759,35440,35025,37121,35440
2222,0,8341,18841,18841,12817,37669
2223,0,7645,18145,18145,37785,36695
2224,0,22536,38633,38633,19806,38045
2225,52,3396,13896,14200,11635,19740
2226,0,1600,12100,12100,36304,19540
2227,0,23751,36890,36890,14354,16451
2228,2,10474,20974,19431,15495,20974
2229,68,1615,12115,15488,38754,20548
2230,0,1752,12252,12252,11076,38361
2231,0,25209,34657,34657,13679,34817
2232,0,2040,12540,12540,14728,12799
2233,0,2083,12583,12583,11374,16617
2234,0,8983,19483,19483,16099,36514
2235,0,21085,37273,37273,13755,12671
2236,4,6199,16699,13226,38208,20248
2237,0,25258,34701,34701,20821,14411
2238,0,9570,20070,20070,36288,15344
2239,0,24040,35223,35223,34542,38855
2240,0,5147,15647,15647,34493,38065
2241,0,23210,35135,35135,38299,34519
2242,0,675,11175,11175,37955,17814
2243,2,2545,13045,34473,12186,13045
2244,0,4371,14871,14871,14835,19150
2245,0,25409,36436,36436,10671,37601
2246,0,3999,14499,14499,15555,14470
2247,0,23709,38211,38211,15619,12751
2248,0,6014,16514,16514,14742,10998
2249,1,5096,15596,10866,15596,17849
2250,2,175,10675,12845,35287,10675
2251,0,21419,38248,38248,14241,18831
2252,0,2208,12708,12708,13566,37544
2253,0,3609,14109,14109,37528,38740
2254,0,21575,35689,35689,18537,19866
2255,0,23425,38718,38718,17712,35124
2256,0,3787,14287,14287,35090,12913
2257,0,21341,36440,36440,16317,36441
2258,0,21565,34645,34645,35744,19139
2259,0,6458,16958,16958,34908,15043
2260,5,2225,12725,17467,37088,16990
2261,0,3049,13549,13549,37772,16845
2262,0,296,10796,10796,14633,12887
2263,0,1126,11626,11626,36196,36613
2264,1,8414,18914,35145,18914,38132
2265,244,23193,38241,20186,19776,16948
2266,0,21383,35837,35837,17328,12789
2267,0,2441,12941,12941,18292,15470
2268,26,22893,36846,15391,15070,18659
2269,0,7033,17533,17533,16702,35568
2270,0,1322,11822,11822,10735,37791
2271,0,1603,12103,12103,13832,19691
2272,0,4210,14710,14710,36304,36786
2273,0,23563,37675,37675,12853,18691
2274,0,24268,36878,36878,13332,37099
2275,0,25030,35271,35271,36579,38809
2276,0,4065,14565,14565,38463,20563
2277,5,1294,11794,10814,38793,13463
2278,4241,5007,15507,38699,17106,16966
2279,3,6069,16569,37113,19430,15975
2280,0,6386,16886,16886,35309,20313
2281,0,24426,37987,37987,35911,38552
2282,0,23862,37079,37079,20119,18638
2283,62,23951,37906,16069,38735,17770
2284,1,4071,14571,16385,14571,12442
2285,2,1507,12007,20561,34755,12007
2286,0,23837,35707,35707,15345,36076
2287,1,1559,12059,19238,12059,14819
2288,0,8904,19404,19404,35164,20638
2289,0,5577,16077,16077,11348,38743
2290,0,6860,17360,17360,16398,13889
2291,0,9666,20166,20166,13762,14153
2292,0,24065,36620,36620,10690,14722
2293,0,7744,18244,18244,37092,35729
2294,0,1836,12336,12336,20173,38710
2295,0,5611,16111,16111,19594,10874
2296,0,7660,18160,18160,15533,18775
2297,0,24739,34725,34725,38888,14870
2298,4,5335,15835,36210,35287,37781
2299,0,1354,11854,11854,15651,16642
2300,0,4141,14641,14641,14985,35461
2301,0,9030,19530,19530,17664,11595
2302,56,10278,20778,14083,12259,20047
2303,6,22510,37196,14174,19902,15855
2304,0,4844,15344,15344,10637,17509
2305,0,4723,15223,15223,37081,18850
2306,1,6260,16760,15586,16760,11480
2307,0,23430,37399,37399,16771,20120
2308,51,3280,13780,14667,19532,14128
2309,0,4032,14532,14532,37506,12769
2310,3,6720,17220,38915,11733,38789
2311,0,1235,11735,11735,14106,14467
2312,0,24259,37568,37568,13061,19442
2313,0,9597,20097,20097,35309,14119
2314,0,22127,34522,34522,15995,35916
2315,0,22588,37331,37331,11279,10647
2316,0,10200,20700,20700,17009,37037
2317,0,2251,12751,12751,36037,37188
2318,0,1025,11525,11525,16837,37624
2319,0,21880,35621,35621,20518,11354
2320,0,8396,18896,18896,37363,14412
2321,0,6649,17149,17149,35197,16005
2322,0,25445,38262,38262,34902,13249
2323,5,8074,18574,18979,20944,37902
2324,0,7019,17519,17519,17439,35489
2325,34,3397,13897,19985,36257,37906
2326,0,313,10813,10813,19787,10598
2327,10,636,11136,16261,38608,37222
2328,5,6149,16649,11388,18848,19132
2329,1,8574,19074,18809,19074,17641
2330,0,25112,35216,35216,12334,19464
2331,0,9571,20071,20071,13016,19766
2332,0,22837,36719,36719,19566,20204
2333,0,8086,18586,18586,14580,13633
2334,0,8066,18566,18566,20045,13973
2335,0,8131,18631,18631,16265,36251
2336,0,2970,13470,13470,10624,19946
2337,0,8473,18973,18973,38161,34607
2338,0,2584,13084,13084,13141,16478
2339,1,8639,19139,37184,19139,35534
2340,0,3885,14385,14385,37019,20546
2341,0,21716,38376,38376,38892,38218
2342,0,23282,36386,36386,16245,20196
2343,1,4771,15271,36190,15271,14490
2344,0,21293,37591,37591,13764,34922
2345,0,21392,34674,34674,36680,10852
2346,2,6697,17197,36360,36041,17197
2347,1,6942,17442,16182,17442,18892
2348,4,22642,35173,17264,10708,38892
2349,0,23142,36598,36598,36399,38627
2350,2,8689,19189,11492,13205,19189
2351,0,23571,35659,35659,14924,13074
2352,0,6058,16558,16558,19798,20123
2353,0,1840,12340,12340,19289,37032
2354,4,22809,37600,37773,35703,38186
2355,0,1564,12064,12064,12761,15785
2356,0,3673,14173,14173,38713,37814
2357,0,23367,34781,34781,14096,11472
2358,0,21574,36946,36946,13395,14427
2359,0,4698,15198,15198,13639,17670
2360,0,24256,38923,38923,11533,11360
2361,262,3320,13820,37106,13005,14954
2362,0,5192,15692,15692,37424,36999
2363,0,2272,12772,12772,15840,17345
2364,0,24904,38056,38056,15164,18897
2365,19,6157,16657,35032,14797,15650
2366,0,4254,14754,14754,12166,17079
2367,0,4773,15273,15273,36928,15397
2368,0,6575,17075,17075,12174,20596
2369,0,10087,20587,20587,36868,20848
2370,0,4709,15209,15209,13135,13854
2371,0,847,11347,11347,37766,13430
2372,2,7580,18080,12565,14005,18080
2373,0,5544,16044,16044,10590,19970
2374,0,5526,16026,16026,36094,16993
2375,0,838,11338,11338,10875,14084
2376,0,5461,15961,15961,36479,11512
2377,0,9809,20309,20309,12256,17028
2378,0,8545,19045,19045,35754,10711
2379,0,7457,17957,17957,18069,36069
2380,0,4597,15097,15097,19690,18354
2381,0,5916,16416,16416,11929,37553
2382,0,1417,11917,11917,13148,13702
2383,43,5785,16285,38549,19982,14714
2384,260,25329,37142,11901,14356,14637
2385,1,3848,14348,20459,14348,12748
2386,0,604,11104,11104,18918,15502
2387,131,9365,19865,16858,36787,12168
2388,0,22324,37141,37141,37342,14176
2389,3,2078,12578,12747,38285,16739
2390,0,9712,20212,20212,11760,13051
2391,1,2311,12811,35546,12811,35969
2392,0,9071,19571,19571,17211,14896
2393,16,4343,14843,18330,13074,10749
2394,0,1471,11971,11971,18433,20241
2395,0,1982,12482,12482,36332,35733
2396,0,8522,19022,19022,19299,36311
2397,65,4466,14966,38613,18400,38136
2398,0,199,10699,10699,17360,17930
2399,7,6676,17176,10783,15733,15834
2400,0,485,10985,10985,19584,11158
2401,0,3270,13770,13770,11651,38162
2402,0,4724,15224,15224,15173,11977
2403,5,5728,16228,11964,34832,18118
2404,1,2823,13323,38768,13323,37349
2405,0,4551,15051,15051,19033,37029
2406,0,25040,36966,36966,37381,20974
2407,0,5336,15836,15836,20135,17493
2408,0,3245,13745,13745,13804,11769
2409,0,4453,14953,14953,19016,11595
2410,0,10217,20717,20717,35401,20954
2411,0,5817,16317,16317,37711,36441
2412,0,10219,20719,20719,16387,12753
2413,0,3749,14249,14249,20622,35778
2414,0,2202,12702,12702,38234,16381
2415,1,8293,18793,37065,18793,36598
2416,0,21108,36182,36182,18825,13044
2417,7,2794,13294,35371,38035,12224
2418,13,7259,17759,15543,37451,14542
2419,1,21856,36205,36442,36205,17865
2420,0,24825,35961,35961,35439,20679
2421,0,524,11024,11024,14214,12590
2422,0,10499,20999,20999,16085,35000
2423,0,23869,37841,37841,13121,38568
2424,0,947,11447,11447,14800,18852
2425,0,23902,35517,35517,20976,16804
2426,0,24016,38615,38615,36968,16011
2427,0,21954,35822,35822,35907,14797
2428,7,1280,11780,13157,36791,16102
2429,0,9234,19734,19734,16650,19962
2430,3,122,10622,37920,19346,12936
2431,16,4366,14866,11792,20530,16298
2432,0,5885,16385,16385,18719,11290
2433,0,7068,17568,17568,38689,14141
2434,0,7917,18417,18417,15511,38375
2435,0,2302,12802,12802,19232,17258
2436,0,23671,37501,37501,37886,35601
2437,0,21316,37607,37607,20973,19675
2438,0,9414,19914,19914,20498,38713
2439,1,5820,16320,13709,16320,20217
2440,23,10311,20811,15890,12069,14494
2441,11,1005,11505,37420,17457,13810
2442,183,3460,13960,38363,37232,38102
2443,1,8211,18711,19556,18711,16228
2444,3,24667,36404,17040,35512,12717
2445,0,24293,37440,37440,19698,38948
2446,0,3055,13555,13555,35772,18467
2447,46,3566,14066,20861,16903,11505
2448,0,7066,17566,17566,11252,18497
2449,0,2132,12632,12632,38684,17217
2450,0,501,11001,11001,36613,37963
2451,0,22332,37241,37241,35742,19281
2452,1,3185,13685,17397,13685,17521
2453,0,6153,16653,16653,19344,20173
2454,0,8129,18629,18629,20252,12064
2455,0,229,10729,10729,12146,12796
2456,0,8881,19381,19381,14374,15199
2457,1,4001,14501,13695,14501,19774
2458,0,24898,36248,36248,38550,38680
2459,0,23317,37669,37669,20503,15894
2460,0,21563,34460,34460,37449,14522
2461,0,9202,19702,19702,13117,12918
2462,0,3007,13507,13507,18089,17138
2463,0,9383,19883,19883,35164,12026
2464,0,4587,15087,15087,35543,16697
2465,12,4221,14721,19794,13494,16553
2466,0,4305,14805,14805,17629,37002
2467,0,23497,38406,38406,19745,20196
2468,4,7571,18071,16150,15032,20731
2469,0,2750,13250,13250,16998,16642
2470,0,8992,19492,19492,12000,12698
2471,0,8857,19357,19357,11669,37321
2472,22,4376,14876,12862,18173,18304
2473,0,2944,13444,13444,11673,13596
2474,0,24746,34622,34622,13750,13147
2475,0,22519,38959,38959,16379,14282
2476,0,2718,13218,13218,11447,16335
2477,0,3362,13862,13862,19961,36912
2478,0,21666,35143,35143,34574,14175
2479,6,8459,18959,11104,36633,11554
2480,0,5824,16324,16324,20429,10959
2481,0,21371,35857,35857,13118,37015
2482,0,22743,38573,38573,34992,37299
2483,0,5230,15730,15730,16124,20638
2484,0,9792,20292,20292,11738,19407
2485,0,6746,17246,17246,19312,15615
2486,0,4161,14661,14661,18713,14772
2487,0,23528,36742,36742,19670,10890
2488,0,25215,35484,35484,11577,16791
2489,0,6878,17378,17378,11211,36791
2490,0,8608,19108,19108,18991,13373
2491,0,24496,37890,37890,19074,17584
2492,1,5322,15822,38844,15822,36115
2493,0,5561,16061,16061,13649,13549
2494,0,8928,19428,19428,11037,37820
2495,1,10298,20798,35839,20798,19771
2496,70,22445,37134,14270,16025,10897
2497,0,21525,37247,37247,18545,15499
2498,0,25133,35676,35676,18737,36835
2499,0,7463,17963,17963,15867,16693
2500,0,4867,15367,15367,20178,17940
2501,76,8742,19242,11283,18897,15039
2502,0,1017,11517,11517,20273,13486
2503,0,7949,18449,18449,14440,12862
2504,0,7646,18146,18146,18648,20810
2505,6,9627,20127,36924,19310,13838
2506,0,1928,12428,12428,19664,37944
2507,2,350,10850,15776,18968,10850
2508,1,6703,17203,38933,17203,17271
2509,2,23201,37155,34998,11093,37155
2510,0,223,10723,10723,14549,37050
2511,2,6030,16530,10958,14172,16530
2512,0,23732,37980,37980,15047,17122
2513,0,21529,36985,36985,16178,13843
2514,0,23567,38339,38339,38340,37372
2515,0,9174,19674,19674,20444,37915
2516,0,2500,13000,13000,11004,19671
2517,1,10328,20828,14603,20828,19747
2518,0,24200,35095,35095,34474,11378
2519,0,564,11064,11064,38672,17782
2520,1,1582,12082,37851,12082,11199
2521,69,5545,16045,35970,35407,14400
2522,0,2175,12675,12675,11931,36196
2523,5,9924,20424,12639,19123,36916
2524,0,22330,36414,36414,18345,12410
2525,0,23649,38930,38930,36968,20254
2526,0,3933,14433,14433,10754,38041
2527,0,24475,35904,35904,19250,16173
2528,0,2707,13207,13207,35754,36723
2529,0,24652,38774,38774,19595,34867
2530,0,9976,20476,20476,15587,36729
2531,0,5211,15711,15711,20961,37031
2532,0,21359,38545,38545,17368,37867
2533,0,9210,19710,19710,15697,35186
2534,0,23499,35886,35886,16477,16332
2535,0,3535,14035,14035,18600,13091
2536,1,8265,18765,14971,18765,12774
2537,0,24064,38360,38360,14667,14326
2538,4,2397,12897,14565,38463,20563
2539,7,6657,17157,17333,19321,17076
2540,49,3739,14239,14525,20922,18730
2541,0,22184,35661,35661,18643,17759
2542,0,821,11321,11321,17216,36587
2543,0,2063,12563,12563,38824,15306
2544,0,24850,37790,37790,17567,18497
2545,0,10120,20620,20620,20121,18581
2546,0,81,10581,10581,13261,38351
2547,0,5419,15919,15919,14871,36987
2548,4,23752,38592,18806,16493,37757
2549,0,21028,37857,37857,15010,16738
2550,0,9904,20404,20404,35573,17608
2551,0,2697,13197,13197,12793,13808
2552,0,831,11331,11331,19664,15583
2553,1,4574,15074,18430,15074,14561
2554,1,3826,14326,38360,14326,34634
2555,0,5924,16424,16424,20028,34577
2556,0,22734,34677,34677,12697,35454
2557,0,1397,11897,11897,36537,18555
2558,2,10251,20751,20933,10678,20751
2559,12,2833,13333,13593,34681,20421
2560,0,9921,20421,20421,10936,34681
2561,0,24115,37908,37908,20067,38274
2562,0,24909,38260,38260,10628,38152
2563,2,22560,37091,19135,20650,37091
2564,0,24264,37227,37227,35690,38167
2565,0,25421,35558,35558,36103,36249
2566,0,48,10548,10548,34574,14555
2567,0,9156,19656,19656,19977,35206
2568,0,8550,19050,19050,34723,11681
2569,0,24102,36854,36854,13092,11745
2570,0,6512,17012,17012,12854,37910
2571,2,24613,35396,34779,11562,35396
2572,0,7335,17835,17835,10636,15670
2573,0,24258,35201,35201,36208,34492
2574,0,6357,16857,16857,12468,35698
2575,0,4095,14595,14595,19142,11702
2576,0,2689,13189,13189,13583,11784
2577,1,1189,11689,36793,11689,11796
2578,0,21180,35442,35442,16524,11941
2579,0,4845,15345,15345,36076,17867
2580,3,5210,15710,19261,36013,12856
2581,0,3990,14490,14490,19424,14114
2582,0,2373,12873,12873,35854,35503
2583,0,23466,34999,34999,35870,20766
2584,4,5676,16176,38872,11213,16794
2585,1,21884,35998,15764,35998,18260
2586,0,2758,13258,13258,20252,11191
2587,0,9936,20436,20436,10836,15929
2588,2,6607,17107,19150,11313,17107
2589,0,9747,20247,20247,13780,17210
2590,49,9639,20139,35980,18616,15382
2591,0,2488,12988,12988,34946,37495
2592,9,2579,13079,37811,38937,38470
2593,0,21528,36699,36699,10848,17557
2594,1,22728,36093,15110,36093,16569
2595,0,3880,14380,14380,35720,13699
2596,1,24942,38421,15593,38421,19159
2597,0,8854,19354,19354,36965,13634
2598,12,9527,20027,18752,37272,20239
2599,1,4934,15434,19636,15434,16594
2600,2,21624,37731,16913,38021,37731
2601,0,8145,18645,18645,36810,10847
2602,0,2209,12709,12709,12346,20823
2603,4,5235,15735,19487,18401,38627
2604,0,3945,14445,14445,38953,36583
2605,0,23669,35777,35777,12679,15756
2606,1,9694,20194,11519,20194,37343
2607,0,2164,12664,12664,13852,14057
2608,6,2886,13386,11050,20098,37472
2609,0,7852,18352,18352,15429,38293
2610,8,21152,34780,10912,11093,20766
2611,0,23404,38866,38866,38862,13736
2612,0,516,11016,11016,19999,17850
2613,0,22135,35627,35627,18974,14164
2614,0,22320,36103,36103,36257,17559
2615,0,5666,16166,16166,14017,37510
2616,0,172,10672,10672,38524,38526
2617,0,639,11139,11139,13608,19350
2618,0,9863,20363,20363,11070,38689
2619,0,8935,19435,19435,18304,13044
2620,0,21758,38361,38361,35888,13946
2621,1,7690,18190,11602,18190,20578
2622,0,5065,15565,15565,12943,34924
2623,0,1143,11643,11643,35892,12088
2624,2,24488,34729,37632,19515,34729
2625,0,22578,37625,37625,36087,38116
2626,0,22076,36513,36513,16362,20372
2627,4,9946,20446,19212,38208,15991
2628,0,1832,12332,12332,16256,10801
2629,0,25268,38741,38741,35886,20540
2630,0,8862,19362,19362,11505,13403
2631,110,3686,14186,14176,14225,13808
2632,1,6227,16727,37240,16727,13124
2633,0,5700,16200,16200,15338,13237
2634,0,23055,35306,35306,16158,36183
2635,5,23754,37535,37099,38006,13883
2636,5,4537,15037,36423,17168,10840
2637,0,3515,14015,14015,37337,20968
2638,0,9668,20168,20168,15561,37649
2639,0,834,11334,11334,35541,38345
2640,0,2486,12986,12986,36261,16635
2641,0,24910,35919,35919,12672,14236
2642,1,8539,19039,18089,19039,35288
2643,2,9286,19786,37494,14461,19786
2644,11,23578,36757,13051,11760,38099
2645,0,21319,37189,37189,37733,10604
2646,1,9316,19816,35394,19816,14896
2647,0,5467,15967,15967,36800,16691
2648,0,4915,15415,15415,13066,14170
2649,0,65,10565,10565,10663,18953
2650,0,8037,18537,18537,37306,35689
2651,0,8405,18905,18905,17359,11198
2652,0,23300,37031,37031,14172,38462
2653,0,2024,12524,12524,18647,38718
2654,2,1872,12372,15773,19747,12372
2655,3,354,10854,14556,11548,20295
2656,0,5360,15860,15860,16296,36516
2657,1,1767,12267,13383,12267,10953
2658,1,23512,36349,19716,36349,37632
2659,0,9394,19894,19894,19683,11602
2660,0,6405,16905,16905,18576,36426
2661,0,4762,15262,15262,35336,36502
2662,3,1164,11664,38948,15166,16569
2663,0,22137,36098,36098,34943,17397
2664,0,23810,37148,37148,11948,36069
2665,0,3395,13895,13895,13259,14457
2666,2,8285,18785,20761,10524,18785
2667,0,23746,36663,36663,11087,11270
2668,0,4568,15068,15068,16277,14234
2669,0,9308,19808,19808,35783,13479
2670,2,3127,13627,17709,19606,13627
2671,1,22689,37542,37337,37542,16540
2672,4,6946,17446,11942,15037,20926
2673,0,309,10809,10809,36263,12096
2674,0,7203,17703,17703,36365,37363
2675,0,8593,19093,19093,16002,37098
2676,1,21265,38045,19806,38045,38633
2677,2,22029,34589,19614,18254,34589
2678,0,23965,35577,35577,37796,11661
2679,0,4354,14854,14854,15961,35051
2680,0,8893,19393,19393,37100,38383
2681,0,10444,20944,20944,13037,34683
2682,2,8204,18704,18576,16905,18704
2683,3,3587,14087,13627,15076,13712
2684,5,7223,17723,35609,16900,17465
2685,0,2583,13083,13083,15151,34882
2686,27,7420,17920,20212,13051,34483
2687,0,2770,13270,13270,13045,12769
2688,0,4812,15312,15312,17897,12901
2689,0,22784,34742,34742,37157,36296
2690,0,10203,20703,20703,16107,38032
2691,0,5087,15587,15587,20476,36093
2692,0,324,10824,10824,19851,18590
2693,0,5171,15671,15671,38780,16451
2694,0,5648,16148,16148,37944,11057
2695,0,6743,17243,17243,14925,37034
2696,0,3209,13709,13709,16094,16320
2697,0,9307,19807,19807,18764,20927
2698,0,3905,14405,14405,13418,19980
2699,4,24162,36321,10732,38036,34773
2700,2,1292,11792,13333,12712,11792
2701,0,5638,16138,16138,18602,37433
2702,0,22270,38393,38393,11763,11385
2703,0,8499,18999,18999,35668,38183
2704,0,8899,19399,19399,13402,16140
2705,0,2379,12879,12879,12936,17918
2706,0,10431,20931,20931,19513,16564
2707,0,9497,19997,19997,38417,16104
2708,0,3634,14134,14134,37700,15098
2709,4,4169,14669,38269,36978,16475
2710,0,8687,19187,19187,14122,13387
2711,0,6658,17158,17158,16689,36272
2712,0,22102,36711,36711,19272,19310
2713,0,22017,38675,38675,37400,38118
2714,0,3428,13928,13928,38704,13211
2715,0,4421,14921,14921,11136,37947
2716,0,1101,11601,11601,36613,16845
2717,0,21161,36753,36753,18190,20546
2718,5,7900,18400,38613,38808,16484
2719,0,22454,38267,38267,37254,16879
2720,0,3250,13750,13750,34622,15554
2721,9,4409,14909,14033,16110,36863
2722,0,4140,14640,14640,17144,15311
2723,13,3557,14057,36199,37001,16070
2724,0,709,11209,11209,34618,11085
2725,0,118,10618,10618,20275,35458
2726,0,2022,12522,12522,36145,14707
2727,0,4598,15098,15098,20685,14134
2728,0,7286,17786,17786,18554,12783
2729,0,6130,16630,16630,20138,14127
2730,67,24465,34907,36048,19546,20082
2731,3,6952,17452,34681,20977,10742
2732,0,22589,37457,37457,38690,16121
2733,0,2374,12874,12874,11048,18113
2734,0,21824,38409,38409,14973,15174
2735,0,23320,34707,34707,19059,38453
2736,0,9354,19854,19854,20374,11369
2737,0,5227,15727,15727,13685,17521
2738,5,23984,35768,20251,36510,17038
2739,0,6606,17106,17106,12858,15595
2740,0,4681,15181,15181,38804,13240
2741,0,21197,37651,37651,36564,14395
2742,0,8375,18875,18875,35767,15479
2743,0,5003,15503,15503,10964,38207
2744,0,9363,19863,19863,20096,35828
2745,0,24633,36883,36883,18499,36882
2746,0,10354,20854,20854,37909,19777
2747,4,4273,14773,34832,35078,11234
2748,0,5739,16239,16239,38068,18343
2749,0,23501,36559,36559,15031,11829
2750,0,9115,19615,19615,10959,18092
2751,0,23046,37699,37699,12778,17483
2752,0,5470,15970,15970,34508,14083
2753,0,5816,16316,16316,14400,35603
2754,0,1158,11658,11658,18760,14197
2755,0,24564,37319,37319,36655,17296
2756,0,8892,19392,19392,34904,35126
2757,0,87,10587,10587,18390,18094
2758,0,7702,18202,18202,35001,10764
2759,0,3382,13882,13882,18552,10801
2760,0,22272,37392,37392,20138,19680
2761,0,24979,35448,35448,15311,17144
2762,0,403,10903,10903,15183,19238
2763,0,22613,38560,38560,13761,13268
2764,6,3350,13850,13071,36653,35998
2765,0,21523,36442,36442,36205,35879
2766,0,7591,18091,18091,13499,34791
2767,32,22602,38899,16241,12156,13926
2768,1,6378,16878,16386,16878,16029
2769,1,2241,12741,18525,12741,14645
2770,10,24366,34636,12972,38166,15376
2771,0,6552,17052,17052,37337,13746
2772,0,7559,18059,18059,19952,16898
2773,0,24415,37599,37599,14006,35230
2774,0,6310,16810,16810,36920,17256
2775,0,1027,11527,11527,14552,15497
2776,0,25447,38690,38690,34563,35590
2777,12,3803,14303,18076,38858,16464
2778,0,5517,16017,16017,13749,13935
2779,0,2436,12936,12936,37920,19346
2780,0,4689,15189,15189,15924,18339
2781,0,10124,20624,20624,18428,18055
2782,0,5298,15798,15798,11457,35331
2783,0,1278,11778,11778,19182,14271
2784,0,9236,19736,19736,20140,17763
2785,0,6856,17356,17356,13512,17274
2786,0,2042,12542,12542,20515,20500
2787,1,24801,38572,12852,38572,37435
2788,0,6654,17154,17154,15151,14259
2789,1,6074,16574,15621,16574,16571
2790,1,5157,15657,38678,15657,11840
2791,0,1425,11925,11925,16421,20895
2792,0,5027,15527,15527,10658,37808
2793,0,5281,15781,15781,11594,18907
2794,1,9216,19716,36349,19716,34729
2795,0,1502,12002,12002,17037,14882
2796,0,22712,38571,38571,19614,11114
2797,0,22763,36805,36805,20777,35491
2798,0,22492,36235,36235,18451,38631
2799,0,9675,20175,20175,36902,34850
2800,0,21756,36828,36828,13463,14080
2801,0,6064,16564,16564,36294,37843
2802,0,678,11178,11178,15082,10817
2803,0,6673,17173,17173,11491,16947
2804,0,5851,16351,16351,37264,17821
2805,0,7194,17694,17694,17504,15083
2806,0,10414,20914,20914,37731,36217
2807,0,5265,15765,15765,36493,35735
2808,0,7551,18051,18051,12671,37273
2809,0,22325,37295,37295,10982,17078
2810,0,23349,35028,35028,13224,13908
2811,15,5053,15553,11107,13856,16376
2812,0,5215,15715,15715,35667,12673
2813,1,1850,12350,36402,12350,35763
2814,0,6522,17022,17022,36303,13294
2815,0,1070,11570,11570,14296,11489
2816,1,7934,18434,15416,18434,18279
2817,0,6784,17284,17284,34637,14652
2818,0,7406,17906,17906,35497,35326
2819,5,2480,12980,16241,37239,19949
2820,0,23764,36421,36421,14919,14555
2821,2,3392,13892,11158,14683,13892
2822,0,1099,11599,11599,18965,17920
2823,0,5484,15984,15984,11015,10625
2824,0,9103,19603,19603,36813,16065
2825,0,21461,35566,35566,18084,15438
2826,0,418,10918,10918,16636,34505
2827,1,9469,19969,18694,19969,11393
2828,0,5819,16319,16319,16220,14754
2829,0,7890,18390,18390,13490,20128
2830,0,1947,12447,12447,18626,35423
2831,1,8450,18950,14244,18950,38217
2832,48,3336,13836,37037,19667,12761
2833,1,2299,12799,15622,12799,10652
2834,0,9162,19662,19662,12118,36122
2835,1,24085,34867,34894,34867,10704
2836,0,24017,38629,38629,35991,35098
2837,0,208,10708,10708,38109,13426
2838,0,8288,18788,18788,34631,18101
2839,15,3682,14182,38851,14307,38791
2840,0,24386,37640,37640,13837,11419
2841,0,8222,18722,18722,15662,19605
2842,0,22081,38532,38532,37569,38898
2843,0,528,11028,11028,17248,37174
2844,0,5329,15829,15829,36337,17586
2845,0,779,11279,11279,16143,37801
2846,0,722,11222,11222,14254,38184
2847,0,7428,17928,17928,36655,35923
2848,0,9511,20011,20011,12115,38334
2849,10,7313,17813,38107,36791,13519
2850,20,1860,12360,38141,12310,37788
2851,0,24543,36680,36680,10852,34674
2852,0,25058,38301,38301,10779,11732
2853,0,21199,36662,36662,13080,35832
2854,0,23394,37575,37575,15021,15642
2855,0,1992,12492,12492,18969,11663
2856,1,2332,12832,34714,12832,36582
2857,7,10324,20824,14307,13391,13672
2858,0,6339,16839,16839,15346,18346
2859,0,9913,20413,20413,35678,36370
2860,0,22503,37673,37673,11330,37512
2861,0,6117,16617,16617,34888,15946
2862,1,3459,13959,20211,13959,15813
2863,0,7614,18114,18114,17694,20354
2864,41,6567,17067,16832,34465,18672
2865,0,24943,35228,35228,17283,15463
2866,0,8297,18797,18797,12705,11762
2867,0,22089,35726,35726,18627,38626
2868,7,9336,19836,13832,12103,19524
2869,0,5492,15992,15992,38025,10679
2870,0,22328,37472,37472,13386,14425
2871,0,4518,15018,15018,15140,14539
2872,0,23399,34951,34951,15840,12772
2873,0,8197,18697,18697,16827,13767
2874,1,5138,15638,35685,15638,36105
2875,4,6755,17255,19633,38060,37674
2876,2,21664,35155,15547,38601,35155
2877,0,23646,38088,38088,14760,38080
2878,0,257,10757,10757,15608,10706
2879,4,23008,38909,11364,14999,16776
2880,1,23113,37190,10604,37190,37189
2881,0,24714,36882,36882,18499,18777
2882,0,24317,35921,35921,20647,18945
2883,0,6931,17431,17431,19188,13553
2884,0,9601,20101,20101,38805,38215
2885,6,23264,38340,16530,37031,14172
2886,0,3625,14125,14125,17075,18160
2887,2,702,11202,35461,16359,11202
2888,1,3189,13689,36070,13689,19182
2889,1,503,11003,12761,11003,15785
2890,1,22744,35744,19911,35744,18311
2891,0,24536,37192,37192,12238,36733
2892,0,5441,15941,15941,37431,38597
2893,0,2556,13056,13056,12261,34518
2894,0,848,11348,11348,16077,18194
2895,0,2248,12748,12748,15146,35535
2896,2,5616,16116,12412,34685,16116
2897,0,9452,19952,19952,34812,18497
2898,0,372,10872,10872,11307,35745
2899,0,23595,37249,37249,13738,36362
2900,0,5317,15817,15817,11413,19791
2901,1,22289,34584,19412,34584,10856
2902,0,5487,15987,15987,13389,35900
2903,0,5303,15803,15803,11616,20474
2904,0,4052,14552,14552,13084,12060
2905,0,3937,14437,14437,37005,15505
2906,0,6252,16752,16752,19460,17526
2907,0,23604,38800,38800,19201,12265
2908,2,9546,20046,14436,36579,20046
2909,0,25006,36187,36187,37254,38645
2910,0,22397,36522,36522,16565,20411
2911,0,4076,14576,14576,13262,38724
2912,0,997,11497,11497,12778,16061
2913,7,4332,14832,35304,15380,15928
2914,0,8610,19110,19110,14279,13202
2915,0,1176,11676,11676,38266,13781
2916,0,23400,38491,38491,37410,15845
2917,0,551,11051,11051,10648,36397
2918,0,4840,15340,15340,35367,37510
2919,0,24702,36399,36399,38627,18401
2920,0,4372,14872,14872,11309,20805
2921,0,3497,13997,13997,34919,36548
2922,7,24733,38832,17874,13972,16073
2923,0,22782,38534,38534,17774,17957
2924,2,24133,38749,11743,12097,38749
2925,1,1407,11907,37000,11907,14254
2926,0,21718,36434,36434,19614,35714
2927,20,24559,36564,35198,20254,38930
2928,0,5176,15676,15676,18532,19679
2929,0,5829,16329,16329,19912,13938
2930,0,6062,16562,16562,19775,20832
2931,0,7792,18292,18292,12941,35226
2932,0,25291,36810,36810,18733,16761
2933,1,6775,17275,12824,17275,11560
2934,3,3588,14088,17319,19927,17927
2935,0,22061,38655,38655,13195,17454
2936,6,10266,20766,13381,34998,37155
2937,0,693,11193,11193,38515,37433
2938,0,2533,13033,13033,38254,15584
2939,0,5011,15511,15511,12982,17436
2940,0,3443,13943,13943,36495,13252
2941,0,982,11482,11482,36883,18499
2942,0,9372,19872,19872,14174,16394
2943,0,5943,16443,16443,35327,12982
2944,0,21246,38091,38091,38301,20289
2945,0,4222,14722,14722,36620,13679
2946,0,91,10591,10591,36878,38787
2947,0,5652,16152,16152,15439,18913
2948,0,2266,12766,12766,11877,14798
2949,0,21855,34683,34683,18574,20944
2950,362,8031,18531,36275,12173,35224
2951,0,9512,20012,20012,19105,15601
2952,0,9573,20073,20073,20672,19178
2953,0,261,10761,10761,35777,16713
2954,4,24817,38619,16858,13504,14163
2955,0,3337,13837,13837,37640,14537
2956,0,5497,15997,15997,37517,17619
2957,37,21045,38752,10986,13973,34879
2958,0,4016,14516,14516,19835,18964
2959,0,3626,14126,14126,17928,13698
2960,0,22979,34523,34523,38498,20741
2961,120,445,10945,12524,11779,17253
2962,0,6752,17252,17252,12110,17327
2963,0,5111,15611,15611,17023,19939
2964,0,5965,16465,16465,20297,34498
2965,0,3555,14055,14055,11606,15994
2966,0,2194,12694,12694,14943,36666
2967,0,9598,20098,20098,14425,13386
2968,0,7338,17838,17838,17535,10940
2969,0,23291,36776,36776,16947,36720
2970,0,3367,13867,13867,20003,15048
2971,0,9952,20452,20452,17850,12655
2972,0,2867,13367,13367,16901,13835
2973,0,2526,13026,13026,34495,12613
2974,0,21518,36043,36043,38609,38107
2975,5,7563,18063,20213,13861,11652
2976,0,8291,18791,18791,13355,19709
2977,0,10223,20723,20723,37139,13759
2978,0,1168,11668,11668,11070,20800
2979,0,4144,14644,14644,36933,18652
2980,2,5149,15649,15506,38306,15649
2981,0,84,10584,10584,13286,37806
2982,0,3149,13649,13649,16914,35722
2983,16,23295,36588,11023,36202,16025
2984,0,880,11380,11380,11406,18409
2985,0,6747,17247,17247,38754,12700
2986,0,24711,38325,38325,11491,34862
2987,15,6535,17035,37076,37662,13300
2988,0,22658,38293,38293,10962,37618
2989,8,9056,19556,11964,35078,14241
2990,0,1467,11967,11967,37453,17457
2991,0,24392,34896,34896,36960,18733
2992,0,5641,16141,16141,36322,19713
2993,0,6537,17037,17037,12002,14882
2994,0,9418,19918,19918,19213,16186
2995,6,452,10952,14034,38945,38885
2996,1,4326,14826,17965,14826,13390
2997,0,4044,14544,14544,16773,12879
2998,1,21699,35535,15146,35535,10755
2999,2,4137,14637,37879,20367,14637
3000,0,3039,13539,13539,16534,12152
3001,0,9096,19596,19596,14121,16901
3002,0,22377,37234,37234,16535,11008
3003,0,8413,18913,18913,20317,35832
3004,0,5825,16325,16325,37821,13220
3005,0,7796,18296,18296,35267,38400
3006,0,579,11079,11079,10518,16528
3007,2,5236,15736,36004,34848,15736
3008,44,6571,17071,14232,37360,37244
3009,0,10493,20993,20993,10703,34627
3010,0,7174,17674,17674,38504,18945
3011,0,7467,17967,17967,14576,13262
3012,14,24728,34964,14094,14563,15063
3013,0,9922,20422,20422,11318,11159
3014,0,22670,34986,34986,20589,14081
3015,0,5587,16087,16087,19679,15676
3016,0,21291,35737,35737,13824,20962
3017,0,2467,12967,12967,12163,12793
3018,1,4157,14657,18968,14657,13476
3019,0,6349,16849,16849,20433,12161
3020,0,9176,19676,19676,13416,13486
3021,0,413,10913,10913,36598,18793
3022,0,402,10902,10902,15078,20702
3023,0,4428,14928,14928,17210,38440
3024,16,2084,12584,19053,12783,37672
3025,0,3057,13557,13557,37888,10794
3026,2,22824,37007,14138,18640,37007
3027,1,22967,35158,19750,35158,36572
3028,3,7060,17560,10697,19877,20384
3029,0,164,10664,10664,15487,15296
3030,1,8692,19192,38529,19192,17065
3031,0,10044,20544,20544,11353,13416
3032,0,24984,37351,37351,35272,34676
3033,0,4302,14802,14802,35076,36223
3034,1,22998,36913,17688,36913,38695
3035,0,24459,35139,35139,18117,13792
3036,1,3317,13817,17678,13817,37413
3037,0,21659,35966,35966,12048,12783
3038,0,9941,20441,20441,16329,17764
3039,3,3934,14434,38880,17827,10552
3040,0,6851,17351,17351,37196,38853
3041,0,1847,12347,12347,35143,35701
3042,0,24610,36210,36210,15835,10675
3043,0,1334,11834,11834,14336,34852
3044,0,23560,35458,35458,10618,20275
3045,0,21969,37188,37188,20017,20497
3046,0,10296,20796,20796,11599,18965
3047,0,8807,19307,19307,14530,15888
3048,0,753,11253,11253,12772,14509
3049,0,3064,13564,13564,18469,12835
3050,3,25263,36960,38206,13229,36810
3051,1,6997,17497,13508,17497,14103
3052,1,7536,18036,20432,18036,12772
3053,1,23744,35585,12014,35585,34705
3054,0,706,11206,11206,17854,36022
3055,2,3491,13991,11751,37615,13991
3056,0,9575,20075,20075,14260,19962
3057,0,24216,37523,37523,38580,20286
3058,1,4573,15073,38750,15073,37446
3059,1,22054,35574,37541,35574,15292
3060,0,7054,17554,17554,18837,20150
3061,0,5580,16080,16080,15338,37137
3062,0,24257,36599,36599,20693,35529
3063,0,6840,17340,17340,38896,38478
3064,0,3151,13651,13651,15712,11968
3065,4,23162,38334,37537,17689,36566
3066,0,6523,17023,17023,14742,15611
3067,8,24148,38803,18218,16549,37927
3068,0,3799,14299,14299,15249,13680
3069,0,4022,14522,14522,37238,12485
3070,0,8871,19371,19371,16785,18018
3071,19,1074,11574,15516,35781,19142
3072,0,10020,20520,20520,13336,34912
3073,0,10383,20883,20883,37574,17427
3074,1,3438,13938,34689,13938,17216
3075,45,22955,38330,13990,13595,36835
3076,4,22138,37376,34572,12396,14741
3077,0,9962,20462,20462,11337,38046
3078,0,2429,12929,12929,36035,35110
3079,0,246,10746,10746,37547,19706
3080,0,3815,14315,14315,34817,12407
3081,0,25326,35081,35081,35080,14642
3082,7,3632,14132,18108,38511,11278
3083,0,9990,20490,20490,12911,11825
3084,2,2262,12762,17727,38076,12762
3085,0,2246,12746,12746,14183,10513
3086,4,835,11335,36636,11554,37935
3087,1,5064,15564,15592,15564,11122
3088,1,6202,16702,36453,16702,17533
3089,0,432,10932,10932,16758,17675
3090,0,7960,18460,18460,15633,36737
3091,0,1173,11673,11673,13444,36453
3092,1,8374,18874,38305,18874,34526
3093,14,6437,16937,13604,11213,11143
3094,1,8823,19323,19665,19323,37181
3095,0,4656,15156,15156,37439,19606
3096,0,8654,19154,19154,12219,36739
3097,0,5289,15789,15789,17769,18586
3098,5,3757,14257,12393,20554,19976
3099,0,10061,20561,20561,38614,11794
3100,0,9880,20380,20380,35052,12425
3101,2,250,10750,20772,13846,10750
3102,0,7671,18171,18171,13519,36787
3103,0,23488,38639,38639,14845,38161
3104,15,7334,17834,20536,12535,13136
3105,0,23020,36880,36880,10970,16368
3106,0,7952,18452,18452,13158,17353
3107,0,8018,18518,18518,18339,17447
3108,4,21060,38169,16325,16274,13220
3109,0,3407,13907,13907,20259,38190
3110,0,2729,13229,13229,34896,36810
3111,0,24532,38813,38813,38636,38390
3112,1,8948,19448,36888,19448,38216
3113,0,433,10933,10933,18259,12074
3114,0,21930,36065,36065,11423,14118
3115,1,7422,17922,14885,17922,38498
3116,0,7592,18092,18092,10959,19615
3117,72,21890,35286,12113,10845,11901
3118,0,23214,37604,37604,15968,13752
3119,0,23724,38455,38455,16901,36656
3120,0,23696,38533,38533,13839,37448
3121,1,24414,37424,14053,37424,37852
3122,0,24181,37865,37865,34669,37085
3123,2,24890,35129,10655,14551,35129
3124,0,5629,16129,16129,34641,18610
3125,6,4002,14502,13847,20539,15628
3126,0,10455,20955,20955,19058,12573
3127,0,4753,15253,15253,12227,16075
3128,0,1332,11832,11832,34578,37844
3129,0,9854,20354,20354,18468,37034
3130,0,8101,18601,18601,36801,19826
3131,0,4196,14696,14696,18812,12227
3132,0,1443,11943,11943,37139,11867
3133,0,3681,14181,14181,17424,11630
3134,0,21458,36027,36027,36660,38364
3135,0,4310,14810,14810,19061,19668
3136,0,7448,17948,17948,36287,16578
3137,1,4899,15399,13640,15399,15949
3138,0,8272,18772,18772,36702,16060
3139,0,3985,14485,14485,19396,13083
3140,0,24123,38537,38537,14297,11685
3141,420,22202,37298,18541,16019,38716
3142,0,23603,35776,35776,13503,35002
3143,0,8784,19284,19284,14347,37472
3144,278,2569,13069,17173,36776,11886
3145,1,24043,34672,34716,34672,17146
3146,0,4277,14777,14777,38187,35944
3147,2,3666,14166,11457,18502,14166
3148,0,21282,35735,35735,36493,11544
3149,0,22732,38817,38817,38673,11406
3150,0,2446,12946,12946,17647,37768
3151,0,6821,17321,17321,12623,16302
3152,0,25293,37095,37095,38219,19730
3153,1,6520,17020,35560,17020,11019
3154,0,5802,16302,16302,18207,12326
3155,0,3657,14157,14157,35794,38467
3156,1,25115,37403,37402,37403,18108
3157,21,23863,36048,35690,37360,11843
3158,43,3172,13672,20859,11917,14150
3159,0,1223,11723,11723,36012,11744
3160,0,7272,17772,17772,15768,12781
3161,0,3639,14139,14139,17617,37475
3162,0,4166,14666,14666,34902,16398
3163,12,544,11044,12498,11388,11997
3164,2,1204,11704,11259,38347,11704
3165,0,24594,36877,36877,14551,35129
3166,0,8816,19316,19316,14356,15083
3167,0,25116,37627,37627,20003,20973
3168,0,7242,17742,17742,14806,13554
3169,2,2637,13137,18223,36675,13137
3170,0,22075,38485,38485,37056,18963
3171,0,8839,19339,19339,16685,35489
3172,2,21022,37359,35590,34563,37359
3173,0,22182,37275,37275,19042,17921
3174,0,6758,17258,17258,12802,38478
3175,0,21750,37040,37040,37420,15619
3176,0,7838,18338,18338,14049,11558
3177,0,877,11377,11377,35231,14767
3178,0,24851,36326,36326,20782,11940
3179,0,196,10696,10696,20436,37641
3180,0,21223,38579,38579,16376,14312
3181,1,3383,13883,11202,13883,38006
3182,0,4379,14879,14879,10513,36086
3183,0,24390,36678,36678,17780,16650
3184,298,21289,34681,14740,13725,17452
3185,0,2997,13497,13497,36688,35771
3186,0,3908,14408,14408,15899,35792
3187,2,2571,13071,20650,35998,13071
3188,0,7688,18188,18188,19446,19201
3189,0,1755,12255,12255,16359,19005
3190,0,6496,16996,16996,36537,37196
3191,119,21097,36902,38128,35640,12360
3192,1,21527,38024,15173,38024,36489
3193,0,24210,38326,38326,20467,11192
3194,0,5721,16221,16221,14532,18452
3195,0,6443,16943,16943,15632,17515
3196,4,24827,38104,11654,36263,14777
3197,0,4969,15469,15469,18829,20597
3198,0,6964,17464,17464,13801,20019
3199,0,6814,17314,17314,11323,15841
3200,0,6479,16979,16979,11566,15617
3201,0,4711,15211,15211,36531,19112
3202,0,4163,14663,14663,12784,14555
3203,0,23776,36562,36562,19219,12466
3204,0,9084,19584,19584,11158,12373
3205,0,23939,35197,35197,11435,20135
3206,0,22854,36351,36351,35551,18916
3207,0,2682,13182,13182,35787,34676
3208,0,21715,37922,37922,17470,15290
3209,0,2508,13008,13008,17643,37621
3210,0,8075,18575,18575,38383,16055
3211,0,1510,12010,12010,36811,36512
3212,71,4314,14814,38151,16717,13727
3213,3,9445,19945,15359,18813,17189
3214,0,8483,18983,18983,20725,11773
3215,0,5356,15856,15856,38236,34912
3216,0,6639,17139,17139,17857,38040
3217,0,5972,16472,16472,12254,36862
3218,0,1244,11744,11744,11723,36012
3219,0,3734,14234,14234,14330,18528
3220,0,8863,19363,19363,34867,18173
3221,0,22648,37187,37187,16732,20010
3222,0,4121,14621,14621,15865,34484
3223,0,24480,36755,36755,37526,37967
3224,2,4995,15495,37528,11741,15495
3225,0,21268,34804,34804,16041,37949
3226,0,8318,18818,18818,14477,13352
3227,0,1876,12376,12376,38587,16841
3228,0,23192,38667,38667,17731,14651
3229,0,5262,15762,15762,20860,14590
3230,3,254,10754,13863,15764,12280
3231,0,8146,18646,18646,10982,11709
3232,1,4511,15011,16234,15011,37501
3233,0,9266,19766,19766,20071,13312
3234,0,5159,15659,15659,18192,15662
3235,0,22983,36325,36325,38730,17937
3236,64,7764,18264,16182,17442,18892
3237,0,759,11259,11259,38347,11704
3238,0,5481,15981,15981,38478,19232
3239,0,654,11154,11154,11019,36117
3240,1,5297,15797,15592,15797,15564
3241,0,9386,19886,19886,16797,12354
3242,0,5812,16312,16312,18718,16162
3243,0,5288,15788,15788,20230,12447
3244,0,2892,13392,13392,15032,37649
3245,0,3401,13901,13901,38737,17106
3246,0,7626,18126,18126,13367,35437
3247,0,5636,16136,16136,35947,34963
3248,1,1420,11920,14107,11920,11861
3249,0,3044,13544,13544,13846,14830
3250,0,2830,13330,13330,13637,12161
3251,104,22817,35122,16345,17403,13070
3252,0,328,10828,10828,13134,36729
3253,0,10480,20980,20980,10990,12385
3254,0,253,10753,10753,14094,18587
3255,0,25225,37491,37491,20384,16938
3256,4,7318,17818,37604,11786,13752
3257,1,6159,16659,38562,16659,38833
3258,0,5323,15823,15823,15541,19440
3259,0,8665,19165,19165,18317,16512
3260,0,22666,35115,35115,11081,18918
3261,1,4377,14877,13330,14877,13637
3262,0,6022,16522,16522,16817,36119
3263,0,5092,15592,15592,15564,15797
3264,0,9257,19757,19757,37563,20193
3265,1,5377,15877,36703,15877,38892
3266,17,3019,13519,10629,10986,38107
3267,0,3029,13529,13529,16600,14563
3268,0,9740,20240,20240,36053,13668
3269,0,2636,13136,13136,37378,11225
3270,0,22156,37137,37137,19476,37904
3271,0,9532,20032,20032,11499,13860
3272,0,1131,11631,11631,13292,19154
3273,0,3018,13518,13518,19706,14188
3274,0,2945,13445,13445,35471,10795
3275,0,3659,14159,14159,15284,37700
3276,0,25113,37737,37737,19252,20501
3277,0,24627,34851,34851,13008,12118
3278,0,23864,35756,35756,34714,36582
3279,2,8703,19203,10864,13780,19203
3280,0,2663,13163,13163,37443,13683
3281,3,25089,37696,36041,37022,17197
3282,0,5378,15878,15878,20039,38835
3283,1,8359,18859,12312,18859,11544
3284,0,1362,11862,11862,35461,10758
3285,1,7180,17680,38300,17680,34744
3286,0,25292,34706,34706,13074,13685
3287,0,5533,16033,16033,17674,16010
3288,0,3481,13981,13981,38481,11605
3289,0,25419,38411,38411,18180,37764
3290,0,6255,16755,16755,37569,38433
3291,1,25186,37003,16090,37003,19532
3292,0,8747,19247,19247,16901,14121
3293,15,25104,36668,36444,17643,35802
3294,4,5112,15612,35489,35690,17287
3295,2,5940,16440,36856,37275,16440
3296,0,7981,18481,18481,11473,19538
3297,7,25371,35351,35875,36167,14650
3298,0,10144,20644,20644,38416,17748
3299,7,2880,13380,36354,12951,17053
3300,5,5839,16339,14551,35129,10655
3301,0,3381,13881,13881,18021,34851
3302,27,23144,36510,38561,14681,13850
3303,0,1302,11802,11802,12043,14739
3304,0,21901,38172,38172,13581,15191
3305,10,7442,17942,19142,36711,11702
3306,0,4957,15457,15457,16379,20138
3307,3,4836,15336,38244,16641,14997
3308,0,21710,34608,34608,15007,20028
3309,0,8704,19204,19204,20642,16610
3310,0,22567,37435,37435,37300,10698
3311,0,5720,16220,16220,18532,35710
3312,1,8188,18688,18318,18688,18350
3313,0,9618,20118,20118,12924,17891
3314,0,942,11442,11442,38444,18607
3315,0,24672,36176,36176,12350,35763
3316,0,3235,13735,13735,36698,34810
3317,0,25381,38789,38789,17220,11888
3318,1,3257,13757,36931,13757,11589
3319,11,22898,35282,35175,36177,19625
3320,0,24957,35037,35037,34613,11186
3321,0,176,10676,10676,34815,38858
3322,0,435,10935,10935,35837,35468
3323,0,23925,35314,35314,14481,17438
3324,0,7049,17549,17549,13075,20537
3325,0,308,10808,10808,37955,37228
3326,0,1565,12065,12065,35062,13786
3327,0,3964,14464,14464,35112,36614
3328,0,6727,17227,17227,17472,37263
3329,0,2135,12635,12635,34649,13975
3330,25,9060,19560,14310,13175,15027
3331,3,21960,37131,16769,37306,35689
3332,0,21854,34828,34828,14926,16719
3333,0,25147,35983,35983,37599,15723
3334,0,4977,15477,15477,38647,37193
3335,3,8664,19164,18806,10785,14302
3336,29,24976,37569,20617,19092,13867
3337,0,595,11095,11095,35515,37376
3338,0,7393,17893,17893,12551,14136
3339,0,2276,12776,12776,11698,36814
3340,0,7072,17572,17572,36787,16948
3341,0,6830,17330,17330,36747,12515
3342,0,4625,15125,15125,36731,11667
3343,0,9245,19745,19745,38406,36386
3344,5,5332,15832,36956,10847,36810
3345,0,23041,35492,35492,17888,18083
3346,0,5351,15851,15851,36548,37507
3347,9,23948,36423,20074,38511,12982
3348,0,2623,13123,13123,17489,16797
3349,0,9628,20128,20128,11192,20271
3350,0,4572,15072,15072,11443,35819
3351,0,22517,35302,35302,35303,18178
3352,0,24783,37691,37691,35449,37365
3353,0,231,10731,10731,14799,37244
3354,0,179,10679,10679,19153,13690
3355,0,7882,18382,18382,17511,12328
3356,0,737,11237,11237,17163,12487
3357,1,23877,38382,20157,38382,15971
3358,0,10264,20764,20764,13349,12460
3359,2,23861,34915,19892,34980,34915
3360,7,3865,14365,18352,34539,11814
3361,0,5865,16365,16365,35426,16191
3362,0,25155,34847,34847,16020,36004
3363,0,6057,16557,16557,13283,18813
3364,0,9199,19699,19699,17076,36550
3365,2,22388,35103,15601,34651,35103
3366,0,109,10609,10609,14487,38363
3367,1,5705,16205,14462,16205,12480
3368,0,8481,18981,18981,38628,12647
3369,2,1321,11821,19355,17274,11821
3370,0,5935,16435,16435,38608,20614
3371,0,1995,12495,12495,13139,34749
3372,0,6495,16995,16995,14053,13344
3373,0,755,11255,11255,12442,16919
3374,0,8650,19150,19150,15919,10704
3375,0,25164,38033,38033,13583,14183
3376,0,5137,15637,15637,37541,38560
3377,0,24813,36914,36914,18107,34842
3378,0,800,11300,11300,36010,35695
3379,0,24371,35281,35281,35557,34679
3380,0,2086,12586,12586,14081,13696
3381,6,5501,16001,16025,10897,34920
3382,0,6200,16700,16700,13873,12460
3383,0,9549,20049,20049,19954,18047
3384,0,69,10569,10569,10954,37239
3385,0,5367,15867,15867,19995,17963
3386,0,9636,20136,20136,19698,18554
3387,0,24840,37001,37001,14057,37369
3388,75,10274,20774,15000,14586,38580
3389,0,5682,16182,16182,18892,17442
3390,0,8873,19373,19373,34945,38130
3391,0,22080,35148,35148,19594,10874
3392,0,10149,20649,20649,35529,36852
3393,0,5170,15670,15670,15661,13973
3394,0,1680,12180,12180,12729,13047
3395,0,25344,35191,35191,19650,13724
3396,0,377,10877,10877,37336,12937
3397,0,1469,11969,11969,36063,19698
3398,0,24689,35034,35034,10858,37232
3399,0,5961,16461,16461,35802,36444
3400,3,2603,13103,18430,15708,15074
3401,3,4181,14681,18151,10632,20497
3402,0,9272,19772,19772,10630,16978
3403,3,7868,18368,34664,38368,36777
3404,0,8827,19327,19327,37271,11915
3405,9,24168,35581,36310,38844,13389
3406,1,23596,38154,38272,38154,16538
3407,0,4505,15005,15005,11740,17738
3408,0,23301,38858,38858,38171,34815
3409,1,7048,17548,20439,17548,15303
3410,0,4230,14730,14730,13186,34850
3411,1,9024,19524,11181,19524,36466
3412,0,22369,37563,37563,19757,20193
3413,0,3091,13591,13591,13141,15492
3414,6,2726,13226,38521,15854,17384
3415,0,477,10977,10977,35820,37563
3416,0,1329,11829,11829,12781,36559
3417,1407,2283,12783,16366,18829,12791
3418,9,3732,14232,18672,38809,35502
3419,0,24802,38431,38431,18651,37833
3420,0,9676,20176,20176,16939,35658
3421,0,5873,16373,16373,17937,19928
3422,0,5557,16057,16057,15830,17256
3423,0,751,11251,11251,17191,15697
3424,0,22358,38077,38077,15502,11551
3425,9,2300,12800,17545,15376,17613
3426,0,23389,36577,36577,17935,20003
3427,0,873,11373,11373,11952,16814
3428,0,6620,17120,17120,18289,16540
3429,0,8847,19347,19347,12375,17355
3430,0,5127,15627,15627,20748,15497
3431,0,9810,20310,20310,11696,36129
3432,0,21547,37464,37464,36720,10501
3433,11,4564,15064,13470,13980,19946
3434,94,1545,12045,36766,15449,38198
3435,0,739,11239,11239,11230,11594
3436,0,23782,36799,36799,10617,37015
3437,0,2683,13183,13183,14130,20784
3438,1,22223,37777,14567,37777,15356
3439,5,23092,34984,35290,13486,36613
3440,0,24198,35016,35016,35638,36658
3441,0,5121,15621,15621,16571,16574
3442,0,6984,17484,17484,16732,17031
3443,0,6795,17295,17295,20793,35174
3444,0,9966,20466,20466,38916,13431
3445,1,7608,18108,11278,18108,15169
3446,0,3518,14018,14018,15456,35867
3447,0,10496,20996,20996,37746,36790
3448,0,2354,12854,12854,11693,17012
3449,0,25196,36616,36616,12156,18386
3450,2,21829,37305,11028,37812,37305
3451,0,773,11273,11273,19759,15052
3452,5,7965,18465,36302,36596,37755
3453,2,22883,37185,14005,17709,37185
3454,0,5200,15700,15700,20577,11201
3455,0,22612,35796,35796,35377,17347
3456,0,641,11141,11141,16016,19171
3457,0,10079,20579,20579,35192,20648
3458,0,22945,36551,36551,11538,35117
3459,0,8727,19227,19227,20058,15810
3460,1,3203,13703,38667,13703,16434
3461,0,7288,17788,17788,11203,34744
3462,0,4309,14809,14809,19952,14267
3463,0,5204,15704,15704,38126,19441
3464,0,6249,16749,16749,16488,12267
3465,0,865,11365,11365,16398,18027
3466,0,5516,16016,16016,14271,11359
3467,0,9617,20117,20117,19033,17895
3468,0,23038,38311,38311,11079,11554
3469,0,22426,38073,38073,18186,17170
3470,0,6923,17423,17423,14695,13915
3471,1,24591,38791,38851,38791,14307
3472,0,10364,20864,20864,12647,18981
3473,0,9415,19915,19915,11496,35607
3474,0,25295,35136,35136,17933,14218
3475,0,962,11462,11462,11715,13649
3476,0,22410,38753,38753,15140,34709
3477,0,22100,35059,35059,20112,12473
3478,0,21749,35375,35375,17924,36798
3479,4,24291,38323,10577,15066,38749
3480,0,10477,20977,20977,13193,17452
3481,9,25367,37099,35461,38128,35640
3482,0,3309,13809,13809,18681,16644
3483,0,2166,12666,12666,35916,18630
3484,0,363,10863,10863,37908,38274
3485,0,21773,35408,35408,19049,20880
3486,2,3723,14223,20060,17904,14223
3487,0,2825,13325,13325,17586,11658
3488,0,5133,15633,15633,18460,19404
3489,0,7670,18170,18170,10902,15078
3490,0,3597,14097,14097,14641,13548
3491,1,4726,15226,38710,15226,38107
3492,0,546,11046,11046,20275,11912
3493,0,2940,13440,13440,13281,11668
3494,0,471,10971,10971,36614,38418
3495,0,1641,12141,12141,15578,35291
3496,0,23616,36895,36895,38089,11125
3497,2,3338,13838,36924,17305,13838
3498,3,8216,18716,35810,12353,16741
3499,0,1172,11672,11672,14278,15483
3500,0,6983,17483,17483,13118,18454
3501,0,9401,19901,19901,13381,18578
3502,2,5273,15773,12056,12372,15773
3503,0,6672,17172,17172,20997,10777
3504,0,6085,16585,16585,19631,36104
3505,1,24697,34558,17061,34558,37605
3506,0,8014,18514,18514,17262,20839
3507,2,22232,36844,19295,36916,36844
3508,1,23579,38440,11552,38440,36290
3509,0,3364,13864,13864,18542,11397
3510,0,22687,38687,38687,12507,18731
3511,0,8309,18809,18809,14889,17641
3512,0,6724,17224,17224,17915,18760
3513,60,22646,36787,14366,14695,16948
3514,1,1410,11910,13081,11910,38669
3515,0,9440,19940,19940,11182,12503
3516,0,10036,20536,20536,17834,38025
3517,0,6666,17166,17166,19099,38171
3518,2,8276,18776,36196,16652,18776
3519,0,23627,36319,36319,13610,18206
3520,4,2694,13194,17737,13617,16790
3521,0,815,11315,11315,12561,11566
3522,1,6500,17000,38568,17000,37841
3523,0,6762,17262,17262,18514,11831
3524,10,24063,34723,11681,18298,38605
3525,5,7322,17822,19395,19713,37567
3526,1,2131,12631,20992,12631,36941
3527,107,1797,12297,13339,37360,20861
3528,90,22467,34585,36579,19532,14083
3529,1,7727,18227,16621,18227,15893
3530,2,4575,15075,14501,13695,15075
3531,0,5190,15690,15690,20232,17782
3532,1,3122,13622,19300,13622,19258
3533,0,7540,18040,18040,19617,20058
3534,0,5853,16353,16353,37758,19631
3535,0,5365,15865,15865,14621,36252
3536,0,9043,19543,19543,14492,35224
3537,0,4275,14775,14775,13765,19263
3538,0,23712,37851,37851,12082,11199
3539,0,3089,13589,13589,19069,36843
3540,0,23568,37053,37053,13250,10819
3541,0,21468,36670,36670,20752,12743
3542,0,24654,38935,38935,38346,15991
3543,0,9609,20109,20109,16729,14104
3544,0,5253,15753,15753,18913,15155
3545,1,237,10737,13750,10737,37136
3546,0,1532,12032,12032,35994,11938
3547,0,22723,38097,38097,36996,11956
3548,0,8402,18902,18902,15917,14411
3549,0,3410,13910,13910,18187,35202
3550,0,2831,13331,13331,38017,13461
3551,1,23375,37632,34729,37632,13946
3552,0,7779,18279,18279,12373,18434
3553,0,1535,12035,12035,19991,35824
3554,0,21774,37724,37724,16039,12662
3555,0,3879,14379,14379,13281,11668
3556,0,7435,17935,17935,36577,15214
3557,52,5302,15802,19794,17492,37947
3558,0,8909,19409,19409,36295,20142
3559,0,22139,36816,36816,20083,35002
3560,5,9407,19907,10639,17518,13383
3561,19,1299,11799,36054,11070,10696
3562,0,6739,17239,17239,19597,12262
3563,0,6273,16773,16773,12702,14544
3564,0,5499,15999,15999,38597,35486
3565,13,9230,19730,20415,38063,37372
3566,0,25103,38929,38929,18161,11501
3567,0,10046,20546,20546,37687,36753
3568,0,6934,17434,17434,37859,14452
3569,0,8183,18683,18683,19077,16473
3570,2,21109,34661,10724,13407,34661
3571,0,22368,35962,35962,15756,20150
3572,0,1480,11980,11980,35830,36824
3573,0,2793,13293,13293,14423,10513
3574,0,1601,12101,12101,20737,13231
3575,0,24961,38634,38634,17488,38693
3576,0,5091,15591,15591,17689,11875
3577,2,7983,18483,14794,11718,18483
3578,0,7067,17567,17567,37790,35111
3579,358,6804,17304,11852,18897,15902
3580,1,2329,12829,36331,12829,36743
3581,0,8552,19052,19052,19801,13658
3582,3,8337,18837,17554,12845,37441
3583,1,9247,19747,12372,19747,15773
3584,0,24172,34741,34741,14672,16941
3585,0,3661,14161,14161,15818,20403
3586,1,8437,18937,19414,18937,18367
3587,0,23080,36227,36227,15113,10638
3588,9,555,11055,38555,19524,35485
3589,0,4825,15325,15325,13803,37315
3590,0,1163,11663,11663,20848,12414
3591,0,5680,16180,16180,14172,16530
3592,0,9589,20089,20089,37949,16041
3593,0,4715,15215,15215,19166,14404
3594,11,397,10897,11920,14107,19916
3595,0,22314,35591,35591,16809,20794
3596,0,2506,13006,13006,17885,15281
3597,0,23975,37162,37162,17407,16446
3598,0,3836,14336,14336,34852,17125
3599,0,24472,37985,37985,37529,37582
3600,0,9193,19693,19693,16176,13898
3601,0,3010,13510,13510,16744,19356
3602,0,10226,20726,20726,20486,38672
3603,1,723,11223,16205,11223,12480
3604,0,300,10800,10800,10802,36093
3605,4,22143,36550,17157,37130,19321
3606,3,8908,19408,17319,19927,17927
3607,0,7328,17828,17828,19440,20980
3608,0,4294,14794,14794,11718,18483
3609,1,8113,18613,13395,18613,18459
3610,0,4185,14685,14685,11494,15214
3611,0,22681,37448,37448,17881,16021
3612,0,6954,17454,17454,38655,10591
3613,5,8269,18769,18397,15799,36279
3614,0,21473,38710,38710,15901,36391
3615,0,3142,13642,13642,35155,15547
3616,1,9939,20439,38108,20439,17804
3617,1,21315,38287,10997,38287,38599
3618,0,23970,35166,35166,18286,14984
3619,0,3205,13705,13705,38144,15117
3620,0,4955,15455,15455,38012,37585
3621,0,4582,15082,15082,38259,11178
3622,0,23511,37561,37561,12511,17216
3623,0,7367,17867,17867,36076,15345
3624,1,21808,38905,12357,38905,11282
3625,0,9770,20270,20270,34821,16366
3626,0,24893,38651,38651,35629,38443
3627,0,22122,37201,37201,14102,12289
3628,0,7433,17933,17933,19618,11784
3629,0,7704,18204,18204,15008,36045
3630,0,22637,36239,36239,14122,35508
3631,1,1152,11652,13861,11652,20213
3632,6,25439,38946,11935,11146,20952
3633,1,6965,17465,35609,17465,17132
3634,0,1212,11712,11712,18528,17412
3635,0,4503,15003,15003,34531,14081
3636,0,7055,17555,17555,14038,14861
3637,5,10118,20618,15601,20540,18440
3638,0,23227,36257,36257,12685,17825
3639,0,22856,38513,38513,35947,15563
3640,667,5894,16394,37772,17266,12018
3641,0,25359,36087,36087,37625,38116
3642,0,8637,19137,19137,34547,10807
3643,0,23575,37888,37888,36906,13557
3644,0,5427,15927,15927,15670,12552
3645,0,23101,37657,37657,20999,15881
3646,0,22109,34894,34894,34867,15707
3647,0,665,11165,11165,34755,38183
3648,0,25382,37493,37493,15368,11348
3649,1,7216,17716,36393,17716,10639
3650,0,5994,16494,16494,13331,17393
3651,0,642,11142,11142,17240,14074
3652,1,22783,37834,14885,37834,34523
3653,0,3767,14267,14267,14809,16898
3654,1,4272,14772,14661,14772,11612
3655,11,21231,38306,37982,36437,11955
3656,0,23899,38467,38467,10735,18545
3657,0,6123,16623,16623,13056,34602
3658,0,8331,18831,18831,18223,36675
3659,0,786,11286,11286,35597,36623
3660,3,2857,13357,35059,20112,12473
3661,106,6112,16612,19062,14225,20970
3662,0,22072,34572,34572,14741,19680
3663,0,3202,13702,13702,11917,16406
3664,222,21646,36891,17889,17743,38230
3665,3,8916,19416,10768,38681,16272
3666,0,10315,20815,20815,17755,37324
3667,0,7600,18100,18100,19709,20986
3668,0,4187,14687,14687,38059,14341
3669,0,7853,18353,18353,11021,13518
3670,15,25234,37216,38354,35137,16040
3671,0,22604,36391,36391,15226,17813
3672,0,4824,15324,15324,36267,18187
3673,0,8332,18832,18832,17806,34918
3674,1,6067,16567,16449,16567,15422
3675,15,2905,13405,15355,10567,12574
3676,0,4626,15126,15126,17659,17305
3677,1,9635,20135,35250,20135,18452
3678,2,996,11496,17571,38613,11496
3679,0,7131,17631,17631,11684,36454
3680,1,25130,37473,37312,37473,36135
3681,0,23641,38473,38473,14023,13574
3682,1,7246,17746,35271,17746,37378
3683,1,24400,34662,15115,34662,10848
3684,9,6408,16908,37648,13279,38872
3685,77,7787,18287,12260,17583,17289
3686,0,6250,16750,16750,20040,37664
3687,0,9205,19705,19705,13811,14927
3688,1,8055,18555,34916,18555,16903
3689,0,21140,38256,38256,13856,36503
3690,0,5523,16023,16023,20210,15502
3691,0,22186,37049,37049,20365,19675
3692,0,7505,18005,18005,17892,20406
3693,0,156,10656,10656,11278,19350
3694,0,9868,20368,20368,36272,38745
3695,3,3085,13585,11297,12572,12377
3696,4,10425,20925,20661,18574,37902
3697,2,1552,12052,38136,14164,12052
3698,0,8774,19274,19274,37537,36748
3699,0,25034,38558,38558,38433,14161
3700,0,495,10995,10995,17679,34975
3701,0,2321,12821,12821,14768,14705
3702,0,912,11412,11412,14711,12704
3703,0,9044,19544,19544,13777,38333
3704,227,151,10651,13157,36791,17952
3705,0,23249,37230,37230,11096,13139
3706,0,23373,35339,35339,12590,11282
3707,0,10243,20743,20743,17839,20410
3708,0,1738,12238,12238,37192,36733
3709,0,3001,13501,13501,37113,13459
3710,0,9263,19763,19763,19942,11074
3711,0,6961,17461,17461,37772,15497
3712,0,21929,37483,37483,38377,20284
3713,2,2883,13383,10639,17518,13383
3714,0,3720,14220,14220,19740,35342
3715,0,7127,17627,17627,34924,34604
3716,0,888,11388,11388,18848,37220
3717,1,5471,15971,38382,15971,20157
3718,0,3201,13701,13701,37029,15881
3719,0,9696,20196,20196,36386,13993
3720,0,4823,15323,15323,14361,11838
3721,0,4704,15204,15204,15795,13375
3722,0,343,10843,10843,11490,38375
3723,2,4136,14636,15553,37617,14636
3724,0,25361,34750,34750,34674,18492
3725,0,3188,13688,13688,38883,37222
3726,0,4522,15022,15022,15398,11922
3727,0,2223,12723,12723,36497,36012
3728,9,2121,12621,11735,14467,38424
3729,0,6858,17358,17358,16375,36471
3730,0,10385,20885,20885,18628,20709
3731,446,9669,20169,37196,14174,37142
3732,0,8913,19413,19413,34734,13151
3733,0,24274,35819,35819,11661,35101
3734,0,7366,17866,17866,13801,17526
3735,0,23141,38884,38884,36858,35294
3736,0,4734,15234,15234,20332,16654
3737,0,1465,11965,11965,13008,19662
3738,0,4593,15093,15093,11008,16535
3739,0,3565,14065,14065,15472,12725
3740,0,5840,16340,16340,19454,38317
3741,3,283,10783,15834,17348,12735
3742,1,21091,37869,20592,37869,12757
3743,0,6175,16675,16675,20740,16553
3744,1,10290,20790,16964,20790,12932
3745,0,4151,14651,14651,38667,19936
3746,0,22806,38461,38461,17571,37849
3747,0,8998,19498,19498,14161,13206
3748,0,7376,17876,17876,14824,12176
3749,0,8542,19042,19042,37275,17921
3750,0,23898,37892,37892,13868,11207
3751,0,8764,19264,19264,19851,18590
3752,0,3161,13661,13661,18916,14079
3753,0,2630,13130,13130,35363,19567
3754,0,22009,35810,35810,12224,12353
3755,4,21515,36725,20087,38245,18554
3756,0,10394,20894,20894,19876,10554
3757,0,1203,11703,11703,37361,36299
3758,1,22296,37638,16295,37638,16559
3759,0,10165,20665,20665,18985,19208
3760,0,616,11116,11116,18791,34505
3761,1,3114,13614,17414,13614,15748
3762,0,24254,36085,36085,20491,35837
3763,0,7481,17981,17981,12548,12719
3764,0,9330,19830,19830,18340,38498
3765,1,2728,13228,16298,13228,35876
3766,3,21680,36101,14565,20563,38463
3767,1,24375,37397,37755,37397,35108
3768,0,9895,20395,20395,11762,12806
3769,0,1357,11857,11857,13983,35889
3770,0,9567,20067,20067,19209,36950
3771,5,7798,18298,18752,37272,19912
3772,0,22105,35520,35520,14866,13771
3773,0,22302,37372,37372,38197,11895
3774,0,1590,12090,12090,37115,15676
3775,0,24411,38526,38526,13367,11767
3776,0,3140,13640,13640,15399,35440
3777,0,5338,15838,15838,35550,13404
3778,0,547,11047,11047,10798,15931
3779,1,7118,17618,10676,17618,18542
3780,0,23409,35551,35551,19935,13595
3781,3,22160,37843,15064,18681,11805
3782,2,26,10526,16754,13806,10526
3783,0,1067,11567,11567,12885,35465
3784,0,3918,14418,14418,34789,17266
3785,0,6604,17104,17104,11423,16925
3786,0,5529,16029,16029,14680,15322
3787,0,6678,17178,17178,35995,36080
3788,0,5398,15898,15898,11158,13892
3789,0,8642,19142,19142,11245,12321
3790,0,8081,18581,18581,20620,20121
3791,0,9608,20108,20108,34727,18847
3792,0,21731,38175,38175,17618,36633
3793,0,437,10937,10937,37935,13845
3794,1,24224,38053,15203,38053,20738
3795,0,5269,15769,15769,38955,38433
3796,0,1861,12361,12361,15290,37922
3797,0,10442,20942,20942,16582,14861
3798,0,24462,36602,36602,38685,17556
3799,0,2706,13206,13206,18385,36252
3800,0,21345,36631,36631,12832,14481
3801,0,5325,15825,15825,14451,10978
3802,28,6957,17457,34744,36576,12584
3803,0,22975,35487,35487,15190,20173
3804,0,21112,37720,37720,36944,37534
3805,0,21560,35856,35856,14456,13678
3806,1,9125,19625,35175,19625,12288
3807,2,4011,14511,38436,19663,14511
3808,0,23232,37385,37385,34523,38498
3809,0,534,11034,11034,14100,12899
3810,0,22827,35226,35226,12278,37612
3811,0,585,11085,11085,11209,11310
3812,0,24409,35901,35901,13818,14390
3813,0,8715,19215,19215,11630,16474
3814,1,22172,36392,11513,36392,13973
3815,0,25213,35390,35390,34710,18047
3816,0,8559,19059,19059,34707,14243
3817,0,6464,16964,16964,20790,37049
3818,0,21226,35701,35701,37602,14215
3819,3,23509,37937,19947,11135,35830
3820,3,1916,12416,38154,16538,38272
3821,4,22473,37203,12499,10586,37600
3822,0,8107,18607,18607,15164,11504
3823,1,23153,38214,36227,38214,10638
3824,0,1910,12410,12410,38049,37173
3825,0,8856,19356,19356,13773,11415
3826,0,8710,19210,19210,37935,38175
3827,0,1133,11633,11633,20350,13426
3828,3,21555,35874,13357,12707,35059
3829,0,24852,34713,34713,17090,14472
3830,0,1317,11817,11817,35163,18977
3831,4,4368,14868,16016,14568,18179
3832,0,8313,18813,18813,17189,15359
3833,0,23838,35416,35416,20810,38597
3834,0,8653,19153,19153,36413,34793
3835,0,7325,17825,17825,12685,12535
3836,0,6080,16580,16580,10985,18064
3837,0,23068,38276,38276,11740,14112
3838,0,2601,13101,13101,36565,19093
3839,0,6568,17068,17068,12606,17434
3840,6,2173,12673,37443,37902,36612
3841,0,3605,14105,14105,11456,15157
3842,1,6429,16929,16199,16929,37424
3843,0,7995,18495,18495,13244,13583
3844,0,3768,14268,14268,36393,16341
3845,0,5077,15577,15577,15557,18665
3846,0,8274,18774,18774,19341,17083
3847,1,4631,15131,19365,15131,35591
3848,0,8756,19256,19256,16750,11076
3849,0,240,10740,10740,38570,16639
3850,0,8812,19312,19312,17246,36618
3851,0,8421,18921,18921,17983,34513
3852,0,7602,18102,18102,11191,13334
3853,0,22790,35911,35911,37987,12775
3854,0,1867,12367,12367,16530,37238
3855,9,9416,19916,16025,11920,14107
3856,0,21602,38831,38831,18396,17594
3857,43,2521,13021,13414,20558,17581
3858,1,9876,20376,11213,20376,17327
3859,0,1820,12320,12320,36473,34505
3860,0,2410,12910,12910,16946,20013
3861,2,8243,18743,15638,35685,18743
3862,0,6637,17137,17137,17176,11684
3863,0,5187,15687,15687,16010,19618
3864,1,10054,20554,18738,20554,12393
3865,0,4565,15065,15065,19080,36864
3866,0,7942,18442,18442,37920,17262
3867,0,21401,36292,36292,37057,14201
3868,1,6391,16891,19208,16891,17214
3869,21,2118,12618,12233,16675,10645
3870,1,3779,14279,19110,14279,13202
3871,0,4961,15461,15461,13715,18734
3872,0,2809,13309,13309,14918,18409
3873,0,498,10998,10998,16514,14742
3874,0,23110,37805,37805,18701,36726
3875,0,10022,20522,20522,38444,11442
3876,0,4284,14784,14784,38317,14657
3877,0,10191,20691,20691,20508,18120
3878,0,8969,19469,19469,20498,11498
3879,0,228,10728,10728,11439,13858
3880,0,8761,19261,19261,36013,12856
3881,0,22427,35412,35412,37095,38309
3882,0,2741,13241,13241,14762,15451
3883,1,25174,36529,38595,36529,12216
3884,0,6001,16501,16501,11391,36631
3885,0,5718,16218,16218,20117,17895
3886,0,10220,20720,20720,38652,17731
3887,96,5583,16083,13101,37599,20942
3888,0,22796,36793,36793,11689,11796
3889,1,21691,36681,13944,36681,19847
3890,0,8719,19219,19219,36562,12466
3891,0,1128,11628,11628,16547,11709
3892,0,10405,20905,20905,15820,34956
3893,2,1706,12206,20639,34893,12206
3894,0,7450,17950,17950,35830,19342
3895,5,3153,13653,17622,18406,15387
3896,1,9482,19982,14714,19982,14786
3897,2,23947,34631,13148,18788,34631
3898,0,21817,38374,38374,19595,11871
3899,0,6240,16740,16740,13592,38415
3900,0,7104,17604,17604,19593,38631
3901,9,9464,19964,19735,12951,11581
3902,0,2721,13221,13221,15308,15823
3903,0,7445,17945,17945,19801,13850
3904,0,7893,18393,18393,19469,35683
3905,0,23936,38422,38422,13439,10648
3906,3,21063,35382,38311,38171,19907
3907,0,8042,18542,18542,11397,19475
3908,0,9144,19644,19644,11801,12264
3909,11,9402,19902,36275,19476,38318
3910,0,21926,35542,35542,36382,19350
3911,0,22564,35138,35138,35557,36533
3912,30,24461,37932,16379,36719,14434
3913,9,23416,36899,10545,17129,12811
3914,0,9985,20485,20485,38168,38106
3915,0,6054,16554,16554,35051,18472
3916,0,10107,20607,20607,13420,37606
3917,0,24420,36129,36129,17924,13842
3918,1,2550,13050,12856,13050,15710
3919,6,7440,17940,20178,14247,13346
3920,0,6768,17268,17268,13614,15949
3921,1,23107,38259,36834,38259,13829
3922,0,21571,37259,37259,15603,37487
3923,4,6449,16949,20451,38287,15528
3924,17,10359,20859,18522,18838,16257
3925,0,21586,38544,38544,11589,36268
3926,0,2644,13144,13144,38048,35194
3927,0,23407,37073,37073,19366,11189
3928,0,4487,14987,14987,11594,11230
3929,0,2061,12561,12561,35083,11315
3930,0,4645,15145,15145,16603,37952
3931,0,24319,38042,38042,19655,16381
3932,0,21230,36919,36919,14624,38515
3933,1,24176,38903,13806,38903,36850
3934,0,23537,37459,37459,20031,13854
3935,2,7265,17765,11187,20410,17765
3936,0,4174,14674,14674,14148,36048
3937,0,25193,36445,36445,18702,20565
3938,0,25241,36671,36671,38011,12620
3939,0,25307,35903,35903,13840,12936
3940,0,983,11483,11483,14871,14835
3941,0,10171,20671,20671,37983,12337
3942,0,5480,15980,15980,35768,17038
3943,0,21597,35704,35704,16571,36283
3944,0,4797,15297,15297,35722,13479
3945,0,9632,20132,20132,20866,16675
3946,0,3662,14162,14162,19631,11485
3947,0,24117,37764,37764,37306,13154
3948,0,6947,17447,17447,36086,17211
3949,2,4657,15157,37332,20665,15157
3950,0,6414,16914,16914,36356,12272
3951,0,3150,13650,13650,36596,37755
3952,0,22994,36504,36504,37461,15468
3953,0,21301,35011,35011,34747,38593
3954,2,4813,15313,18664,38095,15313
3955,0,5969,16469,16469,11227,17115
3956,5,2939,13439,18528,14383,15166
3957,5,1340,11840,16898,14876,36973
3958,2,1391,11891,15642,15021,11891
3959,2,9673,20173,19178,16670,20173
3960,0,23229,37827,37827,16006,16762
3961,0,9255,19755,19755,37093,17718
3962,0,22951,37824,37824,20138,20758
3963,0,22110,38314,38314,15458,15616
3964,3,9025,19525,19091,11293,16585
3965,0,6146,16646,16646,16560,34602
3966,1,1412,11912,19069,11912,15796
3967,0,2256,12756,12756,38013,12699
3968,0,21474,38904,38904,11188,35122
3969,0,24723,34691,34691,15203,38053
3970,0,6120,16620,16620,19586,34493
3971,1,2212,12712,17787,12712,17452
3972,113,5603,16103,38353,15426,20074
3973,1,6004,16504,19678,16504,16033
3974,0,5417,15917,15917,14411,20821
3975,0,4938,15438,15438,15003,35001
3976,0,3624,14124,14124,19444,13670
3977,0,3158,13658,13658,19052,19788
3978,0,4267,14767,14767,35231,18089
3979,0,463,10963,10963,37762,35530
3980,0,1754,12254,12254,36862,16472
3981,0,24036,35960,35960,13803,19548
3982,0,9023,19523,19523,11640,16808
3983,0,6380,16880,16880,11849,19309
3984,0,3829,14329,14329,18544,17571
3985,1,378,10878,17785,10878,15682
3986,0,23175,35546,35546,35969,19248
3987,0,1335,11835,11835,35746,18274
3988,0,23171,38498,38498,20741,12477
3989,1,2716,13216,10654,13216,14507
3990,0,9611,20111,20111,11165,35521
3991,0,21187,37286,37286,18157,37569
3992,0,24401,37506,37506,35220,15836
3993,17,9704,20204,16379,17506,11709
3994,0,6322,16822,16822,35103,35784
3995,0,9225,19725,19725,34506,15003
3996,0,9801,20301,20301,38921,11565
3997,0,1894,12394,12394,37475,36332
3998,0,4661,15161,15161,35110,37624
3999,0,9690,20190,20190,13008,18021
4000,9,7769,18269,38786,14226,10582
4001,0,7090,17590,17590,13063,10859
4002,0,6221,16721,16721,12363,18257
4003,0,9147,19647,19647,13648,20365
4004,0,21366,36408,36408,14954,17165
4005,0,7037,17537,17537,14845,18620
4006,0,8613,19113,19113,34713,14010
4007,25,9545,20045,19053,10808,18566
4008,0,22957,37993,37993,37193,20633
4009,77,25023,37267,37106,13845,13066
4010,0,10323,20823,20823,12709,12346
4011,0,23236,35109,35109,37755,35108
4012,0,3992,14492,14492,35224,18287
4013,0,6691,17191,17191,36531,17009
4014,0,1030,11530,11530,19303,11012
4015,0,2220,12720,12720,36988,10795
4016,0,23887,35550,35550,11280,15838
4017,31,21100,37761,19778,37272,36359
4018,0,3793,14293,14293,37179,15392
4019,0,24292,34893,34893,20639,12206
4020,0,10483,20983,20983,19264,20782
4021,7,4327,14827,17993,37076,35380
4022,0,21761,36773,36773,36222,15883
4023,0,8302,18802,18802,10597,18553
4024,0,21546,38193,38193,12260,18528
4025,0,21178,37145,37145,35220,35250
4026,0,5731,16231,16231,17576,16382
4027,0,2917,13417,13417,11962,14361
4028,0,5586,16086,16086,37568,34751
4029,0,22703,35970,35970,11504,11464
4030,0,6326,16826,16826,11802,11322
4031,0,1515,12015,12015,17468,16030
4032,0,21770,38799,38799,10797,17950
4033,1,24270,37558,19906,37558,37102
4034,1,22671,36561,14414,36561,37765
4035,2,2263,12763,38422,13439,12763
4036,0,4479,14979,14979,14079,13661
4037,0,4239,14739,14739,17070,38058
4038,0,24742,36698,36698,13735,37300
4039,0,24020,36539,36539,18245,15495
4040,2,893,11393,10735,18694,11393
4041,0,1490,11990,11990,37389,12204
4042,0,22889,35967,35967,38025,15992
4043,0,9657,20157,20157,38382,15971
4044,0,8516,19016,19016,16488,38868
4045,0,2933,13433,13433,19812,36961
4046,0,24184,37744,37744,14749,12021
4047,0,1129,11629,11629,19272,36711
4048,2,731,11231,12398,13247,11231
4049,0,3084,13584,13584,12717,19489
4050,67,7297,17797,38221,15708,11404
4051,3,4588,15088,14814,12475,13899
4052,1,2795,13295,18835,13295,38886
4053,5,7601,18101,11838,12480,11167
4054,0,798,11298,11298,36700,13354
4055,0,6232,16732,16732,15456,37186
4056,0,734,11234,11234,34832,35643
4057,0,8688,19188,19188,19307,17431
4058,0,2244,12744,12744,38616,17621
4059,1,178,10678,20933,10678,20751
4060,0,1174,11674,11674,38891,35094
4061,0,790,11290,11290,12109,18206
4062,0,23687,35986,35986,12769,20624
4063,0,198,10698,10698,34765,13759
4064,0,10239,20739,20739,16868,37383
4065,0,7675,18175,18175,14378,36858
4066,3,548,11048,13194,18218,14361
4067,0,3339,13839,13839,15395,16021
4068,0,9213,19713,19713,38317,14784
4069,0,7465,17965,17965,14826,13020
4070,0,8699,19199,19199,38787,12221
4071,0,25341,37238,37238,12485,37994
4072,0,25045,36311,36311,11929,19454
4073,0,7533,18033,18033,38612,34494
4074,0,66,10566,10566,16131,16742
4075,0,4712,15212,15212,11729,34675
4076,0,5214,15714,15714,11849,19309
4077,24,23632,35955,11809,12297,37470
4078,0,5033,15533,15533,16010,18775
4079,12,24964,37754,35044,18516,34616
4080,0,2572,13072,13072,37152,19359
4081,1,10241,20741,38498,20741,16058
4082,0,21812,38511,38511,11721,35122
4083,0,622,11122,11122,12597,15564
4084,12,6222,16722,38167,17442,18892
4085,0,787,11287,11287,12606,19365
4086,0,3332,13832,13832,12103,35436
4087,0,23854,38401,38401,12357,34665
4088,0,6008,16508,16508,14218,35206
4089,2,24889,34934,36402,20236,34934
4090,20,8334,18834,19819,38361,12559
4091,0,21517,37083,37083,19427,38282
4092,1,23973,34485,14817,34485,34960
4093,0,8696,19196,19196,10578,16747
4094,0,515,11015,11015,15984,37954
4095,0,478,10978,10978,14451,18408
4096,0,4476,14976,14976,16914,16198
4097,0,22298,36237,36237,10847,36956
4098,3,8818,19318,38408,17405,18239
4099,0,6899,17399,17399,16209,11286
4100,1084,1033,11533,11795,17150,16307
4101,0,22433,36118,36118,16439,10843
4102,0,2598,13098,13098,37936,16340
4103,0,1514,12014,12014,12024,20768
4104,1,6191,16691,20421,16691,16441
4105,0,23347,34824,34824,16148,11538
4106,61,7237,17737,38791,38851,14307
4107,0,5753,16253,16253,11905,18763
4108,9,25152,38113,14196,12792,15027
4109,0,21616,36857,36857,36856,16125
4110,0,8236,18736,18736,36330,36325
4111,0,8536,19036,19036,17415,13652
4112,1,5521,16021,13839,16021,36880
4113,6,1462,11962,34920,13617,14361
4114,0,7915,18415,18415,10841,38925
4115,0,1871,12371,12371,19924,13889
4116,1,23993,36346,37702,36346,17682
4117,30,7209,17709,14413,13627,13712
4118,0,10072,20572,20572,12843,16816
4119,0,7349,17849,17849,37644,16760
4120,0,4623,15123,15123,35928,12429
4121,1,23855,36947,14470,36947,16130
4122,0,4818,15318,15318,14933,34822
4123,0,220,10720,10720,15475,10854
4124,91,21550,36618,20767,14104,18201
4125,0,9002,19502,19502,35901,14390
4126,0,2476,12976,12976,12328,19492
4127,0,4248,14748,14748,37217,16461
4128,0,24457,35401,35401,16780,20717
4129,0,23426,37697,37697,15237,14873
4130,0,24911,36524,36524,11057,37944
4131,0,6487,16987,16987,20434,19715
4132,0,9420,19920,19920,11742,19271
4133,0,9717,20217,20217,36750,16320
4134,0,5650,16150,16150,14010,19870
4135,0,24789,37608,37608,11485,37853
4136,0,21174,34766,34766,20044,35064
4137,0,8052,18552,18552,13882,11633
4138,0,24807,37743,37743,13668,38515
4139,0,2881,13381,13381,34998,37320
4140,0,1677,12177,12177,37433,17552
4141,0,6060,16560,16560,17568,12636
4142,19,901,11401,34698,12665,12403
4143,0,23022,36448,36448,35515,11095
4144,0,22042,38252,38252,18429,13200
4145,0,2296,12796,12796,13850,35224
4146,0,8809,19309,19309,17125,16497
4147,5,8488,18988,36114,18751,11819
4148,0,9004,19504,19504,38614,20353
4149,2,24041,37740,37683,16015,37740
4150,0,22274,36583,36583,14363,20517
4151,19,22786,35032,14176,12783,36694
4152,1,6772,17272,38521,17272,12028
4153,0,22073,35804,35804,17415,17692
4154,0,7257,17757,17757,13284,14977
4155,0,2580,13080,13080,36662,37944
4156,0,7966,18466,18466,37872,17194
4157,0,24700,38190,38190,13622,18916
4158,0,22696,35518,35518,14453,16553
4159,0,23566,38750,38750,15073,13005
4160,39,9780,20280,37511,11637,15426
4161,0,9351,19851,19851,20323,10824
4162,0,5254,15754,15754,19693,13597
4163,0,681,11181,11181,14892,13261
4164,0,24778,37933,37933,37817,14700
4165,15,3159,13659,12055,12212,14133
4166,18,25377,34829,15981,12566,34637
4167,0,2987,13487,13487,38433,11971
4168,0,4908,15408,15408,10694,19729
4169,5,1882,12382,14088,14034,14970
4170,0,24050,34665,34665,17629,38401
4171,0,1940,12440,12440,14553,37944
4172,0,3296,13796,13796,12054,13205
4173,3,3534,14034,14088,17319,17927
4174,0,5974,16474,16474,19215,13099
4175,0,3729,14229,14229,12613,35867
4176,0,490,10990,10990,37873,13863
4177,0,5708,16208,16208,11040,12505
4178,4,1181,11681,20239,20842,16019
4179,3,1375,11875,37577,17689,37537
4180,1,5014,15514,37772,15514,35836
4181,0,626,11126,11126,37769,19385
4182,0,4758,15258,15258,36136,35809
4183,0,10336,20836,20836,13145,12236
4184,0,21662,35409,35409,37832,37114
4185,0,23321,37107,37107,11844,34706
4186,44,4180,14680,34462,34478,11453
4187,0,22839,35273,35273,15404,11307
4188,0,8778,19278,19278,10567,11926
4189,0,2887,13387,13387,10630,19323
4190,24,4539,15039,16747,15615,11005
4191,0,21694,34651,34651,12235,35784
4192,7,6671,17171,17167,37782,17488
4193,0,6453,16953,16953,17125,17552
4194,3,1366,11866,17132,35609,17465
4195,0,2639,13139,13139,37230,11096
4196,5,21217,38164,20924,19775,10977
4197,1,5602,16102,20861,16102,17878
4198,263,25126,37518,12310,38128,15560
4199,32,5730,16230,38102,35704,15815
4200,0,7204,17704,17704,20783,13746
4201,0,5296,15796,15796,18386,36616
4202,0,10351,20851,20851,15214,11762
4203,1,2938,13438,18686,13438,37933
4204,0,10237,20737,20737,20123,35652
4205,0,24321,36948,36948,34548,15168
4206,1,5979,16479,19342,16479,17416
4207,6,4534,15034,12282,19509,12200
4208,16,10119,20619,38521,13226,12028
4209,0,7669,18169,18169,19404,13506
4210,0,7607,18107,18107,35292,36914
4211,0,22675,35972,35972,36703,15855
4212,1,9853,20353,13439,20353,15304
4213,0,21027,35175,35175,19625,12288
4214,0,24330,38543,38543,19730,38118
4215,0,6681,17181,17181,37969,20673
4216,4,5428,15928,36350,37365,37691
4217,0,5266,15766,15766,19780,37105
4218,0,22570,34503,34503,34630,34467
4219,0,21819,38672,38672,17461,11527
4220,25,1784,12284,14508,12186,13213
4221,0,7116,17616,17616,19776,16426
4222,1,494,10994,15573,10994,18461
4223,0,9758,20258,20258,15727,13685
4224,0,8776,19276,19276,17702,13986
4225,0,2038,12538,12538,37967,38752
4226,0,4041,14541,14541,38270,35749
4227,0,2897,13397,13397,13011,19548
4228,0,8558,19058,19058,20955,12573
4229,0,9803,20303,20303,17596,13575
4230,1,9844,20344,18217,20344,34815
4231,0,24261,35858,35858,12924,38898
4232,0,2653,13153,13153,18451,17180
4233,0,10316,20816,20816,17386,37980
4234,0,8514,19014,19014,20095,38670
4235,0,2031,12531,12531,10749,14474
4236,0,5089,15589,15589,12777,37743
4237,0,813,11313,11313,19258,19150
4238,0,7235,17735,17735,11765,13057
4239,0,6280,16780,16780,35401,20717
4240,0,23204,38223,38223,16036,37757
4241,0,1079,11579,11579,17526,18245
4242,0,2226,12726,12726,14981,14686
4243,463,22781,35640,11862,18274,15507
4244,11,21746,37672,10986,17564,37342
4245,0,24930,35147,35147,15199,35135
4246,0,3261,13761,13761,37541,14987
4247,0,5649,16149,16149,15548,16709
4248,0,3862,14362,14362,19278,10567
4249,0,2936,13436,13436,18899,35275
4250,0,24066,36016,36016,16784,20305
4251,8,7080,17580,14239,10537,17879
4252,0,3917,14417,14417,19428,36033
4253,0,24710,36156,36156,35176,12697
4254,57,305,10805,15499,35794,13840
4255,0,4056,14556,14556,13375,16301
4256,0,23811,38233,38233,11969,36383
4257,1,2999,13499,18091,13499,37688
4258,0,9541,20041,20041,13798,13547
4259,2,1231,11731,18517,34472,11731
4260,0,2313,12813,12813,17265,14165
4261,0,25231,35733,35733,37475,12482
4262,0,10269,20769,20769,14494,36452
4263,39,25460,37606,16747,17025,15615
4264,0,4321,14821,14821,12878,35514
4265,0,21105,38835,38835,38763,38877
4266,0,6470,16970,16970,12288,14983
4267,7,22550,38853,12902,17264,12469
4268,0,7500,18000,18000,20282,13360
4269,11,21865,36936,37214,17821,37788
4270,0,3899,14399,14399,15357,35708
4271,0,3567,14067,14067,20045,18427
4272,0,5452,15952,15952,14291,35365
4273,0,8022,18522,18522,12160,18838
4274,0,24380,36930,36930,19423,15487
4275,0,22154,35816,35816,19518,17383
4276,0,4270,14770,14770,35541,36732
4277,0,8531,19031,19031,18428,13275
4278,66,4086,14586,20046,13005,17813
4279,0,6663,17163,17163,35729,18860
4280,0,21558,36136,36136,35809,15803
4281,11,588,11088,17183,14533,36817
4282,7,3365,13865,14249,17027,17498
4283,1,2670,13170,17110,13170,15815
4284,0,5515,16015,16015,11801,20935
4285,0,22345,38883,38883,20740,14453
4286,59,25482,36860,36458,14559,37369
4287,1,2395,12895,13407,12895,10724
4288,0,5506,16006,16006,14098,17029
4289,1,2170,12670,12178,12670,17634
4290,0,24698,38032,38032,11867,11076
4291,33,8134,18634,15042,15769,14954
4292,0,9334,19834,19834,38371,35771
4293,0,25002,38064,38064,18066,16412
4294,2,9045,19545,12175,19739,19545
4295,0,24606,36460,36460,37383,19507
4296,0,5673,16173,16173,19250,11128
4297,0,2774,13274,13274,19895,11404
4298,0,7620,18120,18120,35308,14552
4299,0,6559,17059,17059,11748,17217
4300,1,21908,38654,20025,38654,35476
4301,0,8456,18956,18956,20510,10645
4302,3,22052,36850,13806,38903,20333
4303,1,25132,38008,35778,38008,14249
4304,0,5798,16298,16298,17787,34681
4305,0,5982,16482,16482,13990,11840
4306,0,5882,16382,16382,16231,38057
4307,4,9443,19943,37777,11598,14416
4308,0,23645,35423,35423,36002,17641
4309,35,2181,12681,35690,35489,12524
4310,0,25395,35132,35132,11049,15841
4311,1,1473,11973,18659,11973,13889
4312,0,6103,16603,16603,20138,38871
4313,3,25351,35294,11903,18874,36858
4314,0,9150,19650,19650,35191,10733
4315,0,8925,19425,19425,19574,36564
4316,0,421,10921,10921,12377,38654
4317,0,2306,12806,12806,10712,18531
4318,9,22136,36762,18522,18838,18846
4319,0,171,10671,10671,35882,36436
4320,0,3956,14456,14456,13900,18380
4321,3,5606,16106,12574,15355,11926
4322,0,21202,37825,37825,16499,17954
4323,0,8462,18962,18962,34547,18605
4324,0,1725,12225,12225,17853,15834
4325,21,10215,20715,37868,17564,38594
4326,0,24121,37991,37991,10608,38616
4327,10,23265,36139,35502,10528,17825
4328,0,904,11404,11404,17919,12422
4329,0,3494,13994,13994,18922,12692
4330,4,8346,18846,12160,16491,18838
4331,0,9728,20228,20228,36986,19071
4332,0,7797,18297,18297,19464,20770
4333,0,7396,17896,17896,10785,15466
4334,5,23304,37029,36570,11376,14876
4335,0,2080,12580,12580,36107,36575
4336,0,7928,18428,18428,17818,19031
4337,2,22901,37531,13912,34758,37531
4338,0,7933,18433,18433,11971,37897
4339,1,9856,20356,14361,20356,11962
4340,0,21395,34610,34610,34609,37627
4341,0,7211,17711,17711,11693,12854
4342,0,4677,15177,15177,11141,16016
4343,1,6533,17033,17503,17033,11722
4344,0,5209,15709,15709,38898,38532
4345,0,2646,13146,13146,35237,35196
4346,0,24806,35410,35410,36402,12350
4347,0,24753,34905,34905,13187,17584
4348,0,24222,35603,35603,34866,12859
4349,0,21748,37173,37173,12410,16758
4350,0,24944,34510,34510,16107,16736
4351,0,6365,16865,16865,16141,36322
4352,0,21437,35540,35540,15562,36745
4353,0,2155,12655,12655,13883,38006
4354,0,21933,37525,37525,34968,15729
4355,29,7370,17870,11862,37855,38720
4356,0,21287,37300,37300,38572,12852
4357,1,7837,18337,12511,18337,37561
4358,0,3715,14215,14215,17977,14793
4359,0,8111,18611,18611,34811,17481
4360,0,22569,34900,34900,13964,13292
4361,0,24179,36387,36387,18084,14081
4362,0,3622,14122,14122,19187,12043
4363,0,4516,15016,15016,19163,19874
4364,0,7354,17854,17854,18445,38175
4365,0,8750,19250,19250,37135,17311
4366,0,1436,11936,11936,37140,10823
4367,23,507,11007,14072,16869,34868
4368,0,5275,15775,15775,14831,10556
4369,0,5663,16163,16163,12439,18385
4370,0,5402,15902,15902,13980,19946
4371,0,5930,16430,16430,36168,36837
4372,0,2339,12839,12839,37222,20912
4373,1,9870,20370,17618,20370,38858
4374,0,4386,14886,14886,18094,12544
4375,0,22497,35610,35610,16475,38269
4376,0,7680,18180,18180,19962,36196
4377,0,24467,35486,35486,12722,35173
4378,0,8693,19193,19193,19995,12919
4379,1,643,11143,17680,11143,35640
4380,1,1539,12039,13395,12039,36946
4381,11,1211,11711,35590,34563,35757
4382,5,21991,34987,11125,15456,36067
4383,0,21888,37649,37649,38015,36560
4384,1,8864,19364,10855,19364,11592
4385,1,6106,16606,16762,16606,38733
4386,0,5615,16115,16115,35767,34614
4387,1,22598,37149,18850,37149,18435
4388,0,1464,11964,11964,34832,14314
4389,36,1192,11692,20421,17787,11792
4390,0,3590,14090,14090,11343,17042
4391,0,9697,20197,20197,12916,11070
4392,0,6360,16860,16860,12559,18330
4393,0,8697,19197,19197,16966,14142
4394,0,23344,36147,36147,19371,13551
4395,0,6719,17219,17219,20074,36423
4396,0,506,11006,11006,37262,11573
4397,0,22390,35046,35046,37440,13459
4398,0,9249,19749,19749,19668,11703
4399,0,24703,36353,36353,14911,20481
4400,64,22816,35636,10655,35129,14551
4401,0,1773,12273,12273,17794,11027
4402,0,272,10772,10772,15282,35150
4403,0,23922,36190,36190,12662,15271
4404,0,3618,14118,14118,20218,20778
4405,0,2381,12881,12881,37717,11670
4406,7,7008,17508,37997,11127,15315
4407,0,21435,38116,38116,37625,36087
4408,0,4633,15133,15133,15617,35072
4409,0,8504,19004,19004,16265,36251
4410,0,746,11246,11246,14712,34686
4411,1,7707,18207,14635,18207,15066
4412,0,3569,14069,14069,18381,15887
4413,6,23576,36262,12992,13101,13151
4414,0,8557,19057,19057,10725,11069
4415,0,6448,16948,16948,17572,36787
4416,0,5599,16099,16099,17823,10770
4417,1,25427,34937,18556,34937,35511
4418,0,24897,34726,34726,19273,38898
4419,0,8572,19072,19072,34956,18051
4420,0,22874,34526,34526,38305,13508
4421,0,1912,12412,12412,14171,15178
4422,1,9258,19758,37378,19758,36139
4423,0,599,11099,11099,38534,15275
4424,0,3892,14392,14392,11005,14064
4425,3,5540,16040,36461,13373,10771
4426,0,1652,12152,12152,12373,38061
4427,0,8106,18606,18606,15731,14700
4428,5,1893,12393,37926,15150,20554
4429,0,25305,35086,35086,34881,11378
4430,0,6502,17002,17002,11829,15768
4431,0,4362,14862,14862,12508,18151
4432,0,24191,38618,38618,18584,12861
4433,0,375,10875,10875,11338,15197
4434,0,1966,12466,12466,18889,19219
4435,0,3957,14457,14457,36801,35053
4436,0,22553,37809,37809,37810,13964
4437,0,5696,16196,16196,12930,35421
4438,0,1243,11743,11743,10577,14635
4439,14,23913,36478,12870,38512,16553
4440,1,23011,36211,35881,36211,11083
4441,0,9142,19642,19642,19469,10683
4442,0,941,11441,11441,18786,13803
4443,0,10347,20847,20847,37443,19698
4444,1,3346,13846,10750,13846,20772
4445,56,2657,13157,14225,15901,20740
4446,0,22984,38628,38628,12647,20864
4447,0,21562,34841,34841,13518,20623
4448,0,5326,15826,15826,18878,16282
4449,1,24378,37618,20536,37618,35967
4450,0,6578,17078,17078,20842,10982
4451,0,2799,13299,13299,18899,12861
4452,0,4306,14806,14806,15649,38204
4453,10,23715,34802,11569,15308,17088
4454,3,21244,35485,38555,19524,19836
4455,0,7244,17744,17744,16397,35828
4456,1,298,10798,11047,10798,10540
4457,74,25475,36189,37726,14011,13914
4458,10,3823,14323,36766,14182,13148
4459,0,9934,20434,20434,19715,16987
4460,0,7977,18477,18477,12733,15447
4461,0,2035,12535,12535,36257,17825
4462,0,4039,14539,14539,20620,18581
4463,1,9807,20307,12670,20307,17634
4464,0,22911,36007,36007,14766,10990
4465,0,1499,11999,11999,36689,11009
4466,0,3512,14012,14012,37747,11997
4467,0,21986,38840,38840,14566,16779
4468,9,8844,19344,14324,20173,13850
4469,2,8362,18862,20605,38449,18862
4470,2,6828,17328,35468,10935,17328
4471,56,7130,17630,37930,11749,13593
4472,0,22244,36383,36383,38362,38940
4473,0,9192,19692,19692,13289,18546
4474,63,4085,14585,16747,37915,18555
4475,22,242,10742,20421,13747,18219
4476,0,24303,36706,36706,15335,11757
4477,0,1644,12144,12144,20509,16366
4478,1,7371,17871,19601,17871,14830
4479,0,24484,34821,34821,17503,18493
4480,0,5594,16094,16094,36750,13709
4481,0,21820,35196,35196,17034,13146
4482,0,10272,20772,20772,20810,10792
4483,0,5231,15731,15731,20603,17686
4484,0,2076,12576,12576,36694,20045
4485,0,4103,14603,14603,20828,19747
4486,1,7493,17993,37662,17993,37076
4487,1,5968,16468,11920,16468,38841
4488,0,21703,36485,36485,35594,15235
4489,0,24417,35792,35792,15899,17873
4490,2,3966,14466,35244,34653,14466
4491,1,23621,36150,13220,36150,38169
4492,0,21942,38643,38643,14787,14776
4493,0,23593,38030,38030,36084,13154
4494,0,6754,17254,17254,20617,18378
4495,1,9948,20448,16882,20448,20389
4496,0,24490,37727,37727,13728,14993
4497,1,22968,36426,18576,36426,18704
4498,0,4078,14578,14578,18562,12938
4499,15,7754,18254,19406,19614,14952
4500,3,8832,19332,13125,17285,13919
4501,122,2778,13278,15488,19673,11884
4502,0,4603,15103,15103,35396,34779
4503,0,4932,15432,15432,10528,36139
4504,0,1985,12485,12485,37994,16530
4505,0,3861,14361,14361,20356,18967
4506,3,7774,18274,16973,12190,11835
4507,0,325,10825,10825,20978,38008
4508,0,23532,38617,38617,19116,18416
4509,5,6394,16894,17246,15615,20331
4510,0,22867,35190,35190,11376,36570
4511,1,4054,14554,38456,14554,38717
4512,0,2237,12737,12737,18178,13252
4513,0,5229,15729,15729,18177,19510
4514,0,4571,15071,15071,11116,17534
4515,212,8976,19476,17049,14521,19849
4516,0,7454,17954,17954,37825,16499
4517,0,1268,11768,11768,12196,38008
4518,0,864,11364,11364,15507,36980
4519,0,4942,15442,15442,10842,18011
4520,0,2253,12753,12753,20719,20930
4521,10,6010,16510,38346,19212,38935
4522,0,6911,17411,17411,34746,17056
4523,0,9815,20315,20315,37053,13938
4524,0,6998,17498,17498,37460,35891
4525,0,371,10871,10871,18554,19698
4526,0,24639,34692,34692,35784,34651
4527,0,7940,18440,18440,20618,15601
4528,0,609,11109,11109,13554,16242
4529,0,4651,15151,15151,14259,17154
4530,0,23930,36501,36501,10616,35077
4531,0,8872,19372,19372,13562,36833
4532,0,24023,35648,35648,12096,12449
4533,1,24440,38434,19782,38434,38746
4534,0,25224,35471,35471,13445,34815
4535,0,2364,12864,12864,19654,19227
4536,0,7766,18266,18266,38113,20757
4537,0,7148,17648,17648,10521,14474
4538,0,3789,14289,14289,12257,12827
4539,0,22443,34897,34897,34601,34468
4540,0,5581,16081,16081,38197,19064
4541,9,9239,19739,36041,17197,37022
4542,0,5060,15560,15560,35596,11721
4543,0,24884,38669,38669,20527,11910
4544,0,21324,37160,37160,16260,13758
4545,0,8671,19171,19171,11141,16016
4546,5,662,11162,36744,17962,38720
4547,0,24999,36900,36900,17281,13456
4548,0,10172,20672,20672,19178,16670
4549,0,2776,13276,13276,11734,11684
4550,0,4535,15035,15035,38684,35674
4551,1,7189,17689,37537,17689,37577
4552,0,9720,20220,20220,18808,13894
4553,5,5573,16073,10707,16920,36215
4554,1,6135,16635,34652,16635,17619
4555,0,4427,14927,14927,34957,13811
4556,6,5247,15747,11743,10542,38749
4557,0,10392,20892,20892,35413,20880
4558,0,3981,14481,14481,12836,36984
4559,0,7825,18325,18325,20064,19218
4560,7,2669,13169,34778,35826,19914
4561,1,3977,14477,18818,14477,13352
4562,8,279,10779,36906,12730,10963
4563,0,22986,35072,35072,12327,20019
4564,1,8718,19218,18325,19218,18253
4565,2,7452,17952,16171,13157,17952
4566,2,5197,15697,36000,38521,15697
4567,1,22992,37337,16540,37337,15489
4568,2,23332,37935,10937,13845,37935
4569,10,4155,14655,19927,17319,17078
4570,0,24812,35614,35614,17744,20683
4571,8,4883,15383,14490,18701,12711
4572,0,5807,16307,16307,36374,14673
4573,0,3809,14309,14309,14613,13681
4574,0,8713,19213,19213,19918,16186
4575,33,21159,35778,14555,13079,17186
4576,0,4683,15183,15183,20831,37876
4577,6,10194,20694,14167,37782,38693
4578,1,23267,36578,36308,36578,11878
4579,0,25413,37042,37042,12176,17876
4580,0,5593,16093,16093,16370,38484
4581,0,23577,34767,34767,34675,11100
4582,0,6897,17397,17397,13685,34943
4583,0,4563,15063,15063,18587,14094
4584,0,8376,18876,18876,11387,20307
4585,0,9284,19784,19784,15573,10994
4586,0,9434,19934,19934,20840,15393
4587,0,1269,11769,11769,37772,13745
4588,0,2350,12850,12850,38467,11767
4589,0,8745,19245,19245,38762,15707
4590,0,1384,11884,11884,19546,18883
4591,1,9379,19879,17677,19879,10605
4592,0,9036,19536,19536,17702,35689
4593,0,5856,16356,16356,37939,19692
4594,2,297,10797,20805,37999,10797
4595,0,8635,19135,19135,18260,34971
4596,0,25041,37157,37157,36406,20783
4597,0,23921,35559,35559,15441,38478
4598,0,9835,20335,20335,14288,16337
4599,0,2077,12577,12577,37599,11291
4600,0,9377,19877,19877,20384,17548
4601,0,21532,35920,35920,19151,16131
4602,0,2229,12729,12729,12180,15536
4603,0,2842,13342,13342,14367,13368
4604,0,2537,13037,13037,20944,10978
4605,1,194,10694,17078,10694,17319
4606,0,21350,36389,36389,18497,34812
4607,0,7362,17862,17862,15767,20297
4608,0,6636,17136,17136,38504,11248
4609,0,7498,17998,17998,15614,16487
4610,0,21940,34814,34814,20416,11128
4611,0,4042,14542,14542,10864,35163
4612,0,6553,17053,17053,10662,10901
4613,0,5505,16005,16005,18038,12921
4614,0,6854,17354,17354,16757,19073
4615,0,6761,17261,17261,12430,38193
4616,0,5300,15800,15800,19109,36905
4617,0,24092,35529,35529,37876,19997
4618,0,320,10820,10820,34765,13759
4619,0,7135,17635,17635,10520,12084
4620,0,1371,11871,11871,13210,20800
4621,0,24921,38685,38685,19152,13241
4622,0,2654,13154,13154,15986,14527
4623,0,9099,19599,19599,37162,36963
4624,0,25373,35800,35800,35290,34984
4625,0,3398,13898,13898,38145,38931
4626,0,8532,19032,19032,14126,16912
4627,0,9593,20093,20093,20859,14182
4628,3,22821,35224,14586,16394,35972
4629,0,22084,36997,36997,20447,12256
4630,37,24828,36549,37227,38167,17457
4631,0,926,11426,11426,20273,37135
4632,1,244,10744,15064,10744,18681
4633,1,7469,17969,19862,17969,14000
4634,0,8207,18707,18707,34487,17085
4635,50,143,10643,18566,37672,19053
4636,0,5983,16483,16483,14064,18202
4637,0,8151,18651,18651,14509,15116
4638,0,2363,12863,12863,11789,20613
4639,1,21229,34930,18031,34930,36875
4640,0,129,10629,10629,11267,36791
4641,0,1161,11661,11661,35101,17434
4642,1,10398,20898,16242,20898,11109
4643,1,25140,38653,17908,38653,13087
4644,3,5953,16453,37965,20539,38551
4645,0,287,10787,10787,12616,20160
4646,0,9380,19880,19880,17107,19258
4647,2,5308,15808,16894,18342,15808
4648,0,8681,19181,19181,14532,18055
4649,0,1170,11670,11670,12881,34699
4650,0,24455,36996,36996,12713,38135
4651,0,9191,19691,19691,16963,35436
4652,0,6792,17292,17292,15092,16185
4653,0,25004,38063,38063,38339,20415
4654,0,1859,12359,12359,35113,12375
4655,1,24539,34650,13319,34650,36976
4656,1,9910,20410,11187,20410,17765
4657,0,6781,17281,17281,38375,11789
4658,0,21877,35055,35055,10653,19935
4659,1,23611,37087,13803,37087,11441
4660,0,3121,13621,13621,13821,12065
4661,0,8579,19079,19079,12308,34546
4662,0,1311,11811,11811,16874,18040
4663,0,1032,11532,11532,17362,17989
4664,0,8339,18839,18839,15191,36099
4665,0,10012,20512,20512,13447,34735
4666,0,6382,16882,16882,20448,12228
4667,0,7910,18410,18410,11655,35966
4668,0,931,11431,11431,15992,35068
4669,0,691,11191,11191,38576,18237
4670,3,22680,36867,36269,15789,12225
4671,0,6364,16864,16864,12074,14667
4672,0,1909,12409,12409,34695,34696
4673,0,9021,19521,19521,19347,20676
4674,0,23886,37335,37335,35330,14890
4675,0,24449,38136,38136,12052,13226
4676,0,44,10544,10544,37698,35491
4677,50,3939,14439,20093,38816,38874
4678,0,23893,38510,38510,18793,20170
4679,0,7108,17608,17608,34530,20404
4680,0,9241,19741,19741,19342,18036
4681,0,4319,14819,14819,12059,19238
4682,0,2965,13465,13465,19912,17150
4683,1,3969,14469,17282,14469,13913
4684,13,21023,38829,10540,10798,38151
4685,0,22958,36158,36158,15615,20331
4686,0,22357,36869,36869,13181,16914
4687,0,7478,17978,17978,17037,10841
4688,0,6308,16808,16808,18450,11640
4689,0,4159,14659,14659,12505,36955
4690,0,3092,13592,13592,16740,37279
4691,0,23401,37755,37755,35108,36596
4692,1,7954,18454,36459,18454,11575
4693,0,5555,16055,16055,17059,14124
4694,0,3982,14482,14482,15932,37658
4695,0,9929,20429,20429,16324,14776
4696,1,6940,17440,18853,17440,16827
4697,0,1404,11904,11904,20974,18335
4698,0,3195,13695,13695,14501,15075
4699,0,25442,37585,37585,14424,36866
4700,0,22620,35295,35295,34563,35623
4701,8,9746,20246,35147,16005,16694
4702,11,969,11469,36458,11997,37001
4703,0,24367,36119,36119,16817,17854
4704,0,6543,17043,17043,12366,38633
4705,0,9117,19617,19617,16332,16477
4706,0,2843,13343,13343,17932,20218
4707,0,2851,13351,13351,12327,15133
4708,0,23085,36304,36304,14710,11648
4709,0,24095,36722,36722,36548,36069
4710,7,5956,16456,34833,34660,17014
4711,22,24299,34569,18708,36731,12658
4712,0,21058,35916,35916,12896,12666
4713,0,4471,14971,14971,18765,11971
4714,1,10133,20633,37993,20633,37193
4715,1,23534,35991,38629,35991,36997
4716,0,1789,12289,12289,17562,12417
4717,0,21627,36362,36362,14311,37772
4718,7,2059,12559,19709,11841,37235
4719,0,7143,17643,17643,36390,14209
4720,6,9362,19862,14000,14279,19110
4721,0,1902,12402,12402,15559,20914
4722,0,4686,15186,15186,11160,17441
4723,0,10143,20643,20643,35005,34518
4724,0,8090,18590,18590,19851,36256
4725,2,4922,15422,16567,19489,15422
4726,1,6785,17285,20903,17285,14974
4727,0,22213,37301,37301,13671,20627
4728,0,75,10575,10575,36930,13908
4729,0,2345,12845,12845,38630,16713
4730,1,6447,16947,17173,16947,15593
4731,0,8430,18930,18930,35898,16898
4732,0,8622,19122,19122,38782,36211
4733,0,4586,15086,15086,35797,38234
4734,1,23927,38400,11624,38400,35267
4735,0,9656,20156,20156,35719,35718
4736,0,9341,19841,19841,16642,11854
4737,0,23564,36576,36576,34744,38167
4738,0,1553,12053,12053,20209,34838
4739,6,5874,16374,16122,36905,37394
4740,0,8432,18932,18932,38283,34765
4741,0,8975,19475,19475,11397,37176
4742,1,23049,38504,16007,38504,36444
4743,24,24229,38594,12163,11242,37511
4744,0,9169,19669,19669,15910,14778
4745,6,21156,35164,18723,36109,17767
4746,0,5695,16195,16195,17520,38732
4747,0,2941,13441,13441,19073,15336
4748,1,9975,20475,13362,20475,16515
4749,71,10010,20510,14675,37244,13699
4750,1,7381,17881,37448,17881,16021
4751,0,25369,36037,36037,10632,36763
4752,0,1620,12120,12120,14787,17483
4753,7,21626,38947,18305,18682,19947
4754,0,7905,18405,18405,11769,20946
4755,0,24212,34513,34513,37933,14700
4756,0,23492,37113,37113,13501,19430
4757,0,6782,17282,17282,14469,36790
4758,0,25352,36206,36206,17231,13741
4759,1,23722,37129,16285,37129,19343
4760,0,21169,37266,37266,15078,18691
4761,0,1609,12109,12109,18719,11290
4762,0,3096,13596,13596,12206,18407
4763,0,2415,12915,12915,37803,17851
4764,0,22549,34922,34922,37591,13764
4765,0,2017,12517,12517,13398,36696
4766,2,2971,13471,13850,16556,13471
4767,0,24290,38663,38663,10711,36542
4768,0,3246,13746,13746,16540,36406
4769,0,124,10624,10624,38005,38815
4770,0,1106,11606,11606,17070,20277
4771,0,1814,12314,12314,37415,12356
4772,3,24955,38076,12762,15780,37333
4773,0,24049,37702,37702,11248,38504
4774,0,8790,19290,19290,11303,10576
4775,0,2123,12623,12623,11806,38285
4776,0,22168,38048,38048,13290,20276
4777,0,25274,36885,36885,37639,12173
4778,0,22585,34675,34675,17391,20618
4779,99,8970,19470,11816,20807,17427
4780,0,21755,38460,38460,16335,13218
4781,0,2197,12697,12697,37460,35176
4782,0,4051,14551,14551,35129,20761
4783,0,1216,11716,11716,10992,38505
4784,2,7701,18201,13997,36006,18201
4785,0,725,11225,11225,34766,20044
4786,0,9170,19670,19670,35562,37453
4787,3,808,11308,13362,16515,20475
4788,5,22290,35184,19121,15397,13761
4789,0,10438,20938,20938,38082,14197
4790,0,4906,15406,15406,35077,35936
4791,0,23910,37839,37839,19538,18481
4792,0,21098,37517,37517,17619,15997
4793,2,3962,14462,16205,11838,14462
4794,2,23969,36342,14218,16419,36342
4795,0,2671,13171,13171,36938,16090
4796,5,9530,20030,11790,34953,20731
4797,0,1764,12264,12264,16254,35422
4798,0,22217,34671,34671,20397,35082
4799,0,607,11107,11107,15553,16776
4800,3,9438,19938,36793,36407,11796
4801,0,9709,20209,20209,18378,14681
4802,0,3217,13717,13717,34965,12807
4803,54,5737,16237,16029,13341,12997
4804,0,8479,18979,18979,12673,35640
4805,0,2053,12553,12553,14153,13720
4806,0,3164,13664,13664,13840,14777
4807,0,22057,34468,34468,13801,20019
4808,0,22988,38089,38089,35374,14998
4809,0,21743,38748,38748,18558,11841
4810,0,1657,12157,12157,15628,13847
4811,0,8069,18569,18569,37885,18829
4812,0,8644,19144,19144,10729,19079
4813,0,2710,13210,13210,11871,36163
4814,0,21678,37708,37708,19583,11289
4815,0,7549,18049,18049,11674,15086
4816,0,4266,14766,14766,37091,13863
4817,0,6715,17215,17215,11080,11867
4818,0,422,10922,10922,18582,12336
4819,5,5316,15816,14257,12969,37355
4820,1,8849,19349,17022,19349,13294
4821,0,2845,13345,13345,11025,17027
4822,0,4066,14566,14566,38840,10756
4823,0,21963,37169,37169,36581,16222
4824,0,5244,15744,15744,35682,16597
4825,1,1001,11501,18161,11501,38929
4826,0,4198,14698,14698,35058,37853
4827,2,2418,12918,17613,17545,12918
4828,0,24616,35667,35667,15715,37902
4829,0,3575,14075,14075,34525,36757
4830,0,6726,17226,17226,15321,12883
4831,0,3847,14347,14347,36294,14425
4832,0,961,11461,11461,14810,36299
4833,0,9621,20121,20121,12773,18581
4834,0,10439,20939,20939,16846,19112
4835,74,22355,38844,35581,36115,35151
4836,1,757,11257,20815,11257,17755
4837,1,5313,15813,10709,15813,13959
4838,0,2284,12784,12784,34866,35603
4839,0,23239,38184,38184,36025,19924
4840,1,4827,15327,13958,15327,17337
4841,0,25290,37239,37239,11046,20817
4842,0,807,11307,11307,35745,10865
4843,0,3907,14407,14407,19561,10995
4844,0,7023,17523,17523,12637,37032
4845,0,1956,12456,12456,38080,38674
4846,0,9343,19843,19843,17854,15984
4847,0,10259,20759,20759,13367,20096
4848,3,24082,36177,19625,35254,35175
4849,0,2402,12902,12902,17351,38542
4850,0,24357,34732,34732,34987,11391
4851,0,1073,11573,11573,11006,19603
4852,0,6524,17024,17024,16881,36418
4853,0,21875,36714,36714,12934,10600
4854,0,21400,38951,38951,17046,14259
4855,0,8095,18595,18595,34716,34672
4856,3,23230,35124,37318,13405,17392
4857,0,25111,36533,36533,14643,35073
4858,1,24094,35162,20956,35162,18736
4859,0,21695,35926,35926,38396,36790
4860,0,1003,11503,11503,15147,38075
4861,1,7658,18158,17890,18158,11651
4862,1,23702,37613,18386,37613,38691
4863,0,7566,18066,18066,10665,36297
4864,0,23629,37811,37811,38937,38470
4865,0,5368,15868,15868,20187,35157
4866,1,22004,36062,16906,36062,16803
4867,0,6289,16789,16789,36684,35836
4868,0,9970,20470,20470,14119,12474
4869,1,24986,38456,20948,38456,14554
4870,0,21538,36984,36984,15180,12836
4871,0,985,11485,11485,16217,35058
4872,0,22930,34722,34722,15559,37034
4873,0,6169,16669,16669,16495,36714
4874,26,23905,35429,36748,15271,12711
4875,3,7384,17884,15822,36115,36310
4876,0,23066,34903,34903,15595,18413
4877,0,25091,37662,37662,16726,17993
4878,0,9726,20226,20226,38940,35746
4879,0,24131,38013,38013,12699,15852
4880,0,2462,12962,12962,35076,36223
4881,0,268,10768,10768,12422,37068
4882,0,7962,18462,18462,16517,10663
4883,0,3580,14080,14080,14799,17628
4884,0,71,10571,10571,15284,35820
4885,0,22273,36134,36134,38925,18976
4886,0,21409,38253,38253,36154,15748
4887,3,2821,13321,17109,11904,18493
4888,0,25289,37418,37418,19862,13087
4889,0,589,11089,11089,15451,16836
4890,0,10467,20967,20967,34815,20128
4891,0,9871,20371,20371,34873,36019
4892,1,22255,35014,11161,35014,13664
4893,2,24230,38945,14970,15412,38945
4894,0,23894,34779,34779,35326,17135
4895,1,3758,14258,38445,14258,36108
4896,0,6845,17345,17345,38905,13614
4897,3,2028,12528,18948,15524,16515
4898,0,8869,19369,19369,36451,13575
4899,0,22749,36200,36200,17357,12901
4900,0,5454,15954,15954,11267,10848
4901,0,9906,20406,20406,17892,18005
4902,0,21873,35629,35629,17065,16364
4903,0,9830,20330,20330,37271,12347
4904,6,21126,37944,17840,13094,12658
4905,0,2432,12932,12932,34770,15142
4906,0,4647,15147,15147,38075,11503
4907,0,8469,18969,18969,20587,12414
4908,0,25056,37183,37183,15333,18183
4909,0,896,11396,11396,35327,20612
4910,0,24900,36293,36293,10836,14091
4911,14,1587,12087,37668,19423,35875
4912,1,6686,17186,10922,17186,12902
4913,0,1719,12219,12219,10882,11564
4914,0,6100,16600,16600,13529,15063
4915,0,3806,14306,14306,38267,16879
4916,62,8806,19306,11894,19925,36135
4917,1,21759,35461,18783,35461,20747
4918,0,3961,14461,14461,12296,16641
4919,0,22678,38210,38210,19541,12486
4920,0,7036,17536,17536,20363,18489
4921,0,22198,38668,38668,11027,18525
4922,0,890,11390,11390,15132,14323
4923,1,25135,37478,11302,37478,37981
4924,2,4006,14506,14827,37662,14506
4925,0,4939,15439,15439,16711,16152
4926,1,21651,38162,12913,38162,16519
4927,0,9713,20213,20213,13861,38174
4928,0,5898,16398,16398,11365,13889
4929,5,23152,37384,34478,17247,35274
4930,0,23163,35922,35922,17958,16516
4931,0,23278,35264,35264,18719,12202
4932,10,584,11084,11974,10936,17276
4933,0,3932,14432,14432,36892,13053
4934,0,1260,11760,11760,36137,37336
4935,2,10456,20956,16948,16657,20956
4936,1,310,10810,11627,10810,18938
4937,4,1716,12216,12792,15027,38647
4938,5,6009,16509,12678,38322,17428
4939,0,2052,12552,12552,36853,36279
4940,0,23104,34548,34548,18470,15706
4941,0,4668,15168,15168,17346,18470
4942,0,4298,14798,14798,12766,11877
4943,31,6646,17146,18805,20046,13960
4944,0,3783,14283,14283,19651,18468
4945,1,1008,11508,38745,11508,38123
4946,0,7347,17847,17847,36646,35433
4947,0,23061,36463,36463,13392,38015
4948,0,22741,38017,38017,34983,35280
4949,1,8383,18883,36048,18883,15261
4950,0,22321,35051,35051,16554,18472
4951,0,4059,14559,14559,11686,14902
4952,0,8721,19221,19221,19512,11776
4953,68,90,10590,16359,14667,17150
4954,0,1987,12487,12487,11237,18860
4955,1,22582,36566,17689,36566,37577
4956,5,24759,38126,13247,12398,18000
4957,0,7279,17779,17779,14957,12755
4958,0,23693,35993,35993,11938,19569
4959,0,23531,34810,34810,13735,36698
4960,2,24466,36977,36893,38904,36977
4961,0,22438,38199,38199,19574,19542
4962,0,21196,36975,36975,15566,37680
4963,0,23944,36864,36864,12992,37430
4964,0,2925,13425,13425,20915,12527
4965,0,9981,20481,20481,15311,17144
4966,0,8185,18685,18685,35551,17347
4967,0,5884,16384,16384,17372,11791
4968,0,2341,12841,12841,14536,19444
4969,0,24681,36998,36998,18592,19421
4970,0,23151,34609,34609,34610,36765
4971,0,627,11127,11127,15315,13566
4972,0,10065,20565,20565,13553,16650
4973,0,7545,18045,18045,20265,10703
4974,0,21720,35994,35994,12032,19569
4975,1,4765,15265,38489,15265,11562
4976,0,21439,38368,38368,17218,36548
4977,0,22239,36617,36617,11284,19616
4978,0,128,10628,10628,38260,38152
4979,0,21693,37253,37253,19273,38396
4980,0,10411,20911,20911,36421,20961
4981,0,4182,14682,14682,35740,17315
4982,26,7299,17799,13375,13494,10945
4983,4,6995,17495,15772,14414,36740
4984,0,2398,12898,12898,16126,35381
4985,1,25109,37391,16977,37391,18792
4986,0,1186,11686,11686,20451,36458
4987,2,23652,35763,36176,12350,35763
4988,0,25228,38535,38535,17152,10956
4989,0,5314,15814,15814,37475,17362
4990,0,9220,19720,19720,17658,13758
4991,0,4247,14747,14747,12476,14170
4992,0,25073,38289,38289,19090,18459
4993,0,9107,19607,19607,34474,35095
4994,3,1096,11596,16855,37729,36135
4995,0,6653,17153,17153,19471,19036
4996,4,1273,11773,34725,38888,14870
4997,0,5698,16198,16198,17586,11658
4998,1,24204,37939,10994,37939,16356
4999,0,8728,19228,19228,14612,13897
5000,16,6797,17297,19907,17401,20370
5001,0,6615,17115,17115,17814,38959
5002,0,3358,13858,13858,37717,14353
5003,0,7755,18255,18255,20693,36852
5004,0,183,10683,10683,19642,17312
5005,0,21917,35806,35806,13703,14762
5006,0,23598,35275,35275,36429,12451
5007,0,6513,17013,17013,35943,20602
5008,0,4567,15067,15067,37279,38268
5009,1,6603,17103,16972,17103,15992
5010,35,22342,36394,36332,36322,36660
5011,0,1961,12461,12461,38631,34975
5012,0,4992,15492,15492,19442,16086
5013,0,4891,15391,15391,36699,15070
5014,0,8039,18539,18539,38407,16735
5015,0,5869,16369,16369,20183,38238
5016,0,23842,38187,38187,18514,12037
5017,0,6226,16726,16726,11039,17035
5018,0,21096,35225,35225,15029,14818
5019,0,23851,34570,34570,10507,16177
5020,0,1251,11751,11751,37615,13991
5021,0,3176,13676,13676,11416,18731
5022,0,3359,13859,13859,16208,36572
5023,0,10305,20805,20805,14872,37833
5024,0,9624,20124,20124,17201,13972
5025,0,23086,35560,35560,35028,19496
5026,0,21210,37453,37453,11175,20284
5027,0,7411,17911,17911,38665,37853
5028,0,7538,18038,18038,13275,16005
5029,0,1051,11551,11551,15502,38077
5030,0,9221,19721,19721,11363,35351
5031,0,8464,18964,18964,12202,35264
5032,0,4763,15263,15263,11966,14864
5033,15,22146,38785,14802,19626,35076
5034,1,1874,12374,35972,12374,19440
5035,2,9278,19778,11681,11045,19778
5036,0,7282,17782,17782,15497,16255
5037,0,9008,19508,19508,38055,11009
5038,5,24322,35372,35810,12224,12353
5039,0,4322,14822,14822,35750,18811
5040,0,9448,19948,19948,13179,37144
5041,0,5831,16331,16331,35936,13403
5042,0,25138,36780,36780,11017,14148
5043,0,10098,20598,20598,19837,17265
5044,0,9730,20230,20230,14787,13244
5045,0,23612,37105,37105,13534,12556
5046,0,21849,35619,35619,36213,14100
5047,19,4485,14985,19358,19445,19406
5048,0,8615,19115,19115,13190,16150
5049,0,3924,14424,14424,37585,15902
5050,0,22200,38179,38179,20212,13051
5051,0,9563,20063,20063,20018,14674
5052,53,24373,35025,15949,20282,15379
5053,2,7850,18350,18318,18688,18350
5054,14,21682,36069,16729,38690,12566
5055,0,3113,13613,13613,34549,12249
5056,4,3303,13803,38627,36399,18793
5057,1,9536,20036,11027,20036,35098
5058,0,1690,12190,12190,14231,38047
5059,0,9634,20134,20134,37044,13920
5060,0,5048,15548,15548,18339,11426
5061,0,10097,20597,20597,14177,37924
5062,1,3308,13808,20246,13808,38608
5063,0,1504,12004,12004,19562,18100
5064,0,1806,12306,12306,37233,14646
5065,0,3871,14371,14371,34732,17438
5066,0,9967,20467,20467,14084,38326
5067,3,3791,14291,11055,13848,14934
5068,7,24370,38245,11935,18402,16552
5069,0,24561,35552,35552,20357,11455
5070,0,23076,35475,35475,20552,12934
5071,12,1717,12217,38390,17621,12681
5072,0,2696,13196,13196,11076,14083
5073,0,1848,12348,12348,19309,17125
5074,0,4512,15012,15012,36552,10945
5075,10,23045,35093,18283,20882,10737
5076,0,6622,17122,17122,37980,15047
5077,0,3435,13935,13935,16017,18173
5078,0,10151,20651,20651,12014,11814
5079,0,142,10642,10642,15051,36389
5080,5,23908,34462,17442,18892,36820
5081,15,6992,17492,12345,11786,16655
5082,0,21168,37342,37342,10986,34879
5083,0,9878,20378,20378,35099,20630
5084,0,1117,11617,11617,13552,37643
5085,185,1756,12256,11179,17403,14176
5086,0,497,10997,10997,38287,38450
5087,2,6751,17251,13050,12856,17251
5088,1,870,11370,11765,11370,37110
5089,0,3357,13857,13857,37061,18537
5090,3,9104,19604,12071,38952,11795
5091,0,7678,18178,18178,15815,17110
5092,0,721,11221,11221,10832,36852
5093,1,886,11386,36063,11386,35552
5094,0,22714,38364,38364,36027,35446
5095,0,21860,34948,34948,35390,15966
5096,1,24057,36411,35829,36411,11097
5097,0,8347,18847,18847,37669,38898
5098,0,8102,18602,18602,19728,16138
5099,82,21753,37002,35213,36835,11529
5100,0,24630,35934,35934,36944,37720
5101,1,314,10814,38512,10814,20380
5102,1,25478,38956,37760,38956,13086
5103,0,24333,38696,38696,10807,35336
5104,0,4204,14704,14704,12071,18679
5105,0,5850,16350,16350,18304,19595
5106,0,6129,16629,16629,19960,13927
5107,188,5447,15947,13819,20087,20985
5108,0,3129,13629,13629,36828,18690
5109,0,1996,12496,12496,17243,35530
5110,0,24929,35077,35077,19718,36368
5111,1,3968,14468,18577,14468,13010
5112,0,22015,35801,35801,16405,13141
5113,0,336,10836,10836,10696,15707
5114,0,25412,35802,35802,38247,19217
5115,0,22541,36514,36514,35387,17823
5116,0,10384,20884,20884,10859,11446
5117,0,2985,13485,13485,18127,12272
5118,0,4620,15120,15120,20192,19897
5119,0,6531,17031,17031,18587,13350
5120,0,9857,20357,20357,11455,14580
5121,0,3558,14058,14058,16976,15928
5122,0,21957,37635,37635,37823,17622
5123,0,3416,13916,13916,17219,38059
5124,0,307,10807,10807,11498,38696
5125,1,22145,38852,15066,38852,17688
5126,0,24072,35330,35330,14890,37335
5127,1,348,10848,13599,10848,35957
5128,0,5918,16418,16418,13906,14683
5129,0,23155,37140,37140,11936,10823
5130,0,7243,17743,17743,17889,36275
5131,0,22848,38219,38219,38118,11429
5132,0,4482,14982,14982,13671,34674
5133,69,9421,19921,10639,17518,10953
5134,0,8263,18763,18763,13239,10844
5135,0,23464,35462,35462,36157,18234
5136,0,6855,17355,17355,19347,10633
5137,1,23477,36856,36857,36856,37275
5138,0,23026,34678,34678,15192,35159
5139,0,24385,36171,36171,35366,18015
5140,0,21038,34746,34746,17056,17411
5141,0,1666,12166,12166,20683,14754
5142,6,7579,18079,13808,38502,37947
5143,0,5570,16070,16070,20801,19847
5144,0,52,10552,10552,17827,13736
5145,0,9965,20465,20465,18735,34916
5146,0,6263,16763,16763,38350,20801
5147,0,1445,11945,11945,16475,12991
5148,0,9843,20343,20343,13287,11606
5149,0,10184,20684,20684,15519,12641
5150,1,1695,12195,20600,12195,38585
5151,0,1574,12074,12074,16730,10933
5152,0,24056,35065,35065,18728,38287
5153,55,4405,14905,12566,11948,15155
5154,0,1630,12130,12130,15364,19564
5155,0,22707,37694,37694,12868,20302
5156,22,1881,12381,19532,11076,13355
5157,0,5074,15574,15574,15918,19088
5158,0,5509,16009,16009,35592,15334
5159,3,24590,37200,18567,12811,20942
5160,0,21064,34496,34496,34479,17106
5161,0,9040,19540,19540,12100,18390
5162,0,22868,34606,34606,11028,37473
5163,2,23200,36841,12146,18744,36841
5164,0,186,10686,10686,36534,19790
5165,3,5558,16058,14972,14885,38498
5166,0,7185,17685,17685,15502,38077
5167,8,23777,37833,36824,11980,36910
5168,0,23309,35469,35469,15524,16214
5169,0,6587,17087,17087,11767,10622
5170,0,1234,11734,11734,13276,38137
5171,35,10479,20979,37888,36906,13557
5172,7,3915,14415,36360,36041,17197
5173,12,446,10946,13463,38151,14586
5174,0,844,11344,11344,14081,14064
5175,0,5201,15701,15701,20826,35679
5176,1,22486,37328,16419,37328,11916
5177,0,24540,35514,35514,20458,14821
5178,0,2440,12940,12940,15521,11786
5179,43,3103,13603,11379,13747,13344
5180,0,7692,18192,18192,15662,18722
5181,0,4774,15274,15274,11445,37181
5182,0,6974,17474,17474,35797,37681
5183,0,6094,16594,16594,20275,19636
5184,0,9486,19986,19986,35582,16230
5185,96,2153,12653,37944,20129,20317
5186,0,5518,16018,16018,37944,11360
5187,0,22060,35968,35968,13378,12054
5188,0,5067,15567,15567,12513,36256
5189,0,24784,36614,36614,35112,10971
5190,78,23931,35506,14144,19547,13781
5191,0,21652,36446,36446,36151,36378
5192,0,776,11276,11276,36861,34697
5193,0,8417,18917,18917,15151,19663
5194,2,22909,37904,13060,19476,37904
5195,0,6324,16824,16824,11555,11889
5196,77,4920,15420,12071,18679,20631
5197,0,24201,37012,37012,10609,38855
5198,0,9182,19682,19682,10825,11565
5199,3,24144,38208,38935,38346,19212
5200,2,23093,35300,37100,15553,35300
5201,0,3136,13636,13636,19815,16823
5202,7,22065,36587,12069,11139,11278
5203,186,5462,15962,36828,14695,18805
5204,0,3183,13683,13683,16799,37060
5205,0,23642,37005,37005,16914,36356
5206,0,7522,18022,18022,19496,14193
5207,0,23872,35860,35860,34977,20145
5208,0,3199,13699,13699,35720,10540
5209,0,24393,35301,35301,37032,12340
5210,1,1289,11789,13889,11789,16553
5211,0,24821,38236,38236,11661,15856
5212,0,23638,38279,38279,11118,38446
5213,2,24349,36676,12052,38808,36676
5214,0,7542,18042,18042,12618,13960
5215,0,1879,12379,12379,16279,19253
5216,0,22170,37921,37921,15737,19986
5217,0,10003,20503,20503,17475,15101
5218,0,5457,15957,15957,12975,20118
5219,0,2148,12648,12648,17656,11595
5220,0,4131,14631,14631,19902,17049
5221,0,1036,11536,11536,12375,12073
5222,0,8828,19328,19328,17517,34851
5223,0,24779,38255,38255,34815,15703
5224,0,4134,14634,14634,11379,20468
5225,0,649,11149,11149,34637,37934
5226,0,9275,19775,19775,13334,37269
5227,14,6711,17211,37714,37468,17842
5228,0,861,11361,11361,35219,13425
5229,0,9095,19595,19595,11070,36054
5230,0,191,10691,10691,15562,38067
5231,0,8301,18801,18801,20982,19815
5232,0,6026,16526,16526,10709,12252
5233,3,1942,12442,36732,11290,13143
5234,0,4331,14831,14831,14760,15595
5235,0,25047,38351,38351,13261,38713
5236,0,8775,19275,19275,16709,36615
5237,0,7972,18472,18472,18202,14081
5238,0,24989,35554,35554,36619,19460
5239,1,21734,38059,14687,38059,11330
5240,0,25168,35074,35074,37850,12809
5241,0,2775,13275,13275,12769,37506
5242,3,4145,14645,18525,12741,38668
5243,7,22697,36866,18019,18566,13973
5244,0,2617,13117,13117,15826,38631
5245,0,2411,12911,12911,11825,20490
5246,0,1094,11594,11594,36575,16391
5247,0,6065,16565,16565,36522,20411
5248,0,1546,12046,12046,16021,20176
5249,0,4589,15089,15089,16751,17777
5250,0,6034,16534,16534,15416,34797
5251,0,10154,20654,20654,16454,15958
5252,14,6953,17453,20458,18068,20111
5253,0,3135,13635,13635,37000,20961
5254,86,3856,14356,12438,38471,17962
5255,3,21007,37791,11822,10735,18694
5256,0,6419,16919,16919,36732,12945
5257,2,3805,14305,13656,37316,14305
5258,0,22572,37034,37034,12491,37172
5259,0,9919,20419,20419,16698,20244
5260,0,7431,17931,17931,34808,11853
5261,0,6774,17274,17274,35385,14755
5262,0,21339,37136,37136,36671,13750
5263,0,464,10964,10964,15147,37584
5264,0,1257,11757,11757,11141,19171
5265,0,2259,12759,12759,34738,20274
5266,3,5630,16130,38555,19524,35436
5267,53,24529,38492,38318,19476,36275
5268,0,6231,16731,16731,10506,34597
5269,0,7382,17882,17882,17870,16978
5270,2,21454,35047,34864,20675,35047
5271,0,25028,36330,36330,36756,20110
5272,1,1262,11762,15308,11762,15823
5273,0,21500,37466,37466,36671,10737
5274,0,7212,17712,17712,15661,38718
5275,0,975,11475,11475,12352,35929
5276,28,21905,34682,37693,12514,11722
5277,1713,5866,16366,15649,38204,14806
5278,3,9133,19633,37799,37674,19132
5279,0,6582,17082,17082,13539,38061
5280,3,2387,12887,14533,14633,10796
5281,0,24766,38552,38552,34806,18883
5282,0,5021,15521,15521,14396,12940
5283,0,7129,17629,17629,14805,18356
5284,0,22264,36488,36488,38415,10995
5285,1,3882,14382,13458,14382,37981
5286,3,6055,16555,20684,12237,12910
5287,0,22114,37593,37593,36636,35142
5288,0,21011,34630,34630,34496,34467
5289,0,3875,14375,14375,13312,35137
5290,0,2789,13289,13289,18546,17822
5291,0,9136,19636,19636,15434,16594
5292,2,21270,37291,13330,13637,37291
5293,0,1857,12357,12357,11942,38296
5294,0,21980,36965,36965,38028,13292
5295,0,4108,14608,14608,35889,10800
5296,0,5213,15713,15713,20107,34518
5297,0,8281,18781,18781,13481,15752
5298,4,3255,13755,35637,37273,12671
5299,0,7323,17823,17823,16099,36514
5300,0,2690,13190,13190,18037,34736
5301,1,7389,17889,34587,17889,20264
5302,0,4627,15127,15127,16425,34634
5303,0,24379,35125,35125,13244,19373
5304,0,1319,11819,11819,16853,15667
5305,0,21034,36909,36909,34983,37638
5306,0,23739,38782,38782,36450,18119
5307,1,5162,15662,15659,15662,18722
5308,1,21747,34832,11234,34832,35078
5309,0,10360,20860,20860,19679,12018
5310,0,1135,11635,11635,37228,14200
5311,0,4529,15029,15029,35225,14818
5312,19,3505,14005,20035,13439,20444
5313,0,4749,15249,15249,14299,17228
5314,0,7086,17586,17586,13745,18660
5315,0,9947,20447,20447,36091,18019
5316,0,23444,38764,38764,14695,37897
5317,0,6336,16836,16836,11089,38404
5318,0,25494,34899,34899,20727,37065
5319,0,6982,17482,17482,36213,14100
5320,0,25242,36726,36726,35429,19424
5321,7,2505,13005,11942,38296,18634
5322,0,2904,13404,13404,35660,15357
5323,0,570,11070,11070,18173,36054
5324,1,1448,11948,17957,11948,15583
5325,16,3414,13914,16235,10608,12217
5326,3,23625,38786,14226,10582,17159
5327,0,22923,34736,34736,35956,35725
5328,0,9290,19790,19790,10686,36534
5329,1,24142,38608,34543,38608,10843
5330,3,6837,17337,36290,11552,38440
5331,0,3226,13726,13726,15723,37200
5332,0,22382,38576,38576,20924,13920
5333,0,4383,14883,14883,11067,38369
5334,3,9229,19729,17078,17319,10982
5335,1,7845,18345,36473,18345,12410
5336,0,3539,14039,14039,13245,35950
5337,0,24996,34546,34546,12308,19079
5338,0,22140,37405,37405,20280,13588
5339,0,2827,13327,13327,35573,11172
5340,2,5780,16280,14120,18665,16280
5341,1,4996,15496,14760,15496,14831
5342,0,1338,11838,11838,14361,15323
5343,0,3262,13762,13762,36812,20166
5344,1,7876,18376,36881,18376,35451
5345,0,22315,34769,34769,14018,15456
5346,0,6838,17338,17338,11199,12082
5347,2,5741,16241,19949,12156,16241
5348,0,650,11150,11150,37700,13243
5349,0,6039,16539,16539,17998,17826
5350,82,2258,12758,14170,37106,17545
5351,0,5395,15895,15895,16620,20099
5352,0,21396,37061,37061,13857,35710
5353,0,7082,17582,17582,16073,17966
5354,0,25165,35602,35602,20123,20737
5355,0,3521,14021,14021,38936,36943
5356,0,24558,38527,38527,19043,18434
5357,0,4478,14978,14978,12606,13369
5358,0,5660,16160,16160,12514,15811
5359,0,22176,37014,37014,36441,16317
5360,5,67,10567,15355,12574,16106
5361,1,21799,38023,12336,38023,19285
5362,0,23539,35836,35836,12675,37962
5363,0,7609,18109,18109,19909,15447
5364,20,1258,11758,15042,14954,15769
5365,0,23735,35923,35923,12979,17946
5366,1,21978,36736,19444,36736,18575
5367,5,991,11491,38102,17110,37464
5368,0,3504,14004,14004,13958,13810
5369,0,8305,18805,18805,16426,34783
5370,0,919,11419,11419,11491,37640
5371,0,165,10665,10665,16412,16161
5372,0,9877,20377,20377,13573,13160
5373,0,22954,36772,36772,16453,14502
5374,0,9141,19641,19641,14378,12285
5375,0,4594,15094,15094,37588,19359
5376,0,24583,36108,36108,35098,20036
5377,1,2850,13350,18587,13350,16217
5378,0,22755,34855,34855,13877,18189
5379,9,21015,38928,14107,38410,11920
5380,1,23297,36130,38865,36130,38118
5381,0,4460,14960,14960,36570,11376
5382,0,22527,38186,38186,37945,35636
5383,0,6623,17123,17123,19692,13940
5384,1,9306,19806,38633,19806,13100
5385,0,22630,36534,36534,10686,37781
5386,0,8490,18990,18990,14345,13238
5387,0,9867,20367,20367,17636,20906
5388,0,2735,13235,13235,12849,35833
5389,0,5669,16169,16169,37168,37562
5390,0,4988,15488,15488,19673,11884
5391,0,23028,37462,37462,38234,35797
5392,0,2378,12878,12878,14821,20458
5393,3,10402,20902,19353,20776,15147
5394,0,4172,14672,14672,11440,15388
5395,0,8092,18592,18592,38622,35763
5396,1,23087,35945,34821,35945,37000
5397,1,2103,12603,38853,12603,12902
5398,0,3759,14259,14259,38951,19489
5399,0,24634,35639,35639,14928,12924
5400,0,1837,12337,12337,37983,20671
5401,0,23260,35990,35990,34963,35521
5402,0,21670,36412,36412,19440,14681
5403,0,24347,36188,36188,14840,14516
5404,0,5710,16210,16210,13000,17515
5405,0,8799,19299,19299,19022,36464
5406,0,4500,15000,15000,15507,18493
5407,44,1093,11593,12782,37915,18681
5408,0,10017,20517,20517,36583,13284
5409,0,6718,17218,17218,37944,36548
5410,0,24899,34720,34720,10789,37880
5411,0,8960,19460,19460,36619,35554
5412,4,160,10660,15667,10946,35778
5413,0,203,10703,10703,18045,18300
5414,0,6483,16983,16983,37500,38400
5415,0,3940,14440,14440,38667,16482
5416,0,21844,38745,38745,38736,10639
5417,0,4933,15433,15433,13285,20133
5418,6,7647,18147,17545,14949,11399
5419,9,1230,11730,13066,17613,17545
5420,0,9166,19666,19666,14427,38713
5421,0,3046,13546,13546,12276,36794
5422,0,7957,18457,18457,15404,19093
5423,0,2915,13415,13415,17207,36590
5424,0,24297,37584,37584,17238,11438
5425,42,4251,14751,16747,15615,16894
5426,0,6111,16611,16611,36024,36293
5427,0,6204,16704,16704,16869,17715
5428,3,2725,13225,13549,16147,11965
5429,0,4290,14790,14790,16994,15015
5430,2,4334,14834,15583,12631,14834
5431,0,383,10883,10883,11948,12901
5432,0,7485,17985,17985,17584,20435
5433,0,4886,15386,15386,15280,34483
5434,0,857,11357,11357,11216,35405
5435,0,370,10870,10870,15799,18701
5436,0,6539,17039,17039,16979,36229
5437,10,2561,13061,13840,37161,11161
5438,13,3801,14301,10608,38616,38789
5439,0,5455,15955,15955,17862,18746
5440,0,10162,20662,20662,19155,34964
5441,0,23994,37817,37817,20197,38689
5442,0,6859,17359,17359,11198,18905
5443,1,10212,20712,18480,20712,15935
5444,0,23123,37271,37271,15671,35603
5445,0,25415,38366,38366,17337,36290
5446,0,5944,16444,16444,34864,10523
5447,0,615,11115,11115,20857,11495
5448,0,2575,13075,13075,11028,16051
5449,4,53,10553,20648,11195,14982
5450,0,24722,37379,37379,13627,13629
5451,3,3340,13840,19969,11393,12297
5452,0,21444,35310,35310,36019,19069
5453,0,9897,20397,20397,18335,34671
5454,0,24575,37557,37557,14718,19906
5455,0,10099,20599,20599,34830,38114
5456,0,10052,20552,20552,36714,12934
5457,0,23115,37766,37766,14435,38308
5458,0,5876,16376,16376,19097,15510
5459,0,10196,20696,20696,19950,16796
5460,2,8995,19495,38909,17486,19495
5461,0,1812,12312,12312,18859,38075
5462,0,990,11490,11490,10843,36741
5463,0,10389,20889,20889,16726,17035
5464,1,22248,36537,16353,36537,19091
5465,0,8411,18911,18911,19319,35568
5466,0,2942,13442,13442,11892,36934
5467,0,9480,19980,19980,14405,19399
5468,0,3163,13663,13663,20855,16973
5469,0,4678,15178,15178,14171,15413
5470,0,2618,13118,13118,11882,16845
5471,0,3612,14112,14112,19709,38434
5472,2,8235,18735,34916,18555,18735
5473,0,7871,18371,18371,36263,13583
5474,0,21816,35942,35942,12982,11862
5475,1,3792,14292,18609,14292,16546
5476,0,9695,20195,20195,36343,20028
5477,0,10130,20630,20630,15227,20930
5478,0,3439,13939,13939,16172,14325
5479,0,1892,12392,12392,37510,13960
5480,0,23428,38423,38423,37029,16289
5481,0,21478,37958,37958,15011,12568
5482,0,5255,15755,15755,35573,14760
5483,0,5167,15667,15667,17535,10940
5484,0,6460,16960,16960,17107,19258
5485,6,1505,12005,13175,38113,14196
5486,0,10355,20855,20855,13663,18172
5487,0,670,11170,11170,34594,16822
5488,2,9471,19971,11055,15098,19971
5489,0,23487,35326,35326,17135,14892
5490,0,897,11397,11397,12865,35879
5491,0,3306,13806,13806,38903,36850
5492,0,8026,18526,18526,36834,38259
5493,12,6239,16739,12676,36000,18400
5494,0,2890,13390,13390,17965,14247
5495,0,6003,16503,16503,19592,19419
5496,1,7739,18239,17405,18239,38408
5497,0,23293,35377,35377,35796,20502
5498,0,24209,35593,35593,37996,19348
5499,7,8397,18897,38692,13554,17742
5500,1,2,10502,38291,10502,17434
5501,6,9961,20461,15428,36175,12068
5502,0,23540,36710,36710,17034,35196
5503,1,6079,16579,20016,16579,18826
5504,0,531,11031,11031,14044,18543
5505,316,25177,36892,15503,10964,38617
5506,0,8181,18681,18681,38371,11805
5507,0,23180,36938,36938,35613,36583
5508,0,6476,16976,16976,35449,17431
5509,0,24648,37344,37344,36875,36543
5510,0,22221,36669,36669,18011,13962
5511,0,8923,19423,19423,17794,35875
5512,0,3406,13906,13906,16418,14683
5513,23,5991,16491,18846,38816,12160
5514,0,6328,16828,16828,19949,11912
5515,0,10374,20874,20874,10956,19146
5516,22,2565,13065,34679,35281,35138
5517,0,2581,13081,13081,11910,20527
5518,0,24314,36730,36730,35888,19463
5519,0,8385,18885,18885,11955,17452
5520,0,2607,13107,13107,11515,16439
5521,2,10484,20984,20307,17634,20984
5522,0,22379,38176,38176,38904,11269
5523,3,9447,19947,35830,11145,11135
5524,0,2104,12604,12604,17929,11864
5525,0,21510,37913,37913,36966,37381
5526,0,23881,34640,34640,11474,13865
5527,10,22006,37690,11843,38712,11973
5528,0,4994,15494,15494,10832,17847
5529,0,23983,35163,35163,38361,11270
5530,5,5057,15557,36369,10942,11469
5531,0,658,11158,11158,10864,13892
5532,0,4434,14934,14934,14291,38127
5533,0,21261,38209,38209,15471,35832
5534,5,3816,14316,11388,18848,35212
5535,0,6773,17273,17273,38697,18269
5536,0,22411,38027,38027,20018,36207
5537,0,9813,20313,20313,13571,37308
5538,1,24351,38108,35929,38108,11475
5539,2,7260,17760,37775,14331,17760
5540,0,3904,14404,14404,19876,19969
5541,23,25055,35170,38354,35009,14114
5542,1,21402,37318,15355,37318,11926
5543,0,9288,19788,19788,35839,20798
5544,0,6811,17311,17311,20770,37135
5545,0,24609,37543,37543,13896,12401
5546,21,9359,19859,15649,38692,18417
5547,0,3700,14200,14200,19740,37228
5548,3,23098,35879,36526,35115,15597
5549,0,1788,12288,12288,35254,36177
5550,0,21836,36695,36695,37785,18145
5551,0,6314,16814,16814,13752,37604
5552,0,3645,14145,14145,17541,18255
5553,0,1776,12276,12276,13546,17090
5554,24,192,10692,37312,37473,38198
5555,0,9012,19512,19512,18174,34717
5556,0,10261,20761,20761,10524,14551
5557,0,24339,36861,36861,11276,19092
5558,0,21051,38312,38312,10946,10645
5559,0,5388,15888,15888,15601,14498
5560,0,10307,20807,20807,36666,38548
5561,0,4951,15451,15451,11089,17556
5562,0,2687,13187,13187,34905,35855
5563,0,4390,14890,14890,35330,20344
5564,0,4927,15427,15427,13534,36972
5565,0,5552,16052,16052,35384,35507
5566,0,22408,38292,38292,18812,34697
5567,0,238,10738,10738,20833,20785
5568,0,24245,37868,37868,13249,13889
5569,0,24083,38489,38489,15265,11562
5570,0,6901,17401,17401,18502,11457
5571,0,23870,34911,34911,17178,16898
5572,1,23362,38824,15306,38824,12563
5573,0,9137,19637,19637,20001,10578
5574,0,22218,36273,36273,35369,16203
5575,0,8640,19140,19140,18353,37547
5576,0,5097,15597,15597,35815,11595
5577,0,21032,34786,34786,19391,15008
5578,0,21025,35133,35133,35134,12538
5579,0,10335,20835,20835,20866,37470
5580,26,3552,14052,11720,34465,13247
5581,2,21494,38915,38789,17220,38915
5582,0,3360,13860,13860,14879,11784
5583,0,8328,18828,18828,19185,13637
5584,11,5628,16128,38167,37360,12744
5585,0,7751,18251,18251,19087,10782
5586,1,5783,16283,19877,16283,37836
5587,0,4507,15007,15007,34608,20028
5588,0,23140,37072,37072,10897,16025
5589,7,146,10646,37782,17488,17167
5590,0,24118,35002,35002,20906,20260
5591,0,2294,12794,12794,13110,18186
5592,0,7178,17678,17678,37413,13817
5593,3,9928,20428,11171,37354,18214
5594,0,24845,38266,38266,38657,37295
5595,0,23379,34724,34724,11045,34723
5596,0,24725,38183,38183,11793,14930
5597,0,23608,36403,36403,34825,19420
5598,0,8690,19190,19190,38698,17516
5599,6,7081,17581,13021,17942,11574
5600,1,4733,15233,18655,15233,12886
5601,3,8912,19412,10856,15732,34584
5602,0,4384,14884,14884,16011,37439
5603,0,22067,38065,38065,37306,37131
5604,8,25270,37719,16682,12187,19614
5605,0,21962,35533,35533,38889,10638
5606,0,4545,15045,15045,16644,13809
5607,0,596,11096,11096,37230,14227
5608,0,21318,37602,37602,37350,14511
5609,62,23453,34498,15767,12417,17460
5610,0,5164,15664,15664,13461,36295
5611,1,22028,37709,18093,37709,13323
5612,2,1647,12147,20703,11907,12147
5613,0,6815,17315,17315,14682,17356
5614,0,2700,13200,13200,18429,38252
5615,0,1700,12200,12200,19509,36020
5616,1,2773,13273,36831,13273,35043
5617,0,6968,17468,17468,15313,13137
5618,0,8143,18643,18643,17759,35661
5619,0,6219,16719,16719,14926,34828
5620,0,86,10586,10586,37773,12499
5621,0,22701,36243,36243,10756,14566
5622,0,21990,36212,36212,38391,11686
5623,0,22953,37092,37092,37564,18244
5624,3,2594,13094,15507,15042,38511
5625,0,1029,11529,11529,38055,16800
5626,0,136,10636,10636,13278,17835
5627,0,6972,17472,17472,35000,17227
5628,0,23415,35218,35218,20329,16733
5629,0,7024,17524,17524,20403,13206
5630,16,2854,13354,35036,15615,15214
5631,0,1200,11700,11700,18874,18175
5632,0,6121,16621,16621,20075,17579
5633,1,9763,20263,18609,20263,14292
5634,0,8758,19258,19258,15766,14876
5635,0,23802,35497,35497,35326,17906
5636,0,6296,16796,16796,19950,20696
5637,0,3927,14427,14427,38289,16973
5638,0,10105,20605,20605,18862,38449
5639,0,24007,37208,37208,14507,13308
5640,0,8468,18968,18968,12719,12548
5641,2,3606,14106,38424,11735,14106
5642,0,24775,37338,37338,38068,36163
5643,0,2330,12830,12830,16697,20618
5644,0,2187,12687,12687,19740,14266
5645,86,195,10695,19604,34721,13090
5646,0,5059,15559,15559,12505,14678
5647,82,802,11302,19982,19192,37981
5648,0,2668,13168,13168,38168,38106
5649,0,241,10741,10741,11748,19097
5650,0,2068,12568,12568,20477,15011
5651,9,23721,37477,14170,17970,37106
5652,0,23179,37089,37089,19418,19567
5653,0,644,11144,11144,10812,16666
5654,0,9116,19616,19616,34696,36617
5655,0,5103,15603,15603,37487,37259
5656,0,1637,12137,12137,13029,38882
5657,0,7552,18052,18052,17827,10552
5658,21,8312,18812,13960,15214,15504
5659,0,3074,13574,13574,13595,38028
5660,0,9014,19514,19514,11359,14236
5661,5,7296,17796,15838,13404,35660
5662,0,3278,13778,13778,13331,16494
5663,0,8003,18503,18503,14127,16282
5664,0,4970,15470,15470,35226,38536
5665,0,23901,34614,34614,15633,16115
5666,3,8326,18826,20016,16579,15658
5667,1,6915,17415,19348,17415,10845
5668,0,10468,20968,20968,14015,34947
5669,0,7829,18329,18329,12926,12776
5670,0,62,10562,10562,16896,18807
5671,0,22085,35813,35813,20709,37583
5672,0,24647,35867,35867,15456,14018
5673,0,23833,37915,37915,15802,11267
5674,0,22853,34912,34912,17434,11661
5675,0,21615,34803,34803,35148,17683
5676,2,679,11179,12783,18897,11179
5677,1,2041,12541,19173,12541,37719
5678,0,8933,19433,19433,37434,12616
5679,0,5307,15807,15807,34802,14469
5680,0,25102,35083,35083,18606,15881
5681,0,3641,14141,14141,38873,12636
5682,0,24635,36332,36332,18605,11759
5683,0,22643,36162,36162,38516,18223
5684,0,3258,13758,13758,17658,19201
5685,2,1873,12373,38061,12152,12373
5686,0,4744,15244,15244,35836,37772
5687,0,9909,20409,20409,12309,19192
5688,0,2912,13412,13412,35635,11971
5689,0,4027,14527,14527,37764,18180
5690,1,5488,15988,20077,15988,19803
5691,0,22546,36912,36912,20767,14834
5692,0,8024,18524,18524,38112,17440
5693,0,7786,18286,18286,34614,16115
5694,0,23368,37844,37844,12026,12697
5695,0,6864,17364,17364,13005,11862
5696,0,489,10989,10989,37332,18544
5697,0,8685,19185,19185,18828,13330
5698,0,690,11190,11190,19745,38406
5699,0,602,11102,11102,12146,18744
5700,0,10103,20603,20603,13438,15731
5701,0,1014,11514,11514,37258,14797
5702,21,869,11369,16845,38365,11784
5703,0,1993,12493,12493,38561,15818
5704,0,7610,18110,18110,19027,38396
5705,0,5283,15783,15783,15274,13737
5706,2,4370,14870,38888,34725,14870
5707,0,22347,35291,35291,14340,15578
5708,5,1361,11861,37894,17708,13106
5709,0,10489,20989,20989,15898,13539
5710,0,1526,12026,12026,12697,18617
5711,0,22926,36459,36459,11575,11931
5712,0,1629,12129,12129,35181,11494
5713,0,1551,12051,12051,18343,15121
5714,0,21003,34669,34669,37086,20350
5715,0,24441,38493,38493,13281,11813
5716,0,1337,11837,11837,38681,16272
5717,7,3901,14401,36633,38858,11554
5718,0,5041,15541,15541,13970,19086
5719,50,8252,18752,38605,11466,34723
5720,0,22211,34901,34901,16791,12067
5721,0,5039,15539,15539,37326,20068
5722,0,2346,12846,12846,35923,16342
5723,0,25459,37897,37897,11971,38854
5724,0,5485,15985,15985,17198,12145
5725,0,24931,37268,37268,11549,14093
5726,0,5694,16194,16194,20140,35745
5727,6,5119,15619,20980,35163,38062
5728,0,5166,15666,15666,34772,14732
5729,1,1134,11634,16359,11634,11756
5730,2,8342,18842,18810,13069,18842
5731,0,10401,20901,20901,15022,13067
5732,0,4017,14517,14517,12800,17011
5733,0,21633,34502,34502,14016,38450
5734,0,2424,12924,12924,18054,20118
5735,0,4138,14638,14638,10545,16046
5736,0,859,11359,11359,14568,13561
5737,6,2962,13462,12052,18679,16067
5738,0,8089,18589,18589,15218,34871
5739,0,21376,37936,37936,13098,14657
5740,37,21932,35544,11720,18672,19466
5741,1,23630,36800,38450,36800,19820
5742,0,24159,36683,36683,19939,15017
5743,2,1364,11864,38859,16508,11864
5744,0,24444,38729,38729,19586,16620
5745,2,1779,12279,37832,35409,12279
5746,0,10397,20897,20897,18483,14794
5747,0,2101,12601,12601,35120,35264
5748,0,1818,12318,12318,20511,12876
5749,0,369,10869,10869,38600,13773
5750,0,4937,15437,15437,20282,18853
5751,0,5285,15785,15785,12761,38899
5752,0,8367,18867,18867,37597,37536
5753,0,24646,36102,36102,19924,18027
5754,0,7071,17571,17571,13854,15902
5755,0,2093,12593,12593,13680,15495
5756,0,7817,18317,18317,34826,15694
5757,0,1920,12420,12420,37958,15011
5758,0,82,10582,10582,17159,14226
5759,0,7331,17831,17831,13571,20945
5760,0,7304,17804,17804,17774,38108
5761,1,816,11316,17033,11316,19331
5762,0,25084,35570,35570,34577,34518
5763,0,4396,14896,14896,38358,37714
5764,0,8475,18975,18975,12105,36709
5765,0,6124,16624,16624,13970,18056
5766,0,4120,14620,14620,13686,20199
5767,0,23218,35880,35880,34904,15846
5768,0,25017,37269,37269,13258,16487
5769,0,1813,12313,12313,15299,35718
5770,0,1271,11771,11771,18729,20944
5771,2,8751,19251,13520,36398,19251
5772,182,2994,13494,11794,20311,35122
5773,8,21707,35369,19263,16044,13087
5774,0,6409,16909,16909,35397,19019
5775,0,22458,35571,35571,11650,36165
5776,2,2642,13142,20893,38217,13142
5777,0,9280,19780,19780,15766,37105
5778,0,22929,35012,35012,10892,13883
5779,0,2305,12805,12805,37680,36975
5780,0,24629,34872,34872,20069,36653
5781,74,21006,36520,17518,35382,37683
5782,170,4195,14695,37405,18348,13329
5783,0,24928,36481,36481,15256,15393
5784,0,3849,14349,14349,15290,37922
5785,1,24567,38733,15967,38733,14585
5786,0,24406,36538,36538,35596,19696
5787,0,25022,38321,38321,18874,11901
5788,0,3554,14054,14054,10750,20772
5789,0,2195,12695,12695,11494,12993
5790,0,2600,13100,13100,36999,16929
5791,0,6163,16663,16663,12044,18339
5792,0,1518,12018,12018,34876,19074
5793,0,25309,34505,34505,14865,18791
5794,2,22348,34942,16911,36810,34942
5795,0,6309,16809,16809,35591,20794
5796,0,5755,16255,16255,11064,15497
5797,0,5633,16133,16133,15055,11606
5798,0,8399,18899,18899,37628,19409
5799,8,22650,37927,17708,37894,13106
5800,0,7162,17662,17662,18651,38431
5801,2,22920,36858,11903,35294,36858
5802,0,22524,34971,34971,20904,35362
5803,0,1988,12488,12488,38556,12468
5804,0,9533,20033,20033,37337,34947
5805,5,7737,18237,36578,13520,36398
5806,1,517,11017,36780,11017,20063
5807,0,6160,16660,16660,36831,14637
5808,0,24492,36045,36045,36673,15008
5809,0,21252,37589,37589,18369,14797
5810,0,22621,36049,36049,37126,34958
5811,0,22861,34790,34790,38068,19780
5812,0,9607,20107,20107,15713,34577
5813,0,4456,14956,14956,13792,18774
5814,0,2761,13261,13261,10581,13334
5815,0,6481,16981,16981,38757,38427
5816,0,5911,16411,16411,12348,14336
5817,0,25009,38007,38007,13689,38735
5818,0,6547,17047,17047,38287,38706
5819,1,4855,15355,12574,15355,11926
5820,0,7644,18144,18144,18536,19580
5821,0,22287,37255,37255,20315,16768
5822,0,24563,38490,38490,11434,14243
5823,3,6358,16858,37228,13278,11548
5824,0,9741,20241,20241,14449,18051
5825,0,2438,12938,12938,14578,18562
5826,0,3765,14265,14265,19014,20095
5827,14,6432,16932,16446,12592,36769
5828,0,8643,19143,19143,12337,14714
5829,7,7846,18346,14011,13914,37726
5830,0,22020,34627,34627,14616,10703
5831,3,9665,20165,17488,38693,17167
5832,0,22036,37426,37426,17234,38732
5833,0,6340,16840,16840,35702,19715
5834,1,4821,15321,17226,15321,14992
5835,0,18,10518,10518,16528,16783
5836,0,3560,14060,14060,38811,17239
5837,5,3951,14451,10978,15825,18408
5838,1,49,10549,15292,10549,12298
5839,2,23174,38808,15081,11097,38808
5840,1,887,11387,14771,11387,11679
5841,0,6261,16761,16761,18733,17239
5842,0,7236,17736,17736,34512,19535
5843,0,6989,17489,17489,20198,18199
5844,3,6043,16543,15154,14532,16221
5845,0,8708,19208,19208,38390,11026
5846,0,3168,13668,13668,19768,37743
5847,0,2949,13449,13449,14440,19936
5848,0,1424,11924,11924,38008,34578
5849,1,139,10639,38804,10639,36393
5850,0,10116,20616,20616,19896,12605
5851,0,3197,13697,13697,20331,17027
5852,0,5131,15631,15631,10862,11637
5853,0,112,10612,10612,11353,15585
5854,0,8160,18660,18660,16621,16650
5855,0,22512,36976,36976,13319,13093
5856,0,4559,15059,15059,15743,19622
5857,0,4595,15095,15095,20467,18288
5858,0,4690,15190,15190,35487,10516
5859,0,7951,18451,18451,36235,13153
5860,0,24595,35141,35141,11029,14407
5861,0,3277,13777,13777,12492,38333
5862,0,4068,14568,14568,11359,14271
5863,0,4408,14908,14908,11036,18713
5864,9,24855,34578,14695,38898,35529
5865,0,24445,38055,38055,36768,16869
5866,0,9729,20229,20229,14000,19110
5867,1,451,10951,14406,10951,37716
5868,0,7262,17762,17762,36196,35944
5869,2,3731,14231,12190,37855,14231
5870,0,7256,17756,17756,20917,18333
5871,0,21704,37393,37393,34553,36157
5872,2,4986,15486,37130,17157,15486
5873,1,3663,14163,12168,14163,20063
5874,0,2763,13263,13263,15949,16827
5875,1,8850,19350,11152,19350,16795
5876,0,25036,34980,34980,19892,13737
5877,0,1855,12355,12355,17256,16057
5878,0,999,11499,11499,17811,20770
5879,3,389,10889,19501,15670,35951
5880,7,6426,16926,19778,34723,11681
5881,0,1476,11976,11976,36458,11997
5882,0,2240,12740,12740,11594,11625
5883,0,22709,37854,37854,35151,13389
5884,0,8112,18612,18612,34685,16116
5885,0,992,11492,11492,19189,13152
5886,0,7032,17532,17532,16730,10834
5887,0,4997,15497,15497,13084,11064
5888,0,3922,14422,14422,13518,18495
5889,2,2972,13472,12748,35536,13472
5890,0,6871,17371,17371,15116,17416
5891,0,23238,35254,35254,19625,35510
5892,0,4769,15269,15269,20403,11423
5893,0,1293,11793,11793,15260,38183
5894,0,21490,38012,38012,11459,15455
5895,0,4173,14673,14673,18729,12673
5896,0,2535,13035,13035,14624,35992
5897,0,24887,37665,37665,17505,38020
5898,0,1907,12407,12407,15543,13679
5899,1,24870,36382,35542,36382,16642
5900,0,25288,38207,38207,19116,12289
5901,0,8560,19060,19060,12469,37483
5902,1,6033,16533,16965,16533,20555
5903,0,7619,18119,18119,11709,36719
5904,0,1151,11651,11651,12009,13698
5905,0,1567,12067,12067,34871,37825
5906,0,3171,13671,13671,20627,36244
5907,0,9689,20189,20189,15375,14921
5908,2,7106,17606,13363,38599,17606
5909,0,4160,14660,14660,11160,16869
5910,0,4287,14787,14787,37150,13244
5911,0,2230,12730,12730,36906,14823
5912,0,24104,35058,35058,11915,36468
5913,19,174,10674,15391,14453,17564
5914,0,1903,12403,12403,20984,17634
5915,0,9291,19791,19791,13152,11492
5916,0,8752,19252,19252,20501,37737
5917,0,21221,34954,34954,17119,34735
5918,0,3408,13908,13908,20284,18766
5919,0,1538,12038,12038,13020,16864
5920,0,2292,12792,12792,13301,15074
5921,302,9523,20023,19256,14814,12901
5922,0,1363,11863,11863,36004,14763
5923,0,4357,14857,14857,14931,36258
5924,0,5260,15760,15760,35198,11260
5925,0,21208,35140,35140,13802,12994
5926,0,22756,38468,38468,16241,12470
5927,1,680,11180,11580,11180,12649
5928,0,25308,35793,35793,15440,19080
5929,8,3664,14164,18413,15595,17106
5930,3,1661,12161,13330,13637,37291
5931,0,508,11008,11008,15093,16535
5932,0,166,10666,10666,37691,37365
5933,0,21653,36373,36373,37714,16885
5934,1,9198,19698,35755,19698,19463
5935,0,22472,36461,36461,10771,18991
5936,0,7365,17865,17865,10831,11595
5937,0,1914,12414,12414,18969,36868
5938,0,7263,17763,17763,35273,15404
5939,0,23044,38418,38418,36614,17038
5940,0,24502,38585,38585,34942,20600
5941,0,7361,17861,17861,15636,17854
5942,0,1104,11604,11604,36648,13989
5943,0,21588,35697,35697,16910,10843
5944,0,9944,20444,20444,17878,35403
5945,0,5310,15810,15810,12864,19227
5946,0,22831,35261,35261,13161,18933
5947,3,5754,16254,35422,35871,38405
5948,3,152,10652,17359,10639,16749
5949,0,23335,38317,38317,13258,36311
5950,0,5679,16179,16179,13641,14030
5951,0,21026,37670,37670,18077,13931
5952,0,3551,14051,14051,38627,36399
5953,0,3722,14222,14222,36363,18277
5954,0,23958,34995,34995,36717,15222
5955,0,24318,36777,36777,36778,11948
5956,0,4538,15038,15038,13832,16130
5957,0,24638,36199,36199,37519,15557
5958,0,10014,20514,20514,16407,14324
5959,0,8463,18963,18963,37056,16927
5960,0,1991,12491,12491,37034,37438
5961,4,23772,37174,15449,16484,17289
5962,0,8501,19001,19001,14965,15133
5963,0,5141,15641,15641,13228,35876
5964,0,3811,14311,14311,18814,35575
5965,0,23047,37038,37038,12433,19373
5966,0,3450,13950,13950,11540,34604
5967,0,4591,15091,15091,17116,36661
5968,1,7352,17852,35975,17852,20989
5969,2,205,10705,37244,38616,10705
5970,0,9327,19827,19827,10958,14172
5971,0,6680,17180,17180,16762,15376
5972,1,2749,13249,19794,13249,12275
5973,0,8497,18997,18997,35061,37638
5974,38,1849,12349,37193,20292,18430
5975,0,22121,37567,37567,12638,38098
5976,0,10180,20680,20680,37111,37049
5977,0,3240,13740,13740,14366,16190
5978,0,24709,35845,35845,38156,34912
5979,3,3109,13609,16040,37216,35665
5980,0,10179,20679,20679,16295,35654
5981,0,5934,16434,16434,15320,13703
5982,0,22694,36223,36223,19990,12625
5983,0,5810,16310,16310,20374,17447
5984,3,8575,19075,12475,14814,20046
5985,0,5634,16134,16134,38420,37283
5986,0,4307,14807,14807,11763,18066
5987,0,3156,13656,13656,14305,37316
5988,0,6534,17034,17034,15163,13248
5989,0,25337,37680,37680,12805,36975
5990,0,24497,36994,36994,38869,17382
5991,0,24966,36379,36379,36565,12789
5992,0,8891,19391,19391,34786,10502
5993,0,3832,14332,14332,12737,38809
5994,0,21457,37028,37028,15583,36069
5995,0,4776,15276,15276,14740,18625
5996,0,7997,18497,18497,35995,19952
5997,0,4276,14776,14776,13745,37520
5998,0,25124,38583,38583,12621,14106
5999,0,22841,34595,34595,12253,13691
6000,0,23036,38359,38359,37917,12289
6001,0,278,10778,10778,15825,18408
6002,4,6771,17271,12039,13395,36946
6003,0,7415,17915,17915,34851,36196
6004,2,3252,13752,16814,15954,13752
6005,0,24902,36173,36173,12663,11696
6006,0,23059,38067,38067,16852,11617
6007,0,289,10789,10789,38057,14678
6008,0,3075,13575,13575,19162,17596
6009,6,23255,36852,19086,38008,14249
6010,0,9582,20082,20082,18220,37574
6011,0,21054,34556,34556,10666,37691
6012,0,270,10770,10770,17823,16099
6013,2,4570,15070,19351,37868,15070
6014,0,21083,38612,38612,12024,15069
6015,25,9583,20083,12360,20925,12310
6016,0,6696,17196,17196,13218,15783
6017,0,4316,14816,14816,12811,15723
6018,0,3180,13680,13680,19508,12593
6019,0,1422,11922,11922,15622,12429
6020,0,8275,18775,18775,38504,37702
6021,0,9065,19565,19565,16971,16374
6022,1,22037,35781,14595,35781,11629
6023,0,4557,15057,15057,36433,19546
6024,0,7812,18312,18312,34710,11656
6025,0,6297,16797,16797,14122,19837
6026,0,22442,37666,37666,16756,35785
6027,0,21783,35460,35460,17071,11129
6028,0,24137,38882,38882,14087,13712
6029,0,1132,11632,11632,14762,15657
6030,0,21470,34481,34481,12314,37415
6031,2,6242,16742,17443,36523,16742
6032,0,23615,35318,35318,16177,10507
6033,2,22128,38019,38336,35009,38019
6034,0,7423,17923,17923,14734,20131
6035,0,22305,37747,37747,19850,14614
6036,0,10152,20652,20652,15305,12941
6037,0,22649,34744,34744,36576,36075
6038,0,5520,16020,16020,17126,34847
6039,1,9408,19908,16039,19908,20959
6040,0,24331,37015,37015,17483,12778
6041,1062,25233,35182,16359,14667,14681
6042,0,9256,19756,19756,12726,16478
6043,0,3786,14286,14286,12990,18389
6044,150,22362,35100,15241,34815,11371
6045,0,8345,18845,18845,38460,16335
6046,0,2161,12661,12661,19928,18427
6047,0,3008,13508,13508,37856,11862
6048,0,1105,11605,11605,38481,13981
6049,0,23753,35007,35007,35008,19998
6050,0,692,11192,11192,20128,13490
6051,0,25083,35690,35690,17392,35489
6052,0,4956,15456,15456,17031,17484
6053,2,8307,18807,10895,11617,18807
6054,0,4369,14869,14869,37758,36895
6055,11,2765,13265,15276,14740,37342
6056,0,3929,14429,14429,13532,17537
6057,3,25217,35387,17823,10770,16099
6058,6,25194,38867,20824,13672,19306
6059,1,7778,18278,35251,18278,13625
6060,0,22469,38818,38818,15560,13280
6061,0,628,11128,11128,20416,35056
6062,2,2451,12951,37416,19735,12951
6063,0,23950,34652,34652,36375,34494
6064,8,3824,14324,20620,18581,14539
6065,0,22952,37433,37433,11355,17552
6066,13,25416,38900,14586,16426,11162
6067,4,3743,14243,11434,18380,38490
6068,24,2176,12676,37823,11103,11795
6069,0,6689,17189,17189,18813,15359
6070,8,8858,19358,19614,19406,14952
6071,0,3318,13818,13818,14390,35901
6072,0,24231,34825,34825,36403,19052
6073,1,9653,20153,11451,20153,36461
6074,11,7432,17932,11269,38176,36784
6075,0,2787,13287,13287,19548,18793
6076,1,1196,11696,20310,11696,36129
6077,0,1676,12176,12176,14148,36048
6078,0,3947,14447,14447,20259,35679
6079,0,7618,18118,18118,34832,35643
6080,0,4444,14944,14944,10998,34613
6081,0,5722,16222,16222,18922,36581
6082,0,24975,35631,35631,34738,37365
6083,5,22579,36672,14666,10645,10946
6084,0,2369,12869,12869,15078,18059
6085,0,4967,15467,15467,14249,37607
6086,2,2217,12717,35512,17040,12717
6087,1,8148,18648,17142,18648,16619
6088,1,10410,20910,20697,20910,17870
6089,0,3326,13826,13826,12566,16299
6090,0,23224,35075,35075,36047,35719
6091,1,3583,14083,18750,14083,16862
6092,9,24034,38627,18401,38724,19487
6093,0,23785,38698,38698,17516,11260
6094,0,3619,14119,14119,13627,20313
6095,29,6217,16717,20842,19050,34723
6096,0,2468,12968,12968,37454,38119
6097,0,8277,18777,18777,18499,36883
6098,0,21477,36649,36649,18526,11404
6099,0,5973,16473,16473,20773,18683
6100,0,3667,14167,14167,38693,11418
6101,0,5158,15658,15658,20016,16579
6102,2,7594,18094,20606,18107,18094
6103,0,6976,17476,17476,14122,11322
6104,0,10211,20711,20711,35976,13083
6105,0,3423,13923,13923,35766,38015
6106,742,8199,18699,17666,18220,38807
6107,0,2409,12909,12909,10698,37435
6108,0,3212,13712,13712,14087,15076
6109,0,22147,38331,38331,17966,17874
6110,5,5366,15866,18876,16184,17081
6111,0,21483,35101,35101,17434,15101
6112,0,6593,17093,17093,13339,37223
6113,0,2895,13395,13395,36946,12039
6114,0,21534,37086,37086,37865,34669
6115,1,23213,37785,36695,37785,18145
6116,0,3642,14142,14142,20353,11672
6117,0,23135,35062,35062,11174,13786
6118,0,22399,34991,34991,11606,13075
6119,1,24022,36536,38102,36536,11145
6120,0,9475,19975,19975,20458,36950
6121,0,10193,20693,20693,16956,37164
6122,0,23699,36879,36879,16967,18502
6123,1,9061,19561,35256,19561,36833
6124,0,23058,38494,38494,17244,15313
6125,0,21485,37413,37413,17678,13817
6126,5,8548,19048,11942,17446,20926
6127,0,24485,38825,38825,20330,35701
6128,0,5451,15951,15951,11685,37183
6129,0,7160,17660,17660,34479,11512
6130,0,7866,18366,18366,20248,14704
6131,18,2743,13243,19026,37567,15624
6132,0,23659,38854,38854,36963,36579
6133,2,10082,20582,12762,37333,20582
6134,74,9797,20297,12289,17452,15767
6135,0,4958,15458,15458,38314,37110
6136,0,22708,37090,37090,18727,19911
6137,0,21177,34532,34532,12636,16646
6138,0,6474,16974,16974,16682,37719
6139,0,7888,18388,18388,35000,13174
6140,0,8811,19311,19311,19972,36104
6141,0,492,10992,10992,11716,38505
6142,0,1116,11616,11616,20474,15369
6143,0,5637,16137,16137,18745,11412
6144,0,25350,37135,37135,18258,15508
6145,2,22737,38768,18093,13323,38768
6146,75,23749,35052,14080,14453,13519
6147,2,25469,37537,37577,17689,37537
6148,1,21222,36874,18574,36874,15613
6149,0,6589,17089,17089,15292,11230
6150,12,22729,37574,36787,11004,16948
6151,0,7557,18057,18057,15612,35124
6152,0,23001,35947,35947,16136,11793
6153,0,5241,15741,15741,34553,15877
6154,2,22021,37832,12279,35409,37832
6155,0,2783,13283,13283,19945,17189
6156,0,25150,34977,34977,11061,20145
6157,0,1696,12196,12196,11768,20166
6158,17,5685,16185,34649,36237,16911
6159,0,2295,12795,12795,16035,35105
6160,23,5939,16439,18580,12791,17115
6161,0,7763,18263,18263,15887,20167
6162,0,10244,20744,20744,14770,34964
6163,0,9968,20468,20468,13456,37000
6164,0,3313,13813,13813,34560,34937
6165,1,4781,15281,17885,15281,13006
6166,0,8350,18850,18850,37149,15805
6167,0,23329,35113,35113,12359,15407
6168,2,9784,20284,17519,18543,20284
6169,1,9915,20415,38340,20415,38339
6170,0,7605,18105,18105,11396,13442
6171,0,215,10715,10715,14834,35757
6172,0,6707,17207,17207,36485,36552
6173,0,24981,36303,36303,12353,16741
6174,45,8682,19182,12592,16446,17407
6175,0,21977,37668,37668,12938,35451
6176,0,3483,13983,13983,18315,11254
6177,1,7006,17506,20184,17506,37562
6178,0,5102,15602,15602,13901,38737
6179,0,6599,17099,17099,35970,14400
6180,0,3764,14264,14264,16073,17966
6181,3,23998,35843,37022,17197,36041
6182,0,6410,16910,16910,35697,10843
6183,0,21463,35303,35303,35302,38776
6184,0,25,10525,10525,35393,38115
6185,0,22751,34561,34561,34937,11115
6186,0,7659,18159,18159,15777,35946
6187,0,22283,37037,37037,17009,19667
6188,1,9744,20244,37328,20244,11916
6189,1,22178,37772,35836,37772,12675
6190,0,24906,36888,36888,38216,19448
6191,0,6683,17183,17183,13556,38414
6192,0,9171,19671,19671,37733,38206
6193,0,10039,20539,20539,38551,15628
6194,0,21576,38235,38235,10868,13151
6195,1,8584,19084,14094,19084,14563
6196,1,24560,35525,19797,35525,11306
6197,0,24751,36848,36848,35825,38404
6198,2,22850,35451,18376,36881,35451
6199,0,21113,38438,38438,19859,12859
6200,0,21672,36368,36368,35271,14256
6201,0,1102,11602,11602,18190,20578
6202,4,3276,13776,20949,13202,13087
6203,2,5345,15845,17289,35888,15845
6204,0,24267,37582,37582,38448,12544
6205,0,24451,37161,37161,38467,37247
6206,0,8386,18886,18886,17412,14142
6207,0,8835,19335,19335,16744,18749
6208,0,24189,34830,34830,20599,38114
6209,0,24120,38948,38948,16569,19430
6210,7,2207,12707,19196,35059,20112
6211,0,4552,15052,15052,11273,16250
6212,0,4402,14902,14902,36199,14735
6213,0,7395,17895,17895,20192,20117
6214,0,3718,14218,14218,17933,16419
6215,0,972,11472,11472,14542,11569
6216,0,4579,15079,15079,20305,15846
6217,0,6516,17016,17016,37733,11513
6218,0,719,11219,11219,20822,19053
6219,0,6155,16655,16655,11786,19181
6220,0,21717,38121,38121,14193,37493
6221,0,2803,13303,13303,17309,37952
6222,7,2566,13066,37477,34636,14170
6223,0,4025,14525,14525,11004,36207
6224,0,6198,16698,16698,19656,11112
6225,4,8224,18724,12652,20963,16039
6226,0,24787,37214,37214,10981,12360
6227,0,4063,14563,14563,16170,11848
6228,0,9889,20389,20389,36311,36464
6229,0,2792,13292,13292,12219,36739
6230,0,2222,12722,12722,35486,35173
6231,0,5818,16318,16318,20723,16374
6232,39,3866,14366,38619,13213,10986
6233,0,24405,34793,34793,35064,17103
6234,1,21041,37336,13051,37336,20212
6235,0,21984,37601,37601,36436,10861
6236,0,23904,35347,35347,12475,14282
6237,0,3227,13727,13727,13899,14814
6238,0,4214,14714,14714,19982,13660
6239,0,3923,14423,14423,35660,19534
6240,3,10469,20969,37351,15519,19488
6241,12,24332,35137,11394,15977,35742
6242,30,1401,11901,12163,20861,17214
6243,0,8931,19431,19431,36163,37933
6244,3,7703,18203,18261,12267,10953
6245,0,4979,15479,15479,18169,20978
6246,0,3253,13753,13753,13219,18269
6247,0,24306,38524,38524,16831,16867
6248,0,2661,13161,13161,35261,18933
6249,2653,2158,12658,15507,15042,16747
6250,2,8578,19078,35136,19656,19078
6251,0,8088,18588,18588,13692,20496
6252,0,674,11174,11174,38563,36637
6253,0,23397,35352,35352,12387,11746
6254,0,7011,17511,17511,12976,18382
6255,0,22803,34957,34957,35171,13811
6256,1,10197,20697,20910,20697,17296
6257,0,3841,14341,14341,37272,38059
6258,1,1815,12315,19253,12315,35357
6259,0,22041,38109,38109,10708,38433
6260,0,21165,38720,38720,20046,11901
6261,0,2100,12600,12600,14555,20212
6262,0,21042,37182,37182,37932,20204
6263,41,6708,17208,13086,37760,38956
6264,1,1673,12173,13690,12173,36036
6265,0,10293,20793,20793,35282,35174
6266,1,4213,14713,13956,14713,17737
6267,3,22946,35252,36560,13860,16709
6268,0,23294,34852,34852,16880,14336
6269,1,1548,12048,17327,12048,13014
6270,0,21393,36444,36444,38582,37837
6271,0,8547,19047,19047,13863,15995
6272,0,5184,15684,15684,12225,38200
6273,0,1461,11961,11961,11928,38918
6274,0,25141,38047,38047,19445,34925
6275,0,3220,13720,13720,35454,19883
6276,0,23665,36605,36605,36386,16245
6277,0,24508,37707,37707,18889,12466
6278,0,7170,17670,17670,15198,13639
6279,0,7430,17930,17930,38071,16398
6280,0,22414,38271,38271,18915,19789
6281,0,1751,12251,12251,14638,34734
6282,0,3976,14476,14476,11762,14041
6283,1,8353,18853,19411,18853,18370
6284,0,1772,12272,12272,13453,36356
6285,0,9388,19888,19888,14240,35967
6286,0,10070,20570,20570,34686,18417
6287,9,2016,12516,17545,17613,13066
6288,0,2005,12505,12505,17931,20731
6289,0,3893,14393,14393,19725,15003
6290,0,3237,13737,13737,12029,16984
6291,0,4424,14924,14924,35659,14371
6292,2,10270,20770,18374,19464,20770
6293,0,8588,19088,19088,13638,16374
6294,0,2257,12757,12757,34853,37869
6295,0,4072,14572,14572,14695,35422
6296,0,5574,16074,16074,18602,15559
6297,0,9083,19583,19583,37708,15271
6298,0,21736,38228,38228,38367,38062
6299,3,5355,15855,15807,34802,16997
6300,0,8418,18918,18918,12865,17656
6301,0,6093,16593,16593,20750,11326
6302,0,7935,18435,18435,18850,37149
6303,0,21988,36096,36096,20519,34781
6304,3,1519,12019,16965,20555,16533
6305,0,22917,36207,36207,14797,11004
6306,9,1378,11878,35336,19469,15262
6307,0,5672,16172,16172,13939,14052
6308,0,9215,19715,19715,20434,35702
6309,4,2587,13087,14279,19110,13202
6310,0,21893,38610,38610,37433,13367
6311,0,5621,16121,16121,13614,36951
6312,0,21961,35783,35783,19808,18495
6313,0,24062,36301,36301,19857,13956
6314,0,5842,16342,16342,17946,15131
6315,4,7122,17622,11795,38952,37823
6316,0,5832,16332,16332,35886,11664
6317,2,9821,20321,10978,20661,20321
6318,0,4888,15388,15388,36221,16359
6319,0,5904,16404,16404,13820,37606
6320,7,522,11022,18822,37643,19115
6321,0,8043,18543,18543,11031,14044
6322,10,3607,14107,16025,18846,18218
6323,0,9120,19620,19620,11507,12961
6324,0,234,10734,10734,37630,20960
6325,0,3796,14296,14296,36779,11570
6326,0,6318,16818,16818,13367,14777
6327,4,7094,17594,14098,11792,38831
6328,0,10202,20702,20702,18170,15078
6329,20,1948,12448,35875,15606,18276
6330,0,6361,16861,16861,11723,37239
6331,0,23363,38068,38068,19001,15617
6332,0,21425,35719,35719,35718,20156
6333,0,6091,16591,16591,20831,19092
6334,0,24154,37597,37597,18867,38303
6335,0,2224,12724,12724,14872,17416
6336,0,9298,19798,19798,36599,36124
6337,0,22201,37533,37533,34770,37460
6338,0,9010,19510,19510,36892,13053
6339,0,5571,16071,16071,36252,12914
6340,0,4523,15023,15023,11814,16178
6341,0,5793,16293,16293,13483,37607
6342,27,23941,38365,17447,37664,20331
6343,0,5738,16238,16238,35596,38052
6344,6,2624,13124,16727,16312,18718
6345,0,4728,15228,15228,14289,18065
6346,0,7818,18318,18318,18688,18350
6347,0,8859,19359,19359,14212,20687
6348,0,24985,38836,38836,16937,20826
6349,0,24786,37644,37644,17849,16760
6350,94,9080,19580,36694,17403,35562
6351,0,22187,35102,35102,19163,19874
6352,0,2437,12937,12937,34708,10877
6353,25,6056,16556,12535,19005,34797
6354,2,9009,19509,12282,12200,19509
6355,0,6352,16852,16852,12928,18071
6356,0,23524,34493,34493,37306,38234
6357,0,3167,13667,13667,36216,35577
6358,343,1809,12309,16285,11302,38645
6359,0,21852,36091,36091,19580,17020
6360,0,7161,17661,17661,16030,35085
6361,0,9456,19956,19956,18897,37915
6362,0,5086,15586,15586,16760,17241
6363,0,22048,36034,36034,11112,36342
6364,0,7016,17516,17516,38698,37245
6365,0,23109,35634,35634,36955,16683
6366,0,4945,15445,15445,20497,15308
6367,0,6046,16546,16546,18609,14292
6368,0,22530,38399,38399,16377,35582
6369,0,25283,37859,37859,35785,17434
6370,0,6919,17419,17419,38336,37216
6371,0,5590,16090,16090,37003,19532
6372,0,7226,17726,17726,13856,19444
6373,2,1228,11728,35868,17074,11728
6374,0,24067,37546,37546,18104,16401
6375,0,6846,17346,17346,14570,15168
6376,1,8244,18744,13335,18744,34533
6377,0,25433,38652,38652,20720,16590
6378,0,6555,17055,17055,15163,37896
6379,0,159,10659,10659,37883,35336
6380,0,8851,19351,19351,12537,11973
6381,0,9779,20279,20279,12990,18389
6382,0,1589,12089,12089,18111,13542
6383,0,23711,38724,38724,18590,35131
6384,0,22740,38196,38196,11860,16925
6385,0,22905,38173,38173,34834,36244
6386,1,22049,37967,12538,37967,35134
6387,0,6687,17187,17187,13561,17177
6388,0,22126,37982,37982,16691,20055
6389,0,22906,35230,35230,12992,14006
6390,0,22537,34536,34536,13274,11019
6391,1,21925,35828,35445,35828,17744
6392,72,7480,17980,16556,19608,15209
6393,0,23221,37862,37862,18766,38377
6394,36,1556,12056,12005,13301,20704
6395,0,2828,13328,13328,38713,12048
6396,2,436,10936,18645,18555,10936
6397,0,5789,16289,16289,16482,11155
6398,15,24866,36184,14423,37714,14832
6399,1,1588,12088,13211,12088,13847
6400,0,7398,17898,17898,16852,17961
6401,1,2780,13280,19462,13280,38818
6402,2,21358,37438,19750,36572,37438
6403,0,9242,19742,19742,37854,18440
6404,0,5686,16186,16186,19918,19213
6405,0,3965,14465,14465,13238,12691
6406,3,4727,15227,11335,16090,36520
6407,1,9165,19665,37181,19665,10630
6408,0,1238,11738,11738,20292,13540
6409,0,2951,13451,13451,13638,36905
6410,0,21070,34494,34494,13547,13221
6411,0,22849,34888,34888,19494,16617
6412,0,21367,36688,36688,18322,37293
6413,0,24323,37769,37769,11126,19035
6414,4,1497,11997,37285,35212,12498
6415,2,6465,16965,16533,12019,16965
6416,0,7355,17855,17855,14420,17160
6417,1,7823,18323,15354,18323,36579
6418,0,7547,18047,18047,34710,35390
6419,0,7913,18413,18413,15595,34903
6420,0,21290,34574,34574,35143,14998
6421,0,21643,36801,36801,19826,16746
6422,0,5185,15685,15685,35691,16132
6423,0,5647,16147,16147,13002,19662
6424,7,24026,38060,13603,14098,34992
6425,0,5242,15742,15742,11662,18541
6426,0,2130,12630,12630,18674,34896
6427,0,2092,12592,12592,16446,36769
6428,0,5409,15909,15909,12468,10612
6429,0,10207,20707,20707,17485,14216
6430,0,187,10687,10687,20461,15428
6431,0,25276,35176,35176,36156,16119
6432,6,7938,18438,17040,35512,36404
6433,0,3655,14155,14155,38564,15420
6434,2,3426,13926,14909,16241,13926
6435,0,23747,35927,35927,16134,36891
6436,8,1381,11881,11718,18483,14794
6437,0,25064,35653,35653,11438,36194
6438,4,8605,19105,15601,17884,17391
6439,1,7427,17927,14088,17927,17319
6440,0,5037,15537,15537,38253,36154
6441,31,4897,15397,37196,38833,10549
6442,0,3175,13675,13675,36390,20759
6443,0,23704,37088,37088,18330,14371
6444,0,21175,35906,35906,18422,13256
6445,1,8448,18948,35418,18948,15524
6446,0,22327,38811,38811,14060,19824
6447,66,24849,38389,19928,18427,37574
6448,279,2235,12735,35640,16327,10959
6449,0,8068,18568,18568,20141,34678
6450,0,9959,20459,20459,15146,12748
6451,0,4236,14736,14736,18178,13170
6452,0,23338,38226,38226,16444,11067
6453,0,25172,37872,37872,18466,36952
6454,0,9764,20264,20264,34587,36375
6455,0,24,10524,10524,14551,35129
6456,0,3363,13863,13863,36807,13951
6457,0,1088,11588,11588,13257,37406
6458,0,21103,34846,34846,34574,37711
6459,0,8733,19233,19233,10810,17919
6460,0,22844,37700,37700,14134,20685
6461,30,2841,13341,18730,14176,14366
6462,0,25096,34463,34463,12693,18360
6463,0,7537,18037,18037,37438,13190
6464,0,7470,17970,17970,19820,34992
6465,0,24432,38821,38821,12826,16080
6466,0,4152,14652,14652,17284,35041
6467,0,9501,20001,20001,17071,16102
6468,0,695,11195,11195,17110,17678
6469,0,23145,37736,37736,16896,35695
6470,0,6337,16837,16837,36520,11335
6471,0,1227,11727,11727,16585,14555
6472,0,1999,12499,12499,14724,37203
6473,0,276,10776,10776,36058,19567
6474,0,21712,35344,35344,35802,11012
6475,0,5929,16429,16429,20807,20465
6476,0,2953,13453,13453,12272,19651
6477,4,3637,14137,37100,16823,15553
6478,1,3906,14406,37716,14406,10951
6479,0,4778,15278,15278,17740,13730
6480,41,5845,16345,16029,18346,36576
6481,0,23346,38506,38506,20481,16871
6482,0,4117,14617,14617,37996,14776
6483,0,24253,35305,35305,11806,12623
6484,0,1137,11637,11637,18555,13830
6485,0,2767,13267,13267,16042,35324
6486,0,8182,18682,18682,34951,36014
6487,0,24248,36208,36208,19883,34492
6488,1,22665,35839,12010,35839,34952
6489,0,7661,18161,18161,38929,11501
6490,0,9134,19634,19634,14798,19323
6491,0,24206,35094,35094,13583,36678
6492,0,2490,12990,12990,18389,14286
6493,0,23655,38484,38484,37315,13803
6494,0,7742,18242,18242,34777,16641
6495,0,3935,14435,14435,11020,18095
6496,0,2384,12884,12884,20641,10817
6497,83,8016,18516,11720,18672,34465
6498,0,7084,17584,17584,36794,17985
6499,4,115,10615,14786,38645,19982
6500,0,1863,12363,12363,20542,16721
6501,0,24368,34710,34710,18047,35390
6502,0,3119,13619,13619,16914,13549
6503,0,4258,14758,14758,35830,17950
6504,0,24247,37813,37813,14681,36520
6505,0,23198,36646,36646,17847,10825
6506,5,2819,13319,18650,35868,14269
6507,0,22005,35378,35378,20372,38310
6508,0,21775,35202,35202,19489,37400
6509,0,22447,37598,37598,14932,35454
6510,1,4699,15199,19833,15199,14532
6511,0,3802,14302,14302,10785,15466
6512,0,6068,16568,16568,11116,18609
6513,0,3536,14036,14036,15555,38623
6514,50,3825,14325,34465,11720,16832
6515,0,6642,17142,17142,20810,11971
6516,0,22775,36928,36928,15397,19121
6517,0,1946,12446,12446,12317,36636
6518,1,24933,37056,38485,37056,18963
6519,0,22798,35389,35389,10606,16379
6520,0,25458,36456,36456,18857,17204
6521,0,9802,20302,20302,38617,37694
6522,0,7269,17769,17769,17137,17176
6523,8,22753,35646,38331,37480,17966
6524,0,7929,18429,18429,37483,38752
6525,0,7166,17666,17666,35363,18615
6526,0,6963,17463,17463,37101,12607
6527,0,5867,16367,16367,35617,18554
6528,0,22062,34819,34819,17049,17870
6529,0,4761,15261,15261,20957,12894
6530,0,10386,20886,20886,18760,34851
6531,10,882,11382,12748,35536,35535
6532,2,557,11057,37944,34664,11057
6533,0,23461,36113,36113,14626,20497
6534,0,1207,11707,11707,36623,20406
6535,0,23967,37350,37350,16008,37602
6536,0,7684,18184,18184,38444,35659
6537,0,21790,35536,35536,15146,10755
6538,5,9702,20202,12282,11271,19343
6539,28,6538,17038,37486,14681,38561
6540,1,10485,20985,14913,20985,15310
6541,1,3211,13711,14789,13711,20082
6542,0,3630,14130,14130,13183,11301
6543,0,1708,12208,12208,17690,36408
6544,0,24283,36324,36324,35516,35241
6545,0,8458,18958,18958,12432,13835
6546,4,1140,11640,18450,18842,16808
6547,1,3162,13662,37445,13662,14293
6548,3,6207,16707,11581,37536,16825
6549,469,21711,36579,13206,16359,20005
6550,0,3730,14230,14230,17867,36076
6551,0,10101,20601,20601,37250,13528
6552,3,23874,35534,36061,11129,17299
6553,0,2660,13160,13160,34485,16731
6554,0,8848,19348,19348,35593,11931
6555,0,1307,11807,11807,20703,11519
6556,0,2567,13067,13067,17496,20901
6557,0,9190,19690,19690,15097,18354
6558,9,2834,13334,15614,16507,12394
6559,33,23717,38318,17870,17049,35183
6560,0,9429,19929,19929,34691,20738
6561,3,2151,12651,14257,12969,37355
6562,0,22271,35643,35643,15470,35226
6563,0,3835,14335,14335,37813,13993
6564,2,21608,38502,38405,17360,38502
6565,0,24080,35438,35438,37701,35778
6566,0,25246,36271,36271,10882,36739
6567,0,10378,20878,20878,16034,10917
6568,0,9326,19826,19826,18601,18723
6569,0,5004,15504,15504,14586,37000
6570,0,6626,17126,17126,16020,20199
6571,3,9495,19995,16693,17963,15867
6572,0,1627,12127,12127,19273,35163
6573,5,21084,38445,20036,14258,36108
6574,0,9714,20214,20214,18021,20190
6575,0,23949,38673,38673,38817,16660
6576,0,358,10858,10858,35034,16107
6577,0,138,10638,10638,38889,37463
6578,1,8491,18991,19108,18991,11451
6579,13,9748,20248,19427,15759,38282
6580,0,382,10882,10882,14461,11564
6581,0,21965,38953,38953,14445,36790
6582,0,4857,15357,15357,13404,15838
6583,0,21647,37910,37910,17012,18467
6584,0,1439,11939,11939,15303,20987
6585,1,9569,20069,16022,20069,36653
6586,0,946,11446,11446,38292,15815
6587,0,24767,36380,36380,16126,12898
6588,0,5498,15998,15998,15463,35228
6589,0,4916,15416,15416,13539,17082
6590,1,8556,19056,16355,19056,13196
6591,0,24469,34873,34873,20371,36019
6592,0,1932,12432,12432,38234,34556
6593,0,2352,12852,12852,10820,14785
6594,0,3236,13736,13736,17604,38516
6595,0,9493,19993,19993,16879,11468
6596,0,22857,36696,36696,12877,17854
6597,15,3807,14307,38867,19306,37377
6598,0,22603,37771,37771,10678,20751
6599,0,1936,12436,12436,18071,19316
6600,0,21899,38689,38689,14141,17568
6601,9,4154,14654,10513,16845,20979
6602,0,8988,19488,19488,15519,12641
6603,0,2416,12916,12916,36973,20197
6604,0,21418,35420,35420,18879,38326
6605,1,6139,16639,38570,16639,10740
6606,2,785,11285,38654,11052,11285
6607,89,6789,17289,19604,35829,14275
6608,0,8036,18536,18536,18144,20018
6609,10,8315,18815,10912,20766,11093
6610,0,21164,38163,38163,14212,20687
6611,0,5668,16168,16168,35238,13824
6612,0,2172,12672,12672,35664,14236
6613,0,2169,12669,12669,17289,14105
6614,0,6628,17128,17128,12789,16083
6615,0,4009,14509,14509,18036,18651
6616,0,4340,14840,14840,11860,12007
6617,0,910,11410,11410,18142,16591
6618,0,6268,16768,16768,19591,18834
6619,0,2309,12809,12809,35750,14822
6620,0,10033,20533,20533,15173,17125
6621,0,9449,19949,19949,38691,11912
6622,0,6591,17091,17091,37194,37849
6623,0,4458,14958,14958,12871,20969
6624,0,7597,18097,18097,36086,37835
6625,0,9370,19870,19870,20486,38672
6626,0,24042,35472,35472,35824,19991
6627,0,22594,37968,37968,37970,15975
6628,0,4652,15152,15152,11298,12756
6629,8,6218,16718,20922,18427,10808
6630,0,442,10942,10942,12237,34941
6631,0,3415,13915,13915,10534,15209
6632,1,9591,20091,12504,20091,16364
6633,0,24998,37077,37077,37490,11671
6634,0,21832,35437,35437,20836,18168
6635,0,9649,20149,20149,35394,19571
6636,0,22754,38303,38303,37597,18867
6637,0,5744,16244,16244,17112,35674
6638,0,1054,11554,11554,38858,12703
6639,0,23623,37044,37044,13289,16561
6640,0,3699,14199,14199,18699,16858
6641,0,929,11429,11429,38219,19730
6642,0,6468,16968,16968,37431,35759
6643,0,8767,19267,19267,17439,14453
6644,0,1829,12329,12329,13258,18605
6645,0,22027,37717,37717,13858,12881
6646,0,21549,35543,35543,16784,15473
6647,0,21309,36152,36152,36834,13829
6648,3,2011,12511,19350,18337,13608
6649,0,913,11413,11413,18912,12227
6650,0,7611,18111,18111,12089,37534
6651,0,22209,36294,36294,14347,13809
6652,2,24073,35498,17386,14132,35498
6653,0,2606,13106,13106,11838,36766
6654,0,4928,15428,15428,20461,10687
6655,2,9783,20283,36244,34834,20283
6656,3,6564,17064,15252,38309,18238
6657,0,23841,36155,36155,34705,35845
6658,0,6,10506,10506,16731,37313
6659,0,7835,18335,18335,20397,36163
6660,0,6583,17083,17083,18774,14345
6661,0,3361,13861,13861,20213,38174
6662,0,10135,20635,20635,38797,15048
6663,0,24408,35638,35638,34711,18970
6664,0,1635,12135,12135,15175,35640
6665,0,1141,11641,11641,35722,36002
6666,0,21297,37051,37051,18204,10906
6667,1,359,10859,18253,10859,20064
6668,1,2070,12570,34681,12570,13593
6669,0,3134,13634,13634,19354,37422
6670,0,5160,15660,15660,16508,19298
6671,0,6990,17490,17490,38418,36510
6672,0,3243,13743,13743,12185,35114
6673,0,2242,12742,12742,10656,17122
6674,0,1474,11974,11974,34681,13333
6675,0,24588,36838,36838,36837,16430
6676,0,10081,20581,20581,35088,20669
6677,1,3259,13759,20407,13759,35897
6678,0,10213,20713,20713,20639,17116
6679,0,4020,14520,14520,36051,37480
6680,0,22112,37213,37213,19467,35309
6681,0,8566,19066,19066,13196,16355
6682,3,3500,14000,20229,13747,35369
6683,0,2658,13158,13158,18452,38805
6684,0,24125,36630,36630,19944,14570
6685,0,1130,11630,11630,16589,12319
6686,0,22591,37746,37746,20996,11440
6687,0,1819,12319,12319,11630,16589
6688,0,7461,17961,17961,16486,20408
6689,0,24061,35708,35708,14399,13404
6690,0,21145,35668,35668,18999,19782
6691,0,24439,36191,36191,17144,37390
6692,4,7064,17564,35957,38710,16553
6693,0,4318,14818,14818,11862,35942
6694,0,9342,19842,19842,15791,19463
6695,0,4669,15169,15169,17386,18441
6696,82,9428,19928,36330,19470,18736
6697,0,5476,15976,15976,16769,11280
6698,0,24431,38716,38716,11862,14329
6699,0,21330,37121,37121,15949,13360
6700,0,1856,12356,12356,12314,20323
6701,0,2282,12782,12782,35771,20687
6702,1,23015,38119,37454,38119,12968
6703,11,4008,14508,37506,18271,18369
6704,0,6401,16901,16901,19247,34984
6705,2,21728,38851,38791,14307,38851
6706,27,21272,38712,12839,10848,37367
6707,21,386,10886,37214,19666,10981
6708,0,1628,12128,12128,35395,35840
6709,0,21637,34866,34866,11293,16353
6710,0,23574,35421,35421,20794,16342
6711,0,22509,36590,36590,13415,17460
6712,0,23391,37954,37954,15301,13645
6713,14,7718,18218,16491,16790,17737
6714,0,24592,35465,35465,20011,11836
6715,0,22529,38914,38914,15412,14088
6716,0,9101,19601,19601,17871,13544
6717,0,22635,37260,37260,15766,37105
6718,0,10058,20558,20558,12849,35146
6719,0,1842,12342,12342,11909,13334
6720,0,2497,12997,12997,13341,16029
6721,0,201,10701,10701,37706,38041
6722,0,23262,35992,35992,19068,13145
6723,0,3868,14368,14368,37061,18097
6724,0,5054,15554,15554,14678,35766
6725,2,5889,16389,16285,19343,16389
6726,25,2702,13202,16044,35369,19970
6727,0,7922,18422,18422,35443,16788
6728,0,331,10831,10831,20967,17865
6729,0,3808,14308,14308,15776,36332
6730,3,935,11435,12660,17353,18452
6731,0,22511,34611,34611,15136,34514
6732,0,1774,12274,12274,13411,37057
6733,19,24129,37620,37947,16553,12275
6734,0,8611,19111,19111,18609,35480
6735,0,24237,34838,34838,16259,12053
6736,0,25236,37687,37687,20546,19683
6737,0,989,11489,11489,14296,36779
6738,0,5443,15943,15943,16719,18980
6739,0,21952,36454,36454,20347,37614
6740,0,6993,17493,17493,18055,12769
6741,0,21111,37701,37701,17958,38534
6742,0,5806,16306,16306,10661,19188
6743,0,23924,37070,37070,36552,12077
6744,0,24653,37018,37018,11528,12199
6745,0,6574,17074,17074,11728,35868
6746,0,3052,13552,13552,11853,37643
6747,0,22245,36921,36921,20139,17897
6748,0,8365,18865,18865,20645,12287
6749,0,4615,15115,15115,17005,13896
6750,0,3321,13821,13821,13621,18959
6751,0,21179,38582,38582,11530,37837
6752,0,6246,16746,16746,36801,11863
6753,3,6048,16548,20946,19872,37247
6754,1,3311,13811,19705,13811,34957
6755,0,21732,36689,36689,11999,35749
6756,2,21249,35742,11394,15977,35742
6757,0,24190,38036,38036,34773,20282
6758,0,21374,35156,35156,36972,12556
6759,0,8210,18710,18710,12396,19285
6760,0,3628,14128,14128,38877,20443
6761,0,21938,37258,37258,11017,19418
6762,0,10366,20866,20866,37035,14666
6763,0,1356,11856,11856,13555,35772
6764,0,5002,15502,15502,38077,35471
6765,0,21106,35594,35594,34882,38951
6766,0,5823,16323,16323,11230,17089
6767,16,24868,38220,36681,14057,16763
6768,0,5670,16170,16170,14563,14094
6769,0,3112,13612,13612,13583,19303
6770,1,182,10682,36161,10682,10706
6771,0,21378,37252,37252,17481,12319
6772,1,10004,20504,37837,20504,17598
6773,0,855,11355,11355,37433,12177
6774,0,21030,36597,36597,10988,15203
6775,1,4912,15412,14970,15412,19408
6776,0,21801,36769,36769,16446,12592
6777,0,1800,12300,12300,35364,14266
6778,0,21696,37852,37852,15692,35049
6779,0,23866,34581,34581,17437,14933
6780,6,5482,15982,15070,18659,17028
6781,0,25162,36452,36452,12069,10523
6782,0,1968,12468,12468,18747,18997
6783,1,22814,36443,15929,36443,13935
6784,1,22873,36163,13210,36163,11871
6785,0,4697,15197,15197,10875,35871
6786,57,4987,15487,35122,13973,18427
6787,0,4650,15150,15150,12969,37926
6788,0,1159,11659,11659,10838,11592
6789,0,9405,19905,19905,38597,19086
6790,0,24970,35557,35557,35138,13065
6791,0,1325,11825,11825,20490,12911
6792,0,10288,20788,20788,12147,17865
6793,0,23223,37111,37111,20680,18255
6794,0,4796,15296,15296,38133,13889
6795,0,6796,17296,17296,13870,20910
6796,0,5808,16308,16308,36825,13272
6797,1,22733,38765,14506,38765,15757
6798,0,1455,11955,11955,17452,17787
6799,0,5410,15910,15910,19669,38252
6800,0,8333,18833,18833,13267,18489
6801,13,2800,13300,17993,37662,35380
6802,2,9836,20336,38295,17683,20336
6803,0,10332,20832,20832,19775,13920
6804,0,7616,18116,18116,34885,36187
6805,0,23209,37390,37390,36191,17144
6806,19,7815,18315,12312,18859,14644
6807,0,4378,14878,14878,35001,20081
6808,0,8921,19421,19421,18592,38622
6809,0,24100,35870,35870,34999,15313
6810,0,6716,17216,17216,18583,37561
6811,0,10128,20628,20628,20309,37444
6812,0,3736,14236,14236,14868,12672
6813,0,2261,12761,12761,15785,17009
6814,0,7429,17929,17929,12604,11864
6815,3,4005,14505,18967,14361,13194
6816,1,9302,19802,16938,19802,37491
6817,0,24015,37454,37454,38119,12968
6818,0,24547,35150,35150,10772,38912
6819,0,2394,12894,12894,15261,20548
6820,0,1185,11685,11685,11903,14297
6821,0,2007,12507,12507,38687,12792
6822,0,193,10693,10693,38483,18786
6823,0,21414,37322,37322,13986,17415
6824,0,8770,19270,19270,12672,35919
6825,6,5525,16025,11920,14107,38410
6826,1,771,11271,36020,11271,12282
6827,0,23351,34547,34547,18962,36332
6828,30,1478,11978,19406,37719,15935
6829,0,1846,12346,12346,12709,20823
6830,2,3740,14240,19888,35967,14240
6831,1,21638,36569,35441,36569,20307
6832,446,7986,18486,16337,13347,12571
6833,0,405,10905,10905,16341,14268
6834,0,23272,38270,38270,11799,37715
6835,0,10265,20765,20765,35647,20622
6836,0,10088,20588,20588,12179,15018
6837,31,22552,36784,36061,37185,17547
6838,1,6317,16817,36119,16817,16522
6839,8,6581,17081,11679,14771,11387
6840,0,23395,34531,34531,19548,11532
6841,0,1447,11947,11947,36262,18349
6842,6,342,10842,18011,16727,36669
6843,0,7468,17968,17968,19586,16149
6844,0,22262,38010,38010,36725,11509
6845,0,23398,34679,34679,17753,35138
6846,0,727,11227,11227,11083,15457
6847,0,4577,15077,15077,10865,38430
6848,0,9168,19668,19668,14810,19749
6849,0,9250,19750,19750,12491,37438
6850,40,3516,14016,19850,35065,38287
6851,0,23215,37302,37302,38856,18629
6852,0,23333,36047,36047,35075,35719
6853,2,7156,17656,35879,13864,17656
6854,11,7851,18351,13090,34721,19463
6855,0,10178,20678,20678,36790,35157
6856,0,9491,19991,19991,12035,35824
6857,0,1348,11848,11848,16170,14094
6858,0,660,11160,11160,14660,36632
6859,0,1492,11992,11992,35678,17174
6860,0,22840,36229,36229,38618,18584
6861,0,22692,36749,36749,36528,17430
6862,0,5154,15654,15654,16320,36750
6863,0,23731,34467,34467,34479,34496
6864,2,9885,20385,17009,37619,20385
6865,0,22939,38541,38541,11609,19535
6866,0,9277,19777,19777,37909,16606
6867,1,2524,13024,16365,13024,35144
6868,0,21894,35495,35495,16145,35024
6869,0,24418,36664,36664,11612,14461
6870,0,5374,15874,15874,34561,35877
6871,0,3198,13698,13698,12009,14126
6872,0,5717,16217,16217,11442,36753
6873,0,21958,35365,35365,15284,11878
6874,0,24442,37617,37617,38344,37100
6875,0,24199,36279,36279,38121,38336
6876,0,8259,18759,18759,17224,20647
6877,0,22936,36363,36363,18277,12077
6878,0,40,10540,10540,34519,38299
6879,2,10461,20961,35523,37000,20961
6880,0,23974,36531,36531,20939,16846
6881,0,24874,35562,35562,19670,38261
6882,2,23079,37223,11435,11373,37223
6883,0,6816,17316,17316,34983,11481
6884,0,22778,34519,34519,38829,35135
6885,0,23402,35468,35468,17328,35837
6886,0,21039,36183,36183,20746,35521
6887,0,23843,34664,34664,17340,14588
6888,4,2723,13223,12282,37068,38932
6889,0,23207,37748,37748,12096,13325
6890,0,21068,36818,36818,20167,11783
6891,0,9335,19835,19835,14516,35263
6892,11,25281,38562,15000,11364,19151
6893,5,7155,17655,13352,19015,19044
6894,0,21184,35463,35463,12547,36095
6895,5,24762,37801,38793,14453,34662
6896,0,22931,35724,35724,13583,18257
6897,1251,7230,17730,37196,15487,14186
6898,0,10412,20912,20912,20425,16612
6899,0,5075,15575,15575,11454,37553
6900,0,22459,34483,34483,20212,38179
6901,3,7880,18380,11434,13900,14243
6902,0,5394,15894,15894,20503,17068
6903,0,9641,20141,20141,35159,34678
6904,0,24963,36786,36786,14710,18902
6905,0,7789,18289,18289,17120,20033
6906,0,21136,37977,37977,37000,14066
6907,0,4088,14588,14588,34664,36069
6908,0,1967,12467,12467,11577,16163
6909,0,21839,37449,37449,34460,17244
6910,1,23999,37172,19750,37172,37438
6911,0,22104,38354,38354,18129,19850
6912,0,6999,17499,17499,15692,37852
6913,15,423,10923,13301,12792,18430
6914,0,23154,37873,37873,20980,13951
6915,0,10096,20596,20596,17075,15610
6916,1,25405,38224,15044,38224,35322
6917,0,25007,36822,36822,10758,20661
6918,3,6142,16642,11139,36587,19350
6919,0,5661,16161,16161,16412,10665
6920,0,9031,19531,19531,35689,15347
6921,0,4596,15096,15096,12189,15029
6922,0,2659,13159,13159,15356,14567
6923,0,141,10641,10641,15822,38844
6924,0,2597,13097,13097,14453,17564
6925,0,6701,17201,17201,15050,20023
6926,0,1377,11877,11877,12914,12766
6927,970,3674,14174,16724,36437,17480
6928,2,9658,20158,18507,11314,20158
6929,0,24946,38805,38805,10743,11705
6930,404,6362,16862,19532,17980,14436
6931,1,23194,38509,37138,38509,20815
6932,43,4741,15241,34815,36633,38077
6933,0,1138,11638,11638,18026,20929
6934,0,10449,20949,20949,37418,19862
6935,2,7374,17874,17966,16073,17874
6936,0,1787,12287,12287,12537,12207
6937,0,21019,35989,35989,19749,19668
6938,0,4646,15146,15146,12748,14348
6939,0,7568,18068,18068,35990,34963
6940,113,459,10959,14427,35826,13433
6941,0,6115,16615,16615,13745,15846
6942,56,8179,18679,38400,36954,35267
6943,0,948,11448,11448,15386,34600
6944,0,9528,20028,20028,35238,34608
6945,0,6370,16870,16870,18322,19242
6946,0,4628,15128,15128,12562,17393
6947,0,7358,17858,17858,14883,37872
6948,0,5925,16425,16425,15301,37954
6949,0,6040,16540,16540,17120,18289
6950,1,441,10941,16639,10941,11337
6951,2,6659,17159,10582,14226,17159
6952,357,9794,20294,17253,35489,12524
6953,5,10430,20930,16090,11335,16837
6954,0,8831,19331,19331,37693,18885
6955,0,9046,19546,19546,17457,35171
6956,0,3830,14330,14330,14383,15166
6957,0,22449,38061,38061,12152,13539
6958,0,6144,16644,16644,13809,18681
6959,0,23270,37547,37547,14422,19706
6960,0,6344,16844,16844,38872,20661
6961,0,22403,36393,36393,16341,17716
6962,0,1958,12458,12458,11637,12304
6963,0,9262,19762,19762,19078,18620
6964,0,155,10655,10655,13396,14043
6965,0,10487,20987,20987,20332,37434
6966,0,25487,35891,35891,38218,20973
6967,1,4578,15078,17039,15078,17536
6968,2,1089,11589,36931,13757,11589
6969,5,6049,16549,18967,14150,20356
6970,0,22016,35092,35092,13154,38030
6971,0,22748,37703,37703,34642,36962
6972,1,9122,19622,15743,19622,17830
6973,1,7950,18450,16808,18450,11640
6974,0,23311,35061,35061,38015,19266
6975,0,1674,12174,12174,17075,16118
6976,0,6763,17263,17263,34861,17427
6977,1,22233,36519,11286,36519,35597
6978,0,6416,16916,16916,11644,16301
6979,0,24205,38305,38305,18874,34526
6980,0,25171,35399,35399,38768,37349
6981,9,2326,12826,15338,13237,18070
6982,0,7096,17596,17596,20303,13575
6983,0,21077,36961,36961,16820,36691
6984,0,23139,35740,35740,14682,17315
6985,0,6450,16950,16950,11088,18788
6986,0,23467,37896,37896,17055,11942
6987,0,1715,12215,12215,34917,18766
6988,0,9890,20390,20390,16147,11658
6989,0,9172,19672,19672,38597,15214
6990,0,8381,18881,18881,14705,11189
6991,0,9433,19933,19933,15369,15803
6992,20,3831,14331,12309,38221,15708
6993,0,6299,16799,16799,13683,18510
6994,0,3348,13848,13848,11055,14934
6995,6,23479,38243,38208,16067,38802
6996,0,9177,19677,19677,15496,17602
6997,0,10013,20513,20513,14981,12726
6998,0,587,11087,11087,11512,36663
6999,0,9346,19846,19846,12921,20624
7000,1,25354,34924,34833,34924,34982
7001,0,21915,38247,38247,35802,37621
7002,1,10091,20591,13223,20591,38932
7003,3,2990,13490,15712,13651,11968
7004,0,21040,37894,37894,13106,20356
7005,1,22485,35791,38240,35791,37083
7006,1,24873,37272,20239,37272,20842
7007,0,9587,20087,20087,13819,11509
7008,0,264,10764,10764,38724,15136
7009,0,22191,36613,36613,14889,19217
7010,0,6788,17288,17288,38665,36734
7011,0,22568,38268,38268,18187,14511
7012,0,22543,36727,36727,35988,12161
7013,0,10131,20631,20631,38136,11937
7014,0,3864,14364,14364,13602,12401
7015,4,10435,20935,15502,38077,34815
7016,1,25182,34552,35065,34552,14016
7017,0,6274,16774,16774,16743,37854
7018,0,23844,36980,36980,12365,38497
7019,3,24010,38664,38813,38636,35999
7020,0,3711,14211,14211,16392,16426
7021,1,8438,18938,34760,18938,10810
7022,9,9786,20286,20796,11589,15588
7023,0,1529,12029,12029,13737,15783
7024,0,24483,36253,36253,12725,36552
7025,0,923,11423,11423,17104,36124
7026,0,22846,36758,36758,37491,11867
7027,0,7329,17829,17829,11093,37320
7028,0,4364,14864,14864,20011,17395
7029,1,669,11169,35236,11169,11335
7030,6,3604,14104,37911,37944,13763
7031,0,5108,15608,15608,10757,15749
7032,1,10102,20602,35943,20602,17013
7033,0,22711,37480,37480,17966,16073
7034,0,5248,15748,15748,35590,12265
7035,0,7183,17683,17683,11454,34803
7036,0,23917,34848,34848,14763,36004
7037,13,2591,13091,17613,17545,14035
7038,165,5906,16406,14990,13265,38752
7039,0,9973,20473,20473,18833,14876
7040,0,6509,17009,17009,19628,15735
7041,2,22189,35165,11275,37290,35165
7042,0,7133,17633,17633,13245,17447
7043,0,2307,12807,12807,13717,34965
7044,0,8804,19304,19304,35224,20650
7045,0,3690,14190,14190,16602,38019
7046,0,687,11187,11187,17247,11453
7047,0,612,11112,11112,38859,36342
7048,0,7167,17667,17667,18825,13044
7049,0,22157,35786,35786,38587,12376
7050,0,3200,13700,13700,34649,17292
7051,0,10459,20959,20959,16039,18724
7052,3,22278,35128,13395,36946,12039
7053,0,6629,17129,17129,12789,38741
7054,1,4135,14635,15066,14635,11743
7055,0,1898,12398,12398,11231,14863
7056,2,282,10782,35763,12350,10782
7057,1,258,10758,16844,10758,13163
7058,0,22514,35076,35076,37932,35077
7059,0,25260,38810,38810,12275,16486
7060,0,4943,15443,15443,17119,11331
7061,0,2822,13322,13322,17559,36103
7062,0,23106,35491,35491,14238,20777
7063,1,3525,14025,18819,14025,14187
7064,1,22858,38453,18634,38453,14993
7065,0,5223,15723,15723,13726,14038
7066,0,2285,12785,12785,35815,14130
7067,0,6063,16563,16563,14131,34504
7068,0,8078,18578,18578,11029,18520
7069,2,4654,15154,10975,16543,15154
7070,0,5000,15500,15500,13730,15278
7071,0,6710,17210,17210,11945,36290
7072,0,21074,37960,37960,10540,18048
7073,0,8676,19176,19176,10507,16177
7074,0,10403,20903,20903,17285,14974
7075,0,5416,15916,15916,36645,12045
7076,0,475,10975,10975,15154,14277
7077,1,2555,13055,17240,13055,11142
7078,0,8087,18587,18587,16217,20546
7079,1,7,10507,19145,10507,18409
7080,0,6411,16911,16911,10626,19824
7081,0,22418,37716,37716,10951,11367
7082,51,23296,37341,38141,36612,37443
7083,0,5546,16046,16046,35969,35424
7084,0,2426,12926,12926,18329,16171
7085,0,6744,17244,17244,38110,37824
7086,1,10006,20506,38803,20506,18113
7087,1,22323,38408,17405,38408,18239
7088,0,2274,12774,12774,17029,37882
7089,0,9203,19703,19703,13510,16744
7090,4,1577,12077,16972,20148,14407
7091,0,7264,17764,17764,20441,16329
7092,0,9259,19759,19759,14498,13652
7093,0,10183,20683,20683,16913,13118
7094,0,3970,14470,14470,36947,16130
7095,0,5879,16379,16379,16603,35389
7096,0,21639,36582,36582,34714,35756
7097,0,24611,37965,37965,15628,20539
7098,0,7193,17693,17693,14761,36394
7099,0,3867,14367,14367,14654,12120
7100,57,22422,38098,36027,15679,14291
7101,0,6823,17323,17323,13551,15313
7102,1,23480,35200,20016,35200,18826
7103,0,7548,18048,18048,37690,37606
7104,0,781,11281,11281,35741,18363
7105,0,22285,38730,38730,17937,35162
7106,0,1749,12249,12249,34549,17243
7107,0,21723,34943,34943,36098,13398
7108,5,6519,17019,13330,37291,13637
7109,0,5774,16274,16274,16325,15765
7110,0,9283,19783,19783,14817,36204
7111,0,9369,19869,19869,12109,18719
7112,0,2324,12824,12824,11560,17275
7113,0,10271,20771,20771,20150,35962
7114,1,5055,15555,38623,15555,17199
7115,0,23943,34760,34760,18938,11627
7116,0,23542,37495,37495,17204,18012
7117,0,10482,20982,20982,18801,36503
7118,0,1727,12227,12227,15253,16075
7119,0,610,11110,11110,15963,37620
7120,0,4666,15166,15166,15975,14383
7121,0,5413,15913,15913,15016,11802
7122,4,8103,18603,13806,38903,20333
7123,1,8174,18674,12630,18674,34896
7124,0,8535,19035,19035,37769,11126
7125,0,23074,35309,35309,37593,18261
7126,0,3750,14250,14250,17907,35862
7127,1,24641,35367,11504,35367,37510
7128,0,97,10597,10597,38905,16856
7129,0,6985,17485,17485,14624,20707
7130,1,3137,13637,13330,13637,11013
7131,0,1537,12037,12037,38694,15244
7132,0,3648,14148,14148,38548,37089
7133,0,23631,37293,37293,10715,17279
7134,37,1517,12017,35605,18417,20074
7135,0,23286,37996,37996,35593,14617
7136,0,4624,15124,15124,12658,14330
7137,0,6566,17066,17066,36653,18988
7138,2,2090,12590,38923,13899,12590
7139,0,7097,17597,17597,19301,38113
7140,0,6171,16671,16671,18568,20141
7141,2,7521,18021,13008,13881,18021
7142,0,572,11072,11072,35965,16364
7143,24,22190,38238,14952,37719,19406
7144,0,23423,37577,37577,37537,17689
7145,0,3062,13562,13562,19372,35256
7146,5,597,11097,14133,19243,12212
7147,0,6633,17133,17133,35937,15137
7148,0,25014,38115,38115,14984,35166
7149,0,7875,18375,18375,11573,11006
7150,0,7345,17845,17845,12292,19356
7151,0,6304,16804,16804,20976,35517
7152,0,24839,35988,35988,36727,10978
7153,0,25189,38135,38135,12713,36996
7154,1,22478,38347,11259,38347,11704
7155,2,5976,16476,17164,12211,16476
7156,69,8562,19062,14154,13494,18369
7157,0,1938,12438,12438,38594,37623
7158,0,23242,36544,36544,19188,13553
7159,0,8100,18600,18600,38353,14035
7160,0,1753,12253,12253,34595,18483
7161,2,3670,14170,14949,17970,14170
7162,0,21545,35995,35995,17178,20918
7163,0,2361,12861,12861,13461,37062
7164,0,4260,14760,14760,35573,14831
7165,0,5432,15932,15932,35142,11457
7166,0,6285,16785,16785,15946,35600
7167,0,25105,35753,35753,10789,15722
7168,0,25300,38171,38171,34815,36636
7169,0,23822,35695,35695,18807,16896
7170,0,25018,36794,36794,17584,17985
7171,0,24617,36381,36381,12562,17663
7172,0,5591,16091,16091,16456,34924
7173,0,1171,11671,11671,37490,37077
7174,23,7927,18427,37574,17028,37955
7175,0,24875,36019,36019,11942,17168
7176,0,9614,20114,20114,16156,36735
7177,0,24269,35293,35293,17909,14370
7178,0,23697,37997,37997,19764,11127
7179,0,24018,36078,36078,37959,18566
7180,0,22547,37714,37714,14832,38358
7181,1,874,11374,12583,11374,16617
7182,0,2297,12797,12797,17990,12795
7183,0,24752,37926,37926,16103,17803
7184,0,2643,13143,13143,15563,15639
7185,1,21381,37874,20627,37874,20283
7186,0,5347,15847,15847,15427,10574
7187,478,9032,19532,19758,35739,35194
7188,2,21950,38865,11337,16639,38865
7189,0,581,11081,11081,35871,20606
7190,0,204,10704,10704,18173,34867
7191,1,7896,18396,17594,18396,14820
7192,7,9833,20333,35186,18269,20631
7193,0,2014,12514,12514,15811,37795
7194,0,21657,35405,35405,17337,36290
7195,0,24668,35623,35623,34783,19674
7196,0,905,11405,11405,36798,12919
7197,5,631,11131,20859,11917,14150
7198,11,8461,18961,15404,20140,11307
7199,0,22228,36455,36455,18180,38891
7200,6,1974,12474,36012,16861,11310
7201,6,162,10662,37416,19735,12951
7202,0,4998,15498,15498,36488,18917
7203,0,25298,36314,36314,14369,11307
7204,0,9557,20057,20057,38306,14820
7205,0,21243,37098,37098,19093,38235
7206,0,4713,15213,15213,19928,13224
7207,1,9067,19567,18675,19567,17666
7208,1,1431,11931,36196,11931,35783
7209,0,6868,17368,17368,38545,37867
7210,3,24215,37674,17255,19633,38060
7211,0,7710,18210,18210,17524,34901
7212,0,7736,18236,18236,14261,15898
7213,0,4283,14783,14783,36426,18576
7214,0,7531,18031,18031,19323,34930
7215,0,22031,35877,35877,14514,13772
7216,0,22964,35008,35008,19998,35007
7217,0,10053,20553,20553,36836,18840
7218,0,24576,34811,34811,11074,18611
7219,0,3384,13884,13884,10889,18730
7220,0,23090,38309,38309,38219,38191
7221,0,21257,36313,36313,36500,36324
7222,0,23422,36453,36453,16702,12564
7223,0,7462,17962,17962,38502,11242
7224,0,3331,13831,13831,14364,10843
7225,0,25107,38269,38269,16475,37803
7226,0,24666,34555,34555,11076,18908
7227,0,6404,16904,16904,14229,19311
7228,0,8895,19395,19395,17822,11181
7229,2,2096,12596,18785,20761,12596
7230,0,10195,20695,20695,16932,17753
7231,2,23519,36575,18907,16391,36575
7232,0,7999,18499,18499,36883,36882
7233,0,5017,15517,15517,15472,11345
7234,0,8738,19238,19238,14819,12059
7235,0,1449,11949,11949,20605,38449
7236,0,6900,17400,17400,19182,35302
7237,0,2610,13110,13110,12794,38073
7238,5,1900,12400,19940,12503,11182
7239,0,8186,18686,18686,13438,37657
7240,0,3920,14420,14420,17160,35482
7241,0,2757,13257,13257,15087,11075
7242,0,6397,16897,16897,17363,19605
7243,0,10077,20577,20577,15700,37170
7244,1,22173,36962,37703,36962,16779
7245,2,2097,12597,15564,11122,12597
7246,2,8329,18829,37885,18569,18829
7247,0,21605,38147,38147,13014,16519
7248,0,5624,16124,16124,15730,19404
7249,13,9028,19528,19876,10554,37887
7250,0,3471,13971,13971,10795,12429
7251,3,8266,18766,13366,17712,15661
7252,0,2171,12671,12671,34956,20905
7253,78,23127,37815,14053,16070,14098
7254,0,21200,37745,37745,36864,13151
7255,0,8590,19090,19090,35128,35795
7256,0,2010,12510,12510,15848,38892
7257,0,24124,38649,38649,20101,16694
7258,2,1283,11783,16409,38121,11783
7259,0,24573,36745,36745,15562,35540
7260,0,10028,20528,20528,35705,13803
7261,0,24173,38370,38370,35740,17126
7262,0,1019,11519,11519,16755,11807
7263,125,9518,20018,38752,13519,20045
7264,0,21742,34962,34962,18489,16042
7265,0,8667,19167,19167,35744,37945
7266,0,2810,13310,13310,10511,17089
7267,0,22855,36907,36907,19027,35585
7268,0,1651,12151,12151,11564,36739
7269,0,23000,38391,38391,36369,36212
7270,0,1169,11669,11669,19453,19655
7271,0,24422,34680,34680,12327,13873
7272,0,9398,19898,19898,20100,16445
7273,0,6256,16756,16756,37666,35785
7274,0,5469,15969,15969,12381,36219
7275,0,24052,37060,37060,14572,35295
7276,0,10258,20758,20758,35276,36741
7277,1,867,11367,12050,11367,35114
7278,0,24446,35126,35126,20305,13077
7279,0,5093,15593,15593,38421,13837
7280,2,5433,15933,15410,38948,15933
7281,0,541,11041,11041,19135,38041
7282,0,9324,19824,19824,10626,20895
7283,0,24882,38717,38717,20948,14554
7284,0,6354,16854,16854,16447,37045
7285,0,25259,37973,37973,18590,19708
7286,0,3390,13890,13890,19962,35004
7287,0,21002,35114,35114,14722,19153
7288,0,25078,35411,35411,38587,38694
7289,0,23900,37641,37641,18159,35946
7290,0,22498,38864,38864,35183,13870
7291,0,22238,34735,34735,11475,13447
7292,0,21572,34965,34965,13717,12807
7293,0,3959,14459,14459,13857,20032
7294,0,22406,37875,37875,12986,16635
7295,0,6643,17143,17143,18944,11326
7296,0,6841,17341,17341,37234,16279
7297,0,24880,36371,36371,15838,16084
7298,0,3586,14086,14086,11371,37593
7299,0,24706,36057,36057,11348,37724
7300,0,2563,13063,13063,17590,10859
7301,0,21283,34782,34782,18076,10698
7302,0,21809,37334,37334,36793,11689
7303,0,23377,35892,35892,11643,18844
7304,0,5036,15536,15536,12729,12180
7305,0,1080,11580,11580,11180,36823
7306,7,5891,16391,16323,17089,11239
7307,0,10277,20777,20777,36805,14238
7308,0,24286,34604,34604,20283,13950
7309,0,4966,15466,15466,10785,18521
7310,0,2023,12523,12523,36332,13258
7311,83,22371,37446,20239,38657,16019
7312,0,7909,18409,18409,11406,15699
7313,0,24809,37050,37050,14549,10723
7314,0,7321,17821,17821,34799,11016
7315,0,226,10726,10726,17338,11199
7316,62,1013,11513,16578,20295,19053
7317,0,1929,12429,12429,10795,35110
7318,0,21857,36528,36528,36749,35477
7319,0,5251,15751,15751,13071,35998
7320,0,9596,20096,20096,35216,18995
7321,6,2179,12679,35962,10761,16713
7322,0,697,11197,11197,18356,20992
7323,4,1124,11624,36411,35829,37823
7324,28,7378,17878,14797,36787,16858
7325,0,21592,36244,36244,20283,11540
7326,0,5110,15610,15610,19762,20596
7327,75,7902,18402,20985,38946,13819
7328,0,1778,12278,12278,19205,18897
7329,0,24581,35897,35897,13759,10698
7330,13,2634,13134,19254,35600,12357
7331,0,7544,18044,18044,14452,17434
7332,0,7604,18104,18104,37546,18655
7333,0,3489,13989,13989,20390,38082
7334,0,1037,11537,11537,18090,12829
7335,0,10448,20948,20948,38456,36863
7336,0,22765,36198,36198,17633,36573
7337,0,24720,38873,38873,10704,34867
7338,19,8505,19005,14637,13252,37286
7339,2,2649,13149,18233,17035,13149
7340,0,10473,20973,20973,35891,37627
7341,0,2979,13479,13479,13835,15722
7342,0,2547,13047,13047,15536,12729
7343,0,5132,15632,15632,20548,12775
7344,0,2159,12659,12659,19029,34799
7345,0,25407,35289,35289,17272,12326
7346,3,9114,19614,36434,15935,14952
7347,0,6445,16945,16945,20944,12903
7348,3,3967,14467,18673,38424,17723
7349,0,1428,11928,11928,14945,35636
7350,0,21658,36570,36570,14960,11376
7351,0,2520,13020,13020,19196,10578
7352,0,25490,35938,35938,19708,36256
7353,0,8033,18533,18533,16805,17822
7354,0,24705,36814,36814,11698,12776
7355,0,23181,36910,36910,19003,36422
7356,72,23729,38769,18311,13471,19606
7357,1,448,10948,37997,10948,15315
7358,2,23089,36684,12675,18374,36684
7359,28,9476,19976,37926,16103,12758
7360,0,5995,16495,16495,16669,12934
7361,0,22243,38234,38234,38021,16824
7362,0,3727,14227,14227,11096,12495
7363,2,7353,17853,15834,17348,17853
7364,0,8553,19053,19053,12700,16578
7365,0,6279,16779,16779,15763,38840
7366,1,24300,37375,17976,37375,12281
7367,0,7295,17795,17795,13857,15722
7368,0,9496,19996,19996,19189,13205
7369,1,6251,16751,15089,16751,17777
7370,8,5926,16426,13463,11637,13483
7371,0,2460,12960,12960,36669,18011
7372,0,22,10522,10522,16140,16672
7373,0,2066,12566,12566,20593,17539
7374,1,1653,12153,15708,12153,16897
7375,0,8894,19394,19394,20979,20289
7376,0,8706,19206,19206,36519,17399
7377,0,21636,34895,34895,35384,19999
7378,0,1376,11876,11876,10854,20922
7379,3,1724,12224,35810,12353,18716
7380,0,22001,34620,34620,14214,36069
7381,7,3754,14254,37986,11222,14427
7382,0,25026,34477,34477,17446,19048
7383,0,8652,19152,19152,18067,38873
7384,0,4183,14683,14683,13892,38061
7385,98,4082,14582,37894,14150,34631
7386,0,9678,20178,20178,13346,34761
7387,2,23675,35830,11135,17950,35830
7388,0,8474,18974,18974,38808,11103
7389,0,6579,17079,17079,37115,16319
7390,0,4558,15058,15058,13370,38433
7391,0,3537,14037,14037,11769,12562
7392,0,7003,17503,17503,11692,37327
7393,0,23725,34733,34733,11381,36071
7394,0,9560,20060,20060,14223,17904
7395,0,24423,38178,38178,19353,38732
7396,1,22636,38449,20605,38449,18862
7397,0,8789,19289,19289,14894,12061
7398,52,9951,20451,11981,37829,18074
7399,1,646,11146,11935,11146,20952
7400,0,6381,16881,16881,15693,13074
7401,0,7527,18027,18027,14799,16398
7402,0,24824,38505,38505,16401,10992
7403,0,21351,36033,36033,36623,11707
7404,0,7165,17665,17665,34767,14922
7405,0,22301,35620,35620,12962,35619
7406,2,24603,35907,36748,34861,35907
7407,11,7697,18197,37569,13354,14128
7408,1,25176,35142,14873,35142,37697
7409,0,25197,38079,38079,12859,15339
7410,0,4875,15375,15375,16261,20189
7411,0,21368,34696,34696,36617,15161
7412,0,24458,36845,36845,19929,14443
7413,0,5341,15841,15841,17314,35132
7414,0,22026,36756,36756,16249,14797
7415,0,7031,17531,17531,36245,15933
7416,0,2160,12660,12660,16655,17353
7417,0,685,11185,11185,37757,16036
7418,0,21722,38713,38713,18172,13891
7419,0,24336,35395,35395,12526,35840
7420,0,2461,12961,12961,19620,11507
7421,0,21323,34989,34989,14097,37211
7422,0,21182,35849,35849,38103,36239
7423,0,7128,17628,17628,17962,38702
7424,1,6267,16767,14023,16767,38270
7425,0,4941,15441,15441,38478,18368
7426,0,5946,16446,16446,12592,37162
7427,0,4583,15083,15083,37013,17694
7428,0,5784,16284,16284,34496,16536
7429,0,10422,20922,20922,14176,38752
7430,0,7569,18069,18069,17957,12631
7431,0,23972,36737,36737,19404,11120
7432,4,24770,34472,17879,18659,17637
7433,0,521,11021,11021,13518,13368
7434,0,8714,19214,19214,37387,14393
7435,0,21683,37158,37158,36460,38936
7436,0,23806,37366,37366,36742,12776
7437,1,3983,14483,11454,14483,17683
7438,0,23918,38304,38304,15096,15815
7439,10,25410,37685,11608,36602,35995
7440,0,780,11280,11280,11462,15838
7441,0,21536,34573,34573,13957,10766
7442,0,21467,38447,38447,36443,13530
7443,10,5607,16107,15236,15597,11301
7444,0,5978,16478,16478,13084,13245
7445,4,8843,19343,11271,12200,19509
7446,4,3747,14247,17965,13390,13020
7447,0,2196,12696,12696,17051,19066
7448,0,8561,19061,19061,14810,14940
7449,0,25392,38787,38787,37788,36878
7450,0,4285,14785,14785,10866,13451
7451,0,8569,19069,19069,36843,35596
7452,0,10408,20908,20908,14789,13711
7453,0,9832,20332,20332,15234,12474
7454,0,9805,20305,20305,16615,15079
7455,12,6979,17479,37997,17508,11808
7456,0,1827,12327,12327,12556,13534
7457,0,22495,35784,35784,34651,34692
7458,0,9154,19654,19654,20058,19227
7459,0,23683,38161,38161,19662,38082
7460,0,23892,38475,38475,11441,13803
7461,0,2376,12876,12876,20511,14916
7462,0,8551,19051,19051,35353,11371
7463,0,3839,14339,14339,35640,19624
7464,0,23801,38152,38152,38260,10628
7465,0,1246,11746,11746,15511,11711
7466,0,7504,18004,18004,15099,12613
7467,0,21170,35443,35443,35355,17599
7468,1,6511,17011,17613,17011,17545
7469,0,22183,35846,35846,18178,35602
7470,0,22018,37693,37693,38831,17594
7471,34,5439,15939,11143,18554,12700
7472,0,23387,34719,34719,19019,11730
7473,0,22971,35575,35575,37306,11889
7474,0,10229,20729,20729,36161,10682
7475,0,22115,37836,37836,16283,17560
7476,0,8964,19464,19464,18297,20770
7477,0,21814,34641,34641,18610,16129
7478,0,24735,35714,35714,18480,14952
7479,22,21486,38538,16337,36436,36653
7480,0,25198,38277,38277,18317,13308
7481,0,5510,16010,16010,18332,37837
7482,0,5330,15830,15830,17256,36920
7483,0,4531,15031,15031,36559,11829
7484,4,9866,20366,19532,13355,35506
7485,0,365,10865,10865,16194,35745
7486,3,23689,36077,15428,17710,10687
7487,0,21879,38933,38933,17203,17312
7488,0,147,10647,10647,16916,38754
7489,0,1668,12168,12168,10651,12302
7490,0,24530,35240,35240,18053,12081
7491,0,22679,37232,37232,10859,17110
7492,0,7650,18150,18150,14500,20596
7493,0,8599,19099,19099,17166,11371
7494,0,25050,35658,35658,18087,20901
7495,0,7788,18288,18288,20271,13490
7496,0,3456,13956,13956,14713,17737
7497,7,24211,35728,20705,13061,34751
7498,0,3271,13771,13771,37693,11316
7499,0,4940,15440,15440,35793,36379
7500,0,9223,19723,19723,11738,36060
7501,3,25219,36061,19167,17547,35744
7502,0,6230,16730,16730,12074,34497
7503,0,24365,37326,37326,15539,20068
7504,0,25428,36466,36466,38351,19395
7505,8,9047,19547,14034,38945,38885
7506,0,3926,14426,14426,36919,15934
7507,0,23095,36774,36774,13143,36732
7508,0,8080,18580,18580,16067,38767
7509,0,78,10578,10578,13020,19637
7510,0,7088,17588,17588,36637,17548
7511,45,2247,12747,38243,16484,35829
7512,0,24712,36315,36315,19341,18117
7513,4,23816,38885,12382,38945,38914
7514,0,22195,38373,38373,18786,15325
7515,0,22886,36365,36365,18851,37363
7516,0,7451,17951,17951,17504,16548
7517,0,8980,19480,19480,14933,18980
7518,0,2279,12779,12779,19615,18141
7519,0,8123,18623,18623,14858,36768
7520,1,3897,14397,12422,14397,38768
7521,0,22532,36023,36023,17973,19432
7522,0,7177,17677,17677,11275,37290
7523,0,9312,19812,19812,12590,17279
7524,0,22477,38156,38156,17475,37859
7525,1,3631,14131,34504,14131,35043
7526,0,24243,36893,36893,12415,17547
7527,0,6272,16772,16772,37607,20926
7528,0,8616,19116,19116,18416,12868
7529,0,392,10892,10892,37535,11791
7530,0,3191,13691,13691,37422,13634
7531,0,16,10516,10516,18664,15190
7532,0,4200,14700,14700,34513,17955
7533,0,2672,13172,13172,36563,12742
7534,1,22205,38282,37083,38282,38240
7535,0,6164,16664,16664,36768,35211
7536,0,21798,36252,36252,17570,38255
7537,0,3493,13993,13993,20196,14335
7538,5,9651,20151,38550,16440,16125
7539,0,24599,36667,36667,10593,37191
7540,1,7394,17894,16703,17894,11589
7541,1,4839,15339,17878,15339,13079
7542,2,593,11093,10912,37155,11093
7543,0,21914,35987,35987,11686,36681
7544,0,23986,37942,37942,13248,38528
7545,0,8737,19237,19237,16156,36492
7546,40,5827,16327,16544,17071,18555
7547,0,21830,34709,34709,34765,20723
7548,1,7961,18461,15573,18461,10994
7549,0,5887,16387,16387,17656,16736
7550,0,2355,12855,12855,14677,17153
7551,0,6036,16536,16536,10981,16351
7552,1,4798,15298,36096,15298,20519
7553,2,22575,34594,34651,35784,34594
7554,0,21903,38096,38096,34684,19086
7555,0,4592,15092,15092,16185,34649
7556,7,23167,35194,35882,17071,36667
7557,0,8656,19156,19156,11024,15981
7558,0,163,10663,10663,18462,14110
7559,2,25491,37867,37882,12774,37867
7560,0,21122,38125,38125,11665,12281
7561,0,24947,38631,38631,17604,17880
7562,1,7380,17880,18223,17880,20138
7563,0,22309,38897,38897,15088,36731
7564,0,10201,20701,20701,17965,13390
7565,0,6356,16856,16856,10597,38759
7566,1,22641,35236,11169,35236,12773
7567,0,9092,19592,19592,16503,19419
7568,0,5542,16042,16042,13267,34962
7569,16,6007,16507,10581,10977,13334
7570,0,7993,18493,18493,16734,16630
7571,0,7638,18138,18138,35794,13840
7572,5,6793,17293,17061,34558,14242
7573,0,22175,34860,34860,16353,37325
7574,0,7758,18258,18258,36444,17472
7575,0,4837,15337,15337,12058,17624
7576,5,2293,12793,12163,13808,17214
7577,0,6548,17048,17048,35785,37253
7578,12,7898,18398,35875,19423,17794
7579,0,4481,14981,14981,19756,12726
7580,0,3716,14216,14216,14624,37559
7581,0,23871,34797,34797,17838,20456
7582,0,6140,16640,16640,10895,38697
7583,0,9956,20456,20456,35915,38659
7584,0,1549,12049,12049,15270,34651
7585,0,23173,35181,35181,11494,36677
7586,0,10331,20831,20831,17264,18929
7587,0,2044,12544,12544,37624,35871
7588,34,767,11267,15521,35197,16005
7589,21,5693,16193,12406,17221,11389
7590,1,7870,18370,19411,18370,15379
7591,2,9700,20200,18583,20811,20200
7592,0,7857,18357,18357,12671,15820
7593,0,3302,13802,13802,12994,35140
7594,0,4517,15017,15017,36683,19939
7595,0,22885,37810,37810,37809,37110
7596,1,22267,37106,12972,37106,17970
7597,0,3292,13792,13792,14956,19341
7598,0,9011,19511,19511,36040,12119
7599,0,1403,11903,11903,14297,11685
7600,0,1382,11882,11882,15739,37306
7601,0,10340,20840,20840,19934,15393
7602,0,6928,17428,17428,12678,38322
7603,0,5671,16171,16171,16143,37331
7604,0,1638,12138,12138,20047,17535
7605,0,23442,38656,38656,17840,17246
7606,0,6907,17407,17407,16446,37162
7607,0,8591,19091,19091,16353,16316
7608,0,6406,16906,16906,16803,36062
7609,0,9074,19574,19574,38199,19542
7610,0,24430,35717,35717,17718,14488
7611,0,1179,11679,11679,14771,17706
7612,0,5448,15948,15948,38122,14734
7613,26,10322,20822,38934,37955,38752
7614,0,5078,15578,15578,12141,35291
7615,0,8648,19148,19148,34492,36065
7616,0,5175,15675,15675,15313,35870
7617,0,10142,20642,20642,38900,14066
7618,0,689,11189,11189,18881,18264
7619,0,25269,37245,37245,35592,20064
7620,0,6525,17025,17025,38657,38884
7621,2,23536,38691,17756,37011,38691
7622,0,6488,16988,16988,37383,19507
7623,0,10145,20645,20645,18865,12256
7624,0,7154,17654,17654,37820,34705
7625,0,24404,36572,36572,11790,20731
7626,1,6610,17110,13170,17110,15815
7627,0,21008,34862,34862,19523,11491
7628,3,25358,36804,17442,18892,34478
7629,0,24632,36837,36837,16430,36838
7630,0,4349,14849,14849,35667,15715
7631,0,1884,12384,12384,19207,13523
7632,1,21521,36924,12406,36924,19310
7633,1,2494,12994,13802,12994,35140
7634,0,5947,16447,16447,36593,16854
7635,0,3036,13536,13536,34489,18101
7636,0,5777,16277,16277,15068,14278
7637,0,21766,35755,35755,37410,35888
7638,10,845,11345,37583,19943,12559
7639,0,8734,19234,19234,38316,35984
7640,5,23518,35876,10742,20421,17787
7641,24,24604,35831,14010,34713,37172
7642,0,7967,18467,18467,13555,37910
7643,0,23275,36679,36679,37702,17598
7644,0,7340,17840,17840,20593,36731
7645,8,23176,37479,20694,11418,38693
7646,21,23348,36359,20239,20842,16019
7647,0,7137,17637,17637,38710,19351
7648,0,2964,13464,13464,34607,15934
7649,2,2529,13029,36893,18616,13029
7650,3,5772,16272,38681,11837,19416
7651,5,1048,11548,16858,16948,37574
7652,0,7045,17545,17545,11399,17613
7653,0,1960,12460,12460,18015,36171
7654,0,2530,13030,13030,38598,13222
7655,4,23767,35098,11691,11451,10678
7656,0,8429,18929,18929,20831,34715
7657,0,4917,15417,15417,18580,37305
7658,0,9325,19825,19825,19188,19166
7659,0,5901,16401,16401,37546,38505
7660,0,8286,18786,18786,11441,13803
7661,2,4259,14759,20047,38809,14759
7662,0,23707,36812,36812,20166,18286
7663,0,24894,37461,37461,15956,15468
7664,1,5656,16156,19237,16156,36492
7665,0,6097,16597,16597,20079,12135
7666,0,5907,16407,16407,36221,19092
7667,0,7373,17873,17873,11201,35792
7668,2,2978,13478,38015,36133,13478
7669,0,21796,37257,37257,37581,13476
7670,0,21104,37923,37923,38104,20576
7671,0,6721,17221,17221,13838,11245
7672,0,7842,18342,18342,20904,17246
7673,0,8264,18764,18764,19807,20927
7674,0,24883,37126,37126,36049,34958
7675,0,21902,36071,36071,34733,11381
7676,13,3138,13638,34765,37435,37300
7677,0,8325,18825,18825,13044,17667
7678,0,21443,38856,38856,37302,17152
7679,0,23216,37814,37814,14173,38527
7680,0,25069,35381,35381,19685,38528
7681,0,1826,12326,12326,17608,20632
7682,0,5548,16048,16048,13404,34550
7683,0,8785,19285,19285,10946,36552
7684,0,22656,34877,34877,19815,16244
7685,0,560,11060,11060,34931,18385
7686,0,23327,37330,37330,38045,34992
7687,2,8435,18935,19833,37145,18935
7688,6,5435,15935,19614,19406,12187
7689,0,4437,14937,14937,13729,11603
7690,0,10382,20882,20882,13181,36869
7691,0,8597,19097,19097,13670,34686
7692,0,1442,11942,11942,15042,11711
7693,0,8453,18953,18953,20973,20693
7694,11,4406,14906,16462,37437,18726
7695,4,21596,38263,12897,38463,20563
7696,0,1689,12189,12189,37664,20366
7697,0,21595,38767,38767,16318,34765
7698,0,9917,20417,20417,11711,18274
7699,0,24557,37458,37458,16155,11104
7700,0,5962,16462,16462,14518,17548
7701,1,2496,12996,15476,12996,34699
7702,1,24436,38566,14013,38566,14949
7703,2,340,10840,17304,38296,10840
7704,0,2408,12908,12908,12678,13236
7705,0,9793,20293,20293,17068,12924
7706,0,21787,36471,36471,16375,37414
7707,1,5782,16282,18503,16282,14127
7708,2,4576,15076,20778,11225,15076
7709,2,3725,14225,16415,14364,14225
7710,1,24487,38886,13295,38886,18835
7711,0,2785,13285,13285,15433,20133
7712,0,9715,20215,20215,12316,17490
7713,0,22224,36862,36862,16472,12254
7714,0,25010,38062,38062,38367,18743
7715,0,1012,11512,11512,34467,34496
7716,0,5280,15780,15780,12762,38076
7717,0,4895,15395,15395,13839,16021
7718,0,9958,20458,20458,14706,13729
7719,7,7121,17621,38167,12744,16386
7720,0,6549,17049,17049,14521,14631
7721,1,4037,14537,36776,14537,36720
7722,0,148,10648,10648,36397,11051
7723,0,285,10785,10785,14302,38592
7724,11,22624,38623,15679,15624,17949
7725,1,8555,19055,34808,19055,17931
7726,0,25391,36095,36095,35703,19341
7727,0,21967,36552,36552,16734,37457
7728,0,9732,20232,20232,17782,15690
7729,0,6770,17270,17270,10893,11321
7730,0,4443,14943,14943,12694,35134
7731,0,7446,17946,17946,36655,35923
7732,1,236,10736,20187,10736,35467
7733,0,21741,38353,38353,13117,15826
7734,0,25079,34714,34714,19008,35756
7735,0,7123,17623,17623,15417,16302
7736,14,24512,36468,14698,14094,36582
7737,0,25316,38300,38300,17287,12057
7738,0,3083,13583,13583,36613,11882
7739,11,21228,38336,19424,12760,18476
7740,0,10294,20794,20794,35591,16809
7741,0,632,11132,11132,36835,15929
7742,0,6813,17313,17313,15257,34763
7743,0,2493,12993,12993,16712,18404
7744,0,2665,13165,13165,12537,19831
7745,0,21784,36691,36691,16820,17615
7746,3,23364,36775,13483,20003,16293
7747,0,23355,36573,36573,37835,12656
7748,0,21102,34486,34486,10701,38561
7749,0,10060,20560,20560,20688,10727
7750,60,24673,35771,13980,35590,13470
7751,0,21475,36035,36035,18484,12929
7752,4,24024,36657,34676,35272,18863
7753,0,4211,14711,14711,11412,12704
7754,3,9686,20186,19928,10534,11017
7755,2,22225,34553,15741,17030,34553
7756,0,3874,14374,14374,37145,35986
7757,5,9424,19924,10891,12793,16486
7758,0,21388,34813,34813,36241,38714
7759,0,2817,13317,13317,37534,17588
7760,8,23988,37722,36199,37829,20801
7761,0,21501,38274,38274,20067,37908
7762,1,23114,38681,11837,38681,16272
7763,3,24335,37437,10709,16526,14906
7764,14,7426,17926,38693,38634,37782
7765,0,23626,37621,37621,38247,14209
7766,1,24847,36661,15091,36661,17116
7767,0,21061,35213,35213,36835,11132
7768,1,23708,37773,12499,37773,10586
7769,0,9777,20277,20277,16932,36070
7770,0,1735,12235,12235,34594,34651
7771,0,7397,17897,17897,19961,11937
7772,0,22730,34975,34975,36719,16685
7773,1,4255,14755,37825,14755,17274
7774,12,22429,37835,37468,37714,14832
7775,0,2475,12975,12975,20118,34705
7776,0,23418,34716,34716,34672,35789
7777,106,25145,38934,13375,34879,12783
7778,0,3713,14213,14213,16434,13703
7779,0,23256,37434,37434,18333,12780
7780,0,1804,12304,12304,38023,15048
7781,0,707,11207,11207,37892,10906
7782,0,23005,35198,35198,17986,35196
7783,22,24116,37760,37312,11048,18967
7784,4,5189,15689,20376,38614,14356
7785,0,25127,37013,37013,11774,11342
7786,2,5472,15972,14182,37312,15972
7787,0,72,10572,10572,35331,37176
7788,0,7843,18343,18343,16239,15121
7789,5,5101,15601,15212,17665,19105
7790,0,6764,17264,17264,36703,34715
7791,0,9382,19882,19882,19790,37781
7792,0,25420,34753,34753,34824,19746
7793,0,1125,11625,11625,13310,10511
7794,0,1241,11741,11741,37528,35519
7795,0,21438,36300,36300,38532,16293
7796,0,23359,38128,38128,12310,35640
7797,20,2349,12849,19310,15516,35781
7798,0,22359,35503,35503,35854,12873
7799,0,6602,17102,17102,10701,20017
7800,0,24143,36160,36160,15998,12625
7801,0,6780,17280,17280,36851,18700
7802,0,9769,20269,20269,12615,35240
7803,0,24276,36058,36058,36666,14846
7804,0,21320,35881,35881,15990,11083
7805,0,4358,14858,14858,18358,11303
7806,21,1343,11843,37801,18369,13249
7807,0,24871,38940,38940,16367,11325
7808,0,25484,36986,36986,19071,20228
7809,0,23963,38328,38328,10788,37213
7810,2,8632,19132,17255,15222,19132
7811,0,6652,17152,17152,11878,17362
7812,0,1100,11600,11600,19251,16561
7813,0,23796,34789,34789,13416,36184
7814,1,9160,19660,37315,19660,38484
7815,0,8841,19341,19341,36095,13792
7816,0,9738,20238,20238,17337,13572
7817,7,7327,17827,34572,17506,20270
7818,7,7622,18122,19445,35714,15935
7819,0,987,11487,11487,14578,18562
7820,0,25059,34618,34618,16034,35281
7821,0,2852,13352,13352,19015,14477
7822,0,25323,35655,35655,16362,20765
7823,0,8853,19353,19353,38178,20776
7824,0,630,11130,11130,35722,34736
7825,0,1249,11749,11749,13593,10742
7826,25,3179,13679,12407,34562,15543
7827,1,482,10982,17078,10982,19729
7828,0,9776,20276,20276,13290,37945
7829,1,9654,20154,35595,20154,18147
7830,2,3040,13540,38354,11622,13540
7831,0,5010,15510,15510,14124,13728
7832,0,21227,38859,38859,11112,19298
7833,0,7000,17500,17500,19384,10769
7834,10,3273,13773,14954,13005,16747
7835,4,7227,17727,13377,38382,37333
7836,0,3683,14183,14183,12746,38033
7837,0,6674,17174,17174,20199,35678
7838,0,6807,17307,17307,36076,17867
7839,0,21813,36297,36297,18066,10665
7840,0,22877,38564,38564,14966,14155
7841,2,1316,11816,14797,37289,11816
7842,0,3225,13725,13725,13603,16171
7843,0,1072,11572,11572,16466,11811
7844,1,4815,15315,11127,15315,37997
7845,0,24608,36633,36633,38858,11554
7846,0,23600,34783,34783,11099,18417
7847,0,9852,20352,20352,16906,36062
7848,16,5752,16252,19137,36322,15679
7849,0,22618,34577,34577,34518,16424
7850,0,23601,37683,37683,11943,13383
7851,0,4616,15116,15116,11309,14872
7852,0,3097,13597,13597,13898,38145
7853,0,24084,36128,36128,17100,15890
7854,0,22150,38122,38122,14734,15210
7855,0,6869,17369,17369,20262,16772
7856,0,1300,11800,11800,15685,37545
7857,1,7285,17785,15682,17785,10878
7858,2,6284,16784,16774,19307,16784
7859,0,22633,36586,36586,17055,15163
7860,0,21375,37265,37265,34722,15244
7861,0,5495,15995,15995,12508,19047
7862,0,5291,15791,15791,20234,19842
7863,1,9600,20100,19898,20100,16445
7864,1445,10037,20537,13005,11593,12064
7865,0,1798,12298,12298,13268,19505
7866,0,25208,36109,36109,35678,35164
7867,0,9667,20167,20167,15024,15552
7868,0,5203,15703,15703,38255,13719
7869,1,8227,18727,16339,18727,36877
7870,0,5047,15547,15547,35155,13642
7871,0,6441,16941,16941,12590,17279
7872,3,8636,19136,37545,20645,38754
7873,0,8105,18605,18605,36332,34547
7874,0,2359,12859,12859,36421,13456
7875,0,23938,38040,38040,19849,19476
7876,0,3654,14154,14154,38416,37506
7877,0,7052,17552,17552,13668,12177
7878,0,25317,35331,35331,14119,10572
7879,2,1286,11786,16657,14176,11786
7880,5,21593,37654,18351,16067,17085
7881,2,4445,14945,37191,38918,14945
7882,0,24773,35568,35568,17533,18911
7883,0,2137,12637,12637,37032,35301
7884,0,6787,17287,17287,17522,15661
7885,0,23581,34788,34788,37195,18338
7886,0,25334,36168,36168,16430,19045
7887,0,25221,38692,38692,12634,14806
7888,0,9873,20373,20373,35263,19835
7889,0,23406,38587,38587,35411,38467
7890,0,23814,38546,38546,16299,20376
7891,0,23388,37415,37415,12314,34481
7892,1,6894,17394,10752,17394,34921
7893,0,9884,20384,20384,19877,13317
7894,0,24358,37698,37698,10544,15256
7895,13,22531,34693,35875,19423,18398
7896,0,24194,35787,35787,13182,12237
7897,2,8564,19064,14172,37031,19064
7898,0,7151,17651,17651,34609,37486
7899,0,963,11463,11463,15213,14453
7900,0,6012,16512,16512,19165,12614
7901,0,4882,15382,15382,38785,17625
7902,33,140,10640,16832,34465,38920
7903,0,22925,36006,36006,36069,12631
7904,43,21882,37511,19794,11162,37947
7905,0,8906,19406,19406,11114,19614
7906,0,6936,17436,17436,19819,18752
7907,0,6542,17042,17042,15076,14005
7908,0,5243,15743,15743,19622,17830
7909,0,21959,35340,35340,15341,16585
7910,2,10030,20530,17047,13314,20530
7911,0,4431,14931,14931,16031,11326
7912,0,24782,36484,36484,36542,38663
7913,0,406,10906,10906,19213,37859
7914,0,8212,18712,18712,16325,11544
7915,0,9196,19696,19696,18409,15813
7916,0,24671,36500,36500,35516,36313
7917,0,23343,34563,34563,35295,11711
7918,1,24105,34697,37451,34697,38367
7919,0,25304,37695,37695,20004,35219
7920,1,21057,34542,35223,34542,38855
7921,0,9135,19635,19635,11867,11080
7922,3,8234,18734,15461,17071,13715
7923,0,25340,34982,34982,12209,17627
7924,180,25299,35523,15769,16996,37571
7925,0,21910,35174,35174,35282,20793
7926,0,23695,35516,35516,36500,36324
7927,0,4399,14899,14899,38729,11112
7928,0,5252,15752,15752,38877,18781
7929,4,11,10511,17062,13310,10549
7930,0,4760,15260,15260,11638,20885
7931,0,1177,11677,11677,34498,36892
7932,0,10139,20639,20639,17116,36661
7933,0,24320,34653,34653,35244,14466
7934,0,2863,13363,13363,16006,15028
7935,0,6471,16971,16971,16122,19565
7936,0,23357,36017,36017,16542,15722
7937,6,6228,16728,38874,13556,38201
7938,0,9218,19718,19718,12267,37624
7939,2,23352,36000,18679,35640,36000
7940,0,2989,13489,13489,12265,10841
7941,0,9153,19653,19653,12265,17658
7942,0,22194,35041,35041,14652,34829
7943,0,7117,17617,17617,14139,18465
7944,0,21767,35167,35167,38681,11837
7945,0,7010,17510,17510,17437,34581
7946,0,21974,35490,35490,37871,38135
7947,11,23676,36791,17813,36672,16553
7948,0,23840,35720,35720,13699,10558
7949,0,8927,19427,19427,38240,16699
7950,0,1440,11940,11940,18401,18793
7951,0,23217,38580,38580,11589,16703
7952,10,2875,13375,17799,10986,17879
7953,0,22132,36138,36138,16694,11952
7954,8,9108,19608,14924,15209,38241
7955,0,25184,37612,37612,38536,15470
7956,0,24355,37156,37156,38880,18052
7957,0,23691,36241,36241,36213,16245
7958,0,23322,35299,35299,17573,13093
7959,0,7232,17732,17732,36192,37572
7960,1,3726,14226,10582,14226,38786
7961,2,2772,13272,36825,14994,13272
7962,4,9816,20316,18503,14127,16282
7963,0,454,10954,10954,10569,15813
7964,0,9013,19513,19513,15166,20931
7965,0,8189,18689,18689,10676,14411
7966,0,1367,11867,11867,11174,19635
7967,0,3712,14212,14212,37152,10944
7968,1,22977,38743,12322,38743,37981
7969,0,1388,11888,11888,19632,38789
7970,0,9042,19542,19542,38855,18466
7971,20,1000,11500,34636,37106,17613
7972,2,7761,18261,11680,36636,18261
7973,0,3553,14053,14053,37424,12545
7974,228,4114,14614,14053,15028,38450
7975,0,9829,20329,20329,35218,19521
7976,4,1667,12167,12055,12212,14133
7977,0,3173,13673,13673,11743,14880
7978,0,24885,36993,36993,17022,13294
7979,0,9539,20039,20039,15878,15740
7980,0,23118,38066,38066,12173,15855
7981,0,488,10988,10988,36597,20738
7982,6,3230,13730,17740,36159,15278
7983,0,3828,14328,14328,15746,16311
7984,0,24153,34784,34784,35435,11344
7985,0,24272,36940,36940,20961,11504
7986,12,5208,15708,15074,19560,37193
7987,2899,7848,18348,19147,13463,18330
7988,0,25211,35384,35384,36094,18763
7989,0,5704,16204,16204,36858,14609
7990,0,24993,38427,38427,35825,37494
7991,0,8133,18633,18633,18198,19492
7992,1,703,11203,17788,11203,34744
7993,3,5105,15605,19611,19869,18206
7994,0,24285,37306,37306,13154,37764
7995,2,3291,13791,10798,10540,13791
7996,1,8125,18625,15276,18625,14740
7997,0,24953,35825,35825,36848,16836
7998,0,22865,34560,34560,13813,35511
7999,0,9519,20019,20019,34680,12827
8000,0,21001,38414,38414,14182,38867
8001,0,21356,37496,37496,37500,19342
8002,0,4909,15409,15409,20409,12989
8003,0,4440,14940,14940,19668,16671
8004,0,24397,37623,37623,11973,14453
8005,0,986,11486,11486,35085,15313
8006,18,22677,38225,20977,20421,38831
8007,6,24251,37823,19582,36913,37560
8008,0,22307,38329,38329,14369,10620
8009,0,7705,18205,18205,20814,17694
8010,5,25432,36201,38903,13806,20333
8011,0,6257,16757,16757,17354,34795
8012,0,24388,35637,35637,18051,12671
8013,0,6089,16589,16589,11630,17424
8014,0,22862,34626,34626,19027,34912
8015,0,5238,15738,15738,35397,34719
8016,0,24217,36025,36025,38184,10540
8017,1,1198,11698,12776,11698,36814
8018,0,22496,36333,36333,11887,15088
8019,0,9710,20210,20210,15923,15502
8020,1,23403,37572,10829,37572,36192
8021,7,7519,18019,37672,13375,34879
8022,1,6812,17312,17271,17312,17203
8023,0,9991,20491,20491,35969,11076
8024,0,9206,19706,19706,19140,13367
8025,0,8320,18820,18820,13930,35691
8026,0,9556,20056,20056,14994,36825
8027,0,10225,20725,20725,18983,11773
8028,0,7175,17675,17675,15862,16758
8029,0,4470,14970,14970,15412,12382
8030,0,891,11391,11391,36734,36468
8031,0,22199,34945,34945,11774,19651
8032,0,1969,12469,12469,12163,12793
8033,0,5757,16257,16257,18522,18838
8034,0,6527,17027,17027,15245,35647
8035,0,6294,16794,16794,35640,14330
8036,0,22022,38819,38819,38239,11292
8037,0,7595,18095,18095,14435,15228
8038,0,9110,19610,19610,19584,18977
8039,0,3249,13749,13749,13935,16017
8040,0,6570,17070,17070,14004,13387
8041,0,6638,17138,17138,19039,35288
8042,0,7351,17851,17851,11357,19985
8043,0,23889,37726,37726,38390,19208
8044,0,9400,19900,19900,17741,13897
8045,3,25253,36020,12282,12200,11271
8046,0,7473,17973,17973,35173,36023
8047,0,23199,36464,36464,20389,19299
8048,0,25183,36217,36217,35290,35800
8049,0,23620,37781,37781,10686,36534
8050,0,22580,37820,37820,16209,34705
8051,124,1239,11739,16359,14667,14681
8052,0,2289,12789,12789,37430,10935
8053,0,2740,13240,13240,38804,15181
8054,13,8467,18967,14107,38410,11920
8055,0,4585,15085,15085,36026,34767
8056,0,9227,19727,19727,37450,38865
8057,0,1229,11729,11729,20618,19105
8058,0,9200,19700,19700,15984,10625
8059,0,6980,17480,17480,37801,38853
8060,0,5178,15678,15678,15712,13651
8061,0,21685,35980,35980,18552,37531
8062,0,23543,34684,34684,38096,18710
8063,0,4293,14793,14793,14215,11212
8064,0,1058,11558,11558,14049,17030
8065,0,6262,16762,16762,37827,16606
8066,0,24096,34996,34996,12189,35224
8067,0,281,10781,10781,13239,11496
8068,0,9235,19735,19735,12951,11581
8069,0,9508,20008,20008,18874,19041
8070,0,968,11468,11468,37254,18398
8071,1,23233,34533,18744,34533,36841
8072,10,3953,14453,37222,13339,10966
8073,0,1939,12439,12439,16163,12497
8074,1,24952,36641,14043,36641,11808
8075,0,1274,11774,11774,34945,18468
8076,0,619,11119,11119,13381,34998
8077,0,22704,36709,36709,18975,14306
8078,0,1742,12242,12242,14396,20189
8079,0,1390,11890,11890,38563,34679
8080,0,2203,12703,12703,34815,36157
8081,0,9771,20271,20271,20128,13490
8082,1,9847,20347,17176,20347,37614
8083,0,3568,14068,14068,35270,37914
8084,1,23805,34504,20263,34504,19111
8085,0,10404,20904,20904,18342,15751
8086,0,6116,16616,16616,19843,20930
8087,0,21299,38916,38916,13840,11161
8088,18,6052,16552,12259,11143,38245
8089,0,3178,13678,13678,14636,38453
8090,3,3192,13692,12610,16237,38927
8091,32,9499,19999,19698,36552,37305
8092,0,6099,16599,16599,14742,16399
8093,0,7029,17529,17529,18937,18367
8094,0,575,11075,11075,37406,13389
8095,0,24103,34512,34512,17736,11609
8096,0,6656,17156,17156,35541,34600
8097,0,7115,17615,17615,16820,15050
8098,0,22761,38037,38037,12600,11897
8099,5,6276,16776,11364,38909,14999
8100,0,9472,19972,19972,14998,35374
8101,3,22628,37441,17635,19137,13243
8102,1,23660,35043,14185,35043,34504
8103,0,5897,16397,16397,19863,12447
8104,0,5724,16224,16224,37841,17000
8105,0,10185,20685,20685,18465,37700
8106,0,24391,34791,34791,18091,13499
8107,6,269,10769,13330,12161,37291
8108,1,629,11129,13912,11129,34758
8109,0,21081,35930,35930,35617,37546
8110,0,3081,13581,13581,38172,15191
8111,0,3466,13966,13966,34604,13950
8112,0,6430,16930,16930,19915,15697
8113,0,22312,37940,37940,18732,37313
8114,1,7062,17562,38225,17562,35876
8115,0,23211,36548,36548,15851,13997
8116,0,25403,36175,36175,16017,13749
8117,3,25086,38609,36043,10975,16543
8118,1,5543,16043,11787,16043,17162
8119,2,10238,20738,15203,10988,20738
8120,4,4356,14856,14244,18950,15112
8121,0,23455,37639,37639,36885,35224
8122,0,2113,12613,12613,14229,35867
8123,0,8219,18719,18719,16385,16305
8124,0,10232,20732,20732,18805,16426
8125,0,22123,36080,36080,35111,17178
8126,3,25262,38198,18653,37927,34920
8127,0,3216,13716,13716,35665,35123
8128,3,3814,14314,11964,11234,34832
8129,0,8321,18821,18821,11145,18639
8130,0,24088,36836,36836,13206,19256
8131,0,2278,12778,12778,34945,35530
8132,0,4599,15099,15099,14555,18607
8133,0,13,10513,10513,18537,36086
8134,0,21052,37806,37806,13286,10584
8135,0,1525,12025,12025,37812,11496
8136,0,2365,12865,12865,16736,11397
8137,0,4648,15148,15148,17730,34879
8138,0,23316,35204,35204,34734,10545
8139,0,22770,36157,36157,12703,18234
8140,0,23730,34492,34492,19148,35201
8141,0,374,10874,10874,19594,34803
8142,0,24913,36733,36733,37192,15437
8143,0,6477,16977,16977,37391,36710
8144,0,525,11025,11025,13345,13697
8145,0,9131,19631,19631,14162,16353
8146,0,21046,38620,38620,37727,11434
8147,0,6895,17395,17395,38934,14797
8148,2,10339,20839,13591,34720,20839
8149,0,3591,14091,14091,35208,36024
8150,0,21779,35066,35066,14235,35094
8151,8,7904,18404,37607,19086,37627
8152,0,2958,13458,13458,14397,14382
8153,0,23992,35775,35775,15369,20474
8154,1,529,11029,35141,11029,15973
8155,0,3714,14214,14214,36006,15981
8156,0,4732,15232,15232,13915,15209
8157,0,9461,19961,19961,17201,17279
8158,1,22919,36433,12576,36433,17522
8159,9,1394,11894,12160,12431,16491
8160,0,23985,36161,36161,10682,10706
8161,0,24822,36542,36542,38663,10711
8162,0,9989,20489,20489,37394,15532
8163,0,25057,35131,35131,12342,11909
8164,0,9633,20133,20133,13285,36118
8165,0,22286,34534,34534,12511,12069
8166,41,22997,38754,11884,19546,17835
8167,0,25322,35963,35963,14371,11879
8168,0,5631,16131,16131,35579,10566
8169,0,9465,19965,19965,38725,19042
8170,0,6563,17063,17063,34487,18707
8171,2,4703,15203,36597,38053,15203
8172,1,1712,12212,12055,12212,14133
8173,0,24077,38595,38595,36529,12216
8174,1,955,11455,20357,11455,14580
8175,0,6675,17175,17175,13331,35979
8176,0,3453,13953,13953,15881,37657
8177,0,9579,20079,20079,13727,15050
8178,2,22528,38046,20462,11337,38046
8179,2,8595,19095,14896,12656,19095
8180,19,2071,12571,34585,14083,36964
8181,0,23996,38568,38568,38144,37841
8182,1,10169,20669,20581,20669,35088
8183,0,158,10658,10658,14643,10569
8184,0,7005,17505,17505,18201,15851
8185,0,21016,36040,36040,12119,19511
8186,6,9094,19594,34803,10874,16111
8187,0,352,10852,10852,36680,34674
8188,0,6078,16578,16578,37862,35489
8189,0,6236,16736,16736,17656,36831
8190,0,22805,36282,36282,17044,11130
8191,0,8946,19446,19446,35440,35025
8192,0,22252,35123,35123,10771,16040
8193,2,24376,38924,12396,17429,38924
8194,0,2920,13420,13420,20883,20607
8195,17,8503,19003,11135,38957,11309
8196,0,4644,15144,15144,35190,14697
8197,0,661,11161,11161,10735,20839
8198,0,7057,17557,17557,38133,37331
8199,0,10181,20681,20681,15032,10737
8200,0,3665,14165,14165,20678,14739
8201,0,7979,18479,18479,35649,35524
8202,0,306,10806,10806,17663,12562
8203,0,24544,34487,34487,18707,11656
8204,1,4790,15290,12361,15290,37922
8205,0,2356,12856,12856,13050,15710
8206,0,21850,35854,35854,12873,36764
8207,12,23895,35956,14583,38554,18822
8208,3,1927,12427,38440,11552,35405
8209,0,21927,37970,37970,37968,35761
8210,0,3427,13927,13927,19960,13497
8211,0,8941,19441,19441,15704,38126
8212,0,3638,14138,14138,18640,37007
8213,0,23637,36720,36720,10501,37464
8214,322,1266,11766,35942,13005,10758
8215,5,1560,12060,16548,13061,16378
8216,25,23212,38031,18415,34815,12703
8217,0,21698,35747,35747,12517,15236
8218,0,10326,20826,20826,15701,11529
8219,29,7179,17679,15510,16096,14124
8220,13,4109,14609,16204,38863,18175
8221,0,7867,18367,18367,19414,17529
8222,0,4904,15404,15404,13548,35273
8223,2,7294,17794,35875,14650,17794
8224,0,514,11014,11014,37060,38920
8225,0,894,11394,11394,35137,35742
8226,6,8601,19101,10838,11659,11592
8227,0,21,10521,10521,17648,37027
8228,0,22965,35537,35537,17502,17275
8229,0,24912,38874,38874,36766,14182
8230,0,899,11399,11399,14949,14013
8231,7,207,10707,16073,12653,17966
8232,0,458,10958,10958,14172,16530
8233,0,10246,20746,20746,35955,37800
8234,0,2430,12930,12930,16196,35927
8235,0,8442,18942,18942,38714,34813
8236,0,22489,36358,36358,13681,20723
8237,0,9299,19799,19799,36272,37343
8238,7,3389,13889,36791,10848,37367
8239,0,9905,20405,20405,36124,12963
8240,0,3911,14411,14411,15917,20821
8241,0,5383,15883,15883,36773,11301
8242,0,8907,19407,19407,11416,36060
8243,23,552,11052,35875,14650,36167
8244,0,9631,20131,20131,36825,20056
8245,0,10462,20962,20962,15428,10687
8246,0,3144,13644,13644,37706,20017
8247,0,6917,17417,17417,16319,36336
8248,0,2056,12556,12556,15766,13534
8249,0,1925,12425,12425,20380,35052
8250,343,634,11134,18175,11700,37915
8251,0,6082,16582,16582,14006,16083
8252,0,8508,19008,19008,36582,34714
8253,0,22870,37881,37881,12177,36489
8254,0,24403,38483,38483,11441,10693
8255,1,8619,19119,35771,19119,10744
8256,0,22661,36843,36843,19752,36012
8257,1,105,10605,12225,10605,17348
8258,0,3041,13541,13541,18821,11145
8259,0,21526,36390,36390,36668,17643
8260,3,10361,20861,10713,17214,11162
8261,0,1709,12209,12209,34982,34924
8262,0,89,10589,10589,35156,18065
8263,0,7014,17514,17514,11306,35525
8264,0,10433,20933,20933,20751,10678
8265,63,3174,13674,36521,36022,36633
8266,0,917,11417,11417,18127,20886
8267,1,7833,18333,11174,18333,20160
8268,0,6732,17232,17232,20295,19136
8269,0,1949,12449,12449,15928,19618
8270,0,23783,36196,36196,37636,35783
8271,0,25280,35000,35000,18388,37263
8272,3,6368,16868,36460,37383,19507
8273,0,1,10501,10501,36720,17173
8274,0,8032,18532,18532,13367,19586
8275,0,23102,36489,36489,36053,14336
8276,0,6047,16547,16547,37376,17604
8277,0,9127,19627,19627,13681,20723
8278,25,24353,37788,37099,36878,12655
8279,2,2720,13220,16325,37821,13220
8280,0,8783,19283,19283,36103,13322
8281,0,22720,38677,38677,20773,35087
8282,42,3117,13617,13148,17183,14150
8283,0,24233,35088,35088,20581,20669
8284,1,22261,38174,20213,38174,13861
8285,0,23191,34600,34600,17156,35541
8286,0,9768,20268,20268,17375,20262
8287,0,3762,14262,14262,18820,35951
8288,2,213,10713,11162,13339,10713
8289,3,778,11278,16795,35498,19841
8290,0,3496,13996,13996,37247,20946
8291,0,22928,37195,37195,38218,15214
8292,1,2043,12543,12221,12543,36878
8293,0,8920,19420,19420,34825,36403
8294,0,5420,15920,15920,12861,13461
8295,0,6154,16654,16654,16241,12156
8296,0,9759,20259,20259,12862,18916
8297,0,8357,18857,18857,13311,36928
8298,0,24726,35718,35718,20227,12313
8299,1,24675,37032,12637,37032,17523
8300,0,22847,36585,36585,35967,20536
8301,0,10205,20705,20705,35014,35794
8302,0,8465,18965,18965,20796,11599
8303,0,21837,36012,36012,18141,11723
8304,22,4167,14667,18638,38659,18064
8305,1,21183,34920,19699,34920,36550
8306,0,3788,14288,14288,20335,11819
8307,41,8586,19086,38405,20510,18264
8308,0,583,11083,11083,36719,36211
8309,0,21035,38830,38830,38695,16327
8310,27,25479,38936,10766,35868,17074
8311,1,116,10616,36501,10616,19718
8312,0,6644,17144,17144,36191,16845
8313,0,23273,37512,37512,11330,37673
8314,0,24510,38888,38888,34725,14870
8315,33,21861,38614,17071,14954,14436
8316,0,21541,37402,37402,13135,37403
8317,50,8712,19212,16510,15991,13659
8318,0,1763,12263,12263,37095,38309
8319,0,1875,12375,12375,18832,12359
8320,1,25346,36117,11154,36117,35009
8321,0,24482,35496,35496,15365,13509
8322,0,10445,20945,20945,17831,15609
8323,0,3224,13724,13724,34538,34539
8324,51,526,11026,34478,38390,12681
8325,1,7725,18225,15562,18225,35540
8326,0,2946,13446,13446,10567,20484
8327,0,4473,14973,14973,15174,12463
8328,0,25081,36051,36051,13899,17738
8329,0,5655,16155,16155,37458,12648
8330,0,8884,19384,19384,17500,10769
8331,0,6059,16559,16559,20988,36214
8332,0,959,11459,11459,38012,38443
8333,0,22647,36596,36596,37755,13650
8334,0,6342,16842,16842,35311,17241
8335,0,3633,14133,14133,12212,12055
8336,0,1050,11550,11550,16419,14218
8337,0,8782,19282,19282,37400,16740
8338,0,8711,19211,19211,14414,15772
8339,1,3380,13880,10658,13880,35557
8340,0,3676,14176,14176,12783,11179
8341,0,5776,16276,16276,20305,14848
8342,0,25499,37529,37529,19511,38448
8343,0,6573,17073,17073,16564,18681
8344,0,5179,15679,15679,15265,15555
8345,0,1607,12107,12107,14857,16593
8346,0,3610,14110,14110,10663,37049
8347,0,24690,38598,38598,13030,13222
8348,1,6635,17135,15281,17135,13006
8349,1,21445,38957,19741,38957,18036
8350,0,10001,20501,20501,37737,19252
8351,0,791,11291,11291,14006,35983
8352,3,8984,19484,36916,19295,36844
8353,1,3056,13556,38201,13556,35509
8354,0,10047,20547,20547,34744,36576
8355,2,1980,12480,14462,16205,12480
8356,0,21630,35385,35385,14763,20106
8357,2,3598,14098,18635,20530,14098
8358,0,933,11433,11433,16399,19521
8359,12,21213,36115,19742,38844,13389
8360,0,21125,36853,36853,36279,37668
8361,3,7424,17924,34661,10724,34737
8362,2,5626,16126,12898,35381,16126
8363,0,1682,12182,12182,36880,16368
8364,1,4179,14679,37060,14679,17920
8365,0,24926,36178,36178,14876,13622
8366,3,6446,16946,12910,20013,36860
8367,0,4116,14616,14616,34627,36481
8368,0,988,11488,11488,15398,19210
8369,0,22193,35663,35663,16304,18793
8370,0,22638,35605,35605,13439,16129
8371,0,2896,13396,13396,14043,36641
8372,0,3778,14278,14278,37812,19915
8373,0,5658,16158,16158,35521,35990
8374,0,24846,35682,35682,11325,18287
8375,1,3093,13593,20421,13593,10742
8376,0,3155,13655,13655,12410,16563
8377,0,22801,35353,35353,11811,16874
8378,0,1823,12323,12323,36659,12110
8379,2,23780,38405,12793,20380,38405
8380,0,1098,11598,11598,14706,36183
8381,0,10396,20896,20896,18811,17555
8382,0,2844,13344,13344,37747,14053
8383,0,9078,19578,19578,13732,19182
8384,0,3342,13842,13842,15688,14443
8385,0,38,10538,10538,17746,12259
8386,1,6540,17040,35512,17040,12717
8387,43,23427,37994,15711,37031,14172
8388,0,8707,19207,19207,18720,18382
8389,2,3356,13856,36298,14712,13856
8390,0,9645,20145,20145,35860,34977
8391,0,24614,35705,35705,19987,37315
8392,0,24246,35761,35761,19698,14330
8393,0,23158,36817,36817,14533,38734
8394,2,25013,34658,34657,13679,34658
8395,38,22491,35146,17864,13021,34948
8396,4,23012,36151,37473,37312,10897
8397,0,7813,18313,18313,35164,17767
8398,0,23019,38551,38551,20539,36772
8399,0,9098,19598,19598,10554,19271
8400,3,8220,18720,15467,20372,36670
8401,0,22056,37808,37808,37245,13880
8402,0,21237,34659,34659,38571,11114
8403,0,2428,12928,12928,17951,16852
8404,1,5043,15543,34562,15543,36036
8405,0,5346,15846,15846,35880,15079
8406,0,8954,19454,19454,16340,11929
8407,0,23836,35899,35899,14728,18484
8408,0,4811,15311,15311,17144,15508
8409,0,8476,18976,18976,19718,36134
8410,0,686,11186,11186,16367,38940
8411,0,4799,15299,15299,12313,35718
8412,22,7437,17937,11166,14797,12908
8413,1,2353,12853,18173,12853,15657
8414,0,6353,16853,16853,10701,36037
8415,0,21407,37365,37365,15928,19992
8416,0,4569,15069,15069,16816,12843
8417,0,8213,18713,18713,14908,15336
8418,0,2752,13252,13252,35846,16932
8419,0,9077,19577,19577,35016,10642
8420,0,8073,18573,18573,16984,16134
8421,0,9109,19609,19609,17114,34626
8422,0,1040,11540,11540,13950,34604
8423,0,7491,17991,17991,18578,17634
8424,0,1265,11765,11765,17735,38244
8425,0,24857,36731,36731,11667,15125
8426,0,25450,37871,37871,35490,38135
8427,1,7059,17559,13322,17559,36103
8428,0,277,10777,10777,20997,17172
8429,0,5084,15584,15584,12527,13033
8430,0,10276,20776,20776,38178,19353
8431,0,9437,19937,19937,38104,18758
8432,0,2382,12882,12882,35185,13255
8433,0,571,11071,11071,17547,38186
8434,0,1435,11935,11935,11146,18402
8435,0,21135,36054,36054,11070,38689
8436,0,9439,19939,19939,15017,36683
8437,6,5352,15852,14719,12756,15467
8438,0,22802,36833,36833,19561,35256
8439,0,22826,35678,35678,17174,11992
8440,0,24174,34666,34666,35640,12310
8441,1,5445,15945,36703,15945,35972
8442,0,1007,11507,11507,36635,19620
8443,0,4543,15043,15043,16958,17803
8444,0,25396,37715,37715,38270,35749
8445,17,24621,37876,15467,20372,13697
8446,0,2064,12564,12564,16702,36453
8447,1,1136,11636,19331,11636,38306
8448,0,9882,20382,20382,15095,13810
8449,0,21998,37849,37849,17091,37194
8450,0,5343,15843,15843,17328,12577
8451,0,10177,20677,20677,13952,35650
8452,0,294,10794,10794,37119,35022
8453,3,9739,20239,16019,38059,15824
8454,0,10204,20704,20704,10768,14397
8455,0,8780,19280,19280,19831,12775
8456,0,22505,35481,35481,20502,16424
8457,0,2403,12903,12903,18763,36612
8458,0,10321,20821,20821,34701,14411
8459,0,3998,14498,14498,15888,19759
8460,34,24541,37959,37955,38934,11548
8461,1,3741,14241,35078,14241,20221
8462,1,24607,35660,35614,35660,13118
8463,0,23589,38082,38082,11658,17586
8464,0,2719,13219,13219,38062,35163
8465,0,25335,37774,37774,13863,17102
8466,0,25181,36673,36673,19391,37051
8467,0,5150,15650,15650,13016,11004
8468,1,2808,13308,37208,13308,14507
8469,0,9017,19517,19517,16107,35462
8470,0,556,11056,11056,35739,12533
8471,1,23185,37354,11171,37354,18214
8472,23,4795,15295,10640,18370,35044
8473,4,2469,12969,19976,12393,20554
8474,0,3738,14238,14238,20777,35239
8475,0,4286,14786,14786,38645,10615
8476,0,22479,36603,36603,34563,35590
8477,2,9908,20408,17961,38702,20408
8478,0,2604,13104,13104,36345,19683
8479,2,362,10862,10945,20294,10862
8480,1,6924,17424,16589,17424,11630
8481,0,1704,12204,12204,12254,36862
8482,5,2139,12639,36916,19295,36844
8483,0,3239,13739,13739,36864,12381
8484,2,2383,12883,36213,12899,12883
8485,0,7314,17814,17814,14680,14239
8486,0,4311,14811,14811,19999,13946
8487,0,9477,19977,19977,35206,16698
8488,0,1312,11812,11812,12618,15723
8489,1,23474,38110,17468,38110,17109
8490,0,3930,14430,14430,11242,14370
8491,0,6183,16683,16683,35158,37438
8492,47,23137,37541,37196,18639,16996
8493,0,1591,12091,12091,18495,16841
8494,0,22622,38049,38049,37875,37173
8495,0,2162,12662,12662,36190,15271
8496,1,2396,12896,34915,12896,19892
8497,0,317,10817,10817,17439,18659
8498,0,9516,20016,20016,16579,17398
8499,0,22398,35263,35263,20373,35264
8500,1,5233,15733,10783,15733,15834
8501,0,23590,37320,37320,11093,10912
8502,0,5068,15568,15568,14740,15276
8503,5,4036,14536,14137,16823,13636
8504,77,8987,19487,37239,16241,18386
8505,2,3020,13520,18237,19251,13520
8506,0,9903,20403,20403,17524,18210
8507,0,23557,35539,35539,13013,15005
8508,2,8228,18728,10760,37299,18728
8509,0,22797,36701,36701,35484,17601
8510,1,9105,19605,18722,19605,17363
8511,0,5295,15795,15795,15204,12537
8512,0,3972,14472,14472,35956,19332
8513,0,5370,15870,15870,15756,35962
8514,1,4133,14633,10796,14633,15132
8515,0,974,11474,11474,12838,17498
8516,5,7291,17791,11922,18937,20378
8517,0,9175,19675,19675,20365,37607
8518,2,954,11454,14483,20336,11454
8519,1,9610,20110,37526,20110,11816
8520,0,9752,20252,20252,13258,15776
8521,0,23459,36287,36287,17948,16578
8522,1,22078,37308,18056,37308,14473
8523,0,23510,36417,36417,14681,14161
8524,37,9547,20047,20046,15340,35367
8525,0,23635,38083,38083,34463,12693
8526,0,5016,15516,15516,35781,13838
8527,3,25136,38554,17504,17090,17951
8528,0,9179,19679,19679,36198,38015
8529,0,22231,34834,34834,38173,20283
8530,0,7490,17990,17990,12797,12795
8531,1,1640,12140,13148,12140,14182
8532,1,1290,11790,11865,11790,34953
8533,1,22269,35833,13021,35833,18707
8534,0,1380,11880,11880,10992,11716
8535,0,1933,12433,12433,17145,37038
8536,66,4675,15175,19698,17248,12360
8537,0,23544,37671,37671,13367,18775
8538,0,21373,35312,35312,19407,13540
8539,0,10222,20722,20722,14263,11724
8540,0,892,11392,11392,15499,19346
8541,1,7287,17787,11692,17787,38225
8542,6,4876,15376,38306,37106,14025
8543,0,25284,36221,36221,15388,14672
8544,39,7906,18406,37560,12055,11795
8545,0,24019,36407,36407,11796,11689
8546,0,8194,18694,18694,11393,35728
8547,0,22566,38039,38039,20433,10744
8548,0,10301,20801,20801,35272,16053
8549,0,9041,19541,19541,38210,12486
8550,0,23978,34889,34889,17061,11288
8551,3,2466,12966,12527,13425,20915
8552,0,7657,18157,18157,15740,37286
8553,1,10106,20606,13340,20606,13481
8554,0,9788,20288,20288,14157,38587
8555,4,1913,12413,18161,38674,38929
8556,0,22659,35322,35322,15067,19064
8557,1,2736,13236,17428,13236,12678
8558,0,726,11226,11226,14518,12319
8559,0,7214,17714,17714,38283,35505
8560,0,8245,18745,18745,16137,11412
8561,0,1796,12296,12296,18561,19245
8562,0,3845,14345,14345,18990,18774
8563,0,6402,16902,16902,35584,18822
8564,57,23548,34705,35506,14427,18897
8565,0,24519,34952,34952,35839,19788
8566,0,936,11436,11436,15136,12031
8567,2,2265,12765,19299,37755,12765
8568,0,824,11324,11324,17874,38331
8569,28,25455,36473,14112,19709,12004
8570,0,7274,17774,17774,11475,36069
8571,0,22521,35553,35553,20030,14974
8572,0,1389,11889,11889,36455,37306
8573,0,3564,14064,14064,18472,19112
8574,0,9076,19576,19576,18689,13471
8575,0,5429,15929,15929,20918,15707
8576,0,7827,18327,18327,16665,17146
8577,2,5690,16190,14789,13711,16190
8578,0,22739,37019,37019,14385,20546
8579,0,7878,18378,18378,14128,36412
8580,325,1868,12368,16717,11505,37359
8581,8,8202,18702,37835,20999,20416
8582,0,24718,35567,35567,14832,37714
8583,0,7486,17986,17986,14918,35196
8584,0,9655,20155,20155,14367,36263
8585,0,806,11306,11306,35525,19797
8586,0,4805,15305,15305,19119,15503
8587,0,22922,37207,37207,10567,15355
8588,0,24177,36220,36220,16519,38162
8589,0,10300,20800,20800,19431,11668
8590,0,22600,37692,37692,36879,19638
8591,0,21911,38896,38896,18356,20992
8592,19,10426,20926,36653,18750,17066
8593,0,9155,19655,19655,11769,14776
8594,0,7511,18011,18011,36669,13962
8595,0,8056,18556,18556,35511,35510
8596,0,4494,14994,14994,13272,36825
8597,3,2632,13132,12109,14770,13143
8598,0,24343,37316,37316,14268,14305
8599,0,8896,19396,19396,13592,14485
8600,10,8623,19123,19295,36916,16453
8601,0,7832,18332,18332,36444,16010
8602,3,4388,14888,12415,38186,36893
8603,11,145,10645,13463,10946,18027
8604,0,6467,16967,16967,36879,37573
8605,4,2033,12533,35739,37378,13136
8606,0,24945,37655,37655,20935,20526
8607,0,1165,11665,11665,13957,18650
8608,0,24837,35652,35652,12101,20737
8609,0,2050,12550,12550,20271,16110
8610,0,3760,14260,14260,17579,20075
8611,0,22836,34776,34776,34812,19952
8612,0,23471,36636,36636,37593,12703
8613,1,4435,14935,11559,14935,13625
8614,0,3430,13930,13930,36048,12207
8615,0,8190,18690,18690,36985,13843
8616,0,21220,37109,37109,11520,16610
8617,0,7069,17569,17569,18653,38198
8618,0,4361,14861,14861,36864,19093
8619,0,24584,34576,34576,10802,14142
8620,3,9454,19954,11656,18707,13150
8621,0,1771,12271,12271,34686,19284
8622,4,3511,14011,20388,16386,13463
8623,3,271,10771,37771,13373,11451
8624,0,24499,36944,36944,36863,35934
8625,0,21690,38927,38927,12610,16029
8626,0,8436,18936,18936,15191,36099
8627,0,21966,36565,36565,37098,19093
8628,0,23506,36724,36724,11201,17873
8629,0,2032,12532,12532,35489,38664
8630,0,21661,36276,36276,11314,35685
8631,2,9005,19505,12298,37541,19505
8632,1,22484,38463,14565,38463,20563
8633,1,3810,14310,38595,14310,13175
8634,145,21584,37430,19628,20612,12365
8635,8,9996,20496,37114,35409,12760
8636,0,24433,38793,38793,10814,12438
8637,0,4346,14846,14846,36058,10776
8638,0,21881,34613,34613,35037,17023
8639,0,545,11045,11045,20074,38605
8640,1,3241,13741,36206,13741,17231
8641,361,8930,19430,38203,16569,19698
8642,0,8502,19002,19002,35891,12932
8643,1,22007,35673,11389,35673,34822
8644,0,9323,19823,19823,13461,37322
8645,3,23361,38838,35124,20997,10777
8646,0,24345,36263,36263,35753,35689
8647,0,24053,34921,34921,17394,10752
8648,0,7564,18064,18064,16580,17030
8649,0,920,11420,11420,14915,14235
8650,0,25464,37643,37643,11853,34808
8651,4,24221,35739,13136,11056,12533
8652,0,6640,17140,17140,12487,11237
8653,0,24289,36111,36111,36333,38209
8654,0,7694,18194,18194,35364,12300
8655,2,8230,18730,11004,10889,18730
8656,0,22164,36611,36611,17281,13329
8657,0,7126,17626,17626,18550,17055
8658,6,4278,14778,14749,38463,37744
8659,22,2983,13483,35122,11901,13854
8660,0,130,10630,10630,13387,14122
8661,0,7980,18480,18480,12541,14952
8662,0,2667,13167,13167,20404,14283
8663,0,7138,17638,17638,15824,18298
8664,0,3223,13723,13723,15521,15199
8665,0,9374,19874,19874,15016,19163
8666,3,7693,18193,11843,18369,18079
8667,0,5392,15892,15892,15048,36005
8668,5,614,11114,36434,15935,19614
8669,6,24637,38816,12045,13956,18218
8670,0,1466,11966,11966,37798,15263
8671,0,4497,14997,14997,11881,13964
8672,0,3042,13542,13542,18111,16241
8673,0,9126,19626,19626,36223,19990
8674,1,2419,12919,11405,12919,19995
8675,0,5085,15585,15585,13668,37386
8676,0,3294,13794,13794,35270,14068
8677,1,6737,17237,12997,17237,16029
8678,0,1500,12000,12000,20648,11195
8679,0,21544,36974,36974,37559,36002
8680,0,9018,19518,19518,20292,36060
8681,6,1521,12021,14565,12897,14749
8682,0,21163,37642,37642,14741,34572
8683,0,22405,35082,35082,34518,34577
8684,0,4232,14732,14732,20882,13181
8685,0,7686,18186,18186,13110,38073
8686,0,8820,19320,19320,18052,17880
8687,0,4430,14930,14930,38955,15472
8688,0,23372,36005,36005,14041,35678
8689,36,390,10890,13165,20740,36075
8690,0,25399,36497,36497,12723,38699
8691,0,23997,38756,38756,37136,35530
8692,0,7124,17624,17624,15337,12058
8693,0,5913,16413,16413,35100,19051
8694,0,23964,36142,36142,10871,16367
8695,0,8592,19092,19092,38062,35224
8696,2,4806,15306,12563,38824,15306
8697,54,24474,37394,13677,20901,11961
8698,1,25423,35511,18556,35511,38892
8699,0,8238,18738,18738,35513,20554
8700,0,8044,18544,18544,38763,14329
8701,8,25325,38636,12215,12532,35999
8702,0,3993,14493,14493,13079,38886
8703,0,22281,35794,35794,20705,19346
8704,0,24649,35878,35878,35132,18061
8705,5,22845,38290,13395,18613,18459
8706,2,6609,17109,11628,38248,17109
8707,0,5319,15819,15819,18417,35076
8708,0,25032,38725,38725,19965,16440
8709,0,7119,17619,17619,37517,17534
8710,3,2421,12921,38416,20644,14024
8711,0,5604,16104,16104,37866,13865
8712,0,1750,12250,12250,12793,17962
8713,0,24004,38695,38695,38830,16327
8714,0,24503,37490,37490,37077,16288
8715,0,23662,36214,36214,19768,16559
8716,0,21048,38536,38536,15470,37612
8717,0,338,10838,10838,11659,38029
8718,0,8407,18907,18907,15781,37857
8719,0,23088,35815,35815,11104,37270
8720,0,1341,11841,11841,18026,17077
8721,0,22933,38281,38281,38896,17165
8722,0,7982,18482,18482,19448,36888
8723,0,24619,36046,36046,38018,37885
8724,0,3640,14140,14140,16641,18242
8725,0,329,10829,10829,37572,36192
8726,0,21524,37211,37211,14097,14641
8727,0,3004,13504,13504,15795,17876
8728,0,6960,17460,17460,13415,36590
8729,0,4090,14590,14590,11473,14486
8730,3,23533,35267,16667,36954,11624
8731,0,9828,20328,20328,19217,13367
8732,31,2322,12822,19730,38219,38543
8733,3,6667,17167,17488,38634,38693
8734,0,7009,17509,17509,38643,16144
8735,0,4197,14697,14697,13701,35190
8736,0,3549,14049,14049,19562,12058
8737,0,9650,20150,20150,35777,12193
8738,0,8363,18863,18863,37722,20801
8739,0,4203,14703,14703,38512,20408
8740,0,25339,37938,37938,20376,15042
8741,0,24990,35721,35721,35190,14697
8742,0,25005,36378,36378,36151,15972
8743,0,21520,37369,37369,12641,20981
8744,0,22097,38363,38363,14487,10609
8745,1,6185,16685,19593,16685,14127
8746,0,1639,12139,12139,20693,19997
8747,0,9130,19630,19630,37092,34512
8748,0,60,10560,10560,13042,38957
8749,0,1240,11740,11740,14721,13588
8750,0,5760,16260,16260,37160,13758
8751,0,5136,15636,15636,36103,17133
8752,1,2343,12843,36418,12843,13784
8753,0,2120,12620,12620,38015,36671
8754,0,1524,12024,12024,38612,17168
8755,0,7617,18117,18117,18378,13355
8756,0,153,10653,10653,35055,35551
8757,3,481,10981,11835,18274,37855
8758,0,6122,16622,16622,38763,19855
8759,0,23342,36612,36612,14282,17248
8760,0,7674,18174,18174,19512,11776
8761,0,7101,17601,17601,36701,11577
8762,0,22684,36072,36072,17470,36172
8763,0,1762,12262,12262,12195,38585
8764,27,8942,19442,19872,10805,11040
8765,0,7715,18215,18215,35080,18178
8766,6,9977,20477,37958,15011,16234
8767,0,24636,37588,37588,19359,15094
8768,0,7479,17979,17979,35556,35130
8769,0,6212,16712,16712,12993,18404
8770,0,21487,36653,36653,18988,34585
8771,0,4853,15353,15353,15471,17874
8772,0,2711,13211,13211,38704,13928
8773,0,6766,17266,17266,38181,37839
8774,4,4150,14650,35875,15606,36167
8775,0,25485,36345,36345,19683,13104
8776,1,1333,11833,37493,11833,36853
8777,0,23761,38084,38084,35621,12354
8778,0,22595,35006,35006,16783,10518
8779,0,8378,18878,18878,17996,15826
8780,0,9328,19828,19828,14413,14096
8781,0,24450,38052,38052,11912,38229
8782,0,24785,38519,38519,20685,38295
8783,0,10250,20750,20750,11326,16593
8784,49,22421,38734,11861,11131,13556
8785,0,3850,14350,14350,11446,20884
8786,0,8340,18840,18840,20553,36836
8787,0,4124,14624,14624,17485,13738
8788,0,24549,37041,37041,34477,18342
8789,0,24956,37410,37410,38491,15845
8790,0,23733,35515,35515,11709,13134
8791,0,4788,15288,15288,17791,12579
8792,2,2866,13366,15661,18766,13366
8793,0,24025,35928,35928,18484,15123
8794,3,1386,11886,37464,36720,10501
8795,21,5941,16441,17480,37801,12113
8796,23,3067,13567,35871,13445,36636
8797,0,23935,37555,37555,17884,35581
8798,0,3629,14129,14129,15703,38255
8799,0,23706,38159,38159,16200,15338
8800,0,24003,36949,36949,34729,19515
8801,0,23551,37387,37387,19214,19112
8802,0,3028,13528,13528,20374,34720
8803,351,2969,13469,16747,15615,11005
8804,0,22166,35624,35624,11588,15079
8805,2,9900,20400,18736,11463,20400
8806,0,22718,35105,35105,12659,36016
8807,0,8646,19146,19146,20874,18837
8808,0,6136,16636,16636,16758,15071
8809,1,8801,19301,17597,19301,38113
8810,0,4263,14763,14763,34848,36004
8811,0,23340,36978,36978,15518,15327
8812,3,645,11145,13541,18821,16377
8813,12,23934,38450,37299,38599,10997
8814,0,2074,12574,12574,15355,10567
8815,0,24748,36204,36204,19936,15320
8816,0,341,10841,10841,13489,17854
8817,3,8041,18541,13980,13470,17571
8818,0,1622,12122,12122,14993,18417
8819,0,24410,36835,36835,35213,11132
8820,0,7141,17641,17641,35125,19074
8821,3,5796,16296,16836,38404,15657
8822,0,7184,17684,17684,35654,35221
8823,0,22256,37962,37962,15505,35944
8824,0,8232,18732,18732,38308,15617
8825,0,5475,15975,15975,12260,36245
8826,0,10281,20781,20781,17891,12058
8827,0,23169,36076,36076,15345,35707
8828,0,10367,20867,20867,19812,36200
8829,0,21795,37853,37853,14698,35058
8830,0,74,10574,10574,10704,18173
8831,0,21241,38802,38802,10510,38564
8832,0,23289,38855,38855,35223,34542
8833,0,21514,34809,34809,10682,10706
8834,0,22710,35332,35332,12375,12359
8835,0,10268,20768,20768,18033,36423
8836,0,8633,19133,19133,15927,20645
8837,14,21692,37812,12025,16367,16930
8838,0,2051,12551,12551,38211,10701
8839,0,2541,13041,13041,35528,17857
8840,1,1301,11801,16749,11801,19644
8841,0,5877,16377,16377,17670,35582
8842,0,7368,17868,17868,15225,11491
8843,0,22875,35582,35582,19986,16230
8844,0,1304,11804,11804,17579,19734
8845,0,8428,18928,18928,19069,38691
8846,0,22789,37605,37605,34889,14242
8847,0,2599,13099,13099,16474,19215
8848,0,24000,36768,36768,11070,18304
8849,0,2573,13073,13073,14240,19888
8850,0,23318,35432,35432,11538,34824
8851,1,3186,13686,38561,13686,15636
8852,0,21314,36105,36105,34553,15638
8853,3,2768,13268,38560,11625,17062
8854,0,4831,15331,15331,13321,37182
8855,0,4223,14723,14723,19053,37959
8856,5,23228,38443,35098,11459,12504
8857,0,2106,12606,12606,14978,36655
8858,0,2679,13179,13179,37144,19948
8859,0,24924,34913,34913,18049,11784
8860,0,24642,36840,36840,16100,20429
8861,0,1387,11887,11887,35832,36069
8862,0,22159,38477,38477,36741,19320
8863,0,24665,38206,38206,36237,12933
8864,0,25146,37361,37361,36687,11703
8865,0,24220,38458,38458,37441,11878
8866,0,7083,17583,17583,10800,19359
8867,1,23792,37324,38509,37324,37138
8868,0,21587,37152,37152,13072,10944
8869,5,1279,11779,12524,17214,12681
8870,1,22024,37181,13387,37181,19665
8871,0,804,11304,11304,36534,37781
8872,0,1555,12055,12055,14133,12212
8873,0,24937,38200,38200,19879,12225
8874,0,21841,35342,35342,13130,14220
8875,6,4566,15066,36954,35267,16667
8876,0,23763,36954,36954,15387,16667
8877,23,22518,38471,14799,38614,18027
8878,0,4841,15341,15341,11464,13026
8879,0,3594,14094,14094,15063,16217
8880,0,6035,16535,16535,11008,15093
8881,0,6852,17352,17352,12725,15472
8882,0,10112,20612,20612,20074,18920
8883,0,8705,19205,19205,12278,13940
8884,0,4177,14677,14677,34607,13464
8885,0,1308,11808,11808,36641,14043
8886,3,9106,19606,38882,14096,14343
8887,83,3452,13952,34465,18672,11720
8888,2,3695,14195,14972,14885,14195
8889,0,4242,14742,14742,16599,19939
8890,0,22284,35308,35308,38672,17461
8891,0,2198,12698,12698,16932,36070
8892,0,8966,19466,19466,38466,18000
8893,0,4425,14925,14925,37034,17243
8894,0,6150,16650,16650,13118,19734
8895,0,943,11443,11443,15072,35819
8896,0,822,11322,11322,19187,14122
8897,0,5005,15505,15505,14437,37962
8898,0,6612,17112,17112,35674,18931
8899,0,23508,36429,36429,13464,14498
8900,1,8356,18856,11142,18856,17240
8901,0,5619,16119,16119,35176,37140
8902,122,4547,15047,37053,34864,20816
8903,2,23692,36135,16855,37729,36135
8904,0,2538,13038,13038,14920,20318
8905,0,22401,38593,38593,34747,35011
8906,0,9503,20003,20003,37921,38417
8907,3,5207,15707,10836,10696,18173
8908,0,21644,38239,38239,11292,38819
8909,0,21993,37481,37481,36019,34873
8910,0,3054,13554,13554,11109,16242
8911,0,3675,14175,14175,14376,12613
8912,6,7776,18276,35609,17132,17465
8913,2,7218,17718,19755,37093,17718
8914,2,6722,17222,20927,37569,17222
8915,0,3300,13800,13800,13256,14807
8916,0,3310,13810,13810,16404,14675
8917,0,7221,17721,17721,38921,18368
8918,0,8519,19019,19019,16909,11730
8919,2,22614,34642,10756,36243,34642
8920,0,5954,16454,16454,36968,38615
8921,0,23653,34958,34958,37126,36049
8922,27,25120,36560,18405,16709,11767
8923,0,832,11332,11332,15746,16311
8924,0,21300,35231,35231,11377,14767
8925,8,3462,13962,18238,15252,18018
8926,0,21255,37963,37963,11784,11001
8927,0,7643,18143,18143,37523,11589
8928,0,54,10554,10554,38335,37887
8929,0,24903,36216,36216,13667,37796
8930,0,3451,13951,13951,13578,35362
8931,0,6305,16805,16805,18533,11069
8932,0,10093,20593,20593,19312,37041
8933,0,1481,11981,11981,34927,37829
8934,0,4873,15373,15373,14555,36137
8935,0,24692,37047,37047,13944,16763
8936,0,8038,18538,18538,13342,14367
8937,4,24514,36302,17826,18465,16539
8938,0,3335,13835,13835,38526,13479
8939,0,6016,16516,16516,16148,18368
8940,0,4926,15426,15426,19216,38614
8941,0,9138,19638,19638,12517,16967
8942,0,5797,16297,16297,16793,15777
8943,0,21851,35445,35445,15344,36288
8944,0,10353,20853,20853,36739,19154
8945,0,24892,38708,38708,36550,19321
8946,0,5083,15583,15583,14905,38534
8947,0,6645,17145,17145,37839,20240
8948,0,21552,36441,36441,37014,16317
8949,0,23719,35209,35209,15595,15775
8950,2,5490,15990,15457,11083,15990
8951,0,768,11268,11268,16488,12799
8952,0,2065,12565,12565,37185,37006
8953,3,21328,38218,14476,19075,15214
8954,0,24170,35647,35647,20622,10729
8955,0,7311,17811,17811,14776,11499
8956,0,8477,18977,18977,14923,18443
8957,0,22767,38869,38869,36994,17382
8958,0,4524,15024,15024,12309,17797
8959,0,23053,35528,35528,36891,14521
8960,0,23234,34484,34484,15913,11445
8961,2,2717,13217,13660,14714,13217
8962,0,2079,12579,12579,17791,15288
8963,0,23451,35541,35541,17077,14930
8964,0,8914,19414,19414,17529,18937
8965,3,951,11451,36461,35123,13373
8966,0,8058,18558,18558,11422,15605
8967,2,2482,12982,37359,11001,12982
8968,0,10454,20954,20954,20717,35387
8969,0,9181,19681,19681,38278,13368
8970,0,25101,35364,35364,12300,14266
8971,7,1759,12259,20031,38538,18988
8972,0,9984,20484,20484,14362,19278
8973,0,4422,14922,14922,16942,34767
8974,0,6704,17204,17204,11230,37495
8975,5,9916,20416,38358,37714,14832
8976,1,5182,15682,17785,15682,10878
8977,41,8533,19033,37766,36163,38678
8978,0,3701,14201,14201,36823,36292
8979,0,4243,14743,14743,13240,38804
8980,0,688,11188,11188,20365,12173
8981,0,3432,13932,13932,19444,12841
8982,1,24701,37355,14257,37355,12651
8983,0,4944,15444,15444,18341,37063
8984,53,966,11466,18752,20239,20842
8985,0,24878,38520,38520,36562,19219
8986,0,23156,38197,38197,38063,37372
8987,0,10395,20895,20895,19824,11925
8988,0,2713,13213,13213,20861,12275
8989,0,4757,15257,15257,34763,17313
8990,0,22593,37250,37250,16867,13367
8991,6,22470,36310,37555,35900,17884
8992,25,23124,38283,19627,10698,12909
8993,0,6320,16820,16820,36691,17615
8994,0,22416,37432,37432,17757,35596
8995,0,5975,16475,16475,12991,14669
8996,0,3572,14072,14072,16704,36632
8997,0,22258,36957,36957,36223,19990
8998,3,5299,15799,18701,11698,16040
8999,0,1990,12490,12490,12927,18042
9000,0,23607,36272,36272,20368,19799
9001,2,21543,36911,16364,20091,36911
9002,0,1205,11705,11705,37223,16694
9003,1,24538,37450,19727,37450,38865
9004,30,25348,37010,37868,11973,12113
9005,0,4971,15471,15471,35832,36662
9006,0,23742,38548,38548,37967,12538
9007,0,25143,37186,37186,16732,37187
9008,0,6783,17283,17283,35227,35228
9009,0,3600,14100,14100,36213,11034
9010,0,6490,16990,16990,14555,17467
9011,0,8609,19109,19109,15800,16760
9012,0,22174,38925,38925,36134,18976
9013,1,24936,37530,17904,37530,14223
9014,0,8070,18570,18570,10829,36192
9015,1,8577,19077,18683,19077,20897
9016,69,7973,18473,14016,34502,38390
9017,0,25492,37934,37934,16073,15353
9018,0,1625,12125,12125,20857,11115
9019,0,536,11036,11036,14908,18713
9020,0,8766,19266,19266,14418,14579
9021,0,7970,18470,18470,15168,34548
9022,36,24938,37184,18311,17299,37544
9023,0,4212,14712,14712,13636,14536
9024,0,6456,16956,16956,37164,20693
9025,4,3507,14007,11354,38084,35621
9026,0,8393,18893,18893,20946,37247
9027,0,9524,20024,20024,16717,38871
9028,0,7112,17612,17612,15380,36373
9029,0,24295,35654,35654,20679,19074
9030,0,2708,13208,13208,15548,37115
9031,0,5031,15531,15531,19707,12921
9032,0,6514,17014,17014,11358,20283
9033,0,4662,15162,15162,20576,16074
9034,0,4021,14521,14521,17049,19902
9035,0,1854,12354,12354,35621,38084
9036,0,21669,38112,38112,18524,16365
9037,0,2872,13372,13372,17055,20775
9038,0,3030,13530,13530,37381,38447
9039,0,9397,19897,19897,11160,14072
9040,0,1645,12145,12145,17692,15828
9041,0,3417,13917,13917,13776,20949
9042,0,3476,13976,13976,38086,35871
9043,0,21153,38291,38291,10502,34786
9044,0,23673,35013,35013,19548,15211
9045,2,1792,12292,14954,13005,12292
9046,0,3797,14297,14297,18183,37183
9047,0,3368,13868,13868,37892,38304
9048,0,23305,35519,35519,37913,37528
9049,0,21012,35685,35685,15638,36105
9050,5,7196,17696,15888,35543,34592
9051,1,23923,38430,18961,38430,10865
9052,0,5109,15609,15609,14643,17831
9053,0,6024,16524,16524,38217,18329
9054,0,21507,35601,35601,16234,15011
9055,6,8795,19295,16453,14502,36844
9056,0,25480,35208,35208,14091,16611
9057,0,21349,37911,37911,14104,35529
9058,0,126,10626,10626,12630,36810
9059,0,5959,16459,16459,10866,34765
9060,0,3876,14376,14376,34574,19953
9061,0,21280,35087,35087,15428,34914
9062,0,4451,14951,14951,10518,16783
9063,0,7147,17647,17647,16967,36879
9064,0,3531,14031,14031,10558,38184
9065,0,24768,34882,34882,34528,12367
9066,0,827,11327,11327,13092,12216
9067,0,9831,20331,20331,36519,19203
9068,0,7790,18290,18290,15556,14220
9069,0,984,11484,11484,35585,34705
9070,0,23382,35433,35433,14145,36737
9071,0,23685,35157,35157,10736,20187
9072,0,7783,18283,18283,20882,13181
9073,3,10380,20880,19049,35408,20892
9074,0,23514,38335,38335,19876,10554
9075,0,2443,12943,12943,15565,34833
9076,1,8554,19054,11394,19054,35742
9077,399,21466,34501,16703,17894,13005
9078,145,345,10845,11002,16839,38390
9079,2,814,11314,20158,18507,11314
9080,0,6166,16666,16666,10812,11144
9081,0,23478,36959,36959,38241,14679
9082,0,24183,35357,35357,12315,19253
9083,0,23835,37581,37581,37563,37257
9084,5,21729,38630,37441,10874,19919
9085,0,21242,35477,35477,13780,37431
9086,0,25398,36258,36258,14931,16031
9087,0,5779,16279,16279,12379,18672
9088,5,2116,12616,37534,12408,11905
9089,0,10026,20526,20526,37270,11551
9090,1,793,11293,38276,11293,15005
9091,0,23417,38880,38880,17506,37156
9092,0,6898,17398,17398,20016,35483
9093,0,2674,13174,13174,18388,17227
9094,0,94,10594,10594,14490,12273
9095,0,4225,14725,14725,12707,12473
9096,0,3756,14256,14256,14945,38918
9097,26,2891,13391,20859,11131,19925
9098,0,2371,12871,12871,20969,34676
9099,0,24669,35380,35380,37662,37076
9100,0,24585,38050,38050,20570,38632
9101,0,3228,13728,13728,16376,13670
9102,0,7863,18363,18363,11281,35741
9103,0,6359,16859,16859,11729,16743
9104,13,23490,38706,18473,38450,16006
9105,0,22249,37062,37062,10794,13461
9106,1,7326,17826,13626,17826,38535
9107,0,6028,16528,16528,20152,10518
9108,1,21876,35005,20643,35005,13438
9109,0,22577,37389,37389,36862,11990
9110,0,24831,35064,35064,18056,20044
9111,0,1865,12365,12365,37599,12577
9112,4,4612,15112,38217,14856,18950
9113,0,10049,20549,20549,17871,35529
9114,0,2645,13145,13145,36196,11931
9115,0,2243,12743,12743,20752,36670
9116,0,5373,15873,15873,14776,11555
9117,13,2336,12836,16501,13588,34714
9118,0,950,11450,11450,11550,11864
9119,0,24757,35220,35220,20135,14374
9120,0,1120,11620,11620,12655,38006
9121,0,22910,34749,34749,12495,13139
9122,1,2204,12704,11412,12704,14711
9123,0,419,10919,10919,38763,20444
9124,0,922,11422,11422,19975,15639
9125,0,9446,19946,19946,20537,19819
9126,0,8669,19169,19169,11227,35562
9127,0,10227,20727,20727,34899,13011
9128,5,5408,15908,38570,17064,10740
9129,0,5788,16288,16288,37077,37490
9130,1,5742,16242,20898,16242,11109
9131,0,7667,18167,18167,13404,17796
9132,0,5567,16067,16067,37500,14704
9133,3,8135,18635,13314,20530,17047
9134,6,1202,11702,17305,34822,36077
9135,2,23498,34778,17527,35826,34778
9136,0,5765,16265,16265,18631,36251
9137,0,8389,18889,18889,37707,12466
9138,0,1970,12470,12470,19069,35310
9139,0,22453,35262,35262,20502,16482
9140,0,4018,14518,14518,17560,18726
9141,0,10343,20843,20843,38680,36248
9142,0,3687,14187,14187,35396,37424
9143,3,23072,37068,38932,13223,20591
9144,0,1997,12497,12497,34931,36417
9145,2,4033,14533,14633,10796,14533
9146,0,24030,38806,38806,17830,14953
9147,0,24587,35206,35206,19977,16508
9148,0,1248,11748,11748,14993,37727
9149,0,2192,12692,12692,17046,18438
9150,0,2712,13212,13212,20374,36444
9151,0,9184,19684,19684,15464,17265
9152,0,2190,12690,12690,36227,15113
9153,0,4670,15170,15170,20588,17398
9154,1,5142,15642,37575,15642,17146
9155,3,5984,16484,18400,36000,35829
9156,4,6565,17065,16040,20153,12760
9157,0,7804,18304,18304,11732,13595
9158,0,24521,35914,35914,10767,15560
9159,0,6943,17443,17443,15588,36523
9160,0,22891,35749,35749,37715,16767
9161,3,23583,36863,18111,12089,14643
9162,0,9510,20010,20010,37187,15456
9163,0,10055,20555,20555,16965,12019
9164,0,23369,34495,34495,18607,10584
9165,0,21234,34601,34601,18606,34897
9166,10,2136,12636,38689,20773,12916
9167,0,1065,11565,11565,11937,11057
9168,0,600,11100,11100,34692,35624
9169,1,4227,14727,38951,14727,14259
9170,1,21655,34773,15295,34773,38036
9171,0,7577,18077,18077,37670,18866
9172,8,77,10577,38852,17688,18679
9173,0,7546,18046,18046,11378,34881
9174,0,2898,13398,13398,36696,17397
9175,0,4820,15320,15320,34960,14817
9176,0,9506,20006,20006,16891,11002
9177,0,21332,37925,37925,15653,37856
9178,4,6413,16913,17795,37061,13145
9179,140,9444,19944,38892,38218,16153
9180,0,9064,19564,19564,14858,16813
9181,0,24534,36002,36002,15548,35290
9182,0,8007,18507,18507,11314,20158
9183,0,5468,15968,15968,17818,14396
9184,0,5951,16451,16451,34860,38644
9185,0,22879,38613,38613,38808,14995
9186,0,25457,35117,35117,36551,35432
9187,2,3391,13891,35683,17527,13891
9188,0,5415,15915,15915,38229,35073
9189,0,2560,13060,13060,19075,37904
9190,0,21195,38796,38796,37256,15510
9191,0,8162,18662,18662,36687,36632
9192,1,2635,13135,17486,13135,15000
9193,0,5256,15756,15756,13105,35287
9194,0,3530,14030,14030,13387,20343
9195,2,8567,19067,17622,18406,19067
9196,1,1908,12408,37239,12408,17588
9197,0,24749,36581,36581,37169,16222
9198,0,21310,37866,37866,34770,19997
9199,3,235,10735,19969,38467,16787
9200,0,21190,36179,36179,15585,12348
9201,0,1604,12104,12104,18920,15069
9202,0,7984,18484,18484,36035,35899
9203,0,9310,19810,19810,16060,18772
9204,10,21088,35829,38285,19067,11806
9205,0,3490,13990,13990,14109,36054
9206,0,24834,38740,38740,11070,15107
9207,0,25328,35110,35110,37935,11335
9208,0,1994,12494,12494,13980,15222
9209,0,2824,13324,13324,16593,17143
9210,0,25495,37901,37901,20336,13261
9211,0,22051,34528,34528,14259,36130
9212,0,1342,11842,11842,16630,11399
9213,0,8512,19012,19012,34745,34692
9214,0,1619,12119,12119,36040,19511
9215,0,25251,35865,35865,35438,37618
9216,0,5287,15787,15787,20980,36978
9217,0,2060,12560,12560,14753,13056
9218,0,23820,38892,38892,38376,38095
9219,0,2219,12719,12719,12548,19415
9220,1,9865,20365,18279,20365,17082
9221,3,6038,16538,38272,17445,38154
9222,0,260,10760,10760,37299,18473
9223,0,21146,38020,38020,37665,37759
9224,0,10231,20731,20731,35956,19115
9225,0,22876,36937,36937,19610,15072
9226,0,9093,19593,19593,38631,16685
9227,0,3744,14244,14244,38217,15112
9228,0,2026,12526,12526,38058,35840
9229,5,6988,17488,14167,11418,38634
9230,0,4234,14734,14734,15948,35626
9231,0,1917,12417,12417,15767,10964
9232,0,1828,12328,12328,12976,19207
9233,0,9765,20265,20265,18045,18300
9234,0,23666,36567,36567,34776,35898
9235,0,23954,36901,36901,18177,13053
9236,0,6233,16733,16733,16399,10998
9237,0,24416,37972,37972,20667,17849
9238,18,22251,36806,18344,14586,38853
9239,0,6283,16783,16783,10518,35006
9240,0,4208,14708,14708,14541,37105
9241,0,23807,36779,36779,11570,14296
9242,1,224,10724,13407,10724,34661
9243,0,8915,19415,19415,20207,12548
9244,0,10002,20502,20502,13680,16664
9245,0,9333,19833,19833,18935,16221
9246,0,21945,37681,37681,15086,17474
9247,0,6469,16969,16969,34768,35182
9248,21,22222,38095,14862,36763,36037
9249,2,21496,37706,20017,37188,37706
9250,0,24721,38556,38556,13583,13102
9251,0,24132,34914,34914,14072,34894
9252,0,846,11346,11346,35264,14571
9253,0,4289,14789,14789,13711,16190
9254,0,5560,16060,16060,18772,19810
9255,1,24732,37194,17091,37194,37849
9256,0,2551,13051,13051,38179,15280
9257,0,23299,35080,35080,13662,14293
9258,0,117,10617,10617,18281,38556
9259,0,8837,19337,19337,18908,38171
9260,0,5966,16466,16466,11572,12961
9261,0,8195,18695,18695,13829,16272
9262,1,23956,36322,35365,36322,35820
9263,3,8659,19159,15593,38421,13837
9264,0,7489,17989,17989,12048,18417
9265,61,5,10505,36893,36061,38769
9266,0,5342,15842,15842,20642,14066
9267,0,9111,19611,19611,10863,15605
9268,0,23284,34747,34747,35011,38593
9269,0,4324,14824,14824,17876,36982
9270,0,1063,11563,11563,11217,10843
9271,0,2590,13090,13090,35461,35978
9272,0,8434,18934,18934,12979,19861
9273,0,22475,37006,37006,12565,18080
9274,0,9352,19852,19852,12078,17088
9275,0,21005,35022,35022,10794,37119
9276,0,3735,14235,14235,35066,35094
9277,0,25336,34549,34549,15562,38067
9278,0,3517,14017,14017,19525,15472
9279,0,6986,17486,17486,13135,35883
9280,0,21735,35573,35573,15755,13327
9281,149,22810,34715,37569,18812,16394
9282,0,6767,17267,17267,20093,38874
9283,0,5622,16122,16122,19565,16971
9284,1,1605,12105,13660,12105,19143
9285,0,1733,12233,12233,10645,15615
9286,0,24157,34476,34476,35218,20329
9287,0,24765,34861,34861,17263,14114
9288,3,24107,37983,20671,19143,12337
9289,16,9504,20004,11728,18176,37142
9290,1,22434,35600,19254,35600,15990
9291,0,3812,14312,14312,17217,13932
9292,0,25131,38407,38407,18539,17353
9293,0,24463,34514,34514,35298,15136
9294,0,10167,20667,20667,14785,16374
9295,0,22504,35666,35666,35999,38664
9296,0,1761,12261,12261,11252,16482
9297,100,5401,15901,35269,38712,13602
9298,0,2739,13239,13239,11251,11028
9299,0,24226,38415,38415,36488,17154
9300,0,2472,12972,12972,18819,13725
9301,0,6738,17238,17238,12312,11544
9302,0,6891,17391,17391,15601,34675
9303,0,25296,36159,36159,18177,18582
9304,0,7943,18443,18443,38635,36790
9305,5,22907,36870,36094,16930,19915
9306,0,9685,20185,20185,35592,15050
9307,0,4206,14706,14706,20458,36183
9308,0,6371,16871,16871,20999,16085
9309,0,10350,20850,20850,19210,18698
9310,0,9361,19861,19861,19032,18934
9311,0,10348,20848,20848,20587,36868
9312,0,232,10732,10732,38036,34773
9313,0,8258,18758,18758,10513,14248
9314,0,7561,18061,18061,35132,35878
9315,2,9795,20295,10707,18805,20295
9316,21,6168,16668,36202,37312,11023
9317,0,23674,35435,35435,11344,20939
9318,0,3596,14096,14096,14413,13627
9319,0,6288,16788,16788,16093,19708
9320,16,4632,15132,11390,11023,10692
9321,0,125,10625,10625,15984,19700
9322,1,7641,18141,11085,18141,16110
9323,13,6229,16729,20109,13094,18368
9324,0,24958,37502,37502,35138,35281
9325,0,1296,11796,11796,36793,36407
9326,0,1976,12476,12476,14747,14170
9327,0,24796,38191,38191,16195,35412
9328,0,23990,38130,38130,19373,20244
9329,0,10267,20767,20767,15312,11360
9330,0,24830,36732,36732,11290,12442
9331,0,5750,16250,16250,18167,11784
9332,0,8152,18652,18652,20776,38178
9333,0,23288,38521,38521,11795,38952
9334,0,3086,13586,13586,36824,36910
9335,0,21916,37887,37887,19876,13141
9336,0,6882,17382,17382,38035,13294
9337,0,25075,37929,37929,37001,12664
9338,0,7673,18173,18173,34911,34867
9339,0,3345,13845,13845,36223,19626
9340,0,8172,18672,18672,14863,35044
9341,0,23656,38106,38106,38168,20485
9342,0,5870,16370,16370,16093,18786
9343,1,6506,17006,16356,17006,14428
9344,0,2797,13297,13297,20192,11608
9345,1,918,11418,20694,11418,38634
9346,0,1646,12146,12146,18744,11102
9347,0,5122,15622,15622,11922,12799
9348,0,5126,15626,15626,20784,36876
9349,0,23823,37130,37130,17157,15486
9350,0,24389,37583,37583,20111,38183
9351,0,4621,15121,15121,20974,12051
9352,0,6809,17309,17309,13303,16603
9353,4,364,10864,12373,14683,13892
9354,0,22815,35439,35439,35961,19074
9355,0,2125,12625,12625,36160,36957
9356,0,8150,18650,18650,38143,18176
9357,0,21786,36275,36275,19902,17049
9358,5,21944,36721,12395,15367,20178
9359,0,8717,19217,19217,18332,16010
9360,0,23132,36973,36973,20773,35308
9361,0,55,10555,10555,11814,15023
9362,0,638,11138,11138,38691,38563
9363,0,302,10802,10802,11516,17583
9364,0,23450,34918,34918,12073,18832
9365,0,5811,16311,16311,11332,15746
9366,0,1276,11776,11776,34717,19512
9367,7,23281,36872,36522,36422,18651
9368,0,10247,20747,20747,36405,15502
9369,0,23195,37528,37528,12862,14960
9370,0,21706,37297,37297,38213,17692
9371,0,4432,14932,14932,37598,19174
9372,2,3644,14144,19547,13781,14144
9373,0,4143,14643,14643,16034,20588
9374,0,2878,13378,13378,19189,12054
9375,0,23446,36354,36354,17053,10662
9376,0,6493,16993,16993,16026,12025
9377,15,24867,37327,10936,17787,13333
9378,0,10478,20978,20978,36775,20166
9379,0,10453,20953,20953,36915,13471
9380,1,5240,15740,13005,15740,11413
9381,0,25169,38080,38080,38088,18413
9382,0,10488,20988,20988,36214,17125
9383,0,6937,17437,17437,17510,34581
9384,0,7240,17740,17740,15278,13730
9385,2,9945,20445,36013,19261,20445
9386,0,24241,37349,37349,17905,38768
9387,0,10160,20660,20660,13222,13030
9388,0,2593,13093,13093,17573,35299
9389,72,23516,35269,14508,13723,16415
9390,0,2393,12893,12893,14461,37494
9391,0,523,11023,11023,37760,37312
9392,2,6376,16876,37997,36641,16876
9393,0,6981,17481,17481,37252,34811
9394,0,23043,37676,37676,14624,38455
9395,9,6677,17177,11757,14568,17187
9396,0,3900,14400,14400,18184,20522
9397,0,22465,38420,38420,38156,34912
9398,0,24743,36851,36851,17280,19499
9399,0,5585,16085,16085,35000,17227
9400,0,23765,38014,38014,12477,11830
9401,3,7956,18456,16552,15310,38245
9402,2,7570,18070,14983,13237,18070
9403,36,22431,35274,12532,15419,16386
9404,0,6777,17277,17277,18569,38018
9405,0,21609,36308,36308,36578,15614
9406,0,10161,20661,20661,13163,37443
9407,1,671,11171,37354,11171,18214
9408,0,4188,14688,14688,14164,35627
9409,23,666,11166,36325,19928,37797
9410,0,3266,13766,13766,15551,19356
9411,0,1887,12387,12387,35352,17679
9412,0,24301,35418,35418,37354,18948
9413,1,8472,18972,12175,18972,12309
9414,0,9911,20411,20411,36522,36422
9415,7,22014,35099,38868,11554,10831
9416,0,21238,36607,36607,36683,15017
9417,0,9091,19591,19591,16977,15958
9418,1,7687,18187,13910,18187,35202
9419,0,6031,16531,16531,16295,20914
9420,1,24476,38714,36241,38714,18942
9421,0,6090,16590,16590,20720,38652
9422,1,6238,16738,13761,16738,15292
9423,44,7350,17850,12310,10892,13332
9424,1,7830,18330,17352,18330,12725
9425,0,760,11260,11260,19861,14171
9426,17,6254,16754,19710,34715,15939
9427,14,1906,12406,17305,36924,11245
9428,0,24877,36194,36194,15729,36933
9429,0,23117,35975,35975,17852,17476
9430,3,23800,36290,38440,11552,38728
9431,0,3818,14318,14318,19397,36687
9432,0,6269,16769,16769,15838,11280
9433,0,4300,14800,14800,16335,11322
9434,0,5569,16069,16069,15259,35980
9435,0,7941,18441,18441,15169,17386
9436,0,24074,34745,34745,19012,20305
9437,0,4164,14664,14664,11461,37361
9438,2,21892,35183,13870,17296,35183
9439,0,5971,16471,16471,13658,19052
9440,0,3579,14079,14079,14979,13661
9441,14,2832,13332,13883,37099,16384
9442,0,5449,15949,15949,13263,15295
9443,1,3472,13972,38331,13972,37480
9444,0,6327,16827,16827,38607,13360
9445,0,137,10637,10637,17509,15344
9446,0,7043,17543,17543,15585,20533
9447,1,4892,15392,14293,15392,37179
9448,0,2180,12680,12680,19319,18911
9449,0,10320,20820,20820,20811,35498
9450,0,7730,18230,18230,19535,11609
9451,0,3177,13677,13677,38330,38877
9452,0,4854,15354,15354,18323,37879
9453,0,4637,15137,15137,35937,17133
9454,0,5115,15615,15615,10645,12233
9455,7,24670,38165,38634,17167,17488
9456,0,7648,18148,18148,38896,35386
9457,0,4261,14761,14761,17693,11929
9458,1,24495,36496,13903,36496,36497
9459,0,1331,11831,11831,38065,14527
9460,0,10209,20709,20709,35813,20050
9461,0,24810,36694,36694,34879,13375
9462,0,25319,34634,34634,14326,15127
9463,13,7002,17502,12504,17301,12338
9464,0,9550,20050,20050,19943,18628
9465,0,6941,17441,17441,16869,17715
9466,0,8017,18517,18517,11731,17580
9467,2,6241,16741,35810,12224,16741
9468,0,9521,20021,20021,36764,12873
9469,0,22551,38937,38937,37811,38470
9470,0,6881,17381,17381,17892,18754
9471,0,22619,37011,37011,20537,12780
9472,0,10342,20842,20842,37512,34723
9473,21,4530,15030,20859,14182,12140
9474,0,10314,20814,20814,15864,35734
9475,1,4673,15173,38024,15173,15224
9476,0,21203,36133,36133,13583,35766
9477,1,6996,17496,13067,17496,16568
9478,0,1252,11752,11752,17602,36059
9479,0,25222,35430,35430,17445,13584
9480,25,3374,13874,20421,13333,38225
9481,2,2814,13314,18635,20530,13314
9482,0,4719,15219,15219,36700,16961
9483,0,6544,17044,17044,13649,38729
9484,0,10040,20540,20540,37854,15212
9485,0,4858,15358,15358,36798,19193
9486,0,7901,18401,18401,18472,17009
9487,0,21452,35189,35189,17656,18918
9488,0,8580,19080,19080,15065,35793
9489,1,8427,18927,35942,18927,14427
9490,0,1077,11577,11577,12467,35484
9491,0,10176,20676,20676,10633,15407
9492,16,4363,14863,13247,18672,34465
9493,0,24792,36114,36114,20204,12508
9494,2,770,11270,17164,11533,11270
9495,0,10357,20857,20857,12125,11115
9496,0,21676,36685,36685,16898,19952
9497,0,8865,19365,19365,15131,37718
9498,1,249,10749,20561,10749,11638
9499,3,9766,20266,38431,18651,37833
9500,0,7239,17739,17739,35819,11287
9501,0,3419,13919,13919,19332,35158
9502,1,10273,20773,18046,20773,35095
9503,0,10015,20515,20515,12542,20500
9504,65,21757,38367,37451,15543,14315
9505,1,4976,15476,34699,15476,12996
9506,0,4544,15044,15044,16807,38224
9507,0,5565,16065,16065,17317,10889
9508,0,7939,18439,18439,35202,38415
9509,0,716,11216,11216,17337,36290
9510,0,25277,38448,38448,37529,37582
9511,14,23279,36298,35746,17989,10638
9512,0,2048,12548,12548,12719,18968
9513,0,5997,16497,16497,38495,15714
9514,11,6600,17100,11139,13608,36587
9515,0,7245,17745,17745,14952,37719
9516,0,24089,37416,37416,19735,11581
9517,0,4178,14678,14678,10737,35766
9518,0,4809,15309,15309,13167,19061
9519,0,23819,34876,34876,35654,12018
9520,0,22557,38195,38195,35090,14287
9521,2,7140,17640,12251,14638,17640
9522,0,7190,17690,17690,12208,36408
9523,0,1460,11960,11960,35024,14685
9524,0,5989,16489,16489,35610,16684
9525,0,9860,20360,20360,18522,16257
9526,0,23911,34908,34908,16958,17210
9527,7,2000,12500,38217,14856,18950
9528,0,22046,36723,36723,14642,35081
9529,0,23146,36765,36765,19997,17651
9530,0,8175,18675,18675,18615,35363
9531,0,404,10904,10904,14550,13234
9532,0,384,10884,10884,12417,15767
9533,1,21754,38145,16176,38145,18274
9534,0,25142,38201,38201,17076,13556
9535,0,10344,20844,20844,15209,18417
9536,0,1633,12133,12133,19074,19651
9537,0,23013,38295,38295,15575,11454
9538,1,22370,37732,15962,37732,20400
9539,0,4784,15284,15284,19757,37563
9540,0,21024,38160,38160,35252,12390
9541,0,6970,17470,17470,36172,36072
9542,0,3925,14425,14425,37472,20098
9543,0,24848,37488,37488,12600,20111
9544,0,4158,14658,14658,13826,18368
9545,0,7449,17949,17949,15624,15679
9546,0,21554,37100,37100,16376,19097
9547,0,24165,37510,37510,38179,16166
9548,0,8415,18915,18915,38271,19789
9549,0,2193,12693,12693,18360,34463
9550,0,24997,35288,35288,19039,13507
9551,0,22259,36621,36621,38899,10996
9552,6,10016,20516,11760,10877,34708
9553,0,1015,11515,11515,13107,37457
9554,0,5124,15624,15624,15679,17949
9555,0,24238,37124,37124,36735,34640
9556,0,7418,17918,17918,12936,10622
9557,0,7409,17909,17909,20349,35293
9558,1,8989,19489,16567,19489,13994
9559,0,2871,13371,13371,15521,12660
9560,2,9,10509,36723,14642,10509
9561,0,10136,20636,20636,35934,16241
9562,0,1838,12338,12338,17301,14507
9563,0,4804,15304,15304,10892,37535
9564,0,255,10755,10755,35535,20459
9565,0,7026,17526,17526,16700,10589
9566,0,5713,16213,16213,19619,18754
9567,0,22476,36637,36637,37239,11174
9568,0,3324,13824,13824,16168,35737
9569,2,7714,18214,37354,11171,18214
9570,0,1581,12081,12081,35241,16475
9571,0,22086,35108,35108,35109,37755
9572,0,924,11424,11424,36262,10868
9573,0,2779,13279,13279,11341,11039
9574,0,23720,34660,34660,34982,34924
9575,0,7891,18391,18391,13907,15051
9576,0,6132,16632,16632,36599,12129
9577,0,23591,37176,37176,10572,35331
9578,0,5320,15820,15820,13755,12671
9579,0,7312,17812,17812,20638,17767
9580,0,7102,17602,17602,14760,38080
9581,0,6042,16542,16542,15347,16306
9582,2,3775,14275,14356,15689,14275
9583,0,4835,15335,15335,36706,14082
9584,0,21137,36288,36288,20070,20683
9585,0,4964,15464,15464,12629,35353
9586,0,24151,34931,34931,11060,12497
9587,0,539,11039,11039,18233,14827
9588,1,7483,17983,18921,17983,34513
9589,0,2745,13245,13245,14552,12060
9590,9,3719,14219,20885,20458,35955
9591,0,24860,38272,38272,38154,16538
9592,3,6819,17319,19408,14034,35711
9593,0,23370,37619,37619,38899,20367
9594,0,9337,19837,19837,16335,11606
9595,0,22834,37279,37279,15067,38436
9596,1,4468,14968,36444,14968,20647
9597,22,667,11167,13086,11023,37760
9598,0,7575,18075,18075,15380,16885
9599,1,23962,35171,19673,35171,17835
9600,0,8549,19049,19049,35413,35408
9601,0,5063,15563,15563,15639,37583
9602,0,22742,34983,34983,36909,38017
9603,0,24643,34935,34935,14759,37378
9604,9,1353,11853,19115,34827,20731
9605,0,23741,37283,37283,13221,15308
9606,0,7114,17614,17614,20866,19912
9607,2,25229,38626,18627,35726,38626
9608,0,8662,19162,19162,17401,13575
9609,0,2703,13203,13203,37958,37501
9610,0,3330,13830,13830,16675,13390
9611,2,8053,18553,14286,20279,18553
9612,0,25076,35789,35789,34672,34716
9613,0,9588,20088,20088,38399,16230
9614,0,3584,14084,14084,11338,10875
9615,0,21713,38137,38137,13462,18966
9616,1,21641,37414,16375,37414,37954
9617,0,5645,16145,16145,35495,16045
9618,0,3376,13876,13876,37700,14934
9619,2,1256,11756,11634,16359,11756
9620,0,6190,16690,16690,38650,38466
9621,0,21236,35664,35664,14236,14868
9622,0,21326,37803,37803,12915,14669
9623,0,23196,37930,37930,14988,11749
9624,0,9442,19942,19942,19763,18611
9625,20,22436,37947,14225,36846,20970
9626,0,5348,15848,15848,16418,12373
9627,0,24832,34963,34963,35990,35521
9628,0,22280,36450,36450,38782,18119
9629,0,21267,35436,35436,19691,13832
9630,0,25042,35085,35085,11486,15313
9631,2,4175,14675,20510,13456,14675
9632,0,21250,37420,37420,18920,16894
9633,5,4910,15410,13459,35046,16417
9634,0,1852,12352,12352,35929,11475
9635,0,6316,16816,16816,20572,35463
9636,0,21312,36932,36932,37664,38241
9637,0,24364,38746,38746,12245,16160
9638,5,2105,12605,36817,38201,14533
9639,0,133,10633,10633,19347,16599
9640,0,22366,37388,37388,14972,14885
9641,0,5029,15529,15529,18705,18947
9642,0,928,11428,11428,17973,16075
9643,0,823,11323,11323,17314,15841
9644,0,7576,18076,18076,35815,38171
9645,8,21266,35592,20185,11758,11942
9646,0,1531,12031,12031,12158,35960
9647,0,1214,11714,11714,10513,15380
9648,119,504,11004,10986,13213,13808
9649,0,23159,36437,36437,16724,17480
9650,1,10188,20688,38550,20688,36856
9651,0,6530,17030,17030,14049,19562
9652,0,3072,13572,13572,11216,35405
9653,0,10150,20650,20650,19135,11041
9654,0,9576,20076,20076,34640,16347
9655,0,9086,19586,19586,35689,12608
9656,0,22693,37076,37076,35380,37662
9657,0,8647,19147,19147,16102,35122
9658,4,6619,17119,38108,18368,11475
9659,20,21488,37931,20239,38657,17025
9660,0,9273,19773,19773,13633,11734
9661,0,3709,14209,14209,17643,35802
9662,3,24315,38346,38400,38935,35267
9663,0,4849,15349,15349,20156,14857
9664,0,4748,15248,15248,11401,36569
9665,0,4268,14768,14768,12821,14705
9666,1,21334,35674,15035,35674,38684
9667,0,24039,36286,36286,17119,12566
9668,0,24978,35754,35754,13207,36723
9669,0,21540,38780,38780,15671,38825
9670,0,8905,19405,19405,19214,14393
9671,0,4186,14686,14686,14981,12726
9672,0,10406,20906,20906,20367,35533
9673,0,5301,15801,15801,14753,11799
9674,0,2923,13423,13423,20018,37724
9675,0,6588,17088,17088,38565,14476
9676,20,1810,12310,37099,36878,38006
9677,0,3486,13986,13986,14845,18899
9678,0,7419,17919,17919,11404,36118
9679,0,3141,13641,13641,16179,13387
9680,0,10019,20519,20519,36096,20331
9681,0,9347,19847,19847,15577,13944
9682,1,1324,11824,18166,11824,35390
9683,0,4312,14812,14812,37658,20742
9684,0,7494,17994,17994,34960,37675
9685,0,8702,19202,19202,18638,13644
9686,1,9872,20372,15142,20372,38417
9687,0,8691,19191,19191,34675,19307
9688,73,24090,38221,20292,38354,19518
9689,14,10048,20548,15261,12894,13278
9690,0,9580,20080,20080,16602,14190
9691,0,24139,37767,37767,35704,16574
9692,2,24171,35871,13340,15095,35871
9693,0,25497,34538,34538,15023,34539
9694,0,5541,16041,16041,37949,20089
9695,0,24027,35388,35388,16276,35126
9696,0,6172,16672,16672,16140,19399
9697,5,1540,12040,36052,19254,13005
9698,0,9409,19909,19909,18109,13206
9699,0,2681,13181,13181,36869,18283
9700,0,24149,38784,38784,20665,12048
9701,1,24113,35145,38132,35145,18914
9702,0,24147,37664,37664,18764,11971
9703,7,6313,16813,15972,38867,14182
9704,1,1191,11691,11451,11691,35123
9705,0,21073,37924,37924,37955,11576
9706,3,5293,15793,14404,12936,18514
9707,0,1542,12042,12042,19201,36395
9708,0,24917,35453,35453,34530,17384
9709,1,21344,35476,11297,35476,16175
9710,0,7056,17556,17556,38685,15451
9711,0,2539,13039,13039,19702,38763
9712,6,953,11453,36576,16878,11002
9713,1,7241,17741,19900,17741,13897
9714,0,6731,17231,17231,36206,13741
9715,6,4846,15346,38390,16386,37726
9716,0,6801,17301,17301,12338,12504
9717,157,8010,18510,10778,20847,37443
9718,3,4330,14830,13846,10792,10750
9719,0,8924,19424,19424,35429,18769
9720,0,5334,15834,15834,10783,19994
9721,0,7330,17830,17830,38806,19622
9722,0,9348,19848,19848,12836,34987
9723,0,4729,15229,15229,12474,18455
9724,0,21660,35446,35446,36660,12523
9725,3,6541,17041,36774,13143,12109
9726,2,23033,35134,14943,20018,35134
9727,0,5305,15805,15805,20154,11818
9728,22,5161,15661,36078,36787,17572
9729,0,7860,18360,18360,12693,34463
9730,7,2156,12656,37714,38358,14896
9731,0,1062,11562,11562,13901,12084
9732,0,22083,34768,34768,16969,11739
9733,0,1167,11667,11667,36731,15125
9734,0,23745,35374,35374,38089,34846
9735,0,3636,14136,14136,10701,37188
9736,1,7651,18151,14862,18151,12508
9737,0,5588,16088,16088,38614,36579
9738,0,22676,35090,35090,14287,38195
9739,0,7192,17692,17692,12145,37297
9740,0,4491,14991,14991,20129,34664
9741,0,7266,17766,17766,13972,20079
9742,0,23493,35292,35292,18107,18879
9743,276,4980,15480,13494,14366,16553
9744,0,8335,18835,18835,13295,38886
9745,0,21776,38889,38889,36902,19440
9746,0,24844,35729,35729,18244,37092
9747,0,4946,15446,15446,36337,36459
9748,83,2782,13282,14164,12413,13494
9749,0,717,11217,11217,11563,14782
9750,1,10011,20511,14916,20511,12876
9751,0,2502,13002,13002,13225,20190
9752,0,4360,14860,14860,38176,34781
9753,0,4171,14671,14671,17085,19776
9754,1,8082,18582,10922,18582,35778
9755,2,21142,38601,15547,35155,38601
9756,0,395,10895,10895,37736,35695
9757,0,24676,37883,37883,10659,35336
9758,0,7186,17686,17686,36054,35749
9759,0,21245,38694,38694,36684,19876
9760,0,4492,14992,14992,17226,15321
9761,0,1365,11865,11865,20640,20814
9762,0,23448,38254,38254,13033,12527
9763,1,22586,38151,11267,38151,20614
9764,0,8787,19287,19287,37862,16578
9765,0,23525,36104,36104,16316,18184
9766,15,22892,37544,15315,37224,17508
9767,1,5917,16417,35046,16417,35888
9768,0,4968,15468,15468,15956,38363
9769,0,2914,13414,13414,20558,17581
9770,12,22008,34478,17439,18346,37384
9771,0,5644,16144,16144,38643,14787
9772,1,3766,14266,12687,14266,18290
9773,6,3440,13940,15602,38737,13901
9774,1,25090,36003,38531,36003,13010
9775,0,25068,36284,36284,19421,19087
9776,10,7357,17857,17049,19849,14521
9777,0,6806,17306,17306,15766,12916
9778,0,9879,20379,20379,16652,11426
9779,0,2143,12643,12643,35509,38734
9780,0,5104,15604,15604,14500,11462
9781,0,5073,15573,15573,18461,16187
9782,14,1571,12071,38521,12028,11795
9783,0,4079,14579,14579,35448,17393
9784,0,1122,11622,11622,19518,38354
9785,0,2786,13286,13286,10584,37806
9786,0,2967,13467,13467,11149,16148
9787,0,2504,13004,13004,38873,37685
9788,0,5988,16488,16488,38868,35422
9789,0,23431,35617,35617,14142,11672
9790,0,8867,19367,19367,12996,15476
9791,0,24811,34960,34960,14440,38667
9792,0,7164,17664,17664,19530,11545
9793,0,25481,35500,35500,16035,11075
9794,376,728,11228,20239,17078,37295
9795,0,7587,18087,18087,35658,14261
9796,0,7543,18043,18043,13951,13863
9797,0,412,10912,10912,11093,37320
9798,0,24413,35298,35298,34514,34784
9799,0,9708,20208,20208,12019,13297
9800,0,5745,16245,16245,36605,36386
9801,0,7668,18168,18168,20374,35313
9802,0,825,11325,11325,36142,12763
9803,3,3267,13767,14679,13247,18697
9804,0,3974,14474,14474,17648,18185
9805,1,8808,19308,17925,19308,20219
9806,0,8306,18806,18806,14302,15466
9807,0,417,10917,10917,18141,20878
9808,0,23396,35221,35221,17684,35280
9809,0,9817,20317,20317,12728,20485
9810,0,6748,17248,17248,35273,36612
9811,0,8967,19467,19467,12703,37593
9812,0,21600,36337,36337,18454,36459
9813,0,22055,35048,35048,36351,34468
9814,95,24435,38433,20620,18581,20121
9815,0,2082,12582,12582,36444,20230
9816,0,8945,19445,19445,12388,19358
9817,9,24687,34698,11679,14771,11387
9818,0,21055,36121,36121,11462,35550
9819,0,3373,13873,13873,12827,34680
9820,0,5726,16226,16226,19523,11886
9821,48,4107,14607,20345,12186,20203
9822,2,21056,34596,16728,20616,34596
9823,25,4380,14880,12097,38749,37341
9824,0,7723,18223,18223,36162,36675
9825,0,1066,11566,11566,35072,12827
9826,1,3913,14413,37544,14413,12415
9827,0,21553,37439,37439,14884,16011
9828,0,5536,16036,16036,37757,11185
9829,0,8002,18502,18502,17401,35115
9830,0,5387,15887,15887,20424,12639
9831,0,5732,16232,16232,20781,12419
9832,0,25321,35650,35650,15015,20677
9833,0,2738,13238,13238,13505,36315
9834,2,5052,15552,11698,12776,15552
9835,1,4000,14500,20230,14500,17483
9836,0,9760,20260,20260,20906,35002
9837,0,2427,12927,12927,12490,16711
9838,0,23071,35898,35898,19952,18497
9839,2,6833,17333,19321,17076,17333
9840,0,10123,20623,20623,18353,13368
9841,12,1687,12187,18480,14952,37719
9842,0,851,11351,11351,11605,11106
9843,0,25402,35698,35698,38556,11342
9844,0,6303,16803,16803,36062,16906
9845,0,9087,19587,19587,11209,36863
9846,0,22987,36744,36744,11162,14586
9847,18,5878,16378,18138,16787,35728
9848,0,8527,19027,19027,18417,11817
9849,2,2839,13339,13157,10966,13339
9850,0,25158,35239,35239,14238,20265
9851,0,4611,15111,15111,15957,36416
9852,0,9540,20040,20040,13471,19256
9853,1,9207,19707,15521,19707,12940
9854,0,24729,34968,34968,37525,15729
9855,0,9823,20323,20323,37973,17967
9856,0,2489,12989,12989,15409,20409
9857,2,21687,35882,36653,35998,35882
9858,0,6905,17405,17405,38408,18239
9859,0,7390,17890,17890,18158,38635
9860,0,21412,35403,35403,38106,20444
9861,0,2849,13349,13349,37664,38218
9862,22,21235,38029,36202,37312,11167
9863,0,6665,17165,17165,36980,13595
9864,0,5881,16381,16381,11001,20168
9865,0,10262,20762,20762,17828,12385
9866,6,4452,14952,15935,36434,37719
9867,0,9949,20449,20449,17044,38234
9868,0,7421,17921,17921,16440,20151
9869,0,23449,37560,37560,12055,13226
9870,0,9827,20327,20327,18944,17143
9871,3,23166,36798,11405,17963,16693
9872,0,6484,16984,16984,18573,14122
9873,0,2479,12979,12979,18934,35923
9874,0,6617,17117,17117,12691,34590
9875,0,10457,20957,20957,13278,37190
9876,0,23119,35111,35111,35995,17567
9877,0,22785,37475,37475,15814,17617
9878,0,21121,38528,38528,35196,11859
9879,0,23852,35211,35211,16664,38055
9880,2,25226,37205,38445,14258,37205
9881,0,21185,38021,38021,17632,13212
9882,0,2141,12641,12641,11981,20013
9883,0,24793,37256,37256,38796,13334
9884,0,23903,35270,35270,13794,14068
9885,0,5188,15688,15688,14443,11696
9886,1,24310,38516,36162,38516,18223
9887,0,23667,36197,36197,37392,37070
9888,0,23481,35508,35508,15253,12227
9889,1,2744,13244,34722,13244,14925
9890,0,7253,17753,17753,16932,20695
9891,1,21031,37244,18348,37244,18264
9892,0,3506,14006,14006,35424,12992
9893,0,1679,12179,12179,18094,38925
9894,1,4249,14749,37744,14749,38463
9895,0,3147,13647,13647,15041,20771
9896,0,8130,18630,18630,12666,13732
9897,0,10486,20986,20986,20212,34483
9898,0,7004,17504,17504,17951,14732
9899,1,580,11080,14518,11080,19923
9900,0,9662,20162,20162,11441,38483
9901,0,24265,36951,36951,16734,38375
9902,0,4070,14570,14570,19944,11663
9903,0,22727,37460,37460,12756,17027
9904,0,3343,13843,13843,18690,10555
9905,0,22610,37144,37144,13179,19948
9906,0,7404,17904,17904,20060,14223
9907,0,23069,36735,36735,17498,20114
9908,2,3672,14172,10958,16530,14172
9909,50,559,11059,17821,13332,37788
9910,343,5237,15737,18616,15958,17241
9911,0,7805,18305,18305,19947,17950
9912,2,22860,37367,36791,13157,37367
9913,0,22000,35001,35001,20081,16304
9914,0,512,11012,11012,36444,37702
9915,0,21673,36881,36881,18376,35451
9916,0,1081,11581,11581,19735,19964
9917,0,1664,12164,12164,36058,14846
9918,0,9204,19704,19704,16295,37743
9919,2,1931,12431,10838,11659,12431
9920,0,21394,38466,38466,18000,15379
9921,0,1150,11650,11650,36165,35571
9922,0,2838,13338,13338,16939,14161
9923,0,5949,16449,16449,16567,15422
9924,0,8308,18808,18808,13894,16326
9925,0,8932,19432,19432,17973,19184
9926,0,23435,38644,38644,11915,19972
9927,0,22165,38222,38222,34771,12234
9928,0,5177,15677,15677,12620,18283
9929,0,22360,35827,35827,38507,16436
9930,0,24045,38058,38058,19187,14122
9931,1,830,11330,37673,11330,37761
9932,3,8311,18811,12381,19819,36864
9933,7,4752,15252,12634,13554,14806
9934,1,25216,38599,17606,38599,13363
9935,0,21053,38674,38674,38929,18161
9936,15,25049,38872,16176,13898,19693
9937,0,635,11135,11135,11980,18305
9938,0,4465,14965,14965,19001,12327
9939,0,23610,36516,36516,38404,13573
9940,0,6799,17299,17299,37571,13912
9941,0,7987,18487,18487,10882,36739
9942,0,7079,17579,17579,11804,20075
9943,16,6966,17466,14681,14667,16359
9944,7,4142,14642,19045,35080,35754
9945,1,7027,17527,35683,17527,13891
9946,0,9183,19683,19683,19894,20546
9947,0,876,11376,11376,36570,14960
9948,0,4869,15369,15369,35775,19933
9949,0,5315,15815,15815,13170,17110
9950,0,5222,15722,15722,36017,20374
9951,2,4,10504,16754,18269,10504
9952,0,3051,13551,13551,36162,18223
9953,0,5691,16191,16191,15949,20282
9954,0,3124,13624,13624,20042,38230
9955,0,24992,34812,34812,34776,36567
9956,2,2491,12991,14669,12615,12991
9957,0,25366,37325,37325,34860,37371
9958,0,3854,14354,14354,36890,35407
9959,0,23605,37085,37085,11633,20350
9960,0,4777,15277,15277,12656,20416
9961,28,9907,20407,16318,13638,16760
9962,0,7509,18009,18009,12343,12277
9963,1,6457,16957,16343,16957,19293
9964,0,6293,16793,16793,16297,35673
9965,0,1148,11648,11648,18676,14271
9966,0,24727,35413,35413,20880,19049
9967,2,574,11074,18611,34811,11074
9968,0,3769,14269,14269,35868,38143
9969,44,24571,35888,13112,37410,19463
9970,1,4146,14646,12306,14646,13553
9971,0,853,11353,11353,10612,13102
9972,0,10174,20674,20674,14637,18013
9973,0,21258,34926,34926,38928,38410
9974,0,5919,16419,16419,17933,11916
9975,3,24932,37081,19709,38529,14555
9976,1,22587,37363,17703,37363,14412
9977,3,9358,19858,37729,11995,11596
9978,0,6614,17114,17114,19609,34626
9979,0,6002,16502,16502,12219,19786
9980,0,9163,19663,19663,38436,20856
9981,0,23002,34853,34853,12757,35573
9982,0,4495,14995,14995,15854,17384
9983,1,8173,18673,38424,18673,14467
9984,4,6655,17155,14555,15099,34860
9985,0,24051,35999,35999,34917,35666
9986,0,2368,12868,12868,38617,37694
9987,0,25441,36267,36267,15324,35976
9988,0,4780,15280,15280,37018,12559
9989,0,21581,36283,36283,35704,16223
9990,3,7992,18492,12173,20986,14919
9991,0,2950,13450,13450,16957,19293
9992,2,5625,16125,36857,36856,16125
9993,0,6971,17471,17471,18011,36669
9994,0,8716,19216,19216,17149,20345
9995,0,22090,34607,34607,14677,15934
9996,0,21372,37168,37168,16169,18710
9997,0,1841,12341,12341,35186,37931
9998,0,5986,16486,16486,20380,17961
9999,0,537,11037,11037,19428,16209
10000,0,2806,13306,13306,38250,36709
10001,16,5801,16301,13375,10986,37672
10002,0,5596,16096,16096,10758,15175
10003,2,7206,17706,18520,34698,17706
10004,10,7343,17843,35489,38664,38813
10005,0,21708,36493,36493,35735,18712
10006,0,7560,18060,18060,15785,17009
10007,0,8096,18596,18596,19419,38311
10008,19,21067,35327,18550,15163,13372
10009,0,784,11284,11284,36617,14211
10010,0,22982,36209,36209,12323,12110
10011,0,1409,11909,11909,10813,36394
10012,1,22214,34689,13938,34689,17216
10013,0,154,10654,10654,13216,14507
10014,0,7806,18306,18306,37000,19147
10015,0,3009,13509,13509,36802,35496
10016,7,1686,12186,37145,19846,15531
10017,0,21612,35053,35053,14457,34847
10018,0,4014,14514,14514,36186,37773
10019,0,7455,17955,17955,14700,12636
10020,0,21557,36873,36873,36936,13332
10021,0,3863,14363,14363,20517,36583
10022,0,2733,13233,13233,20826,37029
10023,0,1895,12395,12395,20178,15367
10024,0,5442,15942,15942,38235,37098
10025,0,569,11069,11069,17611,17822
10026,0,6709,17209,17209,20247,19715
10027,0,5854,16354,16354,18509,20074
10028,1,1816,12316,20215,12316,17490
10029,0,10257,20757,20757,13175,12792
10030,0,8319,18819,18819,14025,10900
10031,0,3394,13894,13894,36583,16556
10032,14,3327,13827,38424,12621,38583
10033,2,22501,38932,13223,12282,38932
10034,0,6102,16602,16602,14190,20080
10035,0,2975,13475,13475,13741,36206
10036,0,980,11480,11480,35808,19109
10037,2,10492,20992,38690,12631,20992
10038,0,190,10690,10690,35068,34658
10039,0,9331,19831,19831,19136,17232
10040,0,5088,15588,15588,17443,35579
10041,0,699,11199,11199,17338,37851
10042,0,22103,38600,38600,10869,13773
10043,0,606,11106,11106,11605,12630
10044,8,21806,36428,18206,12109,11290
10045,0,301,10801,10801,12332,37086
10046,0,3420,13920,13920,20832,11752
10047,0,21997,38665,38665,17288,17911
10048,1,1060,11560,12824,11560,17275
10049,0,21346,38016,38016,37334,20725
10050,7,21207,38801,36041,17197,15591
10051,0,22013,34717,34717,19512,11776
10052,0,3444,13944,13944,20801,37047
10053,0,1069,11569,11569,34658,36036
10054,0,24982,34676,34676,35272,18074
10055,0,2205,12705,12705,11762,18797
10056,1,9435,19935,18685,19935,35551
10057,0,7339,17839,17839,20743,17765
10058,145,8208,18708,16406,17745,15039
10059,0,7679,18179,18179,17187,14568
10060,1,22887,35272,34676,35272,10942
10061,0,23622,37463,37463,16937,20376
10062,0,4642,15142,15142,15048,20003
10063,0,7683,18183,18183,37183,15951
10064,2,21219,36906,10794,35022,36906
10065,2,9007,19507,36460,37383,19507
10066,1,7996,18496,13763,18496,17218
10067,1,21440,35219,11361,35219,13425
10068,0,24014,36700,36700,38892,15142
10069,0,5600,16100,16100,36840,17517
10070,0,9151,19651,19651,14823,37568
10071,24,7022,17522,18346,17442,16989
10072,0,4893,15393,15393,36481,15256
10073,0,225,10725,10725,19057,11069
10074,0,22099,38322,38322,16718,35188
10075,1,3354,13854,36806,13854,38823
10076,2,5895,16395,20077,15988,16395
10077,0,22716,34637,34637,35041,14652
10078,0,8754,19254,19254,35600,36052
10079,0,3436,13936,13936,18389,12990
10080,0,23384,38525,38525,11205,37921
10081,0,22074,38333,38333,36948,19544
10082,0,1693,12193,12193,13647,15870
10083,4,6893,17393,15585,13102,17266
10084,0,1045,11545,11545,10722,17664
10085,2,3446,13946,37788,36878,13946
10086,1,22981,36717,34995,36717,15222
10087,13,8050,18550,17626,37896,17055
10088,4,9146,19646,12140,14182,11131
10089,6,21920,38931,16176,19693,15754
10090,1,25149,34887,11316,34887,13874
10091,0,24424,35256,35256,36833,13562
10092,0,4735,15235,15235,35492,18018
10093,0,4496,14996,14996,19084,14094
10094,0,1218,11718,11718,14794,18483
10095,0,22963,37406,37406,11075,37792
10096,0,22890,37663,37663,11577,36701
10097,0,6015,16515,16515,37354,18214
10098,0,9719,20219,20219,19308,17925
10099,0,3987,14487,14487,38102,19203
10100,0,4911,15411,15411,38862,38866
10101,0,9492,19992,19992,19774,15075
10102,0,4493,14993,14993,19444,16055
10103,4,6944,17444,11659,10838,38029
10104,0,5699,16199,16199,16929,37424
10105,0,8352,18852,18852,11447,18845
10106,0,23385,36219,36219,18349,15942
10107,0,23386,37952,37952,13303,15145
10108,1,956,11456,15157,11456,14105
10109,0,21191,35943,35943,20602,17013
10110,0,25306,35386,35386,15765,16274
10111,0,2869,13369,13369,35923,12979
10112,0,24678,35929,35929,12352,38108
10113,0,4433,14933,14933,15318,18980
10114,0,4973,15473,15473,16784,36310
10115,3,24939,38167,18892,13914,17621
10116,13,2961,13461,13147,37462,20882
10117,1,22071,38132,35145,38132,18914
10118,8,2200,12700,14239,13341,37453
10119,0,98,10598,10598,15553,37617
10120,0,25210,38739,38739,38627,20170
10121,0,2557,13057,13057,17735,11370
10122,0,21949,35335,35335,16392,36617
10123,0,8445,18945,18945,15424,19618
10124,0,22236,36075,36075,36576,12584
10125,1,4199,14699,20414,14699,18673
10126,0,9637,20137,20137,13247,15704
10127,0,5539,16039,16039,18724,20959
10128,0,1648,12148,12148,11445,13387
10129,1,22691,36834,38259,36834,36152
10130,0,24764,36875,36875,37344,20262
10131,0,25357,36143,36143,10942,20684
10132,0,9888,20388,20388,10608,36898
10133,0,23740,35343,35343,16944,13532
10134,1,6197,16697,11729,16697,19742
10135,0,6295,16795,16795,11278,10523
10136,0,4499,14999,14999,38909,17486
10137,0,1154,11654,11654,35722,11001
10138,0,2255,12755,12755,14957,13964
10139,0,9874,20374,20374,18168,16310
10140,0,3170,13670,13670,37548,13856
10141,0,7400,17900,17900,11016,37535
10142,0,10248,20748,20748,17782,11064
10143,0,7158,17658,17658,13758,12618
10144,0,21036,36242,36242,20630,11104
10145,0,24327,38759,38759,15824,20889
10146,5,3108,13608,12069,14494,11139
10147,2,4548,15048,14555,18306,15048
10148,0,21302,35875,35875,14650,36167
10149,4,22373,38549,14714,13660,13217
10150,0,5423,15923,15923,20210,11919
10151,0,2049,12549,12549,36071,34733
10152,0,23235,37128,37128,35646,35832
10153,1,23378,35795,18459,35795,18613
10154,0,9208,19708,19708,17599,35938
10155,6,8815,19315,17741,19900,14612
10156,0,21000,38657,38657,38871,12982
10157,0,24804,38035,38035,11243,35371
10158,26,262,10762,15219,35173,14736
10159,1,21078,37882,12774,37882,37867
10160,0,24568,35521,35521,20746,35990
10161,5,4061,14561,13103,15074,18430
10162,1,5534,16034,38052,16034,12779
10163,0,21838,38446,38446,11118,38279
10164,2,22777,38217,14856,12500,38217
10165,0,6616,17116,17116,36661,15091
10166,0,8120,18620,18620,19078,13058
10167,0,8155,18655,18655,19698,18554
10168,0,1802,12302,12302,16439,15433
10169,0,4736,15236,15236,35747,11301
10170,5,24395,38943,20581,35088,20669
10171,0,2385,12885,12885,11567,11644
10172,0,6694,17194,17194,15821,38239
10173,0,5759,16259,16259,20198,34838
10174,0,1959,12459,12459,14371,16990
10175,0,2976,13476,13476,14657,17817
10176,1,8680,19180,17876,19180,37042
10177,0,1843,12343,12343,18009,12277
10178,0,1734,12234,12234,36223,36160
10179,3,2911,13411,14536,14137,16823
10180,1,24329,35371,11243,35371,18716
10181,0,8338,18838,18838,20360,18522
10182,0,22393,37782,37782,10646,17488
10183,0,1986,12486,12486,38210,12407
10184,0,9561,20061,20061,11887,38832
10185,0,6546,17046,17046,12822,18438
10186,2,21426,38203,35273,18351,38203
10187,0,7098,17598,17598,18160,18332
10188,0,2811,13311,13311,17062,11594
10189,0,659,11159,11159,15672,11318
10190,0,9986,20486,20486,15497,38672
10191,0,2511,13011,13011,13397,19987
10192,0,23437,35549,35549,12041,38430
10193,0,4282,14782,14782,20570,11202
10194,0,9339,19839,19839,12145,13331
10195,0,23371,35424,35424,16046,17129
10196,1,8800,19300,15919,19300,36987
10197,3,6287,16787,18138,35728,35014
10198,0,21519,35734,35734,14010,35584
10199,0,1930,12430,12430,38193,17261
10200,0,7125,17625,17625,15382,15626
10201,0,197,10697,10697,37491,19802
10202,0,7777,18277,18277,36363,14222
10203,0,2931,13431,13431,13840,20839
10204,0,8004,18504,18504,15282,15025
10205,0,2327,12827,12827,35072,15133
10206,0,4389,14889,14889,14968,37837
10207,0,8958,19458,19458,35442,14364
10208,0,24509,36648,36648,14845,11604
10209,0,4218,14718,14718,34663,12149
10210,0,24428,35407,35407,16217,11442
10211,14,202,10702,12153,38221,14645
10212,0,3510,14010,14010,16852,13649
10213,0,4931,15431,15431,37438,35158
10214,0,23860,38542,38542,18698,13013
10215,0,5535,16035,16035,12830,37406
10216,8,9925,20425,20970,13165,36672
10217,0,5791,16291,16291,35902,14595
10218,0,24456,34929,34929,17375,20268
10219,0,1707,12207,12207,11004,20908
10220,0,5172,15672,15672,11159,11318
10221,0,5249,15749,15749,15608,10757
10222,0,21719,37909,37909,19777,20854
10223,0,21305,35626,35626,20131,15210
10224,0,6528,17028,17028,15409,37955
10225,0,21578,38736,38736,10953,35110
10226,0,5855,16355,16355,13196,19056
10227,0,8164,18664,18664,15190,17109
10228,0,854,11354,11354,14007,38084
10229,0,21296,37837,37837,11530,35093
10230,0,21369,38515,38515,37839,17145
10231,1,4737,15237,37697,15237,14873
10232,0,22235,36249,36249,36103,35410
10233,1,10352,20852,20600,20852,18182
10234,0,698,11198,11198,18905,18063
10235,0,24006,35304,35304,18374,35216
10236,0,22884,35151,35151,20540,34594
10237,0,3696,14196,14196,38113,37479
10238,0,1636,12136,12136,20388,38616
10239,7,7280,17780,18071,12436,34722
10240,1,7554,18054,20139,18054,12233
10241,1,22257,35609,17465,35609,11866
10242,0,3581,14081,14081,18472,15136
10243,0,1291,11791,11791,17372,16384
10244,2,24682,36811,36512,12867,36811
10245,66,6585,17085,13090,36730,15025
10246,0,21895,37768,37768,12946,17397
10247,2,1853,12353,35810,12224,12353
10248,0,5232,15732,15732,37744,14749
10249,0,3763,14263,14263,20722,15447
10250,0,3304,13804,13804,16074,36613
10251,4,1495,11995,16855,37729,11596
10252,0,24554,37879,37879,17920,14695
10253,0,25167,35895,35895,18077,18866
10254,0,21285,35597,35597,36519,11286
10255,1,7994,18494,16546,18494,18609
10256,1,1998,12498,37285,12498,35212
10257,0,663,11163,11163,36156,19174
10258,0,22685,36931,36931,13757,11589
10259,0,21953,37505,37505,19846,20135
10260,0,3748,14248,14248,19166,18495
10261,0,4413,14913,14913,20985,13819
10262,17,22961,36896,14721,19794,17813
10263,0,5530,16030,16030,17661,17468
10264,0,5575,16075,16075,17973,14730
10265,0,8901,19401,19401,13044,19749
10266,0,7526,18026,18026,17156,35541
10267,0,9474,19974,19974,19869,17041
10268,63,5864,16364,38267,37254,11027
10269,0,22466,37220,37220,11044,11306
10270,0,25266,34827,34827,17985,12276
10271,0,6776,17276,17276,13333,14988
10272,0,23494,36181,36181,35151,37854
10273,0,1306,11806,11806,19067,18679
10274,0,24907,37648,37648,13149,37076
10275,0,23440,37656,37656,14909,11080
10276,0,7392,17892,17892,18005,17381
10277,1,10429,20929,11638,20929,34600
10278,0,24528,35454,35454,13720,36492
10279,0,5592,16092,16092,12348,15585
10280,0,10230,20730,20730,16444,14132
10281,2,9721,20221,14773,34832,20221
10282,0,1663,12163,12163,13808,14277
10283,1,5450,15950,17386,15950,20524
10284,1,24481,38862,38866,38862,11984
10285,0,23030,38891,38891,34851,13881
10286,1,3627,14127,18503,14127,20185
10287,0,23821,37891,37891,11367,19711
10288,0,24383,37299,37299,34552,34992
10289,20,21065,37043,18074,11997,35272
10290,1,2693,13193,12570,13193,18219
10291,0,22562,35212,35212,37285,12498
10292,0,9789,20289,20289,38091,20979
10293,0,22554,34881,34881,11378,18046
10294,0,22107,34777,34777,19338,19786
10295,1,5915,16415,14508,16415,20203
10296,0,3157,13657,13657,15543,13743
10297,0,22047,35466,35466,14643,18141
10298,10,9914,20414,12621,38424,38583
10299,2,21284,37431,16968,35759,37431
10300,1032,6668,17168,20023,15411,19242
10301,0,1059,11559,11559,12289,38207
10302,0,4636,15136,15136,17757,34611
10303,1,3242,13742,18985,13742,20665
10304,1,1678,12178,12670,12178,12665
10305,1,6892,17392,35124,17392,38838
10306,0,6374,16874,16874,11811,35353
10307,0,7574,18074,18074,36657,37829
10308,0,1757,12257,12257,12827,14289
10309,0,6019,16519,16519,13770,36220
10310,2,21124,36343,12869,12853,36343
10311,0,5116,15616,15616,36739,11631
10312,0,8755,19255,19255,15918,15574
10313,0,7408,17908,17908,38653,13917
10314,0,2790,13290,13290,13144,20276
10315,4,863,11363,35875,14650,36167
10316,2,7858,18358,18489,20974,18358
10317,2,1484,11984,34947,36406,11984
10318,0,7035,17535,17535,10940,35871
10319,0,7721,18221,18221,37336,10877
10320,0,5977,16477,16477,19617,16332
10321,0,5134,15634,15634,14443,12663
10322,0,206,10706,10706,10757,36161
10323,42,4488,14988,18708,37182,13321
10324,0,6938,17438,17438,35314,35340
10325,2,9062,19562,38659,17030,19562
10326,33,23897,36645,36766,38198,37927
10327,38,6910,17410,12660,15836,35197
10328,0,502,11002,11002,38390,16386
10329,0,7385,17885,17885,13006,17906
10330,0,1028,11528,11528,37018,18834
10331,0,3840,14340,14340,12141,15578
10332,0,24309,34842,34842,19540,14710
10333,0,22082,37733,37733,37189,19671
10334,0,8110,18610,18610,38163,34641
10335,0,5056,15556,15556,18290,19567
10336,0,9762,20262,20262,14232,14473
10337,0,8154,18654,18654,14624,13738
10338,0,21117,34925,34925,19614,14952
10339,0,25240,38143,38143,35868,36102
10340,0,2731,13231,13231,19998,35652
10341,0,21508,38394,38394,18238,17810
10342,0,8996,19496,19496,35028,15905
10343,0,24658,37999,37999,10797,20805
10344,22,22124,35797,37731,20168,37963
10345,0,2454,12954,12954,16601,20385
10346,0,22752,36750,36750,15654,16320
10347,0,7215,17715,17715,11155,34868
10348,0,3104,13604,13604,11143,13233
10349,0,23991,37027,37027,14474,36959
10350,2,25380,38111,37451,15636,38111
10351,1,8392,18892,17442,18892,16182
10352,0,6278,16778,16778,36778,37474
10353,0,3099,13599,13599,10848,37543
10354,3,6184,16684,38269,37803,38728
10355,1,10470,20970,35442,20970,20912
10356,4,3561,14061,36878,12310,37788
10357,0,5892,16392,16392,14211,36076
10358,0,23504,36626,36626,15311,11555
10359,0,22652,38584,38584,15349,14857
10360,1,23865,36666,19567,36666,13130
10361,2,21559,37946,16325,13220,37946
10362,0,391,10891,10891,20425,11211
10363,0,6736,17236,17236,37764,38030
10364,0,5618,16118,16118,37556,36530
10365,6,5258,15758,12792,38647,13301
10366,0,9687,20187,20187,10736,15868
10367,1,2695,13195,17454,13195,38655
10368,0,2027,12527,12527,15584,38254
10369,2,22522,37400,19282,16740,37400
10370,0,5463,15963,15963,37239,16241
10371,0,2568,13068,13068,14122,12492
10372,0,8006,18506,18506,36734,13529
10373,1,64,10564,13065,10564,18982
10374,0,23804,36036,36036,12185,15541
10375,0,2062,12562,12562,12390,16915
10376,0,5276,15776,15776,14657,36332
10377,2,7208,17708,13106,37894,17708
10378,0,8684,19184,19184,17051,16075
10379,0,8571,19071,19071,36986,20228
10380,0,6331,16831,16831,16867,16845
10381,0,4859,15359,15359,18813,19945
10382,27,25379,38512,20380,12250,17961
10383,0,23306,36145,36145,12522,16293
10384,5,4887,15387,12676,12747,15854
10385,0,9268,19768,19768,16295,13668
10386,0,878,11378,11378,35086,35095
10387,0,8529,19029,19029,12659,34675
10388,0,7916,18416,18416,19116,13682
10389,2,6863,17363,19605,18722,17363
10390,0,7892,18392,18392,34826,13787
10391,0,6439,16939,16939,14681,13338
10392,101,7869,18369,37222,11211,16553
10393,0,1016,11516,11516,17583,19359
10394,0,9467,19967,19967,20832,18237
10395,0,25190,35950,35950,20914,34736
10396,0,7629,18129,18129,38692,15649
10397,1,21151,36703,34802,36703,11367
10398,0,23562,35494,35494,15985,14418
10399,0,21976,37063,37063,15444,16992
10400,0,23738,38565,38565,20443,15308
10401,0,995,11495,11495,11115,20857
10402,82,10173,20673,18650,34831,11413
10403,2,4297,14797,11463,37955,14797
10404,0,161,10661,10661,36086,15446
10405,5,5675,16175,13827,38654,38583
10406,0,6873,17373,17373,35577,12965
10407,11,22830,38697,16699,20665,11172
10408,0,22326,36950,36950,19975,20067
10409,0,9692,20192,20192,15707,13241
10410,0,7989,18489,18489,34962,16042
10411,0,3843,14343,14343,12571,17838
10412,35,23485,37377,36135,37312,14182
10413,0,24308,34765,34765,17849,16318
10414,0,24054,35613,35613,36938,13894
10415,0,1021,11521,11521,14700,13056
10416,1,3073,13573,15860,13573,12181
10417,0,7555,18055,18055,17093,37960
10418,0,3943,14443,14443,15688,12663
10419,0,1585,12085,12085,19837,14055
10420,0,10147,20647,20647,18945,36444
10421,0,3152,13652,13652,15793,11273
10422,0,24524,38501,38501,20914,13367
10423,1,8226,18726,10820,18726,17560
10424,1,24969,36166,36502,36166,15262
10425,0,775,11275,11275,35165,37290
10426,1,24108,34708,14516,34708,18221
10427,0,9670,20170,20170,18590,37065
10428,0,7099,17599,17599,35443,35355
10429,3,5486,15986,14527,37764,13154
10430,0,6235,16735,16735,36391,14254
10431,0,9555,20055,20055,36537,37982
10432,0,7041,17541,17541,34833,16456
10433,1,2612,13112,35755,13112,15110
10434,0,7513,18013,18013,37897,11860
10435,0,25052,34976,34976,16252,34977
10436,3,10233,20733,13081,11910,20527
10437,0,8433,18933,18933,35261,13161
10438,0,10253,20753,20753,17468,38110
10439,0,21259,34515,34515,17257,34727
10440,132,8792,19292,13603,34992,14098
10441,0,24028,34587,34587,13355,19182
10442,0,5393,15893,15893,16198,36017
10443,1,24974,38462,38340,38462,16530
10444,0,25199,35040,35040,19203,34802
10445,0,22940,38316,38316,38349,38716
10446,0,8838,19338,19338,34777,16641
10447,0,3890,14390,14390,13818,35901
10448,27,3556,14056,15632,37955,37574
10449,0,24683,35354,35354,14740,15276
10450,0,1528,12028,12028,38521,38952
10451,14,1267,11767,12376,18138,11392
10452,0,7734,18234,18234,17476,17852
10453,0,1899,12399,12399,38912,10772
10454,605,4658,15158,14988,38306,37106
10455,0,3005,13505,13505,34590,17117
10456,0,2734,13234,13234,19401,19668
10457,4,189,10689,16825,11581,19735
10458,2,9998,20498,19469,11498,20498
10459,0,9167,19667,19667,13011,13397
10460,0,2747,13247,13247,12398,14863
10461,0,2047,12547,12547,18117,35877
10462,1,7849,18349,20896,18349,36262
10463,0,2558,13058,13058,14218,11864
10464,1,9274,19774,15928,19774,14058
10465,0,8666,19166,19166,36400,11130
10466,0,22539,35056,35056,35783,12390
10467,0,24278,36995,36995,37270,11595
10468,1,6396,16896,37736,16896,35695
10469,0,23929,36269,36269,36867,15789
10470,0,3385,13885,13885,17928,14126
10471,5,4555,15055,37273,12671,14449
10472,0,1184,11684,11684,37614,13276
10473,0,6420,16920,16920,15630,18913
10474,0,5051,15551,15551,19356,17845
10475,1,5311,15811,12514,15811,38746
10476,0,2433,12933,12933,36960,34896
10477,0,6949,17449,17449,19843,36500
10478,0,24566,37763,37763,17436,34666
10479,0,22651,34543,34543,38608,20614
10480,10,769,11269,36784,10505,36977
10481,0,1685,12185,12185,34562,14722
10482,0,8322,18822,18822,19115,13190
10483,0,23186,35071,35071,14685,15214
10484,0,21010,35323,35323,19992,35449
10485,0,21133,35596,35596,11890,13065
10486,0,24352,38383,38383,16055,34686
10487,0,5578,16078,16078,34671,34577
10488,0,4426,14926,14926,34828,16719
10489,0,21082,37486,37486,38561,14681
10490,128,466,10966,37543,10848,37222
10491,0,6265,16765,16765,10996,38214
10492,0,5734,16234,16234,15011,37958
10493,1,25343,35244,14466,35244,16826
10494,0,24163,35924,35924,10794,10806
10495,0,5191,15691,15691,15955,37571
10496,0,23121,37378,37378,15432,36368
10497,14,5390,15890,20811,37561,20820
10498,0,860,11360,11360,13094,11057
10499,0,7270,17770,17770,16069,38735
