idx,rank,query_id,gt_id,ret1,ret2,ret3
0,940,5546,16514,28604,27016,26340
1,1813,1112,18854,22870,22373,15675
2,2488,12003,24069,24352,28924,25335
3,7081,1998,15486,17496,17469,15243
4,477,2339,15916,22226,19500,18489
5,44,13374,28132,27625,26062,24741
6,0,6738,25248,25248,24445,26008
7,306,11261,26636,26327,26008,29123
8,625,727,18334,20762,28819,22460
9,395,8385,20764,18220,18959,19844
10,77,12952,19459,18220,22538,23310
11,397,9971,30065,25813,25463,28752
12,1316,2419,26411,22602,23992,27973
13,1101,8847,23634,28700,17469,29081
14,593,5632,28266,24940,24505,21397
15,5594,6869,15838,23579,23566,18948
16,178,8777,23776,24349,27354,27625
17,168,6649,27619,28134,27910,27011
18,170,10206,20481,16039,17983,23253
19,46,13270,19422,17983,23664,23661
20,1690,14507,26861,28493,28293,26514
21,3650,5547,24955,25627,24071,22226
22,2281,14467,29018,28475,27263,26517
23,128,4843,26524,27537,23713,27724
24,1420,11648,18393,22848,22758,15374
25,3074,4118,17025,23588,21755,17253
26,1495,2645,28834,28899,15159,24402
27,3746,8775,24041,26200,25964,27121
28,196,1808,26847,27782,28333,26058
29,44,9697,29171,14965,23993,26246
30,94,12204,23218,18767,21495,15675
31,0,2037,25643,25643,29012,29027
32,5470,10108,30125,27045,29937,30075
33,4902,521,27606,28969,28565,29600
34,3622,2718,17375,20108,20556,23190
35,465,13478,24386,24903,24131,27240
36,4761,4922,29214,17650,22226,21694
37,575,1358,14953,27762,28972,29778
38,7313,10892,26449,17154,28784,26679
39,1310,14296,24710,23214,19920,22877
40,2480,11135,27353,25143,25045,24368
41,235,9142,21233,23175,16764,22149
42,189,10951,23407,23310,22633,18220
43,1180,3819,26477,18220,17205,23310
44,1194,1956,19291,23700,21725,22373
45,31,4126,19693,21289,22226,17748
46,344,13730,16326,14977,15379,16750
47,156,4516,29319,28433,24400,27928
48,54,516,29933,24931,30101,16052
49,528,2383,20678,19584,17630,18959
50,938,3983,24194,25404,14977,23929
51,2905,4609,29034,25066,28888,28987
52,59,2018,23803,24973,25120,25212
53,666,2410,26033,27302,20745,26975
54,461,8500,26832,30083,26079,29970
55,5335,11168,29913,23175,23244,22870
56,75,8966,19029,20242,21248,23023
57,8367,4178,25180,19716,15497,21735
58,51,3247,21877,14977,26965,19189
59,2300,2735,23229,15275,22408,18968
60,124,8435,25066,27681,23730,24349
61,624,9255,27858,29958,24550,30122
62,4742,853,19169,18220,23545,22538
63,2,7477,23071,16337,20781,23071
64,1794,6391,16179,22677,20924,23670
65,452,9012,22841,18489,22226,19869
66,532,3934,23255,16750,27714,17469
67,3128,8645,27780,26138,26089,27569
68,303,13654,30013,25917,30063,28077
69,1089,10123,17301,19928,18187,23585
70,2976,12066,25137,22888,26033,18286
71,74,11497,27143,24360,25590,25036
72,937,2113,29295,19201,29793,27400
73,12,2589,24826,26861,27493,27733
74,0,3515,30019,30019,29958,30029
75,16,11751,27859,26664,28393,27767
76,508,2716,28186,30270,23375,17469
77,16,6070,29520,20820,21152,16042
78,15,9001,27157,15005,15362,24702
79,22,3833,16161,16493,20781,26768
80,437,14137,26568,24081,26609,28201
81,236,7489,22628,18220,23243,23310
82,52,2009,16042,22494,21794,16915
83,2345,6563,23969,27960,29550,29344
84,220,11801,16485,22351,15641,18457
85,110,8793,20525,21682,16042,17517
86,4416,11059,23394,23215,20553,25315
87,192,6854,20326,22538,21101,23310
88,1510,9430,22393,29543,22226,21101
89,1841,7034,24230,28063,23700,29152
90,5191,8640,29317,23156,17983,19804
91,844,13762,28704,27927,26746,28034
92,511,1701,24447,21980,18591,15834
93,4071,1119,22643,21821,18794,20687
94,327,5210,23169,18767,17270,23215
95,3256,6396,21220,28522,28477,30319
96,11,10621,28517,29814,24610,29800
97,131,13901,25777,28028,24296,25313
98,139,13144,28211,27525,26481,24403
99,105,9431,28149,22226,22373,23700
100,6424,14377,20339,19408,25885,23411
101,430,9619,17123,22226,18220,19479
102,2146,7204,15469,19920,22528,22606
103,303,3987,22484,18220,17983,23597
104,654,6051,17423,23357,21694,15664
105,125,8,30062,27514,30029,29970
106,63,3196,17692,20162,30117,21939
107,1532,9523,24390,21430,16874,17619
108,2035,6267,28031,22149,22226,29141
109,9,8837,29550,29578,30317,30179
110,308,2842,28978,22518,26736,28200
111,1301,8594,28049,25530,23211,28325
112,833,8801,18252,20553,21663,21481
113,844,3677,19904,21914,21652,19201
114,14,4545,24373,27608,24368,15016
115,0,13571,25090,25090,25761,18921
116,669,326,24716,24024,26008,26812
117,3391,7024,24846,27949,21215,28222
118,2331,3169,16534,22948,23215,23670
119,1075,6835,26009,28925,24615,24447
120,5882,4375,29089,20522,21682,18032
121,94,4168,27410,26968,28773,28164
122,120,1397,26679,30190,29881,29134
123,22,2187,15002,23803,24016,26575
124,53,5080,28293,26904,26233,27110
125,1,10023,27121,26628,27121,25513
126,3357,14128,27638,20904,22767,20759
127,2102,14496,25459,25963,24978,26470
128,247,12556,25463,24515,29939,29282
129,1438,10735,21269,16042,19920,17469
130,2012,450,28829,22958,29300,22145
131,487,12332,28252,29436,30072,30261
132,2719,14035,28076,25841,15127,26362
133,1707,1331,24193,26994,26087,24145
134,177,7062,30002,29938,29988,29947
135,287,287,21072,22226,18125,20924
136,3026,13397,26648,17885,26419,22602
137,43,10781,15946,16042,20759,17141
138,1437,3473,20005,27852,17127,21804
139,77,1361,16465,19612,23310,23545
140,1948,6519,18324,20560,20759,20093
141,3208,8010,23840,24500,24505,27464
142,534,12813,26698,24131,24209,24402
143,848,1668,23097,16005,29521,23215
144,1243,4149,22266,22142,22518,19120
145,395,2313,25030,29542,22554,29611
146,68,3243,20558,20924,23215,23670
147,2572,4389,27480,26311,24985,24351
148,4128,14283,24625,17469,17983,23634
149,5464,3002,24998,19535,21425,22520
150,1,4608,23457,26441,23457,28449
151,635,11887,15042,26267,27125,26647
152,2763,7349,20807,22422,22226,16555
153,2056,6327,21627,21821,20728,18860
154,2027,3739,22085,22226,21101,21899
155,16,13986,27573,26614,25205,24533
156,4668,11299,25578,26815,21821,22226
157,189,3653,28249,28273,23661,24251
158,65,799,29644,29674,25171,29161
159,1653,2784,18160,20759,22606,22662
160,4839,4465,28843,20183,25203,18860
161,3198,8496,27087,29459,21943,22698
162,9,9091,25553,23833,25402,25263
163,7,12517,25438,28325,26028,26628
164,1025,6739,26952,26331,27130,23771
165,587,13455,26186,25050,26377,26364
166,4,539,24016,24917,15087,29123
167,156,7450,25797,27469,24147,27228
168,504,4457,26447,27392,24323,25643
169,2755,5353,21818,20759,26765,16059
170,6466,1129,15023,15599,20534,23523
171,7203,12317,15476,21506,22874,16606
172,492,7615,28239,27774,24445,25240
173,5933,11210,21012,17469,28700,17496
174,1128,11346,25384,27767,23719,26715
175,1812,6939,17742,21495,15605,23175
176,1643,972,30343,17371,22226,22996
177,203,864,20671,18220,22538,15572
178,2746,914,26078,27756,28205,24041
179,2990,11653,24291,28561,25058,24833
180,1213,9225,26848,22226,26594,26136
181,588,8143,26495,25404,28314,21914
182,2731,12296,28364,30051,26927,19606
183,208,3174,18299,18220,23595,19804
184,529,13019,15935,20477,22538,21101
185,177,6923,28285,27469,26628,25530
186,157,6452,16214,18695,23670,22226
187,3086,8617,15104,17469,21914,18139
188,149,12083,20833,18014,18591,16764
189,3088,9605,19211,23670,22226,20590
190,4989,1198,29496,28362,23791,26782
191,738,9520,23234,21943,22408,22698
192,32,657,15073,15166,23929,24938
193,75,7443,28314,29027,27779,17751
194,120,8485,26036,28194,29295,28415
195,4479,8729,15244,22100,17827,20831
196,28,13004,16384,30165,30215,22390
197,89,5280,23783,25748,25093,26715
198,124,905,30119,29059,30090,28628
199,458,6446,25478,20635,28634,29027
200,709,6807,23844,30270,17469,27822
201,3118,1806,23320,22430,15959,22050
202,4,11406,25970,16923,28884,15006
203,4314,8389,21928,22226,19928,23057
204,31,8958,15802,15820,23310,23622
205,114,7596,23601,18220,23310,22538
206,456,8434,20490,22226,21145,20477
207,96,4978,23718,28320,26494,28773
208,1113,7597,27139,22554,17469,22368
209,635,4182,22720,18767,17983,20184
210,6487,10425,22347,21696,28333,22971
211,1571,4079,22782,22226,17650,19693
212,31,2737,29091,29402,23707,29388
213,1594,3326,22286,29027,27822,20414
214,36,420,21004,22538,22149,20477
215,496,10384,29527,28096,27461,29658
216,1109,7179,28416,28439,19920,17310
217,1676,10127,24355,26575,23945,26950
218,2429,2114,17668,29778,27762,29666
219,2291,344,25326,20791,19120,27040
220,39,14109,20178,16377,22616,21358
221,6272,8419,27742,27239,23868,17469
222,2142,4181,22681,23024,22682,20522
223,132,9157,24432,15139,28294,25315
224,3316,3505,25918,19928,28673,25643
225,1565,7404,27516,24285,30156,26553
226,0,9258,20475,20475,23545,22226
227,56,6985,23409,23023,23175,15572
228,1358,9325,23607,22707,19542,22231
229,85,6841,25834,26292,24076,27461
230,78,11938,20236,19350,16764,23277
231,382,6675,23834,26338,24042,27461
232,80,13276,20956,22633,22616,15856
233,2431,13153,26205,15016,24172,24714
234,11,8502,24020,29568,29680,26184
235,667,9412,26088,25530,27130,25045
236,14,7248,29004,20833,15842,29734
237,407,14874,26851,24783,26478,24875
238,465,1275,17911,29555,22989,27384
239,475,4936,19778,15668,20560,20820
240,362,6662,27116,19120,19217,14979
241,4051,2001,28980,17205,25176,29119
242,0,2604,26563,26563,24217,29638
243,363,44,16458,20303,20543,22874
244,3989,11034,24237,29315,23192,26202
245,282,5804,23589,25203,19693,17983
246,1215,1475,20852,23310,17076,22749
247,874,6404,22462,15009,19107,23175
248,245,6986,27555,26077,26999,15012
249,4881,6462,29652,30270,29419,29793
250,702,12932,26550,24890,27169,25045
251,0,9783,15297,15297,22864,20128
252,73,11670,24215,24781,25403,27105
253,160,2142,25973,25934,24512,24042
254,3870,4165,26917,27740,23339,26364
255,923,11928,24262,28889,27860,24389
256,629,5088,29435,16042,30270,19404
257,89,7174,27952,29968,29982,29948
258,769,10606,28488,24684,23700,24665
259,292,8078,19065,16750,22962,22554
260,4341,5019,26631,27578,15265,29962
261,3726,4097,22296,19546,23576,20765
262,7517,11617,28403,20473,25315,26102
263,143,10597,26808,26192,27774,27105
264,621,568,15199,30012,29946,30055
265,394,4916,23260,17320,21754,23190
266,0,3463,18427,18427,23566,22226
267,7255,5950,24195,23834,27228,26542
268,43,8201,28331,25858,24290,24128
269,6036,13862,21672,22538,22948,22149
270,51,4932,15480,19612,15572,18220
271,365,9498,26081,28782,27469,26729
272,17,2460,22437,22970,22226,18220
273,410,12755,18558,21101,22538,23545
274,5485,8968,26659,25133,25424,27922
275,2622,12498,21427,22874,22958,21775
276,1096,8162,16667,23310,22538,21101
277,151,14118,15842,23310,17049,19542
278,1262,2778,15300,27762,15001,24040
279,4528,624,17347,21101,22226,18948
280,2527,11563,16351,25729,27638,25734
281,2149,2225,25914,26539,23707,24633
282,546,5312,16103,28559,28987,26913
283,25,4513,28200,22408,17496,20560
284,5585,4016,25772,29793,24026,20560
285,641,1316,27321,21980,19661,20303
286,106,4382,19166,15712,17717,30031
287,2768,12463,25115,23487,21456,22626
288,470,8278,27179,27121,24402,24445
289,166,9013,27625,24408,28773,24100
290,692,3033,23603,20597,21343,22423
291,46,608,21101,22874,20427,22958
292,4914,4419,23156,20759,19201,22142
293,27,6133,22698,23215,21067,22870
294,42,1391,27981,30270,29793,28651
295,1284,5424,21696,22226,20975,17371
296,2753,3764,28648,29027,29518,29152
297,346,5816,20226,23670,20481,17983
298,1938,12603,19018,23700,22226,22858
299,869,2446,19461,22226,23057,21101
300,7141,10852,22829,21325,17469,27288
301,748,12271,25437,29023,25761,26620
302,73,12222,20594,23310,17205,22858
303,0,2529,18530,18530,16623,17726
304,4075,4326,28123,16042,16811,16347
305,5876,9923,26691,29988,29938,29947
306,1474,1632,26904,24131,28782,29380
307,1140,2954,29391,17630,28784,26897
308,1,10231,19789,23175,19789,22226
309,4086,6450,20319,22226,23175,19500
310,4847,11089,18997,22971,17270,22643
311,5437,11244,28083,25056,23824,27411
312,1600,1038,23854,24557,24081,24541
313,2280,2351,29125,27394,27121,26729
314,483,8702,29702,19901,28923,28634
315,3161,2368,17578,23215,23700,22971
316,1,2280,28177,26362,28177,19857
317,256,438,23024,23751,18104,16128
318,1,3524,27291,28392,27291,28462
319,31,13821,23887,24481,29162,26408
320,0,2134,27854,27854,22226,20975
321,213,5765,19262,18742,22226,21101
322,288,3683,16257,16764,22149,21694
323,3423,9981,21990,19124,22528,21914
324,505,6790,16687,20477,22226,19734
325,281,2318,25119,24147,26926,29595
326,911,5162,30051,30026,30043,30029
327,37,7303,25136,28770,27029,27821
328,785,9652,28134,28559,23472,25249
329,5993,2364,30149,30047,30019,29272
330,8195,5053,28395,28700,17469,16268
331,8,13858,27153,24806,28812,29578
332,3310,1868,29272,29974,24516,30028
333,45,9712,29394,30085,29549,29358
334,1113,8494,25793,24495,25402,25140
335,4114,8900,28813,22679,27042,19396
336,159,8231,28971,23215,22698,29146
337,1195,1336,20383,23175,22514,23215
338,16,3900,27844,26381,24507,23755
339,1030,11067,21628,23545,18220,22858
340,410,2420,22821,16402,20924,21980
341,5127,2913,20095,17983,19693,23597
342,4820,2073,25677,14977,27497,23918
343,0,9995,25839,25839,27860,25945
344,4850,9666,30234,20543,21495,23175
345,153,13898,29324,28782,25530,25094
346,2254,8453,29390,29335,29344,28165
347,1569,426,15704,15605,21682,18767
348,1565,10661,29358,25210,30066,26814
349,0,13269,22105,22105,22972,20271
350,1194,8489,23483,18220,23595,23310
351,3241,8700,28072,19189,20759,22606
352,1547,13065,24673,25510,23880,24549
353,19,11363,14971,20388,18629,23683
354,289,9601,24142,25709,24475,28773
355,2699,9646,22963,23310,23545,21101
356,3920,8040,18127,21821,22232,22226
357,257,8579,16043,23670,21343,20924
358,286,5649,22959,20292,28379,17494
359,1115,2464,27357,30064,28169,24266
360,20,13776,24824,14967,26718,24605
361,350,12146,22269,20820,19201,17469
362,5927,8756,23675,17469,27288,29793
363,25,9779,24828,25460,14967,25589
364,4724,5870,26364,26199,22749,25204
365,152,9269,26433,24507,25564,24534
366,3862,1505,16680,17630,16764,20890
367,647,3571,20742,16210,22634,23215
368,139,2462,29931,29938,29988,25499
369,1,14768,29009,24140,29009,27056
370,1393,12900,29647,29154,14957,27065
371,590,2235,24008,28222,24790,25742
372,4304,10137,18059,22538,21101,23545
373,3558,8570,28368,19350,16764,18591
374,326,8384,15688,23310,19768,22749
375,161,3190,25112,24696,26628,27028
376,539,5937,26217,28773,25709,24767
377,8084,2600,23659,19920,22554,26607
378,1657,2772,29580,22226,29543,23700
379,3770,762,24836,29027,15187,25805
380,84,4413,28342,26968,28773,23929
381,7,206,27994,27648,20759,19505
382,453,5890,23592,17983,22280,21748
383,1497,9382,23519,20742,21775,17983
384,101,7839,25927,28773,24100,25083
385,3422,8359,21913,18220,23595,15572
386,2755,3131,28714,27615,29195,20728
387,94,7764,16558,23670,22870,16623
388,3525,1571,25524,23375,20820,29058
389,1911,5145,26093,26594,17884,26897
390,4387,8974,19999,17630,22232,20890
391,102,4959,26502,25083,28773,25119
392,2511,9855,25913,27249,27239,24441
393,3350,14911,22490,29892,27483,29465
394,261,2057,30317,17270,19042,22518
395,995,9309,16927,22634,20543,21189
396,279,12822,24362,24255,29123,24814
397,1563,7378,22069,22874,22753,22226
398,69,6648,21283,21725,17270,22659
399,594,945,28565,20759,27120,26864
400,7,5754,25140,25444,24744,25462
401,19,2378,28446,26693,25093,24529
402,155,7541,25709,27643,27770,26377
403,2,13172,19787,23438,18141,19787
404,422,6088,20216,23310,22948,22538
405,4900,10528,28539,22662,22361,23437
406,81,5915,26756,28707,29300,19901
407,7310,10931,29362,22518,19832,17469
408,67,9913,30076,30062,30113,28752
409,809,7237,27021,27143,27537,24190
410,7373,552,15094,18895,26797,22698
411,3,7828,30102,25210,29983,30026
412,12,12073,17245,18742,21101,22874
413,3250,1116,19316,22514,21152,21914
414,1479,1142,23467,23310,23085,22538
415,8197,8462,23798,23361,22708,21422
416,691,2900,21997,23700,22232,19740
417,3672,12299,20949,18285,20759,22606
418,3767,7003,21972,17371,23595,16005
419,4550,8969,28231,28651,28804,28939
420,2575,1268,22254,17236,20213,29224
421,16,13531,28034,29639,29673,24905
422,389,4339,23799,29043,23771,25729
423,1500,982,28269,25622,24214,28141
424,732,14280,23598,21358,21756,19542
425,11,749,18104,19626,20944,19525
426,78,14532,27378,24739,25576,25727
427,462,3477,16923,15001,27762,24040
428,45,5735,19113,21804,19768,20926
429,1179,4131,28815,30110,30031,29084
430,127,6515,16252,20506,23175,21495
431,111,10944,25400,24402,26718,14967
432,111,13279,27538,24033,25045,26484
433,1,7116,29344,28455,29344,27949
434,0,3752,19026,19026,19595,22705
435,53,6059,24261,27910,27860,27859
436,40,6540,24499,25803,26381,26668
437,2842,8396,25321,26419,23711,24720
438,1109,3330,21642,16764,23175,20597
439,711,5124,19315,22226,16650,23057
440,58,4395,24887,26487,26965,28366
441,88,3282,19740,22874,23545,16485
442,1372,8317,22884,23310,22538,18220
443,1278,898,17983,19124,15668,21914
444,4688,3948,21466,23215,21725,19120
445,5323,4432,25105,29793,20560,22864
446,3944,10058,24506,25402,25364,24130
447,4336,8828,25881,23700,15599,15982
448,4871,1386,30203,17129,16764,15297
449,1773,11698,24437,28894,24166,24479
450,1027,10609,22424,21343,23566,19350
451,4440,9778,26892,25315,21980,18137
452,828,7958,28178,24217,25130,26968
453,5068,12710,22712,22226,23310,23664
454,101,12442,17494,22149,19693,22232
455,0,2372,25761,25761,19901,25047
456,267,2779,23664,19804,19768,16097
457,474,1187,23915,23457,27105,26441
458,2280,12163,25885,27910,24045,27616
459,1692,505,29094,26897,23878,29518
460,173,9028,26077,16764,23175,21694
461,2882,10215,27381,26389,26675,25047
462,188,2676,20011,20861,23700,23310
463,15,2452,27137,24400,28488,29231
464,3181,1101,17224,20477,21101,23675
465,2893,1145,27698,27460,26184,23717
466,16,3217,26137,29344,20759,27095
467,0,10457,17150,17150,21651,16285
468,3329,5082,24774,24696,23947,24630
469,1,3438,19116,23310,19116,22538
470,3085,8307,27575,29543,21821,29084
471,60,7569,17407,17686,16097,19768
472,2873,2991,30329,15297,19120,22650
473,742,6868,28255,24131,24147,28134
474,906,8263,29037,26826,23919,24697
475,61,10269,25812,23803,26575,25140
476,488,6164,24266,25166,24217,24353
477,55,4050,24615,24093,28923,26736
478,1457,4806,15528,23310,17205,22948
479,1091,854,22217,22538,18220,23310
480,1358,5061,28201,25761,28336,29023
481,945,4902,26061,24508,28049,28842
482,7335,6731,19054,22606,19956,22528
483,239,2621,17060,23457,22528,19124
484,454,295,15643,24741,27656,26142
485,17,12195,25552,27608,28325,27817
486,137,1514,22858,17983,22634,18220
487,319,1997,20227,16764,22896,21495
488,2434,1036,23892,29027,27822,22518
489,561,9573,29537,26360,30097,29959
490,2463,805,27743,29134,29300,24555
491,408,6557,25997,21486,23215,23657
492,2426,2975,30122,30042,30047,30026
493,3451,2561,23821,25080,24131,25245
494,3177,11425,23879,25066,25629,28081
495,2470,6378,29388,23700,23990,28673
496,323,4737,18521,22226,22870,20296
497,2751,5257,29369,25996,24402,24448
498,1781,12942,19955,23545,23310,22538
499,15,6172,22151,22677,19335,23326
500,505,11700,21150,19252,23310,18220
501,1336,10035,24306,24718,26256,29232
502,24,8003,24793,27844,23862,27198
503,871,9034,18266,22763,16764,18141
504,3005,160,28512,29027,27822,25475
505,2844,7909,24863,29027,30270,29793
506,760,6574,16014,20553,17580,28612
507,152,10194,19432,21039,21100,21980
508,69,2992,30332,23393,20506,22870
509,45,1527,24999,28060,28442,30026
510,4924,448,26548,29168,29793,29027
511,364,2348,28695,24014,28778,27651
512,0,7665,16303,16303,21495,19595
513,4407,6981,25880,17496,29793,19815
514,1439,10051,26561,29998,30029,24340
515,2833,5250,17525,22682,18767,20522
516,8515,11035,16017,27822,27392,29027
517,0,6467,15477,15477,17717,30031
518,3274,1971,18759,17860,17274,17740
519,92,13722,27802,27504,25704,28899
520,1363,13055,24073,27249,27492,24422
521,7596,7706,24518,19457,15536,19636
522,2193,660,22950,23310,22538,17205
523,894,7629,17216,20477,18946,21694
524,2487,7250,25981,28640,27405,25213
525,3088,7708,28359,23310,22538,18220
526,195,1825,18404,22518,16453,29335
527,43,7277,27323,24509,30111,26719
528,2298,2609,23505,22297,18591,28224
529,1319,12256,17298,23310,22232,18220
530,2089,6627,19030,22971,22948,16775
531,992,6559,23119,15385,21763,30288
532,347,6408,20174,23597,19479,17983
533,1548,2771,16796,22226,20687,21980
534,41,12587,27061,15037,17469,16347
535,3746,9195,30130,23095,17998,20522
536,921,720,16289,15327,30299,18900
537,531,2039,27114,30244,29254,23827
538,8669,11071,23378,26981,19042,27410
539,631,13187,30010,28074,28219,27905
540,174,11124,25820,26736,29459,30270
541,75,7275,17914,20382,22089,16337
542,0,13854,25685,25685,25945,27860
543,449,11308,29444,24483,27675,19399
544,4750,6743,20414,23566,20473,16210
545,611,14121,26529,25173,27316,24172
546,602,7468,27238,30270,23375,29793
547,1279,1995,28793,27460,24719,25045
548,46,273,30270,19042,27392,28386
549,425,9722,24629,21073,26260,18848
550,717,8811,18835,18220,23545,19693
551,981,13779,27173,27236,26030,18914
552,1341,9564,14994,25045,28013,29162
553,1210,4234,28227,22226,27112,23700
554,100,1363,28122,25044,27504,25494
555,1617,5310,24906,26199,28991,16122
556,4618,2416,28087,27973,24129,26267
557,3972,14486,25568,16612,21902,22958
558,9,13736,26249,15077,25680,23841
559,318,4417,17863,22226,20296,18220
560,2491,5568,22342,16764,21694,21295
561,1334,8073,24743,18578,16695,15072
562,0,6300,28094,28094,26391,30019
563,2137,4854,25282,24266,20745,25053
564,700,4897,18614,22226,20590,18220
565,2783,1030,15448,23566,18489,16210
566,5554,4938,18555,19124,22528,28180
567,3467,4647,26091,24596,29027,27871
568,321,10693,30082,29991,30080,28748
569,80,3614,24739,24532,24449,25284
570,5055,14149,29342,27878,19201,30013
571,4287,7424,22512,20477,23595,23023
572,367,5107,25511,22557,23088,21694
573,953,9700,23176,22874,20372,16571
574,680,10383,25868,24862,28331,27774
575,417,4865,25766,22074,23375,23070
576,1,11734,24004,26150,24004,27119
577,485,13338,20014,22858,22226,17983
578,4110,6764,30220,22870,23670,21067
579,277,12346,28918,25513,26008,24063
580,4315,5581,20459,21896,23700,25308
581,97,3072,23204,17205,23310,19252
582,5001,291,16049,23301,30183,22440
583,305,2889,16061,22368,27871,28016
584,1934,1000,15895,21694,16764,20477
585,5113,7638,23115,21310,17650,18220
586,1326,6397,28112,29320,28200,28152
587,7369,2556,26557,26594,26897,23215
588,101,3802,25002,30270,25496,20128
589,1011,6636,20409,22866,23310,22633
590,210,10514,19808,20477,23190,19612
591,18,9578,26937,27397,24825,25650
592,190,5982,24877,25576,29051,24445
593,291,9366,27599,30242,30270,22518
594,1231,11356,15126,24963,19551,27479
595,95,12494,30073,30028,25791,30104
596,15,8207,22035,18848,23457,21152
597,192,14395,28664,24703,26364,28734
598,1877,9978,17066,22843,22874,18742
599,860,6075,23284,19065,20527,20560
600,2232,633,16127,22538,23472,19804
601,96,3546,25528,27506,19120,20553
602,1009,2298,24313,27871,22662,27166
603,5292,1739,25827,28333,25252,20249
604,1260,1066,27270,27170,28936,28762
605,402,8071,25452,27469,25513,24973
606,5342,8144,23885,27394,27130,25748
607,2424,10400,24546,24829,25173,23755
608,1397,11921,29661,29793,15244,27288
609,1,10856,15153,27248,15153,18172
610,4178,4603,23810,17469,24968,15552
611,35,3486,23316,20506,23175,22843
612,200,7731,23745,28178,25964,14967
613,4,7173,27213,27537,24102,26630
614,1787,12624,24994,15016,24280,23339
615,228,10340,20419,20543,21101,23532
616,3231,7100,17816,20861,23653,23566
617,222,6490,24144,15398,15166,15164
618,879,14825,24123,29673,15297,22514
619,2405,9369,26658,28954,26968,15166
620,4589,3043,29512,24147,25245,24479
621,2379,299,26349,18220,22226,29543
622,1526,3885,24889,30270,29027,27261
623,1727,3910,17340,15641,23700,21663
624,2974,8135,25947,27514,29673,25010
625,22,5242,24650,28529,15059,25143
626,782,4486,29234,29599,29459,29792
627,1011,12226,26074,28958,23772,30047
628,482,7251,22767,22495,23597,21289
629,6300,12418,23389,23405,19769,23091
630,7122,167,26143,20371,15732,30013
631,2852,11995,27299,17322,25778,22877
632,1924,12051,24489,28177,28991,26675
633,1152,5229,25516,22723,21022,21980
634,389,5161,28669,22520,23566,28333
635,1017,10825,24778,22495,22841,17983
636,7,7485,20870,16764,21694,23175
637,40,10516,25111,27237,25852,24297
638,4989,7726,15128,20522,17270,21682
639,937,13060,29900,23487,19774,26455
640,163,6289,19369,18220,23310,22948
641,2847,7466,25555,28888,24538,26861
642,31,9690,28812,22368,29027,27960
643,1,8516,22914,18728,22914,17630
644,1282,8649,18327,17630,23506,22556
645,4,4134,23043,30233,19999,19546
646,1422,4223,29743,20759,26965,29255
647,985,12364,22889,22874,23559,23175
648,4,6330,19005,15166,24043,26504
649,5400,12394,24275,24090,24445,27121
650,4,1509,29244,24940,19065,15186
651,2036,2269,26910,17469,27400,20128
652,1,12276,20160,20303,20160,17650
653,71,13502,23761,16322,15164,25313
654,677,4110,24324,26729,25245,27394
655,19,13284,22608,23595,19274,23310
656,1510,2811,25059,24209,26008,28330
657,810,6034,25565,14977,28255,26233
658,6090,1613,16731,20494,16778,22226
659,1322,140,15155,29568,15139,24181
660,2417,5796,28583,16042,21914,15536
661,1,10760,25888,25973,25888,24833
662,806,4901,24745,17983,25569,27852
663,955,10993,20341,22634,15572,18948
664,925,9998,28667,23498,22518,22592
665,951,8723,24720,23868,23724,24130
666,1104,12381,27493,14977,26781,28502
667,804,8946,19941,21963,17226,20759
668,613,2119,26914,25365,24699,17653
669,893,2870,25472,25502,24501,26801
670,672,7387,19623,18220,22226,23700
671,392,2578,20675,21914,23411,19956
672,209,4060,17786,17885,23340,30237
673,413,11692,26497,26380,27525,25313
674,30,8602,21946,19389,22870,22280
675,8366,4689,15786,20469,26033,29028
676,1140,6694,22944,29300,22232,16430
677,3492,250,26112,29344,15255,20560
678,1123,1376,15170,17879,15493,20759
679,689,3993,27777,26723,24820,24619
680,435,6661,23213,24630,26851,21914
681,221,3999,16654,21694,16764,23175
682,1383,8224,28322,20890,29518,21725
683,336,7858,17233,23664,21804,23310
684,807,6493,18594,22874,20427,18097
685,281,11551,21100,22226,22874,21775
686,487,1560,25547,25997,29027,26965
687,4148,7281,29215,28612,28651,24571
688,232,6732,18351,22538,23595,19678
689,34,9746,16991,22226,19479,15572
690,52,12302,22471,26764,27605,28429
691,2124,2359,21275,23057,23175,21980
692,852,1218,18482,18220,23545,22538
693,412,8077,29646,26055,25171,29271
694,5407,12661,25574,24958,26381,24209
695,6352,2577,25878,27130,23807,26715
696,674,11605,20360,19350,23534,18012
697,2329,260,24317,15367,16687,21980
698,4105,8852,28754,28734,25974,28313
699,3944,7535,26201,15605,23054,24268
700,25,3700,24352,24782,23803,24199
701,831,596,15912,23310,19172,29879
702,215,10623,28409,19316,27042,16599
703,370,7070,24832,23797,24199,26926
704,503,9817,25748,25973,24718,25978
705,5047,1814,30294,22721,17270,30122
706,773,11655,24181,15000,26161,16103
707,4,3364,26295,22662,20759,15552
708,1572,4269,21412,23545,17686,22020
709,4509,13094,17604,18948,23310,22538
710,4010,8954,30150,27773,27139,25496
711,68,12824,26879,26363,24862,24090
712,1,13954,27129,27573,27129,26614
713,1,13712,28392,27291,28392,28524
714,1727,11453,26871,26814,26469,27329
715,538,2855,17447,15592,27720,22149
716,428,13263,29994,29537,29983,29120
717,471,1877,29497,27529,29320,29499
718,22,12829,23427,20553,16453,17935
719,173,10462,28592,24443,26366,24714
720,353,3163,20358,18313,19389,22698
721,1,8528,20191,23472,20191,22538
722,6680,3579,29165,21914,19189,27156
723,236,13679,24443,26142,24459,22452
724,1827,1356,15149,24985,25680,27796
725,3082,3144,29693,23175,29252,21980
726,357,3506,16279,23506,22682,18767
727,1928,3965,22851,18220,23595,17686
728,3639,3932,26446,18669,15280,17270
729,199,7102,20373,23710,16764,23670
730,693,9402,17393,19740,17494,23700
731,525,9900,25367,24130,23984,27239
732,68,14935,26813,29651,20395,16052
733,1754,8939,27815,24500,25551,24317
734,4418,1721,29866,20975,23374,22382
735,16,4649,23166,21682,22870,17780
736,163,12421,30241,22870,21495,21682
737,1983,13447,21260,22948,22538,23310
738,3153,9289,19395,23310,21544,20949
739,4627,14705,27644,20772,23028,19490
740,505,5150,23575,16904,22373,22226
741,21,12746,30113,29998,28060,25210
742,872,8153,27539,23310,18220,22538
743,1998,9459,24931,29552,28147,28488
744,78,6799,23956,25803,24368,26882
745,98,11115,26887,23310,22538,22996
746,1198,2431,25467,28715,17935,22679
747,3345,606,23472,20553,22528,22514
748,690,9027,19700,20899,22226,17494
749,134,2696,25036,27469,26408,26878
750,74,10871,25125,28407,28903,26568
751,4790,14764,27399,17928,21725,22004
752,268,3620,22233,21101,22226,23545
753,98,6906,18182,19350,22199,16187
754,5385,12172,28023,25784,24083,23921
755,1,9650,24703,24579,24703,28214
756,2619,14010,22196,23310,18220,23595
757,303,2474,21092,21725,28368,22514
758,717,2971,17424,21495,23215,21682
759,369,750,24542,27774,25750,24024
760,44,5266,29076,17517,23215,19788
761,2312,4053,18308,23215,18316,22698
762,19,7650,24066,26476,26420,25453
763,640,6937,24683,25880,26458,26543
764,4820,7398,29180,28969,27311,25040
765,160,2798,26532,29718,25990,24145
766,4993,4605,30118,30028,29974,26814
767,1,14673,25852,26588,25852,26011
768,535,11440,19953,18489,22373,15605
769,767,534,15646,21980,21506,21902
770,352,7924,19318,17494,21022,22149
771,399,49,23775,23733,24365,16645
772,30,1342,26905,29112,30016,29077
773,602,10831,22684,22533,18490,19649
774,0,6238,22304,22304,19920,16042
775,688,12284,15275,17983,29521,19790
776,1475,12380,27948,24147,27487,28134
777,5876,4233,18380,23545,23310,22538
778,105,4143,19479,15472,23057,21620
779,614,4776,24867,27354,25316,26534
780,54,872,19840,22226,21694,23175
781,651,6613,23232,17726,18695,21495
782,18,13888,24916,23755,24445,25803
783,912,5111,17120,29168,16944,20560
784,747,9177,23374,23700,21775,23215
785,874,13655,26989,26681,25859,28255
786,8,11518,22309,19189,22035,16183
787,1454,5276,26982,22874,18489,20543
788,2613,7862,27180,22626,17469,20418
789,58,2402,19335,22870,22495,23215
790,197,1201,29508,24794,24691,29459
791,607,5422,23277,23215,16564,24096
792,1710,5063,17647,22763,16764,17743
793,4735,9669,17249,20418,22518,19042
794,327,2520,18422,23310,22226,21101
795,101,13452,25567,24402,26729,25971
796,55,9582,25742,25493,29350,27949
797,55,4307,29101,25403,25513,28402
798,219,6415,19595,15668,17928,22460
799,112,10011,16852,16904,15827,17630
800,442,10155,20371,18855,17517,15552
801,1211,6667,29765,29134,26594,29300
802,4722,5931,26123,26702,29084,25526
803,1105,9745,25622,24139,26830,24147
804,2490,10247,22986,20477,22538,18220
805,2561,2289,23553,23310,23674,18125
806,130,3903,24064,29031,24718,23818
807,306,4199,27372,29793,17469,27288
808,1947,10184,20964,21914,20820,17059
809,71,7892,23751,24215,14977,26858
810,898,6684,29320,25246,27526,22860
811,4742,1031,22091,22369,16210,21725
812,4303,4883,24488,23700,17205,19928
813,184,14633,24748,24949,26327,24090
814,2739,3663,29626,14996,23791,28042
815,94,8782,26830,25513,26628,27469
816,637,580,15681,23683,15212,24512
817,12,14067,26080,29674,29161,29793
818,2369,6025,26179,29027,27901,20635
819,255,10488,24360,25045,26381,25513
820,3265,6878,18585,28583,27638,24040
821,5281,6072,19408,22538,23310,22954
822,183,14334,28021,24090,25748,24529
823,202,7361,28332,29946,30028,15258
824,637,7309,21680,23175,20553,22495
825,291,14065,26535,28381,15025,24221
826,1357,9335,16287,22226,21101,23310
827,386,469,28574,29479,24986,28982
828,850,12938,27614,26052,15604,23876
829,1637,9731,23673,17863,20191,23027
830,684,12841,26835,23841,24833,15077
831,0,7463,20395,20395,16052,23457
832,225,4887,15490,22232,26594,22948
833,62,11971,18959,23175,20927,20059
834,1289,13606,24075,25834,15016,14978
835,22,14686,24225,23342,23143,23487
836,679,13641,23130,19350,18948,18946
837,1065,9293,18903,23590,15297,17322
838,191,3161,23479,23545,23310,18220
839,4,10458,23133,19202,16328,16285
840,2458,1304,15202,24586,27906,15139
841,3924,8339,26032,24102,26512,27537
842,278,10248,27248,23361,23487,23115
843,5755,8899,25872,15641,23700,21663
844,5391,9772,30245,15668,19056,30220
845,63,1178,19584,20419,17726,21495
846,2568,4248,18581,19217,16042,20522
847,4,6039,19801,20267,18206,29991
848,312,78,28995,29793,21914,24133
849,3197,11664,24549,25440,25725,25565
850,1103,12862,28646,26262,25313,27957
851,1066,5967,22166,22682,15605,18457
852,61,7134,21122,16998,15442,19680
853,2196,11486,22727,23595,18220,23597
854,3790,13969,27434,23215,22495,20904
855,4608,4785,30263,18012,22423,15781
856,51,5332,19126,18032,21816,18984
857,2995,11137,22267,22870,15675,22495
858,0,546,15248,15248,27762,29778
859,3743,7312,24645,23984,24349,23721
860,374,12197,28494,25335,28918,29008
861,3469,3869,19197,23597,22858,19804
862,5644,13775,18906,29568,19841,28022
863,21,4021,27748,28433,24577,17630
864,58,13268,29857,19399,20260,29611
865,5398,9950,19984,22149,21343,20765
866,8078,6186,25882,18669,17983,25047
867,644,5244,22723,20477,21022,23595
868,4772,5430,19683,18473,18032,18984
869,37,12260,25471,24190,24094,25100
870,123,10733,27889,26008,25588,24637
871,150,173,29976,28332,30112,27064
872,1375,7756,27038,28522,28115,27593
873,26,611,24691,29027,28237,28641
874,1570,8835,23448,23700,17630,22021
875,976,2724,24145,21990,28473,26797
876,1792,8256,23329,22226,22149,21101
877,4246,10611,28298,29988,28332,29947
878,287,4438,18102,18220,22226,19693
879,2308,12070,29098,30013,20522,29619
880,345,5461,29377,27110,24714,26496
881,175,1355,26496,27837,27169,24838
882,8,8532,22707,22742,19542,21756
883,5895,2219,21419,22874,21775,23545
884,7403,1883,25350,24906,15052,23821
885,339,5944,24335,27469,27156,25577
886,2500,12701,17287,19928,23700,22226
887,0,14295,26971,26971,26891,23717
888,1495,14174,24297,28078,25502,27198
889,1307,12890,27028,26681,26246,25177
890,3957,11683,26418,22606,18285,23361
891,1949,3658,27667,27156,27130,26729
892,333,1135,21084,16764,22226,18959
893,350,14106,26525,25406,27051,25948
894,4295,12915,15121,20759,22518,17469
895,5439,7068,26005,29793,26165,23375
896,73,6387,19428,30042,17316,30117
897,913,6805,28732,21914,15996,28740
898,1462,4725,27165,28971,30244,28336
899,5442,8152,25735,26847,24337,29084
900,2264,1081,22830,22459,22698,23215
901,2780,8098,27338,29300,24268,28784
902,485,2719,25826,29300,15879,16764
903,263,6053,17155,22226,18509,19584
904,1038,1884,24404,21725,18855,26641
905,1321,11793,23246,23310,18948,23595
906,6493,8790,15256,21663,21725,18855
907,424,2140,24093,29459,27288,29344
908,144,8951,23595,22232,19251,22064
909,4090,13237,16076,20303,22232,20888
910,651,12203,23979,29619,21662,15302
911,1727,9959,24839,29729,17949,24313
912,115,5609,18353,25943,21276,22336
913,2162,8146,30117,15363,22923,18154
914,336,7802,24388,24050,16688,26983
915,1730,8888,27515,23900,26712,26646
916,2264,10281,19685,22874,21506,22843
917,9,12415,27600,28451,26461,28116
918,386,1882,14965,26968,24288,26568
919,2769,1213,17652,22312,17751,21781
920,150,4582,29728,29134,23700,29029
921,827,14226,25000,27303,26698,29034
922,2667,3979,21272,17339,18948,22538
923,1991,12642,24660,25072,28432,23566
924,2684,14278,15972,21878,19350,20240
925,1060,3208,18271,22226,18948,21101
926,266,331,25240,29008,28394,24353
927,2353,6699,17628,19513,17525,21101
928,6523,10947,18828,23310,22538,17205
929,1595,14622,23561,28956,26643,29913
930,131,13711,26836,26519,24235,28876
931,2600,3650,16754,21101,17205,23310
932,53,14689,25403,24703,29051,26008
933,7080,7798,17767,20128,18848,21406
934,5465,14247,24227,25363,27922,26031
935,3303,2781,18156,17670,18948,19878
936,6,5493,29998,26561,29991,29944
937,910,1787,21528,19335,21818,19751
938,1641,6609,28290,27016,21213,16104
939,19,7266,20687,29300,23015,21980
940,141,12079,17179,19350,20553,23175
941,538,4981,26174,20031,21990,19901
942,2563,3899,20276,19120,20820,22698
943,356,6314,26657,27448,27714,25762
944,3824,3127,29219,23705,29078,26736
945,778,6891,25966,27469,26628,27264
946,339,6276,25353,28219,25176,27325
947,2241,9752,24771,23878,26077,26999
948,434,8099,24044,26119,28773,24042
949,33,5347,17860,16764,18959,22843
950,1,10052,22020,18220,22020,17422
951,467,9306,23258,17935,20280,15009
952,299,13390,19494,23294,16449,20820
953,230,6351,22170,25315,28117,26897
954,3867,10886,17326,23472,20556,22538
955,752,6503,21896,17928,21067,22870
956,2524,6063,16141,18789,30247,19085
957,1822,11350,21993,23566,18984,14982
958,109,14819,29908,29655,27835,30333
959,1102,1064,16320,21101,18125,23545
960,147,7514,15592,22226,21980,17989
961,264,2598,21782,23175,21495,16764
962,0,10877,18666,18666,22368,19201
963,681,10456,21135,18220,23664,21775
964,16,1753,19187,28161,22280,21067
965,1487,11048,23764,25834,25093,27767
966,3667,1842,27233,18220,24334,23310
967,384,9751,22531,22538,20556,19804
968,1063,10275,26843,24829,26429,26661
969,84,4713,23730,24130,24505,24192
970,4943,8590,15745,29145,25327,28548
971,258,12459,25008,22877,25748,26715
972,122,2451,27269,26441,19189,28910
973,7020,8399,18762,18855,19120,20469
974,3044,747,19363,23566,27144,20473
975,392,132,18638,23310,18220,22226
976,1587,457,19631,17205,19612,18220
977,97,9479,22795,16493,21980,16141
978,4406,5604,23168,17650,27800,18855
979,4775,2832,23216,18789,30247,19042
980,1607,4969,19723,16764,21694,21101
981,1337,10158,27494,30270,15139,29344
982,2310,189,17405,21495,19595,22677
983,15,10725,29679,29793,29790,29722
984,489,14472,25937,18032,30353,19613
985,7820,8047,15226,19661,18728,21821
986,28,14433,17840,29064,20890,20682
987,29,6433,27156,20553,26527,26377
988,5253,3398,19697,17631,22409,23294
989,2534,4205,28345,29027,16042,30270
990,732,2003,26092,16042,17469,22408
991,81,9651,29198,27517,27817,26622
992,2940,14203,29630,24093,28784,26931
993,148,10109,15817,23566,21696,16210
994,0,8308,28124,28124,29518,29611
995,51,11033,19149,23310,17205,22538
996,766,11893,17611,23310,22538,17205
997,2,5302,15442,22089,17914,15442
998,220,9277,15604,15638,27094,25085
999,3320,11934,26372,17874,15638,24608
1000,2124,7865,18425,23566,18032,21816
1001,918,6751,20548,18220,23664,23670
1002,792,768,29135,25467,28439,18137
1003,2390,11595,23793,25316,26883,27057
1004,1372,11902,23524,23494,21748,15552
1005,555,13658,21568,23175,19350,21725
1006,2477,362,20804,22226,18398,19928
1007,59,1526,28051,27042,25435,16444
1008,3241,506,28163,24151,15077,24492
1009,1825,10917,16652,22232,20543,22948
1010,4542,7954,25513,23566,20473,26160
1011,1189,7064,15625,23566,22948,16904
1012,8531,14577,25909,28613,27479,24868
1013,1539,1573,28151,23375,26851,22662
1014,50,4530,27149,26405,29497,30086
1015,604,8696,25412,25046,27817,26661
1016,102,10666,25597,27130,26248,16351
1017,29,3573,20021,15001,23416,22301
1018,3748,2248,29090,18669,19000,15430
1019,747,8287,29179,22518,27994,28205
1020,394,12534,27329,29991,30099,24550
1021,57,14007,28683,19479,19165,22828
1022,32,1246,22693,17670,17324,19768
1023,2757,5075,22044,21821,23215,22232
1024,0,13242,26619,26619,22864,29639
1025,615,8343,27110,24703,24459,28734
1026,7,1981,28413,26696,20543,28210
1027,4483,11223,22473,21682,20522,23024
1028,689,9695,25284,26693,24758,25821
1029,147,12689,30030,29998,27810,28442
1030,145,1830,22234,30083,28276,25738
1031,610,1999,18685,27373,29600,18068
1032,162,10814,15518,22874,15363,22848
1033,1371,12412,22139,21276,23175,20707
1034,108,3492,16280,19505,21725,26797
1035,2648,11927,22804,21694,23175,16764
1036,345,4947,28272,24851,26965,22495
1037,1752,7469,15858,20146,23670,23595
1038,705,10822,25408,25210,30026,30036
1039,3016,13921,26556,27451,24334,25794
1040,231,11121,27312,25631,15363,28827
1041,4539,9694,28161,26331,28699,26144
1042,2,12060,29671,28695,19005,29671
1043,641,8813,19296,23595,21310,20477
1044,904,12367,24541,26008,27228,27460
1045,101,12537,29262,24797,24877,24131
1046,20,7380,29796,29814,28939,28744
1047,1944,9602,30346,19077,15668,19676
1048,2188,13997,27439,28867,24421,24259
1049,1576,1083,28438,28939,27994,27577
1050,230,8620,20400,21914,17726,15668
1051,3089,4888,29419,25341,29134,26897
1052,67,5564,19965,16337,22016,15959
1053,902,2099,28273,22538,23310,21101
1054,5,10703,24120,27613,25748,26718
1055,1489,14610,25630,23487,23375,23465
1056,4582,13548,26506,16042,18728,19042
1057,68,4724,26870,27051,25207,25956
1058,217,13093,30138,25859,14971,23416
1059,67,14305,28797,15016,29123,24445
1060,2868,1492,15041,29568,25424,27105
1061,25,8355,24340,29634,29112,29932
1062,23,13326,26063,29388,26078,26263
1063,11,2505,24403,20724,16263,25169
1064,1969,717,15045,19815,20132,17726
1065,1340,5149,15357,22226,25569,26815
1066,284,9029,23888,28393,24470,26826
1067,520,10999,23101,20477,20706,21101
1068,495,9426,26696,20759,29344,18731
1069,2771,8325,17837,17517,23215,22971
1070,6187,12806,15176,22870,21067,16564
1071,3775,6096,20556,22971,23215,16042
1072,134,9021,23752,16257,29518,23175
1073,477,640,17274,20927,22332,19651
1074,2789,2768,21836,22950,27698,18355
1075,2655,754,29746,18220,23310,22226
1076,131,7525,28106,22662,29299,18855
1077,6018,373,30337,16564,21289,18576
1078,5122,4924,18848,22149,30190,22226
1079,2116,1606,22403,19399,22864,21914
1080,0,1784,25609,25609,28433,25643
1081,170,11442,29190,22874,22232,26594
1082,341,404,24639,25066,23984,24130
1083,57,5241,16075,24720,24726,15626
1084,1108,3103,16184,22021,29180,28412
1085,4923,11773,26801,21837,15989,16800
1086,33,8036,16815,18220,23500,16097
1087,2104,9839,23397,21914,21152,17751
1088,8,12111,29634,29869,21914,23791
1089,1013,7354,19289,23491,28412,18684
1090,24,4907,30224,22870,21067,15675
1091,2846,4283,28100,15297,28722,28665
1092,3457,3681,27229,29183,28650,27459
1093,2898,9204,25185,17884,22226,19928
1094,11,13528,25448,24703,23833,24445
1095,0,9580,30054,30054,27985,29976
1096,78,41,15136,29680,29568,24151
1097,0,12554,25905,25905,19569,16258
1098,1156,4619,19960,15503,19693,23156
1099,1796,8270,23296,16794,15543,19740
1100,0,8251,21571,21571,21816,29335
1101,438,11205,15356,21022,21694,22226
1102,5245,10280,30276,21781,21406,18032
1103,897,11325,29227,14967,26028,27121
1104,109,9307,22784,23392,19215,22149
1105,758,2754,22426,17630,22971,19077
1106,5489,10630,22195,22226,21899,20825
1107,1161,10236,25235,29555,29939,29703
1108,30,5308,16296,20594,15324,17851
1109,50,12426,18731,20759,22514,21816
1110,0,6337,27209,27209,30270,21914
1111,228,772,27279,18855,28916,29508
1112,496,4956,27392,23506,29550,29335
1113,16,9023,25094,29298,24810,24481
1114,0,7580,15026,15026,15139,28699
1115,537,4532,16122,18948,16418,22858
1116,402,3808,24353,24906,26458,27506
1117,3370,10780,22547,15719,20890,22514
1118,4976,12233,27298,20910,17270,17723
1119,1316,12917,26661,20164,16061,20712
1120,3,4629,21939,30108,29957,27312
1121,5377,12723,25758,15718,16764,16996
1122,35,14818,25414,26438,26716,28091
1123,2801,11753,15636,23700,23579,17983
1124,3564,8448,26528,21226,30208,28753
1125,32,2216,15261,22609,29778,28207
1126,6,8920,27692,28931,29793,17469
1127,20,4643,26531,24642,25094,24474
1128,80,11103,25230,25502,27431,25094
1129,1821,6608,27894,29436,15138,25762
1130,220,2276,27078,27028,25359,25313
1131,36,7132,27208,28651,26636,29793
1132,386,1833,25302,25709,25369,25155
1133,340,9206,22539,22226,19996,20924
1134,335,12648,26859,27142,24147,27460
1135,17,2259,21251,18759,19124,16743
1136,3535,1596,28035,28939,28455,29344
1137,1290,6205,22878,29459,17928,22698
1138,283,6310,22661,18220,23545,22874
1139,98,5992,22478,23310,22538,23690
1140,79,11569,25956,24177,28564,29833
1141,574,7436,18097,22679,22948,19252
1142,1732,9598,29726,20553,28939,29389
1143,1564,5573,15713,23700,21682,20506
1144,2088,6110,15649,20184,18695,20419
1145,38,11451,29156,25519,26568,28583
1146,218,13807,29837,25565,28195,21562
1147,4874,4285,22303,23215,26897,19928
1148,282,11222,25490,26628,23834,26008
1149,999,13575,30164,14957,26189,29490
1150,2207,5226,22127,22971,23215,21816
1151,322,5038,17743,22677,23670,15572
1152,184,9864,30083,30077,28081,28252
1153,2904,10907,28378,30132,28056,25680
1154,263,12057,25442,26429,28402,24958
1155,1955,1691,20170,23670,22843,22874
1156,1385,2951,21369,19804,22226,23597
1157,815,13731,24249,25247,24261,25685
1158,145,8197,23818,24022,24608,25633
1159,1524,6961,26071,28931,20759,17226
1160,1459,10791,21754,19251,22149,21999
1161,3541,1558,19893,17270,21495,17204
1162,586,14308,28291,24090,27454,26384
1163,1439,6473,27867,24192,23814,27402
1164,816,12423,22599,23448,15139,19905
1165,993,9329,24918,22226,28204,26477
1166,1266,11443,16509,23566,16210,16042
1167,489,8312,28258,29852,29543,24053
1168,3002,10695,24320,20494,23545,18220
1169,9,6479,16564,15572,17935,17371
1170,113,2744,29619,24546,29641,17871
1171,1988,6448,20582,19077,17998,17630
1172,3806,11829,29851,29617,16111,16299
1173,245,6664,21620,18948,23472,22634
1174,1229,7186,20152,18220,22538,15572
1175,529,1262,21728,30122,21939,30016
1176,776,8956,18154,19113,17205,16097
1177,5217,8187,26300,22226,24060,27615
1178,105,6420,14979,24639,28604,15638
1179,110,11665,29777,26519,28452,26479
1180,498,12212,28942,24131,15077,24120
1181,89,13097,23023,20472,18606,20833
1182,44,1730,27055,26280,25444,28734
1183,1839,10583,29104,25163,30192,29231
1184,3336,12014,22179,22226,16778,18220
1185,95,5657,20910,19077,15668,22416
1186,5779,9387,29360,22602,27121,27288
1187,8093,7280,19949,21914,22606,14977
1188,21,1044,29483,27584,26504,24015
1189,11,1177,26594,23700,17630,28367
1190,2615,10297,18232,20160,24723,16853
1191,323,6994,20844,23310,18220,19804
1192,4494,5828,27846,25943,22149,29141
1193,190,3192,26908,25304,28327,24083
1194,400,12719,28058,28541,28974,21983
1195,4269,13650,22783,22226,23310,19740
1196,686,1646,20372,23215,15280,20481
1197,3324,12248,27119,26347,26819,15638
1198,8,12085,29062,20759,23788,21914
1199,99,9164,29400,22226,17810,15982
1200,647,6998,24547,25927,25964,25438
1201,990,4844,16373,29578,26160,28559
1202,140,13369,27067,25748,27028,25513
1203,147,4618,28205,29508,20759,27214
1204,0,3955,24500,24500,24505,24192
1205,334,12504,23343,20553,23175,20240
1206,2647,8154,24717,17983,21663,20093
1207,878,10482,24088,29302,24408,15202
1208,50,4113,27386,29933,28649,29436
1209,5264,2286,16073,19626,16049,19398
1210,3112,13818,21050,22538,23310,21926
1211,409,2922,26407,28816,29939,15127
1212,131,8670,27753,24541,15035,27516
1213,38,14129,24986,24181,25357,27943
1214,4982,14335,28526,28171,24721,26686
1215,5172,2503,23679,16042,20759,27822
1216,1689,9816,21210,17928,18742,22677
1217,313,13415,15189,27479,24268,24041
1218,1671,2068,27239,28991,21980,26001
1219,1106,3063,27997,26543,29600,26641
1220,868,9737,22125,17953,22520,20023
1221,169,6488,22528,25646,24859,20759
1222,349,5583,28185,27361,23876,23902
1223,4362,1729,19362,23545,23595,20477
1224,5864,5923,21770,23310,22538,17205
1225,4323,7366,29832,24426,25031,30063
1226,1694,7025,24401,24130,23984,25805
1227,515,1576,28652,29793,29081,28314
1228,64,10441,24255,26630,27381,25575
1229,6,2049,17101,19513,20146,19804
1230,1636,11909,15096,22602,29216,23375
1231,6248,1411,29884,15177,30033,23411
1232,1434,3030,17279,23310,18220,22538
1233,3042,5439,20041,22870,15348,22226
1234,0,4460,20506,20506,16764,23670
1235,3141,3215,27452,23224,29224,16764
1236,2581,9138,26425,23945,26726,27853
1237,2569,5089,28412,18220,21101,20108
1238,2034,4084,23079,26797,22972,19389
1239,8138,13933,29233,15503,25203,19369
1240,3456,5285,21439,22948,23310,18948
1241,6307,5468,24166,20229,19700,22161
1242,308,12502,18316,22226,18489,22373
1243,1989,1041,19815,23597,22677,23670
1244,27,5264,22024,27288,17604,15244
1245,6525,14194,17004,23483,21682,21896
1246,6245,12336,28382,20522,21325,22662
1247,937,9841,22504,22226,17494,23700
1248,2050,7028,30103,29944,30099,29991
1249,1398,4318,20694,21101,22226,22874
1250,189,993,24876,26768,22226,25176
1251,329,616,26692,26008,14977,29262
1252,1943,9613,15044,24696,28313,26184
1253,484,11672,21855,23175,18014,20543
1254,0,1289,28079,28079,27529,28366
1255,2482,2236,29470,22226,26421,29084
1256,792,5094,25792,28086,24720,25622
1257,301,7428,26155,27416,28649,29436
1258,249,2423,18567,22879,19316,16257
1259,4,5491,16656,19189,22528,23457
1260,1096,14576,26370,30155,24324,27303
1261,1413,571,18409,19215,22996,20556
1262,221,2302,28604,26160,26995,20473
1263,2594,12500,28088,23104,22024,21993
1264,1622,4277,21397,23457,19124,22606
1265,156,5316,17570,28077,29944,28194
1266,2896,5733,16133,29778,27762,26535
1267,771,5962,15281,18776,20927,15592
1268,1021,1253,22369,21914,22528,22514
1269,427,848,25946,28946,19276,28665
1270,2076,6323,28580,23215,28473,18855
1271,682,9162,20458,20924,23700,16764
1272,7,5572,25750,15077,15049,24917
1273,2764,12808,18980,19834,21990,22698
1274,37,13329,25460,25803,14967,26144
1275,532,4217,28799,24753,17469,29081
1276,77,11523,22923,22538,21101,23310
1277,322,390,19045,19804,18695,23472
1278,465,13141,19366,29033,25455,30270
1279,2943,11390,20776,20543,20490,20303
1280,494,13522,26582,26052,26920,24170
1281,453,14024,24676,23981,24013,23951
1282,1534,3800,21028,19398,23091,16049
1283,662,3706,27965,29146,28368,28669
1284,4302,9004,26719,22226,27647,20543
1285,868,1287,25642,22226,29141,28204
1286,83,8295,26857,24147,23834,24548
1287,7561,7985,17616,21781,18032,20522
1288,283,6151,23275,22149,16764,22226
1289,59,8820,18417,20924,23449,21694
1290,6490,4855,20176,21990,29300,27167
1291,5243,2141,28723,25552,26240,19189
1292,0,14258,29579,29579,24468,24740
1293,6073,5178,25631,27822,24691,20759
1294,5238,8548,27511,27214,29344,29109
1295,61,10122,28901,21486,24268,28784
1296,3995,2928,16749,18742,20494,22874
1297,611,4595,25818,25803,25797,26668
1298,973,6455,30058,28442,26814,24423
1299,1121,7159,27008,24031,26729,28608
1300,694,4179,21104,17226,16660,21765
1301,548,11689,26760,25797,27667,26800
1302,7893,12081,17080,19525,30261,15138
1303,722,6094,16213,22226,16210,15572
1304,31,498,23975,26184,23833,25973
1305,5121,11202,18753,18728,23700,29252
1306,1964,2805,15012,19788,20776,22662
1307,291,166,15372,23310,17686,17205
1308,238,7616,28757,23215,29728,28055
1309,0,956,18765,18765,16764,21694
1310,1898,484,18724,21694,16001,22149
1311,419,7502,15537,19920,21325,22606
1312,1963,8998,19292,21775,23545,17205
1313,613,5840,28613,29010,26639,22460
1314,214,2865,20240,22896,16764,19898
1315,1061,4252,19622,23215,23566,22373
1316,7293,2877,28419,24131,24147,28134
1317,3725,1639,19687,20013,20184,18767
1318,2156,2199,20985,23166,20506,21920
1319,2233,10975,23812,29244,25369,24092
1320,80,11947,24013,27537,26524,27198
1321,426,2465,17189,18959,17630,16764
1322,494,14112,23608,16210,18270,15275
1323,93,13071,15879,16764,21022,18959
1324,110,12615,27613,25491,15261,29313
1325,8769,10987,19421,21914,19189,25699
1326,1423,2282,16723,23545,23595,18220
1327,1557,5429,17609,23664,17983,18948
1328,645,227,24806,17469,15244,27400
1329,169,13978,26993,28502,26981,26133
1330,10,12575,25293,24703,24090,25140
1331,1850,3410,21768,19612,23545,19804
1332,2320,13799,25253,29742,27960,25994
1333,43,11488,19854,22829,23310,22538
1334,2902,1451,19081,22874,18220,22970
1335,10,8092,23583,28784,16339,22680
1336,1042,10557,17139,21101,22874,22538
1337,2105,14353,25146,16449,20560,16260
1338,1266,6673,27580,20759,22662,16042
1339,4178,4095,27884,22373,21914,28634
1340,100,2651,28958,22226,20249,19693
1341,0,9507,24246,24246,25255,26568
1342,3552,2701,25514,29121,24866,29833
1343,467,9330,30255,22870,21067,23215
1344,869,9236,16316,20861,20904,20522
1345,105,8517,25475,29109,29344,29793
1346,276,345,27364,27392,29027,27822
1347,6545,2952,27592,22226,23175,21980
1348,262,675,21912,18220,22226,18908
1349,43,7229,29159,15027,24036,28212
1350,3829,10262,19531,16210,19479,23597
1351,796,50,20354,21914,22962,17726
1352,165,1909,18026,23310,22538,17371
1353,63,7430,22958,24580,29134,17747
1354,129,12852,24569,28734,24033,27625
1355,4088,11199,25054,24928,24990,26590
1356,111,350,21781,17517,20522,21682
1357,701,9187,24817,25725,22659,28740
1358,221,5554,24865,24479,25173,27228
1359,1,3094,26204,17496,26204,19408
1360,1177,5757,17965,23657,16042,22495
1361,47,5112,20672,19768,23310,19252
1362,75,14450,26652,27051,25406,23937
1363,210,3809,23797,24105,28899,24327
1364,3141,14544,29042,23554,16516,28056
1365,1,13494,25359,26801,25359,27051
1366,1934,622,20587,22226,17650,18489
1367,2791,3322,25950,19056,16645,16701
1368,5813,7642,15283,26289,27960,15861
1369,2891,11638,29539,20380,22602,23294
1370,3629,514,22074,23700,23545,20899
1371,99,14841,29053,28291,25489,25752
1372,4324,9649,21238,16299,16944,19188
1373,1176,10024,21575,23175,21873,22226
1374,1629,6547,18880,27615,22958,16210
1375,327,11483,20564,23545,22705,22090
1376,2538,558,26453,25805,25027,27381
1377,109,7931,15664,22149,16764,16458
1378,2121,6897,20709,19496,23545,22226
1379,5693,12130,26209,28078,26327,25402
1380,1678,13707,25949,26727,24422,27492
1381,22,1313,24475,24061,24046,29262
1382,664,12814,28786,24255,27627,26766
1383,5325,11621,28955,25462,26008,26729
1384,2015,7749,29701,29012,26597,29108
1385,249,3140,16243,29552,23040,28298
1386,272,14499,24301,25225,23791,26000
1387,3729,3616,22642,23675,22226,17650
1388,1310,5104,17552,18104,16128,23437
1389,4,4663,27257,15049,25680,15181
1390,4881,1664,16367,22606,21422,21914
1391,61,9777,22149,18968,21816,19713
1392,4691,9061,30312,22870,23670,15348
1393,930,6797,27574,27822,28152,29518
1394,129,12740,27361,28834,16139,24815
1395,313,11872,25210,30122,29942,29958
1396,1279,10044,20117,22538,18125,23545
1397,758,3101,26435,21914,19189,26661
1398,6008,12909,20865,20093,16042,15552
1399,584,2234,14954,28923,28751,15941
1400,3925,7791,17632,19120,23215,21725
1401,743,11908,29025,25697,29262,24511
1402,1442,3689,22385,16764,23175,19719
1403,199,14812,28728,27889,25055,24282
1404,7,2641,18818,23316,21325,23700
1405,1999,12979,29353,30270,17742,17469
1406,138,2694,26633,27774,25402,23803
1407,466,5496,23940,26628,26661,24956
1408,2639,7311,26974,28946,29255,24447
1409,2173,5617,27375,28493,27625,26882
1410,4999,8290,29598,26851,28804,22528
1411,6,11958,25124,24426,17580,25721
1412,37,2766,24345,28411,24938,25083
1413,20,1932,24507,25936,25380,27821
1414,277,2097,29059,29956,30043,28276
1415,418,5726,17355,28219,23566,20831
1416,2704,8410,21075,19350,20543,18948
1417,4089,6584,29570,22226,23057,26897
1418,165,2479,21688,21022,18948,23670
1419,4,4541,18206,19851,17638,29112
1420,5202,5505,29384,23700,26594,23310
1421,267,13600,29674,27927,24232,26764
1422,427,7721,25858,16944,27447,22303
1423,1677,2936,26098,18855,23215,17517
1424,7039,2117,26670,22818,23483,23664
1425,219,11735,30097,28877,30029,30002
1426,135,14047,26896,27876,24779,25880
1427,736,541,20450,22226,18489,23595
1428,1351,8870,29399,29300,29134,29501
1429,3211,4767,20635,20477,21101,17278
1430,7129,2418,15022,24334,29315,27498
1431,728,5599,27853,18855,19788,18830
1432,8072,5761,26586,25460,26729,27673
1433,656,1149,25043,26189,27028,25045
1434,372,998,28782,27354,25249,25239
1435,363,10980,24394,25045,23945,28408
1436,6235,9156,26202,25460,24130,29490
1437,148,6576,18012,22698,19120,21943
1438,162,12560,16377,17531,19542,23700
1439,49,3312,28469,17580,24606,23988
1440,24,4007,30042,26881,30038,30063
1441,2036,7406,20495,23595,19804,22538
1442,170,1458,15190,23310,23545,18125
1443,3037,1531,16159,20294,23215,20419
1444,3131,1053,27083,25744,27499,26575
1445,6200,9827,25225,18585,24906,24868
1446,320,12503,28274,18285,27744,24928
1447,1,2624,28297,15127,28297,25841
1448,313,14319,26629,27303,23991,26634
1449,577,2388,25458,25194,27239,28328
1450,0,2453,25123,25123,25934,25519
1451,4050,10428,20534,20820,17751,21725
1452,647,12793,15892,23190,23310,23595
1453,1098,4461,19593,23175,18012,26897
1454,7766,2711,23342,19734,19616,17205
1455,3386,12640,19360,23310,18948,22538
1456,1643,7730,15286,22858,22538,20706
1457,929,538,20876,22634,21878,23597
1458,271,10864,21482,27822,16042,17842
1459,1558,4878,26365,28987,28613,24795
1460,250,12499,18329,20506,23316,17074
1461,5168,9067,21418,19399,19469,21816
1462,1414,13375,20618,21980,23310,15052
1463,2543,14183,26978,28309,26497,25634
1464,1038,10965,28533,22948,29300,20543
1465,2715,60,17118,22528,19124,16061
1466,352,12342,28632,29879,23043,20514
1467,407,6162,28452,28916,20759,24323
1468,183,4520,18080,23175,16764,19928
1469,91,6281,27637,28762,24691,29146
1470,472,14111,24594,24884,25298,14976
1471,276,3879,16549,23310,22226,23674
1472,1268,7587,15885,21878,22538,16791
1473,19,1143,23690,23528,16097,17686
1474,879,12290,27873,21486,26616,15138
1475,1,14252,24330,24505,24330,26975
1476,4110,6195,28190,19479,26768,22226
1477,2006,10062,16423,15605,23175,15781
1478,34,1821,29002,23310,22538,17324
1479,575,1132,21247,17686,22737,17131
1480,2786,13445,26815,29873,21725,20759
1481,6307,13328,18970,28954,23208,26233
1482,3295,13421,24943,15626,28665,25835
1483,94,2486,15033,24352,24351,28394
1484,1542,10279,29108,23310,22226,22538
1485,6725,3228,27736,28025,21486,15627
1486,3909,3947,25605,29027,28762,28613
1487,77,14072,25389,27609,23805,28411
1488,5341,4536,30228,20213,20594,23595
1489,292,1549,28742,30237,29317,15139
1490,2836,10409,16612,22184,18948,22758
1491,772,6264,24303,27852,24555,29134
1492,121,10134,20899,22677,22226,18742
1493,65,2229,24063,24131,28134,23834
1494,375,981,24159,24475,26494,26008
1495,2,8637,26920,28421,25380,26920
1496,311,10103,21503,20477,18948,20924
1497,4070,2933,26350,24268,27574,22351
1498,109,6128,16657,23545,18220,18982
1499,119,8562,22240,22534,15325,23310
1500,388,3143,28911,24131,27537,24147
1501,1232,8409,28130,23175,21694,16764
1502,61,10985,24235,29787,15166,28451
1503,677,13130,26363,29047,24449,27957
1504,0,12171,25427,25427,23721,26681
1505,112,3856,24274,27506,28117,27139
1506,3951,14316,25464,26815,29300,21006
1507,3,3032,29611,20371,17879,23284
1508,82,8101,21240,16764,20597,23175
1509,65,13182,22150,23675,19693,16005
1510,13,14713,24809,23887,25553,25583
1511,477,5354,19901,22874,21006,22753
1512,33,9587,24868,24053,25933,24050
1513,6929,11084,23637,16042,19800,16183
1514,27,2139,25187,26308,15196,28323
1515,3453,2837,19089,22996,21049,22538
1516,315,6085,18965,23215,23595,16418
1517,4367,9562,27132,27424,21980,27004
1518,2291,3532,19257,17983,22232,21775
1519,26,2085,24087,27130,27774,28453
1520,4421,11257,26849,27130,27394,25173
1521,93,769,15113,17141,20759,23215
1522,958,2642,16571,18220,23310,17205
1523,983,5448,17910,29252,22226,22149
1524,202,4764,19150,18948,19500,22149
1525,720,12577,27333,24948,26458,27673
1526,461,3857,22750,19750,15673,30215
1527,445,1826,20817,23670,23700,20506
1528,6255,3927,27377,18139,19404,16042
1529,641,10721,20017,22948,16636,21816
1530,1889,1917,16203,21980,26897,22958
1531,137,407,20132,21652,14977,22606
1532,1365,1880,23653,17205,23597,19252
1533,7904,2591,27235,29284,27167,26487
1534,131,4124,18735,19693,22226,23595
1535,7,13952,26975,25847,23487,26750
1536,411,1261,17444,22996,20556,18505
1537,7,4487,25770,27487,27394,25245
1538,1613,6845,15861,22858,23597,17983
1539,4451,297,27847,28944,28273,28204
1540,2,1300,24198,25623,23929,24198
1541,2032,2521,19900,22996,22538,23190
1542,19,5928,17928,22870,20861,21067
1543,4389,14385,29051,15020,23881,28201
1544,1054,8981,24022,25491,27316,26331
1545,6944,7673,21110,14977,16750,17834
1546,2,536,16742,16005,21004,16742
1547,3044,4849,24671,27393,23758,28939
1548,422,2630,29711,28455,23175,16811
1549,3513,2264,16005,20635,21914,18855
1550,2806,6657,29731,26658,26748,19399
1551,4766,259,17554,16042,27822,28812
1552,2025,6224,28489,30270,27960,29027
1553,81,10088,18285,16656,22528,25587
1554,2795,890,19276,16764,18776,21022
1555,4418,12878,18522,15572,17371,15969
1556,0,5158,21164,21164,21343,22149
1557,970,14214,24170,24986,23876,27921
1558,3,6046,25493,22226,25176,24060
1559,977,14684,29225,22971,20995,22514
1560,2486,6990,18054,22538,21101,21899
1561,4414,12375,29686,29922,22149,23310
1562,5838,3070,27556,29793,28954,19189
1563,650,3907,16153,20927,22796,22382
1564,47,6247,23934,20553,21152,28804
1565,4510,2785,20839,17270,23175,15009
1566,38,9214,20831,23566,21873,21327
1567,28,5222,28634,29108,17270,28258
1568,454,170,25542,30270,29229,22518
1569,35,1990,24562,18718,14997,22819
1570,2672,1029,17343,17270,23597,22373
1571,5405,9686,15051,17650,23700,22682
1572,210,5172,19878,23310,21101,22538
1573,35,3962,28105,29315,26649,25794
1574,1189,7584,26040,24486,15309,27780
1575,3436,1320,29521,20132,15650,22943
1576,11,1473,29642,23791,25171,28314
1577,767,6163,29145,25725,17469,26192
1578,510,13135,26198,14986,23339,26200
1579,1108,13467,26259,22452,21914,15996
1580,833,122,18071,18948,21101,19693
1581,6,10237,24844,24532,24500,25404
1582,1315,11466,18176,18948,21101,23604
1583,0,8945,25479,25479,29397,28233
1584,14,5074,26086,25261,26500,26681
1585,94,7400,17657,23175,16764,23215
1586,1789,7564,16116,21804,19804,19612
1587,3229,4278,15207,29793,22602,23791
1588,926,272,18352,23310,17324,19172
1589,16,12974,26415,24925,28905,26801
1590,0,40,26409,26409,27822,29027
1591,3271,2091,19216,23326,20481,17983
1592,1711,13301,15560,18946,19700,21878
1593,4046,4830,23243,25758,21725,15627
1594,218,1114,24753,19551,24963,27945
1595,176,1891,17255,23310,19612,17205
1596,39,7986,29724,29734,25488,28468
1597,24,10119,26368,24421,24311,27490
1598,2090,14205,28116,25396,24043,21710
1599,5291,8687,21649,20553,22971,15009
1600,1620,5588,22563,16458,16528,23201
1601,4731,13357,27047,23506,22237,20910
1602,134,8480,22449,23310,16097,22538
1603,947,13245,25801,29999,28077,30099
1604,1112,6629,28475,18968,15297,29459
1605,123,5113,18286,21914,20759,20820
1606,1094,926,30280,15515,22650,19815
1607,572,8912,28146,24130,27354,25996
1608,572,7053,23358,18948,22226,22634
1609,222,4758,18780,21372,19643,22634
1610,222,4450,23705,22874,21006,20543
1611,5447,698,29924,30190,24268,23563
1612,1177,8686,15331,22232,16402,23366
1613,168,9639,29928,29683,29644,29660
1614,3036,2565,28650,26897,25341,22226
1615,1067,3984,26460,25626,26735,24107
1616,244,1008,26279,23375,24266,28146
1617,3600,2514,21103,23566,20927,20553
1618,8,10521,18672,22089,16808,26792
1619,983,7305,15123,30006,29974,27593
1620,473,10382,24134,24475,25119,28049
1621,4950,13617,24015,26199,27498,24275
1622,3346,1476,26912,25072,29706,28612
1623,926,7300,21470,22373,22698,23657
1624,1702,7820,20126,18794,16764,21022
1625,1240,14709,25193,24457,26088,27016
1626,92,10789,25083,23913,25803,26968
1627,6378,11304,21138,21152,18855,19120
1628,267,7914,18958,25185,16458,24337
1629,190,6352,26224,25207,24387,28974
1630,3923,4044,26675,15077,24877,24131
1631,431,13849,26858,27469,27121,28325
1632,7806,10595,17993,15442,23175,21682
1633,17,11329,24316,15388,21835,23707
1634,1971,3728,27875,30037,30270,24442
1635,5916,5047,28474,24921,29845,30019
1636,154,2306,23750,24016,25727,24833
1637,2745,8038,29918,16623,22870,22373
1638,3776,7599,27697,27782,27506,20280
1639,6668,2848,23926,26962,24985,25443
1640,3719,2799,26559,27506,26897,25341
1641,2584,735,29764,25783,28152,24323
1642,591,3053,26474,24268,23963,26956
1643,4995,6561,18347,22634,17983,19693
1644,24,4845,28309,24848,24986,27865
1645,1734,13725,14952,24351,26311,24166
1646,886,5859,18304,29141,29173,16001
1647,3186,3788,23713,27819,27009,26819
1648,229,10391,29507,23805,27973,24418
1649,3357,6182,19958,19693,18505,21101
1650,843,6633,23721,24351,23803,26575
1651,389,9321,17394,16485,21821,23310
1652,88,12343,15315,30215,20220,16810
1653,280,8913,24322,27808,25519,24042
1654,3211,8024,26909,15996,26518,17911
1655,4041,10387,16090,18220,22538,23595
1656,461,7168,23896,24838,24714,25403
1657,4371,6887,19189,19887,18220,23528
1658,4975,2195,15618,19804,19595,19513
1659,2346,13702,23179,18761,21343,23175
1660,13,6499,21486,22408,17469,20759
1661,3744,8551,19055,23700,19928,22226
1662,277,8127,28030,18767,28871,22495
1663,13,14374,25373,24510,24487,23845
1664,3523,7391,17558,23683,25924,24532
1665,1760,13283,29464,25046,24352,27130
1666,313,9585,25486,24218,27121,25403
1667,47,7944,28237,30270,27690,15187
1668,515,8714,23152,15325,18220,22663
1669,185,1773,22433,22226,22149,21101
1670,149,180,16325,30063,17804,20267
1671,1280,7482,23444,18489,23670,23595
1672,454,7606,26931,23175,29335,29068
1673,98,665,18505,19113,16097,22184
1674,355,2776,25102,27393,28294,29499
1675,441,3986,27782,26545,29134,26136
1676,4470,14479,27383,18678,30131,22518
1677,1090,11778,22465,23310,23545,18220
1678,42,4453,28605,29314,24096,24615
1679,827,13626,23506,22149,22226,20269
1680,267,1457,26829,18443,27382,26768
1681,4282,1555,23988,25203,19768,22184
1682,5046,8310,20516,20240,22332,21481
1683,7396,165,18083,26518,23300,16515
1684,908,10941,26680,29027,24323,27459
1685,4956,10929,23862,22950,21663,17548
1686,71,11892,24007,22682,16042,19120
1687,3871,12094,29850,17469,30270,20128
1688,4547,9820,29656,27571,25897,28164
1689,0,12910,24457,24457,28239,24349
1690,2435,728,18542,20023,16596,20672
1691,383,13913,26427,26383,25204,22721
1692,136,310,17327,21682,20522,22870
1693,205,10750,20212,23175,23665,15592
1694,266,11807,15049,21914,20820,23375
1695,115,10949,25558,24061,28773,26119
1696,6116,9471,24962,19042,22368,16042
1697,0,445,29734,29734,18014,25991
1698,1467,5246,18895,22226,18220,23545
1699,741,3541,15710,22634,22373,17983
1700,258,11608,20990,16764,17129,23175
1701,2123,3554,28913,24280,26698,24386
1702,3251,13041,27163,28583,29729,14957
1703,438,3040,29678,29271,28159,29644
1704,1333,3447,25052,30217,26725,29299
1705,485,8351,27611,22226,24060,28751
1706,146,14909,29314,22878,29920,19713
1707,4165,6363,23906,28651,24561,26965
1708,2601,2880,25876,20759,22662,17879
1709,2683,7098,20849,22860,18651,17326
1710,6657,5109,28208,25341,26939,29350
1711,4821,12937,29217,25328,26832,24547
1712,409,198,29242,27400,23411,23465
1713,5125,8032,22016,14977,21954,22606
1714,1210,3926,19543,21682,23579,23670
1715,803,5522,30290,21310,22423,23374
1716,611,9130,22491,15396,19716,17494
1717,4,1504,25952,28652,29725,28651
1718,1952,7768,28531,29300,29134,27615
1719,834,408,18065,22870,21067,23670
1720,2729,14093,16374,22538,23310,18220
1721,5228,4857,20334,22226,18948,22232
1722,1949,1693,25167,29301,28234,26662
1723,2128,4638,27565,28923,28336,23962
1724,787,10242,15074,24782,24016,25727
1725,1921,5160,21669,14977,27095,23457
1726,1714,11093,25594,24479,30155,24028
1727,2838,2929,28282,22874,24318,20543
1728,1883,5540,18652,16764,19898,21001
1729,7105,11691,26319,26073,29500,26738
1730,1589,10541,24805,26729,25245,26008
1731,906,7081,18141,23175,21506,21889
1732,7028,9338,20169,15244,20820,17469
1733,921,7783,28606,23680,21816,27506
1734,1601,8160,28985,26714,24953,24061
1735,1462,4686,22153,23310,23545,23674
1736,122,14201,25500,25450,25359,28887
1737,720,7625,24150,25952,27474,26693
1738,373,3292,17033,18220,19804,23545
1739,1186,243,18459,20890,19120,21943
1740,5935,12435,20356,23215,22698,21725
1741,40,6156,17883,22226,23700,16485
1742,2618,6311,24023,30072,19525,28081
1743,437,13334,26800,26882,24445,26008
1744,957,6050,20044,22874,22232,22958
1745,57,422,25045,28134,26008,24131
1746,332,14887,29838,26929,27390,28894
1747,496,8202,18643,19252,23310,17205
1748,3051,5592,15257,21914,18855,19124
1749,12,10442,26985,29956,29077,30102
1750,1130,7143,29401,29231,28925,23700
1751,727,3626,25173,25729,24130,23789
1752,130,1323,15955,18220,23545,21101
1753,0,8973,21180,21180,29252,23969
1754,694,2124,24040,15169,29287,26357
1755,2050,6522,29395,22972,22232,27371
1756,1222,12175,24764,19399,30037,26835
1757,789,2819,26466,29488,24054,28899
1758,1334,13796,26389,18567,28740,26962
1759,412,10190,15630,16596,22980,20819
1760,266,1338,19233,22874,22843,19077
1761,1139,288,21743,17494,22948,17312
1762,1659,9149,16041,22232,18642,16485
1763,390,3073,19392,22538,19804,19678
1764,91,6693,16339,22698,21781,21725
1765,197,12190,18869,18959,20927,23434
1766,4633,986,29618,23791,25225,28954
1767,588,9419,27749,27333,28924,24985
1768,1337,4150,20928,15394,20494,19578
1769,3338,4308,27787,22218,21980,22226
1770,61,12201,23077,23024,18855,20093
1771,343,3185,25669,15627,20890,19120
1772,4031,6190,23576,22502,21914,17631
1773,5479,10417,17610,22528,23457,21406
1774,3219,9037,27804,20560,19065,20260
1775,150,527,22557,21765,21289,22514
1776,2527,3543,17921,17205,23690,23310
1777,2298,10765,20093,23595,18948,17983
1778,1291,2850,16599,18220,23310,22538
1779,0,7884,15395,15395,22226,23545
1780,1141,13128,20198,23175,16764,22149
1781,181,9266,20987,19252,18035,21247
1782,571,13108,21093,21184,22226,18948
1783,6122,7873,23865,22460,26102,26214
1784,3366,5156,16774,16764,23175,20927
1785,367,12373,25874,26995,24022,29725
1786,1290,10984,27571,16509,17496,19314
1787,34,10956,25582,29932,28649,25738
1788,1757,6843,19181,20825,20191,15969
1789,623,5268,29048,29345,20791,22432
1790,2358,6418,19497,18776,21022,18959
1791,4949,12345,17246,20543,22948,23215
1792,46,13247,28028,26962,25917,18629
1793,86,8417,16814,16764,23175,20553
1794,2823,14784,28981,19525,20560,19201
1795,307,5947,29333,24630,27156,26441
1796,157,12871,25424,29123,24703,27303
1797,230,2473,27964,20553,29550,29389
1798,161,3701,15243,21816,18028,18855
1799,1005,766,23151,22232,22874,23215
1800,3657,6295,29505,23310,20477,22226
1801,6133,315,15266,18948,19869,22634
1802,1339,3183,16701,20146,22495,23597
1803,2750,5296,29275,23758,20553,27506
1804,4792,5687,27089,25466,24605,24479
1805,58,1772,27195,25639,15388,25238
1806,149,7695,30259,20560,19399,19525
1807,2651,3166,22545,22874,17854,19524
1808,1448,10150,18430,22226,18489,21775
1809,136,4592,30028,24515,23970,29939
1810,1431,9989,22983,15668,20553,19120
1811,258,10452,19419,16210,22226,18959
1812,486,4133,19263,20506,16623,22896
1813,1493,3863,20369,19399,23487,19745
1814,731,10759,25003,17935,20543,23597
1815,1134,3915,22653,23057,18220,23545
1816,3865,13567,30137,29839,19525,29646
1817,32,13503,25588,25519,24033,26490
1818,7815,9486,22899,20553,23566,21816
1819,2961,14244,20753,23175,19789,19350
1820,1951,2403,26587,29952,27868,30115
1821,3668,1308,15079,20219,17726,23294
1822,2919,14084,27296,21770,24442,26616
1823,2824,6895,18804,20296,21215,17007
1824,0,14147,19505,19505,20820,18139
1825,2091,3978,20306,17983,20481,18767
1826,2,4919,16263,29680,17901,16263
1827,1927,6120,25526,29023,25988,20927
1828,685,1389,23880,26102,20672,29580
1829,98,5810,19268,22538,21101,18948
1830,604,12741,29169,27249,15244,25972
1831,179,2612,17322,23215,20759,19201
1832,1220,307,25800,24554,15001,27762
1833,1,2409,27608,27130,27608,26062
1834,1233,4571,27141,30270,29793,30217
1835,959,11674,22869,22874,23310,22232
1836,767,4056,17874,17901,16263,26539
1837,3981,14882,30063,23310,23281,29922
1838,948,9422,19402,16764,21022,21694
1839,3728,5654,29133,26548,27345,23665
1840,1788,12194,29664,28159,24332,26403
1841,4,2912,25061,28773,27973,29313
1842,7586,4173,22817,22606,18848,22035
1843,202,8545,24376,15398,28773,24475
1844,535,11457,27850,27139,28740,29444
1845,431,3969,17282,28751,22226,28796
1846,4,5552,29778,29680,28451,19192
1847,3244,13407,22354,22362,17494,22226
1848,53,6150,20563,23310,17205,22538
1849,8,2713,15623,22026,16708,19767
1850,459,10315,29636,30013,23402,29621
1851,162,9297,24751,27317,30155,25381
1852,2372,10149,26716,29146,25239,29444
1853,406,8002,24051,26327,28734,15016
1854,440,2519,16285,22818,20160,21597
1855,998,10472,17292,23326,20481,19389
1856,0,4127,28931,28931,21486,29793
1857,1033,9956,28575,27853,22528,27156
1858,26,229,24782,25404,24091,28320
1859,68,8735,26066,24402,28830,27774
1860,1258,9062,29309,25329,24905,27602
1861,443,3959,30303,20560,16042,20890
1862,7191,736,21120,20759,20820,19201
1863,526,1484,17899,19804,18695,17205
1864,269,12566,16364,22528,24630,29197
1865,1889,4352,15848,21067,22677,20013
1866,11,3216,18776,23700,22682,17630
1867,2425,5317,24875,24851,29679,30036
1868,531,10283,27206,29995,30013,26519
1869,1197,1793,20082,23326,22971,17983
1870,34,4586,16623,20146,19335,19804
1871,92,14743,26949,30163,23457,29836
1872,4600,11083,28228,15363,27235,23479
1873,22,3437,28456,24571,27506,28651
1874,6333,12508,18069,22226,23585,19767
1875,431,10505,25619,28939,24920,25315
1876,3089,10373,17119,15572,19804,19252
1877,655,13318,25440,26858,23868,25427
1878,490,3953,27189,16944,28355,25621
1879,105,13870,23950,25406,26021,24809
1880,1667,2791,25610,26123,24402,24692
1881,1718,4078,18144,19513,15969,18695
1882,0,5400,25470,25470,25006,24245
1883,800,10996,23118,17928,15275,21914
1884,94,3300,16125,23700,17630,22682
1885,32,10045,24479,25978,24718,29262
1886,1900,14797,28283,29920,19713,18441
1887,879,6930,22756,18489,16778,22634
1888,37,9848,17486,16857,20162,17349
1889,813,9645,23566,19077,17630,20412
1890,48,7369,29947,29970,29946,24486
1891,2555,1805,15973,22538,23310,18948
1892,819,14781,28090,27889,26718,27943
1893,2344,7577,28655,17469,29778,21914
1894,41,10288,25687,20543,29084,22495
1895,115,6874,24424,25748,27303,25750
1896,397,5942,18410,19069,25657,24884
1897,1754,6165,15541,23457,22528,22606
1898,818,1226,26377,23984,25629,25177
1899,0,1592,23918,23918,25980,24067
1900,1,245,27656,15087,27656,26142
1901,1165,75,15040,28812,25622,14969
1902,753,13581,26831,27354,25835,26935
1903,210,8547,22093,18220,23545,22874
1904,20,4564,22609,27762,29793,15007
1905,752,1687,26156,29793,30270,28200
1906,3889,6346,20728,20791,20820,15243
1907,2156,9604,25374,25588,28325,25403
1908,73,9547,24989,15073,27121,25045
1909,332,1627,17845,20543,21628,24053
1910,4866,6940,19884,17270,22226,23700
1911,98,13303,22194,23700,28673,15641
1912,709,11337,24434,28792,27462,25748
1913,599,1425,20929,25813,24509,30047
1914,995,1652,23280,21943,22408,22698
1915,410,6296,18605,23310,18125,21421
1916,1253,10042,27260,14967,26008,28134
1917,102,11277,19928,18220,22874,23545
1918,6898,6304,19662,23215,23700,22226
1919,486,6256,19581,23700,19734,16764
1920,96,13282,30012,25210,30043,30026
1921,292,6471,25525,28987,25805,25985
1922,163,863,16515,17469,16347,15861
1923,2473,10978,25491,27424,29335,29252
1924,1259,455,18187,23595,19804,20477
1925,2010,5532,29759,30270,26965,29399
1926,0,9192,22565,22565,23310,22149
1927,557,10751,16798,19113,22538,23310
1928,483,11239,17168,23175,16764,20597
1929,552,10619,26038,23543,18509,16005
1930,2,6166,16770,19350,22226,16770
1931,3146,8022,28248,30099,24550,29991
1932,6820,8587,26317,27853,28095,27064
1933,176,11379,21902,23310,17494,21101
1934,602,4992,26665,23990,21597,17630
1935,30,13233,24419,18578,26931,21486
1936,3905,14878,24649,26652,25968,24181
1937,3624,3676,27831,23674,19693,22538
1938,369,9648,20908,17205,22858,18220
1939,166,3310,27822,25725,20093,17630
1940,3927,3042,29660,29577,25841,14969
1941,480,3025,24208,24615,20890,28919
1942,573,14540,27579,30253,30333,29044
1943,59,3242,15013,25177,24349,26431
1944,1637,319,19013,18948,22634,19500
1945,152,4539,18270,20294,19077,21495
1946,21,11409,16996,16764,20924,20059
1947,4,11271,25357,25503,24637,26527
1948,7610,1934,27080,27450,23880,24933
1949,32,6504,20765,16564,18860,22232
1950,754,2793,20469,20759,17496,29027
1951,6949,6016,17728,19920,16750,19525
1952,454,5752,24298,16734,18350,24288
1953,134,367,27074,29134,28930,29881
1954,36,1272,25318,22149,23310,22251
1955,1050,13683,30179,23310,22538,19804
1956,56,11016,25431,24703,24285,25727
1957,2012,11880,22844,26408,21914,23457
1958,214,5407,28867,26634,27387,24087
1959,1590,6718,16151,21914,21725,23566
1960,405,217,15926,23584,22313,18220
1961,2493,11726,26320,24501,28078,27130
1962,17,280,20781,20220,28333,29252
1963,100,14074,25149,24697,24269,26050
1964,35,7902,28735,16695,27149,30122
1965,238,1370,21066,20744,21694,16764
1966,96,7845,18925,28294,24133,29121
1967,753,4244,21209,15503,23156,22538
1968,6170,8249,20310,20160,16483,16132
1969,3056,24,26188,24380,26353,30036
1970,2434,89,24928,17127,15009,28991
1971,3050,7454,16553,22020,18220,23528
1972,86,1332,26358,29341,22459,23215
1973,763,7155,29231,30190,28368,28923
1974,7285,3470,24132,25096,24046,24130
1975,1663,2023,29695,26965,20759,15552
1976,2079,10476,22731,23674,22858,18125
1977,3223,13298,21394,22226,21990,22232
1978,1444,111,15393,22609,29778,29666
1979,119,1375,29415,20820,20759,30270
1980,419,6122,22374,22495,23326,22373
1981,3557,10801,20680,19479,22538,21775
1982,2164,1200,17001,23597,22373,18489
1983,699,9432,28934,29879,29084,29543
1984,152,9723,25116,25283,24121,24408
1985,1180,9070,17256,16764,20477,22373
1986,255,5070,21756,20924,21367,22226
1987,25,3422,21284,21101,22874,22538
1988,7773,10444,29868,15261,22606,20759
1989,613,8025,19044,22226,20543,23175
1990,5564,8585,25320,27615,24027,20249
1991,907,2656,15018,23597,18946,18959
1992,304,4446,18355,21816,20553,18984
1993,5910,10882,26388,19542,21703,22072
1994,235,14378,29583,28773,26494,26968
1995,642,6614,17236,22382,22199,23175
1996,226,4509,23069,20834,19808,23469
1997,732,298,22066,22538,21101,18948
1998,2149,12536,25218,28511,28924,25190
1999,245,4631,28806,24031,25045,24708
2000,301,6757,28270,29599,28550,15627
2001,5875,1839,29136,29793,30270,17469
2002,7053,6414,15805,22528,19124,27064
2003,5203,6187,29785,23880,18855,25294
2004,1229,12768,22416,23310,23545,18220
2005,1045,4302,29121,27547,24817,27321
2006,5,11345,24508,28773,26968,26494
2007,0,7702,29982,29982,29442,29987
2008,1673,2334,19751,22538,19804,17686
2009,701,12267,23856,26968,28773,27973
2010,266,4680,17832,30247,19399,20791
2011,14,12699,30068,29991,29944,30099
2012,6332,6179,30307,18855,17517,19788
2013,2070,9943,25961,26847,24337,28273
2014,8887,11598,16314,21914,20820,16449
2015,2310,9661,26175,22226,28273,29543
2016,2550,2533,21605,22373,22870,22495
2017,572,2399,22362,23190,24334,15503
2018,760,8842,25398,20543,23665,24268
2019,13,12845,23847,24986,26415,26527
2020,716,3139,26471,16688,26355,27392
2021,3228,2022,15116,22408,20358,16280
2022,172,3481,24220,29027,30064,28366
2023,2368,5885,26014,21914,28634,24483
2024,65,14634,29877,25697,26750,29227
2025,7695,10310,16830,20759,22528,27166
2026,92,10624,19745,21725,20280,19713
2027,834,7655,20221,23597,17935,22597
2028,3107,494,28189,23780,24554,14971
2029,805,12971,26458,29123,27608,28830
2030,717,10433,28037,28740,15087,29335
2031,6,12700,24862,25503,25462,25590
2032,614,6916,29067,20820,17469,20759
2033,3,12077,26234,28786,16007,27970
2034,67,8817,24626,23256,29341,15155
2035,1861,6348,30313,16042,18968,20705
2036,740,3501,18453,23175,22149,22226
2037,1083,13231,24980,29123,27608,28134
2038,9,2161,27226,29313,24448,26123
2039,1639,10178,24299,25047,28991,27424
2040,1980,7699,30339,17773,20522,29027
2041,0,11898,25945,25945,27860,25604
2042,153,5208,23534,19716,18012,22730
2043,27,4933,24218,24445,25119,27121
2044,79,4976,21878,16444,20949,28379
2045,0,8212,15637,15637,17765,28304
2046,906,2958,28621,16122,18416,26383
2047,5661,7681,15494,20249,23597,17983
2048,510,11827,25259,26512,26377,27643
2049,1985,13161,16495,18012,19350,23175
2050,0,1695,16386,16386,29300,22958
2051,38,4533,26598,27852,22634,17983
2052,3,14171,23951,26898,15005,15362
2053,126,8382,26663,28734,26661,26327
2054,3910,4624,15873,21101,21980,21694
2055,1254,2472,22894,23310,23595,18220
2056,7180,8606,29811,19181,23553,27917
2057,574,14566,25811,24650,24896,15196
2058,240,11924,28143,28762,27982,30242
2059,1136,3153,18157,17415,22996,21184
2060,4500,13299,19907,22149,23175,21878
2061,9,3017,27942,28931,27822,26487
2062,7050,496,14985,25638,18585,25523
2063,61,12228,22275,23310,22231,22226
2064,168,1705,23963,27903,22226,29543
2065,7399,9928,27250,26718,15077,28325
2066,1774,14723,30158,23411,23375,27350
2067,24,10685,24781,26377,26142,27643
2068,119,7735,28329,28090,24172,24521
2069,26,178,28344,30270,28931,15244
2070,5818,7664,25042,19350,23175,21694
2071,1733,11903,24653,23700,25346,18489
2072,201,2883,15884,22538,23310,19612
2073,4,11632,30106,30061,30113,30019
2074,4333,12300,16200,22226,22232,23559
2075,1140,7601,26307,27239,26544,29244
2076,593,11448,27174,28111,26059,25261
2077,280,5273,22100,21725,23215,21663
2078,80,4112,30340,20560,15244,19399
2079,877,13678,24090,29256,27962,29594
2080,97,7637,17058,22226,20601,26136
2081,125,10894,24755,28773,26494,26968
2082,7065,12063,27294,25489,23718,24532
2083,40,7087,28944,29251,15506,17404
2084,4267,823,29249,29262,14977,27537
2085,4326,12067,26649,25294,24402,24081
2086,521,7330,18128,16764,23357,22149
2087,86,14489,27079,26676,24932,27560
2088,155,10126,28224,22226,26116,29084
2089,0,7543,25074,25074,26547,29171
2090,14,3126,29970,30026,30040,29321
2091,5,9053,30052,29995,30132,30119
2092,16,10563,20273,15244,22708,20981
2093,1058,4249,28639,25834,25173,26331
2094,9,4459,23826,27317,24063,27362
2095,859,7889,26810,17911,25427,24487
2096,4000,5543,18028,17205,22538,23310
2097,1737,5799,28108,17270,19316,21242
2098,234,12659,24121,24285,27643,28830
2099,16,7971,26686,27130,28330,28134
2100,2491,4091,17465,21682,23700,22682
2101,151,12994,22142,21252,30271,30315
2102,299,10111,27035,24209,14967,27105
2103,0,2967,15932,15932,18346,15912
2104,357,7658,15414,16764,23175,21694
2105,347,12585,27834,24064,25026,24131
2106,292,14297,22330,23700,22495,19542
2107,12,9857,25847,24266,22626,24505
2108,55,7786,24337,25943,19693,19901
2109,649,9261,17173,23545,18220,22538
2110,1118,8618,22464,19612,19804,16815
2111,679,14292,26110,24352,25402,27613
2112,1854,8433,29446,30190,29300,29078
2113,219,1185,29599,29600,20560,27758
2114,132,3381,15270,24288,24581,26490
2115,169,428,15510,18489,28473,21022
2116,1570,13024,24271,19788,19771,20553
2117,5877,11857,21206,21954,20805,19436
2118,936,12023,22568,19335,22414,17278
2119,11,6097,28612,26058,20553,21816
2120,1332,10189,21581,23310,22538,23545
2121,728,6596,22846,18742,22843,19077
2122,672,292,23593,18767,19490,29749
2123,64,1921,26035,28177,26362,25568
2124,0,2493,24963,24963,15127,26362
2125,4611,4343,29584,28273,16257,23963
2126,1720,2488,18170,22226,22149,23175
2127,87,3416,23528,23310,18220,23545
2128,3544,3306,28578,26597,29108,28130
2129,445,12655,27181,27454,25293,26634
2130,304,7762,30043,27813,28967,28289
2131,245,14117,26340,19042,21386,17469
2132,272,7788,21474,22226,23670,21495
2133,13,7367,19768,22538,18220,23545
2134,2028,8451,28916,23175,19901,26546
2135,1,9388,26280,27608,26280,27817
2136,4231,3404,23630,29333,24863,29388
2137,1860,13238,30157,17709,28453,28894
2138,2166,1929,15117,27478,28987,28358
2139,24,2601,27308,28867,27119,25553
2140,105,12320,20195,17686,20800,15955
2141,5064,7604,15990,18032,21816,22677
2142,950,3007,25060,24614,23844,28383
2143,2130,10068,21215,23674,19804,22538
2144,952,5697,18547,19513,23545,21101
2145,182,4745,16582,18220,22996,23595
2146,1443,3939,25737,26199,24334,25204
2147,60,9763,21145,16528,21735,22226
2148,171,8053,25604,17558,20090,19899
2149,1208,256,19602,21682,22870,23215
2150,79,5691,22537,20503,22226,21453
2151,1733,1892,28638,25516,26358,28577
2152,715,7963,23833,15016,24718,23730
2153,130,5749,15334,29970,17911,15041
2154,1489,7776,19511,21997,23215,16764
2155,225,5846,27330,25402,26630,28811
2156,323,5730,25705,28134,27105,24131
2157,130,12265,22865,20890,20293,22294
2158,1,3176,29995,30052,29995,30099
2159,109,9692,29029,28205,23215,28722
2160,7335,4593,26176,30031,27409,27355
2161,2978,10380,26412,29146,28367,22698
2162,779,1809,28930,15552,26043,22659
2163,694,2367,27554,24090,26684,26365
2164,847,7382,21067,20294,17928,19120
2165,757,8268,21908,20553,23175,20890
2166,209,5279,17788,29224,16764,15009
2167,1055,13479,30069,29938,29988,29454
2168,537,9148,24269,27724,23803,25978
2169,333,4881,23945,26882,27714,28493
2170,216,12438,24776,29602,25046,24703
2171,181,10546,28142,23657,27648,17650
2172,4068,7761,30236,21748,15009,22495
2173,3,1206,30029,29120,29956,30113
2174,388,14273,25676,26044,26813,28982
2175,649,9435,29316,29344,23788,29027
2176,2,6551,18014,23175,20744,18014
2177,84,2,24921,20260,28511,22408
2178,381,4241,26269,24713,28562,25405
2179,72,12379,26595,25283,26968,25083
2180,148,3428,28357,29300,27615,29564
2181,2002,9502,22425,18228,18695,22226
2182,4576,11652,30283,17205,18026,23310
2183,374,11163,17828,24446,15729,15297
2184,0,4670,23878,23878,24615,29518
2185,6124,5060,27488,22528,28739,26851
2186,6839,4681,26695,25645,25072,29402
2187,253,9120,18860,17129,22914,20597
2188,256,10385,29436,28916,28276,28060
2189,1086,4966,25217,24209,25338,26429
2190,97,10448,23655,21694,22226,18757
2191,715,1743,28540,24691,28383,29406
2192,809,8020,15011,20141,22479,18959
2193,353,4739,28871,28368,28739,24981
2194,2714,5479,16531,22226,21145,16528
2195,522,6055,27476,29397,26641,29727
2196,232,11883,24965,25068,24387,27441
2197,1275,3992,26342,27500,26500,14957
2198,1348,14126,24333,26989,24141,23950
2199,1284,2478,20365,22864,30270,27744
2200,4836,6820,26422,25459,29216,15164
2201,1394,4660,18003,22860,22451,16042
2202,219,1249,17177,20745,22074,28016
2203,452,10629,25538,28193,29998,28077
2204,43,9888,28114,16904,22679,20672
2205,67,6945,19806,16764,23563,21694
2206,2733,1604,28682,26597,30270,27261
2207,1507,5603,18350,28918,25424,24346
2208,1320,577,29500,16528,24337,22149
2209,1108,4915,27161,23175,22226,29252
2210,1935,7408,20837,23175,16764,19734
2211,2,10268,28924,27121,28453,28924
2212,4397,4831,20543,29600,18855,22864
2213,188,171,28844,23215,23657,22495
2214,1389,4727,22317,23340,17726,21325
2215,1515,1708,20172,23545,21522,23674
2216,83,3230,21774,23215,22870,21067
2217,5445,12409,27159,22072,21358,19542
2218,371,3666,25001,20553,25072,21215
2219,1449,925,18855,22958,20477,23173
2220,1958,3225,28111,27469,28325,25045
2221,21,12036,18843,20560,19822,18830
2222,979,7994,25791,29932,29958,29984
2223,311,5230,17200,22226,23700,22149
2224,482,6974,30295,18742,22843,18795
2225,471,8710,26431,22825,17469,23725
2226,0,4345,25134,25134,16111,16299
2227,175,2981,17105,23175,22149,22226
2228,545,13752,27927,25770,25554,29589
2229,4759,14216,26543,19077,30047,21486
2230,6786,4875,23516,23215,23175,16764
2231,0,14700,29479,29479,25170,24128
2232,55,12516,25087,26030,28160,26984
2233,489,7988,15986,18032,17726,20093
2234,1877,5155,20497,23700,16811,22682
2235,1131,11533,25614,24586,26028,25046
2236,7007,3097,30278,27156,23211,22502
2237,4989,8743,27369,14973,15629,25676
2238,2033,12954,26303,26210,25045,27028
2239,908,7608,29013,29948,29982,28967
2240,1626,9234,24374,22226,26545,29350
2241,1737,2749,23064,18220,22226,19804
2242,188,10604,30331,21652,17465,19056
2243,96,14631,24713,29369,24978,26929
2244,268,11931,22903,21725,22698,22514
2245,132,13770,28334,27121,27613,27389
2246,1727,8812,20992,19189,26851,22877
2247,2242,10094,20612,21914,18032,22971
2248,10,11681,18032,22677,20294,21816
2249,2907,10581,19327,15552,17983,22373
2250,3576,5753,24483,25569,16904,15555
2251,517,7072,18516,22149,23175,19350
2252,4717,2517,18966,19350,18591,23175
2253,777,3331,17813,22495,20553,16764
2254,1212,7807,15423,23595,18220,23545
2255,3677,8737,25110,29881,30215,30233
2256,830,13061,24561,15447,21213,29554
2257,720,10539,25653,27460,26729,27121
2258,1899,4484,18360,17561,23483,15552
2259,2804,8843,28881,29195,28217,18220
2260,2135,8347,15896,30237,15443,16183
2261,2332,1894,17864,22870,21067,23579
2262,0,7097,20298,20298,21694,16764
2263,5227,10754,18130,23579,18270,16564
2264,129,2396,18486,18220,22538,23545
2265,69,2972,24217,25972,27492,28086
2266,42,8575,29950,28967,30055,27386
2267,3893,6774,24268,27774,26331,27121
2268,693,9087,15351,25066,25177,23984
2269,382,4061,25144,16688,29303,20522
2270,2725,9622,23904,25489,26684,28285
2271,1121,2481,23704,16811,27392,20522
2272,7,11455,21243,17726,15668,21914
2273,1235,9160,27244,26729,24903,26331
2274,5138,11580,26469,30031,15484,29431
2275,5559,4251,29197,29108,30270,30280
2276,0,8569,20210,20210,18220,23545
2277,761,5537,30271,17953,18065,19676
2278,180,7233,27376,24140,28830,29123
2279,10,4749,26000,29793,30036,28451
2280,2979,13031,29208,24829,24131,24974
2281,168,5521,16479,22226,23545,21145
2282,6261,3342,17574,29680,27638,29663
2283,270,3160,21421,16764,21694,22226
2284,615,1205,21837,23545,23595,23310
2285,6,12940,23720,27945,24963,27385
2286,19,10408,21608,22698,22386,20890
2287,186,7949,19288,21101,22538,22874
2288,78,7104,17809,22534,21855,22231
2289,1415,5611,27529,23707,29402,28740
2290,387,8544,29749,23215,22698,21725
2291,1304,2079,24611,25658,28294,27911
2292,86,4684,26759,29356,28368,28383
2293,7862,8717,15963,23585,18672,19578
2294,250,4765,27136,26341,27529,25746
2295,21,6431,27316,28830,24140,27169
2296,283,11230,22015,21914,22877,21816
2297,16,100,17339,19928,22753,23670
2298,1400,7183,20772,23310,17205,18220
2299,618,5948,23604,23566,20545,20473
2300,1393,12186,27668,26835,27239,25053
2301,158,10278,27770,25444,27257,24245
2302,602,13074,29082,27973,26714,28773
2303,3694,10077,28910,21980,22226,26897
2304,471,5670,16156,26233,16944,23437
2305,6946,13773,26702,26899,28964,25251
2306,6908,5300,16823,20890,17630,21725
2307,48,11982,25848,26337,28673,25287
2308,331,10879,30170,29617,21764,27663
2309,91,7534,23935,23803,27774,29082
2310,448,12382,27752,29812,19005,25949
2311,1985,674,19535,18220,23545,23310
2312,1275,11582,24765,28583,25130,29058
2313,155,1437,23491,19768,20556,19693
2314,3,5637,23868,24441,25622,27249
2315,4077,10833,29738,29300,16289,25295
2316,1574,6542,18513,22149,17404,21902
2317,2028,6012,28853,28923,25072,28258
2318,3309,9590,15695,24544,27320,26085
2319,4739,8961,18241,20019,23566,21725
2320,15,6103,15447,18855,22606,28969
2321,4627,11967,21073,22149,17494,19479
2322,638,10672,26157,21816,20553,23566
2323,7036,11025,29911,20160,18728,20303
2324,3080,10561,26429,18347,22074,22602
2325,66,12291,18489,22538,23310,22226
2326,680,3684,15616,23595,23545,19804
2327,6,12370,25813,30047,29930,30005
2328,35,8083,29109,28651,29344,27960
2329,2221,7667,16968,21101,23057,23015
2330,197,6242,22030,22971,22373,22495
2331,21,13649,27627,24703,27625,28171
2332,924,12078,25029,26408,24352,27450
2333,66,13613,24714,15261,25709,25491
2334,20,8836,26337,30270,29027,25327
2335,320,4508,27284,18220,29922,23310
2336,1208,4811,21789,20477,23595,23310
2337,333,7532,27962,27958,29216,24435
2338,129,11559,30088,30051,24515,28875
2339,4,7635,29365,26864,29600,21914
2340,443,3455,23299,20890,20280,17129
2341,7252,3464,25351,25973,24140,24090
2342,5964,13028,27261,19769,29681,16656
2343,8,952,25825,23215,21725,24547
2344,55,8521,18710,16764,20924,21694
2345,350,13585,24953,24192,27239,24238
2346,96,6054,17826,18220,23545,23190
2347,6555,1651,22412,17928,20759,19120
2348,290,9242,25504,28652,25827,19494
2349,52,13652,24952,25803,25567,24947
2350,2409,11130,23377,23579,16418,18489
2351,316,1838,19719,23175,21821,20687
2352,851,14789,24196,25094,26375,25409
2353,2726,1486,18553,23175,16764,22149
2354,848,358,22391,22948,16904,21234
2355,132,7956,29614,21980,21694,22149
2356,3081,3559,26354,20553,25725,18651
2357,674,9243,24294,26123,28782,26008
2358,4767,8612,26135,25369,26750,28903
2359,2123,6343,28990,24984,15552,29397
2360,3949,6374,28463,29300,27371,27615
2361,327,12026,21703,22226,23310,23545
2362,463,8341,28709,27288,26192,15996
2363,5932,5524,28660,26897,23675,29084
2364,3744,4256,29753,29793,26851,28415
2365,418,341,24139,26590,28583,26908
2366,1082,14670,29167,20128,21422,17469
2367,98,7201,17989,21694,21878,16764
2368,201,4602,18492,22870,23166,21067
2369,1417,10820,23638,22226,20773,23595
2370,191,5731,23689,23310,18220,21101
2371,216,4188,26305,20759,29793,24948
2372,3380,625,27092,22226,27904,22149
2373,0,13291,24445,24445,26031,25576
2374,3050,3329,29904,19804,18695,19513
2375,126,6932,26654,27681,24938,27487
2376,4674,3193,24735,29497,30133,28205
2377,0,4475,30120,30120,30078,30026
2378,1180,13403,24695,26223,20824,27767
2379,405,5877,29255,27506,21725,26999
2380,3731,5594,18933,22226,23700,19928
2381,1126,8476,27628,26781,28773,26494
2382,94,9080,30155,24479,26331,27228
2383,3321,1204,21822,23660,19643,19693
2384,0,12258,26256,26256,17901,14953
2385,182,10260,17412,23175,16764,21022
2386,4861,5740,21914,17205,17686,22538
2387,0,6886,29438,29438,22518,29725
2388,1509,5835,21621,20560,22650,26278
2389,103,4775,29033,29437,25738,26871
2390,1656,12044,19844,23215,18767,15729
2391,2133,4612,22017,21101,22226,21821
2392,1746,5783,19696,22698,21725,28901
2393,60,5081,19441,22698,19525,16042
2394,5447,885,27530,29141,22149,24962
2395,22,14312,28402,26975,28773,25096
2396,26,10579,20477,22090,23310,18220
2397,506,8705,16225,28204,18035,22948
2398,1992,9803,29334,26983,26597,25467
2399,715,901,30289,21652,21781,15668
2400,48,339,29284,24318,29146,27345
2401,74,1792,15996,17901,29680,26327
2402,461,14304,28317,20522,22073,23907
2403,526,14256,29150,23917,28905,28471
2404,621,12773,23913,29051,25364,24024
2405,2168,2734,29301,30031,27905,28298
2406,0,13492,29831,29831,23782,26420
2407,4177,3838,26824,24851,16750,19901
2408,1654,13763,28943,16645,24015,24781
2409,546,3951,24383,24441,25972,24720
2410,422,7887,17733,23664,22858,17205
2411,32,1638,19399,15297,29459,22514
2412,671,7558,21329,19431,26732,26768
2413,0,8560,22657,22657,26461,29778
2414,1322,1951,16444,23310,16690,22538
2415,5394,4483,29613,15967,15041,15117
2416,4396,5631,23602,22226,18443,20494
2417,496,6161,20141,17312,24337,20927
2418,18,8944,27277,28762,29146,29078
2419,2640,7144,27718,23215,27536,25643
2420,2484,1250,24519,14977,23448,15139
2421,1,10556,28173,25647,28173,15140
2422,0,13733,24800,24800,28352,28402
2423,442,7561,15037,28773,25077,24288
2424,796,12294,21078,18776,23175,22149
2425,4164,14132,29610,24512,26119,15166
2426,122,997,18570,22874,23532,15599
2427,56,10851,28017,29241,30063,15524
2428,5042,9922,16988,18285,19920,22409
2429,307,4892,15048,23375,17469,17726
2430,2087,8929,21615,17205,16097,18220
2431,328,3883,27989,27167,29326,28367
2432,1381,8897,26001,27625,24349,29123
2433,7174,9045,29258,16220,20126,20303
2434,988,5024,18690,23700,22226,23514
2435,1625,6008,17550,22459,17181,18334
2436,22,4136,27354,20152,21986,28784
2437,1640,11723,26478,15536,30217,24488
2438,483,515,28907,15555,28751,28796
2439,3288,7465,23820,24402,27774,24140
2440,155,3888,17774,16005,23710,21694
2441,123,4644,28471,26715,24630,24120
2442,688,1120,28747,27949,27547,25072
2443,1869,3349,17920,21295,16764,23449
2444,1981,3748,23543,20635,22860,22622
2445,5744,9732,21854,19928,16564,23700
2446,4506,5678,19613,20887,18946,22759
2447,2580,1158,29010,22226,28673,23700
2448,175,8272,18900,19113,17205,22679
2449,6194,6428,29766,24948,20820,20759
2450,5357,7766,29119,17469,15244,27744
2451,10,10974,28928,23929,25020,24767
2452,718,870,15631,15858,20560,17469
2453,130,10116,30100,29942,30117,30031
2454,1609,6196,28318,23700,29137,20745
2455,305,13309,24605,29123,25491,24253
2456,327,10846,27819,23700,18728,19928
2457,7539,5331,25692,15046,27142,27724
2458,2738,9400,22122,22528,23457,22606
2459,282,3758,24455,14977,28571,26500
2460,2195,8824,29186,29459,24859,24133
2461,139,9574,18372,22538,19513,21101
2462,5221,11848,16085,17469,22643,22853
2463,2,3384,27428,22226,23585,27428
2464,105,12219,28243,24090,26686,15526
2465,387,3366,27750,29388,23707,29333
2466,4880,2554,23044,15019,26289,15243
2467,2043,12252,15146,22074,22819,24098
2468,317,2502,18228,22226,23670,23175
2469,4302,7624,30156,14977,24266,25995
2470,175,6035,28254,20759,27686,16042
2471,71,11871,26441,27613,26331,26408
2472,366,8019,26819,30190,19251,20597
2473,688,1762,23015,22971,23215,17630
2474,177,5410,17622,23063,15675,23657
2475,4720,2145,25271,28923,19901,28722
2476,328,4514,17547,23545,23310,22858
2477,7762,6494,26890,30247,26273,21662
2478,143,6654,28222,26696,28923,15729
2479,262,9756,27267,26366,23967,28021
2480,274,11146,25263,24503,26646,15248
2481,304,1163,18663,18606,20014,16844
2482,4865,5803,28504,29027,29137,30064
2483,4709,13907,30342,21963,15126,16183
2484,56,9126,28970,29437,29933,30077
2485,121,6975,24558,25662,14977,28583
2486,1971,7627,21245,15592,16764,16458
2487,0,8473,23361,23361,14977,22606
2488,30,8716,24677,25502,26959,27244
2489,3707,9241,23606,21948,16210,28412
2490,141,9274,20388,19069,24288,24512
2491,201,8513,17455,22538,22829,23310
2492,1448,4254,29363,24547,20759,21725
2493,404,10821,22197,30096,30080,19765
2494,2573,4284,30268,20522,21213,21682
2495,576,4344,27503,23215,21663,21725
2496,3068,2380,25562,23700,26597,29521
2497,500,6109,29259,28923,22518,24027
2498,25,12623,27432,26400,23874,29000
2499,441,1507,26639,24887,28969,24888
2500,7368,5453,27347,26725,25781,20280
2501,576,8950,22283,14982,20545,23170
2502,5295,152,20560,29084,16208,16001
2503,3470,584,26060,25047,28987,28177
2504,507,14349,24083,25048,24402,26066
2505,464,12905,24178,27740,25955,23803
2506,190,11087,20143,20481,23215,22416
2507,20,11436,17970,22376,18932,27400
2508,5,6595,15332,20104,17404,15915
2509,5451,8588,17667,23657,23705,15552
2510,2041,4655,18761,22874,21101,18742
2511,7,10857,20962,16418,23595,22449
2512,996,7013,26039,29141,23969,22149
2513,1060,7630,27302,27376,26926,29380
2514,2034,9372,24356,24474,28561,27500
2515,6704,10014,15162,20601,22226,20300
2516,5466,2800,24977,30190,26736,30217
2517,4307,2603,15323,23683,27762,28972
2518,3285,10170,22037,16564,17983,23215
2519,4385,524,24662,21980,16437,20892
2520,349,4275,19750,22538,18220,23310
2521,262,4613,18203,19350,19734,16001
2522,53,8563,28787,25358,24708,27510
2523,255,10250,27967,29543,27116,30166
2524,871,5006,29925,15185,29984,28200
2525,1900,13800,27138,26539,23707,23841
2526,1047,10809,23919,27198,27285,25359
2527,1914,2440,24723,27871,28916,29729
2528,0,3197,30070,30070,29970,29976
2529,4933,12674,15097,29317,29518,27714
2530,272,14925,28389,22708,18589,25154
2531,5129,9906,27791,29334,25886,30063
2532,6438,629,28935,28366,22662,29397
2533,3,13070,22864,20128,30270,19920
2534,4438,10195,25343,19606,22695,26035
2535,1780,6893,27188,18220,23310,15572
2536,960,232,26761,17469,23375,23487
2537,112,10967,24135,27469,24824,24368
2538,415,3452,20466,20104,22226,19350
2539,3808,11237,27172,15599,16485,19277
2540,770,14913,29797,24257,28400,24613
2541,1164,10455,27654,30119,30019,30047
2542,16,4802,18495,19584,23670,15988
2543,860,6018,21549,23566,23700,17921
2544,61,6806,27921,25750,27837,24833
2545,2089,10106,29524,21696,21343,22520
2546,4464,7105,18132,22682,16042,22971
2547,79,5062,15811,20904,22870,23566
2548,188,12358,25128,24777,26500,23992
2549,931,14326,26962,27121,27670,25489
2550,2717,6566,21281,21694,22149,17404
2551,4418,1682,19576,21914,22528,17726
2552,0,8491,15482,15482,16756,15395
2553,4111,2192,24618,23243,25106,19479
2554,4206,5582,29768,17469,30270,29793
2555,244,7692,20494,22226,16208,20328
2556,1772,3301,21849,16764,22382,19473
2557,1090,131,23162,23310,16418,21821
2558,418,7092,28081,27312,28788,29942
2559,291,11996,28803,26079,30013,30033
2560,251,7872,27006,28651,22452,20759
2561,1985,11405,19605,21104,23001,19767
2562,2240,2350,22384,22843,23175,20506
2563,626,14179,29629,27878,29793,28056
2564,168,3550,17725,23310,22538,18125
2565,959,5201,27696,21980,19901,23665
2566,86,2874,28927,23834,24548,25664
2567,721,4542,24497,16688,19404,26965
2568,349,3195,17819,21101,18125,22538
2569,491,12861,25069,25978,26008,29262
2570,659,7362,19188,21774,20522,21652
2571,3375,7292,27199,29244,19065,26681
2572,4825,3690,23861,15627,24981,29459
2573,60,4266,27155,16103,15019,25956
2574,1976,1016,27290,21101,19701,18398
2575,1892,7044,24202,26133,25404,24288
2576,298,11149,22164,23310,15803,22538
2577,364,9380,20123,21694,16764,21980
2578,938,1886,27076,26008,26926,25372
2579,212,4047,15521,21914,18848,22606
2580,990,7125,25341,29084,30166,26847
2581,719,8574,19977,19056,22528,23457
2582,430,4001,15492,24288,19069,24418
2583,72,12541,27460,25245,26729,24131
2584,3547,10594,20024,23566,20545,23170
2585,675,9784,19436,15443,15515,21122
2586,1517,12124,16031,19252,18490,21247
2587,176,1967,28699,14977,27608,26701
2588,5,9063,15438,26535,25177,23683
2589,712,7893,26366,24605,25073,14967
2590,95,11842,25662,24445,25709,28899
2591,3946,11274,29549,29957,25947,27312
2592,117,14565,26336,24359,27051,29427
2593,3637,271,23201,27575,23294,26860
2594,831,947,19608,19804,22538,23310
2595,1,3497,25781,20280,25781,17326
2596,1136,648,22470,22495,22373,23579
2597,2307,8991,27979,25096,24046,27239
2598,787,11105,27164,24219,28075,25967
2599,9,13466,26816,26646,24091,29157
2600,1905,6354,19665,19804,22538,19479
2601,4224,20,28308,22226,27903,28751
2602,36,6271,28571,29123,27608,24090
2603,38,318,22288,18433,15712,20609
2604,1099,2698,25375,20759,28939,29459
2605,348,4923,26581,24402,26404,24586
2606,1672,8066,20410,15668,17928,23215
2607,1057,1974,20432,22226,19928,16485
2608,308,9381,17364,18665,18991,22538
2609,891,3922,21561,16764,23710,18776
2610,2419,11335,18687,22538,19595,18514
2611,280,2262,29079,22226,21821,19693
2612,498,3558,29352,23300,17469,22606
2613,1813,2042,15412,28919,15781,19608
2614,9,11506,26142,24579,25695,28180
2615,1865,4784,16679,18220,23545,21101
2616,7786,3353,25356,24476,25047,24032
2617,5462,48,29102,14977,26590,29008
2618,472,11705,20181,17686,17205,23310
2619,8130,4572,26591,22877,21914,28651
2620,1368,10296,20575,22698,21725,20890
2621,4265,3346,17335,27949,17205,21999
2622,2555,8318,27470,27910,27469,24353
2623,501,3502,29023,22870,17723,20506
2624,388,8578,22287,28804,20553,22004
2625,24,10953,21629,27015,26729,26008
2626,360,4228,29414,26545,18489,29407
2627,666,12981,26544,29832,25406,28157
2628,1754,13266,20827,23310,23674,17205
2629,4096,9719,19524,23657,23393,17726
2630,2066,456,17827,22948,23310,19804
2631,1,13331,26128,28699,26128,14967
2632,482,6537,29346,30270,30179,29550
2633,9,14062,28887,28974,26236,24135
2634,611,14856,23791,24986,28662,27619
2635,1304,204,15756,20597,20276,22423
2636,73,13251,23968,24874,25635,23877
2637,7041,11431,27521,22679,16775,19252
2638,495,5192,19295,17935,17983,20481
2639,0,10238,26492,26492,23215,23657
2640,83,13480,25829,26199,24032,27375
2641,239,11110,30162,27859,26766,25149
2642,91,10086,23311,23215,22870,22280
2643,3508,5123,25454,22958,15731,23675
2644,3334,3213,19273,22948,20949,19850
2645,3852,11476,20889,23215,22520,19974
2646,5769,3584,28988,28433,26983,27392
2647,3035,537,16009,23518,21430,15896
2648,25,14342,27285,18852,27198,24594
2649,15,13892,22246,21608,22698,20682
2650,397,13653,26260,24015,23977,27378
2651,125,13931,15088,22528,22606,17322
2652,723,6255,26171,22226,22149,21980
2653,261,13830,23025,22534,22226,19542
2654,165,5683,30206,18032,22514,15668
2655,4445,3474,21386,22679,17127,23661
2656,57,1011,22886,23588,21694,20240
2657,1712,6571,28336,19788,23095,26192
2658,2980,1703,28288,23834,28561,26729
2659,51,5839,22010,22149,22226,17494
2660,5,5776,29577,25841,25762,27215
2661,977,8023,26620,26609,29792,15627
2662,168,8615,24548,26075,24505,23896
2663,291,9158,27690,15627,28201,27673
2664,718,10118,30135,25329,29623,15088
2665,1679,1875,19724,23310,21101,22538
2666,1355,175,23758,28916,27871,26574
2667,4253,12304,15186,17322,19788,16947
2668,294,2270,23841,24016,25402,25364
2669,58,9704,15016,24158,24151,24821
2670,1535,8439,29604,24691,29146,22460
2671,2161,12907,17951,22514,21816,28462
2672,37,3238,30330,17928,21774,19525
2673,1256,4728,29341,28969,24323,30270
2674,33,5271,28885,23311,26523,29010
2675,782,8365,28584,15012,23653,18860
2676,2022,13802,22380,18586,17928,20553
2677,133,8672,24620,17270,30217,17005
2678,1619,12392,14959,24054,24654,24147
2679,48,8273,29185,29699,28478,28250
2680,2243,5136,22021,22232,19251,22538
2681,6899,2898,26271,29344,27960,28651
2682,4864,5930,28645,27945,27442,23720
2683,0,4231,25891,25891,29600,26965
2684,2017,11495,24623,26628,24120,24499
2685,307,13132,25651,24166,28402,25834
2686,191,7542,22027,18012,21495,20419
2687,5444,1503,18644,19804,23310,17205
2688,3745,7317,15069,16292,26736,19974
2689,714,2060,26778,22564,29328,22518
2690,181,12744,26394,18855,22518,17469
2691,1,2108,30200,26308,30200,30293
2692,103,8205,23801,26031,26364,24814
2693,433,3089,18509,19350,16764,23175
2694,7008,39,18411,22554,30270,22451
2695,203,6371,22392,23375,17496,17469
2696,3370,145,26183,20128,24314,28056
2697,2918,12589,25757,25805,28261,26556
2698,516,12497,26002,24349,29123,26661
2699,14,12597,24740,25719,15300,29110
2700,2,1433,19058,17686,30183,19058
2701,1667,10397,29257,18220,16097,19768
2702,250,4676,27317,27130,24090,24833
2703,97,3635,19616,21816,22564,18984
2704,0,8039,22704,22704,17630,16564
2705,53,13889,24164,24165,28889,24128
2706,1047,12475,21995,19693,18220,23595
2707,2911,2035,15038,24147,26408,26718
2708,4203,2839,29870,17928,22698,19676
2709,274,6823,24391,30031,29957,29942
2710,5960,1536,16776,23675,23215,23700
2711,463,9980,22435,20477,21694,16764
2712,4465,10960,19800,17205,18220,22538
2713,267,9599,20312,23175,23665,15748
2714,2086,8800,24348,29793,29344,28916
2715,1849,7397,25244,29444,29078,22698
2716,440,4940,21477,21873,22971,20512
2717,3075,10506,17678,22862,17819,15011
2718,266,12991,24796,26408,26575,15073
2719,2500,3049,15082,21821,21372,22467
2720,1390,9189,28306,22426,28762,17154
2721,2277,203,19218,22752,16599,23597
2722,151,5206,20991,22538,18220,21070
2723,2546,12189,18787,19612,19768,17205
2724,4817,10496,28410,24575,28449,23457
2725,311,14588,24141,26801,28178,25359
2726,2,5701,21289,16564,22064,21289
2727,6752,10471,28157,16062,20213,26810
2728,4760,2844,18152,21821,26897,19252
2729,1295,5782,28433,25569,22226,27204
2730,3101,2723,16811,23310,22538,17205
2731,390,12895,26494,26008,25364,25212
2732,161,1430,23667,17688,16289,18472
2733,910,2762,28062,29146,28762,28368
2734,6,4961,26519,27600,24235,28876
2735,1,8774,23670,22870,23670,21495
2736,1735,7940,20858,22538,23310,21101
2737,125,10335,28013,25402,27121,26575
2738,1863,5227,25506,22796,23543,15382
2739,143,5408,25466,26327,24724,24917
2740,4808,11628,24436,24063,26811,26715
2741,177,11891,22633,22874,23310,18220
2742,0,13936,24917,24917,27608,27643
2743,32,13864,26405,29991,26561,24550
2744,409,9453,23455,18012,19350,20553
2745,7463,7189,23486,22528,23457,26083
2746,1950,1060,26253,23571,25027,16955
2747,5581,5607,15416,19525,21914,16042
2748,118,3048,30336,22870,21682,22395
2749,281,4633,16775,23175,22634,15871
2750,81,7004,25990,26740,27826,15060
2751,9,12658,17138,15572,20477,23310
2752,23,1139,28126,26575,24368,26404
2753,219,11684,27183,25044,27504,25429
2754,652,4736,25198,23300,19065,22650
2755,49,9600,23715,24703,27625,29123
2756,36,7499,29321,25210,30005,30042
2757,303,13078,27509,29123,27018,26119
2758,159,7705,23417,22184,18220,16097
2759,1,10185,21346,22843,21346,20506
2760,665,775,30190,18457,29518,18895
2761,1106,8121,16641,20890,20682,20242
2762,6141,14611,26274,15559,29681,22502
2763,499,9217,15337,22538,21101,23310
2764,376,115,16260,22408,21914,20128
2765,618,8893,24021,19525,25738,30013
2766,2038,11024,27818,25748,24586,25403
2767,2395,2338,18110,22297,16764,21694
2768,2781,10697,23281,30166,18795,22843
2769,19,5855,19546,30233,22914,22538
2770,237,1118,19713,17983,22878,17935
2771,224,13525,29427,23211,22528,22877
2772,375,8186,17250,23310,18220,19113
2773,1021,6358,27101,30270,29793,28200
2774,7048,3695,28892,17469,18677,22710
2775,19,10067,18651,22132,20635,22860
2776,7260,7339,19663,20759,22650,22860
2777,14,13416,24464,24253,25970,24396
2778,1121,5696,29289,29108,16042,27822
2779,207,10657,24017,30026,29983,25463
2780,674,2532,27430,17469,19042,16347
2781,242,7993,17760,17983,15572,23310
2782,762,3710,30260,21682,20412,30241
2783,463,1471,18362,15605,21725,20904
2784,177,11227,29944,29970,30026,28060
2785,1187,14735,28724,16367,20652,22948
2786,901,8080,15385,20506,21495,23316
2787,7,10776,16362,16421,15829,16756
2788,6487,5153,23857,25997,17469,29027
2789,2163,5351,25855,27392,30270,27261
2790,1720,7091,21873,23670,23175,20506
2791,4007,9331,28798,21914,29121,26987
2792,7359,14059,28706,25640,22385,29712
2793,5765,7139,28223,22081,20126,20705
2794,115,13227,29348,27129,24991,26614
2795,1159,8470,20452,19584,22149,19350
2796,79,8889,24358,26146,29105,26202
2797,1497,6949,29672,29370,25864,29121
2798,859,12888,26860,26358,28152,17411
2799,118,10527,26956,28577,29412,26487
2800,481,7074,25058,24608,24352,24758
2801,4635,3776,24524,23375,22074,28411
2802,704,4921,17541,17928,23237,15668
2803,50,12187,25734,24418,16734,29793
2804,1953,8753,27621,29027,28200,29344
2805,5492,4402,19174,23310,17686,15759
2806,5715,3732,16065,22734,21289,23434
2807,99,6112,26772,23814,16266,23984
2808,338,4748,15586,29680,29568,29778
2809,249,2058,27546,29793,29027,20759
2810,3087,14766,26486,20560,21243,19201
2811,374,1428,27252,15641,28673,23700
2812,509,4606,29134,22149,15572,22373
2813,2898,5661,17368,22423,18141,23566
2814,82,729,19661,18489,22373,17650
2815,712,9656,26122,28330,24629,25400
2816,177,9969,21446,19920,16183,29844
2817,76,5917,25096,25429,28146,25623
2818,3480,14259,26359,28721,25294,28239
2819,1542,12030,15859,16690,18220,23310
2820,4929,14164,25871,23215,21725,23506
2821,2428,858,26178,19525,17469,21914
2822,347,4002,24423,30097,26360,29394
2823,38,1810,18811,20765,23277,28333
2824,328,8460,27759,23769,24308,27889
2825,6300,7340,25005,19901,29300,22149
2826,2856,2150,23727,30270,28939,29344
2827,5948,13088,25897,26199,25794,24334
2828,1593,5711,15622,18948,21035,19584
2829,177,6638,21425,21101,19519,23173
2830,39,8818,28490,29488,25485,27860
2831,6439,3065,30230,16339,22296,19909
2832,7,10923,15227,28997,29956,28877
2833,1796,7140,26127,24615,15012,28383
2834,448,9296,26980,19156,28816,17347
2835,1806,9804,15046,19399,23814,19065
2836,919,9500,17935,20260,22518,30270
2837,176,3627,28827,22538,20556,23310
2838,1451,4816,17702,16764,20927,22423
2839,735,11527,29205,19113,20764,17935
2840,2522,5805,25209,29793,27459,22368
2841,82,7160,22952,16636,19350,23472
2842,5,3594,25166,24767,26119,23724
2843,1922,10756,15641,18220,22538,23310
2844,210,4678,17676,22682,23700,18767
2845,4,4632,23724,26816,28212,26859
2846,5923,2263,15124,20013,17141,22373
2847,65,12225,28954,20128,20560,20260
2848,521,3472,28330,15077,24353,28830
2849,985,14666,23760,15028,16115,26969
2850,2445,3124,27243,20759,16042,18855
2851,728,14357,26439,28393,26647,14955
2852,191,4658,28608,24928,27724,15046
2853,11,9143,27482,16042,27822,20759
2854,42,3508,24310,27064,26637,19189
2855,118,3189,27995,24577,28165,26289
2856,1918,8892,28822,29793,18285,17469
2857,1174,3273,16115,27354,15553,15139
2858,2587,10354,15662,20560,15668,18032
2859,100,1068,23716,26858,24352,29082
2860,62,2038,15173,25889,25450,28421
2861,1493,3106,20792,23215,23316,22971
2862,1967,7829,25396,24501,23717,27316
2863,1090,226,25276,29793,29027,30270
2864,572,12522,24152,27130,27303,28325
2865,330,9421,15260,24016,29262,28214
2866,130,12776,24033,28773,25283,26968
2867,46,8301,21307,23310,20706,18220
2868,254,3727,19649,22064,22232,21289
2869,1035,1630,23157,20514,23700,17494
2870,3740,13321,18129,23310,22538,22749
2871,603,7557,17146,22213,19513,22538
2872,1233,9447,19125,22226,21101,18742
2873,508,1325,18642,23310,22538,19252
2874,1805,2634,29332,22149,29141,22226
2875,31,13714,27821,24922,28022,25380
2876,978,5938,17952,23479,22874,20601
2877,2647,257,17449,19138,22226,19536
2878,6749,11180,27456,23872,25066,29008
2879,3849,1594,15645,17983,18948,23595
2880,2894,4772,15671,22682,22368,20522
2881,4546,1949,20219,18742,19928,22226
2882,14,14233,28335,30119,30042,26212
2883,680,7084,29260,30018,26865,29272
2884,2255,2987,27537,22244,28072,18270
2885,461,7948,19374,22538,23545,23310
2886,1312,6338,23819,24016,26575,27121
2887,19,2553,25784,19189,23791,25043
2888,263,10017,22511,16042,30247,20522
2889,2034,461,25943,29345,22662,24888
2890,379,1407,27328,28393,26929,25712
2891,1352,3203,21403,23653,16853,27547
2892,203,9104,21864,22870,23215,21067
2893,978,9110,15091,21914,22133,18855
2894,668,9096,16027,23175,16764,23665
2895,0,7545,25936,25936,26167,27650
2896,3,5187,22677,22870,16564,21067
2897,1322,10932,20090,28219,30215,24450
2898,607,443,14993,15001,24639,27335
2899,47,13984,26853,24131,25245,24269
2900,1031,9048,20699,16904,20250,22858
2901,3780,12137,29607,29668,20522,16944
2902,68,14012,27550,28160,26030,25748
2903,450,8447,24841,24192,27239,24923
2904,1065,13168,25821,28320,24116,24015
2905,17,1601,20861,22870,21067,17928
2906,695,2185,26146,24317,24505,26975
2907,711,3783,27990,28366,28468,29137
2908,5071,2354,21032,19832,22971,23566
2909,501,8423,17579,30076,29970,30055
2910,112,2853,20667,23310,19584,23472
2911,12,9438,20267,19801,29991,18745
2912,466,7669,22358,19928,16485,17628
2913,23,9213,29442,29982,29970,30085
2914,15,5365,23237,20861,22870,23700
2915,219,7953,23778,25093,26028,27450
2916,1049,124,23214,22232,22639,17630
2917,5668,1996,21295,16944,22303,28355
2918,49,14083,29516,28451,29203,29671
2919,700,247,15451,26636,24782,15139
2920,1,9532,26714,25729,26714,24083
2921,5879,5138,17088,23457,22502,22528
2922,3312,11152,21003,15719,15304,15946
2923,258,9108,24747,28171,27625,24327
2924,1770,9892,17700,22679,22948,17205
2925,29,13163,27969,28332,26814,29318
2926,115,14411,28104,24316,29082,24948
2927,399,9244,17500,22948,22634,17983
2928,283,4973,25080,25972,26122,27249
2929,0,14821,27954,27954,29602,28290
2930,2137,6632,21230,23566,29894,27949
2931,956,12601,28251,27844,26708,24680
2932,328,14337,30299,17205,22538,23310
2933,3433,8924,15143,17469,21422,25738
2934,5665,10552,26237,19901,23175,29224
2935,247,4321,16741,16402,16423,16764
2936,1768,11245,27220,26199,22749,20556
2937,209,10378,19429,22226,21775,20146
2938,2081,8461,23510,22971,29335,16564
2939,1041,8016,25430,22232,27949,25315
2940,5268,910,20939,22184,21018,19768
2941,167,3928,29266,29543,26136,22226
2942,582,7265,22879,20706,15572,20947
2943,2092,12757,25355,27341,26968,26480
2944,49,711,20550,22870,23215,23063
2945,6,12156,23039,17494,22759,20269
2946,360,1326,20926,22538,21101,20108
2947,12,11516,25749,29313,24445,14977
2948,89,8890,20427,18489,17983,23310
2949,3677,2327,29719,26847,19734,29881
2950,2223,14442,28662,19201,18855,18968
2951,693,9186,21453,18220,22538,21101
2952,734,6266,29111,15244,29793,29027
2953,1258,1172,24028,24063,26628,26811
2954,1589,4394,16198,15668,20820,20560
2955,262,3028,28548,23175,26897,26546
2956,48,10930,26726,25366,27450,26028
2957,4763,7336,17949,23566,21343,22520
2958,62,9761,19832,29403,19606,25455
2959,122,11579,25289,28824,23862,27490
2960,155,11879,22451,21914,22606,22514
2961,915,11288,28256,24094,28240,29602
2962,2014,4581,26275,26983,19928,26597
2963,134,11036,23465,22514,19056,21914
2964,1406,6361,16648,23310,22972,22232
2965,2219,5186,27528,29300,29382,24555
2966,6809,10787,26704,19189,21914,14977
2967,207,10885,18039,18489,22495,16778
2968,136,11843,29287,14977,17949,26983
2969,3017,8674,28207,29792,27994,28445
2970,280,6447,16004,17935,22971,22679
2971,0,2767,23929,23929,24217,23921
2972,2389,43,29649,28413,29555,23294
2973,1557,777,15667,19693,22634,23595
2974,827,9659,28355,23707,29344,28651
2975,1467,3355,27943,27354,23984,24608
2976,852,3988,20951,16528,21694,16764
2977,5653,7350,22691,15572,17748,23588
2978,5915,430,17385,21914,22528,22860
2979,407,5618,25993,27273,28870,29704
2980,2671,13250,27543,20342,23566,22844
2981,1070,6808,19536,23310,22538,23622
2982,123,5920,26480,26430,25083,26968
2983,207,3434,19560,23310,17205,22538
2984,24,12673,23747,30051,26927,26551
2985,160,1925,15070,27955,29792,26102
2986,4931,10607,28748,29946,25517,29947
2987,64,14043,23908,26142,24140,28782
2988,2894,12286,29596,17469,23557,21213
2989,288,14116,27360,27987,26734,26193
2990,793,3271,27670,24090,26404,27390
2991,2399,6712,22126,17469,22971,22554
2992,175,1546,15231,30086,24963,26405
2993,313,7926,25732,23754,26202,27004
2994,422,3580,27837,15077,26729,27394
2995,11,545,24043,28207,22609,28773
2996,2,10790,14967,25403,28134,14967
2997,0,6199,26150,26150,28927,28734
2998,3623,12708,22680,17205,19252,21101
2999,122,13212,19118,17884,22149,18591
3000,26,13745,20682,16042,19920,20759
3001,4101,12848,24523,21213,22015,15605
3002,1944,454,16416,23705,22698,23657
3003,216,13657,29232,14967,29523,26245
3004,13,1496,22737,23310,20706,23190
3005,83,1167,30315,21067,16564,22870
3006,278,13991,20068,22759,23524,16764
3007,0,2979,17804,17804,30117,30061
3008,2674,1692,22336,20635,18651,22622
3009,593,6928,27517,27460,28493,27376
3010,2699,13771,30250,22649,26697,29879
3011,3021,8274,21645,22226,23175,23665
3012,4646,5857,20791,17205,22749,16690
3013,86,4836,25746,30270,16042,27822
3014,896,3245,16405,23215,18270,20890
3015,5225,1619,27258,19065,30037,27400
3016,518,7738,20274,19722,22184,16097
3017,423,5784,15258,28628,30033,30111
3018,15,9172,26897,29300,22430,19479
3019,2411,4556,24400,29793,17469,28314
3020,2439,7835,19866,23670,20861,22870
3021,96,14033,17410,23310,19542,23690
3022,586,6651,22946,19739,23545,18220
3023,333,1497,29290,29699,26999,22459
3024,209,7213,29991,27416,29952,28649
3025,44,3262,24270,26575,24016,24368
3026,1733,11069,23113,21906,22634,21908
3027,20,13121,28915,30029,30026,29983
3028,135,6357,25986,18855,27941,20890
3029,714,14483,24576,30159,26428,20388
3030,5,3837,22495,22870,21067,20904
3031,1241,13372,27118,29123,24703,24090
3032,398,13286,24970,26900,25380,24166
3033,3311,10644,21186,23545,19768,18220
3034,4741,661,20503,20553,23175,28462
3035,171,4769,17404,16402,22763,16764
3036,882,1346,25163,28634,28210,30270
3037,640,6318,18461,30082,30061,29995
3038,6954,12473,28067,19693,22149,22226
3039,1425,10230,25965,25177,27643,25424
3040,2150,3618,23609,23566,22870,20861
3041,4453,1276,25703,29400,22226,15372
3042,5557,8826,25573,18137,21821,19537
3043,21,11703,23451,24323,19042,23700
3044,2449,14113,20271,16764,22010,19669
3045,24,10337,27473,24747,27504,24938
3046,83,11797,23753,26078,28392,24875
3047,60,7282,25863,26008,27643,27316
3048,1358,9805,17381,22226,16904,23700
3049,3,3570,16418,23545,22226,21687
3050,1231,4468,22116,20477,20819,20556
3051,234,10753,22290,21980,16764,21506
3052,282,4014,26196,15351,24025,24680
3053,23,1516,28701,29108,22518,17270
3054,52,2633,28778,20759,28651,28612
3055,12,597,20841,16289,23175,22226
3056,908,8379,26596,24479,24697,28022
3057,189,11985,22231,23023,22031,20109
3058,64,8917,20819,22538,23595,21101
3059,38,6742,28649,28029,28967,29358
3060,592,3632,29623,30270,27981,24026
3061,1,2285,26891,23755,26891,24608
3062,1121,6135,24942,29123,26729,24402
3063,8218,11214,27683,23215,15729,29459
3064,494,8709,23294,21816,23566,20553
3065,6502,4616,27848,27469,25797,26028
3066,175,1037,18733,22538,23310,17076
3067,4700,13438,26899,30328,30236,29868
3068,2776,4527,27043,15139,29344,27430
3069,214,2337,29729,26965,29399,28870
3070,964,7660,19207,22858,21101,23674
3071,46,5756,29860,15186,30137,15120
3072,173,2743,20327,30031,28298,17579
3073,5512,1937,27795,18139,17885,18308
3074,5328,8252,28586,23310,18220,25943
3075,72,2407,24036,25083,26782,26968
3076,594,4665,21527,30075,19896,23700
3077,2048,8691,28849,27042,29408,27782
3078,4593,5847,22294,22948,23310,18948
3079,2147,1650,25941,15214,24036,26327
3080,391,2024,17553,16551,23457,23208
3081,1049,734,15359,20759,18855,22528
3082,290,2497,16421,17759,18468,20160
3083,1529,14435,26959,23590,28718,28714
3084,164,6132,25143,28884,25402,27316
3085,273,7030,15569,18695,23670,20553
3086,1073,652,15898,23670,22226,21101
3087,17,3241,25313,14997,15993,14976
3088,3252,8689,19629,19693,23310,16485
3089,680,2595,29547,27941,28439,30293
3090,1705,8533,18441,17935,19544,19693
3091,83,11295,16872,23137,15543,20843
3092,3,6824,29816,14952,29720,28948
3093,560,5801,28467,23224,21694,17824
3094,311,6316,28577,22226,28473,25658
3095,521,7208,23272,21931,27116,16474
3096,1845,13260,26008,27772,15012,29056
3097,1954,5881,28627,28665,29212,27273
3098,1134,11171,30074,28649,29952,29071
3099,2613,7473,20745,16402,22996,18125
3100,11,9300,25548,27805,26374,25166
3101,1034,4201,15177,29793,20560,22248
3102,2342,9882,23787,23215,28613,29284
3103,4735,8364,28647,24720,25622,28890
3104,71,2203,26607,28995,30270,24977
3105,752,2101,25390,30099,30047,15054
3106,1,1087,23050,22373,23050,22870
3107,148,12872,21969,16904,22226,17884
3108,1369,1565,26884,22677,22870,23175
3109,3626,12140,24779,16299,25847,28679
3110,8597,8667,19406,21725,20992,18286
3111,0,12007,24505,24505,24366,28255
3112,67,5390,24744,24866,23880,24758
3113,918,1005,17617,23175,20553,16764
3114,303,5207,28860,23311,22373,26641
3115,1191,3408,28184,29793,30270,28314
3116,1523,9845,24260,24181,25026,25564
3117,4125,7747,20843,17469,19042,22853
3118,33,3867,27960,27273,29793,30270
3119,2246,10259,25994,22149,17129,21310
3120,1880,2127,24439,28958,27822,15515
3121,171,12388,24054,26718,26926,26008
3122,60,14918,24864,25026,27183,28894
3123,558,3990,26387,19217,25315,27506
3124,69,4086,21435,23566,21816,28651
3125,3802,12576,24238,16122,23472,17205
3126,64,4156,18852,19189,22528,21073
3127,4,2687,24949,25803,24586,28180
3128,446,6804,18292,24726,26217,23683
3129,138,5036,27471,27393,27547,23758
3130,4858,10777,21719,21933,15515,22682
3131,1704,2246,25492,24131,30155,28058
3132,923,976,28800,21821,28204,27494
3133,158,5653,17240,18948,21189,18489
3134,850,7717,23306,18220,23545,21101
3135,1957,4334,15598,24288,25657,22609
3136,2285,93,29460,29300,26136,27345
3137,351,4870,15165,20453,22626,15732
3138,139,2682,16505,19527,26817,18433
3139,6797,14636,23925,21663,20759,21822
3140,51,7271,23686,23545,21101,22226
3141,122,4714,28362,25459,26883,23928
3142,4193,1339,17631,17270,24060,19537
3143,134,8695,26464,26248,25170,29082
3144,4365,8350,28868,27234,25511,27009
3145,0,7051,15829,15829,16756,16421
3146,43,10704,24067,27473,26400,23888
3147,3755,3046,23994,27536,29518,22351
3148,953,6125,27134,24479,24147,24548
3149,24,7546,17082,15381,22650,22081
3150,847,3803,28920,30270,29793,25040
3151,2333,861,28147,30208,28273,30244
3152,178,4473,25099,16229,29300,18928
3153,491,3409,19078,16764,22226,17205
3154,738,6485,15294,29027,27822,17469
3155,306,6419,30080,27813,27416,25860
3156,10,6674,17076,23545,16418,19869
3157,2154,10084,23986,22860,28462,17751
3158,2417,5538,29720,20759,28511,29459
3159,674,11845,28240,24016,25088,25727
3160,0,1707,15277,15277,15414,22039
3161,181,11248,29641,23791,25225,29161
3162,619,9654,30147,28739,28939,28449
3163,333,5243,17585,23597,16039,18220
3164,3361,8719,16759,22232,19251,22538
3165,984,3588,23244,28374,23054,15605
3166,3002,6734,22201,23215,23566,21873
3167,546,1943,27506,27822,27942,29729
3168,1565,3420,21202,30183,19058,16418
3169,584,492,22502,21725,23583,19276
3170,17,3394,26332,29793,30270,22518
3171,1327,13670,24978,24654,25055,24087
3172,4,1467,15988,19350,17312,21295
3173,300,340,24042,29380,27213,24877
3174,662,10005,22158,18220,22874,23057
3175,0,13217,26826,26826,28157,25945
3176,665,13076,27663,17469,23214,22518
3177,447,13262,26306,27239,25123,28773
3178,8000,13880,24085,29516,22237,21682
3179,5225,4639,26239,15627,28201,24770
3180,5545,5255,18529,23595,18220,19595
3181,813,12288,25704,25045,27084,26008
3182,878,13098,28012,28693,24028,28285
3183,523,5700,29585,27822,29518,27732
3184,33,1032,17357,21022,16764,18776
3185,568,2695,15212,24151,24326,29680
3186,710,14045,27681,28830,29123,24703
3187,701,6989,23241,21101,17883,18125
3188,197,13716,28967,20286,29427,26399
3189,364,13224,26236,25589,26328,23909
3190,181,12116,20447,23175,18591,21682
3191,2393,6934,15728,22958,23175,22226
3192,2450,11923,23996,26433,28894,28226
3193,0,11359,19544,19544,16764,20597
3194,2,3487,26200,23803,27121,26200
3195,2228,4018,29515,20975,22226,18489
3196,47,9877,25227,25963,25654,27544
3197,730,1655,24545,24288,15993,19069
3198,4523,4025,26741,26383,21818,20654
3199,77,11078,26044,24548,25712,27469
3200,17,4400,29936,29982,29952,29933
3201,2722,3026,28139,22973,16474,27965
3202,268,2047,26940,25341,29134,20890
3203,498,13099,15008,28140,26681,27402
3204,5350,6315,29340,22226,29084,20141
3205,942,2223,21804,22752,30190,17129
3206,886,8086,28121,27124,28091,28837
3207,90,11914,24137,24810,26327,27613
3208,67,5896,25429,24938,25304,24747
3209,1375,14160,24874,25620,24474,24063
3210,259,3670,29398,28063,25341,23758
3211,52,12213,22297,19350,18012,19716
3212,430,1012,28809,28273,27371,25315
3213,1981,2515,23985,21725,22698,28368
3214,42,9527,18695,23670,22843,22677
3215,2081,5820,22790,22226,22495,23700
3216,271,2062,15311,23595,23190,17608
3217,2438,5419,23537,22698,20888,16042
3218,686,5553,15077,16059,23457,20759
3219,0,1847,28050,28050,25927,23755
3220,1025,1919,19317,23566,19700,20553
3221,407,6226,28036,26983,29499,29719
3222,1272,7586,24901,27130,28325,25530
3223,362,566,29264,30270,25030,29793
3224,1775,1605,23983,21067,17405,23657
3225,1472,4042,20892,18948,19869,22634
3226,1085,5725,18474,23215,22520,23483
3227,280,5774,28424,20759,28210,22373
3228,5201,6847,16059,18220,23545,16097
3229,4785,11808,18836,21725,22698,28762
3230,3761,12483,29827,29737,28685,30013
3231,632,3630,25743,20556,22538,23310
3232,1730,8657,25714,23215,29518,28762
3233,4,4962,28876,24235,26461,27600
3234,1135,2495,23437,22373,15572,15656
3235,0,10746,27585,27585,27648,22373
3236,6579,7453,21126,25990,28502,18925
3237,1944,5319,25315,23457,24097,24479
3238,757,7522,25295,26965,16042,20759
3239,488,11242,27769,26421,16444,29141
3240,731,8656,24448,14967,26381,27613
3241,492,9791,17096,21750,17935,23215
3242,563,12514,27018,24090,24368,25552
3243,157,11578,27015,28394,24718,24445
3244,723,7263,15900,19716,16187,18464
3245,957,12281,15605,21899,16005,19768
3246,771,4929,20568,22874,20543,20427
3247,77,4177,20328,22538,21101,23595
3248,1112,9624,29376,26545,18489,22373
3249,322,10749,26942,16695,28210,18578
3250,20,1091,26662,20560,17469,27571
3251,1,13559,19920,20560,19920,22502
3252,270,1960,28313,24948,26408,26192
3253,2578,10486,28506,30063,29991,30117
3254,2,8675,25510,27389,26733,25510
3255,5250,14736,27906,22495,27322,26620
3256,3607,2789,28937,22226,19172,22753
3257,795,12239,28172,27822,29027,27960
3258,1,14291,29043,27755,29043,26622
3259,13,11512,27926,27051,25207,25777
3260,137,9392,20370,23545,22226,18220
3261,0,9826,24582,24582,25839,25744
3262,2015,6665,25334,24445,24090,26684
3263,0,10732,18378,18378,19350,15372
3264,3629,7101,24364,21629,29680,28535
3265,307,10533,18472,22870,21067,23621
3266,2806,10686,20875,29252,28333,23483
3267,1470,14193,28832,26049,26826,24224
3268,1088,8858,27767,27132,14977,24324
3269,4078,10925,30351,22870,20506,19077
3270,467,4982,27409,29170,29084,27428
3271,5461,8626,20774,20553,21816,23175
3272,1924,12359,20385,23215,22495,22971
3273,505,9991,30046,25627,29400,28130
3274,153,7209,23070,22606,22864,17469
3275,2801,5902,18318,22843,30166,19077
3276,1780,3496,18416,22351,20635,27392
3277,0,513,28022,28022,24479,26826
3278,4087,5957,29492,28367,25894,24615
3279,4532,5800,17388,22495,23657,22870
3280,4552,9893,27706,19268,29879,21975
3281,309,12327,25098,15016,26331,27627
3282,496,2400,29699,25646,28634,27430
3283,76,10174,24554,24142,24353,26232
3284,2631,7191,21686,22606,18855,21914
3285,125,7071,15058,23487,19399,22626
3286,493,11402,25621,15073,14967,26816
3287,2250,10795,28233,29459,15297,28665
3288,95,12206,28278,15104,28547,22535
3289,4917,5569,23355,23472,23310,23595
3290,894,11012,29161,27362,27460,24479
3291,388,1673,15591,19768,22538,15503
3292,4503,14229,29176,27393,23653,18855
3293,1406,1490,29006,30063,29284,29699
3294,192,9586,23532,21495,23175,17743
3295,4167,9315,28637,27967,23700,19928
3296,2929,7574,26487,23675,26897,29300
3297,312,10631,25975,23803,26231,25088
3298,703,10510,22308,16764,21367,21694
3299,3866,1600,30273,27795,22662,23990
3300,27,3019,16396,19350,23174,23088
3301,3,2828,16708,22430,15959,20382
3302,77,1623,20746,17786,17928,15668
3303,1,11372,22759,16764,22759,20269
3304,2295,11961,25780,25650,26123,27226
3305,4206,2385,29456,23175,29300,26897
3306,3196,187,15205,28313,18028,25111
3307,2013,12263,27216,26050,26715,27199
3308,19,7107,19820,16764,19584,18776
3309,129,2268,16934,19350,23175,18591
3310,849,5999,17382,29141,22149,19350
3311,721,14080,27671,24471,26891,25808
3312,233,9182,28365,29793,28651,28200
3313,3840,13621,18750,22226,17312,21101
3314,741,2363,18870,23057,15599,16402
3315,927,5875,28792,27130,24680,24495
3316,187,2116,27686,20759,29600,24133
3317,262,9840,28478,28707,28379,26897
3318,35,205,26327,24445,25088,24090
3319,1746,6884,18496,22634,18948,22226
3320,37,9982,25646,18855,20759,17517
3321,0,4261,28529,28529,30270,17469
3322,35,11437,19716,23700,22226,17494
3323,4207,13293,25708,27354,28336,26883
3324,17,647,29425,28205,28847,29793
3325,350,5166,17141,20093,22408,20759
3326,2459,5541,22335,20369,23657,20759
3327,195,723,24790,22226,25569,23700
3328,318,13547,16987,22874,22226,16485
3329,2659,12840,21654,22538,23310,17278
3330,1284,4032,17879,22874,17650,20543
3331,2818,13778,26455,29579,26717,25240
3332,3077,6294,15914,19399,20560,17469
3333,457,4442,26484,24352,25444,25503
3334,3206,7729,16984,17983,21775,23243
3335,218,6849,25620,28545,27341,25519
3336,1571,10888,23568,21548,20553,22860
3337,1403,9736,16136,22232,23700,18489
3338,4566,8060,15055,22877,28194,21816
3339,3324,8894,18693,22874,16525,16485
3340,1094,56,25361,28740,16811,18139
3341,75,7915,20627,23057,19722,18125
3342,2866,9081,17482,22021,23700,28925
3343,865,3598,29148,28204,27252,16564
3344,73,11490,24706,26634,20724,28393
3345,36,12068,22763,21694,19004,16791
3346,3419,4259,26687,21213,19077,15762
3347,5167,4695,18204,22440,23071,17544
3348,1271,10575,22590,23310,22538,22829
3349,336,7842,30297,18032,17928,15668
3350,0,11179,29345,29345,28969,24888
3351,238,8984,26540,24209,25513,25403
3352,1090,1799,24882,24512,25704,27504
3353,36,11800,15381,23173,20827,17127
3354,995,9647,27387,24512,28773,23874
3355,4896,6089,23755,24032,29315,24795
3356,1633,7368,15030,19434,29680,25590
3357,5194,1153,28295,24107,25816,25621
3358,771,8766,22971,29134,27438,24615
3359,622,10466,25678,26590,26654,29262
3360,92,8972,24675,23255,24872,23211
3361,139,11414,15367,22226,22149,21101
3362,5,2597,29882,26965,29499,29027
3363,2838,7352,26298,28212,23862,24253
3364,632,7353,28640,27615,29134,29300
3365,0,1930,27027,27027,23143,16042
3366,2206,10056,17904,22226,22373,22149
3367,1544,8955,20010,18220,23310,22538
3368,117,11836,27044,23339,26231,27317
3369,1,14091,27762,28451,27762,29713
3370,2,10764,28137,24866,25045,28137
3371,797,8936,18907,29314,24096,24615
3372,2581,3269,20065,23700,15572,17650
3373,736,12969,26246,28134,25513,25403
3374,5479,2881,19367,23566,28652,18984
3375,1073,12944,22695,22634,22923,17983
3376,294,2721,26391,27756,30133,26362
3377,1402,12591,22243,22874,21101,21821
3378,4142,6344,19922,22554,16750,21960
3379,80,5023,25294,15077,26718,24605
3380,615,10520,19782,22634,18948,18489
3381,111,8302,22209,20560,19399,16944
3382,575,7099,27643,29326,21980,26897
3383,964,3600,17207,22226,22958,21310
3384,2483,12867,20722,23566,23170,27144
3385,57,1374,21325,21748,17928,21682
3386,548,4310,23992,28773,24015,26968
3387,570,11185,27630,14977,15398,23294
3388,29,13290,24525,27056,24586,27389
3389,19,8665,29878,29644,30270,29667
3390,4226,697,15060,19771,20553,23457
3391,306,14701,25299,25712,26963,26415
3392,651,4512,23949,26858,29058,28212
3393,445,759,28756,28751,28051,29879
3394,788,4928,16554,20904,22870,23215
3395,302,1815,23053,18220,23545,23595
3396,147,13360,29892,19832,28462,20560
3397,616,11588,16559,15396,23700,17494
3398,148,10558,27634,29994,26089,28175
3399,1203,12153,27042,22373,19832,20759
3400,0,11389,14955,14955,26729,24131
3401,2587,1417,25063,17469,25762,27215
3402,3265,2457,16052,22280,22373,22495
3403,2283,5751,27866,27461,24198,23897
3404,5157,13734,17095,17469,20743,20759
3405,1791,6260,22361,22495,22903,22142
3406,1010,14086,19881,22226,23215,23579
3407,834,4441,29750,19788,23707,27715
3408,91,11950,17608,22232,18505,20300
3409,1589,11391,17209,20522,16042,15552
3410,0,5548,28890,28890,17469,15038
3411,1491,3433,29531,20047,22226,27112
3412,1061,8392,18202,18948,16485,22226
3413,72,7314,21200,22538,23310,17686
3414,0,5516,25899,25899,26327,26280
3415,39,2984,24397,24042,25729,24938
3416,18,1377,22867,20904,22870,28161
3417,1629,1506,27568,23375,29459,24097
3418,1908,8198,18963,22226,19542,20687
3419,712,10399,20648,19525,21774,30311
3420,5545,9294,15464,17253,23483,19525
3421,8165,14698,15108,17469,17561,18855
3422,743,6979,22475,18855,18270,20888
3423,9,14048,24327,24956,29123,26123
3424,1652,1439,28906,29344,23788,27214
3425,11,4489,22276,19612,23545,23120
3426,1517,10152,26845,29260,30028,25517
3427,54,12939,23366,22373,18948,19350
3428,967,9477,15397,19804,21101,23310
3429,1345,9207,23680,18220,22538,23310
3430,228,371,28859,30270,29027,26337
3431,85,10660,24570,22196,29793,30322
3432,2846,13769,16718,16123,15552,20072
3433,7586,382,24005,22715,21933,23353
3434,8248,9515,22666,20791,20820,20635
3435,1634,11280,30110,28442,30047,28682
3436,11,12377,26688,27497,24507,15695
3437,4490,10797,20418,18220,19693,22538
3438,7913,12141,22214,19120,18854,18855
3439,1710,8159,30235,22870,21682,21495
3440,408,4404,26334,27556,29350,28379
3441,533,2822,22669,22634,22373,15935
3442,574,5615,21921,16418,18948,23310
3443,216,10952,22888,22682,15605,23566
3444,59,141,29181,18489,22874,20543
3445,78,2082,15638,28177,29080,30299
3446,3925,5589,26251,21914,29344,18270
3447,3397,12967,19538,23597,15572,22495
3448,0,11834,25380,25380,26231,25466
3449,275,193,24130,26338,24217,26859
3450,22,1785,15166,15040,25404,28773
3451,1766,8815,28850,15803,19000,19172
3452,86,5065,28828,30179,29075,28439
3453,1366,11348,29027,19643,15860,29598
3454,575,13538,27870,25895,23731,24994
3455,2160,7980,26316,25002,28736,17127
3456,960,6647,19764,18220,23545,22184
3457,2419,11625,22859,23310,22226,22031
3458,588,14384,23712,23818,26908,24445
3459,320,10196,17017,18220,19693,23545
3460,10,8965,26028,24797,26200,26441
3461,2304,11259,22819,23566,23700,18728
3462,60,5224,29251,23224,23175,16764
3463,4024,6530,19646,21022,18959,16764
3464,238,7223,18061,19350,15506,21892
3465,406,6755,29015,18220,22538,24334
3466,2,1579,25040,29793,21914,25040
3467,515,2267,20245,23215,22698,19120
3468,180,14624,29459,27772,15967,26354
3469,1356,13663,24438,24938,24642,25924
3470,8,719,26811,27169,29123,24090
3471,649,12535,25998,28146,24266,28255
3472,350,6006,20947,22682,17630,22971
3473,4127,196,26762,27130,24402,24024
3474,13,13700,27712,28134,26628,27121
3475,566,1771,17694,23175,23670,20506
3476,1085,8395,17645,23566,19120,21816
3477,2431,1979,18728,29229,25040,26275
3478,0,4123,27984,27984,17561,16042
3479,999,8123,18006,22514,18032,17726
3480,63,7663,15267,22528,20759,19189
3481,5678,423,30227,17935,23310,22948
3482,5,10863,23977,15166,26968,24938
3483,4542,2824,27871,22226,25176,28751
3484,136,9885,24446,26408,28095,27156
3485,6175,2345,27004,24402,26628,25750
3486,26,1248,30183,18505,18220,23545
3487,262,3250,16305,22870,21067,23215
3488,75,1776,26514,24131,27450,25466
3489,1936,13371,28388,27538,24217,24512
3490,573,6782,22009,23566,21696,21725
3491,94,6033,26042,27056,24209,24402
3492,741,6171,26927,28383,28667,22901
3493,2,9425,26154,29033,25455,26154
3494,1750,3380,21746,18767,17983,22495
3495,2232,3022,27151,26787,25174,22100
3496,1800,12644,27203,24833,24090,26420
3497,1319,13122,26681,27121,25803,25996
3498,119,10590,22989,28020,17874,29056
3499,1008,6076,22052,23566,20473,21816
3500,1829,8258,19856,22408,15411,15668
3501,3894,2025,25109,21067,19719,22677
3502,78,9144,26293,26090,28773,24449
3503,153,5560,30148,29203,28451,29793
3504,4470,5523,26804,26628,24696,26123
3505,914,726,28089,29212,29108,28923
3506,205,11838,19133,23472,18948,22948
3507,1920,10479,28550,28548,20093,20759
3508,187,2007,24866,23803,26500,26575
3509,97,8662,29825,19342,15896,16810
3510,474,7409,28663,23411,16438,23606
3511,321,3417,25738,30097,26360,25538
3512,566,10429,30311,21682,21495,20522
3513,320,3044,21273,28333,22677,22634
3514,89,1741,16819,18695,15675,20861
3515,269,922,17323,23095,21764,17928
3516,244,2253,24379,24888,16750,28673
3517,2998,5218,22409,23670,20146,18695
3518,1336,9832,19756,22538,23310,17205
3519,606,4779,26158,30037,27402,26681
3520,1178,8863,28810,28673,29027,27392
3521,3334,14103,24273,30323,20380,29793
3522,859,9208,26341,22226,23857,19000
3523,20,14754,26163,24521,25858,15027
3524,1374,3029,25984,26532,22606,28969
3525,855,3392,17533,19676,21943,22698
3526,4,14368,22820,22386,22698,21608
3527,682,10339,21518,15552,16042,22373
3528,6039,5981,27194,18285,21914,19189
3529,830,8114,22833,22226,22232,21775
3530,1892,11250,24633,20553,17270,29335
3531,2665,9401,20759,18489,28333,22226
3532,656,5929,22248,16128,22502,19273
3533,4226,5102,28737,24198,24418,15244
3534,7397,10639,18398,20820,20560,21725
3535,2041,10994,19688,18948,22858,23597
3536,54,8642,21585,17049,20109,22633
3537,923,3181,16537,21821,17312,23665
3538,5698,4418,18738,27762,22609,29778
3539,4941,2813,22458,22414,22959,22538
3540,2307,13152,24737,24516,29681,26764
3541,246,8905,20046,27949,20160,19751
3542,727,11530,29001,27069,27186,28421
3543,54,8158,28376,23215,20904,29341
3544,2482,7719,20972,22948,20706,23597
3545,122,9184,15812,19350,18591,15988
3546,483,9201,24252,26480,24948,28049
3547,1608,9705,28623,22226,29300,20141
3548,1677,4733,18037,20964,19373,28445
3549,2,2008,23932,27448,25762,23932
3550,1563,1989,16734,29123,24131,26729
3551,3003,2618,28514,17935,18669,28634
3552,441,8741,20431,21906,19678,21004
3553,1375,5830,20834,23310,22538,20108
3554,335,6400,27016,25912,27239,24192
3555,100,6061,27732,30270,30190,23705
3556,3389,14367,15134,17615,23229,22753
3557,1462,1042,27234,25805,15035,27040
3558,199,12102,23029,18948,22634,22758
3559,3082,2136,22772,22874,23175,22226
3560,11,13765,24072,27303,24667,24166
3561,10,10633,19903,19693,18220,22874
3562,1469,501,21721,20553,15729,19651
3563,3411,12702,22041,22874,22226,22479
3564,1125,9252,15860,23700,17630,18327
3565,417,7337,26190,26897,29300,26523
3566,4,1837,29463,17630,29555,26797
3567,4515,11706,29894,18948,23670,22677
3568,3601,3631,24871,29141,29300,29543
3569,3867,6084,16821,22874,17076,22226
3570,82,9910,25893,24090,24744,24917
3571,1531,14251,28292,28091,15351,28588
3572,6319,6650,25635,27658,26125,28987
3573,1596,11729,26278,23060,22859,16844
3574,17,2454,16070,22870,21067,22495
3575,482,7018,17880,20477,19118,19612
3576,8,11772,24642,26081,29262,27817
3577,1,12619,21694,16764,21694,21980
3578,66,7933,17469,22698,15275,22408
3579,567,7942,27245,25493,24919,23758
3580,3595,1811,22807,23215,22971,22682
3581,808,5401,27483,24405,26999,19719
3582,6229,11225,19956,29170,20975,18489
3583,747,6483,29450,21470,27949,30209
3584,2,9287,27755,26483,26712,27755
3585,4589,2401,26242,29600,28664,24981
3586,308,9475,25405,24925,27051,15199
3587,1460,8163,26530,28967,29970,28029
3588,1625,1583,27326,26419,25345,24851
3589,2031,156,16929,15472,21430,18489
3590,48,13805,26882,27537,26630,27213
3591,2,7943,29123,27316,24090,29123
3592,2335,6830,25047,24402,27774,23935
3593,68,9926,30139,29646,26308,25603
3594,4229,3593,23418,22373,22495,22870
3595,2300,1080,26501,18629,22728,28699
3596,796,8438,26781,27394,15077,23803
3597,499,2294,29343,28651,24561,27156
3598,618,8987,26281,25315,26102,29879
3599,27,5412,16148,22226,22538,23310
3600,744,499,29554,16042,20093,29027
3601,3361,1470,24292,27714,19790,29518
3602,126,7239,21327,21343,16775,21481
3603,3139,5587,24510,26028,25143,28806
3604,785,11581,21113,23545,18220,22538
3605,385,2143,15578,16764,23175,21694
3606,969,1328,19200,22226,23175,16764
3607,2620,2605,28951,18921,20270,16005
3608,0,9822,16525,16525,20506,19595
3609,3627,13265,28470,14990,15016,14965
3610,363,5900,27303,27381,25364,25805
3611,14,6555,25803,28773,28255,28511
3612,1,9295,27817,28049,27817,25934
3613,490,5216,22390,17307,23674,18125
3614,560,2677,28821,21725,27779,18855
3615,2116,6257,27052,24133,28565,29027
3616,0,2148,15063,15063,15515,21725
3617,845,4819,28324,25781,29062,20635
3618,569,6232,29569,28916,27871,25690
3619,1111,7276,26955,30283,23375,19399
3620,6,10450,16298,15381,22650,22860
3621,521,12657,30286,24691,22688,21986
3622,849,7475,29747,28651,27822,28652
3623,304,11313,16624,18220,19693,23545
3624,2871,6126,16836,21682,20522,22870
3625,1128,855,28524,26847,29134,21821
3626,58,7888,24161,26150,27186,27179
3627,474,4790,23041,22226,22232,21101
3628,728,12988,15065,23736,21050,21663
3629,2860,10163,29964,30104,29318,28332
3630,3454,13058,29880,26968,28704,23968
3631,1017,10529,25911,30102,29402,29029
3632,2,4499,21963,30208,20160,21963
3633,3300,11492,28795,29231,16444,22495
3634,39,685,23391,17883,17422,18220
3635,22,10270,23710,20558,20373,23175
3636,5774,9035,29247,29518,24093,22351
3637,8287,15,18326,21914,23457,22606
3638,9,3673,16430,24615,24318,28367
3639,499,3479,19746,15572,18220,19612
3640,7442,11620,15120,20152,24578,21050
3641,1321,13628,20467,22606,18855,20759
3642,7563,4904,16311,19120,15668,21816
3643,8,14602,28593,27008,26415,24424
3644,20,8465,25151,26327,27817,25048
3645,1387,7364,15789,23175,15372,29300
3646,11,12794,25444,28171,22528,29123
3647,1717,9154,28159,26192,27156,28860
3648,0,13748,29298,29298,25650,29037
3649,344,6931,19508,22538,23310,21101
3650,3249,5323,27247,29674,29665,24043
3651,3773,6607,17402,21816,19120,20553
3652,4019,9109,24169,23243,24944,28640
3653,2217,5971,26290,30283,29793,29083
3654,2826,4289,17127,30247,19399,23104
3655,397,8031,29696,19201,30270,17469
3656,7459,14708,26551,30146,22384,23653
3657,0,3516,30053,30053,30001,15258
3658,1757,10545,15427,21725,20280,22948
3659,499,10418,18948,19722,22245,17686
3660,140,10845,21276,16764,20597,23357
3661,4094,5517,14964,17983,23597,23664
3662,1304,7818,28607,17469,26965,28433
3663,0,1400,28113,28113,15244,16042
3664,130,5214,21285,23710,23670,22677
3665,482,7697,17744,21495,22843,19251
3666,3306,13181,28950,26811,25588,27130
3667,969,1718,16995,30270,22682,29231
3668,2558,13846,25796,19524,18599,21273
3669,1303,8443,15220,17469,21914,20820
3670,83,13865,27878,30340,29686,29360
3671,259,12683,23142,22226,19928,23175
3672,1468,11524,28057,26476,27236,24144
3673,650,4365,24552,28407,14993,15265
3674,2849,1151,16355,24668,22460,21725
3675,1509,8786,21564,22870,20904,30003
3676,1310,2332,20269,18948,20477,23566
3677,6427,13158,27315,24334,25204,25933
3678,137,11929,27133,24299,28342,26616
3679,143,6322,26053,17901,19434,24769
3680,867,820,28366,23963,26394,16564
3681,7840,7065,15017,30270,30122,25401
3682,321,3791,30165,16745,15412,20924
3683,1035,5612,22760,20759,22708,17469
3684,104,5378,25809,26199,27498,17324
3685,2130,6147,24904,29932,30054,25738
3686,271,10151,24515,24820,17603,19000
3687,6415,7760,21687,16599,20280,22878
3688,1286,632,21102,22226,18591,16187
3689,6298,791,29879,18855,24691,27704
3690,555,2176,27045,23310,29879,23472
3691,68,7390,15515,20759,18855,23657
3692,1254,1188,21612,22538,19693,23310
3693,168,11166,19053,19350,29252,18012
3694,441,7969,23487,21914,15719,15668
3695,873,6637,15441,27762,29778,28972
3696,4820,14393,14957,19887,30323,21873
3697,237,874,25434,24781,23771,28214
3698,632,5217,17419,23310,23545,18220
3699,649,6883,24295,28255,28664,25283
3700,6497,3905,24354,26409,24169,30026
3701,3519,9939,26199,24479,24903,24147
3702,369,1107,17716,22972,22245,19696
3703,4221,6107,15773,22232,23700,17630
3704,585,6646,29543,28258,27615,17650
3705,1423,12864,15237,19042,20745,22626
3706,876,5052,28250,26887,29350,29252
3707,704,9005,18883,20904,23215,23579
3708,151,5563,18066,16998,15442,20763
3709,2422,5556,17696,19928,17630,21980
3710,3604,1337,16448,27223,21213,27571
3711,2948,13760,23884,29793,24107,28314
3712,552,278,15027,14977,15261,24445
3713,2382,840,29406,28473,23700,22226
3714,19,14854,29178,26142,29171,26168
3715,6,3861,23726,26075,26870,15451
3716,343,10736,28641,28651,27471,27064
3717,108,5321,18676,17983,22245,20742
3718,4,810,25550,28451,27830,29680
3719,80,1881,23911,24268,27911,30293
3720,274,1540,27458,24147,27207,24139
3721,177,4708,18283,21914,20791,20005
3722,2113,9701,16053,22408,23657,23215
3723,7924,2878,29329,21713,19322,22149
3724,6240,2343,18795,18032,15668,20746
3725,3623,9954,18017,29023,23665,29027
3726,549,5367,22874,22514,20553,20303
3727,7899,6336,16108,22074,22819,18347
3728,2565,5481,23147,23175,21694,16764
3729,350,10567,21975,23310,22538,17205
3730,4172,9869,26333,29382,15731,29564
3731,2380,5025,24473,17751,19042,16183
3732,3894,6019,28831,17322,17631,19042
3733,2145,2208,26134,29027,19042,28916
3734,1966,10691,25782,23361,21325,17742
3735,1960,12660,28371,29833,28564,25834
3736,11,12686,21278,22698,21725,22971
3737,1178,2581,18067,22698,22958,23675
3738,41,4634,24277,26028,23797,24484
3739,10,9147,24750,28091,28240,25676
3740,5474,8608,19398,23310,17851,15789
3741,707,1975,19165,20294,21542,19077
3742,171,12273,27615,29543,22774,29084
3743,564,3545,26187,24834,24608,25975
3744,317,252,29557,26965,15104,29229
3745,104,7685,30055,29758,27813,28649
3746,744,6068,23989,24949,29008,24781
3747,960,519,16117,22090,20844,23595
3748,1575,9170,14990,27500,25974,25335
3749,3298,8596,25153,26331,27853,26189
3750,468,839,26789,22662,29344,29713
3751,1321,9509,27647,23215,27911,20904
3752,1185,6393,28427,30047,16695,18578
3753,457,14504,28535,18718,25320,26374
3754,1196,908,16029,20553,28462,21548
3755,1341,10197,25501,28330,26008,25513
3756,131,13385,20531,22226,23310,22538
3757,2034,934,26925,28333,17935,24790
3758,835,4682,17855,29382,23057,24053
3759,3187,2027,21491,22682,17983,23579
3760,4260,6855,18473,22538,22948,23310
3761,8,10924,23960,26577,27327,29123
3762,141,5115,25962,29123,26664,15351
3763,1973,11125,15216,26408,23717,28325
3764,324,3432,18708,22226,24807,21682
3765,2226,346,22996,23175,16764,17630
3766,192,5843,25226,30270,29793,29027
3767,4672,6368,28956,24986,25610,29831
3768,138,13134,17529,22520,22679,23608
3769,212,5438,16001,20687,16764,15664
3770,582,12666,20686,23566,18948,22520
3771,11,1023,15025,25225,23791,26988
3772,2171,14390,29040,27740,16061,27303
3773,22,9304,25489,28773,28255,23730
3774,1957,10683,26414,29459,26736,24691
3775,6003,8505,19435,22226,23585,23700
3776,152,3606,18871,19189,15443,18104
3777,832,12250,29932,27858,26832,27466
3778,4232,6206,17684,23215,23657,16564
3779,3947,5193,24956,26202,27004,16005
3780,6536,11517,27684,22520,27325,25341
3781,2740,4991,15057,20560,23375,20635
3782,117,7973,28997,29974,30006,24516
3783,1000,8336,19976,22226,23700,19740
3784,480,9069,25363,27402,26681,24192
3785,290,5555,29542,20890,27574,21725
3786,892,13082,28019,28894,27213,24829
3787,43,6192,15009,18220,17205,23310
3788,1445,4031,30192,17181,21914,17935
3789,4755,3848,25638,25467,24020,28116
3790,2004,11599,27402,26883,28109,23821
3791,4790,11855,23613,23310,23674,22538
3792,1428,11215,15377,23121,21816,23566
3793,6774,3562,29716,22226,22232,26897
3794,25,6233,30003,20548,22843,19077
3795,0,14239,26424,26424,26664,26415
3796,1283,3236,26386,28473,26337,26797
3797,4838,3880,21261,23700,22226,17630
3798,31,7621,24647,29948,28649,28967
3799,839,11367,16123,20899,22226,23700
3800,0,2160,26189,26189,28449,25444
3801,622,943,22383,21682,20506,17726
3802,18,1736,20255,23411,21748,27350
3803,76,10022,25585,30270,24950,30085
3804,36,10848,20108,22538,20477,21101
3805,2677,915,27998,17469,29355,30147
3806,3883,669,26037,24516,29222,25889
3807,763,3099,24058,24928,27537,26231
3808,156,3782,24665,18855,29344,22460
3809,412,8358,26082,28634,23181,28665
3810,1213,4741,23881,26975,25621,16299
3811,7,11719,20260,21152,19201,22864
3812,6213,9608,29937,29946,25517,30029
3813,2482,6036,26508,15304,22303,22267
3814,1339,921,21326,18220,23545,19768
3815,238,555,24667,28699,25120,28806
3816,311,8245,29821,26308,29309,24177
3817,2245,467,19885,22373,17650,22495
3818,662,3054,29375,27130,26331,27394
3819,2,9320,22373,17726,23657,22373
3820,88,9925,30105,29970,30097,30028
3821,0,10646,16119,16119,20033,18789
3822,2745,9984,15458,20477,21878,19544
3823,307,11704,14989,24172,28551,15016
3824,9,9660,28974,25366,26408,28157
3825,138,7185,29600,18830,21725,15255
3826,3061,9495,21160,17630,16764,23700
3827,1794,4827,20743,17921,18537,24332
3828,2220,12672,28743,27625,25858,24542
3829,107,9937,28527,26597,26487,28366
3830,4354,3276,29038,27690,15187,16347
3831,2681,3604,23362,22874,22226,23545
3832,6,11640,21063,22914,20765,20687
3833,6,12961,29437,26881,28252,26036
3834,5982,9972,27624,20759,27219,26639
3835,1759,4812,26773,28114,23310,20672
3836,2043,6839,27901,22351,29518,15552
3837,10,2006,23597,21226,22690,19479
3838,4355,3113,26276,24706,28837,25215
3839,1488,2172,15905,22226,23175,18591
3840,2905,8778,21198,21943,22698,19120
3841,2957,1968,28521,24561,25834,24018
3842,1265,5990,23849,28152,24596,28916
3843,260,13639,26277,28837,27859,23789
3844,51,14803,26055,29840,23452,21914
3845,74,3973,24577,26965,14977,29027
3846,166,8176,25808,25050,28561,24474
3847,3174,7329,28573,29728,27646,26736
3848,7597,3333,23285,22538,23310,21101
3849,7,10093,25674,29793,27762,15025
3850,140,14547,25247,30155,25530,29568
3851,1278,2323,27836,25203,29879,16005
3852,1864,7124,29253,21681,19065,29860
3853,1108,4279,23719,26494,25083,27973
3854,349,5290,29959,25947,28194,30122
3855,35,11182,23393,22870,22226,23670
3856,6830,7036,15085,22337,21050,18014
3857,0,8481,25306,25306,25140,24579
3858,2550,6430,24334,23215,28762,19120
3859,1,2328,15398,27762,15398,29778
3860,605,1610,27441,17911,28254,26479
3861,612,3091,20822,23566,18695,16210
3862,2294,8493,27917,28987,15641,23215
3863,2033,1654,28936,24822,17983,15605
3864,4096,4348,25346,24130,28255,24192
3865,0,11900,24742,24742,28888,26125
3866,4152,9332,25655,23213,17496,29793
3867,3916,2722,22901,22948,19252,17205
3868,90,2424,29032,27156,15139,28651
3869,142,14163,28551,23339,19124,28706
3870,4517,4636,21582,22996,17883,23310
3871,3104,5017,15536,16764,21101,21506
3872,3363,6538,26784,23070,22554,23911
3873,1550,4202,21775,21663,26146,28605
3874,2087,14307,25652,21421,19612,21052
3875,81,13029,25719,27464,24366,15500
3876,7682,12215,25266,21748,24365,17347
3877,2,3736,22860,21914,15756,22860
3878,481,1219,28055,26897,19928,29300
3879,603,5265,30257,29793,23411,20418
3880,998,13983,26329,27044,26928,26629
3881,0,1779,24435,24435,23375,29793
3882,5618,2590,25345,26199,16122,27885
3883,197,2550,24378,28418,20171,18417
3884,4784,9185,27339,21980,29326,25988
3885,4419,900,24892,24050,23754,24334
3886,3204,13072,19996,16042,20759,17517
3887,1970,7698,27605,28773,24508,26494
3888,6181,7419,24897,17638,19527,30029
3889,7798,1493,25977,17136,21725,29544
3890,1,9318,26878,14967,26878,25567
3891,60,4349,29609,23566,24060,23175
3892,482,388,20364,16001,20213,29141
3893,191,4108,17285,23175,20553,21663
3894,142,5495,29473,19189,22528,21914
3895,113,7171,26419,25781,28511,15243
3896,6,2968,28451,24020,25326,29796
3897,5,5898,25404,14977,24373,26799
3898,2235,12005,25196,28323,29083,23992
3899,1900,944,20094,21882,20228,22226
3900,547,2899,17204,16764,20597,22382
3901,926,8288,27096,27547,25341,29146
3902,583,11021,19862,23224,22495,21735
3903,0,14315,26248,26248,27303,24140
3904,2576,7050,24924,30051,26927,28816
3905,5693,13834,15068,16437,21986,18101
3906,4325,4667,17808,29802,19569,22358
3907,57,14724,26254,29609,30334,27916
3908,900,3493,16502,23310,22538,19804
3909,217,10655,21954,22877,21914,21816
3910,3966,1780,21764,19335,22677,22634
3911,514,13063,27673,28402,25803,26381
3912,3159,895,21015,22851,16528,21022
3913,6208,2307,15457,29379,15334,23824
3914,12,10293,28095,28325,27156,28651
3915,3077,1940,25539,28029,30077,28967
3916,183,7425,27251,24249,25604,25715
3917,258,9390,16308,20553,15798,23175
3918,1977,3076,29410,30133,26362,19316
3919,1444,2222,15463,21878,20927,21343
3920,29,1160,24568,15398,29313,15248
3921,4,1383,26408,15073,24373,28664
3922,18,13043,29929,29622,29667,26308
3923,28,13255,28170,26008,27121,25803
3924,5807,7170,29552,29947,25517,29946
3925,4853,8313,22949,20890,23215,22971
3926,35,991,26331,24833,25974,27910
3927,2102,10687,25724,28722,29550,28919
3928,4820,1798,24768,24334,29315,24071
3929,328,8240,19857,23545,21687,21775
3930,787,4820,16756,21963,23547,26696
3931,2787,4041,30195,22064,23700,16833
3932,842,8112,29845,29378,28101,29368
3933,34,10030,24061,28320,24508,26712
3934,1858,10325,30096,29161,29970,29665
3935,3556,2663,23930,23483,26792,25467
3936,3163,2760,21189,27949,22687,21999
3937,4291,2965,28677,18718,24418,23918
3938,7101,2923,29445,24131,27394,27537
3939,1540,5806,21685,20477,19734,17494
3940,245,11081,23382,19542,21951,22072
3941,1064,13558,27274,23919,26891,23950
3942,3940,4471,26558,15231,27149,30019
3943,4275,4942,30202,22870,15675,15348
3944,244,8275,26090,27492,24720,27249
3945,43,12908,29984,29958,30019,30005
3946,11,9988,28372,19399,22864,30013
3947,5481,13429,25626,19719,18012,19661
3948,831,13920,19995,18220,23545,23310
3949,175,7205,20231,23595,22538,19804
3950,515,9233,18008,20473,23566,21873
3951,2,2710,27017,16042,26965,27017
3952,677,1521,22752,22514,20303,20890
3953,91,8567,27371,24318,25825,26815
3954,8,1614,27442,27945,27385,23720
3955,606,4301,26705,30242,28200,23788
3956,84,709,19811,22538,23310,23545
3957,2781,11273,23049,23310,23545,22538
3958,19,8117,16401,16764,22226,23175
3959,2501,742,29056,22035,24630,29191
3960,228,2742,30078,30010,24822,29059
3961,2729,5457,22420,16764,21694,21022
3962,129,2028,15139,23803,27774,26296
3963,1357,10474,15698,20108,22538,21101
3964,580,9465,23936,24691,29078,29234
3965,70,12513,29313,26008,25462,24782
3966,668,8747,22160,22226,17205,18860
3967,107,3293,22624,21495,23175,21310
3968,2228,14347,29917,20682,17840,20051
3969,91,3458,20134,19542,22231,22707
3970,4057,4534,25571,26965,27871,27166
3971,1890,3435,20237,18651,21816,22860
3972,0,10451,27448,27448,25762,27215
3973,8,10519,20641,23310,17983,20949
3974,1738,2820,20002,20522,14977,19920
3975,323,14685,24975,24953,26782,25083
3976,2243,14950,28581,29868,22565,17423
3977,101,434,17261,15592,19898,16764
3978,677,884,18781,22149,16458,19701
3979,2,2549,23909,25712,25230,23909
3980,9,6244,23190,23310,22538,22749
3981,113,13113,28983,25130,28381,24960
3982,290,10532,25695,24091,27973,24042
3983,13,2690,20744,19840,20051,20242
3984,1741,12321,17063,17935,17270,22971
3985,6823,1511,24396,26199,26697,16582
3986,1302,3448,28380,28577,26597,28925
3987,207,6879,15781,21980,19544,16528
3988,1688,9529,24222,28561,24637,26459
3989,16,9653,26526,24696,27028,25403
3990,44,8725,27620,24825,24872,23755
3991,230,783,23040,30031,30018,15484
3992,6520,6918,21024,21576,20635,29594
3993,2292,504,15302,23286,27762,25130
3994,255,6881,24557,22514,20759,15388
3995,480,4350,16244,21067,20419,22373
3996,3536,7334,25686,28923,29191,28612
3997,3893,11738,15966,30215,16578,28219
3998,622,6461,27928,29027,26409,30217
3999,4,6692,18789,20260,21914,19525
4000,833,6953,28141,23294,25053,23375
4001,7758,13891,28629,19398,24401,29161
4002,5597,2210,15368,22679,20672,15572
4003,113,2708,20527,19120,21914,27373
4004,5422,14184,24493,24445,24280,24090
4005,585,12043,27186,28894,24181,24479
4006,121,7066,26803,24402,26661,25046
4007,7088,6600,25145,17469,16268,22626
4008,0,12985,25641,25641,25357,27943
4009,1979,6376,26068,24040,25629,24130
4010,3,4141,19651,22514,20553,22452
4011,5399,11022,28379,28101,20759,22528
4012,5025,12654,27420,29087,24481,26050
4013,6882,3234,17730,21914,18139,29472
4014,7912,7343,29511,28565,28969,29313
4015,5774,5141,15559,18220,19693,29881
4016,640,8509,28102,15016,28178,28551
4017,5911,10649,24535,18591,23175,18776
4018,3429,10815,22414,23175,20553,22514
4019,3787,13017,25916,29649,29637,29309
4020,9,10350,17425,28194,29991,15712
4021,1617,6299,23318,20759,17469,20560
4022,7221,7579,23973,26897,29300,27615
4023,1313,10766,26744,27460,26882,25803
4024,7614,7967,17132,19065,20560,14996
4025,84,2239,25205,27945,27442,15381
4026,108,12859,24630,26512,24102,24360
4027,38,13767,27093,15139,30155,23862
4028,64,4384,24829,26908,25708,25749
4029,2421,6852,22101,22495,22971,23215
4030,5603,5286,27009,23448,17885,23070
4031,4437,3912,15421,23670,18795,22226
4032,1065,7222,28826,29585,21663,29027
4033,168,13592,24441,26389,27428,25346
4034,243,3945,28847,25622,15222,18139
4035,1088,462,19779,20759,17469,28700
4036,1643,9764,19785,20890,20303,21725
4037,2657,9368,21010,23472,22948,22538
4038,366,7216,26357,17270,21220,29497
4039,598,13469,26767,27943,27213,28894
4040,1958,1217,23891,24782,25510,23803
4041,746,10675,25468,21694,28707,28925
4042,122,7899,23086,23310,17205,21320
4043,5691,856,25368,29793,17347,23234
4044,259,7126,25816,23803,26192,24360
4045,1050,1764,24954,23175,27241,28462
4046,530,5397,22714,19172,20672,22749
4047,7,14618,20820,21914,20759,18677
4048,5424,12590,26864,29928,22870,23393
4049,2249,14096,15106,28665,28239,29597
4050,364,6439,29472,29010,23181,26768
4051,11,11175,22486,20108,23310,21926
4052,5604,10222,23211,23545,18220,22226
4053,250,9671,23937,24471,25078,24864
4054,1660,8914,22825,18368,18513,15367
4055,3935,2077,23590,21101,22411,22538
4056,101,1093,28939,28954,28651,19189
4057,333,10772,25978,22602,24130,23984
4058,841,11657,21542,17935,22679,20672
4059,995,9079,25569,22495,27536,27392
4060,512,13164,25016,25284,24015,28832
4061,68,10651,24512,23929,26714,27487
4062,583,9511,18339,16298,20221,21616
4063,15,11603,26728,26564,26859,25044
4064,377,1553,25715,25403,24973,24445
4065,254,9352,26400,24470,25863,25503
4066,145,12402,20367,23057,21145,22566
4067,15,2648,24405,16210,19901,28958
4068,103,4297,30085,30099,29998,29944
4069,2,6000,24440,24402,24016,24440
4070,3925,14110,21111,23566,27822,20814
4071,217,7088,28301,18852,21486,18854
4072,151,9167,29988,29358,26922,29952
4073,1479,10568,21339,23175,16764,22226
4074,215,13118,27246,25197,24280,29101
4075,347,8798,28319,27419,27236,26630
4076,715,1047,18253,29252,16764,19928
4077,3213,5168,23181,17962,23156,21004
4078,1291,4066,20175,17270,22564,27960
4079,1914,7970,20486,23566,22373,23657
4080,4424,12583,27978,25790,24131,26331
4081,7298,13876,24382,18933,21960,18925
4082,2545,3569,20200,21960,17879,16750
4083,733,12609,28559,24940,27239,24266
4084,1183,14066,26067,25172,24257,29836
4085,349,11253,28447,25313,23949,24172
4086,721,3540,19097,21285,15563,18984
4087,240,4496,24339,29123,26729,26008
4088,994,6042,29621,29793,30036,20560
4089,2015,2083,28386,26897,24615,26887
4090,4008,11548,18034,16001,16454,16528
4091,44,6399,22159,16418,19113,23545
4092,3,6017,22440,21670,15395,16853
4093,36,2852,17333,23310,19113,23545
4094,3993,7355,27955,26781,14977,24198
4095,343,3733,18757,22090,22796,21320
4096,4349,6235,28235,22874,21273,18489
4097,374,10165,17086,21725,20762,20128
4098,1134,9016,20013,15563,18443,17205
4099,4346,6423,27765,28063,26897,23700
4100,125,4422,25693,25245,26686,26729
4101,649,7262,17966,15572,19804,19877
4102,736,1852,20264,17748,20477,29195
4103,282,8653,28870,28634,29108,28722
4104,214,763,29760,19678,23190,21101
4105,806,13843,20773,19751,18567,22948
4106,770,3949,25894,28762,22426,28963
4107,0,8063,16337,16337,16161,15959
4108,857,13345,17714,23566,20473,28744
4109,3366,1978,21434,19928,23316,21682
4110,4489,11377,22111,21775,22874,21006
4111,1003,313,27799,29027,28379,28210
4112,2533,4931,27241,21821,28944,16564
4113,116,12169,26573,15139,26381,28394
4114,470,6429,15981,22538,17205,18220
4115,2361,11184,23245,19201,27400,22458
4116,309,4368,29422,21821,27393,30190
4117,1817,14114,27993,29683,20560,29655
4118,98,6972,24973,26458,28740,29082
4119,1196,12963,25996,20469,22177,24216
4120,1971,2892,18319,20560,23375,17469
4121,317,3968,29127,23175,17935,21050
4122,124,7188,17824,27116,17749,20927
4123,2266,9122,17271,22874,22090,22226
4124,1585,12350,26637,22662,21325,15858
4125,176,686,27389,26646,25404,24015
4126,421,11286,26634,26408,14967,24949
4127,115,2499,27171,26008,28134,24402
4128,551,5492,18692,22952,27116,27393
4129,1446,14082,28418,15414,23559,26847
4130,568,4783,23447,22232,20672,23700
4131,3162,2450,15105,17469,23284,17879
4132,420,2067,22064,29879,22149,30233
4133,4939,5294,30216,16564,22634,20543
4134,4413,10832,27566,17469,15244,29027
4135,2093,5651,15408,17189,21980,18509
4136,151,4257,20922,15668,17928,21914
4137,119,1159,15923,22226,16418,22199
4138,834,5434,26669,24940,27239,25621
4139,7134,1216,28015,27214,16042,27822
4140,4,960,15959,22089,20324,15442
4141,4792,1193,28959,23700,23566,23579
4142,966,495,29522,27288,28200,26832
4143,637,3769,19645,20522,17141,22682
4144,416,11507,19225,16764,21694,22226
4145,3278,12440,24117,21152,23707,28742
4146,2480,13627,17524,16210,22226,23585
4147,4576,1648,30322,23700,29526,20067
4148,2572,5644,26612,14977,28773,26781
4149,1607,10253,25325,22677,30315,21197
4150,6,1440,24105,29123,26634,26327
4151,3359,5739,29698,28473,26815,27409
4152,1,12760,29814,24691,29814,15421
4153,283,7046,27351,26389,27728,25047
4154,167,1742,26056,24317,27302,26964
4155,116,3655,24601,24217,23929,23730
4156,64,6078,16660,15442,29252,16161
4157,242,14200,20995,16210,22226,21873
4158,481,12311,24091,27724,25045,25403
4159,311,9555,20249,19042,16042,30270
4160,193,4590,17383,23175,17105,21694
4161,1181,11590,19345,20059,18776,22231
4162,608,11473,19372,19201,21943,17496
4163,4206,10216,19277,28213,28665,18139
4164,1349,1055,28216,26825,29518,28762
4165,1163,13185,15187,22518,16183,21386
4166,159,10494,20361,18220,19678,22414
4167,1207,11624,18150,20759,22698,22514
4168,2955,5918,26677,24334,23027,18220
4169,301,2745,22778,15348,23670,22226
4170,2407,7472,14982,15382,16458,15497
4171,4,11265,18311,20904,21725,20522
4172,295,475,21512,17935,27782,17129
4173,1,13814,15185,18578,15185,27813
4174,1699,3694,25339,26729,25046,24917
4175,275,5662,22670,23175,19350,19602
4176,182,642,18599,26897,26598,26815
4177,165,7990,15092,22554,17469,19042
4178,98,8208,24651,28734,29262,24016
4179,1232,1587,25249,26142,24445,26908
4180,3458,9735,23901,25406,25450,27628
4181,31,13589,28532,24330,28098,24266
4182,6878,12349,25175,25996,25462,27028
4183,53,13529,24553,25406,28393,27051
4184,0,14750,25401,25401,22708,20759
4185,116,9780,19831,21980,21022,22226
4186,154,1266,20890,20369,23657,26696
4187,1006,9560,17289,19734,16764,19901
4188,391,6753,17841,18220,22858,19113
4189,2311,10332,28733,29010,29459,20759
4190,347,7661,19980,23215,17983,22634
4191,37,12048,22645,19542,22534,22633
4192,3483,5919,26727,26364,27169,24353
4193,354,2381,24950,29241,28205,28252
4194,417,3744,26901,23929,28212,28773
4195,271,12082,26413,26133,23993,23816
4196,508,12126,24189,25173,26331,23775
4197,1447,11160,23286,26639,27214,28651
4198,590,4546,16909,16764,20924,23449
4199,3417,6099,29212,18220,29879,30215
4200,36,2224,25647,23411,17469,24040
4201,1039,6780,29475,26476,25453,24144
4202,107,327,17901,15001,27762,25859
4203,278,9680,18310,20924,21694,16764
4204,992,5680,23756,26686,25748,25936
4205,2301,6220,27145,24081,26609,27040
4206,2922,9316,19899,23310,19804,22538
4207,1975,8989,16551,23670,23175,18695
4208,127,2056,16415,20213,17236,18417
4209,875,8581,20112,23661,17650,21425
4210,874,2425,18180,22874,22753,22226
4211,1136,9802,28840,22149,29300,15372
4212,1013,10954,20137,15443,19626,17226
4213,2460,7291,22913,16764,22149,21022
4214,0,3138,29654,29654,30270,29508
4215,36,845,29597,28529,22877,27156
4216,7084,4879,16874,23457,22606,19771
4217,573,1724,26231,25803,26008,25045
4218,0,2422,16778,16778,20543,23310
4219,392,4230,21821,21725,23215,27941
4220,6,12935,25450,23937,28407,27051
4221,1042,6432,22112,23700,22948,22495
4222,257,12821,27463,25693,28330,28402
4223,34,4948,19056,17928,21781,22460
4224,510,4594,26918,27354,29216,24299
4225,1497,2043,28759,17469,27822,24323
4226,2260,7879,26257,24317,25217,29230
4227,67,4671,29942,30001,29442,24515
4228,356,3980,17544,22184,16097,18220
4229,5,13115,29061,27775,27755,28329
4230,0,4949,16998,16998,15442,16161
4231,372,1126,27300,27156,20553,23758
4232,1268,9957,20478,17205,23310,22858
4233,2136,4744,15846,27506,28117,26160
4234,10,13872,28761,27303,28293,26949
4235,807,3052,15809,22226,22149,21022
4236,12,64,17749,20635,18651,20240
4237,88,5750,15594,17879,26358,21765
4238,5954,12987,24534,26199,26697,18440
4239,1471,73,22198,20852,18946,16636
4240,524,8632,20155,26539,24545,26270
4241,1555,9687,18335,22408,20759,17928
4242,0,3974,27411,27411,27460,23457
4243,225,8422,27265,19525,20128,30085
4244,125,11095,27455,29970,30033,26079
4245,2200,10172,28620,20473,17561,26043
4246,4404,11874,19570,22538,18220,23545
4247,0,4288,27394,27394,15049,15077
4248,4819,9542,26656,19042,22368,28237
4249,854,2982,26193,24100,23896,25429
4250,482,13428,27886,26994,26087,29641
4251,72,6210,24873,24479,27213,27487
4252,1152,14530,27259,29681,19124,20557
4253,406,9466,26970,30006,30066,29974
4254,962,13418,20353,19887,19693,18220
4255,1267,3467,18344,22226,23545,18220
4256,3,11976,29687,28876,27600,28837
4257,6868,14217,15125,17469,16183,22877
4258,40,11583,24468,24418,27525,15993
4259,0,13383,25924,25924,27670,24091
4260,1056,7384,24096,26594,29134,22948
4261,1075,6967,28992,29518,27536,23215
4262,1973,2703,26979,18347,17631,17469
4263,1093,6066,22916,16043,20899,20664
4264,1977,116,25549,29402,27547,29029
4265,1438,3008,15957,16042,19832,17469
4266,361,10066,24797,28134,14967,26028
4267,2016,5932,21977,22682,17921,22451
4268,491,13240,30116,30076,30061,24268
4269,415,14207,28945,30101,25086,15217
4270,2042,1019,29587,17270,27701,18517
4271,292,6472,22505,18220,20387,23545
4272,603,500,19974,15605,15729,21912
4273,622,4380,15362,26712,18350,19016
4274,2708,3050,19950,16944,21960,23104
4275,380,10073,23627,18220,23545,23027
4276,2121,2964,26846,18220,23310,22858
4277,877,10564,17747,16764,19350,20927
4278,6942,1351,18988,21816,21914,27156
4279,16,8995,24081,25805,23984,27960
4280,539,6134,29736,23788,21914,20759
4281,652,9708,24888,28152,26574,24323
4282,794,5602,22366,20890,17989,21816
4283,4516,13053,28784,28255,22864,28146
4284,8015,12530,15867,17604,22864,23238
4285,2329,11494,20320,21682,21495,23215
4286,6602,2147,24907,22948,17127,19251
4287,1231,10298,20665,22538,23310,18220
4288,140,7459,26809,15127,26362,27448
4289,3137,10334,22398,23700,18728,17998
4290,534,1559,15915,17088,23215,16257
4291,3514,1716,27127,23841,26311,24985
4292,3314,5177,27764,28063,28673,23700
4293,616,8100,26229,28022,29380,26331
4294,336,6942,20074,18220,26166,22184
4295,29,11675,27125,19434,17901,25970
4296,5,12997,28421,26167,27650,27821
4297,97,13694,26206,24548,25402,28134
4298,244,10874,28495,27761,29976,29059
4299,1934,7668,28556,22682,28468,29397
4300,111,5239,24279,26871,27215,30147
4301,2569,11220,26790,27617,16042,23300
4302,684,7214,28692,15605,28885,25658
4303,35,13573,28773,26192,25513,23841
4304,2705,11039,20668,23215,16564,22870
4305,19,5238,27650,26231,24018,26167
4306,4657,8330,27289,29141,25176,17205
4307,5163,594,21017,19595,20146,22677
4308,476,2974,15075,24353,23949,25998
4309,5,11786,29162,24402,14967,24090
4310,1561,11118,22927,18855,15668,19920
4311,4568,5129,16849,15012,20825,22520
4312,3264,3619,17359,16764,18948,23595
4313,529,13878,27474,28806,24824,27207
4314,935,12301,28462,19701,22495,20553
4315,2,9121,26729,25348,27469,26729
4316,254,3641,26707,29600,18855,24547
4317,4429,10435,29017,15244,18285,28314
4318,2326,1211,18086,17076,23310,18605
4319,0,7691,22721,22721,22422,18669
4320,308,10921,16721,22368,27822,16688
4321,216,2960,22897,22843,19077,30166
4322,1864,8232,17768,16347,25816,25617
4323,2638,9681,17772,23597,22373,22495
4324,224,6573,26941,21816,20553,23175
4325,92,8739,26444,24822,26982,29718
4326,3376,8370,16110,23175,23559,20687
4327,737,3519,26616,29459,24081,15053
4328,656,11167,27527,24647,26316,30270
4329,0,5487,20031,20031,21006,22958
4330,3292,11306,15272,23310,17205,19252
4331,7558,6320,15844,22528,21406,23457
4332,1792,2231,18918,19350,16623,18012
4333,3070,5188,24857,28925,28791,28007
4334,299,13126,23805,25704,27110,28583
4335,342,3369,18584,23487,27248,21213
4336,151,14036,29896,19525,30340,28700
4337,2061,9551,23780,26609,26088,24316
4338,325,12136,24654,27130,27121,26729
4339,1240,10891,26448,24781,24024,24402
4340,583,9040,18238,23416,14971,28146
4341,4351,9856,22483,23566,17935,20553
4342,6331,6781,22984,22514,26851,27571
4343,1762,4204,19551,22971,17127,17983
4344,181,10065,19274,20682,19472,17129
4345,2095,6201,23434,21049,16791,18794
4346,2538,14182,25158,25805,25997,25249
4347,255,4654,28493,25972,27249,24441
4348,3107,8539,18073,21101,23700,19350
4349,2,11119,26770,29790,25883,26770
4350,463,1760,28707,29699,26939,29459
4351,4400,9637,20636,17205,22538,23310
4352,18,9052,17765,29957,27312,25947
4353,1239,9305,24256,24703,24721,28171
4354,4889,1578,26608,24334,21627,21791
4355,2266,5844,20795,20543,22313,22874
4356,2649,13419,27733,26008,29123,28608
4357,3000,14272,24426,27456,16987,19526
4358,5814,14783,25969,17139,19044,22587
4359,1730,2476,28717,27956,28365,29722
4360,441,8730,15512,18776,22149,21022
4361,935,8765,25086,27956,28649,25738
4362,154,4732,28171,28134,24245,25403
4363,4772,98,23191,22226,23670,18220
4364,42,12651,17049,20026,23310,20706
4365,614,2330,25246,24981,21943,27846
4366,2174,1987,27807,24500,27464,26975
4367,4164,2862,27408,26341,28366,29255
4368,174,6969,29624,28314,28954,23791
4369,33,3991,23684,19513,22538,19804
4370,279,12108,24603,28927,27844,25026
4371,344,1269,18276,18591,16764,23175
4372,218,3358,26384,25053,23984,28125
4373,9,12340,24492,26947,24151,25590
4374,143,5258,18514,19251,21101,22232
4375,121,5748,26764,24883,28393,25357
4376,4454,6677,22432,23310,22538,19804
4377,1163,4424,28320,24708,25575,26669
4378,12,5260,17496,22408,18855,20759
4379,3281,1203,18737,21101,22538,18813
4380,530,6383,15167,23652,27571,17469
4381,4476,9058,26967,26729,25664,25245
4382,3757,12326,27938,29087,25138,27767
4383,197,4464,23796,29123,25116,24703
4384,3149,12165,27278,22650,26945,19120
4385,24,7029,23917,23918,29680,21629
4386,1417,5164,28294,30270,29027,17469
4387,629,14006,24521,26068,26366,26933
4388,6490,563,28479,29108,28468,29231
4389,61,3575,27763,29518,27732,27822
4390,272,14270,23902,30155,28782,27844
4391,628,13493,21763,23411,17469,21386
4392,3477,1942,29493,22829,19172,19396
4393,836,7437,22969,18220,23545,23595
4394,571,5142,20230,22874,18220,22858
4395,995,8676,18224,21694,16764,23700
4396,72,6720,17531,23607,22682,22073
4397,76,13605,27320,27419,25693,27463
4398,96,7745,25179,18855,29793,26641
4399,12,8704,24827,21980,26662,27574
4400,2425,3507,16726,22634,17983,20597
4401,153,8558,17147,16418,23545,20167
4402,2496,7646,23666,21276,19768,16402
4403,144,7754,23955,22373,29585,20369
4404,351,8982,27508,28381,26119,24747
4405,233,6924,23095,23670,23175,22495
4406,1641,6971,28680,26362,24963,15127
4407,233,7386,28530,29121,20759,20820
4408,264,13723,25566,24054,27187,28647
4409,586,12977,24211,25192,24238,18718
4410,748,5097,15881,17928,15668,18032
4411,369,4003,16322,24557,29792,26497
4412,1746,7117,27418,22226,16402,18220
4413,1166,5427,27128,29350,30274,28379
4414,1016,7345,25328,28654,24312,23909
4415,882,1538,21548,15356,21980,17236
4416,373,8147,23059,16623,23175,18012
4417,1074,3001,18020,19716,18776,19350
4418,30,12261,24995,20724,26664,26173
4419,4510,971,16832,18984,20553,23566
4420,115,2021,15348,17723,22870,23166
4421,353,6052,19812,18220,23545,23310
4422,708,4262,18041,18220,23545,23310
4423,2936,6687,29311,29146,27506,25341
4424,382,6871,18464,17494,19928,23175
4425,1729,14543,24486,28407,25676,26224
4426,179,10574,16933,23700,22226,19740
4427,3086,2432,24905,29484,17558,24020
4428,3337,4151,27263,27392,16688,26983
4429,20,2607,19397,18795,23310,19804
4430,1774,9374,22120,19651,20553,22423
4431,70,4119,26430,26327,28830,24140
4432,4520,9881,28197,24130,27239,24046
4433,287,11528,15798,22495,23579,23700
4434,167,4551,24692,24678,24608,27537
4435,1,9339,23507,22149,23507,20991
4436,85,274,29564,28751,26594,29543
4437,2746,13274,16400,20890,20560,17129
4438,16,2190,29575,24400,27392,27960
4439,368,11626,24078,28334,24692,27121
4440,13,8609,20944,19626,17226,16042
4441,3033,6814,22174,20553,19350,23175
4442,228,14340,25402,26681,25427,24192
4443,275,662,23340,22870,21725,20861
4444,2192,6309,26902,27279,22368,27546
4445,839,7736,25963,24172,26928,28899
4446,149,12933,29223,27368,27236,26808
4447,37,10034,15004,23683,25424,24169
4448,2331,4391,27956,23661,29403,18270
4449,348,3317,18140,18767,23215,22682
4450,1825,6521,21234,22495,16778,23700
4451,3487,1257,22659,22538,23310,19804
4452,3854,4064,19342,19120,17928,20759
4453,2020,13462,23085,23175,20030,23215
4454,4709,10968,25395,26766,28214,25081
4455,5575,13313,26380,27885,26697,26594
4456,113,13149,21390,19768,19172,17568
4457,983,1414,21999,22870,23579,23215
4458,1959,10710,19577,18220,22538,20543
4459,556,5788,28576,26233,24317,14977
4460,204,9379,21094,18220,23310,20477
4461,103,11920,18884,23504,19693,16555
4462,920,11709,16437,21694,16528,17371
4463,390,13635,28414,28240,16061,28899
4464,105,4803,19569,22948,18605,23310
4465,0,3248,20220,20220,15442,19767
4466,73,7192,29389,28449,27321,20473
4467,80,1075,18450,20944,16750,21510
4468,1,3704,21860,23310,21860,23545
4469,68,764,28566,24691,19120,29299
4470,1216,290,30298,20890,19399,20560
4471,1206,13475,26085,28773,26816,26968
4472,1664,2587,16007,23416,14971,14993
4473,6260,11294,15043,27299,25846,19745
4474,2786,10600,29367,20759,28969,22662
4475,5,11153,24151,28170,24402,27774
4476,181,10883,24487,26766,28450,25485
4477,6921,7249,18218,17833,21980,15879
4478,132,4088,22832,20522,18139,20759
4479,79,12835,24670,24280,28588,26415
4480,255,442,26590,26609,24081,15020
4481,808,10159,19473,20553,21816,19788
4482,1587,9785,27735,27571,24577,24483
4483,900,11469,21950,18678,26825,18028
4484,221,4423,24898,29998,29991,29944
4485,389,8833,25744,28423,24882,27665
4486,797,12804,28253,23487,26750,28255
4487,1103,10770,16346,25345,27834,15792
4488,85,11188,15526,26539,25424,28918
4489,189,3786,23504,18220,22948,23204
4490,0,14601,29890,29890,19920,30319
4491,6430,3024,19983,21914,17469,22514
4492,93,8172,27498,16764,27424,21980
4493,1014,8861,15341,18220,19693,23545
4494,4506,11206,20945,22199,22226,18948
4495,6379,570,29534,17326,25781,29255
4496,436,708,19035,20324,29825,30323
4497,141,2209,29499,20759,27214,28152
4498,72,11988,26301,25727,24016,25058
4499,100,8555,25575,26280,24445,24703
4500,48,8243,17349,30029,27810,29984
4501,1824,1535,20663,23215,17517,20412
4502,11,11764,22649,18220,17205,21101
4503,0,7863,14966,14966,28594,27547
4504,785,10181,25658,27400,17879,28870
4505,46,13958,25476,29640,19399,22864
4506,129,197,20598,19350,18012,18591
4507,376,8103,26434,26859,27473,26564
4508,105,11693,27350,27755,25040,26206
4509,139,5715,15506,20924,18489,17312
4510,588,6005,21888,22870,22373,23657
4511,519,2806,27041,29793,20791,28568
4512,2156,8441,23332,22226,23545,16418
4513,51,337,22203,20477,23595,19479
4514,26,6921,25177,25972,24441,24720
4515,162,2278,28174,25738,15127,30101
4516,382,10728,19896,21101,18742,22226
4517,1763,649,28487,24691,28205,29027
4518,3566,2684,27890,16183,15113,19042
4519,1443,14840,26310,29929,17469,23411
4520,0,14026,26968,26968,24217,23929
4521,2150,829,20723,20949,15729,20825
4522,1320,8776,23233,22682,16750,29518
4523,485,1403,19797,22226,23366,21453
4524,227,11795,20026,22633,22948,17049
4525,529,5345,28855,20759,18855,28200
4526,34,7181,18314,26669,24316,15438
4527,8837,3466,23387,16944,21960,22554
4528,1735,543,28400,24130,26086,16645
4529,347,11496,28315,24370,21886,25974
4530,345,10463,24213,24115,24608,29490
4531,1344,11944,18467,20477,19804,22538
4532,0,11769,28381,28381,26119,24061
4533,24,13690,24284,26327,24781,27130
4534,4041,7272,18808,18959,17983,21980
4535,6247,1982,26984,25047,24268,24482
4536,1433,813,21724,21694,23175,22149
4537,180,6111,28561,26189,25348,24402
4538,2810,3944,29757,23472,25511,23057
4539,6591,5889,18444,22538,23310,22226
4540,89,4356,15739,23310,19252,18220
4541,4225,5466,27578,27615,16825,29300
4542,126,9781,20337,21816,18984,23121
4543,2005,9714,29665,26982,28399,29499
4544,3940,7997,22576,23175,22952,18012
4545,989,447,30209,15572,17748,26653
4546,38,5597,27130,24016,25462,26729
4547,3946,7302,21098,19928,22232,21775
4548,4299,9006,28851,26642,21261,25975
4549,2311,268,24972,16042,22650,19284
4550,1057,10019,20438,23700,23579,23566
4551,175,2200,29166,27261,27112,27615
4552,42,11521,24402,28394,29008,28918
4553,8130,11983,16193,20560,20093,16944
4554,8156,14151,26191,27554,24544,24983
4555,2720,10168,24597,17270,27701,25994
4556,1487,3123,15000,30216,29554,25725
4557,711,5199,20064,22538,22090,21101
4558,30,5301,18698,29879,16418,17851
4559,1390,5854,15875,26389,19201,28713
4560,0,5339,29114,29114,17322,24920
4561,57,9617,15394,18220,22996,23545
4562,21,3877,18866,29957,29942,21939
4563,5060,9278,19873,17270,20427,29521
4564,83,317,30112,24340,30099,29321
4565,1581,12251,29480,25031,23963,25761
4566,849,12452,29859,22062,18767,17469
4567,4643,5914,20205,22226,19740,22232
4568,791,11809,16873,22874,21101,17076
4569,29,10555,17522,23700,18728,15641
4570,3,8164,27292,23733,23921,26669
4571,2647,7796,23452,29134,22698,29146
4572,991,3383,24834,26327,26729,25462
4573,354,10432,25038,27870,25170,27303
4574,77,4219,30016,29958,30047,30029
4575,285,5605,27069,27667,20278,14953
4576,923,2242,24646,24238,28625,24046
4577,1592,8057,26294,23375,22606,22962
4578,791,10016,29546,30018,28920,30063
4579,5295,958,28611,29957,26846,26847
4580,95,1966,25453,25335,24316,23819
4581,24,14211,29120,27730,25703,28442
4582,5795,476,26302,24928,24092,19920
4583,57,7550,25762,24963,26362,15127
4584,90,11229,28417,29058,24083,25130
4585,6798,12873,26643,17469,16347,20311
4586,5267,3760,22365,18776,16764,21295
4587,591,12608,27988,29344,28651,21914
4588,176,10755,15553,21914,20820,19956
4589,113,4109,22144,22497,28707,24817
4590,3911,4641,23042,30166,22874,22843
4591,5214,6770,25774,24050,26675,27470
4592,478,8483,18346,22538,23310,18220
4593,3178,8903,22876,29518,23215,28161
4594,3062,6567,22180,23215,15275,17650
4595,25,9041,27487,24115,24678,24800
4596,776,2237,27968,30293,29516,30237
4597,193,10282,18600,23657,30217,23215
4598,150,1714,27904,22226,22149,23175
4599,2077,4148,15609,29778,28721,27762
4600,1407,3289,18278,19719,16444,16001
4601,44,12112,25664,27394,24016,26008
4602,0,6127,24883,24883,25664,24905
4603,1,2230,28059,30072,28059,30013
4604,18,5384,22226,21725,22948,23507
4605,876,135,15158,22554,19399,21651
4606,4551,2287,29168,19113,22858,22478
4607,504,5340,23990,28958,25002,27782
4608,2139,5247,22933,17751,22860,23258
4609,5,550,20905,17476,16049,20763
4610,942,4416,22199,22682,15552,23700
4611,859,8203,17625,17469,20759,21386
4612,195,6527,27593,22528,20759,19189
4613,139,13020,24591,26011,28170,25590
4614,18,9377,24736,25444,24549,24199
4615,113,12362,28522,24421,28471,25566
4616,22,8871,26718,26008,24131,26926
4617,900,7492,17517,22874,20548,29300
4618,5516,13828,15396,21914,19124,20759
4619,68,1853,24263,30122,17129,17935
4620,224,13449,29116,29087,27759,14989
4621,8190,5472,21161,22518,15379,21152
4622,0,13454,25316,25316,24033,28239
4623,1615,2700,25666,30037,28056,23375
4624,202,7975,25195,27492,25137,27249
4625,380,12874,17790,20814,18068,16347
4626,2101,7394,16312,22226,16764,21694
4627,363,11748,30345,21682,18860,30295
4628,451,11616,20872,17935,23566,15009
4629,278,8242,24223,30062,30078,25813
4630,5740,996,15144,22518,17469,17141
4631,3792,6388,21288,22090,22538,22226
4632,14,4972,30047,29964,26155,29991
4633,0,11837,29331,29331,25086,26814
4634,4930,8694,29818,27844,26826,25882
4635,328,1690,15549,19113,23310,22478
4636,524,7149,30133,30099,25917,28228
4637,360,12778,25684,25945,26633,24261
4638,258,13018,27013,28502,26982,28125
4639,218,2036,26119,27213,29380,24958
4640,4,1150,25044,26564,25519,27341
4641,3810,6773,16369,26983,21682,22870
4642,1140,10799,22306,21544,22948,23597
4643,402,8213,17267,23683,28918,17874
4644,986,3130,30075,26255,15217,28649
4645,1,4425,19049,29950,19049,28029
4646,835,5633,24101,29380,26008,27537
4647,1828,11291,25231,25489,23818,24703
4648,482,10983,18876,22843,15599,20506
4649,1784,11481,21859,21788,29879,21670
4650,1984,8524,20630,20494,17688,23310
4651,5906,10966,25933,26056,23707,26033
4652,4234,6015,17379,16528,19537,23175
4653,26,8761,16454,23595,22538,21101
4654,2625,967,22697,22149,23057,21101
4655,423,7194,16232,21101,22226,18948
4656,111,12139,25535,27121,25140,24440
4657,5618,9068,25765,24666,23190,24337
4658,1510,6216,28356,30132,30039,30036
4659,748,5303,25776,21914,20759,16059
4660,1246,5106,26244,28325,25530,24063
4661,1625,402,21336,17205,22538,23310
4662,1127,3135,29072,26965,28233,29108
4663,403,6558,26527,25404,24015,28320
4664,4136,13801,29841,20899,22226,21775
4665,341,1950,26711,28333,28919,25176
4666,7,5068,19606,18578,18830,22698
4667,690,7243,19248,22634,22817,17884
4668,44,9073,24911,28876,30026,27600
4669,60,4176,22688,22698,21980,20890
4670,879,10901,26938,30047,30102,25210
4671,505,7507,22798,23175,16764,18591
4672,2182,7344,23696,18220,23545,22858
4673,484,14866,26393,26964,25704,27464
4674,445,12837,24240,26063,28403,27122
4675,2320,7555,19328,23545,20494,22226
4676,1032,7331,29140,29141,19901,29881
4677,777,7572,26995,24483,27247,27718
4678,1132,13917,27768,22294,27431,25808
4679,43,2087,21393,23310,17205,22538
4680,2547,9614,27640,27400,15244,29793
4681,35,718,26812,27169,25403,24402
4682,3329,7765,21665,16001,16444,23301
4683,3458,277,27635,26854,28665,26797
4684,25,2129,29112,30063,30018,30061
4685,734,6777,22587,28156,25947,17743
4686,5355,13129,26483,25204,28053,26460
4687,2436,1500,18533,18220,16418,23057
4688,597,2084,29509,29011,30293,28923
4689,1195,4145,17253,23657,22870,22280
4690,7455,11023,29193,24535,24076,28146
4691,2487,10969,27920,17371,20627,19179
4692,22,10936,21168,18959,18187,22226
4693,56,4990,27273,30039,30036,30047
4694,18,2030,17670,23664,15572,19479
4695,670,13905,27271,24703,24445,26142
4696,1441,3086,24731,29011,28379,27307
4697,118,12857,27368,26718,24781,27239
4698,1,11323,25329,25267,25329,27044
4699,406,6004,20434,19077,22064,22677
4700,728,812,29157,26472,25460,24544
4701,109,13859,21647,22874,18220,22972
4702,2551,2901,19109,23670,19584,19701
4703,481,3003,23087,22226,23595,22634
4704,186,9417,18254,18220,23545,21018
4705,930,11055,14980,24033,16075,24020
4706,0,5073,15467,15467,23700,17630
4707,380,4206,27958,27273,27981,15092
4708,32,4591,30035,29999,29991,30080
4709,142,11818,24697,27497,26365,27492
4710,3,13427,24131,25402,28134,26718
4711,57,9866,28744,29521,24400,25627
4712,8602,5376,28841,22528,19189,23457
4713,639,8661,29491,27967,23700,24665
4714,5867,10352,30338,22948,17630,18968
4715,2173,90,15305,23175,21694,16764
4716,1236,5596,22620,23310,22538,18220
4717,1134,11342,23948,27600,28876,16156
4718,3349,2296,21494,21914,19189,22606
4719,6544,5510,29974,24653,26738,26073
4720,32,14197,27020,24043,24707,29787
4721,2214,6480,15181,29633,26982,27714
4722,79,13347,27808,15087,26512,24739
4723,3263,4917,19066,21914,20240,17517
4724,48,1860,24035,23659,26199,21926
4725,4001,251,29617,28784,28548,21725
4726,85,9556,17485,18789,18468,20160
4727,102,3285,29077,29982,28506,30000
4728,4322,4726,24207,18489,18220,23310
4729,0,14068,26030,26030,28824,28894
4730,59,11775,19525,19822,15627,28550
4731,4227,8748,28444,27489,27239,23984
4732,24,1756,26646,24076,26518,26500
4733,2766,4587,28668,23707,26102,26609
4734,4352,3787,22603,16458,19584,17494
4735,2,9946,26715,24697,27821,26715
4736,1803,3121,27327,24844,28255,28212
4737,1301,13995,26456,18017,17469,26730
4738,8676,7894,18282,20759,14977,29027
4739,99,5790,21184,22538,21101,18220
4740,1364,7890,29643,25864,29641,30036
4741,3682,6623,20293,22749,16596,21671
4742,20,3674,19275,23310,23595,21101
4743,276,13174,25752,24714,24703,24105
4744,279,11482,23769,25748,24280,27521
4745,3934,8331,25649,25204,23192,18440
4746,209,9303,26161,24046,24940,27239
4747,329,9961,24498,23951,14985,24553
4748,1252,3767,19214,28651,23411,18139
4749,58,5117,19765,28077,26561,30047
4750,367,9344,25150,15164,27525,24296
4751,3072,12399,29826,18032,23566,22280
4752,61,2525,23198,22495,20369,23657
4753,4712,5585,18439,21980,20558,22149
4754,512,14593,29022,28028,25313,24073
4755,2305,8204,15531,15592,16764,23175
4756,18,5051,17686,23545,22226,18220
4757,1177,6666,23788,25341,26897,20890
4758,127,1297,21049,16764,21506,21889
4759,1722,5344,29541,21343,22520,28273
4760,710,2387,18665,21725,15012,22351
4761,1390,4717,26747,25440,27480,27479
4762,31,3137,16057,22430,15594,16898
4763,1293,5989,22792,16764,21022,16402
4764,368,14590,24045,24467,28740,26125
4765,3172,2562,24933,24382,29167,26146
4766,1505,2406,15758,23545,22226,23190
4767,105,4747,15989,22538,19804,20108
4768,1988,9901,28501,27261,30190,24268
4769,1328,2081,27900,29054,22877,28651
4770,64,7056,16295,22538,21101,23310
4771,54,3538,26765,30270,27960,29027
4772,39,7412,28407,26415,27880,28905
4773,0,7819,21176,21176,18948,22948
4774,474,14030,29428,17901,29647,25207
4775,1,13785,18446,18491,18446,20051
4776,618,12805,29839,22495,20899,21275
4777,4364,3745,29849,28313,24549,15002
4778,0,6463,27531,27531,28665,23566
4779,6906,700,20712,18035,23472,22679
4780,2200,7401,19810,23566,23657,23215
4781,8,3664,28694,26983,26597,22226
4782,1110,9902,23254,19542,19274,21922
4783,3057,7560,30222,23215,16564,22459
4784,4009,9927,15907,19056,26893,19399
4785,795,11000,27178,25208,28449,24834
4786,1653,9860,26114,27497,14977,25805
4787,671,14169,27934,24238,27013,24192
4788,57,13968,24325,24129,25489,25803
4789,1223,8349,18813,22226,19928,23374
4790,1609,744,24785,22962,19469,19399
4791,294,11741,25288,23753,24314,25302
4792,131,6492,16859,22226,22948,20545
4793,587,10420,26374,24841,23904,29411
4794,1329,13323,26748,14957,15087,24219
4795,73,8228,24509,26865,30117,29942
4796,1,14513,26467,24697,26467,24144
4797,1194,10771,26572,25459,25959,23929
4798,0,8792,25411,25411,28134,24131
4799,4468,3779,15776,15395,23001,22226
4800,4319,9688,28245,24349,24159,26577
4801,2735,12259,19481,22226,17312,17494
4802,0,13772,26416,26416,25338,26826
4803,834,12391,15953,22698,23215,15729
4804,1003,10763,22761,22495,22870,23579
4805,111,4035,23924,24090,23818,27327
4806,0,10375,15387,15387,23237,17928
4807,2672,8048,24533,22518,20820,23657
4808,1333,13256,29304,24418,23992,26374
4809,5385,10076,20571,26797,27709,24060
4810,949,329,15500,28773,24512,27973
4811,1099,4247,27564,24820,26897,22226
4812,537,10192,22774,17935,22538,17205
4813,152,1390,19323,22495,22870,15569
4814,6507,7054,29173,14977,19042,24107
4815,668,14853,24290,28647,29037,26293
4816,10,2830,29846,21652,19056,19273
4817,865,8129,26753,15087,24948,24800
4818,125,3344,20610,18220,21101,20108
4819,4160,70,27426,22479,27903,22874
4820,686,1236,23091,18012,22089,19350
4821,44,12481,24825,24586,28180,26364
4822,306,2646,21755,22843,20548,21775
4823,4612,3850,23622,16042,19120,21943
4824,5126,4466,25229,28177,29080,26362
4825,277,9119,16791,22796,23665,18710
4826,5561,11894,15154,15321,23585,16991
4827,27,12799,17352,23310,22538,18220
4828,8139,11374,21614,18677,17604,19056
4829,68,12398,15856,15332,20553,20051
4830,1071,12551,28567,25210,30026,28442
4831,181,14246,29770,23095,26741,18140
4832,300,13003,15020,23821,27658,27819
4833,683,931,17131,22948,22679,18490
4834,1247,12122,30244,15879,17960,23518
4835,86,10085,26263,24778,27920,26043
4836,3395,4998,21282,22226,23545,23585
4837,7,1067,23661,30209,15009,29603
4838,1688,9609,29957,30036,25646,26881
4839,0,1901,28893,28893,27871,30064
4840,595,9584,26109,25110,24954,28762
4841,220,4081,17073,18320,20899,19887
4842,354,13902,19457,24021,19201,29027
4843,4627,9194,27975,29793,22209,20522
4844,113,1099,22418,23700,22870,22495
4845,1227,13844,28497,27943,28240,24036
4846,93,13746,23193,23310,21101,19612
4847,1117,9249,26361,30078,30026,30036
4848,4918,11176,30159,27116,19901,26043
4849,73,11336,25277,26331,26729,27130
4850,402,3316,24636,24824,14967,26926
4851,423,2115,28542,28740,26458,23841
4852,228,5220,20545,16636,18946,21663
4853,51,12635,26401,24474,28178,27668
4854,272,5114,24450,29518,29029,26999
4855,201,12323,27005,27130,28561,25748
4856,7800,8244,23893,28486,20635,18404
4857,2048,8437,27449,27354,27504,25459
4858,199,13388,23248,17049,20178,22633
4859,583,6624,24183,26729,25046,26811
4860,1181,9899,25072,29793,26965,27459
4861,999,12084,22406,22495,23657,19389
4862,2726,2661,22973,22149,18591,21081
4863,2025,5489,17656,19513,17278,19804
4864,97,3402,15820,19722,20706,16596
4865,549,13633,29490,26609,29524,15020
4866,376,11170,29378,27779,27025,26289
4867,5637,8105,25498,18139,19404,27911
4868,1033,792,29559,25516,26797,29134
4869,1204,3596,23958,30013,29617,30036
4870,730,9133,22701,22251,25644,24728
4871,519,11525,29921,21725,20890,30315
4872,215,12052,24560,16263,27079,28393
4873,2033,13916,25837,24091,24288,27670
4874,906,7913,17041,16596,23622,18762
4875,3330,844,28880,18776,23357,27424
4876,336,5966,18721,19901,21980,16764
4877,4,13519,26950,26575,26200,23803
4878,2139,13096,28776,27600,28682,28876
4879,348,9230,27380,27470,24834,24041
4880,1829,13411,25385,24181,27088,27240
4881,170,10012,27949,29344,28665,27911
4882,599,12076,24465,26234,27141,26384
4883,277,10026,18194,20927,19651,23175
4884,1872,5984,21237,22538,19678,19804
4885,2844,7782,28241,28762,26725,28936
4886,3,2826,16914,18220,23545,22538
4887,4256,5619,18830,22226,20892,17088
4888,58,4207,27169,27030,26628,26327
4889,699,1726,26375,28773,23929,26968
4890,121,2949,28651,29793,23375,23465
4891,1307,5402,28182,27264,27088,26184
4892,463,12315,19011,22958,19251,22874
4893,2231,4575,15759,23215,26077,20280
4894,3580,9554,20297,23597,18489,23661
4895,3668,9171,22190,18959,17630,23310
4896,787,670,19246,22874,22226,23532
4897,5641,6870,23004,22035,22528,19189
4898,108,10063,27720,24268,28425,23175
4899,1597,5822,23482,21694,22761,20924
4900,100,11679,26647,24884,28407,23951
4901,4,468,29239,29521,22226,25467
4902,408,3737,15729,20126,16042,19201
4903,533,6335,23584,22914,29251,20597
4904,2254,2575,15507,19251,27371,22090
4905,8377,2358,29158,23375,18651,15515
4906,2,8690,17953,20888,20890,17953
4907,2494,13016,16328,20220,19378,21670
4908,4570,9205,17636,16764,23175,22226
4909,812,4451,29855,20820,17469,22853
4910,17,11,29946,24391,24931,30101
4911,13,1533,18745,30117,19801,15712
4912,48,1713,24810,23917,28393,28407
4913,624,8219,25034,26494,28773,27808
4914,552,378,18115,23661,22679,21544
4915,1309,9454,19753,22149,21164,18416
4916,861,1450,23003,18948,22858,21101
4917,2711,32,30184,19065,21397,16944
4918,1141,2188,22014,19928,17494,22226
4919,7273,5334,19252,28056,23791,29793
4920,729,13034,26345,26726,25240,23339
4921,471,13677,25020,24147,29380,25372
4922,108,13853,17794,23707,20890,18855
4923,15,263,26472,24159,26628,25460
4924,3105,2885,26130,29344,24794,24859
4925,4624,4562,16278,29793,22708,23411
4926,1208,1715,29404,30293,29397,26662
4927,294,9850,20097,18489,20773,21022
4928,854,6001,28764,19901,23665,20927
4929,368,9299,24958,25173,27724,25045
4930,1388,4412,21242,20825,22232,22520
4931,555,11311,28316,24637,25567,27661
4932,6327,67,15339,22408,22460,21943
4933,3,4327,26432,25046,26628,24692
4934,54,10469,21847,18032,23095,21914
4935,578,10566,25960,24718,26590,14977
4936,409,978,28941,22948,28467,28273
4937,426,1108,23404,22149,17494,21686
4938,5184,12593,27552,24595,26750,26964
4939,6592,12842,28033,28876,19120,27600
4940,3543,12809,19469,20672,20023,20250
4941,576,10957,21809,18948,23670,18489
4942,649,6095,23180,23310,17205,23690
4943,824,761,15425,27762,29778,15001
4944,3354,14218,29589,29793,27762,23411
4945,368,5716,25804,22226,22495,20672
4946,170,9134,28751,22860,15381,21310
4947,2771,5120,20828,23175,16764,20543
4948,4247,4111,20441,23175,18695,18591
4949,66,4895,23363,17469,19399,20820
4950,3800,4370,28431,24060,29119,19000
4951,200,14794,16187,20477,20765,16764
4952,6,14492,28837,29661,27764,29793
4953,1504,2377,20859,23175,20553,22763
4954,28,8638,26168,25074,25865,24697
4955,1468,4954,28259,24940,20745,24500
4956,1568,3703,20787,18489,17983,22495
4957,527,11973,18030,21320,15932,18781
4958,7014,11264,27924,27066,24133,27900
4959,4529,1469,24807,29793,27288,28700
4960,13,2411,24024,25973,28830,26628
4961,3150,12004,21519,16764,23175,20597
4962,2279,10916,24124,24151,27069,16007
4963,703,7322,29881,22064,21663,22659
4964,180,12664,20733,22630,17179,17983
4965,1318,9611,25892,27885,26199,22749
4966,0,3841,17000,17000,23057,21743
4967,449,8600,23585,18220,19804,23545
4968,29,9458,16640,30118,17549,27312
4969,787,11780,23838,25283,27461,26119
4970,287,13127,29058,25576,28394,26100
4971,782,10896,19612,22064,22232,23700
4972,29,13629,27490,28471,26030,28022
4973,4993,8271,26417,26274,27004,27424
4974,585,7614,28176,22226,29543,18220
4975,306,8757,20572,27571,21914,23465
4976,295,5147,26397,28204,27903,25203
4977,1154,7851,28588,24102,25805,26641
4978,31,88,23544,22226,23700,23579
4979,11,4107,27214,19189,28739,27471
4980,595,10357,19034,23316,23700,19928
4981,1014,614,29003,21816,21914,22877
4982,2294,1026,18458,19740,22226,23310
4983,1846,3255,16946,23310,22538,23243
4984,30,13827,27661,24601,25803,25113
4985,1,1105,15719,29335,15719,17780
4986,150,2435,28401,18443,28177,19901
4987,801,5562,17126,23566,17726,22373
4988,1944,13507,24929,18855,19907,20759
4989,4649,10271,19774,19350,22149,23175
4990,199,8064,29129,30047,19316,15072
4991,4147,9958,15083,22971,16564,22677
4992,7,9517,30036,30029,30043,30002
4993,426,1233,21445,16210,15267,16808
4994,3858,12641,27222,18932,24092,21422
4995,2068,2120,28555,24462,24555,24027
4996,5686,6766,21450,23670,22373,21310
4997,3824,13803,25554,26122,24441,27249
4998,73,7640,27046,24130,24040,28888
4999,1216,12803,29590,25708,24397,24042
5000,444,4635,22732,18776,20927,21240
5001,225,3851,28753,26768,15605,28473
5002,2066,6723,27570,29658,28451,19005
5003,2285,3871,26440,25841,27215,15127
5004,3,14034,16912,15370,16795,19767
5005,572,2730,17687,23215,23579,22682
5006,675,10210,22394,23175,22497,20553
5007,762,8872,22548,23479,22538,23310
5008,282,9231,25095,14985,25298,15362
5009,1287,6511,29722,28204,21725,26058
5010,1997,14,29474,22149,21821,29543
5011,1734,4314,29397,19693,18220,23595
5012,814,7912,28044,19479,18220,22874
5013,3432,4891,23208,22870,20861,23215
5014,617,13812,29804,15559,24670,27135
5015,3288,10824,25091,27028,25790,24090
5016,1,12947,22877,26851,22877,21914
5017,0,10841,27262,27262,24512,29638
5018,5085,2299,30256,21289,19974,28919
5019,1483,5975,16800,22226,21682,21495
5020,75,10712,25729,28773,15016,26712
5021,30,11027,21748,22495,20759,22373
5022,321,6908,25033,25402,25140,26200
5023,295,12671,21436,17339,23175,22218
5024,50,12676,26505,27584,26104,25689
5025,5735,14225,25181,21896,17726,16623
5026,533,3936,29218,28751,17270,28796
5027,4275,11877,22232,21486,19525,27571
5028,3079,11318,15246,24266,28146,25847
5029,2455,5693,27012,27389,23803,26327
5030,618,5940,28900,28736,26999,29062
5031,884,270,29417,29146,28368,17953
5032,277,13570,27665,24172,15027,23339
5033,130,6926,26151,26374,24953,26859
5034,49,11567,17851,22226,23545,23310
5035,179,10843,23962,23758,22520,15555
5036,1589,9918,27549,20358,22901,15724
5037,860,37,19380,18220,22634,23545
5038,0,2244,19359,19359,17371,23657
5039,2255,2610,29691,30270,27822,28931
5040,2938,9583,24251,29064,23707,24981
5041,714,4268,24728,22538,18398,22149
5042,30,11015,23843,15398,26123,25697
5043,1122,85,16683,18152,18728,23653
5044,505,3687,19472,16764,21295,18776
5045,2271,8192,19371,19042,22368,28931
5046,99,3066,26102,22860,21816,20837
5047,60,10267,22161,15675,22373,22280
5048,6,8377,18443,22226,20296,20728
5049,201,12943,25455,30078,30119,24951
5050,9,9815,29103,25781,24606,23988
5051,1342,11384,17129,29344,21914,22860
5052,363,9273,16208,21006,22874,22226
5053,782,2573,23795,26729,28493,27460
5054,3,12123,16228,16298,15381,15637
5055,450,583,24758,26926,24368,25120
5056,509,12791,27187,26712,26483,25429
5057,261,361,26828,20759,18855,17517
5058,1182,5634,18220,15297,20128,30190
5059,0,10394,30000,30000,28649,27813
5060,54,118,15388,24557,28201,29792
5061,3705,13380,29487,28924,27121,26628
5062,3021,12557,22622,20543,21980,23665
5063,2207,6060,16062,22373,15675,21847
5064,285,11014,26031,24349,26189,27853
5065,1885,52,26750,24482,26088,24906
5066,156,3267,22746,22226,23670,19595
5067,65,11008,16634,22870,23215,20904
5068,1,8724,25517,30066,25517,25210
5069,349,4909,19701,23175,21310,18591
5070,5,5741,20280,22971,17181,22682
5071,1942,12668,28065,24948,26192,28740
5072,948,7540,25077,24481,24445,27853
5073,2752,6355,15501,22634,18948,18489
5074,301,13147,28730,24697,28824,26715
5075,258,400,24555,21310,23175,23665
5076,8046,3778,16250,16119,17834,20944
5077,1093,14451,24704,28423,29276,24359
5078,886,8887,16686,17928,22870,18678
5079,2662,8067,18136,22373,23566,23175
5080,457,7521,24794,19189,22528,26083
5081,769,155,21268,23545,22996,22226
5082,648,13563,25830,25974,29568,24097
5083,7204,3249,29195,22248,21781,30047
5084,0,12783,29139,29139,24508,27817
5085,7,1807,20080,23057,20328,30233
5086,238,7789,22957,22226,19693,19172
5087,0,8499,27236,27236,26684,25170
5088,1726,3382,18684,23545,21101,20494
5089,12,1072,19202,21651,16285,16049
5090,467,3305,29021,20477,23190,29543
5091,403,12571,26016,25081,28240,25358
5092,3313,14607,25991,17204,20019,16599
5093,1197,11954,29685,23949,24696,25329
5094,6687,4094,24425,27121,26628,24352
5095,2820,14236,25297,26913,27876,22698
5096,4842,9504,17735,22874,23310,20543
5097,746,13083,21256,17726,21914,22373
5098,1,4968,26232,24353,26232,28171
5099,1328,8692,23088,19511,22679,28751
5100,2938,12058,22936,22451,23506,22368
5101,633,1689,15783,23310,22538,22858
5102,885,4874,27154,28561,29379,27880
5103,886,8374,22962,17650,29518,20543
5104,1308,7451,18405,22634,23595,21804
5105,256,13511,26027,24116,28049,28773
5106,179,10743,26542,25120,15139,23755
5107,355,7166,17890,23310,18320,18735
5108,1726,4674,29278,29550,29108,28413
5109,129,2541,16808,19626,19920,16183
5110,502,985,23376,23595,19693,21224
5111,0,4331,29074,29074,29535,22528
5112,343,1084,19014,21101,19252,22538
5113,2367,2736,28210,21914,22662,22864
5114,445,9725,26854,29314,23215,26736
5115,3020,13435,25675,28804,27977,25329
5116,4641,3597,26007,23057,30165,29441
5117,3011,6765,21986,22874,17076,18742
5118,1695,13928,25922,21486,22864,22815
5119,730,1855,29361,25044,27504,26968
5120,588,12307,25027,27469,24824,28178
5121,16,3039,24126,17469,15139,21914
5122,18,4721,24619,28473,29300,23175
5123,661,11241,28085,28134,27643,24245
5124,2734,7918,26076,15009,28961,24060
5125,97,641,27072,28925,28233,25467
5126,238,4823,23174,23175,20543,20303
5127,5206,1563,16111,29578,26001,29501
5128,140,4006,28715,27506,20553,25742
5129,147,11504,28299,21821,29142,29181
5130,291,2184,21224,19804,19612,20556
5131,891,14039,26215,29008,24834,24507
5132,32,11217,29207,22226,18220,18489
5133,495,13848,25785,25460,26028,25034
5134,662,4099,26791,29134,25341,25315
5135,2206,11459,25382,21663,21725,28462
5136,15,2510,19077,21495,20294,20506
5137,4596,13216,22230,18767,22564,29011
5138,1068,3482,26932,24753,30261,29081
5139,1662,436,15138,17469,15113,17496
5140,3428,14386,28020,22753,24154,23210
5141,350,11057,19692,20242,19787,20051
5142,4002,13206,26521,17496,20418,22935
5143,467,14561,27318,26114,23998,26728
5144,223,7077,15059,19065,25339,23510
5145,945,11876,28808,23726,20278,27262
5146,53,5028,28165,27732,29518,28762
5147,6585,5689,25252,16042,26192,20759
5148,473,752,24614,26362,21616,24963
5149,4635,10587,29271,23661,23215,26594
5150,921,11508,26782,24159,25460,24544
5151,655,6725,21692,21980,29300,17657
5152,3188,1096,26574,25315,17343,20553
5153,8,3480,24596,26574,27871,28916
5154,3146,1733,27829,23962,28432,28665
5155,1157,2227,23278,29064,28740,21152
5156,1,7321,30018,29999,30018,29930
5157,581,4390,17227,23700,19928,18728
5158,46,13706,24726,29056,18358,17901
5159,662,5936,24474,26027,26816,25519
5160,3086,2152,21727,21548,22351,15605
5161,1344,200,24919,21101,22149,23310
5162,440,13543,26625,28918,26539,14967
5163,29,4463,24158,28899,24953,23929
5164,116,10742,25657,24532,14971,24726
5165,173,2256,27577,28762,29518,26736
5166,7990,2324,15661,23451,18731,23353
5167,515,8902,24288,24061,24445,27973
5168,1072,8906,20437,27873,24169,24985
5169,227,5934,18035,19371,20477,17983
5170,478,11794,21372,23310,21101,23545
5171,2286,9920,15572,22502,16061,22035
5172,39,4543,17726,20522,19335,22971
5173,568,2412,25591,25427,23721,24192
5174,1501,61,29241,17270,22226,28796
5175,4378,5469,27348,30270,28969,29793
5176,4919,11030,27403,25933,25809,25640
5177,3117,11546,26107,26008,24703,27121
5178,3265,1822,23547,23310,21522,16418
5179,2548,10547,28562,26898,18767,24538
5180,1,11169,27830,25326,27830,28720
5181,311,3401,24346,24692,27130,26331
5182,880,4984,28615,27714,27732,27956
5183,6647,6261,22307,22226,16564,23661
5184,1158,14515,26284,25424,17668,16351
5185,2342,11116,25176,30270,29027,17469
5186,85,7827,15484,17638,30029,29991
5187,542,1758,15752,20672,23310,16904
5188,841,4186,25126,24063,28048,24800
5189,11,9032,22224,21101,22874,20146
5190,1205,1913,16439,23597,20543,17935
5191,710,14265,26233,26620,29023,27658
5192,68,7718,26243,30047,30131,22518
5193,792,7164,21081,21542,15729,23215
5194,10,14619,30323,16369,29793,23070
5195,99,10593,16301,23416,26133,23993
5196,71,10410,24974,26429,26008,25045
5197,3840,9738,28040,24400,27392,24447
5198,224,5837,28220,24203,23721,29490
5199,2638,14098,24914,27978,27705,25213
5200,1028,11532,19597,23545,18220,22538
5201,4782,7511,27746,30129,29793,24130
5202,2059,13264,25698,27239,25912,28888
5203,614,3844,22337,16458,21049,18959
5204,4146,2016,23959,24493,15592,24337
5205,5333,7481,22975,16387,16042,20294
5206,1273,14311,27384,30147,24590,22626
5207,154,14221,25625,23411,23213,21914
5208,839,4723,15179,24040,24554,19042
5209,6511,7904,21463,19124,22528,19189
5210,362,1014,18842,28547,27762,29778
5211,850,12568,24516,28240,27130,24810
5212,75,3287,22753,22958,22874,22161
5213,382,11491,15468,23310,23690,22538
5214,1364,10865,25133,27040,27658,24295
5215,659,3647,15222,29778,27762,29663
5216,475,12854,18681,17205,23310,21101
5217,741,10173,15753,22226,21775,18489
5218,4497,1993,25869,20759,17059,18855
5219,1129,364,24699,25617,20575,21781
5220,72,5159,22534,22616,15572,22633
5221,7893,7479,29712,20759,26965,29027
5222,9,13680,26192,24833,27774,27817
5223,6065,1778,28523,22518,23375,23425
5224,497,10233,17433,29964,26970,28815
5225,0,12807,28160,28160,25138,28894
5226,50,13184,24185,24678,30158,26375
5227,5,13692,27666,27431,28974,27064
5228,161,8868,29356,25725,17326,20280
5229,2268,12677,27781,23375,23487,19788
5230,543,14209,15142,19745,19399,29668
5231,347,12559,16343,19350,18012,17494
5232,3877,11835,20131,22226,23700,23566
5233,7532,12017,28277,28997,30039,30131
5234,6090,904,26020,22479,22874,26591
5235,81,6769,19496,21544,19251,21959
5236,3,13695,28226,23991,25863,26459
5237,51,12538,24385,15002,28220,26420
5238,316,6565,22348,22760,20861,23579
5239,67,7488,26626,28604,23872,27763
5240,5102,10668,26383,27500,25173,25093
5241,2549,3898,24129,28812,26897,25047
5242,2351,5557,16601,20635,18651,21470
5243,188,842,29987,30063,28060,30119
5244,279,10714,25968,26630,27943,23339
5245,1001,2443,27659,28177,15012,29080
5246,1069,4672,27800,29600,28916,22606
5247,163,6599,17761,21756,23413,20841
5248,1123,2137,24014,24575,29333,26192
5249,84,7632,18290,30031,18164,17579
5250,4738,1258,16128,23588,17253,17222
5251,532,9493,15724,17270,20759,16156
5252,319,1460,22050,20825,18991,15572
5253,0,5954,24389,24389,25839,24036
5254,4272,9766,27849,22226,19693,17688
5255,539,13307,25064,26871,26845,30010
5256,5728,1720,22815,23700,22682,22226
5257,4667,13944,21505,18220,23310,22226
5258,577,2331,20716,23674,22538,19804
5259,5,2255,21980,21821,23175,15592
5260,2622,10784,26874,29153,27153,27743
5261,5860,6425,20767,26816,19189,23208
5262,781,8206,16097,17494,22226,22996
5263,1462,9760,20278,26886,24349,27460
5264,2897,9114,26019,24156,24131,29595
5265,1774,2755,22244,16764,20597,19350
5266,6578,11129,27484,15969,23200,27322
5267,1725,13651,24409,26661,24586,24949
5268,3212,10040,20810,22861,21343,16764
5269,0,9728,25783,25783,28233,27928
5270,316,2522,25245,28773,26968,27121
5271,974,10043,29518,22753,22958,20373
5272,7182,12827,21252,29081,17469,26217
5273,265,14647,30293,20560,19399,22864
5274,4526,1861,30253,19077,16564,22843
5275,110,11077,20619,15572,23595,21101
5276,6653,8625,29748,29793,22518,19201
5277,7568,8796,20541,21914,23566,20093
5278,367,8049,27264,26636,26512,24949
5279,132,11353,27510,26491,28325,24402
5280,360,12834,27727,26119,26908,24061
5281,1724,528,22514,23576,22557,23366
5282,79,1642,27438,28939,30270,29344
5283,3149,11758,23192,21914,19120,17726
5284,126,14014,25451,26377,24703,26729
5285,27,13472,21510,19457,23678,16369
5286,3122,7603,18921,22554,19920,16750
5287,6555,4067,17925,23545,22858,23310
5288,181,3828,24046,23929,23921,23874
5289,5980,11462,27929,27739,28583,24445
5290,1930,11432,27797,26968,24536,24409
5291,1034,8254,15542,23310,22538,17205
5292,145,12665,24160,26500,28676,24192
5293,2422,3304,27447,26337,28399,24483
5294,22,201,17773,20522,22682,23700
5295,0,6459,23806,23806,24042,23929
5296,1,5659,22880,23133,22880,16119
5297,155,8960,26180,17270,28751,24060
5298,5284,10318,24084,22232,20543,21430
5299,1486,6360,26164,29123,24654,27376
5300,2708,12747,27085,19956,27251,28940
5301,51,2825,26732,22232,28273,26939
5302,313,10141,18166,18869,15367,22759
5303,911,10403,28351,15205,24268,28667
5304,544,244,24960,27249,26164,15038
5305,66,8885,19905,14977,21896,21325
5306,1529,14418,25278,29160,26303,29302
5307,3945,9750,29106,24280,26949,27271
5308,99,8050,27462,24018,28561,29681
5309,54,8191,26609,28125,27239,28888
5310,47,342,23054,22557,21694,22149
5311,0,10002,26541,26541,17561,28991
5312,674,11990,22549,23310,22538,17205
5313,249,63,16137,17227,22980,16402
5314,4076,11545,19749,20759,22142,22460
5315,5093,4869,28042,17469,23411,15304
5316,31,10578,20294,17928,15668,20522
5317,1211,2245,16385,24145,27043,20453
5318,488,7043,23253,19693,19422,22226
5319,1572,1382,23121,19513,23595,18220
5320,2586,10838,27467,26728,24042,25491
5321,73,11007,29087,25089,26050,26269
5322,4473,5692,25696,15012,26887,29134
5323,105,2997,30040,24193,30026,28322
5324,29,14804,25406,26142,24498,24642
5325,7121,824,27916,26847,21821,29881
5326,15,9178,28429,29110,26198,29361
5327,3474,2763,26285,29565,29746,30122
5328,10,12787,25191,29058,24508,26437
5329,1447,5,27112,23506,26337,28634
5330,21,6518,22934,19804,17205,15572
5331,1900,5059,22572,20765,23156,21754
5332,2,7308,14987,21948,23566,14987
5333,61,3321,26362,28297,25841,15127
5334,312,4526,28960,24151,26928,20724
5335,73,10903,24852,23730,27755,26968
5336,8,5499,22652,19857,26362,19551
5337,105,12318,25661,26518,24129,24046
5338,84,10747,24224,25661,24373,26646
5339,3302,6846,26768,17469,22368,29081
5340,2866,14549,26945,21682,17270,15641
5341,2074,7573,26673,27394,26008,27469
5342,7444,10273,27217,25721,24781,26527
5343,918,6064,25972,25245,28493,24131
5344,94,8559,20229,17983,21647,22280
5345,0,14371,26898,26898,24296,29000
5346,1756,5986,16835,23310,17205,19252
5347,6,10802,24140,29123,25727,24090
5348,872,4155,23175,28383,26825,27170
5349,253,3327,29594,27571,20759,19120
5350,0,1396,20277,20277,20759,15668
5351,104,3894,27806,28773,26968,27410
5352,395,4731,22181,22634,17983,19479
5353,3299,8193,16413,23532,23175,22753
5354,2325,6719,29292,22948,28379,28273
5355,2702,3859,21671,30209,16599,21768
5356,3135,14604,27616,23448,19771,25445
5357,224,1416,24212,23721,26858,29490
5358,1991,10351,23322,17181,23566,18767
5359,1,1420,17549,23040,17549,16511
5360,5192,3202,28484,18848,24097,24630
5361,0,10715,29996,29996,29995,30082
5362,136,12796,19500,19479,21775,21273
5363,4328,7528,30108,28060,25210,29120
5364,326,3589,30217,19974,23215,15827
5365,1994,7617,19042,23215,19077,17088
5366,1115,3173,29335,21943,22142,18693
5367,1206,5768,17954,21682,23237,23566
5368,4629,9767,22606,17650,18489,23545
5369,31,9634,30104,28970,29938,29535
5370,1823,8650,20417,22538,23310,18220
5371,2331,4381,30225,17928,22870,17517
5372,2882,10648,19822,21285,19616,15405
5373,50,14833,24282,28740,22307,14957
5374,481,1431,20047,15605,23175,18489
5375,315,321,29739,24615,29284,26077
5376,5677,161,30205,26797,19928,29012
5377,91,11618,26491,24608,28721,24115
5378,27,11369,25778,26430,23897,26246
5379,442,14439,24002,23919,25208,24947
5380,539,3906,16904,23661,23700,22874
5381,2488,11460,19877,26897,26594,22232
5382,2089,6130,29174,19909,29091,29792
5383,8655,6873,22188,30247,22554,16944
5384,4645,6081,25154,26746,23791,24696
5385,1,3566,17998,28784,17998,15668
5386,1499,13879,29502,29873,29632,19201
5387,6457,3529,25391,28762,26736,30217
5388,3150,7014,28218,27731,25835,25761
5389,64,1746,14973,25980,27973,24418
5390,361,11132,25383,25491,28551,24579
5391,353,9689,24259,24418,27722,24884
5392,2781,3649,25999,28762,27506,20280
5393,4138,5772,29563,17469,22606,23300
5394,5735,9460,28367,14977,17834,19436
5395,114,4557,30131,30099,29999,25917
5396,6015,8827,26720,21510,29635,22864
5397,3841,4213,23368,21022,18776,22149
5398,3616,3313,15327,17270,16564,18270
5399,118,14626,27893,27187,27088,29285
5400,194,6385,23027,17935,23566,20191
5401,1040,2405,18615,18948,22634,17697
5402,1961,5779,22662,22064,19251,22464
5403,1942,9769,27902,25203,29879,19172
5404,4612,10816,24621,27088,26826,23807
5405,272,7996,17783,15395,16023,21180
5406,178,12941,29560,30270,17469,16347
5407,102,3494,24708,24090,24445,29082
5408,1471,11063,28268,27898,28890,29437
5409,13,9698,24172,27110,24345,27267
5410,1337,1677,17222,18220,22538,22226
5411,1293,8849,21197,21914,22864,17059
5412,417,1745,27007,30047,30019,30106
5413,4544,10121,22400,25315,18137,21980
5414,1549,7908,26145,29027,27928,28528
5415,1848,8346,23886,24102,29121,26512
5416,367,2178,19526,19768,23500,19172
5417,1049,3080,19340,20672,19252,19768
5418,5953,7618,15221,18855,23457,16183
5419,1355,7439,18322,23597,17983,22373
5420,679,10699,24578,27042,27782,25961
5421,352,1350,28441,25646,29459,20759
5422,1136,1184,18658,18220,21775,22634
5423,4704,6968,19871,23215,18316,22698
5424,4299,7844,26173,22626,18855,20759
5425,731,8404,24203,25406,28728,25450
5426,959,8915,29327,23294,18415,26770
5427,1219,3634,23021,22226,23175,18012
5428,1125,6245,15940,29252,19700,22226
5429,635,4797,16915,16042,20522,23700
5430,1848,8309,16106,22973,20240,28484
5431,3088,10902,23425,22226,18489,22870
5432,1868,7968,28908,26861,26019,29411
5433,428,8030,17679,22874,18220,17076
5434,232,7052,24869,28740,24352,25440
5435,2,5476,18468,19626,17226,18468
5436,31,9716,21054,18220,23595,23545
5437,2839,2151,16000,29778,29680,22609
5438,2,1134,27049,27454,20724,27049
5439,4073,1603,26046,22149,29141,27116
5440,4458,5348,26396,29793,24026,27571
5441,72,7649,28068,29793,29027,28916
5442,2006,3102,29506,16005,21694,22149
5443,2192,9083,17603,21775,23545,19595
5444,353,11791,24666,26897,25341,29134
5445,108,4271,29800,29801,29787,29814
5446,742,809,26611,24782,23730,25647
5447,2778,11722,16087,21145,22226,21743
5448,3,12633,25485,27910,27303,25974
5449,1379,8200,25194,26636,19042,22659
5450,404,12521,28411,27110,28583,25695
5451,355,7347,18524,16764,23175,22226
5452,609,12383,23480,22538,23310,18220
5453,818,9088,17415,22232,22874,21425
5454,0,10774,18742,18742,20494,22874
5455,2942,10147,27709,28916,28969,27871
5456,620,2938,19431,18489,23175,14982
5457,1491,8795,18479,22423,16764,23175
5458,212,9924,28047,16764,29141,21694
5459,94,1050,29526,28577,28152,26358
5460,267,6767,28811,26968,23238,28884
5461,6673,8530,25332,21495,23670,22224
5462,0,4507,27658,27658,27474,28548
5463,3913,9592,29655,17870,29881,18035
5464,4330,6848,17445,18855,21725,23215
5465,972,4008,18325,18948,22226,22538
5466,349,7554,17548,18220,22184,19768
5467,61,7245,16745,23175,16764,18591
5468,138,10625,23848,25453,27105,24144
5469,7107,12357,26667,23375,17469,15650
5470,4815,8767,15119,17469,16059,16183
5471,472,7452,14976,15016,26327,24459
5472,1806,5143,28839,24906,23215,28367
5473,77,5664,17278,17983,22634,15572
5474,803,10453,24247,22122,22226,29521
5475,3156,190,15386,14975,25027,27241
5476,7125,168,29269,29300,24208,28273
5477,2595,4101,17014,21980,23175,16764
5478,262,6180,16752,21652,23457,20759
5479,117,13904,22535,21933,22514,22528
5480,23,14181,26245,24209,24143,26381
5481,10,4128,29407,29300,25569,28473
5482,236,13295,26100,26568,26490,24217
5483,127,7156,24418,25968,25616,28894
5484,147,6514,30252,23237,21682,17928
5485,4808,6943,20234,23215,22698,21725
5486,30,14172,25172,27056,26327,25240
5487,2410,10608,28232,25978,26008,28293
5488,1735,10386,24392,20553,26546,29141
5489,678,14488,27970,27454,28728,26929
5490,861,3520,21531,16764,23175,22090
5491,3143,8962,26725,19113,22184,20306
5492,1648,5797,17128,23310,22538,16582
5493,1805,10677,20087,21980,16764,23175
5494,5281,9565,25148,29380,24829,25372
5495,1118,11547,26650,27223,20128,30270
5496,1351,9579,20171,20553,22860,18984
5497,5981,837,18288,17205,23310,17686
5498,1379,14744,24371,30120,30286,30131
5499,254,3439,15276,23310,23545,22538
5500,2612,9524,25019,23910,28392,29029
5501,12,13054,25948,26021,28091,15173
5502,653,1782,27345,29141,22149,19479
5503,454,12056,27985,30005,30042,30047
5504,5944,3107,25974,19804,17205,15803
5505,3572,2011,16566,17935,23597,17205
5506,1323,3804,15626,29778,27762,22609
5507,2,12810,28193,29944,26561,28193
5508,1236,5452,29224,25758,28919,30217
5509,523,8059,25670,28574,29361,25908
5510,634,8568,27576,21816,17935,20553
5511,1096,6548,25629,15049,23803,15077
5512,2,14416,26947,23945,15073,26947
5513,2520,7333,28516,29027,30247,23375
5514,2375,13032,28339,24081,24130,26853
5515,1132,3069,28671,22518,29793,30270
5516,2608,1907,17960,17921,20522,16042
5517,38,1409,24859,24611,30270,26765
5518,2372,6545,19251,17928,25758,28550
5519,100,1878,29978,29952,26922,29549
5520,118,444,26089,23984,24130,26544
5521,3406,14645,27569,15695,28985,22962
5522,13,6373,21988,19120,17928,15668
5523,124,5728,26999,22971,22948,23661
5524,4166,4075,19737,18695,22423,23175
5525,33,8971,25199,26341,16123,26174
5526,1002,10087,29648,29271,30013,25690
5527,4983,14729,29666,24459,28739,14957
5528,2100,1453,22145,22226,21101,19693
5529,351,9907,19851,30118,17549,16857
5530,1562,7797,30246,17962,21791,22505
5531,134,13766,24019,30270,30323,27589
5532,2757,2582,27065,20759,28250,29146
5533,683,2064,27033,26419,27690,29713
5534,2051,13603,24941,22485,24383,26088
5535,31,5163,15647,28773,28411,24288
5536,823,9878,28686,17954,17797,14993
5537,1842,14872,29164,27185,30323,29853
5538,856,3413,25531,26063,24072,26647
5539,249,7885,27240,28171,27625,24948
5540,444,10605,23744,27460,28493,24245
5541,317,4482,23618,17371,16421,30215
5542,182,705,27639,24750,25300,24552
5543,906,14173,28045,28320,27805,24508
5544,274,8601,23736,25847,24505,24940
5545,241,13446,25564,25216,25576,24629
5546,693,8362,15650,19201,21152,15297
5547,2586,13117,24314,23400,23143,19920
5548,37,10739,19154,23670,22226,20146
5549,108,14190,24433,25852,27837,25929
5550,9,5527,24627,25372,26926,26686
5551,1531,1076,24065,22313,15009,29134
5552,612,8139,19350,23518,23057,22226
5553,3278,10636,27721,29314,28383,28368
5554,0,10860,26547,26547,28049,24015
5555,151,12121,21107,14960,23339,29051
5556,895,2829,21090,15605,18767,19138
5557,73,891,24948,27608,26240,14977
5558,5160,1065,25877,28919,23700,26599
5559,548,2441,20070,22001,23057,27647
5560,7116,14760,27657,22226,19693,20514
5561,8082,4935,16205,28383,21914,17517
5562,780,1127,19537,19113,23310,20108
5563,1628,9846,20614,21816,23566,23175
5564,236,2232,17740,21343,23175,16764
5565,1387,14120,24592,24500,27788,28140
5566,69,4070,20855,22133,23340,22606
5567,0,6516,30321,30321,21325,21896
5568,20,8391,22837,21022,18776,16764
5569,940,9662,25717,27960,25781,20553
5570,1547,11849,17534,14977,24373,24928
5571,4754,4752,22673,15012,23653,21206
5572,2657,13223,20829,22226,22874,17339
5573,1908,12161,28041,26217,24076,29793
5574,88,7585,26459,24209,25338,27121
5575,94,11841,27514,29947,26814,29974
5576,219,6701,26569,27384,26551,29555
5577,77,8669,28029,29944,30099,29991
5578,1301,11815,25330,26815,27409,23215
5579,2020,3509,22329,18505,17376,16987
5580,3171,3847,24843,28451,24418,29203
5581,4158,1851,16462,23566,20553,17935
5582,1737,9490,29092,29516,16292,17270
5583,248,12183,28016,18855,29284,21725
5584,24,10495,26964,26908,24061,28417
5585,3293,3539,16613,18220,22538,23310
5586,3279,3971,17136,22226,23057,22149
5587,3032,11096,15209,17871,29161,28096
5588,7,11925,21248,17205,23310,22437
5589,6087,9879,29637,28784,23963,28204
5590,6274,13064,23871,25526,27004,17339
5591,3008,14276,24811,20213,25478,26073
5592,503,5883,29137,22373,22495,20904
5593,0,86,20651,20651,19058,23301
5594,3917,7746,19003,17205,21101,22232
5595,2897,8701,15987,21261,17496,30228
5596,3966,5525,22388,23457,22606,22528
5597,1364,8291,21655,16764,17630,20597
5598,996,6776,24527,30006,25450,24013
5599,42,4388,22382,21495,20240,20249
5600,44,12739,26578,27724,25140,24815
5601,3083,8979,27022,30063,27905,29957
5602,2915,4817,15225,19065,23294,17469
5603,478,4129,19173,20553,22763,23175
5604,255,9577,25590,27469,26331,24605
5605,1737,2429,22524,22090,21101,22226
5606,1195,909,30350,23175,22423,20240
5607,109,3780,23782,27130,24781,28453
5608,0,12029,26360,26360,29970,30097
5609,527,8791,15702,19901,21980,19519
5610,124,12424,24658,28087,15638,27068
5611,3072,942,24803,15139,21816,29370
5612,56,13394,24153,27051,26813,27285
5613,7765,2570,15090,16156,15447,21914
5614,2396,2494,20119,21775,17733,17227
5615,4281,208,16104,22634,23670,22677
5616,4,10143,25462,25403,14967,25513
5617,92,5969,17887,23175,20506,21310
5618,1739,12095,23495,22226,23700,18948
5619,859,4137,26539,24422,24441,28086
5620,213,7069,27588,23700,28673,15641
5621,1003,14650,26893,22786,21386,22041
5622,1516,4260,27421,28916,16042,26574
5623,2448,11956,25544,29141,21164,20927
5624,1526,5267,19433,22024,22368,20635
5625,16,7966,16088,19252,18220,23310
5626,1235,8531,26566,28367,26999,23878
5627,2967,6553,26210,25363,25047,26930
5628,2508,7739,17675,20108,19804,19678
5629,763,8805,28164,16688,20635,29729
5630,134,11906,19451,18220,23545,22226
5631,497,7228,28673,28294,23758,15139
5632,3968,5676,22749,15447,22528,21914
5633,597,10870,27728,24422,24441,15038
5634,133,12851,28545,24368,26908,27608
5635,1955,12401,28763,30078,30102,28682
5636,25,13234,29808,21152,29673,28034
5637,152,3796,23874,15087,23818,27643
5638,297,7487,29962,30099,28495,28228
5639,61,10342,25088,24384,25046,26200
5640,98,7169,23897,26280,24956,15016
5641,35,12309,28541,25693,24131,28313
5642,3970,5126,29737,22859,17050,29734
5643,3235,3252,30140,23968,23949,29623
5644,2604,13030,25192,30073,22100,26056
5645,237,7061,22467,22149,23175,21022
5646,719,2426,23693,21325,20132,23700
5647,111,757,29372,29942,30117,30031
5648,6712,5374,16358,16043,16418,19869
5649,558,7372,28436,20759,28577,27166
5650,8,5471,22351,28462,22860,29545
5651,64,5223,16750,20820,21914,17726
5652,128,13248,25135,29983,30026,30005
5653,1708,1459,30237,18853,21764,19525
5654,422,3797,24835,27353,26107,23780
5655,1594,6207,18678,23175,18591,19661
5656,112,5622,27499,25120,24090,28453
5657,2461,1310,21443,21682,23514,20522
5658,145,8345,25283,24536,24409,27473
5659,231,4158,16876,16764,22753,18591
5660,752,3943,22333,17205,15572,19804
5661,2139,8565,21944,22682,23700,15641
5662,5,7037,24370,27030,24328,24989
5663,1885,3555,16229,15748,18270,22971
5664,2077,4160,20507,18959,16005,16764
5665,729,2707,17074,22232,17630,23700
5666,862,6142,27341,26210,24147,26429
5667,1249,3370,23626,23310,19252,20610
5668,1072,9635,21236,21960,19201,20759
5669,1194,13840,27602,25566,24501,27516
5670,1522,5281,23737,29778,21950,27239
5671,127,6243,30033,30063,24149,24691
5672,15,4685,17555,24720,24130,15038
5673,3858,4040,29703,19928,28925,23700
5674,879,2685,27810,28974,24471,29819
5675,1076,7268,17121,17076,19513,22829
5676,1477,2177,20626,17983,18220,21804
5677,3167,4378,26872,16367,29881,18889
5678,5227,9343,28657,22980,25203,25943
5679,6348,7864,20688,25646,19120,20152
5680,14,9097,24147,28773,26968,24508
5681,4,5977,27469,14977,26331,25173
5682,864,224,29523,25734,26331,24130
5683,2,12000,26512,25294,29008,26512
5684,4362,3337,28991,14977,24130,28212
5685,1369,12419,22730,22226,18220,22538
5686,2585,5428,29235,29698,29334,30063
5687,3525,7662,26120,21980,19901,21276
5688,1482,12617,20957,15517,15803,18035
5689,128,3874,15552,21343,17630,15572
5690,6,3389,17614,23597,20146,22677
5691,3804,2106,26517,29027,30270,29793
5692,3350,2571,25667,29231,28468,28925
5693,5106,3714,26994,28151,24608,25030
5694,0,4193,25841,25841,15127,28297
5695,1860,13491,25672,22518,28762,24691
5696,81,14198,29635,26851,29793,29681
5697,4774,9938,29758,18220,23545,22538
5698,5414,12328,25184,23175,29027,29344
5699,5104,137,28260,29023,22841,25047
5700,4180,3751,30344,18848,24561,26441
5701,312,6713,21123,16119,29685,20024
5702,4126,5488,21815,17935,29328,21816
5703,66,3116,15326,27789,28604,25121
5704,652,5091,28455,29108,18767,28722
5705,8003,13038,26717,27451,25819,23256
5706,1899,11330,26889,23200,19322,26202
5707,296,5287,19554,21506,22874,29300
5708,598,3661,20035,19734,20477,21878
5709,254,5650,24286,24445,26527,24973
5710,28,14755,27135,29479,25483,24677
5711,133,12730,28807,24986,27171,24280
5712,1272,699,15652,21694,20975,19716
5713,294,2879,17205,21725,22177,27156
5714,4957,2697,18370,28919,27779,26662
5715,6642,269,15061,19399,23294,19065
5716,840,5134,18460,17928,22698,18270
5717,90,6606,25624,30055,29970,30115
5718,1544,7365,22340,22874,17076,23545
5719,238,9696,26062,24091,25404,27670
5720,829,2555,15228,22602,22728,19788
5721,4,1738,19378,21670,16660,15442
5722,515,11882,28925,17630,23215,29518
5723,78,5425,23344,22650,15381,20093
5724,282,13354,18668,21101,22226,21899
5725,8177,12656,28006,22518,25781,17580
5726,0,35,15080,15080,19457,17631
5727,53,11514,23010,21775,21703,20827
5728,135,10737,26395,25513,26726,25212
5729,6433,1737,27688,29224,23357,25943
5730,5311,9720,26488,19436,23465,18677
5731,5554,11352,16438,23310,21054,22999
5732,0,11680,24724,24724,24090,25727
5733,1491,7712,25118,24016,26729,26008
5734,279,3010,20352,17205,23310,18220
5735,2529,12486,24632,17322,30026,23375
5736,97,8986,16846,23545,21101,23120
5737,1741,12786,27864,14957,26555,27226
5738,42,3379,28152,28846,28258,30293
5739,251,6696,16183,15116,16944,20745
5740,1466,14140,25082,26637,24090,25081
5741,278,5090,20019,19113,23597,17494
5742,45,14210,25300,24925,27129,14978
5743,0,12984,15982,15982,22958,17076
5744,6729,14263,27892,29644,20260,29649
5745,124,12339,26402,27860,25839,25081
5746,51,10059,28502,28773,23796,25404
5747,660,535,16955,20759,19201,18855
5748,4250,11643,19604,22538,23310,30183
5749,527,7570,28940,19399,29793,17469
5750,7564,2671,26783,24940,26975,24500
5751,221,8807,18727,23310,20212,18813
5752,28,1441,23353,21914,20759,18855
5753,4,10855,27423,30053,30001,30070
5754,278,3729,25697,25372,24209,26926
5755,3,9539,27451,17076,22232,21101
5756,436,3876,28938,30085,17469,30270
5757,2236,7009,19962,19745,19399,20560
5758,44,6829,23301,29350,20228,18025
5759,71,4071,19739,23310,19252,20108
5760,2564,9409,25637,29031,25217,26908
5761,45,2297,22679,22226,17983,17371
5762,352,3911,17597,22874,22232,21006
5763,5,13156,26461,29729,28876,28995
5764,40,12451,16523,19472,17630,20303
5765,19,3198,24018,25088,23803,26296
5766,851,7121,29465,25203,16001,21735
5767,711,1862,18853,16764,21022,23175
5768,6119,13781,30215,29793,19525,21220
5769,2195,3142,16338,17686,21101,23545
5770,9,10701,28816,24963,26362,15127
5771,4125,7581,18053,21960,19399,20560
5772,419,92,18091,23545,18220,23310
5773,612,383,27331,29108,28468,29231
5774,4,6389,15047,15196,27248,23510
5775,2028,10039,18794,21816,20553,28971
5776,16,1577,18972,23661,22971,21694
5777,1683,12613,29256,19251,22232,17088
5778,2392,946,28796,29027,26965,30270
5779,1856,1491,21304,22232,22226,23661
5780,4124,7063,23910,28707,20728,28791
5781,2,11918,24311,28417,24260,24311
5782,10,3966,27547,22149,22639,20152
5783,506,5181,29338,22226,21821,22199
5784,6088,8918,19741,22035,29568,19124
5785,2901,4323,27725,29585,24619,15605
5786,1082,3553,24702,24834,24445,27035
5787,3202,2159,21213,21101,19513,18228
5788,31,4336,24331,24192,26835,24500
5789,3354,12476,15171,29749,18895,18855
5790,278,10301,28187,23310,24334,22538
5791,2708,354,20390,18776,17615,21022
5792,67,13591,29898,22807,16111,23793
5793,1107,9378,29080,15127,28025,24557
5794,683,14443,24840,19920,19525,16042
5795,1022,9074,26644,17469,16347,27822
5796,672,11863,25682,14967,26008,24873
5797,7279,11289,17829,29389,17834,27214
5798,2009,2932,28543,29793,20560,30120
5799,5478,9470,24285,28991,25047,23754
5800,4584,1980,15430,19774,20759,19788
5801,3423,12599,27422,22606,16183,19124
5802,5421,14037,27029,24822,26982,25148
5803,124,6116,28511,25699,16059,15166
5804,7541,1330,20580,21914,22962,22606
5805,651,7039,15370,21101,23545,22149
5806,2298,4659,17884,25725,16042,21986
5807,77,2044,23816,14977,24601,26590
5808,6166,13842,30353,19692,23310,22866
5809,2012,3628,15554,19479,20494,21145
5810,600,10548,26683,29568,26628,25120
5811,134,6272,29045,26165,20759,27958
5812,0,10705,15214,15214,25403,25120
5813,59,658,23789,28049,23929,27504
5814,1287,10615,19477,22021,20522,22682
5815,717,688,24848,25704,27267,24581
5816,127,574,17655,15923,20825,16853
5817,985,13486,19864,18948,18035,23310
5818,2627,8681,16431,21775,18220,23545
5819,5584,10726,20500,18968,21775,28732
5820,0,7704,17748,17748,26897,19179
5821,494,4705,18100,23700,19077,23316
5822,360,11972,18699,15019,26641,24219
5823,20,6140,28739,21914,28314,29600
5824,1114,5057,25435,23299,26725,15515
5825,2023,9870,22861,22373,17469,23657
5826,1876,3702,23827,22634,19869,21804
5827,4389,1922,25953,23984,28462,24608
5828,26,5845,27461,28049,27110,25519
5829,1256,5899,15343,15675,23621,20861
5830,7,14004,25712,27157,25502,26929
5831,1855,807,16926,23566,16210,22373
5832,3729,11249,29658,28095,26851,25680
5833,1162,6482,21713,15552,17842,20093
5834,11,9813,25358,28899,25962,26248
5835,4918,8335,18746,17050,20548,23215
5836,4335,13845,27976,27207,25245,24253
5837,488,4617,20647,20820,21914,22142
5838,1182,8322,19143,23700,22232,22948
5839,334,7723,20030,19350,18012,23566
5840,1953,4555,25853,20759,19042,22708
5841,2997,7010,19594,18220,17748,20728
5842,51,11475,26903,25721,24094,25125
5843,830,7137,18815,23670,22362,23579
5844,1674,12539,25639,20452,26695,20800
5845,23,4208,27146,22226,26887,22149
5846,433,13356,21903,21682,21310,19928
5847,295,14422,27913,23487,18529,19745
5848,0,7131,25760,25760,25973,15077
5849,3293,11256,27478,23452,21816,20019
5850,724,8012,16341,22948,23310,21775
5851,1398,9240,22734,21980,19928,23584
5852,5519,2034,28595,24753,24940,24554
5853,18,7595,29793,18968,21486,26956
5854,65,12692,28552,14969,24422,24923
5855,2111,6377,15095,21458,19042,17879
5856,30,646,18802,17129,17127,15009
5857,366,3537,29556,29600,28651,22606
5858,583,2020,26605,26471,20759,26851
5859,329,6231,17348,28971,25315,27547
5860,213,12703,26628,28394,26280,27105
5861,512,11668,19599,17494,19350,22226
5862,8705,3790,20125,19399,22554,22368
5863,7225,6230,15174,22451,18728,17630
5864,2431,5508,15632,22226,17494,20899
5865,419,5956,22321,20477,23175,21343
5866,23,4049,21367,22297,20270,22382
5867,2610,14057,29853,15695,24866,28240
5868,4911,9992,23954,16764,29224,19719
5869,1024,6209,26273,28200,23788,30242
5870,16,12109,28449,23211,27853,25927
5871,4079,5288,24192,27498,26199,17953
5872,95,13715,16394,22226,16778,18948
5873,1221,5044,20961,23457,21073,19056
5874,475,11454,26684,27608,26008,24703
5875,6844,14889,27301,23310,22538,18220
5876,8,8034,20480,23597,18220,19804
5877,1142,12441,29622,23791,29074,19065
5878,571,13246,29513,29499,27960,29027
5879,218,4159,27336,14989,14965,29123
5880,2828,4102,27356,22226,29084,23190
5881,1895,3504,20894,22411,28333,23156
5882,5527,9324,24264,28651,27214,28939
5883,2248,14801,23933,29928,29929,18968
5884,15,1700,29983,29946,24340,30028
5885,2720,12182,21982,18012,23566,22373
5886,900,6465,18669,18220,23545,19693
5887,2,8028,18578,23169,15381,18578
5888,0,6784,27744,27744,16042,27459
5889,3882,11371,15184,22518,17469,20128
5890,730,9572,19829,22634,15969,23310
5891,0,2890,26797,26797,28711,27434
5892,324,3047,22479,22226,18489,18948
5893,3682,8332,19404,18489,18948,23595
5894,6,5878,20654,20934,21818,22411
5895,3623,5978,18106,22226,18860,22232
5896,479,13935,24536,26568,26816,25187
5897,1978,8634,17142,23358,21899,22218
5898,1302,13832,26621,21568,28006,21252
5899,5408,14525,30238,22554,20560,30340
5900,174,6541,24461,26327,24199,27613
5901,209,9024,20597,17494,21022,22149
5902,0,10834,24180,24180,24479,25173
5903,4404,5590,29458,18220,19804,23310
5904,251,13470,26353,28782,26008,27474
5905,24,413,29141,29195,18220,23192
5906,979,693,15668,23670,15675,21067
5907,24,4270,24199,24353,26232,28171
5908,2085,14282,29595,24331,25626,29352
5909,356,4125,22896,20927,22679,17983
5910,752,177,24624,27473,23730,15166
5911,7198,1010,15150,20759,15037,20418
5912,0,6715,23114,23114,27159,22303
5913,49,12836,28678,19708,25774,26160
5914,148,12230,26990,28393,14955,28982
5915,4811,10972,26922,30075,29937,27312
5916,321,3111,20845,23088,22149,19901
5917,3335,4085,16945,19928,16564,20687
5918,333,3207,28802,29224,20276,29023
5919,6980,10971,25279,23243,26594,27451
5920,59,5694,24946,21816,19189,21914
5921,369,7740,22615,15492,24726,27570
5922,2858,5005,19057,22373,23670,22677
5923,643,10674,16491,23215,20890,22971
5924,541,3294,18139,20890,23707,29027
5925,2762,3852,19987,22698,20759,22518
5926,34,348,23765,27943,24259,28160
5927,1609,6413,21355,23661,22232,15009
5928,91,2123,14956,23597,23293,22226
5929,70,6568,19588,23545,18220,23310
5930,11,8418,28101,29793,24435,27697
5931,5132,10346,24595,28604,29001,28665
5932,1221,7154,26297,28367,28409,26897
5933,217,1447,28004,15605,23175,28031
5934,319,1062,24564,23375,29778,29793
5935,736,5935,28352,24352,27537,24130
5936,448,9819,28801,29632,29637,28056
5937,205,11572,27740,26231,28022,26575
5938,1075,5215,21115,24288,23416,18350
5939,8315,80,27200,16042,17469,15552
5940,1386,11993,23471,18014,20833,20597
5941,11,10991,16810,23071,22440,22026
5942,349,10523,24719,26304,27822,27058
5943,3782,9531,24420,27121,24352,24402
5944,409,4325,26580,29027,29344,30270
5945,278,5549,15834,17076,23310,23027
5946,1,694,22758,22449,22758,18948
5947,22,3415,27526,29518,29397,27732
5948,710,12019,26799,27469,28782,26331
5949,3,2961,15718,22149,17494,23524
5950,479,8534,27465,15381,20297,27291
5951,3,12127,15851,19542,23700,22231
5952,1943,5209,15210,26519,30072,27813
5953,561,876,22943,23566,23215,20904
5954,538,7234,21006,23597,15572,18220
5955,1088,5043,27935,23758,28273,22520
5956,2917,14458,30316,30310,21719,20666
5957,2385,1174,16072,21816,20553,23077
5958,1677,751,28745,26799,14977,24953
5959,113,8055,25583,25096,25217,26615
5960,59,6702,24741,26327,24352,26008
5961,834,4701,19324,22226,20545,19693
5962,370,8334,26338,25750,24402,24024
5963,1356,6536,19834,19479,18220,22538
5964,83,10364,25319,28574,28551,25483
5965,2195,6044,29230,27469,25348,25460
5966,558,2207,24304,24691,22698,21725
5967,892,6535,22945,23310,22538,17205
5968,425,12032,24734,29668,23070,30072
5969,4090,8420,20069,29761,16754,29328
5970,3824,2717,25327,27095,18717,20745
5971,3066,4342,15978,19077,22843,21495
5972,2410,7998,29350,15552,29027,19042
5973,1830,5465,30208,17086,20514,19928
5974,7228,6922,24484,25185,24962,26846
5975,5033,7240,27715,22538,23047,18398
5976,103,6221,24631,28529,28916,25030
5977,875,6329,17793,28380,24020,28248
5978,1276,12574,24786,28676,28327,24503
5979,1478,3465,22668,23657,20543,23705
5980,1310,4699,15804,21694,16764,20477
5981,16,440,29084,26102,17953,28715
5982,1,3720,20104,19274,20104,18014
5983,1420,819,25106,22879,17129,16257
5984,1330,11191,20316,29300,22233,20079
5985,905,5949,15089,16750,24554,19042
5986,5,2688,25056,26150,24605,23834
5987,13,957,16101,23088,22149,18591
5988,223,12616,28127,25649,25968,24479
5989,1363,2896,15338,22373,16623,22280
5990,1614,6572,21998,18220,22758,23243
5991,1408,8707,17103,22226,23483,16210
5992,697,6915,25971,29793,23340,21652
5993,7697,1442,19061,21960,16750,19065
5994,1265,13406,26787,17322,27890,23797
5995,1749,11604,23402,23310,15325,17205
5996,485,11218,28075,26192,19399,19188
5997,2002,11233,15669,29291,26829,28527
5998,367,13774,17561,18220,23597,19804
5999,1023,10783,23530,22538,18220,23310
6000,1102,2189,28415,17469,23375,27288
6001,175,12602,25603,24500,24762,22618
6002,1449,10480,29293,29380,24131,25372
6003,3215,1775,23707,22634,22874,23670
6004,5,239,26575,14977,25404,27121
6005,304,7722,21926,17935,17101,17205
6006,7586,12431,24186,24586,26364,26377
6007,294,4531,23991,24445,25190,29380
6008,281,13553,24257,26926,24209,24139
6009,12,10700,28770,15393,24459,26577
6010,536,14589,19201,22948,21725,18968
6011,1717,5002,28468,17205,23472,21926
6012,76,6119,19963,20477,21694,22538
6013,1777,11312,21765,21453,22226,27371
6014,5281,11899,26015,24261,27807,25357
6015,144,6155,22682,28177,21775,26897
6016,2203,10421,21554,22149,22226,17615
6017,1211,4411,27223,27615,29300,28177
6018,47,7316,23853,29523,25031,29484
6019,350,10212,24210,24004,27119,26150
6020,114,975,28010,29314,19676,17998
6021,4100,5437,15405,22682,17935,21873
6022,278,9786,23786,24605,27469,26718
6023,5509,6047,22584,23310,19804,22538
6024,221,14230,23894,25328,28121,27441
6025,5200,6303,21499,22874,17694,21067
6026,1851,12443,26998,29370,24905,25852
6027,1388,11297,23931,26125,27728,26389
6028,3053,4821,23729,27448,15175,24753
6029,0,4738,20424,20424,20477,21022
6030,55,2797,21544,23310,18220,23545
6031,3715,3592,16833,22373,21725,16042
6032,509,12344,24890,25727,24402,24833
6033,210,7150,20228,22313,15515,17630
6034,4537,11561,23300,16418,28673,20167
6035,658,14366,26988,29793,25171,15025
6036,861,2133,17568,19701,20924,22149
6037,185,8977,17759,29600,22606,23143
6038,579,13698,26238,24064,28453,26729
6039,1408,10182,24308,25709,25491,29123
6040,87,5204,25710,24144,27236,23824
6041,276,7079,26267,24437,25319,26547
6042,4009,2963,30334,21694,22495,18780
6043,1102,6175,26304,22698,28368,26868
6044,5567,5096,20616,22373,15675,22870
6045,233,8641,26584,15643,23806,25156
6046,256,14484,23731,26801,28782,25882
6047,7,5629,24482,24557,28119,18927
6048,410,3998,25988,21597,18457,22804
6049,577,5639,23016,21914,21213,17928
6050,3208,12474,19136,21101,22874,24053
6051,1141,3583,27999,29518,27167,29255
6052,3846,2341,18517,23545,18220,21101
6053,498,9561,29326,23597,20249,23661
6054,662,10898,15465,20553,20597,22763
6055,1317,11064,15087,23300,23465,29793
6056,2622,13509,15762,29146,15627,21725
6057,3551,13645,29836,24504,27103,26835
6058,338,1710,16266,17469,15650,15244
6059,16,3785,14974,19069,26490,24288
6060,39,4941,22658,15668,21943,17928
6061,6448,6285,18574,27392,23024,20522
6062,249,3168,27405,22734,19676,19077
6063,1144,10272,27813,30002,29983,30026
6064,127,6562,28711,26797,21486,25758
6065,98,1013,15255,24891,28332,25546
6066,1469,1676,15741,22874,16485,23584
6067,1242,7836,26476,27239,28212,24192
6068,1459,14148,27612,27517,24418,25709
6069,216,8157,24127,27625,26280,28171
6070,3284,1472,24318,29027,22554,27822
6071,0,8062,26641,26641,18855,19788
6072,896,12735,26997,24130,24718,25803
6073,1843,6495,24984,16042,16210,18968
6074,101,1090,25576,27613,26008,26327
6075,6757,2198,19655,20759,22518,21386
6076,680,13883,27225,27187,28352,27026
6077,21,7519,23416,25096,24046,24288
6078,1,6801,27560,24696,27560,23797
6079,1512,8248,23419,22502,23566,21152
6080,17,12341,24586,27156,26327,27228
6081,0,11041,27793,27793,18860,28273
6082,56,4140,20449,19281,23700,23566
6083,37,5895,23155,23215,22870,23166
6084,503,12038,19004,21101,22226,18220
6085,149,11870,16818,17205,23472,15759
6086,8171,10220,15436,17604,28511,24435
6087,206,3842,26807,22874,24053,29382
6088,254,3167,29254,29300,28367,23588
6089,221,374,19788,18286,22514,17820
6090,3597,9270,23875,22149,29543,29141
6091,3204,3937,15175,17082,19479,27204
6092,3089,9664,24944,29027,22368,27459
6093,35,4291,24387,25094,25882,24594
6094,253,9010,26642,29685,16299,29683
6095,400,5791,15539,22149,19350,23175
6096,919,13015,24583,28201,15020,27818
6097,546,9482,28018,19120,24691,21943
6098,346,1622,17395,21289,22232,18472
6099,1973,12086,23187,23545,22020,20664
6100,6570,14415,25851,21397,23375,16299
6101,580,10849,28804,14977,16042,29287
6102,80,3362,18929,30031,29942,27355
6103,5422,9060,19124,17076,22874,23027
6104,812,5780,26057,17631,27571,22373
6105,416,2812,23872,25177,25988,26620
6106,342,13622,21479,22633,22072,22534
6107,79,8593,23725,26961,20388,23866
6108,556,881,16653,23175,22226,16187
6109,333,6850,20739,19350,18012,22149
6110,790,8760,25050,25697,27817,26568
6111,1322,14746,28140,26583,27246,30163
6112,0,8260,28740,28740,21928,26458
6113,161,8323,30037,30026,25612,28228
6114,1262,14603,27745,27454,24848,28352
6115,5961,9312,28781,29793,19201,30112
6116,6655,13239,29307,21477,18521,18028
6117,28,11943,25085,18292,27125,29475
6118,385,9106,28109,28177,23821,25047
6119,0,13154,26420,26420,30155,26401
6120,24,11912,28878,24498,27244,28393
6121,0,4367,15992,15992,21781,15668
6122,3845,9488,29895,22538,17205,21101
6123,3759,9337,15901,20890,22698,23215
6124,392,10562,23336,18776,23175,17494
6125,4222,8659,21983,21101,18220,22874
6126,546,13610,25721,25502,27051,24979
6127,3431,3014,30304,21652,18032,19056
6128,463,9758,25612,29454,28332,25517
6129,2273,13477,27789,26458,19181,27573
6130,338,2366,26523,21980,15012,22226
6131,1767,3510,25465,21486,30190,28784
6132,3051,9851,30288,22677,22437,17903
6133,782,38,27060,29518,23215,24323
6134,1565,9916,30326,29939,22383,29703
6135,5,6270,20184,15297,20553,18270
6136,29,13297,25007,24249,25715,23989
6137,20,4583,23742,29394,29059,30033
6138,640,12918,16026,15798,21343,19350
6139,1288,5170,28788,22226,28473,27903
6140,285,13550,26221,30026,30005,25813
6141,1,8137,26457,29255,26457,20759
6142,1,8685,28923,25407,28923,27156
6143,1,11661,26023,26088,26023,24022
6144,851,8527,23552,22459,22971,22495
6145,76,5050,27142,28773,27808,24508
6146,219,10650,24511,25045,27469,26189
6147,62,5356,21430,22538,18220,21101
6148,93,3476,18358,17558,26157,15609
6149,5065,10316,19085,23700,19928,20759
6150,1094,4322,22399,16564,22495,23215
6151,4494,11224,18833,22226,23670,22705
6152,2879,10945,15401,23700,22226,16786
6153,79,5219,17600,16322,15638,18358
6154,1979,11534,28303,26797,22698,27772
6155,248,11529,16606,16458,18776,29141
6156,2,9915,28485,28134,29051,28485
6157,3085,6292,21787,17983,18948,23597
6158,7831,10589,26166,28651,29388,23707
6159,2977,7725,21476,15357,16042,22662
6160,651,9828,20783,19350,18012,16764
6161,5,5069,24951,26674,27191,26817
6162,35,4505,26987,15139,29600,17469
6163,1975,3713,20555,22226,23310,17371
6164,279,1915,25381,27228,27844,24903
6165,719,7501,28515,27392,17270,26965
6166,170,5056,27812,28575,29027,27779
6167,0,13259,29379,29379,24594,27844
6168,4495,8763,29467,20371,16183,27530
6169,27,12103,19814,18767,23121,17935
6170,156,8624,23339,26163,24158,27125
6171,639,8616,25024,25704,24844,24046
6172,5093,5413,23338,19056,15668,24630
6173,7799,1155,28979,27428,30064,27058
6174,2185,12477,26615,29555,29939,24268
6175,180,3795,25267,27910,28134,26628
6176,447,2545,25611,22226,29543,23675
6177,2582,3459,29718,29344,21152,28939
6178,719,482,15993,30261,27762,24720
6179,3357,11131,27845,21725,28577,26897
6180,1657,8498,26996,23932,28737,28163
6181,3196,14928,21710,19928,24390,19693
6182,3239,5515,23681,17928,23215,22698
6183,5737,9275,20777,22245,16485,18489
6184,159,5470,26571,29394,30083,30036
6185,357,8452,22508,22958,23175,22874
6186,2539,3096,29593,27506,24606,27769
6187,5658,9094,25204,25790,26628,27469
6188,1,9439,24343,24387,24343,28393
6189,3122,10263,26423,16061,23803,26639
6190,915,1562,26564,23818,14957,27169
6191,3329,6489,26503,28524,27846,28923
6192,403,724,17682,20927,19350,16764
6193,3415,1379,29411,24824,26008,24957
6194,6169,7007,24415,22373,25840,15982
6195,1015,4409,29068,29027,27822,16042
6196,0,11102,22566,22566,18220,23595
6197,14,11553,28693,23759,18852,25712
6198,698,14891,29803,21252,23338,15144
6199,264,873,29700,22820,29734,21608
6200,1971,9059,16347,29555,26551,29939
6201,774,6821,22251,21101,22090,16402
6202,271,11056,24762,28889,27860,24389
6203,1440,5939,21253,27773,25072,17751
6204,2761,9159,22281,27615,29134,26768
6205,2285,12422,19769,18968,28846,27167
6206,1466,10299,26579,25050,26364,26654
6207,413,11749,21481,22373,23215,23700
6208,6758,12484,30285,21446,19745,17879
6209,189,1113,19156,17678,21914,23566
6210,2367,7939,29501,16042,28205,17496
6211,209,9787,29031,24600,24938,25793
6212,2903,13316,29638,23339,24714,24492
6213,1759,353,26706,24139,26830,24739
6214,1095,1004,28882,20635,29547,20553
6215,2184,2886,28052,29231,28063,29027
6216,2674,13504,23792,30072,19525,29668
6217,0,5821,27400,27400,17469,22626
6218,0,11776,20331,20331,15348,23566
6219,3232,3636,26262,25621,26233,16299
6220,4011,13960,29876,19525,19399,21486
6221,41,980,29602,29123,24703,25489
6222,2570,6837,28833,21835,20303,28784
6223,478,2163,18471,22870,23657,15348
6224,15,12506,24600,24217,24512,24091
6225,1749,5004,22117,21878,20184,18948
6226,727,10395,26723,22226,23175,26815
6227,539,11754,23498,17469,16192,23411
6228,40,11963,23981,24403,25980,24043
6229,3293,2868,23449,17726,21213,22408
6230,335,4661,15497,16764,23175,23665
6231,2535,4944,17059,21682,20146,23670
6232,2,4374,28333,28673,29252,28333
6233,622,4626,26116,29146,28819,21725
6234,2045,2166,17885,17630,22373,22634
6235,148,9276,15792,14969,25177,27492
6236,2158,6412,25819,17357,20020,20800
6237,3,12479,24932,25406,24094,25450
6238,3585,5292,15379,18220,23310,17205
6239,460,10509,26045,29161,22864,19399
6240,2188,7327,18975,17983,18489,22538
6241,927,3897,14986,24288,18718,14974
6242,9,249,26825,26999,29403,27438
6243,160,9485,19070,18855,22962,23566
6244,714,9131,28564,27537,26630,24402
6245,13,11896,26546,27960,27261,27615
6246,66,5778,24092,25462,23945,15073
6247,453,13022,16056,23545,22226,20899
6248,105,1422,24149,30102,30026,28877
6249,4151,13196,26050,22369,23169,15552
6250,89,2251,18767,16042,22514,20522
6251,5929,12160,16705,20560,19399,23234
6252,298,14413,28236,27775,23805,28928
6253,1351,637,18454,16444,21694,18776
6254,3480,10542,15112,17496,17469,15113
6255,2707,6278,25867,23215,29356,24615
6256,6058,8663,25523,27774,27130,16351
6257,56,9740,20472,20051,20242,19787
6258,653,1192,28783,28762,24691,20890
6259,457,8425,22090,18220,22184,21004
6260,122,2851,26597,29062,19649,18968
6261,877,12709,28820,24015,29156,15629
6262,6883,11219,23946,26030,26476,23717
6263,5825,3018,21433,16474,21931,22251
6264,977,4967,16173,22749,19678,17205
6265,23,10110,15902,22528,23457,22502
6266,870,12353,27158,24852,26928,28718
6267,8482,2563,15114,16688,20635,17270
6268,424,4371,18222,23310,23545,22538
6269,2476,4506,22500,23507,23661,23310
6270,4580,325,29901,19887,26477,21289
6271,4580,5167,28998,30270,29027,29793
6272,2020,3340,23971,26729,25462,25245
6273,3098,2146,15524,29680,29778,24756
6274,1596,7510,28922,28381,25429,25284
6275,33,6342,28864,30031,24515,30110
6276,6926,9076,25142,15038,28888,23506
6277,1776,8006,25546,29970,26719,30111
6278,3454,4688,24496,28651,28939,22452
6279,5853,6121,29315,27130,27469,26331
6280,1572,12134,21791,23700,21325,29521
6281,577,2301,16023,16493,19536,21206
6282,3520,3385,27123,20240,25781,28762
6283,5554,11610,23420,21682,16623,23670
6284,3512,10064,27582,23224,19901,29224
6285,1704,4355,21478,16836,22226,23670
6286,5796,5018,18155,22870,20861,22226
6287,981,12268,16580,29224,15646,18404
6288,121,2261,17451,20590,21821,23670
6289,198,13473,17857,23310,19252,17205
6290,18,11145,23811,24391,25738,30101
6291,231,10427,27937,24703,24353,24199
6292,101,14125,28902,25363,27354,24033
6293,134,12106,22386,22534,22279,23413
6294,0,1196,29727,29727,25690,29397
6295,3789,7866,29368,23483,28929,29852
6296,333,1704,17681,21101,22874,20494
6297,2530,7979,29323,29397,27526,26341
6298,102,7094,29667,27602,30139,29962
6299,2905,10258,16524,20543,20553,27782
6300,7,2927,23984,24445,24130,27989
6301,4424,10696,20537,19804,23545,22538
6302,403,9219,23256,22495,23215,18489
6303,266,12754,25443,28169,24834,26692
6304,6153,7787,24053,15267,18032,22564
6305,1040,7989,24678,23989,27869,24081
6306,4981,13742,26624,25761,27424,29145
6307,117,5988,17854,16764,23175,22149
6308,267,13376,27823,15762,30311,30010
6309,556,8324,27459,29793,28651,27064
6310,150,12756,29792,27756,26797,27868
6311,103,12157,21880,16042,22373,21963
6312,2358,9776,15371,20899,18959,22226
6313,56,2948,22853,15861,22368,16347
6314,7088,11612,19767,15995,19680,22452
6315,4217,5767,28952,15627,16339,18855
6316,2817,14285,28768,30085,30112,29793
6317,1156,4599,21589,23310,20477,22226
6318,61,2665,18834,29080,28177,29195
6319,2,9521,24165,24166,15776,24165
6320,888,5252,28993,29648,29639,21935
6321,443,5277,28358,28812,29287,27960
6322,6177,4340,29843,23215,23670,18767
6323,2966,2309,17797,24557,28972,24541
6324,3885,4030,15219,22408,18855,20759
6325,4,9993,25073,27853,23803,24973
6326,462,9428,29276,23913,26886,23928
6327,470,8061,15880,23175,19584,19350
6328,170,1394,18510,19120,21943,23215
6329,683,7115,25413,27800,27648,29367
6330,478,10928,22951,20892,22226,16564
6331,208,12540,16290,15267,16929,17270
6332,920,14293,25895,25750,25424,26718
6333,7683,841,24113,20820,18347,20759
6334,505,2005,18490,22184,17686,20108
6335,368,8597,17021,19612,17523,17686
6336,2607,13989,23749,26947,24226,25466
6337,0,58,14977,14977,24782,27774
6338,2255,10402,19346,15627,19120,22408
6339,270,969,15291,22538,18220,21101
6340,2300,10320,24143,24316,23881,26669
6341,708,8855,24881,30052,29932,29632
6342,55,7523,25584,15781,22470,20927
6343,65,5910,29303,30270,17469,26965
6344,5531,8773,20684,16257,22753,16094
6345,105,7297,19513,22870,23215,21067
6346,7625,5970,20079,22528,23457,22035
6347,2180,11806,15169,22514,21914,19201
6348,260,5335,15036,24349,27403,16322
6349,431,3881,29196,17631,28923,23181
6350,152,8467,24236,25534,15993,27973
6351,999,10720,18532,22528,21914,19189
6352,1238,11392,23120,20672,22679,17935
6353,139,1277,23771,23929,26119,26494
6354,3157,12960,29288,24323,29027,30270
6355,0,12285,23074,23074,17058,23260
6356,269,8436,19117,16623,22373,23175
6357,642,5635,18337,21494,21775,21453
6358,514,4554,18957,22232,19251,23675
6359,2744,5763,29282,28314,29611,16944
6360,432,4369,23028,20759,29521,29027
6361,22,715,25836,15413,16322,24859
6362,552,14678,24894,29602,25778,27035
6363,3251,5853,21550,22841,23175,22226
6364,59,1977,20706,23310,17205,16690
6365,1226,11212,30129,28623,29565,29942
6366,2133,9533,28886,28651,27846,29402
6367,468,664,29177,30190,30317,25742
6368,559,9795,28125,24692,26628,25530
6369,43,9540,16947,28113,16042,27744
6370,3266,13457,23408,22149,22538,18948
6371,4,12564,24381,24238,15013,24330
6372,466,11884,28098,24500,24076,24505
6373,3609,9389,20697,19928,25493,23175
6374,60,3909,29371,20500,24927,29970
6375,2677,6457,26264,29879,20108,25203
6376,1832,4082,22441,23595,21804,22232
6377,1287,13169,25127,23411,20557,18932
6378,7,8880,25904,27724,27537,25294
6379,12,13855,27058,15126,16042,21763
6380,40,3471,17325,18471,21421,21052
6381,301,13727,24219,24508,24015,24475
6382,189,12729,26470,26420,26384,24090
6383,1109,8136,16943,19275,22538,19215
6384,7502,3811,28848,22518,28651,29212
6385,186,3893,27805,26968,26403,25429
6386,3714,2727,29402,22226,23057,30165
6387,18,9896,28846,22698,20759,17405
6388,770,7226,24221,19120,26458,16431
6389,247,7244,29054,27801,26965,24575
6390,147,3868,16530,23310,17205,18220
6391,122,3023,29412,28739,28939,27715
6392,173,11502,28060,24509,30076,30018
6393,549,9064,25581,29313,29262,25803
6394,4046,8859,24634,22650,22248,15381
6395,930,5459,27094,28811,25402,24351
6396,967,12433,24410,27658,27040,24295
6397,997,7677,15799,22606,20759,19956
6398,4263,488,18082,15552,21663,29011
6399,9,3038,26814,28442,28060,30105
6400,2747,9999,25887,20759,26641,27873
6401,363,8367,29713,26965,30270,27960
6402,6233,12789,26701,27004,24053,24912
6403,2668,7059,22828,23566,19977,22870
6404,4461,12812,15304,17494,19608,19350
6405,4666,3967,21895,22948,16775,23700
6406,2102,6037,27888,17742,28555,25053
6407,1550,3442,15517,21914,22373,23566
6408,1135,2211,21663,25493,23700,24060
6409,6679,4306,28894,26202,21980,27004
6410,1517,158,28247,29231,28063,23700
6411,177,10333,20183,22538,21101,18948
6412,4682,10347,29847,22248,20560,19745
6413,19,439,15995,17270,16210,15860
6414,424,6069,16426,18398,21821,21899
6415,112,1480,28661,25748,26172,27330
6416,57,4777,24190,24708,24181,27844
6417,1121,11576,22823,22874,21980,22226
6418,45,6653,15007,23683,17267,18350
6419,261,10277,28594,18767,27756,17281
6420,5317,4994,15111,18855,19120,19788
6421,2913,9123,23688,22226,20899,23670
6422,38,5773,17422,22226,18220,23545
6423,2382,1588,29813,27791,28095,21629
6424,1663,1199,18172,21914,17928,22408
6425,1343,8402,28063,26797,27714,29062
6426,252,4858,25428,27119,27516,27075
6427,15,14052,23438,18606,22497,22798
6428,2485,4147,20393,18489,23316,22495
6429,497,12887,19147,16944,28314,20560
6430,3732,1235,25317,29397,28233,26965
6431,5625,3334,28513,15158,17469,23300
6432,7023,589,19863,14977,21325,21406
6433,172,5278,16565,22767,16943,19643
6434,369,11019,21682,19804,22538,15572
6435,321,6749,26296,25366,28699,26408
6436,1117,14706,30301,22408,18270,18311
6437,1500,1318,21159,18220,23597,17935
6438,183,10411,26012,21821,29852,22774
6439,1076,12523,27237,24144,28212,30155
6440,0,11850,25239,25239,16290,21986
6441,6672,12736,18537,15012,22520,23653
6442,1196,4328,16410,18220,22184,19768
6443,85,3114,28769,24455,23928,23874
6444,80,14255,24903,26008,25045,25567
6445,389,924,26805,29134,21980,21821
6446,70,6031,22866,23310,19542,22231
6447,1024,261,20538,29300,17884,26897
6448,271,7846,25048,26142,24579,25161
6449,1525,12065,22094,28314,22602,19956
6450,3797,5369,23903,24619,22373,26077
6451,2,9510,22650,15381,20184,22650
6452,361,8000,27000,29792,15149,24102
6453,1221,360,15726,22538,20556,19804
6454,5,14309,28964,26147,16656,28400
6455,3340,14324,25238,24192,24510,23718
6456,308,2995,27919,23797,24781,24445
6457,5100,5368,22550,28164,23208,22074
6458,0,9251,25541,25541,24297,24324
6459,1019,3256,21035,15988,19689,24962
6460,264,13431,25980,18350,28717,26964
6461,1315,5274,29063,22698,28258,26736
6462,143,6610,30310,22870,23393,23621
6463,330,289,25416,22226,23700,29231
6464,2184,9444,17723,23670,22843,22226
6465,31,8340,23733,26681,25427,24130
6466,267,13648,28977,16645,19314,26075
6467,708,6579,22972,22538,19215,23310
6468,925,9174,26121,24442,29631,30115
6469,1178,11260,27786,30119,29995,24951
6470,135,11195,29956,28017,29933,29437
6471,8,14466,29683,29624,29685,29660
6472,648,5048,18188,16764,21694,18959
6473,180,2312,26929,25026,27431,28974
6474,31,12376,23579,23597,20146,22495
6475,1874,13611,27876,27373,28075,28113
6476,136,6198,21808,22226,17371,23608
6477,3562,410,24821,28333,26815,24849
6478,869,3308,20824,28918,23683,20388
6479,313,5520,24244,19065,21397,22303
6480,6564,4953,28217,19920,28095,15139
6481,860,8300,21586,16690,16362,30183
6482,1396,12011,20474,23545,20328,18220
6483,127,10610,25018,22682,23990,29397
6484,168,11623,22868,22948,20949,22971
6485,4787,6024,15247,20678,22884,17615
6486,4487,786,29443,26136,26594,16825
6487,762,7916,23665,15572,22634,23597
6488,8286,5874,30354,18220,23310,23545
6489,24,6222,15503,18489,17983,22232
6490,7,3997,28700,20005,20791,28931
6491,6,12681,26881,30012,15217,30090
6492,69,2738,29204,16322,14965,25606
6493,1660,13381,29794,30270,20128,19201
6494,247,453,17915,17205,23310,18125
6495,282,9742,24115,24116,24015,25166
6496,2,7335,29222,28246,29801,29222
6497,27,14241,25484,29219,15120,27195
6498,758,133,28736,29252,29344,27911
6499,15,12131,23967,28867,28090,24525
6500,4312,2428,15925,20543,22874,23175
6501,98,9285,22332,16764,16001,23175
6502,77,10393,20512,17935,23566,21873
6503,849,9658,27705,27146,21425,25176
6504,3078,1186,22011,27709,23514,30317
6505,562,2777,28656,20759,22518,26736
6506,5674,10424,17428,17879,26574,20745
6507,6081,5480,22397,23566,21816,20553
6508,103,2088,21385,21804,22634,15572
6509,77,11326,18011,19350,23175,22149
6510,1382,8155,18827,23545,22874,18220
6511,231,11226,16440,28194,30133,17579
6512,186,11712,26736,28812,21763,19636
6513,2796,4410,16453,16764,23357,20924
6514,4350,11840,15751,23566,21343,28333
6515,403,9569,26883,26861,29411,24174
6516,4397,936,17601,17953,22679,20672
6517,681,12883,24983,24940,26681,25113
6518,70,2466,27648,27434,22518,30270
6519,7990,12006,26928,24208,20507,24476
6520,647,11885,28905,28300,25447,26995
6521,3751,6474,28619,19525,28056,29651
6522,211,6014,17281,29239,25622,26043
6523,198,6339,24822,29229,24323,25746
6524,2741,11075,15446,23566,20553,21816
6525,44,6925,26869,25882,24209,24402
6526,6885,14657,24003,24333,25738,29329
6527,172,3924,28767,15552,19389,22495
6528,31,13205,15731,22634,20858,17983
6529,35,13400,26322,14978,26626,24948
6530,527,9801,21343,22149,20687,23175
6531,2375,6898,22062,23175,27965,16555
6532,530,8133,26930,24076,26292,24192
6533,1953,1463,25912,25047,26389,26001
6534,310,9886,30060,29371,30026,24509
6535,911,11622,23559,23674,22538,15572
6536,524,3159,26125,23841,25805,27381
6537,711,5712,15404,19693,18220,23545
6538,82,5283,24990,24317,14977,26975
6539,1410,7984,22738,23545,18220,19612
6540,178,2884,27026,23713,27469,25973
6541,263,10632,30349,20522,21682,17467
6542,300,7921,28505,29027,27822,27960
6543,794,9636,29431,22226,28925,28433
6544,606,6411,26693,27130,26008,25045
6545,76,2090,28609,24544,24983,25460
6546,236,10586,15941,23566,18948,17630
6547,248,5512,18637,22232,21980,21453
6548,4845,6117,16645,24447,18728,27392
6549,247,14844,25104,25693,24459,30163
6550,454,9235,25862,23874,24217,23929
6551,524,4840,21291,22226,29300,22232
6552,125,11174,22218,16764,21694,22226
6553,355,3499,18946,23310,18948,15969
6554,164,808,25372,28773,26119,23929
6555,10,10549,22280,22495,22870,23657
6556,185,14119,15234,19372,19042,21954
6557,2564,673,27714,15771,28944,22161
6558,5183,12749,23912,23213,19469,17496
6559,1115,2213,23660,16564,22753,23175
6560,1275,5567,18809,21495,23175,16764
6561,347,12801,28933,26718,25233,24629
6562,178,13598,26833,25612,28000,28060
6563,307,14465,29312,29123,25489,29262
6564,11,11439,30026,30005,28495,29272
6565,1,5742,22133,22710,22133,19189
6566,760,8834,15952,21101,23310,17076
6567,3341,12214,17299,22449,23246,16039
6568,4110,10775,24366,27869,28987,20904
6569,312,12951,27095,16061,22528,17709
6570,907,1958,28963,28462,20927,16444
6571,2,421,25407,30190,27547,25407
6572,6053,10572,29382,26851,26192,20759
6573,2501,14696,29883,23675,21995,22362
6574,190,5371,16449,22408,21914,19120
6575,0,3975,20387,20387,18220,22226
6576,2390,4630,25789,30242,30129,30270
6577,169,6622,19859,20759,23590,21220
6578,347,7881,21046,17863,20167,23545
6579,3240,14290,20196,29802,23584,23175
6580,525,7210,25182,27130,25462,24402
6581,152,12074,25108,28548,29459,28383
6582,7,11830,24248,25684,15326,25155
6583,838,3132,15868,22226,23670,16187
6584,5899,5913,15358,20354,19525,27690
6585,106,7657,24606,28692,28871,28665
6586,1872,7556,25436,30047,30019,30078
6587,143,11997,25716,24140,24445,23929
6588,5,9492,29355,29027,26965,30270
6589,240,12631,27030,27910,26128,25424
6590,2654,164,22610,23175,23357,18489
6591,2,2304,20270,16764,18776,20270
6592,326,3231,24833,29008,17270,25047
6593,779,13052,28752,30006,24223,30066
6594,0,14526,28675,28675,26461,24911
6595,6048,199,30314,20543,22500,18968
6596,378,9595,27636,26199,23417,16582
6597,2439,6775,28038,30047,30019,30131
6598,627,8237,22854,21495,21682,20294
6599,92,7538,18125,21694,22373,16528
6600,82,531,25633,23910,29793,23340
6601,4823,10032,29902,26746,25329,24905
6602,766,6470,26104,24042,24015,24508
6603,300,9676,27860,26364,26123,25050
6604,3872,7868,21011,23175,16764,19651
6605,18,12569,22630,18690,22698,20472
6606,148,13159,24209,24402,27537,24833
6607,1438,11694,24538,21914,26192,27608
6608,223,11073,22634,20108,17568,19739
6609,1871,8321,27355,29699,29984,29425
6610,344,3212,17436,27762,22609,28207
6611,6,2592,16690,18220,17205,19252
6612,2425,6539,21396,23215,17928,18316
6613,5219,3585,21587,23215,22948,19389
6614,6088,14220,27140,20132,19314,20560
6615,1,11811,22843,23670,22843,20146
6616,12,12833,30077,28289,26255,26871
6617,1794,8179,27436,23827,22874,22958
6618,902,1725,24100,26675,28259,24608
6619,2,12449,20213,15324,20212,20213
6620,1902,14550,28926,17824,23569,23175
6621,593,12096,18793,19928,29252,23700
6622,3823,13794,29910,19399,15116,18537
6623,1070,3214,16868,23670,19513,22705
6624,2558,5534,25935,28201,24081,23983
6625,41,4637,22672,23545,23595,18220
6626,933,13825,15245,23375,19042,22339
6627,449,11905,30061,27952,29632,26571
6628,3756,13006,25739,17631,19788,22728
6629,3145,12962,15409,16257,22373,22226
6630,1022,2260,23711,27822,29027,25440
6631,12,10483,29787,26461,25326,24235
6632,1097,6586,15599,19651,22497,17743
6633,2257,8990,28263,28548,27779,27852
6634,85,13106,27454,25406,27198,25056
6635,5896,7136,20235,22874,22843,20427
6636,3583,1335,28854,22860,20553,21835
6637,3855,9334,30302,16041,20213,18228
6638,831,3226,16169,22538,23190,19804
6639,0,11798,25348,25348,27613,26231
6640,525,2314,28307,29027,15187,27960
6641,853,9311,16474,22226,23175,18489
6642,663,8762,29426,22518,28200,26543
6643,3806,3853,15466,23237,20506,21682
6644,10,5698,24528,15802,25018,24275
6645,0,1209,25100,25100,15077,25503
6646,28,13786,24094,24810,27285,25359
6647,2314,6709,16399,24596,29271,28664
6648,1379,2769,18984,15012,20904,23215
6649,2229,11637,28158,23457,21983,27853
6650,64,4300,17270,15605,22226,23175
6651,2091,3755,19591,22634,23057,18948
6652,24,14298,18778,19542,17049,17848
6653,267,3989,27675,22518,28762,29501
6654,0,2585,19957,19957,23175,22416
6655,655,5443,22690,19768,21101,19869
6656,997,3794,25929,24081,24316,26609
6657,2388,14627,28865,26189,25748,25143
6658,1989,2657,17630,19722,22245,18781
6659,6333,7751,24342,30066,30006,29974
6660,125,1125,23657,17517,18855,18693
6661,4065,12570,21500,21189,23545,18220
6662,1313,12610,27232,27682,27921,23115
6663,2170,11428,26152,22064,23419,21663
6664,220,3175,28213,29344,15196,26055
6665,5610,6333,21047,20382,28528,24447
6666,5967,8683,25938,28237,28355,27812
6667,252,4677,25344,25924,24777,26292
6668,7993,4276,29755,28473,26597,23506
6669,122,1231,14975,24985,23416,25443
6670,92,2415,25579,29970,28916,30111
6671,18,5673,24012,27517,24938,24061
6672,2249,1796,27398,18220,19479,23057
6673,416,13937,26555,24317,29302,26859
6674,38,13512,22663,18220,23674,22538
6675,71,9797,15450,30166,20506,21346
6676,223,8238,22785,26480,25704,24288
6677,4992,11427,27966,30270,29027,29793
6678,22,5173,29476,27715,23707,29344
6679,293,7857,28439,25891,25646,25986
6680,365,4379,16889,23310,19768,23190
6681,15,7497,23877,15248,23940,22626
6682,0,6481,29030,29030,27028,26811
6683,1815,11844,27388,27973,24696,23888
6684,3098,1783,22980,22698,18767,21725
6685,1718,1366,29551,20759,24379,29600
6686,165,13021,28261,25404,27461,24317
6687,979,10246,27219,29535,30006,29974
6688,85,4114,18433,29991,24550,29944
6689,4671,10684,25520,26965,27273,24133
6690,559,3595,25006,24016,24199,24445
6691,449,4763,17810,21430,17619,18125
6692,58,13520,24471,25409,29121,27431
6693,0,13442,27431,27431,28564,29191
6694,7546,322,28167,26965,25746,28916
6695,160,13091,23987,27114,29480,25984
6696,288,10942,25599,25359,24594,26110
6697,2350,12764,25290,25418,30270,25789
6698,254,13833,24732,26381,24445,24949
6699,0,5746,16857,16857,22288,30118
6700,909,7530,25022,24829,26718,27213
6701,3674,10998,28883,26156,26662,27072
6702,0,10112,28046,28046,15297,27430
6703,3805,9494,25441,24131,25364,28384
6704,4295,10961,22706,23507,28715,15729
6705,4620,7659,28872,20759,17469,19201
6706,2169,12553,28823,30006,29974,30028
6707,0,1751,19689,19689,21101,23310
6708,5895,9220,18494,17879,21122,21446
6709,886,11003,24982,17205,23310,22538
6710,196,4242,22344,16764,23175,20506
6711,839,13241,27562,24402,27853,27537
6712,5161,2168,23678,22538,18220,23545
6713,53,7420,26865,26905,30047,30119
6714,1274,6441,17356,19544,23243,29407
6715,8844,10526,17432,17469,21914,20560
6716,2095,437,28599,23215,22495,18968
6717,6,2628,16844,21816,23566,19787
6718,2394,10015,25787,25805,28918,23984
6719,7,2279,25845,24726,23872,14971
6720,299,9089,23314,22538,23310,22226
6721,1816,1938,27687,27042,18590,24032
6722,137,11597,18968,29929,29633,17469
6723,1358,1165,20380,17630,21289,22232
6724,61,10544,17697,22677,17205,22226
6725,1257,10869,19509,20543,29300,23584
6726,2367,12217,20725,21816,18270,21914
6727,234,10201,27701,24691,15627,24770
6728,5,10757,25068,24190,26200,15033
6729,4755,11942,22376,22495,23566,23657
6730,127,781,15732,29600,25891,22606
6731,2,1061,26052,24418,27432,26052
6732,2392,9773,21422,29603,29108,20855
6733,1062,8907,19722,21101,21980,18776
6734,625,6946,22355,23310,23243,23700
6735,871,1494,24749,25821,24544,25460
6736,4561,13710,26252,21564,22677,23661
6737,1192,12767,24718,20469,20701,23211
6738,5282,3272,28311,22226,17884,22753
6739,345,7289,20127,16421,19058,20651
6740,1849,9055,23852,27341,25313,23874
6741,3300,5679,23652,18220,17205,23310
6742,484,12691,30086,28345,24093,29728
6743,3153,12595,17013,23261,19887,15892
6744,7440,883,28353,26202,25809,26199
6745,2180,3388,28734,23700,26295,22684
6746,1403,12100,27108,17469,22626,15036
6747,2,1900,23173,29300,20543,23173
6748,429,10050,27288,22495,17983,22373
6749,2386,10211,25763,15234,24333,24256
6750,2405,3836,21835,22538,18771,19869
6751,156,13414,25251,28229,24349,28625
6752,371,5029,21956,22870,21067,22760
6753,8947,8865,23614,22451,20560,22554
6754,1,4657,27492,27249,27492,24422
6755,0,6810,20448,20448,19042,17141
6756,546,7082,15098,19065,20527,18808
6757,2439,9931,23738,15203,26637,29755
6758,78,4445,28212,27130,26729,24630
6759,3274,3277,22895,22226,22538,30233
6760,687,3741,17161,22843,21682,15348
6761,666,3766,21742,19513,23670,19804
6762,2984,11711,16768,16119,22880,23091
6763,4126,13594,27865,28604,27239,15196
6764,2710,5418,22602,23700,22021,17630
6765,7561,7901,25849,24081,23841,27460
6766,3794,8822,24097,29027,27871,17921
6767,2934,7016,19898,18032,19056,21914
6768,288,10080,21099,20635,22860,22451
6769,10,8869,18606,27418,23060,29636
6770,194,3707,17467,22870,15675,21067
6771,4,10193,21943,23215,22698,17517
6772,115,11731,23814,24238,24076,28146
6773,882,2506,25934,24134,28734,26031
6774,7,11403,26766,24164,15326,25594
6775,3125,9996,23859,20724,24703,29680
6776,3168,4537,15656,22538,23310,18220
6777,1221,4565,23375,29335,16387,20888
6778,3693,4951,29209,20553,28651,28969
6779,0,8715,24656,24656,29570,24691
6780,2249,314,15238,15019,27418,27321
6781,84,11117,30025,30115,29959,29640
6782,5,4500,16493,20324,15959,15442
6783,242,4469,29286,27779,29027,27506
6784,1845,7385,24326,24554,25780,26861
6785,1586,3724,24598,24963,26362,15127
6786,5351,3260,29052,26897,22232,29300
6787,240,2349,26954,26519,28584,28147
6788,1,4908,29930,29958,29930,30078
6789,699,11147,23928,24958,25045,28408
6790,10,6401,29154,26364,26327,24703
6791,216,6301,19619,18220,23545,22858
6792,7373,4570,22328,29363,20128,15054
6793,41,10070,20051,21310,23215,21682
6794,1668,1315,26672,30192,26102,29580
6795,408,1432,24226,23803,24090,27608
6796,2687,8173,29478,19396,25569,28204
6797,3673,11278,23571,26599,21425,22232
6798,4880,3931,30319,23166,15675,17780
6799,515,9202,24463,27469,27156,28178
6800,1276,5921,26481,23991,26634,25364
6801,3144,10228,29277,29108,27822,27526
6802,6935,13048,25347,22495,22373,20152
6803,75,8537,26907,26686,15016,24016
6804,592,12101,24154,22874,26659,21336
6805,7,6872,29451,29543,22996,20728
6806,1501,123,21229,19251,21101,17205
6807,52,7273,17653,16764,21295,18959
6808,1442,9100,24730,27774,25088,27303
6809,4294,3134,24804,21835,15297,15668
6810,2621,8403,29267,19928,21980,23963
6811,1600,5184,29740,29212,28200,26832
6812,1035,6177,27868,29108,29231,26487
6813,234,782,27152,20820,29027,17322
6814,45,4552,25959,23992,26646,26714
6815,1120,14423,24575,28049,19016,24015
6816,6,9880,29047,26119,28381,28049
6817,1700,2950,25483,25972,27249,24130
6818,351,8651,19016,27402,24487,25177
6819,10,7418,26404,24016,23803,26189
6820,1007,8167,15072,28682,27905,25984
6821,3,14139,25722,24388,24356,26969
6822,1380,8764,15827,23597,22232,23661
6823,2239,10679,18112,23597,17205,15572
6824,531,7225,27168,23874,26968,23929
6825,1852,12626,26403,19399,19201,20560
6826,222,4525,20110,22520,19120,15012
6827,272,3031,25727,24352,29725,15996
6828,1086,3204,24034,19172,25203,29879
6829,55,3221,18483,17717,15712,28298
6830,162,4980,26437,28773,24116,25709
6831,403,10829,29640,28314,30036,26988
6832,6037,6708,28790,30119,30078,30047
6833,2312,9238,26498,25645,28919,15012
6834,1700,5529,16578,22677,19389,22634
6835,750,3762,21689,23700,16764,21694
6836,451,2941,20934,23310,21101,22538
6837,1432,12266,27496,29600,19920,29344
6838,42,9020,29008,25047,23984,25363
6839,5711,8250,28962,24500,24940,24130
6840,1,8660,27102,25856,27102,29033
6841,234,6102,24920,28665,28055,23962
6842,360,13940,26011,25173,27910,24479
6843,85,7395,29393,26815,28063,18728
6844,24,14152,24245,28171,24353,27257
6845,4448,9411,20658,21495,20553,21548
6846,3688,11750,22564,23310,17205,19612
6847,5030,9508,27910,27498,17205,26594
6848,6,14567,28195,24333,23760,25686
6849,420,1413,23993,25284,24042,24091
6850,2423,5393,23047,19693,23169,22441
6851,1104,3536,30279,18695,23670,21495
6852,2507,10345,19128,18220,18125,17883
6853,1974,1123,28179,20927,23224,27241
6854,247,4771,22431,21495,22634,22373
6855,1284,2935,15863,18443,18220,20300
6856,5581,3908,26087,27615,29300,26548
6857,14,154,24981,25552,26240,28325
6858,2401,9643,20167,22495,22373,23215
6859,90,4782,24961,17469,29027,27960
6860,97,7759,27120,20759,17469,26965
6861,2115,9986,29457,20160,28379,28778
6862,363,5180,29229,25646,20759,18855
6863,756,8647,27011,24940,27239,24130
6864,590,10622,28972,24905,24911,24232
6865,500,1766,15894,20160,18468,22692
6866,1791,2528,25188,23962,24817,28432
6867,366,14573,25162,29583,28942,24804
6868,14,9831,21616,22971,22682,18270
6869,4660,6813,23104,23310,18220,23545
6870,99,9953,25940,23680,25941,25047
6871,2746,1499,29408,24334,18220,26594
6872,520,6656,25480,24042,23375,26816
6873,363,4335,27056,27537,26384,24131
6874,780,11831,26220,27121,24016,26729
6875,1241,10862,26655,27438,29108,26999
6876,546,14310,28423,26167,28421,28761
6877,257,13352,26888,28313,25212,26331
6878,3811,9264,20342,22226,23310,15482
6879,67,12948,27450,26231,28830,27330
6880,110,13911,25534,25729,24217,24512
6881,3747,2258,27311,28473,28784,26897
6882,566,1115,15920,19077,22843,15668
6883,8154,5083,29907,20560,28314,17604
6884,583,10029,23357,18125,16687,19678
6885,5242,12925,28642,26712,25404,23791
6886,255,11574,26763,29869,24492,27288
6887,94,2243,29299,23788,19120,21725
6888,77,13330,26733,27460,26280,28493
6889,13,2560,29294,28381,29047,24747
6890,221,7961,25805,25924,27487,24467
6891,1213,9496,20920,20890,22698,18270
6892,1938,4544,28464,23375,26858,24844
6893,3641,14159,22715,18489,22226,17494
6894,72,8401,18440,21101,19804,18220
6895,529,680,16095,23215,20904,21310
6896,3361,7981,25031,28407,27274,24296
6897,2813,12316,27115,29944,26561,30099
6898,194,1795,15991,17901,24081,27762
6899,559,9743,24116,24548,24143,28134
6900,5,5275,20981,22874,18742,22843
6901,942,5747,29938,29944,30099,24550
6902,2766,12670,17969,19740,19928,22226
6903,102,11161,18576,22064,23700,23215
6904,224,9821,17431,14971,25845,24726
6905,1593,6669,19320,22958,21135,22843
6906,3752,9852,20559,22232,15979,16418
6907,706,5033,28305,28923,28612,30244
6908,0,14359,30258,30258,29668,29631
6909,860,5433,20020,22226,19719,16764
6910,380,13607,27977,30028,25517,30104
6911,8294,9793,23432,14977,19920,17834
6912,2682,387,29608,24887,22682,21663
6913,2444,4920,23632,17205,23310,22538
6914,8551,3211,19337,19404,15552,16042
6915,209,8475,25503,28212,26437,26858
6916,618,7301,27525,26246,24073,28229
6917,37,7636,17050,21943,23657,21608
6918,35,11832,23094,18220,22874,23545
6919,128,142,25884,25491,25489,28773
6920,1191,6730,20532,22226,20477,21101
6921,1485,14857,23964,29326,25574,27851
6922,2176,627,17291,28549,18012,22952
6923,140,7974,25908,27474,27354,27658
6924,491,7005,28568,20759,28931,20005
6925,108,5600,21280,18855,20759,21914
6926,0,3150,19319,19319,23670,23566
6927,1088,10653,25768,24508,27808,26782
6928,2906,6724,19205,22226,22679,16764
6929,88,1141,15172,18855,17469,15447
6930,0,9397,26565,26565,28887,23894
6931,792,1317,28482,22149,21980,17404
6932,4068,2050,30347,22514,21152,20560
6933,964,10868,21338,29793,15025,22864
6934,1819,3178,18087,15552,21682,21495
6935,232,13890,25889,28693,25750,26565
6936,7066,9543,27655,23506,21486,27574
6937,5900,7964,22538,15094,18848,23077
6938,2387,9003,29170,17983,29531,17935
6939,955,130,24791,29300,28273,26897
6940,1392,9525,21816,23156,19546,22159
6941,816,8529,26479,28936,20890,29064
6942,3075,14569,15066,23375,22518,23411
6943,2046,7732,29633,30270,26864,29094
6944,2229,6575,26247,28734,28651,29793
6945,52,13068,22616,23310,19692,23243
6946,94,10915,22553,19768,23190,20556
6947,0,10927,16695,16695,22682,21912
6948,992,13077,21572,19608,21980,29300
6949,468,2370,27335,19788,19120,27474
6950,420,5446,29065,26854,23700,27822
6951,352,2924,17769,23310,22538,19804
6952,7910,4528,21521,21914,20759,20820
6953,4973,13972,17990,22606,23213,21914
6954,5,13860,20296,19479,16039,19397
6955,5840,10673,20975,30302,15275,21914
6956,1255,5718,22223,22538,23310,19804
6957,0,11120,23980,23980,24698,17874
6958,1421,10933,17777,22554,16750,17469
6959,3155,12389,15019,19525,15241,30340
6960,237,13252,24701,20814,21725,27730
6961,293,1344,24550,29978,25582,29946
6962,2,12059,26840,30013,21213,26840
6963,3973,11484,26913,24192,27239,24256
6964,1569,7147,15493,22035,23457,21914
6965,935,419,29852,23700,24318,23310
6966,2403,5451,27104,29252,21481,29335
6967,587,6246,22250,23675,23175,29300
6968,295,13699,25660,21663,20128,18855
6969,1426,10955,18803,17630,23700,23657
6970,73,8610,15373,19288,22149,20773
6971,27,6533,23224,16764,22971,22698
6972,2035,6737,25985,25404,23791,24015
6973,193,2973,22088,23670,23175,22226
6974,2428,6080,30333,15668,17928,22677
6975,411,7441,26079,29974,28706,24175
6976,7,9228,16511,23040,21728,30075
6977,7892,3251,27053,25933,25204,24334
6978,2596,13564,29453,27121,21406,27389
6979,3,6456,25883,29800,22609,26461
6980,459,13720,26504,25634,15351,30163
6981,3004,11911,29939,30043,30042,30131
6982,350,9022,29544,22149,28333,17127
6983,405,14583,25078,24781,29198,27817
6984,2569,4610,27191,29350,22199,20556
6985,10,6424,27215,28297,27448,28056
6986,994,9357,28898,22296,21914,29388
6987,2253,1719,18889,22996,22226,16402
6988,1347,4073,15771,21101,22538,23545
6989,397,6253,26638,17050,20242,23239
6990,5905,14189,22954,21914,22606,18347
6991,2125,5866,17820,21682,22870,20522
6992,111,7849,16324,21873,23566,21682
6993,3830,939,25017,24753,15175,29029
6994,5593,6783,20243,23310,22226,18220
6995,3285,5601,26983,23215,22459,29518
6996,0,10652,28912,28912,28473,23990
6997,1154,9457,23588,20773,22557,20765
6998,32,9713,24413,26984,16351,24259
6999,23,5474,26325,29793,28200,28651
7000,3850,7527,17266,22874,22232,23523
7001,51,6947,30066,29946,29956,28060
7002,574,8189,22594,19251,23057,22538
7003,1876,5131,28219,26214,28936,18855
7004,1601,7801,15001,29680,29663,26639
7005,2384,7748,20579,20473,23566,18984
7006,3131,11634,18575,23700,17494,19928
7007,7289,8909,29373,17127,22166,17270
7008,2151,12637,25854,17469,23411,23214
7009,6726,7057,17429,28383,22459,15342
7010,101,6643,22724,23310,21101,22948
7011,1943,10837,22472,21914,21343,23566
7012,52,7838,17310,22226,23215,22373
7013,348,4501,28713,29793,27288,28954
7014,3716,13565,24757,27156,22528,27394
7015,5933,5341,23674,26759,17270,28413
7016,396,8993,23494,22971,22879,22312
7017,3683,1585,19667,22996,18220,17371
7018,1038,12393,22970,18012,23175,18591
7019,8273,3182,29848,22514,22864,22248
7020,128,3946,23898,30270,26126,30293
7021,1244,7962,15035,25045,27226,29380
7022,709,12825,27584,24692,23339,28927
7023,144,14430,28589,22518,18830,23425
7024,183,12009,27417,17630,26956,29137
7025,569,5380,23210,21743,16764,22226
7026,5025,12492,28949,23344,18532,18968
7027,3137,1561,21597,21101,23545,26594
7028,96,12996,21601,22226,18220,17809
7029,849,10637,29632,29679,29644,28096
7030,67,10460,21152,15037,22452,14977
7031,21,561,26133,25304,24217,26246
7032,25,2814,20609,30065,30075,17549
7033,2,3860,24476,26810,23980,24476
7034,105,3712,23469,18776,16528,16764
7035,864,12192,22728,20759,16042,19920
7036,1529,4303,26946,25046,26327,25045
7037,6001,4456,15725,21725,17820,28524
7038,138,7026,22585,20160,21963,20119
7039,865,6434,15254,23175,28333,29300
7040,6419,8284,18645,26165,22408,15297
7041,37,1334,21951,18446,20051,23429
7042,65,11937,21431,19056,23340,21073
7043,414,13125,22757,17205,23310,22858
7044,1879,10028,21794,17928,16042,22698
7045,1444,3810,18052,22874,20543,17650
7046,5414,458,26793,26897,21980,16825
7047,5669,12460,20286,18591,22149,20687
7048,6858,9267,24369,17580,28652,17270
7049,1627,13574,20302,22226,22597,23500
7050,2449,6642,25683,28804,26987,22606
7051,0,13148,25807,25807,18187,18137
7052,7146,10979,21961,20635,21470,17751
7053,5490,3320,28585,23705,15367,22986
7054,1511,7792,22527,23665,23215,23175
7055,782,10217,18320,16886,22495,21204
7056,1904,8671,27583,30063,26618,23811
7057,1666,11433,28399,20380,23070,20219
7058,555,6,17981,27720,22149,21503
7059,5720,6077,16132,19065,18808,19085
7060,2305,5026,28340,22373,22226,23215
7061,3477,4746,22554,22843,18742,23670
7062,33,11058,28520,27949,26939,29344
7063,409,6876,27945,19156,24753,29929
7064,546,14534,25917,26807,26489,29241
7065,5704,3027,21328,20522,22870,22682
7066,6265,8007,28443,27788,27402,24213
7067,1219,1306,29561,27392,26341,28433
7068,57,13481,25364,23797,27500,26628
7069,259,2417,22977,20543,22495,22972
7070,5090,1717,21886,29252,23483,23700
7071,433,3865,18121,23962,22597,21184
7072,23,12223,27198,28157,24809,23950
7073,3814,2620,30214,22423,20303,22500
7074,3313,12110,28903,28475,18521,28543
7075,35,5727,28234,28365,18139,26965
7076,148,9271,27982,27345,24060,26999
7077,47,1699,18164,29991,19765,26970
7078,393,11966,26668,28811,26280,25402
7079,1637,2346,28590,22864,28954,25404
7080,672,13568,29071,30026,30062,30005
7081,1373,2757,20758,23472,19804,19500
7082,4613,2977,15005,23683,26001,16103
7083,365,14420,26712,28449,28134,24335
7084,2230,8487,20081,23661,22226,22858
7085,3785,4598,24133,23310,22948,22232
7086,18,10202,19926,20134,19542,17049
7087,3774,11658,23889,19451,18220,16705
7088,316,110,27758,30270,24615,26597
7089,4085,121,23916,29146,17650,29108
7090,166,6263,24930,27648,26680,28762
7091,3924,1401,16273,15599,22226,22874
7092,0,875,25433,25433,15127,26362
7093,1433,13647,26270,15022,24823,24703
7094,1352,7903,25232,24495,24016,27817
7095,6493,8851,24967,24081,23841,26458
7096,12,1228,18363,16764,20597,18776
7097,1,10656,28442,30026,28442,28060
7098,1396,2183,16637,18742,22843,17525
7099,386,14523,22368,21275,17517,20759
7100,523,6458,27040,24130,15088,23730
7101,1907,2433,27507,26568,29230,18718
7102,989,9667,14997,15016,26684,29123
7103,0,4172,23143,23143,16944,22021
7104,36,5295,26292,14977,23803,25545
7105,134,7127,18025,17236,20924,16005
7106,7012,2000,20800,22408,27958,20759
7107,185,11678,26250,23588,19901,28991
7108,478,7203,21354,22556,19815,19389
7109,825,14275,27971,15626,27249,25972
7110,522,13761,26856,16721,29655,21213
7111,879,8246,15265,28561,24507,27129
7112,4877,4022,22592,26551,29939,19335
7113,204,3660,26160,15096,28784,20152
7114,1413,2308,25901,28191,15470,15745
7115,3355,13253,24613,27749,25666,25524
7116,94,9433,16700,22149,19350,17494
7117,872,8414,24773,24445,25576,27458
7118,168,4494,26769,18220,22226,19479
7119,811,4770,20830,19595,18220,18795
7120,19,14133,29024,18417,20213,28249
7121,4,2317,25120,24090,27121,24402
7122,212,9947,24696,24102,16103,27955
7123,509,4010,15443,23175,21963,17748
7124,817,213,18137,22226,22753,23575
7125,933,6086,25925,29881,29141,28333
7126,1814,11742,27520,30315,30039,30120
7127,616,2999,27322,18948,23204,22634
7128,4017,5758,28572,22662,22303,20522
7129,553,10904,26489,28333,28958,28204
7130,0,11467,26622,26622,26119,25818
7131,182,4795,25754,26835,24192,26681
7132,113,5872,26585,27179,25927,24090
7133,1387,8577,18413,23310,21247,18035
7134,859,6194,18005,23597,17205,23310
7135,177,10950,30090,29394,30036,29946
7136,755,10727,26735,22408,22860,25725
7137,1284,6288,29486,27185,28056,28081
7138,0,1225,21001,21001,16764,20506
7139,2103,11238,28549,23700,28673,20899
7140,287,12563,27064,24323,27822,29255
7141,5912,1629,24111,23788,29078,30217
7142,0,12928,15419,15419,19595,20146
7143,1228,3982,19575,19350,23175,18012
7144,146,13850,24823,28330,25403,26123
7145,258,5922,28082,24060,26815,28958
7146,1650,10167,25129,27492,27174,26727
7147,118,13981,24280,25576,25403,25216
7148,20,13541,24071,26594,20250,19251
7149,771,4098,28665,29012,28673,29137
7150,3190,6409,23065,29603,17270,23326
7151,1504,6616,15824,21006,22874,29382
7152,73,11112,25606,26364,27650,28313
7153,114,1845,23523,16418,20191,22449
7154,156,2013,22075,22538,19804,18220
7155,151,2652,18892,23310,20108,18220
7156,0,3608,28432,28432,19643,19479
7157,6816,2041,28553,18578,26970,30086
7158,57,13576,27504,27808,27973,23929
7159,410,8933,24927,29358,29952,30010
7160,7195,2588,16306,24851,24955,26965
7161,5696,9550,22885,22877,17469,21914
7162,5688,9868,30233,20260,20128,17517
7163,506,9691,29495,20128,20759,15357
7164,8029,1813,22540,17469,29027,16688
7165,4491,14682,28128,22870,20991,22226
7166,578,1468,15614,15781,22423,18270
7167,37,7145,15415,23175,19350,16187
7168,18,1972,25213,23095,29056,24954
7169,87,8095,29354,25100,25750,27860
7170,1953,1284,22110,19120,20890,21943
7171,5121,4043,18407,23545,18220,23674
7172,1466,6407,27869,23881,29256,15627
7173,1188,14697,29873,21725,19346,22064
7174,487,8118,18586,15605,16257,15377
7175,2469,4814,24968,21226,16039,19511
7176,279,774,16039,22538,18125,23310
7177,770,7567,17516,17205,21804,19252
7178,5243,10218,27184,24799,26189,23862
7179,32,2052,22245,22874,17076,21101
7180,70,8549,22639,22226,19785,17371
7181,0,14518,27522,27522,24413,27550
7182,105,12763,17324,22226,18220,22538
7183,175,10584,15374,19350,18591,23175
7184,5821,7744,25113,22495,23700,23661
7185,10,13391,29270,30110,25539,26865
7186,4055,4399,17305,22877,21816,21914
7187,2130,6885,25730,24708,27240,27844
7188,0,8490,20823,20823,16418,21899
7189,477,11515,18865,23310,22538,23545
7190,71,2678,27730,24691,25758,29570
7191,2421,582,17779,21914,19399,22864
7192,3003,14157,27939,27303,27673,24075
7193,2,1545,25790,28782,25530,25790
7194,4058,13601,23578,20213,17960,20687
7195,289,1711,25250,24949,24744,26189
7196,539,5133,21342,29278,23700,26599
7197,81,4377,29081,23990,25997,26341
7198,2018,3406,25835,25933,24334,25809
7199,1702,13674,24062,24192,25666,24505
7200,5797,7286,27221,25829,23675,21980
7201,117,8262,27228,27469,25058,26718
7202,1226,2906,16207,29568,24351,25364
7203,964,7763,15624,21006,22874,19542
7204,383,7955,16825,23215,19120,17088
7205,455,2945,18893,23700,22874,22495
7206,2830,446,27887,19901,29300,22149
7207,1192,2193,20223,20543,21495,23175
7208,351,10092,28481,23803,27613,26008
7209,1354,970,27025,28634,22373,20543
7210,1750,1955,21562,15009,17935,22679
7211,2770,6935,28869,27822,29027,27392
7212,710,12445,27682,26661,27121,26377
7213,278,9709,24359,28905,25502,26415
7214,0,10405,20291,20291,23215,22971
7215,796,4406,22796,19651,20553,15605
7216,946,14097,26212,19342,22408,20822
7217,731,7416,20887,21816,22698,28819
7218,25,5503,25200,24445,26950,29262
7219,70,5710,20309,16528,16764,21694
7220,6038,8845,29096,25994,20635,19404
7221,1935,12886,19828,22226,19693,22634
7222,11,913,24056,14977,27608,24459
7223,4814,8749,25461,23810,21503,19996
7224,1308,8655,24197,22226,21980,20141
7225,2554,2032,21370,22226,18489,22479
7226,521,4773,26452,24849,23700,25493
7227,6413,9047,24912,26033,15049,24081
7228,614,6948,26545,26897,28117,25315
7229,35,10314,27567,30080,29999,29944
7230,4910,9644,28384,27819,21980,24912
7231,1362,8623,26792,21821,26116,29852
7232,1854,5399,15251,20152,21680,21663
7233,1118,1864,18361,20543,28177,21273
7234,1243,8329,26421,15552,23566,22860
7235,97,4964,25545,23707,22452,29729
7236,840,3514,22237,17928,15668,19120
7237,144,2538,23772,28368,22518,29356
7238,23,11134,24814,24938,24558,24956
7239,1647,219,29886,19834,19537,23175
7240,2,10782,28654,26381,24586,28654
7241,348,10481,23947,25676,28417,26712
7242,2333,2905,28720,29170,23483,28751
7243,6419,13358,21347,21943,19120,21152
7244,355,13668,27609,25704,24345,25313
7245,166,11631,26660,28899,25970,24090
7246,0,2500,29274,29274,29518,24323
7247,7,9263,22618,18468,16049,21880
7248,346,5441,26043,24928,25805,24608
7249,88,10889,30001,28415,16156,17631
7250,8366,13953,25264,20992,22500,17096
7251,1593,9086,27475,24753,15120,30037
7252,58,8484,26689,29793,29027,29344
7253,184,9169,15563,22144,29167,29580
7254,52,525,22713,18220,22538,23545
7255,1178,1803,22493,16764,23175,29224
7256,2456,10048,25507,26532,14977,24026
7257,1003,1659,15232,23457,16059,21152
7258,41,6476,23998,26859,25044,26564
7259,1149,14431,26162,24433,28811,27537
7260,1832,13271,24585,15572,17568,20108
7261,6602,10371,22028,17517,19593,19120
7262,191,12416,23845,25583,26623,27008
7263,4848,14726,23907,30319,30085,30039
7264,4513,8508,28547,25638,30215,21788
7265,916,1223,24323,30209,28612,30250
7266,42,2182,30335,21213,20522,20132
7267,5252,1510,23413,15668,18032,23326
7268,6848,1237,18195,21765,22880,15515
7269,0,3071,28685,28685,29600,20759
7270,80,1122,28425,16257,28156,23175
7271,475,793,27382,18270,29518,23215
7272,179,6728,24770,21725,23788,20890
7273,2577,3923,18511,23215,22497,15729
7274,7920,13524,26054,23214,23487,22864
7275,370,5709,27406,29027,30064,27261
7276,564,7923,28932,29344,26873,21914
7277,1297,10370,16619,22538,23310,21101
7278,3116,2894,18342,19120,23566,15668
7279,0,2649,29201,29201,18220,23500
7280,255,1933,18625,22232,22958,21775
7281,1776,14529,14970,25220,27740,24516
7282,114,11869,28119,30190,28204,24615
7283,1206,2107,15413,24500,24192,15013
7284,352,5707,16335,19804,18220,22538
7285,82,2100,24098,24938,23874,24503
7286,6330,9847,21118,15536,21682,20522
7287,809,4028,28169,26926,24131,24147
7288,29,7246,28830,25261,24317,28164
7289,120,11418,19549,23545,21145,15482
7290,1908,4970,19772,19350,16764,23175
7291,3823,12356,14969,25680,23791,27602
7292,1991,7032,18348,23448,17885,18285
7293,4363,992,25753,29134,27112,19537
7294,3914,6003,26785,20759,29255,27911
7295,517,7348,26708,25696,29611,24822
7296,1757,9810,29429,20635,18404,16688
7297,217,8138,25723,18489,22226,18220
7298,91,4798,29651,24857,21725,26033
7299,689,14134,20407,20184,22634,22149
7300,0,14463,25170,25170,27303,24886
7301,516,2360,23426,22226,15969,16187
7302,3530,619,19059,20506,16458,18959
7303,6714,2055,29471,22565,15988,20212
7304,133,8265,29631,29718,26982,24145
7305,296,12454,28391,16695,26405,27149
7306,211,12270,29481,25752,25104,23852
7307,6807,6716,27548,28651,28740,28101
7308,369,10602,20938,22226,23545,16778
7309,2648,1731,27694,29084,29300,26847
7310,3206,9326,29840,20506,21495,16758
7311,689,13045,20526,17469,23411,20759
7312,2005,13535,21144,22232,22064,17650
7313,937,2257,28766,19713,29895,16339
7314,4140,2537,21652,22870,30166,22677
7315,4398,10436,28242,29793,27288,28931
7316,488,3062,28684,26965,17469,29793
7317,4014,6009,27068,27130,24063,25530
7318,2425,11382,29236,27788,24356,26772
7319,1734,11162,22574,18220,22538,23310
7320,6,12434,25720,26260,25143,28806
7321,694,6560,29528,21914,17469,15244
7322,1378,634,26844,26116,28673,24849
7323,219,9949,15140,25727,26296,27056
7324,627,12959,30038,29372,28298,30031
7325,567,7547,26493,26859,26714,25217
7326,976,5497,25312,27169,25973,27130
7327,636,2110,25157,19469,29793,29672
7328,685,5205,25417,25481,14997,28211
7329,336,7999,15217,30061,29970,30073
7330,138,2342,28961,28432,23653,25315
7331,4986,2774,22173,22313,18959,15982
7332,1131,12632,20958,23310,19850,22948
7333,2979,7852,27481,28969,24954,28566
7334,2035,10713,21918,21694,19693,22226
7335,6513,8768,28856,29027,30270,29793
7336,110,12816,28032,28112,27600,29814
7337,8043,3645,22466,23566,19841,19771
7338,137,6822,15831,22538,18220,23310
7339,894,6251,29659,23791,25171,28954
7340,2837,12779,27594,20742,21612,15331
7341,875,6620,20043,19350,23472,21878
7342,4904,8218,28570,14991,17322,24033
7343,874,9799,20224,22677,21495,19077
7344,286,6754,19888,21682,20294,23215
7345,238,7531,25445,26008,27867,25045
7346,370,11362,26894,29008,23984,24781
7347,29,1679,28156,26394,27574,29300
7348,3339,2329,16264,18855,17517,18693
7349,0,59,24384,24384,27121,26384
7350,981,12417,16434,23670,21682,19584
7351,211,5668,25650,26826,26184,28022
7352,19,8943,27911,20553,21816,25315
7353,119,5322,28919,25176,26887,27949
7354,1861,2957,27957,24800,23777,28740
7355,414,3232,23700,22459,18270,21725
7356,2039,14761,30242,21983,22864,30139
7357,124,7578,28762,27822,18855,29727
7358,7602,9469,26261,25638,21788,22949
7359,4,14317,20128,21486,22408,20358
7360,343,10963,27536,29341,29518,28484
7361,0,8352,28453,28453,26008,27121
7362,4352,1702,17214,22877,21914,22606
7363,3731,2212,25640,20890,23653,18270
7364,58,10910,24838,24091,27670,25404
7365,6456,13039,19104,22110,15419,19950
7366,4,6093,23238,23457,22528,21914
7367,39,5455,23514,21682,23215,22870
7368,2,5148,15462,25539,17579,15462
7369,3191,7983,18800,18220,23545,23310
7370,3920,7771,21576,23310,18220,22538
7371,2311,3426,26740,29064,29459,28740
7372,29,1059,15161,20371,17879,24822
7373,700,7607,21622,23310,23545,21101
7374,3783,2252,22461,19252,17205,23310
7375,3476,7619,19887,20890,15817,19676
7376,5,13717,24992,29802,18443,25638
7377,2108,3489,16186,28796,29119,15860
7378,312,3609,23068,22996,20556,23545
7379,2462,12166,19114,17810,22313,23483
7380,3203,5963,21320,20093,22971,15552
7381,384,7274,17903,17312,22373,18591
7382,663,9191,22781,18948,22634,18220
7383,2,6149,26144,27450,24708,26144
7384,3815,4740,25055,26160,20553,28432
7385,804,5685,19827,23310,18220,17205
7386,738,4163,19850,22870,20904,23215
7387,597,2291,17065,16525,20296,19595
7388,0,12404,27497,27497,15792,25345
7389,0,7590,28603,28603,28969,29284
7390,2,14419,25207,18852,24153,25207
7391,97,10284,24156,27837,26008,26628
7392,3776,2836,18631,28462,23510,28605
7393,70,11399,26613,28894,28226,28160
7394,603,14055,23293,23310,22538,17205
7395,3547,2459,25577,18125,19179,21101
7396,2042,8383,19627,23310,22538,23545
7397,696,9146,15532,22226,18695,19595
7398,70,4804,25915,28368,28383,26736
7399,493,4766,24365,21914,20820,29778
7400,47,9678,19527,16640,30031,15637
7401,112,14100,14978,27341,24288,24211
7402,1061,3154,25097,24753,15175,25738
7403,420,11361,18908,22373,17983,20013
7404,512,6582,24529,24147,24445,24718
7405,686,1688,16139,28207,27762,22609
7406,1076,8282,21130,20759,17469,21914
7407,1,13430,25964,25372,25964,26926
7408,4725,13215,29113,23457,17709,17322
7409,1,3789,23239,19542,23239,25991
7410,0,6794,23621,23621,22870,22867
7411,1457,4510,17387,18270,22698,19120
7412,198,9775,24815,24814,24285,27469
7413,554,10245,27660,22251,21164,27556
7414,3255,9373,25728,15117,29326,18966
7415,783,5189,22870,21781,16183,22864
7416,149,4320,18313,22870,23215,17928
7417,7552,4026,25203,19065,26616,26681
7418,772,2292,15675,17726,15037,22554
7419,624,2078,26072,29879,19172,16097
7420,112,7427,19715,23700,23215,20229
7421,4,12785,26852,25519,27755,25396
7422,1381,7253,28874,25813,29930,30078
7423,2591,3125,16747,21914,19525,23911
7424,921,9449,26788,25402,24947,25564
7425,520,9904,25939,25557,27838,28559
7426,25,10835,24349,24758,27167,28259
7427,93,1285,21892,22226,18591,23175
7428,2845,5191,29392,22414,29195,18220
7429,6473,14753,29922,30270,29896,20260
7430,6110,5958,19869,24323,16042,18285
7431,1056,4846,27491,19920,24928,16750
7432,6628,2518,18982,22698,21725,23215
7433,1326,10518,27324,28561,20395,27130
7434,395,7407,18771,23700,22232,18489
7435,24,5034,24769,25657,29680,29123
7436,693,2254,15253,29680,24575,26231
7437,77,14594,25955,27389,15016,24549
7438,326,739,25365,15592,19719,17653
7439,2745,14002,25907,16764,21980,23563
7440,3014,2386,26599,30270,29027,26409
7441,203,10654,24057,26729,24948,28171
7442,303,3629,17709,17469,16347,19042
7443,3441,9960,16739,17630,23294,20927
7444,0,14648,30163,30163,27987,26193
7445,3535,10148,27695,27774,24081,23841
7446,1101,8635,26139,28782,26729,26008
7447,3560,3607,18101,18220,23310,22538
7448,48,11258,19519,23175,16764,17630
7449,520,11046,26549,24477,26150,24697
7450,146,296,27362,28867,20724,26231
7451,207,14281,25214,23894,28761,28180
7452,7887,2650,29107,29722,15177,29713
7453,5924,11006,24652,21022,20372,19000
7454,582,7883,29555,17343,23881,19276
7455,1918,7111,28858,29012,29395,23700
7456,7414,2946,28363,23988,17580,28336
7457,351,10531,22611,22749,19252,23310
7458,17,1928,16758,16764,19350,23175
7459,4373,6763,23096,23310,17205,19804
7460,63,4497,25197,24642,29123,24579
7461,926,11669,24925,27421,15155,25443
7462,32,4221,30132,30119,28228,29120
7463,1,7012,24444,28258,24444,30190
7464,6755,13350,22113,29554,18767,20759
7465,49,10665,22253,18491,28379,19449
7466,3,2858,27088,27011,25513,29051
7467,1287,3281,22004,22606,23465,19769
7468,18,3652,23474,23597,19479,19804
7469,7001,3662,26697,14977,29262,27015
7470,99,13930,15435,18728,20890,15967
7471,948,6601,29086,16764,21694,18959
7472,2593,3813,25856,29633,30122,29928
7473,3023,10958,21376,15668,19077,20522
7474,9,11953,21935,29793,15297,24701
7475,1085,9272,21039,18220,22538,23545
7476,1407,2356,28760,25781,25249,21481
7477,1523,8406,15787,23545,22226,19740
7478,970,10918,22575,23190,18220,22538
7479,193,2221,19396,18220,17686,16097
7480,182,8639,23683,19069,24490,22609
7481,3,13104,27617,21510,20255,22708
7482,10,8679,25130,25022,25429,27473
7483,95,2158,28000,29970,28442,30026
7484,2440,11107,15129,22190,20128,14964
7485,895,7440,22422,19172,19252,19768
7486,1063,8087,24341,26690,28091,27049
7487,1052,12279,20825,20303,22514,22460
7488,8069,7494,24421,26389,26001,28784
7489,15,2353,14984,26575,24016,24351
7490,13,2888,24216,26962,26458,28740
7491,533,13173,15151,23375,24940,23487
7492,3779,7461,15240,19788,28804,17322
7493,2027,2955,29060,29027,30270,28152
7494,6415,4353,15478,23215,19389,18855
7495,1306,14061,25159,27406,25171,29793
7496,26,6892,23288,23566,22373,18948
7497,1880,12348,23685,22232,22874,19693
7498,278,13829,28884,28773,24091,25155
7499,3498,6366,26223,24316,25805,29056
7500,1319,5482,15052,22226,19693,23175
7501,3972,14509,30267,23310,29868,23507
7502,557,3105,28346,30019,15054,28524
7503,781,8299,19144,22829,23310,19252
7504,57,11979,26149,24199,25567,27837
7505,132,7891,23063,23215,20904,23166
7506,2811,11279,18293,18012,19350,19584
7507,190,7769,24721,28049,25166,23896
7508,5465,14165,27980,26123,24692,28782
7509,6303,14050,28191,27470,16998,20152
7510,49,9196,26664,28551,15016,24402
7511,21,8831,17376,22122,15396,16987
7512,135,5863,23807,27469,28325,24445
7513,2693,3839,15309,27762,28972,29680
7514,5704,11029,29802,27214,28112,20939
7515,514,2887,20601,17686,17883,23190
7516,1006,13705,17842,22226,23215,20773
7517,879,9193,27002,22100,20825,26787
7518,115,1624,25324,24190,28226,24094
7519,257,12035,26288,30270,28931,17469
7520,234,2909,26794,26031,26661,25576
7521,4534,7641,22132,22149,16101,21892
7522,863,5646,28398,23175,17650,29108
7523,508,11327,15321,22948,23566,19350
7524,582,10598,23876,28511,29236,26384
7525,3236,9968,19678,21816,20553,29335
7526,1,4926,25659,26030,25659,25087
7527,14,2856,29535,26441,24561,21073
7528,23,2994,23569,23563,19004,20240
7529,512,8044,28304,25209,24910,28767
7530,21,4566,20113,22870,21067,15675
7531,6545,553,24820,27156,26851,29344
7532,442,3084,23209,22373,22495,16042
7533,0,10046,26690,26690,26123,26189
7534,189,2636,24312,24553,27124,29066
7535,2035,13408,26966,29725,27373,29212
7536,756,3913,28312,28528,27822,27392
7537,3014,14425,21644,17983,19422,22634
7538,25,1270,25212,24554,28146,26389
7539,4191,9629,27424,26816,27537,24373
7540,768,9418,25864,29171,24501,24970
7541,3384,1911,20583,16690,17205,23310
7542,0,13659,26255,26255,26871,29933
7543,4807,5506,20511,22226,21289,23700
7544,1264,6762,29339,29134,29382,27615
7545,0,6372,19804,19804,21926,21011
7546,0,14482,25081,25081,26296,29354
7547,2127,1841,23200,18220,22538,19612
7548,3973,10162,25156,14979,28819,26125
7549,1306,4033,19474,16208,21022,23190
7550,2119,12241,25689,28134,26008,27316
7551,34,12496,24380,25813,29930,24509
7552,490,8911,23518,22971,22416,23665
7553,4565,3542,17185,21816,16042,22518
7554,105,11789,25311,27613,25588,25567
7555,3165,8884,18535,22971,23215,17517
7556,2346,9823,27785,28561,25693,23759
7557,6030,1069,23310,29683,23375,20128
7558,775,10098,17152,18489,23595,22948
7559,389,602,15472,16439,20064,29350
7560,1676,6283,19547,22679,17935,20672
7561,2453,9348,27872,18830,21943,21725
7562,484,12013,15976,21775,18220,22226
7563,4970,14671,29612,22650,23487,22190
7564,7494,8677,27895,18855,17517,21914
7565,138,10937,20445,16810,21104,19058
7566,3334,7421,27835,29778,28804,22528
7567,70,9210,26399,20560,20820,18731
7568,14,10312,27419,26296,29123,23803
7569,288,3889,23866,15049,24232,25169
7570,4162,12916,20072,22226,17205,23310
7571,850,5357,19671,21821,19696,22226
7572,4600,13852,25261,25204,26199,26697
7573,2210,3972,16242,20228,23057,18505
7574,0,11411,24459,24459,15087,15266
7575,74,10324,25394,26937,23339,24464
7576,3448,5979,22705,24332,16944,22303
7577,853,10360,19849,18695,21295,23670
7578,306,10769,17320,22411,18220,19804
7579,612,3623,24107,25985,27373,26641
7580,26,12480,16483,22430,22581,15623
7581,0,3295,15196,15196,23361,22602
7582,947,12322,28863,29379,26652,23285
7583,441,4511,24767,26555,29262,28090
7584,279,5307,15837,22430,24827,24910
7585,861,2305,16199,22538,22634,23310
7586,418,3223,15629,25657,24288,23416
7587,110,2756,17389,22226,23665,16257
7588,566,14332,27066,19920,23361,29635
7589,1384,12018,23809,26068,24633,28393
7590,397,935,27801,28987,29027,30217
7591,191,4860,24128,26031,25729,28394
7592,1301,4754,15543,22874,21101,18220
7593,1815,13546,24329,29318,28000,28332
7594,15,3000,20763,23133,22880,16119
7595,2720,7644,29606,29555,29703,29282
7596,215,5892,25530,23872,15058,15077
7597,0,6184,26886,26886,28255,26090
7598,1152,4096,20514,23170,15442,17270
7599,0,8233,21890,21890,21682,23316
7600,4161,3092,15324,17879,22626,29704
7601,1444,6041,19000,22682,23215,21725
7602,428,11028,20980,23566,23657,21873
7603,783,600,20412,20855,18984,18767
7604,2217,3757,29461,28204,21816,27920
7605,306,6438,22012,22373,22870,15675
7606,30,10525,25208,23840,25502,24228
7607,4187,10120,25051,24601,25442,24985
7608,0,13939,26522,26522,26138,24634
7609,3718,13797,29645,28115,29759,29217
7610,866,4838,23400,29521,23579,23700
7611,1728,5904,22265,21342,23310,22090
7612,309,13198,28327,24024,27142,26008
7613,57,7357,19120,25440,22339,19600
7614,188,10717,30111,30119,29599,29425
7615,8069,7374,21088,19626,17469,27744
7616,598,12903,25211,22518,23311,30052
7617,1225,1359,17962,22948,17983,23243
7618,1440,7130,15028,18350,24288,28832
7619,533,1685,24580,22495,19389,23579
7620,8225,1816,15854,26546,21943,23590
7621,5883,472,15003,19950,25467,28412
7622,1249,10694,29000,26301,27207,24829
7623,1627,3299,16795,17983,29531,22634
7624,451,11011,15342,23595,22226,29881
7625,2975,8740,27014,17469,23411,18285
7626,882,6048,22357,19700,18948,15969
7627,1315,8361,19596,23457,14977,22528
7628,1016,6091,18050,18012,23175,16764
7629,1224,12117,25174,22877,28699,24544
7630,360,3667,15203,24353,27796,24852
7631,933,12092,27838,23833,24209,24958
7632,683,11740,28107,23928,25459,28769
7633,5922,2802,23550,24318,19396,25325
7634,684,14608,20389,21152,29873,23119
7635,2026,3886,26754,26574,27982,29397
7636,81,12919,29669,22785,27247,29793
7637,1,14473,25680,27680,25680,25913
7638,3929,6160,23599,22226,18489,22753
7639,1040,6697,17194,22606,21914,20511
7640,20,4835,20924,21276,21899,23057
7641,2359,9677,28435,26384,24140,29008
7642,20,6237,27809,29379,26575,26439
7643,992,10321,28025,22528,27156,29388
7644,242,7399,25366,27965,23801,23751
7645,1210,11821,19736,17339,18035,21776
7646,92,2463,27358,24445,28588,27376
7647,2973,10830,21358,23215,16564,16724
7648,1570,5511,28696,22538,24053,23310
7649,27,13588,29677,29619,29641,29700
7650,3186,12275,29653,29161,29683,26852
7651,892,9558,23701,19719,22226,18948
7652,1568,9640,16516,22698,20890,17928
7653,0,6722,29771,29771,27600,29814
7654,346,10669,29012,19901,29300,30166
7655,5631,4403,19153,21943,15719,20820
7656,586,9593,22935,19399,19745,22864
7657,169,12287,29248,29814,29497,29793
7658,2551,7011,29291,26897,17953,17205
7659,4240,9107,18700,22874,22996,22226
7660,929,9964,27070,29793,24133,30270
7661,1456,704,15967,29146,29603,24668
7662,2,9567,23405,16128,17476,23405
7663,1824,13906,27124,26415,23926,28960
7664,737,10692,22882,21765,16328,21880
7665,51,9610,26006,29027,26965,29518
7666,1087,3079,27963,28651,29344,29027
7667,1151,11049,16381,20824,26568,24512
7668,1436,7937,25499,30099,29991,24550
7669,1007,11739,21784,20560,21914,27571
7670,1552,7338,26614,27343,26088,23984
7671,141,11957,25010,15123,30010,25738
7672,1026,11812,22001,23595,17407,18220
7673,5013,5095,25628,18959,21694,21049
7674,7441,3332,28510,22972,22874,22232
7675,5023,4485,19305,21725,19120,27506
7676,5870,8934,16391,14977,22368,19920
7677,3882,1227,15627,19513,22634,23310
7678,750,5893,23496,18220,23545,20728
7679,565,1513,29574,29860,29793,23375
7680,1354,366,22136,23310,19804,23545
7681,100,3307,14960,24288,24512,26464
7682,1317,8745,23563,17205,22538,23310
7683,6,1384,28204,29459,23657,27167
7684,313,12027,18996,19399,17879,18933
7685,5041,14426,26438,25732,26202,29588
7686,4514,2669,28626,23872,24130,14977
7687,129,2369,21741,20023,23310,20926
7688,47,11365,27427,25047,28161,23657
7689,1956,11933,27479,24334,23310,26594
7690,1688,11854,25322,27943,25748,27712
7691,4628,7690,29742,26847,23566,19734
7692,2804,11919,29468,29108,17270,26965
7693,2924,7022,15969,27960,21914,23566
7694,2191,4781,27107,21816,22860,15054
7695,2182,8644,29447,26897,28177,29300
7696,2189,1256,28914,29239,26662,22373
7697,266,10036,25298,26502,27614,24172
7698,173,6976,28374,25699,28931,29793
7699,101,11099,26923,28028,24552,25313
7700,2724,1824,19079,20927,17270,21495
7701,1,14836,26583,29040,26583,27397
7702,1564,8326,24754,24753,28297,27764
7703,1807,5998,18108,23670,22843,23710
7704,3792,2947,16903,17469,16042,22682
7705,5050,13561,21191,22226,18220,23545
7706,4748,9283,19642,23310,22538,18125
7707,103,5677,20809,21022,16764,23175
7708,1,13261,29801,29814,29801,30147
7709,2167,868,18915,19986,22422,22721
7710,1652,8942,29044,25765,25143,26085
7711,2755,1662,29869,15447,15873,17879
7712,229,9355,30005,26881,29442,24391
7713,11,13501,25865,25466,23834,25380
7714,1614,6838,19720,16764,20240,22971
7715,1659,2475,19490,17371,22144,22226
7716,330,5713,19310,21873,21682,23121
7717,7934,12788,28460,27288,25699,17469
7718,1417,6236,17848,17410,19350,20171
7719,438,7679,15886,18948,22948,17983
7720,371,8561,17718,27167,29314,24318
7721,139,11216,24544,25404,23984,28320
7722,69,3548,19879,28751,16904,16418
7723,51,11552,23215,22226,22232,21980
7724,1553,2897,28563,28773,26712,24116
7725,45,8846,21036,17205,22669,20108
7726,111,210,22862,21101,22090,22874
7727,4886,6250,29756,28130,29011,29403
7728,3609,109,21456,23670,18742,22224
7729,9,7219,25335,26327,14967,24586
7730,71,13897,26963,25406,24809,28982
7731,141,6761,28448,22495,28273,28669
7732,90,14245,30115,30043,25210,30036
7733,2253,11759,16724,21101,23545,22874
7734,868,464,29639,30122,28473,28177
7735,186,5993,20250,22948,20183,18220
7736,3181,14748,28175,19713,17953,28784
7737,619,1625,27489,25046,25045,27910
7738,8,8992,25089,25151,25046,26327
7739,71,13693,26346,29170,25327,16257
7740,3879,7483,15634,23588,21295,21743
7741,1879,12515,22523,21914,22518,19389
7742,4247,13007,28625,22528,19905,17631
7743,0,13178,28194,28194,24379,26832
7744,1226,6143,28229,26714,24767,26728
7745,134,7119,21773,17517,16042,22870
7746,2184,11283,25616,27040,24608,26930
7747,398,6453,20909,22538,23310,19252
7748,1000,6286,27703,30013,30270,28700
7749,0,5343,21670,21670,16362,30183
7750,3711,13517,28670,25995,26568,25859
7751,796,8468,29064,27960,30270,29027
7752,439,10359,25013,30051,26927,27423
7753,8,9849,24025,25852,24948,26851
7754,1,8314,21592,20905,21592,19680
7755,165,1988,15793,23310,19252,20672
7756,1145,13685,25338,28664,26799,29157
7757,4576,11861,25418,22024,21397,23375
7758,493,7075,17170,17205,23310,20108
7759,6661,6375,24029,15139,17469,29600
7760,2721,8832,28383,24447,22705,29315
7761,340,13815,25861,26331,27943,25530
7762,17,3921,16496,16554,17376,19479
7763,3971,7232,28300,27235,18505,26697
7764,1639,26,16529,23545,18220,22226
7765,3,4398,24351,15077,25402,23803
7766,36,13101,18867,23545,22226,20494
7767,4550,11627,29488,27470,25867,27167
7768,3941,10186,27019,27742,25794,27009
7769,886,6334,19304,23310,17205,22538
7770,67,12680,28393,26989,27910,28734
7771,298,12264,25233,25403,24824,25513
7772,4793,10919,17464,21816,23566,18984
7773,1064,4719,22800,22996,23523,21882
7774,2316,12706,29844,20759,17059,15182
7775,1905,767,29093,29146,23707,29792
7776,178,2786,28275,27960,21152,29344
7777,1089,5708,29069,28919,29146,28939
7778,996,9685,23137,23700,19928,19740
7779,2655,7417,19790,17517,17928,19120
7780,3,7448,23001,23301,15395,19058
7781,118,10913,27987,25444,27142,25489
7782,435,10895,25755,19276,22798,15536
7783,8217,11458,22929,21914,20759,22606
7784,3673,216,15078,18316,24482,29314
7785,138,412,23317,23705,15599,21743
7786,10,13026,23411,22606,18285,18677
7787,144,11106,25691,25045,24402,26327
7788,0,12371,23835,23835,27927,25171
7789,581,8079,30093,24515,23970,30070
7790,2283,8353,24032,28201,24081,26609
7791,8,3083,15197,23340,23070,20219
7792,4563,4807,25736,30270,20759,17469
7793,1160,7800,28947,27381,24917,27774
7794,60,8372,27201,30270,23375,28366
7795,389,13819,25875,29087,28091,21115
7796,430,6287,17007,21101,19252,21804
7797,234,4414,24102,28740,26458,26962
7798,7430,12921,27851,25045,23755,26882
7799,4747,3354,24847,27506,28651,23788
7800,801,6768,29545,23700,26599,26597
7801,260,2683,22360,23595,18220,22449
7802,2091,5016,18874,23310,17205,22538
7803,6497,9071,23636,23215,21320,21542
7804,2189,5174,20814,22870,23657,23215
7805,543,13676,23060,17935,17983,22721
7806,339,13793,27826,29033,25455,25856
7807,724,9302,24332,17953,28784,21980
7808,5894,3610,29588,25530,24471,28974
7809,379,5882,23182,23472,23057,18398
7810,838,2988,26136,29521,19389,28577
7811,326,13787,28091,25284,26374,24042
7812,1370,551,19680,23071,20781,19767
7813,1369,11493,19708,23566,16904,20473
7814,68,8444,28929,23990,29027,15641
7815,354,1755,28325,28132,28449,26189
7816,7081,12770,25634,26890,25809,25099
7817,183,3756,20015,17205,22538,19804
7818,3394,2179,24783,29668,26965,17954
7819,30,14294,28687,26637,23457,19841
7820,1136,8878,29706,29328,28714,23215
7821,61,14785,26536,27274,25599,23900
7822,414,4851,21406,20522,21325,22682
7823,2547,11319,16636,19335,17983,17725
7824,7336,8017,24628,24946,29027,22662
7825,35,7431,29011,23175,22682,23483
7826,718,1273,26674,30270,29793,23487
7827,8469,1889,23099,15668,22514,21725
7828,394,3151,29380,26609,24081,24316
7829,69,14894,29817,29646,30320,28677
7830,0,5842,28056,28056,18808,24244
7831,2577,8728,17580,15592,16764,18776
7832,3,8788,20146,18220,19513,23670
7833,1285,5392,17650,17751,21725,20759
7834,524,10997,18844,15675,22373,22870
7835,45,11584,25026,26052,26766,28824
7836,866,1179,24886,26246,24130,23984
7837,4855,896,29005,21914,20820,22514
7838,609,4882,25798,28899,23771,24090
7839,48,4316,27544,24769,23339,19434
7840,81,8937,26873,29402,24770,29444
7841,91,9963,19449,19928,21694,29252
7842,403,6645,19643,17983,22226,18489
7843,2782,7742,29026,15552,27960,20759
7844,367,11189,17619,23597,23664,23661
7845,8622,579,16809,21914,21816,23211
7846,233,2467,22178,14977,22554,16042
7847,76,7295,25161,27817,25048,26327
7848,1,12889,20382,22226,20382,21104
7849,4093,8921,28705,20553,25315,27156
7850,818,11413,19909,22502,29027,28910
7851,402,1445,29216,26609,24316,24981
7852,2636,1589,17332,22149,21101,21022
7853,74,8124,24377,25208,25405,24932
7854,524,10183,22349,20522,19920,16042
7855,229,1529,24637,27169,24402,23818
7856,1070,2635,29582,23975,28330,28408
7857,1433,7875,20551,22874,22843,17650
7858,219,2439,20292,16764,21506,18959
7859,47,1477,20067,17205,23310,18220
7860,783,9399,27500,26646,23992,26859
7861,77,8525,27651,21816,22373,29422
7862,385,7060,24884,28982,25406,29087
7863,732,13367,29920,22514,25742,15297
7864,1,13344,23837,24467,23837,27838
7865,23,8175,22692,21094,22020,22226
7866,484,9268,29147,23683,18350,17436
7867,1091,4312,26083,15037,18855,16750
7868,3215,5945,22530,22874,21101,23545
7869,1782,903,21506,22518,22971,21242
7870,758,668,18365,18443,21818,22721
7871,440,5436,23804,26577,26327,28608
7872,973,12303,25342,23755,28325,27500
7873,167,9354,30247,20354,30323,19525
7874,2318,7977,25725,26144,25073,28325
7875,1571,3016,23103,22232,22948,18489
7876,3485,5959,25164,28740,24353,25006
7877,8,9313,29790,29787,28112,15042
7878,679,2726,21163,18220,23057,21959
7879,102,399,23057,19113,20306,16465
7880,2715,10475,25645,28751,22149,29252
7881,1320,304,28982,26467,27537,27005
7882,23,8856,23429,22858,23310,19542
7883,2393,836,23538,23566,28432,27949
7884,131,12860,28842,26926,26301,27316
7885,1412,7388,24851,29341,29518,17983
7886,680,12970,24328,25459,23928,25959
7887,284,12246,18589,15244,23911,20560
7888,755,5236,25121,26705,27120,26965
7889,2178,13366,27464,25308,24880,29521
7890,782,7163,29310,28473,26116,25658
7891,685,7078,16272,23566,16904,22495
7892,46,12283,27739,25704,24083,25519
7893,0,11351,27249,27249,28888,24720
7894,593,2540,17053,20522,21781,19077
7895,10,3098,20553,20855,19276,22564
7896,6,7900,27905,29998,25210,30026
7897,1209,8948,29095,26381,28050,25530
7898,1256,601,26165,27144,28744,27949
7899,6123,5996,18717,22149,21276,21101
7900,1722,8216,24664,29313,25462,26008
7901,0,2859,25699,25699,27288,24084
7902,773,4730,22656,22538,23310,17205
7903,812,4329,28676,23880,25027,25294
7904,1251,2567,21366,16403,29640,16299
7905,3561,1365,30121,30001,26732,29241
7906,4129,1781,27891,26833,28442,29379
7907,4056,6056,21267,23670,19693,18742
7908,447,1843,21834,18771,20167,23604
7909,1681,12675,25409,29413,28770,28243
7910,237,5072,24027,29518,21748,20890
7911,1335,3633,24910,22226,19479,26594
7912,107,11536,27775,25313,24073,28793
7913,38,8390,28969,29344,29370,28294
7914,1624,7676,25794,21101,17697,18591
7915,3273,14478,26935,22749,29730,16088
7916,3062,10515,24902,27273,28954,24928
7917,710,14517,26606,18933,21213,22626
7918,2333,4286,18819,22538,22226,23545
7919,89,5960,27541,26897,29134,26815
7920,3327,4479,16688,22226,21506,29300
7921,1005,94,26058,22518,30270,28233
7922,5336,6356,23251,23566,21725,16904
7923,1,7445,26981,24133,26981,28565
7924,3625,10146,24449,25622,28086,15038
7925,3703,2175,18301,23700,22226,23657
7926,6216,13875,27283,18968,19885,22677
7927,3350,5961,20768,25475,29239,26662
7928,3077,4105,20762,17686,19179,23310
7929,1327,3209,29328,28969,20759,29600
7930,925,10773,19107,16564,23215,17630
7931,2021,11910,17328,19734,22634,21878
7932,487,8196,21626,19077,20522,21682
7933,499,14381,26676,25381,24189,26322
7934,2985,5337,29761,23310,22184,18220
7935,2044,2715,28117,30270,17469,29793
7936,34,96,15006,24508,28773,26490
7937,1883,5087,29152,29350,29252,22679
7938,3259,7861,21750,21914,18855,20759
7939,3160,12753,23170,18220,20341,22538
7940,2,5865,25447,23950,25094,25447
7941,0,8037,24228,24228,27844,24479
7942,1037,11282,29366,29681,26633,24905
7943,488,13010,28350,26729,25403,28325
7944,0,3222,30099,30099,29991,29944
7945,6,11733,24979,29191,27285,27844
7946,2,4037,15127,24963,26362,15127
7947,0,2983,26240,26240,25552,27608
7948,2,12992,29795,28660,29248,29795
7949,983,6153,22452,20904,22495,23215
7950,4155,11426,20111,21101,22538,20706
7951,5347,522,30240,17141,21242,18068
7952,7545,7654,28053,27973,14977,23872
7953,283,14606,25046,26374,29160,29043
7954,1988,12024,20232,23566,22373,22495
7955,4311,6526,19424,20543,16778,18489
7956,216,9546,17302,21682,22226,23670
7957,1439,6098,27404,21816,19832,29328
7958,0,12386,25285,25285,28314,29287
7959,322,2940,23650,23310,18220,16418
7960,386,1147,19172,23472,18948,22634
7961,462,8883,24412,26727,27492,26122
7962,5382,10047,15230,24349,27625,27853
7963,136,13100,24896,26835,28314,27185
7964,1900,9476,23557,20759,15275,22408
7965,266,12982,23830,23339,15016,26701
7966,630,6588,22049,20759,18855,29518
7967,2265,11100,29146,21914,19189,20759
7968,385,4444,27126,16184,23317,19350
7969,337,5729,21022,22232,22226,23661
7970,76,9125,16094,20904,22870,23215
7971,1434,2288,20311,21152,20759,22518
7972,12,5586,22089,21877,16660,19181
7973,511,2171,27827,22518,24691,28939
7974,2901,3377,27255,29793,30283,29778
7975,3280,4055,28080,30242,24446,28923
7976,2855,6345,23261,17088,17675,18968
7977,4935,11109,21340,18948,20477,19500
7978,6,8923,28276,29121,30111,29978
7979,867,11964,24589,24608,27658,26930
7980,77,3205,26108,26341,27526,29397
7981,890,11290,29381,28923,28258,29501
7982,2488,14447,29833,24280,26052,29236
7983,1012,13177,27373,29594,21366,25725
7984,2855,6460,24588,24334,29195,26199
7985,2,14506,29812,29800,24043,29812
7986,4555,12678,15213,19120,18855,17751
7987,1,7491,22581,15482,22581,15623
7988,1,5154,28722,28634,28722,22518
7989,168,3582,20749,18220,21101,23190
7990,309,6513,26184,24948,24219,27922
7991,1878,12945,21134,22874,21775,16485
7992,1689,2394,25168,27239,29244,15036
7993,417,7496,18368,21748,20093,17270
7994,11,6853,27880,27051,26676,25406
7995,290,6941,25690,29793,24851,30270
7996,1765,149,15687,16564,23215,23657
7997,2805,14510,15147,22602,23375,19436
7998,45,5879,22742,22874,22958,16650
7999,2136,11040,20652,17686,19804,23545
8000,493,12471,26699,24500,24317,25096
8001,939,11717,26822,24770,28682,30242
8002,1981,13285,26170,19928,22870,19187
8003,4055,11207,19636,22538,23595,21101
8004,2357,1291,26049,15164,15166,24116
8005,1661,3155,26311,26383,25106,22531
8006,74,3750,22999,23310,18125,22538
8007,60,2704,25983,15555,26599,15834
8008,481,6115,27731,24130,24940,24040
8009,666,3831,26235,29518,23657,23215
8010,3394,7515,18526,22368,20635,22682
8011,29,14808,26392,23310,23043,18220
8012,1352,6711,19641,21914,17517,22962
8013,7426,10729,14962,25633,17678,23801
8014,150,1479,26934,24362,26139,27461
8015,2197,3149,22395,23670,18742,20146
8016,1166,2810,22912,23375,17469,21914
8017,41,4563,29680,25326,24020,26108
8018,26,2996,17717,29937,23040,30075
8019,62,12922,22423,17983,27479,18780
8020,1,4020,20724,19434,20724,24151
8021,532,7648,26838,28773,28381,28049
8022,5994,8211,27256,21914,27121,27796
8023,189,5652,28135,28383,28762,28368
8024,0,1307,27105,27105,27460,15139
8025,341,12080,16886,22248,30166,21495
8026,63,12490,28009,19065,29244,29022
8027,2727,11542,18987,26897,22232,22313
8028,1415,955,25236,27536,20759,28233
8029,1375,1828,24456,29141,22149,23175
8030,2060,2249,15107,23700,22226,23566
8031,690,1634,26450,24720,27247,27762
8032,4,6350,20927,22382,20270,29224
8033,1651,7444,27379,19034,24065,21101
8034,1453,9897,25656,23950,27500,23755
8035,672,6105,20225,19768,20067,21804
8036,5733,6290,27103,19788,18855,17322
8037,374,13322,15229,22365,19408,17496
8038,329,10716,26623,25594,24773,28381
8039,469,192,26490,26669,26056,24795
8040,4376,10239,19468,19479,18220,23597
8041,220,1663,28875,25738,26036,28649
8042,4425,4139,23554,23545,19513,18795
8043,506,5076,17643,18220,19693,23310
8044,814,12815,29684,29673,27602,30139
8045,305,11394,27445,24479,25380,24144
8046,1535,3085,29517,26945,26405,29984
8047,659,1082,19025,23310,22538,23674
8048,6831,2445,21395,26543,22606,20759
8049,3958,2773,14996,27185,24822,18457
8050,2340,13195,28771,28239,29169,21914
8051,396,8478,15475,24046,18718,26781
8052,1065,9152,25171,27454,29369,25005
8053,59,13302,24680,26008,27643,25403
8054,0,5722,22081,22081,22650,15381
8055,30,12929,29673,30131,25329,27602
8056,267,10827,28877,30026,30019,30102
8057,13,5927,21933,20635,22514,20927
8058,2755,10265,26097,24608,28740,25177
8059,1688,3035,27903,20890,17989,26939
8060,89,14138,26059,24356,28140,26969
8061,38,7085,19192,29778,28547,14997
8062,6434,186,15206,17469,20525,23411
8063,541,14318,24138,26189,25663,25045
8064,423,11761,25228,25311,24601,24664
8065,1140,3064,21635,23215,20543,23657
8066,1198,5284,16941,21821,17884,21878
8067,6063,9894,23072,23175,19584,21145
8068,17,6954,27708,26582,28417,29223
8069,6,920,24368,26296,23803,24090
8070,1,937,29153,27214,29153,29027
8071,467,2702,25084,21816,24544,28699
8072,483,2206,22302,22149,23175,22226
8073,4973,10500,19373,23566,22606,23457
8074,40,8235,21495,17928,15243,17726
8075,2853,10240,24174,26008,24703,27142
8076,213,13510,24987,24128,26891,26144
8077,45,102,29888,23700,24447,18728
8078,145,9362,19780,21101,23310,22232
8079,7,5669,17476,19680,15442,20763
8080,20,7269,22613,23457,22606,21914
8081,1305,4235,27669,26121,29995,30078
8082,1142,6028,24787,24116,24042,25284
8083,742,7261,22966,22682,22368,16042
8084,855,3224,30153,20553,21980,16437
8085,50,10887,22430,16811,16042,26965
8086,2545,1267,19841,30317,23657,22430
8087,1256,8850,25496,27547,21597,27042
8088,2404,8021,27390,24130,24040,26894
8089,18,9858,19669,16458,23175,16764
8090,133,5924,16596,22538,23310,18220
8091,0,14073,26167,26167,25865,23717
8092,1284,2214,17780,21101,18948,22537
8093,655,2566,21522,15896,22971,17718
8094,331,7612,29028,30190,29078,28273
8095,122,2026,24477,25402,24440,27264
8096,1788,4171,21389,21101,23670,18948
8097,4565,650,21226,17469,20560,20820
8098,698,8387,28150,17517,18855,19120
8099,146,14081,28404,26962,25440,27480
8100,11,10010,24408,25020,26090,25429
8101,23,722,15280,23700,23215,23566
8102,1867,9317,27704,22679,23566,29252
8103,1888,4829,22006,16183,19525,17496
8104,1938,3112,26969,26527,24956,26729
8105,129,511,22213,19595,22677,21775
8106,260,1131,19330,17568,17686,22847
8107,180,14187,15352,19201,15167,20522
8108,5411,13998,25521,24482,18678,29146
8109,550,14733,26148,22728,27817,25046
8110,1135,5055,30031,25210,30043,28442
8111,350,8149,21052,23310,22538,23545
8112,4226,8848,22593,20635,21576,18127
8113,517,6496,17937,16764,23175,20597
8114,1507,10309,26734,25616,23795,27181
8115,5863,14660,15180,26861,29910,29411
8116,3753,14672,26106,19815,24212,26088
8117,3868,10414,29138,19537,23705,15012
8118,291,4238,27646,29518,23215,27732
8119,4332,12159,22443,23175,22226,22495
8120,180,13340,28214,26816,28773,26494
8121,3279,12592,19253,22948,23700,17630
8122,29,1412,25623,25083,25119,26494
8123,2707,14664,26534,23457,17360,20467
8124,1,5771,28712,28361,28712,29314
8125,1985,12718,18927,21180,18757,22841
8126,3533,2375,21879,18489,23175,20543
8127,306,12072,26900,27130,24270,26248
8128,290,9765,26738,29879,30215,25203
8129,0,11760,24581,24581,24740,23809
8130,1346,7860,18590,18012,23175,22226
8131,4080,5672,19516,16764,18353,21022
8132,5352,4175,30254,20975,23175,23670
8133,3293,9257,28921,24418,25396,27708
8134,8678,9078,27440,27474,27129,25721
8135,37,3201,20300,23190,22226,20372
8136,1665,3887,17762,28732,15729,20543
8137,2315,2796,21315,15668,17928,21548
8138,680,11538,27713,17469,17676,26965
8139,1398,7493,28005,28651,29793,26639
8140,147,10256,23499,20759,22708,20255
8141,4,2010,28824,24311,25763,23826
8142,1137,10376,26933,16381,29171,28466
8143,11,9384,20453,22626,29399,27043
8144,803,1543,27761,30026,30005,29983
8145,702,4768,20473,21914,27571,17469
8146,2496,1319,19067,23566,16042,18032
8147,1442,4116,28280,19901,21694,23224
8148,425,10731,24495,24402,26459,25403
8149,6058,8746,29420,20759,29029,28394
8150,1946,7609,29566,30097,26360,29959
8151,3,11194,22026,23001,29825,16337
8152,140,12491,22459,22226,19928,17884
8153,1735,5477,27325,21694,23224,22149
8154,4499,4009,30320,18101,22050,18678
8155,942,12091,29285,24873,28330,28178
8156,5271,13046,30146,29812,29800,23968
8157,121,10437,19314,18855,21220,16042
8158,2046,11438,16275,23175,22149,20477
8159,10,136,26355,29027,26487,28637
8160,1946,771,27167,22333,23584,22884
8161,5946,13579,25817,26202,23200,28991
8162,1133,12455,15736,22226,18948,22874
8163,2211,9349,29066,26870,26486,25476
8164,252,10854,29819,25777,28974,29037
8165,73,12254,28679,26119,25429,25519
8166,250,9711,28103,28969,17709,27025
8167,42,7122,20590,18220,23545,22858
8168,143,441,27385,29939,18669,23970
8169,4,9895,21725,16564,23054,15641
8170,64,11589,17307,22232,17630,17088
8171,431,10617,24985,25403,24824,26327
8172,42,9145,26073,21980,29300,26548
8173,293,7413,15363,18220,23545,22538
8174,489,12614,25155,24636,24544,27554
8175,1350,3849,24026,29108,17650,28258
8176,1288,9499,21212,22870,22423,20924
8177,749,4429,24891,28442,23811,28060
8178,482,12368,29302,26524,25138,24958
8179,13,1426,30006,30028,25517,29946
8180,0,617,18629,18629,29680,24732
8181,661,5686,16012,18776,18416,27116
8182,5932,2691,29708,29793,20759,21914
8183,958,153,22389,19500,22634,16065
8184,17,6544,28948,27830,25326,30132
8185,3088,7405,28750,22449,20556,29879
8186,193,8607,25617,29459,25758,21486
8187,127,1106,29553,26020,25690,25391
8188,8393,12196,16025,21914,22528,19189
8189,184,5298,22460,23215,22971,23175
8190,398,12687,20109,18690,21816,17935
8191,226,11639,22533,23310,22538,17205
8192,1130,4476,27824,24940,23375,19399
8193,142,7371,20059,19901,22226,23588
8194,23,12731,17615,22149,18353,21735
8195,3,9675,20164,22528,21914,19189
8196,683,11503,15122,15248,24013,27158
8197,0,4791,15740,15740,23657,16042
8198,211,4052,24175,30026,27038,30029
8199,368,6421,19734,19693,18220,29521
8200,23,12868,28077,30063,29942,30031
8201,89,2629,29704,29600,20759,18855
8202,4658,1581,29409,29344,21914,15139
8203,242,9952,21353,16402,21642,22737
8204,346,2393,15215,18220,23310,17324
8205,3681,12636,26208,19201,29793,19525
8206,584,3412,25481,27573,27364,23931
8207,71,894,22710,17469,26965,20358
8208,8,7455,29318,30028,30066,29974
8209,717,7757,27931,26897,22464,28930
8210,478,4524,23165,21652,15668,18032
8211,508,13996,26746,27906,26031,24703
8212,32,3726,28473,27348,28204,21663
8213,1334,3117,28027,23881,25047,27658
8214,2177,9463,19040,20477,15572,22495
8215,226,12838,27196,15451,27341,16449
8216,2680,10082,16192,24446,18984,23258
8217,626,12542,22293,22368,16042,17879
8218,245,6982,15746,29879,22538,21101
8219,4276,7898,25206,20975,16764,20249
8220,3385,2956,20747,30270,29344,28847
8221,3402,1789,18415,21980,20924,20059
8222,7761,12040,18023,21617,22864,25097
8223,684,9394,22300,20553,27949,23472
8224,188,11784,19600,21816,18984,20013
8225,2275,5514,26177,17935,23340,20746
8226,117,12501,26961,24782,24949,26701
8227,107,6833,22848,23670,18695,16274
8228,122,8938,17316,17549,30118,16511
8229,4637,5849,27756,28060,29260,25579
8230,421,3561,29484,29699,29134,27637
8231,6,7680,15850,17549,16505,20099
8232,98,4828,30292,17834,21510,23516
8233,5551,3567,18932,23310,18220,23545
8234,657,13572,25079,26964,26681,25022
8235,29,9749,24947,26008,24143,26718
8236,0,13824,24991,24991,29388,26300
8237,278,2911,28466,25403,26729,25212
8238,7,2580,24707,24043,28451,17793
8239,14,13526,20001,22226,29252,23175
8240,3,11441,23970,29112,27423,29703
8241,1917,6502,16655,15515,15552,17879
8242,2,1056,29252,21481,27941,29252
8243,3309,14860,24922,28290,29061,28381
8244,4948,11287,30272,19525,18968,19201
8245,142,9762,28394,29082,24016,27608
8246,0,14018,21889,21889,21980,22149
8247,396,1282,23297,16183,20522,20759
8248,130,4298,18683,19801,30117,30063
8249,555,9824,17181,19920,14977,23448
8250,2622,12164,28509,28173,25462,27179
8251,250,1570,21920,22843,20373,21067
8252,138,11642,19138,20651,19058,18672
8253,0,5420,26500,26500,26816,24373
8254,146,11456,15499,19804,19612,23120
8255,76,11873,25376,26189,26160,23566
8256,3376,13228,24422,25204,24334,19479
8257,0,9281,24504,24504,23814,26681
8258,4706,10497,29532,15244,27400,28314
8259,1777,13789,25527,28784,18968,22720
8260,1085,7610,20888,16750,21914,22682
8261,5156,8046,26314,19771,21816,23566
8262,358,11339,16105,22226,21980,26680
8263,4513,2374,15533,22226,29252,22520
8264,183,2747,26977,25174,25819,27731
8265,3806,13151,26147,28969,28739,29333
8266,1709,10988,28071,24091,15386,25077
8267,910,2218,24571,27392,22662,26983
8268,170,7500,20040,22538,23310,23545
8269,1937,4472,16274,16596,20023,29879
8270,697,12097,24177,29555,27042,26551
8271,650,1022,19659,17928,19676,21725
8272,297,6131,23525,22226,21101,19928
8273,5598,7965,26390,30283,29793,28200
8274,439,10319,27166,27766,28366,29108
8275,1160,10007,27842,22149,22226,23700
8276,0,6306,18998,18998,18984,23566
8277,193,607,22411,20477,21101,21022
8278,15,12690,26513,24608,27658,29290
8279,240,14154,28354,29621,30064,29137
8280,578,1568,15389,19350,22149,15372
8281,1521,5965,17442,23700,22495,22226
8282,99,14115,15930,23175,17179,18591
8283,1456,746,21556,20759,19920,19216
8284,167,5811,25903,28201,24316,15020
8285,484,10169,29533,29300,26548,23675
8286,49,12625,26021,14980,27580,21115
8287,3108,11489,25421,25212,25693,24683
8288,3723,3021,26868,22682,18457,15515
8289,2282,4240,24602,15196,22602,29490
8290,1158,6384,16507,18220,23545,18505
8291,3233,575,15673,26854,29241,15515
8292,67,5140,26806,25433,15127,28297
8293,2008,14089,29662,23949,23968,24043
8294,213,8504,29374,29729,28255,19188
8295,4981,9118,30134,17928,15668,19056
8296,1,8611,24232,25431,24232,27987
8297,66,1902,16743,19189,23457,21914
8298,6549,13792,27010,20013,20141,17884
8299,387,1530,30166,15650,17726,19399
8300,71,1290,25349,15638,28415,15016
8301,4955,10164,20392,22520,23700,23215
8302,962,6678,28791,28634,26487,29344
8303,3397,8997,26153,22232,29441,18220
8304,2068,3691,16028,21101,20477,21694
8305,274,11104,19924,21928,24295,21943
8306,7,10209,16813,20047,16791,21878
8307,1872,3453,22931,21101,22226,22874
8308,1235,6259,30287,17928,17998,21781
8309,281,3148,30198,15668,18032,21325
8310,32,9571,29958,29999,30099,29944
8311,1082,8226,29861,19928,23700,22226
8312,90,8166,19626,20553,21548,16453
8313,66,3296,25053,25404,23940,28320
8314,684,2908,15803,23545,21101,22538
8315,1279,4560,22346,21342,22948,22679
8316,1283,12158,24050,26882,25576,24814
8317,44,12896,22480,18731,23457,21914
8318,1152,941,22905,20477,23588,17127
8319,2772,451,29681,29551,28314,30237
8320,1102,3460,29441,16764,22149,18776
8321,103,10033,29903,16266,20560,22933
8322,3631,3356,18068,23310,18220,19804
8323,208,554,19179,23310,23545,21101
8324,34,12405,24234,24172,28180,27643
8325,5363,3469,19341,21682,19077,21495
8326,607,6114,28825,18855,21914,24547
8327,1617,5901,27192,23215,28205,24060
8328,0,7737,28097,28097,23215,19120
8329,6085,4801,20012,23215,18767,22698
8330,1275,5873,28238,25510,26327,27121
8331,3219,7947,19501,23310,22226,17935
8332,4233,3656,30327,22843,20506,21682
8333,17,12089,16402,20687,23175,17615
8334,2,8344,26965,29011,22973,26965
8335,195,10501,30101,30029,30043,30113
8336,547,12520,24940,24605,24637,27316
8337,5989,7840,15250,14964,18347,17469
8338,0,3771,25215,25215,26483,25119
8339,1493,13201,16220,20128,30270,18848
8340,1799,911,19475,19513,21101,22538
8341,103,1858,17371,19713,16564,23661
8342,4262,865,25101,20759,19201,17469
8343,2570,5221,26653,29027,24691,29284
8344,3089,5442,29578,18776,19350,20312
8345,6542,13483,16794,18848,22528,24630
8346,1764,11450,21543,21914,23411,22606
8347,235,9033,23582,23566,23175,27960
8348,477,3699,17005,22874,22232,17076
8349,14,11266,22072,15009,23310,20427
8350,34,10412,16387,22698,23215,18855
8351,8,3721,21458,18855,18139,20759
8352,406,2548,22301,25657,29778,26712
8353,423,4387,27841,29080,24963,19551
8354,5894,2490,24880,26968,28773,25083
8355,2444,18,22818,27822,22682,21725
8356,658,10160,17377,23700,22232,23674
8357,4,5360,24253,25120,27121,26686
8358,635,4971,24467,24475,26430,26338
8359,43,9323,18882,23566,18012,18984
8360,190,12797,19303,22538,22411,19739
8361,3570,1885,27075,24422,24441,27249
8362,409,8027,21882,21336,16148,18443
8363,0,2818,27677,27677,27458,24054
8364,882,12973,27972,25859,26688,15186
8365,668,8552,28721,29262,24445,14977
8366,178,11555,15249,22373,17469,23311
8367,1336,1405,19952,23310,19252,22538
8368,293,6911,22948,18220,23545,19693
8369,759,10876,19022,20820,19834,20759
8370,1245,3902,22993,20553,23175,22514
8371,862,13199,16340,18012,22514,27189
8372,25,10091,18991,16853,17548,22948
8373,296,13081,28718,27121,29051,24209
8374,84,7460,21344,21939,27905,29942
8375,23,4436,20664,17205,23545,23595
8376,1230,7083,25846,18854,18285,19771
8377,151,7198,19284,28784,30190,15463
8378,919,9383,23392,22971,16564,23215
8379,961,12531,23943,29121,28924,24376
8380,691,12711,25220,29680,28325,27316
8381,15,8519,29203,15351,29778,28451
8382,1730,11980,26602,23411,17469,16268
8383,1861,1848,26867,28773,27808,23929
8384,878,11285,27610,27767,25406,23917
8385,6316,11724,27852,15398,28255,19399
8386,930,10893,21148,20553,21873,22971
8387,606,9974,17154,28462,18855,17517
8388,984,1388,15053,26362,24506,20221
8389,492,8703,26630,25245,26729,24479
8390,1182,2274,19376,17928,22870,15552
8391,5763,4246,19185,22313,22232,22874
8392,1182,1021,19915,19928,23700,29252
8393,748,1817,18677,17249,23566,21696
8394,1232,4076,29387,18984,22860,28923
8395,136,1110,29565,28923,24027,28744
8396,2503,8621,15582,22948,19928,17412
8397,1578,12242,18256,22226,19693,20477
8398,1621,8120,15979,17630,23700,22373
8399,1629,1906,23777,27945,15381,27149
8400,100,14300,24296,26138,26328,27360
8401,465,9976,19578,18220,23545,22996
8402,27,6381,25519,25404,26712,24015
8403,1,13306,20324,29825,20324,19202
8404,118,6962,29403,29703,26551,28186
8405,534,5054,28048,27239,25972,24923
8406,47,1362,25138,28769,23913,25459
8407,268,11478,22489,17310,19915,20354
8408,50,7048,23921,25429,24083,24773
8409,320,6759,27524,29027,29183,17469
8410,1,12713,25515,27432,25515,26968
8411,39,11889,25304,28171,24033,26193
8412,2796,6380,21617,20506,23175,16764
8413,1767,13750,21117,23597,17983,20899
8414,91,4751,16435,19397,22373,20419
8415,587,12620,26328,26123,28212,29313
8416,55,10982,15828,22538,23545,19768
8417,7782,4180,30277,16750,17469,21510
8418,573,1152,27170,27335,20791,18589
8419,84,11240,25494,25489,25491,24445
8420,442,14170,23545,21289,22437,17371
8421,74,13950,27974,23339,29680,25893
8422,1303,7811,22137,17189,17615,29084
8423,6269,12885,17629,23310,22538,23545
8424,2,11001,29999,29998,25210,29999
8425,7609,11965,27653,23457,18731,18855
8426,4583,3298,17367,23224,23665,19806
8427,5967,12732,28024,23375,26146,17469
8428,5634,82,30318,22971,22879,22679
8429,764,14585,25671,27276,23783,26380
8430,132,9932,16464,19804,23310,23595
8431,182,3136,16898,17226,19680,20160
8432,174,3386,17264,19513,23670,21522
8433,1322,6748,21662,29518,24963,21616
8434,3417,12047,24698,19085,21397,16403
8435,708,7817,23978,24050,19479,28673
8436,2571,7620,23337,23566,23579,21873
8437,445,13333,24503,24824,25403,29162
8438,11,518,17226,20759,18139,15113
8439,0,10426,16853,16853,23653,20160
8440,1,1170,28323,24130,28323,26490
8441,55,14352,25654,25968,24864,27889
8442,1825,2895,25221,22226,26545,27903
8443,5816,2728,17871,22971,20280,17935
8444,4012,832,24849,21816,18028,22339
8445,83,9526,17741,23190,21101,20503
8446,368,6248,19281,22538,21101,23310
8447,1408,9102,24777,25116,24327,26364
8448,2777,12178,15093,17885,21499,18808
8449,0,10847,28477,28477,25634,19434
8450,11,8497,23883,27544,26375,29427
8451,2209,5642,18457,22226,27112,23700
8452,1,1537,24490,28028,24490,15326
8453,4152,2674,25995,15254,26199,23190
8454,95,231,22313,21821,27494,26815
8455,345,1564,24205,29991,24550,29964
8456,786,6733,16044,21816,20759,21914
8457,6,1157,20162,29957,20099,30075
8458,0,6225,25902,25902,29685,16944
8459,16,6349,16528,21694,18495,23392
8460,1657,5625,28636,24691,20759,29459
8461,401,7592,17751,17748,26897,15572
8462,596,11557,26703,26832,24391,25624
8463,327,7267,21739,19887,21184,23500
8464,9,8654,24938,24455,25472,26480
8465,230,4985,21070,22874,21101,22958
8466,385,13498,25595,26620,23821,27009
8467,4911,3210,16647,23310,17205,22538
8468,2573,6705,24635,25698,29326,27234
8469,113,3854,24076,25847,28146,24940
8470,439,13049,28043,23918,26781,24508
8471,785,5793,15382,21101,22232,18959
8472,1305,4229,22556,23310,29879,17205
8473,968,12544,27391,27226,24886,28493
8474,5205,25,16299,26199,27200,26697
8475,503,13160,27397,26231,29087,24402
8476,631,12329,17688,18220,22538,21101
8477,1624,7434,16627,23057,22226,22297
8478,227,10708,19069,18358,19434,24741
8479,206,5157,28078,25329,26813,27051
8480,803,409,25308,25429,26119,25847
8481,341,8554,26553,26327,29262,14977
8482,922,3279,19912,29778,29680,29663
8483,355,10565,24872,14977,29157,24397
8484,5308,12525,23247,22520,20890,22698
8485,346,12926,19196,22424,22226,18325
8486,580,3503,25256,27795,23589,27298
8487,369,13379,29160,25022,25083,24938
8488,8,11043,27286,28339,23918,18410
8489,86,7278,24756,23887,26184,24852
8490,65,10187,25663,26008,25402,25588
8491,3,14323,29110,26415,25719,26052
8492,77,11867,28674,29813,29814,29056
8493,1089,3761,21681,22528,23457,19124
8494,4249,4864,15767,18220,23057,20477
8495,3350,5606,25255,17630,17855,21663
8496,2322,7755,27773,30270,17469,29793
8497,1997,3956,26601,28923,20635,30270
8498,1073,1905,17411,21725,22133,20759
8499,723,13515,26308,26801,22673,24594
8500,311,5792,26776,24426,25208,15026
8501,366,356,15084,22382,22653,20927
8502,804,9898,25967,27822,27335,24323
8503,11,7549,22073,19815,25308,20833
8504,121,13396,28289,30047,29999,30099
8505,2573,10981,29202,23585,15718,21233
8506,521,8397,22773,22226,22232,23175
8507,1069,12586,24858,15362,15005,24553
8508,3,3041,19434,16263,20724,29680
8509,2668,2442,24608,23156,26202,25204
8510,1519,12439,23159,22682,20522,21456
8511,1015,6785,21735,18316,17953,23215
8512,234,14204,27218,24166,26660,25200
8513,2,6136,26348,27615,29300,26348
8514,1232,6760,29413,24630,25530,25173
8515,8216,5833,21788,17777,29412,29758
8516,3002,11650,17991,22497,18012,20887
8517,3025,12869,29268,28744,27577,21435
8518,0,557,27309,27309,26487,28931
8519,1915,13718,26755,29631,19065,30037
8520,212,10569,18264,23215,23700,18855
8521,0,2681,29454,29454,26814,30104
8522,4838,6980,16251,19065,19085,22303
8523,510,8304,24799,25402,24495,26950
8524,2604,3801,16792,23545,19612,22858
8525,2121,7224,19771,22226,18443,21145
8526,2120,3122,27023,28584,26355,28433
8527,2689,6108,21922,16042,22132,15552
8528,3,228,17306,17494,16764,21694
8529,1382,4138,29105,27758,27779,28548
8530,2090,2031,19111,25746,17270,30270
8531,4025,2093,27182,23483,30270,27526
8532,3393,3640,26992,26532,20024,24851
8533,0,11951,24363,24363,27774,25462
8534,375,242,19918,20899,17189,19693
8535,139,11573,20696,15572,23507,19335
8536,274,9774,18851,21775,22224,22677
8537,3664,4492,22687,28550,28025,15627
8538,793,8109,24684,28923,16290,28258
8539,3980,9557,22838,22554,29437,30115
8540,543,6621,19217,16758,21495,23175
8541,6,1631,27973,24600,26714,24512
8542,2329,2808,21868,21101,19252,23310
8543,2767,1058,29723,20759,25188,19201
8544,1180,14257,28408,27353,23904,26861
8545,46,8733,25287,29027,27822,29793
8546,149,2167,26866,20543,15729,28923
8547,54,12611,19676,15668,23215,16724
8548,63,13780,24687,23866,24036,24872
8549,324,8269,28096,30247,27215,28297
8550,322,3601,15748,16764,18776,23175
8551,5237,9007,18914,15543,22358,17412
8552,634,5475,28528,27715,29535,28739
8553,2083,9768,25886,29344,17469,29027
8554,6111,138,30136,20560,22864,20791
8555,757,533,25216,26968,24217,25818
8556,148,2283,18608,21215,17989,20553
8557,805,9002,15336,24726,23683,15007
8558,743,835,25942,26847,22218,21821
8559,3813,3560,15109,22934,21688,23156
8560,1337,6933,26115,23215,25416,28205
8561,5670,7687,18029,22698,19505,21725
8562,555,14031,26347,22408,22041,17517
8563,325,4048,27204,19479,21226,15803
8564,81,5802,20522,20506,22843,23316
8565,8905,11715,28396,18761,15501,21682
8566,2,13254,27276,24061,26782,27276
8567,5698,10788,22928,24323,27822,16042
8568,7,11269,25502,23917,14955,27157
8569,2033,12292,28086,24402,25140,25978
8570,3031,1085,24663,28379,26999,28923
8571,866,11619,21731,20672,22280,22858
8572,3611,11862,25898,17322,19111,15359
8573,6186,7841,23131,22606,22962,21914
8574,1,5667,24481,25335,24481,24824
8575,267,8862,28215,22226,19649,16210
8576,4217,1768,24599,30072,24851,30323
8577,0,10973,24610,24610,28876,27600
8578,12,13713,27885,29315,26199,23192
8579,1667,11765,20349,22870,20904,23215
8580,371,324,29183,23700,29231,28233
8581,4183,11591,16944,23310,22634,18220
8582,364,5245,17833,19350,16187,23472
8583,5922,5015,20033,20566,26130,23479
8584,9,9084,24460,30066,30028,25517
8585,576,11654,28115,28877,30029,30105
8586,2604,1102,16622,20800,21101,18220
8587,2473,3870,17028,23670,19584,22226
8588,4814,12432,26013,27615,25315,28273
8589,43,14237,27039,30155,25357,26900
8590,156,9789,24031,26494,28773,25519
8591,431,11331,28984,18855,17517,19120
8592,3470,5663,26730,28734,28651,28804
8593,3,3172,18491,22031,19274,17179
8594,1325,1264,15159,24538,16322,14957
8595,65,13739,30261,19525,20260,22864
8596,1993,4443,17067,22682,21725,29518
8597,6187,3165,24812,19065,21397,28314
8598,17,5732,21899,19380,20825,22679
8599,4,9615,22184,23310,22538,18220
8600,0,11281,21675,21675,22226,22575
8601,91,6951,24761,19399,30013,26893
8602,169,11500,16221,28744,23566,20090
8603,143,10601,25589,24090,25978,24024
8604,5,9450,22031,18446,20051,18491
8605,116,4946,27343,29729,25621,14977
8606,11,5943,17523,23664,17205,18220
8607,5404,13209,20900,19901,19661,16758
8608,3732,8004,24278,28969,26793,28565
8609,481,2181,19514,21101,22858,18220
8610,1521,14474,15148,17469,19525,20128
8611,29,9132,24099,15302,29611,14970
8612,3747,12696,18611,16778,23310,20543
8613,1851,309,28819,24561,26851,28180
8614,274,11173,22494,14977,18285,20380
8615,3804,5976,22786,22538,18220,21101
8616,498,10559,21360,23192,18220,23595
8617,4317,517,20805,23215,22050,21518
8618,26,1247,21651,16299,20033,24332
8619,6997,11317,27097,21456,22626,29216
8620,331,1303,26743,27316,26008,28313
8621,2062,2174,29142,27852,23243,22232
8622,3,6302,20863,23670,22373,22870
8623,410,3531,28587,17469,22564,19832
8624,1751,235,15461,21682,20146,22597
8625,6121,2758,20048,21899,19996,21022
8626,363,6626,28628,30026,30040,30019
8627,41,7503,16650,23175,16764,18591
8628,8257,11086,19280,22248,29646,19575
8629,994,11810,21459,22232,19251,22958
8630,1381,12899,25103,23310,17205,18023
8631,6581,3914,16642,21725,27139,19120
8632,1536,3891,25859,25567,25884,27130
8633,56,3772,21563,17205,23310,22538
8634,8,4800,29250,29168,21770,19085
8635,6433,9536,20701,18220,23310,17205
8636,4052,13569,22445,23215,23566,22971
8637,95,13893,29191,25094,24471,25124
8638,739,4753,16545,23175,20553,18591
8639,4,3646,26126,28612,28923,22860
8640,955,10276,23754,17883,15793,21049
8641,1755,6464,26509,22226,19479,23857
8642,1,11074,19628,22874,19628,19542
8643,71,1381,15164,28207,27762,22609
8644,416,3157,27307,17469,15244,24577
8645,3649,9452,25815,25203,26591,23479
8646,411,6213,22849,29027,19042,19292
8647,7247,7821,26618,22226,16485,24071
8648,25,7758,22444,18012,19716,23665
8649,8,13145,24923,25912,24192,26681
8650,914,11296,17834,23566,21682,20553
8651,2684,7287,24775,19201,20759,16042
8652,26,1418,16268,17059,19156,16042
8653,347,4651,19083,23310,23674,22858
8654,439,11743,25587,26729,24166,24351
8655,41,4290,22408,30270,17469,15243
8656,3936,9905,15944,22514,20927,20597
8657,8937,5197,18428,22962,27066,18767
8658,977,1964,25488,18855,20759,26736
8659,5319,4100,23011,22677,23670,23710
8660,1232,3082,17638,21728,30075,23040
8661,5086,9903,23383,23215,19120,21725
8662,1293,2680,19322,22149,23175,16764
8663,1341,6858,26309,25545,27016,24608
8664,172,1694,25627,28473,26768,28177
8665,899,8794,17677,17983,19000,16418
8666,3462,11150,29914,15088,29622,29624
8667,1309,2976,28946,30190,24268,30166
8668,3336,9489,22032,23310,22538,19869
8669,254,10142,27589,16564,17214,20128
8670,4757,7643,16733,23310,15828,19252
8671,1321,5462,22765,23057,26594,22970
8672,2480,4756,27545,17395,21821,29764
8673,640,4197,15054,21986,23788,19899
8674,2585,6556,16210,23310,22538,17127
8675,6981,1293,23855,27537,25173,28325
8676,2167,3624,27185,24418,24198,27973
8677,11,13741,26138,24486,28259,24658
8678,139,1343,20566,16764,17404,21980
8679,4051,5623,27363,24691,20759,16042
8680,109,14268,24182,26480,15643,27708
8681,7673,369,30328,27621,29355,14996
8682,4503,1448,14991,18220,21775,23310
8683,979,13709,26339,14997,26975,30138
8684,539,11017,26821,27808,25119,25083
8685,462,157,19981,19065,19469,16647
8686,3715,4847,28480,24697,24903,25462
8687,4,7728,22518,15243,17842,20560
8688,1803,5165,29668,17935,23566,28665
8689,5,7438,20099,20904,22592,30063
8690,9,9854,22708,20759,19920,28314
8691,1310,74,28007,26594,25325,24053
8692,581,12104,21310,23545,22538,18220
8693,796,9050,22520,28237,22708,16347
8694,1154,9262,15877,20477,18220,22149
8695,764,6101,19215,20543,17076,22090
8696,912,1434,23129,22226,23545,18220
8697,0,4983,25169,25169,20278,29123
8698,3574,113,28445,29793,22361,23375
8699,55,3825,22312,19335,23710,20419
8700,279,7442,26518,24985,24547,26543
8701,7216,11779,27923,22035,19771,26869
8702,1968,246,24607,24920,30179,27709
8703,7004,5702,17037,22502,22452,22528
8704,0,10534,15699,15699,22874,17222
8705,680,10006,19865,23310,22538,16596
8706,88,7221,17569,23472,18035,23310
8707,5220,11061,19177,17983,17561,22876
8708,231,5486,19010,18220,22538,23595
8709,578,3722,18015,23215,22870,18767
8710,1308,1557,24590,15127,30270,17469
8711,33,2815,19542,21816,21505,20242
8712,4,6379,28361,29792,28505,24557
8713,2197,10792,24106,25311,20759,25797
8714,119,7112,24856,18731,21338,21608
8715,155,6936,18904,22149,16764,19150
8716,343,6442,16658,23545,18220,22858
8717,51,3015,29952,29991,29999,24550
8718,1,11986,28450,26322,28450,28811
8719,1989,8486,28888,15048,15049,15046
8720,2081,12634,21596,20759,19217,20890
8721,719,11276,21948,16335,16873,22538
8722,367,5454,24532,29123,28830,26327
8723,333,11068,23759,24552,27051,25369
8724,4825,10540,28536,19505,20820,20128
8725,40,7568,16755,18026,22874,17076
8726,559,8174,25497,25978,28899,29123
8727,0,1628,24616,24616,22226,21980
8728,397,803,16035,29680,27762,27521
8729,978,13910,28591,24750,25450,24553
8730,24,13516,27057,27797,27537,25096
8731,219,1295,20567,21022,21821,23175
8732,8590,320,30152,19292,23506,30270
8733,1242,4700,17577,23215,22860,22971
8734,6565,6092,17360,17935,22878,23510
8735,44,2787,27774,25750,26327,27130
8736,458,9990,28973,15946,29239,22682
8737,351,6700,29075,23175,22373,15552
8738,2564,3950,30185,18761,15748,20553
8739,1048,8804,27034,30013,20560,29793
8740,572,5705,22597,23310,17205,29879
8741,831,7843,23952,25762,25841,27215
8742,3945,3115,23635,23429,19542,22231
8743,1640,10908,19770,22858,23545,22538
8744,460,7551,15555,23310,23545,22538
8745,1645,8076,16258,20672,29879,19172
8746,295,12224,22279,23215,22971,17517
8747,4477,1279,29263,17005,18578,18968
8748,8411,7869,20666,19513,22449,16418
8749,3,10229,19482,22226,23545,22874
8750,117,9770,26588,28134,24548,23717
8751,1327,12229,25764,26524,25980,29110
8752,3789,2315,24462,16042,27822,28916
8753,3145,11673,17662,23566,21873,23175
8754,14,4863,29948,29394,29931,24931
8755,246,6517,28726,29027,26965,30270
8756,5754,10811,21960,20687,20597,22149
8757,2157,12849,27788,22528,29051,27015
8758,563,7058,29083,18855,24691,18731
8759,2151,1599,17648,20477,15572,17138
8760,389,948,23623,18032,15668,20820
8761,40,3485,20303,23316,21682,19920
8762,905,1045,30064,29970,28442,28000
8763,1247,9367,29725,28468,29231,17561
8764,20,9589,20904,22495,19389,23657
8765,5300,8514,24727,22528,23457,19124
8766,1,4918,18591,23175,18591,30166
8767,4570,10906,25487,26375,25774,24349
8768,433,11398,24060,21430,22226,22149
8769,2505,4898,27803,29300,16764,20543
8770,899,11470,25773,24161,28830,25727
8771,14,14345,27898,26871,25860,26255
8772,2122,4559,23178,20553,21816,20240
8773,446,12008,25190,24042,26712,27461
8774,823,1926,22476,22971,23670,20303
8775,7563,95,17943,15627,28025,29459
8776,2153,6422,21659,21725,23566,22860
8777,901,3,22339,22634,17983,22226
8778,384,12488,19556,23310,17205,22538
8779,983,7096,28538,29146,23311,22500
8780,3040,8279,29735,22697,19608,19661
8781,1333,5770,20279,23175,18591,22199
8782,46,7907,21959,15572,22538,22634
8783,217,11886,29968,27905,29957,30063
8784,1173,7162,24900,27130,27774,24016
8785,103,2916,25337,26449,24192,24500
8786,2088,1052,30274,16564,23215,18220
8787,769,5575,22626,22528,19056,19124
8788,4295,14559,24795,25489,24402,24445
8789,82,1321,27416,26561,28077,30099
8790,423,12313,28486,24851,29027,20635
8791,1422,431,24315,18855,23707,28063
8792,77,2300,28899,28201,24081,15020
8793,1514,9445,21465,24329,26561,29991
8794,5,0,18718,22609,25657,28773
8795,195,2807,19986,23175,21310,19651
8796,5199,12855,15241,20759,18854,18139
8797,120,1103,22070,23310,23597,23243
8798,0,46,16403,16403,26233,28042
8799,623,12588,23138,17049,19887,21358
8800,55,9800,27772,26347,22518,21366
8801,1004,7670,29049,23868,28212,29008
8802,640,2840,27280,21213,15762,20522
8803,7269,2321,15960,17517,19201,18855
8804,22,3229,22497,16764,20927,23175
8805,1435,7598,24077,23375,22024,29860
8806,7007,9867,21720,17469,29355,28314
8807,3,1582,16261,15668,17928,15996
8808,931,4987,28328,28473,29300,29518
8809,11,11926,15411,30259,30293,20560
8810,254,11770,23824,27174,25095,24297
8811,142,1523,24442,30063,30005,25463
8812,2160,14516,23333,23175,15748,16289
8813,830,14284,26172,29217,29369,26470
8814,153,7307,22507,23057,22226,20773
8815,103,2720,21156,15381,23169,16695
8816,4,811,29663,16035,28652,29793
8817,3012,9487,25075,24402,29583,30159
8818,397,6789,21929,17630,23700,25990
8819,6673,9726,24030,25621,24940,24130
8820,0,7623,16121,16121,22232,22226
8821,600,4281,20023,23190,22226,23310
8822,104,4943,18928,18776,23175,16528
8823,489,6919,15313,22870,20904,20861
8824,55,5519,27086,30270,29793,28860
8825,6755,13066,21018,22528,19771,22877
8826,1508,9014,24501,25912,25972,23984
8827,700,13337,25870,29123,26008,27774
8828,1202,7157,20916,22538,17205,23310
8829,211,3805,25369,23950,25094,24471
8830,271,9792,27766,20553,20890,22514
8831,3750,1920,22847,29518,23215,22870
8832,2254,148,15470,24703,28214,29123
8833,227,9328,25371,17270,27732,20280
8834,0,11221,26381,26381,26408,28134
8835,337,5991,19634,19350,18012,18591
8836,411,4884,27680,25590,26011,25048
8837,106,3730,15784,23670,22226,18795
8838,8,590,24431,25348,15016,24800
8839,255,9497,27502,27317,26331,24402
8840,1221,2638,29489,27526,28366,28916
8841,2871,7422,16557,21914,22528,20820
8842,57,966,26939,26897,29134,26815
8843,1079,8018,27941,29141,21425,29543
8844,8,2438,27779,27430,27574,29134
8845,1871,7878,15722,17469,30270,22518
8846,8059,549,19654,20759,15515,29027
8847,925,8182,25551,29991,29964,30099
8848,234,7709,21609,21035,22149,21101
8849,0,4707,16292,16292,23215,23583
8850,3888,4212,28074,28651,23566,17580
8851,1456,7296,23703,23310,21101,20876
8852,2993,21,30306,20890,28762,22971
8853,435,7982,29370,29161,26852,29652
8854,73,6758,26169,21980,29326,28784
8855,61,10257,17870,19113,18220,23545
8856,8,6896,28133,19928,28673,23700
8857,119,11802,24187,16351,24477,29583
8858,539,7306,21906,22858,23310,22538
8859,2198,9155,29603,28328,28314,17469
8860,2514,13881,24214,26364,26882,26729
8861,4026,8721,18281,18968,22373,27478
8862,6002,12181,27051,20196,16062,19569
8863,275,10244,21758,17726,21495,20543
8864,887,10355,21776,15879,18959,22226
8865,38,5974,26289,29703,27981,24483
8866,11,3284,15712,24550,18206,29991
8867,2314,1435,26465,28323,24130,23918
8868,1620,6591,19368,22351,22698,21725
8869,4749,11200,29809,14977,16750,22606
8870,12,4089,19024,18032,15668,19124
8871,53,13704,20242,19542,22231,23700
8872,3654,2376,27778,24467,23984,22935
8873,233,11380,26817,23970,28029,24509
8874,3473,9703,26911,22218,19322,18228
8875,196,12565,25557,25284,24532,28049
8876,182,13795,17752,18491,18141,17824
8877,1961,9407,25920,28379,24555,28919
8878,3629,7853,24709,30270,17469,19832
8879,298,7972,24579,24131,24147,24090
8880,170,7093,15325,21215,18767,22663
8881,1,605,29568,24957,29568,26200
8882,5685,14560,17197,22226,28640,29608
8883,1505,6996,29246,27615,25435,26072
8884,3651,1898,26214,22226,18220,24071
8885,231,10576,16786,22449,25511,29207
8886,2373,8648,27084,24608,27040,24081
8887,294,3698,24957,28502,25725,24538
8888,3037,9415,25644,23175,26768,24665
8889,793,2017,27922,26628,25790,24903
8890,103,2447,15871,15572,21878,20477
8891,39,6983,17312,23175,20553,21215
8892,80,7328,23326,23670,22677,20146
8893,4983,10311,18664,23294,27400,20560
8894,2916,2559,24668,21336,21039,22874
8895,27,788,29078,19901,29459,28258
8896,0,4568,25093,25093,24209,26729
8897,1105,1992,22474,20687,18509,20503
8898,214,13281,24470,24144,25381,27138
8899,819,8783,21931,22874,21024,19804
8900,398,6796,15182,22626,19042,23483
8901,2679,10689,16392,23310,16418,23545
8902,116,2455,25840,22373,29300,22495
8903,244,10053,23900,28782,14957,24094
8904,2529,2240,23808,15049,24102,25973
8905,126,11101,27796,23411,15088,24042
8906,30,4267,16555,23448,26170,21914
8907,531,13401,26075,24948,25729,24463
8908,54,9456,20557,29600,24021,21914
8909,158,2427,26926,14977,24985,25805
8910,7,7562,27393,21481,29252,26396
8911,0,12519,25860,25860,30010,27416
8912,2614,3478,27466,16528,29224,28224
8913,783,6475,30072,30019,30047,29958
8914,268,8726,16224,21694,16764,18509
8915,5703,172,18159,17469,19292,15861
8916,20,13280,23500,23545,18220,23310
8917,285,7049,20705,25072,23566,17249
8918,241,8442,30039,30019,29077,28228
8919,94,5289,16983,23057,23545,21101
8920,0,4282,28155,28155,28151,26939
8921,818,7392,22039,23566,20473,20553
8922,89,6406,20707,18490,21307,17185
8923,137,4317,24612,24181,25277,28782
8924,161,8564,29730,22538,21101,23310
8925,4035,5297,28689,27273,29600,29029
8926,632,13974,15890,23310,22538,17205
8927,1959,12408,23279,22538,17205,22858
8928,7,7683,16764,18776,22837,21022
8929,346,12461,27724,24956,24140,24586
8930,6669,9699,24936,22774,19693,20531
8931,1270,12016,27207,23904,29411,24826
8932,2967,493,28987,22721,20852,23256
8933,0,10861,23717,23717,25380,24226
8934,45,7114,19389,22870,23215,21067
8935,244,11421,21108,22538,18220,23310
8936,80,12231,26577,24326,25590,25048
8937,2056,12844,23466,22538,21101,23310
8938,46,9862,18088,23023,29826,22742
8939,257,12693,24893,27497,25621,25912
8940,26,13382,28889,28559,20682,26638
8941,345,14176,28180,25284,24116,26712
8942,1006,9226,23972,27911,28939,28294
8943,219,6211,22485,20759,19120,17517
8944,2146,4167,15965,20146,19479,23597
8945,1108,10943,27122,26384,25046,24402
8946,7356,10681,29300,19065,23487,22626
8947,812,14432,26428,24192,26681,27239
8948,1343,10431,27722,24360,26167,27303
8949,1680,14188,26855,29216,14990,27286
8950,567,6815,27757,27438,27392,23878
8951,3049,2872,27144,22226,18220,19479
8952,4086,13194,28246,21123,27690,26525
8953,2516,11955,21204,15645,15113,23437
8954,3326,4876,24657,26308,26575,28323
8955,5682,643,18447,23175,21495,19449
8956,12,5361,21121,17517,15668,18693
8957,384,14807,25600,28083,27000,27351
8958,1799,3933,22177,21694,16764,20924
8959,6628,7520,30324,22634,17983,20080
