idx,rank,query_id,gt_id,ret1,ret2,ret3
0,0,2984,16550,16550,20766,20765
1,0,3463,15175,15175,18889,23709
2,0,5734,24251,24251,22205,22497
3,0,5418,22470,22470,15630,21929
4,0,12065,23765,23765,23610,27033
5,0,5704,16728,16728,16721,18206
6,0,1691,22013,22013,24386,21657
7,3,7093,26520,25343,25702,26107
8,0,2159,24215,24215,26850,18842
9,0,6635,27234,27234,20248,20721
10,0,9778,20478,20478,16753,22300
11,0,11713,16999,16999,26430,22120
12,0,1458,19894,19894,27485,26862
13,0,7441,25280,25280,25279,26209
14,0,5025,22522,22522,25305,19046
15,0,10921,17026,17026,21804,18972
16,0,9939,23066,23066,18305,22882
17,34,12286,26124,27698,23497,24190
18,5,5499,23258,19989,20001,26460
19,8,9482,24718,27148,24418,24518
20,1,10804,23453,18208,23453,18524
21,0,7492,20017,20017,21299,24362
22,0,13442,22346,22346,17669,25339
23,9,6424,20005,24747,25214,20008
24,0,2455,24779,24779,23262,26327
25,2,3959,25927,26586,25925,25927
26,0,4469,21798,21798,26232,26506
27,0,7561,15506,15506,15505,27104
28,0,5400,15086,15086,16667,16537
29,0,3498,19922,19922,19164,25413
30,40,8620,21618,18842,23034,26896
31,0,12654,18294,18294,15048,18040
32,0,7334,24540,24540,20267,17083
33,0,3099,16742,16742,21495,26412
34,0,5586,15987,15987,15549,16895
35,0,3020,25477,25477,23299,25750
36,0,2417,20138,20138,16305,18627
37,4,865,27067,24589,26674,15900
38,0,3394,26969,26969,27406,27476
39,0,7890,15439,15439,16628,16759
40,0,13734,20569,20569,20560,24509
41,23,3431,27636,23396,23876,24841
42,2,13168,20639,20638,20635,20639
43,0,9883,16195,16195,15441,17245
44,0,3406,15358,15358,20863,15356
45,0,5844,22248,22248,22657,21389
46,0,7995,17611,17611,16000,20641
47,0,9803,26283,26283,26826,26685
48,1,7666,23055,21781,23055,23313
49,0,14266,16346,16346,16343,16345
50,65,6440,23827,25870,25869,23832
51,0,4899,23083,23083,16738,23066
52,0,8530,17188,17188,17189,24931
53,0,10228,24196,24196,26515,23661
54,3,10566,24381,23584,20050,19654
55,390,2816,15814,21598,20415,22654
56,4,12110,19653,23449,24757,24429
57,0,1218,19693,19693,22215,18869
58,0,7800,24376,24376,24381,23061
59,12,1209,15782,16908,19772,21315
60,0,5158,21226,21226,18700,24299
61,4,13463,19126,25409,19803,22975
62,0,11683,23145,23145,26111,16849
63,452,5006,17346,24454,15345,26320
64,5,5157,18387,23456,18500,16690
65,0,6858,23008,23008,23329,23603
66,117,6274,22197,18027,21655,24523
67,1,1397,26157,27468,26157,24266
68,26,9562,17061,18886,23286,27041
69,0,6645,25518,25518,24633,22550
70,1,10990,20773,20777,20773,20774
71,0,6473,20969,20969,21897,17657
72,1,4339,16641,22726,16641,19202
73,0,4327,22402,22402,24374,24923
74,1091,5411,19899,17149,14973,15130
75,0,6992,24762,24762,26461,20005
76,0,1730,17735,17735,20391,20342
77,0,9709,23025,23025,23367,22253
78,42,10328,19935,20504,20506,19479
79,0,9145,26962,26962,27685,26069
80,0,7035,25870,25870,25868,20675
81,0,1126,27491,27491,24781,27638
82,0,3435,23624,23624,23706,24426
83,0,3727,18808,18808,15795,20171
84,802,1309,27343,24494,27449,19039
85,0,6536,16394,16394,22278,21236
86,1,4101,20420,20419,20420,20418
87,0,5604,19246,19246,26930,21627
88,0,9792,20721,20721,18669,25344
89,11,13606,16480,17110,17957,19508
90,0,7119,21939,21939,22657,21985
91,0,1360,24669,24669,19812,21006
92,0,9541,21936,21936,23509,16132
93,0,12634,25200,25200,22553,25660
94,377,5874,15399,23589,19324,14951
95,137,2005,27208,25696,25561,26152
96,6,8357,20252,17208,19675,19674
97,1,6372,27078,24987,27078,27077
98,0,10774,15310,15310,15301,24631
99,0,8245,24046,24046,23449,19551
100,45,9068,27136,22719,24995,22602
101,0,4082,19613,19613,19612,19259
102,0,3919,23851,23851,26609,26451
103,0,5864,20497,20497,19564,15125
104,1,6824,15627,16264,15627,19002
105,0,12206,23243,23243,17389,19036
106,1,5000,19049,19051,19049,22654
107,1,8311,15589,16656,15589,17768
108,0,11684,20684,20684,20670,20672
109,0,10553,21327,21327,22928,21225
110,0,1404,20887,20887,15863,23335
111,0,6084,15632,15632,19423,15634
112,0,1330,15263,15263,18864,20438
113,0,13816,17601,17601,20022,18592
114,0,4123,26644,26644,18387,26792
115,0,12340,15154,15154,19670,24235
116,17,4478,20407,17161,25332,17159
117,0,9689,15668,15668,25485,26585
118,0,3116,15267,15267,17389,15188
119,0,2269,24314,24314,21574,26567
120,0,8798,17435,17435,23107,15734
121,0,1630,20365,20365,21389,20095
122,6,8068,22550,26558,22891,18312
123,0,12000,24879,24879,23188,20283
124,0,2967,21472,21472,21466,19766
125,0,11348,20053,20053,18734,20251
126,14,13896,18312,14986,20025,18278
127,0,3838,23262,23262,27423,26290
128,48,13359,25850,23825,24472,24346
129,0,9782,19112,19112,19111,23593
130,0,4867,20094,20094,19932,19602
131,1,10948,20457,20459,20457,15592
132,0,4604,25909,25909,26331,21634
133,0,8008,24320,24320,20965,26842
134,0,4297,26219,26219,19527,23832
135,292,6216,26371,20034,19835,15135
136,2,9147,16185,15111,27532,16185
137,1,9048,25010,24417,25010,16305
138,0,12148,19854,19854,20076,19706
139,13,353,19364,19477,19407,19231
140,0,3516,19818,19818,19821,23334
141,0,7221,20732,20732,16290,16735
142,0,343,27676,27676,18161,26347
143,0,2922,19993,19993,24747,20024
144,9,3676,17580,17866,25510,27475
145,0,4267,16600,16600,16602,18149
146,15,7744,26423,17232,24155,22687
147,0,2612,22202,22202,22204,23335
148,0,4291,18639,18639,19859,19923
149,0,13962,17846,17846,22967,19281
150,4,11827,19230,19407,19358,19419
151,0,3028,25118,25118,27606,25050
152,2,6256,19215,16979,23797,19215
153,12,12688,21280,17767,19205,17644
154,4,7698,20782,19943,19940,19935
155,13,7583,22168,21975,19981,19980
156,2,9520,17584,21527,21689,17584
157,0,7351,16240,16240,16795,16159
158,0,4871,15085,15085,17367,23363
159,147,5002,24874,21452,25573,24965
160,0,1141,17143,17143,16458,19171
161,1,5026,26327,24779,26327,26685
162,1,361,15628,15634,15628,21386
163,0,690,19984,19984,23034,23126
164,15,11559,24553,25877,24928,25029
165,0,6267,22124,22124,24559,25454
166,195,13422,15521,21184,19041,23312
167,1,14164,20471,24370,20471,27589
168,0,7244,27629,27629,26752,22147
169,10,13779,20913,17090,17676,20415
170,0,7998,25930,25930,21736,26436
171,3,2747,17355,21975,15739,23159
172,0,2537,15584,15584,22243,20080
173,0,226,26434,26434,26759,18805
174,0,13206,25406,25406,18459,24307
175,0,3760,22375,22375,22830,26556
176,0,14338,20064,20064,20129,20007
177,0,10784,17887,17887,17867,18488
178,2,13790,19388,22181,22981,19388
179,0,2589,17037,17037,17104,17317
180,8,5886,26951,27506,27570,23916
181,0,9725,27220,27220,25687,16291
182,2,8774,25585,24640,21668,25585
183,0,862,26735,26735,25472,21060
184,0,9955,19382,19382,24838,24557
185,243,10939,25147,26368,25150,24224
186,0,8425,26080,26080,26075,26081
187,1,8389,26153,27656,26153,27659
188,0,1798,17302,17302,20810,17311
189,0,6374,26654,26654,24063,26893
190,0,7923,21707,21707,27560,27559
191,1,4697,16420,19466,16420,27104
192,0,3501,23365,23365,20158,25743
193,0,13283,23252,23252,19329,23066
194,0,2208,21440,21440,18084,27080
195,0,6970,21245,21245,17156,21244
196,0,14442,23220,23220,17293,25576
197,0,6911,21116,21116,21458,24663
198,0,3003,21879,21879,26188,27027
199,0,2234,15096,15096,21287,26414
200,0,13960,19209,19209,18895,18894
201,0,14045,21252,21252,22222,21251
202,87,522,16135,24494,18077,20895
203,0,13187,23822,23822,23832,23833
204,1,11902,24951,24648,24951,23410
205,0,8834,18795,18795,19513,24267
206,0,12128,19145,19145,21270,19147
207,94,9894,20089,15475,18570,16640
208,0,3953,21039,21039,21030,21902
209,6,10070,26116,23640,23567,23564
210,0,3091,20525,20525,23034,23035
211,3,14100,16784,16789,15122,27104
212,5,3659,24128,19810,22673,26120
213,0,14510,23500,23500,23499,16849
214,2,13952,20990,21073,21070,20990
215,4,7975,18067,20387,20386,20393
216,3,6607,22449,21567,17582,22138
217,0,10537,19778,19778,18836,19777
218,0,3365,18813,18813,18869,19168
219,0,3576,27423,27423,25961,26108
220,15,7779,18611,22364,22452,19856
221,31,14897,17562,22916,23514,27292
222,97,2493,20027,25214,19994,20008
223,18,2977,16479,16634,18132,15441
224,2,12098,17676,17677,16883,17676
225,5,9040,18132,15424,17245,15441
226,1,5981,19602,17047,19602,20251
227,0,7577,27074,27074,27075,26191
228,12,3301,25913,23162,27114,20532
229,57,13998,27174,26195,16250,15391
230,0,6247,26287,26287,21445,21327
231,0,2998,17386,17386,17385,25364
232,0,119,19546,19546,26380,22037
233,0,13657,15844,15844,22221,15034
234,0,4432,16177,16177,17056,15493
235,0,6627,22260,22260,22261,22259
236,0,3555,26386,26386,25120,22552
237,0,3327,22488,22488,24155,16402
238,0,1095,15115,15115,19891,27679
239,2,2890,27378,24234,25856,27378
240,0,8777,15201,15201,16306,17166
241,0,12700,17796,17796,26098,23363
242,2,8305,19084,23245,24999,19084
243,0,9967,24090,24090,23329,15917
244,0,7380,17569,17569,17571,18401
245,176,11804,22199,17569,17571,18401
246,3,3724,19997,20008,24747,20024
247,0,13967,26341,26341,26184,27014
248,0,9556,16874,16874,15805,18439
249,4,11852,15123,19804,22215,15134
250,1,14484,22318,17488,22318,23288
251,0,4705,20962,20962,19150,21842
252,0,2451,23661,23661,24196,27641
253,0,632,17264,17264,23677,16868
254,0,11986,19917,19917,17073,23270
255,0,2428,23219,23219,21865,24324
256,65,14505,16758,23713,25265,25432
257,0,11078,27564,27564,18683,19887
258,0,11914,18501,18501,19641,19427
259,0,9244,25675,25675,20569,24509
260,14,6948,24900,26155,21902,21027
261,0,458,24181,24181,26981,21225
262,0,7644,24152,24152,27095,26770
263,0,2440,25757,25757,18721,24865
264,0,4417,23116,23116,18077,22470
265,379,10493,23279,24205,25103,22959
266,0,5428,23386,23386,19882,26361
267,1,8745,25903,27295,25903,27148
268,0,5148,26933,26933,26726,27046
269,0,9029,18584,18584,16573,20534
270,5,13097,27027,26163,25627,25106
271,0,10029,24591,24591,22713,23609
272,0,7187,25424,25424,27272,23443
273,9,5130,21665,18928,16133,19762
274,144,3956,18211,22378,20028,16112
275,0,3515,26248,26248,25052,26246
276,0,1184,21825,21825,19986,26271
277,0,13133,19491,19491,19493,25183
278,0,3101,24412,24412,23142,24040
279,0,5550,16014,16014,16721,20427
280,23,7715,25877,25233,24346,25278
281,0,6293,21332,21332,25371,27484
282,0,14396,21117,21117,20777,18454
283,0,6815,27079,27079,26069,21124
284,0,7958,21394,21394,19640,20568
285,3,9633,18412,17737,18388,18570
286,0,6528,19380,19380,22809,21522
287,187,9233,24517,25493,23337,22705
288,11,9344,18986,15536,20425,19525
289,0,9828,18811,18811,18343,19251
290,5,14568,22739,25178,25804,26107
291,0,4167,21631,21631,21630,26852
292,0,10333,18735,18735,18736,20249
293,0,11330,21223,21223,23995,27583
294,0,6851,19547,19547,20354,21111
295,0,4661,17750,17750,19881,21724
296,0,10893,17207,17207,17208,20252
297,0,11075,21864,21864,23388,18706
298,0,10778,22737,22737,17873,24655
299,0,2691,21914,21914,25267,22125
300,0,9210,23764,23764,22341,21235
301,41,17,19815,25868,26482,27735
302,0,6330,15039,15039,26791,19228
303,0,5330,19871,19871,18110,19877
304,1,11092,17022,20975,17022,17002
305,2,12476,25314,19921,20316,25314
306,0,3925,16079,16079,16149,17361
307,32,12002,24578,24164,21949,22514
308,39,188,19333,16814,16816,16815
309,0,4092,16655,16655,17768,15589
310,34,1079,18293,19593,18294,16635
311,0,13123,17881,17881,16647,22281
312,1,764,25395,26635,25395,22035
313,3,14390,17222,20475,18212,18905
314,0,1312,16457,16457,21660,18915
315,0,4863,23519,23519,19527,23724
316,0,5825,25148,25148,15483,25940
317,0,12159,25688,25688,25687,25196
318,0,10169,20902,20902,21039,27109
319,0,2326,22990,22990,23420,27676
320,0,10892,25747,25747,20961,24562
321,3,6224,27101,27415,27416,27324
322,3,1560,21377,25203,16254,25865
323,3,6843,16387,27114,22798,23162
324,0,9858,23869,23869,23248,21457
325,22,10973,18450,22199,15039,23496
326,0,5979,17857,17857,20967,24640
327,3,6326,22511,25704,26023,26845
328,0,6685,21650,21650,22074,21738
329,0,8907,22811,22811,17016,16147
330,0,12308,20655,20655,20657,19640
331,0,4524,22310,22310,22309,20967
332,19,13107,26021,24057,23368,25233
333,5,6014,16634,16450,17595,19466
334,6,9326,15243,22366,21566,17294
335,0,6460,19348,19348,20648,19344
336,25,375,17672,16616,18050,25510
337,0,5942,17297,17297,18572,18348
338,0,9300,17648,17648,20703,19079
339,8,3303,27292,17654,27715,17653
340,426,13620,19557,17696,22067,22066
341,1,9646,27411,24043,27411,27122
342,0,2226,16524,16524,16588,15674
343,0,9953,24209,24209,18016,16118
344,0,11979,21166,21166,21167,18030
345,0,6347,19247,19247,24838,21751
346,0,3232,27260,27260,27261,22051
347,0,3877,27160,27160,25776,21634
348,0,1329,22220,22220,27250,22219
349,0,8416,25032,25032,26862,24398
350,0,7555,23324,23324,20866,22514
351,0,5875,22164,22164,17947,19281
352,0,5174,20328,20328,17597,22048
353,0,1512,15988,15988,14968,16432
354,0,2040,20241,20241,26497,26495
355,0,8644,26036,26036,27592,27598
356,8,8191,24383,24923,22402,24374
357,0,5988,23149,23149,26149,23087
358,2,10833,27249,24454,26320,27249
359,0,9478,26270,26270,17208,19668
360,0,4895,18185,18185,23793,22738
361,0,6694,22003,22003,18185,17958
362,1,14828,18142,16638,18142,22672
363,14,8110,15005,15883,23589,19598
364,1,4068,22959,25143,22959,25441
365,1,11248,16426,16660,16426,17621
366,2,11885,23465,16689,18500,23465
367,0,10690,21586,21586,19267,16654
368,0,693,24640,24640,18466,21668
369,0,10456,25695,25695,21820,22036
370,346,1769,18512,19051,19049,17680
371,0,3403,27300,27300,27298,27297
372,7,6507,24140,19005,18269,24141
373,0,7730,21995,21995,22399,19779
374,0,1589,22219,22219,15723,16005
375,67,2477,25728,26021,25233,25958
376,0,1613,16371,16371,16672,16050
377,2,14478,27521,19326,27481,27521
378,0,1797,22454,22454,17889,22784
379,0,14254,20648,20648,20568,20791
380,0,12214,15445,15445,15452,15448
381,0,1439,27439,27439,26721,24196
382,0,376,25358,25358,24389,24711
383,0,12049,20271,20271,15779,21658
384,0,11441,25279,25279,25103,25280
385,3,8741,26083,26075,26081,26080
386,0,9604,17947,17947,23424,21655
387,10,1564,25556,25787,25233,25818
388,0,4255,22063,22063,22062,25396
389,0,2646,23035,23035,21775,22619
390,0,10631,17616,17616,20444,21841
391,0,6821,18875,18875,18814,22420
392,0,8434,21517,21517,21949,22575
393,0,10302,22060,22060,22059,21617
394,546,24,27791,24693,27067,18280
395,0,6938,21235,21235,22006,26653
396,0,9195,18686,18686,19267,20016
397,93,103,15032,20414,15216,17386
398,3,11632,26209,25103,25280,25279
399,0,3794,18305,18305,18893,23189
400,104,12737,17624,14973,17149,15042
401,0,418,20305,20305,20303,20299
402,1,6555,21073,20990,21073,21070
403,0,4458,19816,19816,20394,19821
404,0,11458,22464,22464,23337,23472
405,0,694,21608,21608,21884,17083
406,0,1504,20079,20079,24621,24398
407,300,1791,24362,20464,19557,20465
408,0,6994,23341,23341,19572,26415
409,0,12037,16278,16278,15225,16277
410,0,12863,27354,27354,25855,27639
411,0,11951,15525,15525,15530,20633
412,0,9154,22527,22527,19920,25713
413,0,11184,26409,26409,26855,26998
414,0,3720,23077,23077,25611,25076
415,0,3203,16880,16880,16559,15106
416,1,5284,24972,20305,24972,20303
417,0,9523,18251,18251,16669,16813
418,0,10496,26880,26880,26539,27574
419,0,13665,25369,25369,21727,20909
420,0,12886,22553,22553,25200,26038
421,0,10350,26196,26196,26200,26321
422,0,8660,17575,17575,20034,19835
423,0,11641,23873,23873,25722,15512
424,4,6402,17504,15932,22581,16663
425,55,13873,26131,26264,26116,24322
426,0,11216,20050,20050,25760,23590
427,0,3672,22270,22270,17889,22454
428,3,10431,17097,24449,27002,24802
429,98,11302,26888,25233,25278,24346
430,276,495,23541,18053,22522,24535
431,1,7571,26462,19503,26462,26871
432,713,2861,17825,24693,24140,24141
433,6,12704,18353,27589,17484,19202
434,0,12601,20315,20315,17076,21658
435,0,6483,27266,27266,27476,27547
436,12,1196,25332,25050,26721,24511
437,0,6446,25604,25604,22554,27644
438,0,5232,15950,15950,15953,16583
439,0,6250,21521,21521,27459,26108
440,0,1954,15492,15492,24138,17498
441,0,10592,26256,26256,26517,22739
442,0,3446,22672,22672,16488,16487
443,0,10281,18098,18098,23492,21950
444,1,6124,23885,24130,23885,22405
445,0,9848,27279,27279,27281,26219
446,0,10356,17761,17761,18247,26609
447,84,2878,19326,24433,16616,24210
448,0,13667,22223,22223,24457,22224
449,0,9917,19642,19642,16918,23590
450,105,13948,18762,16962,16468,15094
451,0,6131,19216,19216,20493,19101
452,0,2021,24031,24031,24640,20710
453,6,4005,27747,17108,24670,15282
454,0,5340,27387,27387,26834,27629
455,0,8960,20084,20084,20731,26017
456,195,7982,27632,16178,15508,15814
457,2,4797,16863,21599,22657,16863
458,0,4414,15356,15356,20863,15166
459,0,5168,27082,27082,24326,24087
460,0,11990,16890,16890,16880,16884
461,3,12956,25228,15363,20914,18136
462,1,13496,19672,16496,19672,16495
463,47,2679,27788,25939,26200,25933
464,0,4914,20115,20115,21914,26921
465,0,4282,18916,18916,24561,24900
466,1,537,20300,20303,20300,20305
467,0,7364,17920,17920,17937,17922
468,45,11790,17574,16181,27532,20988
469,0,13058,15091,15091,15092,26710
470,0,12610,26195,26195,27442,27273
471,0,14504,19646,19646,18609,20425
472,5,419,25751,19698,23992,21762
473,0,531,17193,17193,17029,23614
474,0,4600,20236,20236,21606,23356
475,0,6718,21882,21882,21883,17083
476,1,2508,23026,24711,23026,24389
477,2,2609,27298,27297,27300,27298
478,0,8249,16516,16516,16511,16653
479,4,1226,23991,23130,23299,24081
480,376,11666,17979,15135,27285,25553
481,307,6158,25754,19001,19002,21109
482,0,3456,27345,27345,23584,23991
483,0,3450,16280,16280,16524,16210
484,0,14308,19593,19593,18382,17905
485,0,2750,21079,21079,25654,21906
486,0,3381,15739,15739,15741,15776
487,0,6419,25017,25017,24349,24353
488,0,5730,16753,16753,24599,22285
489,8,1268,26844,25764,27542,26800
490,6,1936,26037,18428,25122,17659
491,0,9235,19062,19062,20702,19063
492,4,6436,21420,17335,16457,21660
493,0,110,27612,27612,22900,24515
494,77,7799,27719,24494,27735,20895
495,0,6892,20171,20171,25013,22470
496,0,12760,21109,21109,21105,21104
497,0,9951,21105,21105,21109,15047
498,0,10829,16628,16628,15439,17114
499,5,9038,27036,22582,21097,22013
500,1,13462,15575,15574,15575,24857
501,0,14160,22097,22097,23090,23991
502,0,8949,15421,15421,27514,23727
503,0,12284,25575,25575,24447,19142
504,1,835,27641,25961,27641,27573
505,0,172,19841,19841,20252,24432
506,1,3419,25856,24234,25856,27378
507,0,8418,23876,23876,23396,19303
508,0,13197,17871,17871,23261,27581
509,0,5128,25456,25456,15120,15119
510,0,5956,24614,24614,24630,24337
511,0,249,24865,24865,27393,24872
512,0,1453,22992,22992,21753,18879
513,14,7357,27254,19731,27243,27155
514,1,10801,24287,23293,24287,21055
515,0,11323,18396,18396,27716,18897
516,0,13189,19668,19668,21630,23987
517,0,9050,26006,26006,25893,23678
518,0,11393,26685,26685,25148,27711
519,0,2279,18022,18022,17244,18020
520,3,7564,22468,25675,20963,18530
521,5,12442,24723,25348,26088,19430
522,0,9592,16767,16767,15435,17640
523,31,14424,16662,16102,25712,23585
524,0,11747,18058,18058,19501,23613
525,2,6616,26070,26080,26076,26070
526,4,11623,22393,22392,22394,22391
527,0,1714,26812,26812,27191,26721
528,1,12783,20832,20833,20832,18877
529,1,7348,26250,27569,26250,21429
530,3,7356,19051,19049,25742,18016
531,0,126,16041,16041,24107,22083
532,0,4943,17088,17088,23106,23637
533,0,3182,16538,16538,16045,16298
534,0,13711,25563,25563,23496,18930
535,0,6564,23021,23021,16849,25819
536,26,6342,25093,24174,24224,26021
537,10,11582,20790,19374,19358,19419
538,230,1466,27274,14951,23589,25033
539,0,1988,20148,20148,22995,23779
540,2,1860,23685,27460,18484,23685
541,0,344,15293,15293,15294,17569
542,0,8421,23373,23373,25764,27542
543,0,11300,18030,18030,19724,19726
544,1,10803,26264,25065,26264,24322
545,0,3974,15917,15917,17657,16742
546,0,8990,27123,27123,27312,27108
547,166,4982,27546,26509,22147,27628
548,5,13170,22403,19090,22173,25709
549,0,10780,16587,16587,20513,25512
550,0,13065,21016,21016,15888,20444
551,0,4844,15026,15026,16421,16716
552,73,14126,23451,27532,21646,23808
553,0,14540,15390,15390,15156,22458
554,641,12332,20356,25093,22447,25359
555,0,5646,24365,24365,25970,21439
556,185,2149,26702,25093,24224,23368
557,0,4060,23686,23686,22582,21812
558,2,905,26370,26368,24724,26370
559,11,9034,26145,26552,24517,22550
560,0,3828,15166,15166,15547,17528
561,0,5782,19786,19786,22124,23961
562,0,10676,15800,15800,17833,20179
563,0,11437,19676,19676,25697,18889
564,0,4808,25555,25555,22840,22545
565,0,13872,19122,19122,19421,24802
566,0,2255,26762,26762,25706,26152
567,35,9628,22232,16962,18277,15366
568,0,5830,25887,25887,24658,26357
569,0,6807,26984,26984,27606,27506
570,0,1105,25397,25397,19619,22083
571,0,6352,19771,19771,21732,20550
572,4,2955,27627,23958,25961,27085
573,115,3279,16757,23127,25090,16719
574,0,8550,24985,24985,21429,27644
575,82,14076,18327,27285,15312,27589
576,0,14691,23486,23486,23512,19226
577,0,3106,20751,20751,20873,26697
578,0,11785,24920,24920,19831,20134
579,0,11789,16166,16166,20391,20389
580,0,7990,18034,18034,26328,23380
581,0,13077,20797,20797,17672,23169
582,0,2406,25888,25888,15117,25887
583,0,863,17789,17789,17792,17790
584,0,982,20692,20692,20701,15750
585,0,9364,17609,17609,15491,18592
586,4,12648,20658,20551,20670,20672
587,0,3910,26649,26649,26786,26648
588,0,2320,26198,26198,26200,26526
589,0,5086,16028,16028,15491,17609
590,0,2252,22452,22452,26267,23132
591,12,3831,20267,23494,22382,26541
592,21,5298,22038,24654,19597,25354
593,2,4716,25183,23950,17947,25183
594,1,3630,25005,25816,25005,26271
595,9,12769,27446,21665,22360,22358
596,0,5139,18154,18154,18155,17786
597,0,9796,18590,18590,17428,17645
598,0,8063,15403,15403,15395,16226
599,5,8575,23828,26647,25837,25430
600,0,6308,23745,23745,27023,24810
601,0,10222,23157,23157,21949,23963
602,2,324,26643,21788,26622,26643
603,6,11152,24293,26929,24648,24951
604,0,11608,24530,24530,16407,25682
605,0,6730,16773,16773,18965,18967
606,0,1070,20008,20008,24747,23258
607,2,10193,26773,19536,26874,26773
608,0,8542,25309,25309,27638,27558
609,0,8126,17348,17348,22211,17834
610,1,246,26921,24562,26921,26577
611,0,8613,15524,15524,19150,21842
612,458,13131,17561,19199,22353,25755
613,0,8494,15515,15515,20790,21296
614,0,3687,24380,24380,24384,22582
615,0,680,23918,23918,26564,26552
616,0,13385,21055,21055,24497,21575
617,1,10897,23362,23221,23362,20910
618,1,202,16977,15674,16977,16212
619,347,10528,20404,26452,17537,19598
620,0,10719,18223,18223,18265,18266
621,0,3511,22364,22364,22705,22492
622,2,9508,21407,21405,21687,21407
623,0,1123,24246,24246,24149,26643
624,0,11849,17830,17830,22211,24084
625,594,12400,23589,21505,22075,23514
626,136,1591,27729,15282,24679,17108
627,0,11421,21894,21894,21895,21893
628,0,5007,15653,15653,15149,20263
629,0,14836,26067,26067,23483,19799
630,0,2899,24414,24414,21491,22592
631,0,10359,20025,20025,19835,20004
632,11,9671,18597,22253,23969,21242
633,0,3610,15278,15278,17023,16896
634,0,2461,25994,25994,26215,21634
635,12,5171,26237,25739,26823,26238
636,0,2990,19291,19291,22065,20465
637,1,5842,17071,26461,17071,20005
638,0,3115,23567,23567,26089,27122
639,0,11427,21784,21784,24895,18734
640,4,5248,25190,24476,23079,24565
641,0,4303,23419,23419,27460,15970
642,0,14070,23808,23808,20673,18681
643,0,10865,17657,17657,15120,17658
644,0,8759,20337,20337,20246,26006
645,0,4955,17418,17418,20883,23548
646,0,3691,15581,15581,18673,20138
647,1,12170,24112,25180,24112,22278
648,1,705,20550,18490,20550,21706
649,0,14182,22750,22750,23657,24429
650,2018,8579,19596,23956,21566,22013
651,0,1650,16119,16119,18016,17103
652,0,8193,21973,21973,17576,22515
653,1,3775,26238,25739,26238,26239
654,0,3660,23601,23601,25779,23759
655,0,11169,19186,19186,26456,18874
656,0,4733,18932,18932,23496,22199
657,2,958,17628,22376,22378,17628
658,43,4118,24930,21812,22582,23686
659,0,4709,16000,16000,15999,17611
660,20,536,25041,20303,20305,26372
661,0,6349,25609,25609,26771,25117
662,0,10206,23670,23670,23954,25304
663,0,4064,21052,21052,21645,21647
664,0,12772,21098,21098,15003,20500
665,2,12491,25732,25889,25545,25732
666,0,13874,20657,20657,20655,15643
667,0,9647,18054,18054,15476,19593
668,2,14433,26214,26623,25992,26214
669,0,12149,15452,15452,15448,24913
670,588,14363,17875,23557,18352,23677
671,0,4841,21341,21341,21335,23793
672,0,10208,18439,18439,16898,16880
673,1,8573,17607,17771,17607,19753
674,0,1440,15530,15530,20633,19284
675,6,8072,23832,26563,23738,23377
676,0,7920,23930,23930,16457,21660
677,0,13174,20623,20623,20643,20642
678,0,4140,19334,19334,21754,20452
679,0,12732,15918,15918,18060,15593
680,0,14075,19501,19501,18058,16170
681,19,10360,25269,17008,26570,22715
682,1,6878,16450,17595,16450,16192
683,2020,240,19934,23369,19293,27733
684,0,1272,25500,25500,26034,26327
685,0,406,17614,17614,17609,16822
686,1,14502,17321,23306,17321,17580
687,0,5758,16269,16269,15566,16111
688,0,8817,24666,24666,27000,26121
689,0,9869,22554,22554,21429,27362
690,1,7018,26182,18989,26182,23918
691,0,1574,14981,14981,15239,16250
692,0,8420,25764,25764,26315,27542
693,131,3768,18391,18337,16468,18276
694,0,342,19257,19257,16242,21355
695,0,6296,20167,20167,26786,26648
696,0,6067,17319,17319,16909,17323
697,0,2862,25392,25392,26578,25032
698,0,12717,25053,25053,23720,22679
699,0,10292,16615,16615,23090,23299
700,0,7504,15435,15435,16767,17640
701,3,10364,15107,15668,19913,19404
702,58,12164,19913,19440,19441,17225
703,1,3532,19114,24001,19114,24002
704,0,6733,26473,26473,25304,27511
705,5,10772,23130,20910,23976,24067
706,0,3181,15213,15213,15215,22540
707,0,8039,18106,18106,25749,21131
708,0,2715,20537,20537,25454,21948
709,0,14475,24785,24785,26408,24755
710,0,7473,19426,19426,24610,24608
711,0,8462,21617,21617,23723,16109
712,59,7279,17847,17080,15274,17732
713,85,6323,27416,26254,27548,25385
714,0,1655,18348,18348,21294,15430
715,0,11102,19568,19568,24731,23331
716,2,13453,19060,21672,16421,19060
717,0,13995,16835,16835,16496,19672
718,0,9549,17210,17210,23593,23975
719,0,1459,14985,14985,18375,18413
720,0,3015,19905,19905,23832,23833
721,0,13423,21672,21672,16421,19060
722,4,1078,22196,18353,24175,18435
723,1,68,17577,15897,17577,22196
724,0,14069,15830,15830,27373,15094
725,0,1922,23044,23044,19625,24373
726,0,13171,16015,16015,16822,17775
727,0,8827,19279,19279,19277,18259
728,7,14283,16849,23263,23558,23712
729,0,13787,20753,20753,20757,16061
730,0,600,16025,16025,21731,21595
731,6,11462,19460,19386,19374,19358
732,0,7501,25177,25177,24244,21079
733,1,14795,15933,17380,15933,16715
734,0,4471,19929,19929,17686,22977
735,4,8052,20601,18986,17240,19121
736,1,3079,23874,25865,23874,27319
737,0,153,22921,22921,22296,22703
738,9,14275,19467,20723,20724,19482
739,0,111,15146,15146,26269,19125
740,0,13721,16108,16108,16723,16014
741,0,12379,20757,20757,27015,21362
742,1,7760,26505,25117,26505,26914
743,0,2007,16459,16459,21156,17250
744,0,1832,24872,24872,20916,27560
745,0,9643,24188,24188,19668,20252
746,0,160,22860,22860,21057,20589
747,1,4673,15437,17881,15437,15537
748,0,11309,15708,15708,15716,17765
749,33,5599,24400,25760,22542,24456
750,10,11328,19059,16908,19772,19207
751,0,12011,21544,21544,23649,23331
752,0,6262,25301,25301,25425,19815
753,0,13429,19454,19454,17420,17794
754,0,1577,16413,16413,18889,19856
755,0,4227,15061,15061,18212,18905
756,1,10042,21142,21149,21142,21146
757,0,509,16317,16317,19435,22138
758,1,11972,15040,15039,15040,16858
759,2,4743,19074,15753,27055,19074
760,0,7443,26508,26508,26558,25207
761,0,6329,14980,14980,14979,14982
762,0,2333,24807,24807,18822,17686
763,7,8822,26155,21744,27054,20219
764,1301,4280,16430,15742,18327,19333
765,0,4759,20045,20045,24717,15888
766,88,12221,27765,25869,19911,25868
767,0,5980,16979,16979,19668,18673
768,0,5889,23735,23735,19779,21089
769,0,12136,23690,23690,23904,23853
770,0,6141,26112,26112,27190,27574
771,0,12446,16792,16792,22934,16850
772,4,8218,25637,23708,23089,18199
773,0,7531,16498,16498,21286,20307
774,0,2224,18356,18356,15268,19758
775,0,13814,15340,15340,24219,15343
776,0,6652,25954,25954,24588,18941
777,0,13853,22234,22234,21896,19837
778,0,3836,17786,17786,18155,18152
779,5,2197,21041,26124,15152,15990
780,2,13827,20387,20393,20388,20387
781,0,7778,16357,16357,16356,18142
782,0,7732,17006,17006,18280,18005
783,0,12474,20175,20175,16587,18164
784,0,2467,20294,20294,22842,17586
785,0,10242,15269,15269,20280,15268
786,0,3955,15547,15547,15166,19364
787,0,8386,23131,23131,21604,22052
788,0,1570,20982,20982,22366,23890
789,0,5133,21430,21430,27569,26250
790,6,14012,19947,16066,16067,19220
791,5,4900,23947,23941,23943,23946
792,0,1909,25989,25989,22550,27565
793,0,3894,16359,16359,19523,19301
794,0,6485,18522,18522,26701,18521
795,0,4483,23629,23629,26121,25417
796,0,2146,15413,15413,15540,16719
797,5,7355,19654,24376,24375,18761
798,194,13703,27770,23724,23519,22861
799,0,13330,21178,21178,19726,18067
800,0,8599,16795,16795,17977,16873
801,3,2111,17831,16816,16815,16814
802,12,3038,24573,21636,25052,26246
803,0,8417,21457,21457,21452,23108
804,2,10964,24277,17082,23061,24277
805,0,626,15348,15348,16818,15953
806,0,5520,16214,16214,16177,16110
807,4597,12676,18164,17867,19215,23471
808,0,10270,23034,23034,23031,21648
809,0,3884,22601,22601,17831,16816
810,0,10972,20675,20675,23820,25868
811,2,2905,27620,23958,25961,27620
812,0,13834,22968,22968,22666,17210
813,1,13704,24975,26132,24975,27358
814,0,2942,16170,16170,17815,16107
815,0,8340,16547,16547,21293,18301
816,0,4748,15108,15108,17096,16719
817,0,2641,20610,20610,17857,23031
818,0,8465,20215,20215,20214,21257
819,0,3145,20201,20201,20212,26697
820,8,13390,24648,24723,25199,26095
821,0,14258,19505,19505,15593,17097
822,0,8204,25871,25871,24633,23248
823,0,11506,21396,21396,22999,18448
824,1,9053,24353,24352,24353,24354
825,256,7172,27741,17108,24670,15282
826,0,13470,21189,21189,21191,24919
827,0,2028,15007,15007,15087,15925
828,0,87,15952,15952,15953,19542
829,1,3413,17086,17085,17086,17620
830,0,3695,25091,25091,24221,24714
831,0,6246,23198,23198,19408,18477
832,1,11583,18609,19646,18609,19124
833,89,2513,24889,17258,22054,18270
834,1,5545,15990,21041,15990,15089
835,8,4054,22858,23818,23833,23832
836,0,10269,19898,19898,24255,15023
837,0,8251,21824,21824,19259,20784
838,1,8935,17259,16018,17259,17258
839,0,5,22156,22156,20084,27476
840,0,10054,20810,20810,17302,26768
841,10,7763,26399,26855,26529,26132
842,0,5060,27153,27153,24132,27370
843,0,8961,23325,23325,25576,23323
844,0,5443,23394,23394,26080,26081
845,3,6587,26020,26495,26496,26492
846,0,652,21300,21300,17597,21299
847,0,588,15710,15710,15708,15698
848,0,5598,23082,23082,23026,24711
849,0,4100,22926,22926,21812,19435
850,0,9525,26158,26158,26502,26192
851,1,5603,18482,24499,18482,16163
852,0,5180,24118,24118,25912,21914
853,0,3105,16112,16112,22378,22376
854,0,4961,18930,18930,23496,22199
855,0,5408,18480,18480,20521,22232
856,0,14725,16057,16057,16056,16614
857,257,11573,25515,26495,26497,26496
858,0,14209,25305,25305,19828,18600
859,0,11482,23463,23463,17796,23988
860,0,5286,16571,16571,18784,20252
861,0,4565,21922,21922,22152,18460
862,0,2767,15227,15227,20823,20815
863,0,2717,25577,25577,19554,24862
864,0,313,21439,21439,26717,26400
865,2,498,17212,21368,20088,17212
866,9,11672,25804,25343,26107,27209
867,0,14615,27514,27514,15421,16310
868,0,4521,17062,17062,17115,22531
869,1,1462,16608,20485,16608,15067
870,1,11103,23088,23226,23088,23717
871,1,4610,21735,19762,21735,27565
872,0,7565,22465,22465,22636,24741
873,1,5257,21309,21307,21309,18289
874,0,6199,20087,20087,19822,15864
875,0,8936,16598,16598,21340,21375
876,1,4249,25516,25878,25516,26615
877,0,4390,20903,20903,26885,17738
878,0,12141,17573,17573,18401,21742
879,1,9045,27217,23922,27217,18664
880,1,6157,26894,27538,26894,27321
881,0,8100,25239,25239,16415,15140
882,58,41,16789,17781,16719,19125
883,6,9190,23462,23449,24429,24046
884,1,9888,24895,18734,24895,20212
885,0,6126,20967,20967,25501,24031
886,2,8632,15441,17245,15755,15441
887,0,11574,27574,27574,27350,27565
888,39,3274,15135,24141,24140,19005
889,0,8554,15863,15863,18905,23335
890,0,2665,25214,25214,24331,19994
891,0,8567,27455,27455,27465,24253
892,8,8470,20043,20122,20123,19247
893,1,7708,27415,27641,27415,27131
894,0,7909,27592,27592,23229,27350
895,1,8402,26383,18745,26383,26759
896,0,14778,18359,18359,18053,20415
897,0,8782,21654,21654,22997,22800
898,0,4853,20482,20482,21181,21188
899,10,12212,22534,22414,23122,21972
900,1,6663,24422,22778,24422,22780
901,36,12,17445,19946,25881,15023
902,0,2531,24894,24894,24896,20721
903,0,13334,21155,21155,19322,21178
904,0,7191,19368,19368,21945,18251
905,0,2514,21886,21886,15681,23963
906,1,13264,23990,24949,23990,24011
907,0,5122,25942,25942,25148,27620
908,0,6012,18677,18677,21027,24621
909,0,7302,22211,22211,26762,18279
910,0,14838,19041,19041,20995,17711
911,4,2398,20302,20305,20303,26372
912,0,7818,15634,15634,23652,23177
913,0,11848,27240,27240,26605,27258
914,0,7992,16723,16723,16722,16014
915,2,13153,20783,20782,19029,20783
916,0,9902,23076,23076,23077,21879
917,1,12613,25164,23091,25164,27010
918,0,555,17031,17031,16163,17030
919,130,1341,24964,23368,19816,19821
920,0,14512,20475,20475,18212,22166
921,0,2806,24253,24253,20949,27555
922,0,5211,25737,25737,24603,26423
923,0,1711,17493,17493,19521,20313
924,0,9492,25333,25333,26735,20731
925,0,10677,22121,22121,24630,25015
926,11,10815,19142,25674,14966,21614
927,0,6082,17028,17028,15704,21660
928,0,12782,18053,18053,20895,15742
929,2,11453,25274,25140,24573,25274
930,1415,8996,25632,21053,19535,27641
931,0,1262,26331,26331,24340,25166
932,0,1522,20334,20334,20721,18669
933,0,4415,19253,19253,19251,23108
934,0,14304,25982,25982,15285,19462
935,4,12520,19284,21176,19322,20389
936,152,11438,18989,23023,23443,24302
937,0,3682,17701,17701,17767,17702
938,0,1064,19975,19975,23705,20513
939,0,2988,20136,20136,21870,27109
940,221,14826,17842,20415,24362,22654
941,0,4079,18741,18741,19504,23987
942,673,5240,15906,18136,22603,27601
943,0,3928,27011,27011,27328,23958
944,0,10975,17544,17544,17222,18905
945,271,14654,25715,27747,25716,17020
946,0,12303,23585,23585,21261,27709
947,0,11749,24624,24624,25042,19668
948,358,8080,17946,23686,21812,23034
949,3,7908,23283,20965,24320,20560
950,0,6562,19699,19699,19602,17047
951,3,2202,21507,16638,16520,17398
952,0,13767,17480,17480,19275,15734
953,0,5755,15849,15849,15854,17146
954,0,6787,21904,21904,20589,25523
955,6,13252,22482,21239,19784,19785
956,1,5738,18760,22013,18760,27509
957,922,14500,18531,15575,15574,25367
958,0,8084,24631,24631,25596,23825
959,0,13393,22487,22487,23593,24415
960,0,13048,23263,23263,23558,23499
961,0,5888,20927,20927,26418,25365
962,0,11199,20864,20864,15358,20863
963,0,1368,15995,15995,24106,19205
964,0,6110,21630,21630,21631,22582
965,0,6916,22643,22643,20159,16291
966,1,10894,20612,20611,20612,20616
967,6,10207,19577,19583,19580,19574
968,215,13804,19392,19357,25716,17020
969,0,1147,21328,21328,23455,21226
970,0,2818,20698,20698,20701,20702
971,0,2968,26456,26456,19186,18874
972,0,3052,20158,20158,22841,25575
973,57,11949,14986,15131,15721,17824
974,0,1665,25671,25671,21800,25678
975,0,4964,17399,17399,16367,16668
976,1,9899,19660,20053,19660,25349
977,199,14387,16802,17090,17676,23489
978,1,10709,16040,16415,16040,19824
979,1,1014,16719,15108,16719,15540
980,0,5280,22457,22457,22414,21972
981,0,3805,19502,19502,18597,19551
982,18,545,15508,19421,16788,22281
983,0,2262,22816,22816,22817,27629
984,7,8145,20235,17831,15704,19433
985,19,6717,27144,17375,27766,27763
986,854,9641,17849,19324,14951,23589
987,5,13483,16305,17487,19317,19316
988,0,2912,20654,20654,17729,21412
989,29,990,17485,15234,14951,25033
990,0,3652,22074,22074,24640,21668
991,0,44,23455,23455,19658,27167
992,3,2991,16981,19762,25751,19761
993,0,4382,26210,26210,25279,26209
994,0,594,21113,21113,16819,18587
995,0,2246,23540,23540,19421,22281
996,0,3236,16848,16848,27423,23901
997,0,2844,22820,22820,22816,27106
998,0,8136,19776,19776,19240,21544
999,0,8041,15664,15664,17126,17867
1000,7,2675,19332,16814,16816,16815
1001,0,1513,24096,24096,24095,24822
1002,0,2412,21161,21161,21159,17594
1003,3,501,22262,22259,22260,22261
1004,0,5233,16825,16825,16727,16830
1005,0,9371,27281,27281,27279,26219
1006,1,12524,22062,25396,22062,22366
1007,0,14880,21729,21729,19571,25198
1008,1,3469,19277,23092,19277,18428
1009,2,9600,20391,21174,20341,20391
1010,3,7368,19805,15424,18132,16195
1011,0,5350,21609,21609,25440,16673
1012,1,8614,17694,16826,17694,19151
1013,0,2916,17686,17686,22482,19929
1014,0,8144,26779,26779,21414,22058
1015,0,2055,27540,27540,27542,26538
1016,0,11496,15342,15342,15341,22330
1017,91,4965,15044,14951,15134,25033
1018,0,6738,20647,20647,16096,15868
1019,178,7419,16812,26368,25933,25939
1020,2,12558,16401,15073,19451,16401
1021,0,12217,21034,21034,21035,19137
1022,0,8295,19311,19311,20568,19960
1023,12,8588,27263,26930,18808,27071
1024,0,2860,15947,15947,25674,18792
1025,2,1903,22498,16864,15839,22498
1026,0,607,18879,18879,19796,16843
1027,20,3681,24144,20560,27121,24320
1028,0,9098,20438,20438,17362,18969
1029,152,3654,24402,24224,23738,23368
1030,7,1340,27452,27207,23958,27539
1031,1060,14472,23436,24651,23562,27761
1032,51,3046,27360,25769,27415,26511
1033,0,6791,21008,21008,27431,21004
1034,90,10786,25431,17680,21184,26051
1035,0,5615,18822,18822,20076,21761
1036,0,365,27590,27590,25662,23958
1037,0,541,15276,15276,21753,23006
1038,0,5220,18612,18612,18104,20054
1039,0,1544,15932,15932,22581,17506
1040,0,52,19616,19616,18893,23189
1041,48,14710,17680,18682,16132,15966
1042,0,6848,22770,22770,16861,27610
1043,0,5453,27273,27273,27442,27561
1044,0,2294,26981,26981,26612,27595
1045,33,3963,25911,26605,26523,25598
1046,0,7194,23631,23631,16283,22014
1047,24,14840,23497,25819,23292,16849
1048,0,7403,19176,19176,22160,22526
1049,3,2221,18475,25088,27082,24326
1050,0,7774,15949,15949,19334,19330
1051,0,13829,21364,21364,20568,17729
1052,0,4613,21955,21955,23956,15496
1053,5,5992,27247,27258,27256,27241
1054,0,5169,15490,15490,15490,16727
1055,1,11851,16324,16488,16324,16487
1056,0,3614,19476,19476,19160,19407
1057,14,3611,25316,23162,23349,22798
1058,0,10811,26538,26538,25629,21751
1059,54,10808,25067,24723,27161,25522
1060,0,7770,21173,21173,20342,20391
1061,0,10655,17829,17829,17830,16518
1062,207,12478,19721,21156,18924,25742
1063,94,5861,23831,23819,23977,24224
1064,8,1015,26235,26238,26765,26664
1065,0,5228,16692,16692,17608,15491
1066,0,3380,21031,21031,20076,18822
1067,0,2380,26893,26893,23133,25630
1068,0,9377,16879,16879,17735,18660
1069,1,6693,23774,20980,23774,26852
1070,2,12475,25674,22545,26417,25674
1071,3,13201,18101,18100,16972,26299
1072,0,5277,20488,20488,27010,25364
1073,0,90,25467,25467,23963,23624
1074,0,6601,23174,23174,24511,26155
1075,10,1841,26477,24972,18094,21758
1076,0,2256,20589,20589,24900,22124
1077,0,11786,19764,19764,21286,18970
1078,0,2396,15603,15603,17057,19259
1079,0,4575,16391,16391,26492,26495
1080,4,7022,20054,18866,16305,16595
1081,0,4552,19978,19978,20126,19528
1082,0,10220,21895,21895,21894,21893
1083,0,2520,20531,20531,19812,20532
1084,1,6993,17096,15429,17096,16719
1085,0,5490,23783,23783,26120,20159
1086,0,756,18717,18717,15971,15213
1087,2,19,21769,17940,21786,21769
1088,2,6523,25051,23664,23262,25051
1089,1,14134,26556,21609,26556,21389
1090,7,11224,19435,21602,18496,17807
1091,0,12178,20258,20258,27595,25498
1092,0,7627,26705,26705,19259,18041
1093,0,5921,19530,19530,19793,19531
1094,1,9644,21139,15201,21139,18628
1095,0,8021,24329,24329,21274,23252
1096,15,10917,22448,25913,19206,23891
1097,2,14158,20427,16220,17842,20427
1098,6,6595,25375,25076,26391,22739
1099,5,14636,23593,20027,26371,20039
1100,0,5984,19166,19166,22273,24744
1101,0,2194,15614,15614,17499,15613
1102,0,10215,20480,20480,19329,25170
1103,0,1933,20203,20203,16979,23797
1104,0,11349,21313,21313,21311,17330
1105,0,3713,16407,16407,20379,25362
1106,0,1445,21206,21206,21203,21207
1107,0,8410,16868,16868,21500,18839
1108,0,7759,26173,26173,20115,24593
1109,1,8474,25103,24205,25103,23495
1110,0,5236,24588,24588,25177,25954
1111,0,2919,27021,27021,27148,16234
1112,0,3336,15705,15705,17801,15479
1113,15,10266,16495,22581,15932,16616
1114,0,6139,23639,23639,27475,24821
1115,0,11271,25503,25503,23429,24523
1116,0,6741,23961,23961,19786,23778
1117,12,11622,24489,20575,24123,21804
1118,14,12036,23598,25809,25808,16278
1119,0,5460,27205,27205,26137,25961
1120,0,13522,20473,20473,20597,20601
1121,0,2638,25247,25247,25614,26725
1122,0,12981,23456,23456,19502,18500
1123,67,11788,27583,26540,20411,21128
1124,0,10023,19774,19774,17538,17103
1125,0,12451,19118,19118,18312,17000
1126,0,6552,16388,16388,21481,19603
1127,0,5990,25970,25970,26924,27638
1128,0,747,25491,25491,25493,26474
1129,0,2710,22002,22002,26969,26285
1130,24,11973,23383,24773,23626,24775
1131,2,3212,24499,18482,15417,24499
1132,0,4875,22817,22817,17889,21761
1133,2,14059,21573,17681,17734,21573
1134,50,13659,25090,19026,24224,25410
1135,1,13348,26938,26397,26938,24322
1136,3,2125,24806,21588,20721,25344
1137,0,12725,16696,16696,15564,16705
1138,368,14488,23043,19594,19923,17745
1139,0,4695,16517,16517,16894,15106
1140,0,11669,15779,15779,15899,18387
1141,54,4826,26817,17762,26885,23244
1142,0,1638,26636,26636,26589,19060
1143,0,12937,24131,24131,22173,25709
1144,0,895,21705,21705,17017,16087
1145,0,378,17586,17586,21520,20294
1146,0,10868,15022,15022,18139,18056
1147,0,1949,18950,18950,22366,20982
1148,0,9589,24480,24480,16915,21668
1149,0,14284,15763,15763,23702,26370
1150,0,505,20511,20511,25757,21386
1151,0,10612,16698,16698,15648,17199
1152,0,8458,15238,15238,22849,22366
1153,0,3851,22155,22155,27555,21488
1154,3,12169,17594,21159,21161,20035
1155,0,13369,23468,23468,18775,22482
1156,4,3980,26580,21865,24324,24125
1157,125,12987,24139,20558,25594,22976
1158,0,9678,26560,26560,26218,26450
1159,31,4440,26206,25233,25787,25958
1160,0,2732,22105,22105,19812,24699
1161,0,4944,17597,17597,17088,17288
1162,0,9865,25933,25933,25939,25935
1163,0,11361,20948,20948,17865,16394
1164,2,4246,21389,23579,19349,21389
1165,0,2027,18279,18279,16962,18277
1166,0,4553,27573,27573,26108,21974
1167,0,590,17103,17103,16952,16359
1168,0,2161,23286,23286,27041,21148
1169,1,2921,19920,23396,19920,19303
1170,0,9860,24176,24176,22726,22215
1171,0,3183,22564,22564,25445,23464
1172,0,1298,26458,26458,18669,20721
1173,0,7213,18720,18720,25167,22913
1174,11,10580,27733,17487,19317,17825
1175,2,13921,20680,20678,20683,20680
1176,1,7520,22647,16133,22647,21765
1177,0,4624,17381,17381,22995,20455
1178,45,13632,25413,25412,26407,25611
1179,0,4925,15073,15073,16666,19220
1180,0,13729,26132,26132,26116,26131
1181,0,3934,22746,22746,17889,24028
1182,0,2033,26929,26929,27219,26516
1183,0,5037,22483,22483,23356,24937
1184,2,9182,27447,24847,27250,27447
1185,3,10579,25682,26808,26552,26183
1186,0,8351,25833,25833,27095,26592
1187,0,11715,16990,16990,23146,16989
1188,0,5077,22037,22037,19546,26380
1189,1,4831,22394,22392,22394,22391
1190,1,4216,15054,17245,15054,14987
1191,0,5285,18909,18909,16388,20230
1192,0,2084,27535,27535,27327,25961
1193,0,8059,21838,21838,22987,25189
1194,0,1563,17063,17063,15741,17062
1195,1,9138,19939,20459,19939,15592
1196,0,11673,18860,18860,19093,23132
1197,0,7296,23640,23640,27025,17530
1198,0,6321,14988,14988,14994,24693
1199,16,13898,20283,23374,22299,22749
1200,84,13914,23306,27388,19392,18352
1201,0,10413,20604,20604,20605,18936
1202,0,9649,20928,20928,21842,19131
1203,0,11952,20896,20896,18802,15446
1204,0,7687,25889,25889,25545,17020
1205,0,10504,18577,18577,27430,16618
1206,0,8380,19930,19930,15145,20467
1207,13,11933,23633,24155,21211,17799
1208,0,9732,21874,21874,21876,25707
1209,0,4412,16838,16838,16005,15723
1210,0,5961,19240,19240,19241,19788
1211,0,2828,16258,16258,18044,16261
1212,0,5793,23790,23790,20949,21800
1213,1,12994,24435,19852,24435,19082
1214,0,6893,26530,26530,25309,26548
1215,0,6381,17301,17301,17554,16609
1216,1,9906,24194,26304,24194,24696
1217,1,8677,26877,23694,26877,23380
1218,4,5127,26391,23077,26019,23076
1219,0,12220,15392,15392,15155,21644
1220,0,12449,27542,27542,25764,26315
1221,440,14394,16412,20920,16649,20232
1222,1,12405,18028,16844,18028,18029
1223,10,7651,17341,16940,27589,16758
1224,0,6115,18761,18761,23928,18283
1225,1,2999,24336,20286,24336,22082
1226,0,5698,18642,18642,22750,22542
1227,0,8548,19503,19503,26871,20251
1228,1,7048,20791,15868,20791,24012
1229,0,2301,18364,18364,16894,15106
1230,0,8472,21351,21351,21452,27666
1231,0,2438,27392,27392,27370,27042
1232,40,3523,26645,25233,25787,26021
1233,19,4165,19000,16148,19544,25578
1234,55,13761,23723,27747,21184,27741
1235,3,12692,19358,19407,19419,16635
1236,2,7620,23060,20981,21758,23060
1237,0,5820,21355,21355,24324,24965
1238,10,1195,26697,27488,26721,25336
1239,0,8945,23209,23209,25902,24920
1240,0,7248,26575,26575,27126,23727
1241,0,13307,25407,25407,24801,15281
1242,0,4515,16124,16124,22603,16588
1243,0,4872,15999,15999,16000,17611
1244,55,11651,26675,26535,24718,24535
1245,0,459,18608,18608,22390,21886
1246,0,10170,16583,16583,16993,20452
1247,0,9579,23311,23311,23210,20162
1248,2272,139,19081,24141,24694,24140
1249,85,6447,27716,22647,16133,24964
1250,0,14782,16056,16056,15649,16057
1251,0,6659,23426,23426,18991,22040
1252,0,3085,26452,26452,22378,25425
1253,7,7944,25474,24234,25856,23254
1254,0,4849,25662,25662,23655,27399
1255,1,4170,24440,24444,24440,21010
1256,1,14114,16663,18320,16663,24073
1257,0,3948,17738,17738,27459,19097
1258,2,1920,20949,21800,22909,20949
1259,0,11316,15378,15378,22169,21986
1260,0,1396,21851,21851,22485,27647
1261,0,7239,18889,18889,18706,19858
1262,0,8406,20449,20449,19668,19661
1263,3,12794,20342,20341,20389,20391
1264,653,5415,23814,25958,25787,25233
1265,3,9563,15901,22652,15149,15653
1266,0,8289,21568,21568,24654,22849
1267,0,2910,25250,25250,26930,27261
1268,0,6881,26282,26282,19169,26158
1269,0,1785,15156,15156,15178,15580
1270,0,3898,14957,14957,21065,20266
1271,0,3296,15231,15231,24434,15356
1272,1,9084,17064,26481,17064,25384
1273,12,1693,15232,22378,17629,17628
1274,3,6185,24751,25120,23963,23272
1275,7,13310,23388,16669,18050,22224
1276,1,11706,16912,16136,16912,17804
1277,208,5059,23206,22430,27633,22432
1278,0,2198,24888,24888,21452,23108
1279,0,995,25009,25009,24976,22209
1280,0,1700,25831,25831,19905,15886
1281,0,10376,17068,17068,17067,22330
1282,148,13718,24445,24730,23922,17143
1283,0,2639,23746,23746,21226,16861
1284,17,9581,15772,19593,19797,20467
1285,0,261,24296,24296,15897,23872
1286,4,11981,20995,18460,17911,19042
1287,0,8382,15592,15592,20457,16625
1288,0,8776,18736,18736,18735,25891
1289,0,14115,23483,23483,26067,25383
1290,0,12210,18068,18068,16426,18139
1291,0,7796,17991,17991,17508,26157
1292,1,11901,27438,19835,27438,20034
1293,0,14575,16487,16487,22672,22665
1294,8,12053,16201,18887,25881,16468
1295,1,13906,19801,20371,19801,21995
1296,0,2727,27511,27511,26396,24555
1297,0,646,16458,16458,19168,19171
1298,0,1002,26811,26811,22738,22739
1299,1,2450,21931,17996,21931,18187
1300,18,3364,26635,26283,18812,26287
1301,0,3401,15643,15643,23584,20910
1302,0,1407,19551,19551,24429,20912
1303,3,8773,25867,27300,27298,27297
1304,0,5590,21935,21935,21870,24559
1305,8,9199,20740,20714,20747,20713
1306,5,12062,17660,27632,17580,22977
1307,0,6013,22247,22247,24223,20910
1308,0,6486,27000,27000,25417,27018
1309,0,13430,17169,17169,17170,21789
1310,2,5351,26927,19665,25685,26927
1311,0,8708,26418,26418,26644,25365
1312,0,9922,19538,19538,26296,27245
1313,0,3619,21471,21471,21466,21472
1314,0,2960,19267,19267,18496,18495
1315,0,2702,20293,20293,22842,20294
1316,0,924,21383,21383,21386,21358
1317,0,5329,17998,17998,16913,18445
1318,0,4787,18061,18061,23838,23095
1319,0,189,21577,21577,22657,20982
1320,5,12764,17503,19376,18402,17453
1321,3,9330,17288,16617,23092,17858
1322,0,7688,21753,21753,22992,18879
1323,14,8197,17731,15625,26959,20684
1324,0,6764,22276,22276,23092,26540
1325,0,11828,18837,18837,19777,18836
1326,0,11861,23432,23432,23433,23703
1327,0,12251,21311,21311,18291,21308
1328,0,2052,20572,20572,19097,19098
1329,0,2098,24862,24862,19750,18668
1330,0,8370,15725,15725,21665,25243
1331,4,331,18436,24923,23966,22402
1332,0,8659,23785,23785,24710,24399
1333,1,3388,19632,19629,19632,21739
1334,0,3816,16617,16617,18270,16618
1335,12,14380,23292,26124,23305,18459
1336,0,1067,21021,21021,18818,21876
1337,24,676,23059,17761,17825,15298
1338,0,13517,22729,22729,23374,22749
1339,7,5776,20001,24747,23258,20008
1340,0,316,25524,25524,21228,24787
1341,0,9241,21924,21924,25659,23586
1342,0,11433,16110,16110,18266,18223
1343,1,1080,19040,18647,19040,22271
1344,0,13511,20393,20393,20386,20387
1345,0,3412,17705,17705,23429,17086
1346,0,9550,20461,20461,18121,18478
1347,446,5479,21720,20160,19788,24059
1348,0,6603,16132,16132,21936,16945
1349,0,9831,24103,24103,19994,24331
1350,0,9722,21539,21539,20209,18045
1351,0,5478,27012,27012,19567,23149
1352,0,5200,19716,19716,19686,20923
1353,0,8287,15483,15483,26846,25385
1354,1,12402,24860,17670,24860,18499
1355,1,13766,19651,15930,19651,15931
1356,0,5062,16285,16285,22243,26479
1357,841,9111,24157,15704,15374,17831
1358,0,13055,19494,19494,21198,14961
1359,0,2127,26826,26826,27283,23142
1360,1,10232,26376,26377,26376,25939
1361,0,7036,15345,15345,24454,23305
1362,26,1,15047,24693,27067,14988
1363,0,1697,15818,15818,15825,16435
1364,0,12078,16011,16011,21155,19322
1365,0,5707,24133,24133,24125,24788
1366,0,13293,19035,19035,20307,22450
1367,0,5082,15943,15943,16250,15200
1368,7,140,15384,16719,17781,17096
1369,0,268,23155,23155,27148,25289
1370,0,11190,21035,21035,24123,23443
1371,0,7726,16045,16045,20015,18956
1372,2,5932,17020,20055,25456,17020
1373,9,12127,24043,27122,27411,26998
1374,0,5364,21612,21612,19315,22013
1375,0,9112,24586,24586,26360,24027
1376,0,5920,19532,19532,19792,20681
1377,0,1187,21736,21736,26436,25930
1378,312,9006,25194,23723,20263,15524
1379,5,618,18269,19005,24693,24140
1380,0,11656,20748,20748,20704,20757
1381,1,369,20227,19698,20227,19716
1382,0,12006,19561,19561,22330,22297
1383,1,10442,25150,26918,25150,26368
1384,0,5442,27148,27148,27244,27315
1385,2,6451,17146,15849,17145,17146
1386,264,13292,26693,19946,18333,15023
1387,0,7005,24328,24328,22559,20155
1388,1,4126,27659,27657,27659,27457
1389,0,7869,22065,22065,25272,20499
1390,0,11598,20890,20890,20891,20889
1391,0,13113,18883,18883,26690,18904
1392,4,7175,19005,24141,24140,24694
1393,0,2952,25108,25108,22481,25652
1394,0,4773,27383,27383,27360,24562
1395,0,4977,19583,19583,19580,19575
1396,0,1186,19608,19608,19733,21736
1397,1,4338,17451,22404,17451,16633
1398,96,11601,23914,24594,26757,27024
1399,0,5361,17861,17861,17858,17860
1400,14,9898,24127,24327,18421,23603
1401,0,4537,16075,16075,23233,23235
1402,0,7396,22766,22766,25455,26965
1403,0,3656,19490,19490,22078,19286
1404,0,256,18496,18496,18495,20267
1405,2,3815,23943,23937,23946,23943
1406,0,7820,18189,18189,21451,21480
1407,0,12356,15160,15160,14962,16102
1408,0,3620,25826,25826,20420,20421
1409,0,10052,26663,26663,25316,24614
1410,0,741,16816,16816,16814,16815
1411,0,2793,22172,22172,24788,19332
1412,1,13454,21070,21073,21070,21065
1413,26,2466,27002,25961,27376,27085
1414,7,6452,17098,17812,22243,23051
1415,0,10551,18636,18636,26826,16072
1416,0,1216,27068,27068,24409,24483
1417,3,13546,24957,24955,24956,24953
1418,0,156,24488,24488,24936,23095
1419,437,9250,19026,26361,26891,25233
1420,0,3,22204,22204,24723,25300
1421,0,1858,25307,25307,25020,25461
1422,0,6639,21330,21330,17399,15278
1423,0,6826,21010,21010,21514,22970
1424,0,2456,17012,17012,16111,17263
1425,3,6034,19866,21188,21181,21186
1426,0,11257,25878,25878,18316,21655
1427,0,6266,26920,26920,24893,22768
1428,0,1699,26482,26482,25956,25868
1429,20,7496,24689,20577,22811,22809
1430,13,12849,15873,17222,15061,18212
1431,0,11466,18674,18674,20337,27576
1432,0,4461,22693,22693,25408,16781
1433,0,1479,17067,17067,17068,19682
1434,4,2659,26221,22013,24215,22597
1435,0,782,26294,26294,19920,17369
1436,0,1177,24155,24155,22687,17799
1437,0,10835,21141,21141,20568,18454
1438,340,12766,19018,17580,18276,18277
1439,10,3566,26852,18760,22974,27509
1440,0,1722,23535,23535,24962,22220
1441,58,6704,24747,26461,17071,23119
1442,1,10126,27054,27577,27054,24562
1443,2,14087,21146,21149,21142,21146
1444,1,5919,22058,18484,22058,15970
1445,1765,3930,16569,19049,19051,25742
1446,0,4174,24858,24858,26214,21942
1447,2,10750,23888,25399,25848,23888
1448,0,14785,23717,23717,23088,23226
1449,1,3564,16815,16816,16815,17831
1450,20,11806,24327,24308,23363,20263
1451,0,2902,20487,20487,15003,20630
1452,0,6055,27283,27283,27335,27620
1453,0,1242,15976,15976,22617,19789
1454,0,6076,24003,24003,17655,19690
1455,0,43,16759,16759,16964,14991
1456,0,8353,24949,24949,20910,23859
1457,1,5573,17859,17858,17859,21300
1458,0,7965,26868,26868,26439,27476
1459,8,13997,19220,24033,24680,19451
1460,2,14055,25493,25024,23337,25493
1461,0,2296,22809,22809,19380,19114
1462,0,13468,19451,19451,15073,19220
1463,0,5217,15819,15819,21949,15823
1464,0,11109,22296,22296,22921,21328
1465,3,7912,24545,27128,23916,27108
1466,0,5578,19124,19124,18404,18929
1467,0,14529,15768,15768,24721,21104
1468,0,11237,24931,24931,25122,18259
1469,250,10459,19357,18507,19082,19081
1470,0,12386,25827,25827,18247,23240
1471,0,3268,15383,15383,15992,17744
1472,0,4154,15239,15239,14981,16678
1473,866,14389,25553,26170,23219,17398
1474,1,13954,17670,19780,17670,19544
1475,0,851,17197,17197,17201,17199
1476,0,116,24526,24526,22990,27517
1477,0,5043,21488,21488,27629,26752
1478,0,8409,22125,22125,21948,21914
1479,9,10562,24653,25199,24723,22552
1480,0,6926,19971,19971,20146,20064
1481,0,11835,20924,20924,19718,21909
1482,0,8394,17702,17702,17701,19205
1483,1580,14403,25858,26184,26438,27014
1484,0,12566,19317,19317,17487,19316
1485,0,9411,23162,23162,23349,22798
1486,0,13003,18399,18399,17731,16173
1487,9,7725,23087,20993,24541,22138
1488,19,13745,25702,25178,25804,26107
1489,0,3058,27389,27389,26968,27148
1490,1,12637,24298,23305,24298,23703
1491,0,11578,21249,21249,20190,20189
1492,3,7404,19436,18653,19437,16363
1493,4,2283,27193,21942,23988,27790
1494,88,10487,25004,23233,23583,16075
1495,1,11625,26529,23039,26529,19031
1496,1,7071,17513,15152,17513,24415
1497,0,11180,23328,23328,23375,23928
1498,0,13917,18691,18691,18689,15780
1499,0,13605,23429,23429,17705,25503
1500,0,9921,15935,15935,15936,19029
1501,29,6800,26999,25811,25718,26935
1502,0,10178,21251,21251,21252,22222
1503,0,1729,23907,23907,22806,25512
1504,0,9352,17034,17034,17379,17033
1505,9,13379,19445,19407,19358,19374
1506,233,9060,24304,20575,26552,23087
1507,1,8341,22980,22828,22980,25915
1508,0,5914,20891,20891,18860,18864
1509,0,4088,21919,21919,20962,15960
1510,2,7815,27530,27513,26194,27530
1511,0,12874,23240,23240,18247,22968
1512,8,9669,27258,16332,26403,27247
1513,0,229,15925,15925,15007,15838
1514,0,1474,20406,20406,16813,14997
1515,0,3988,21514,21514,19108,22970
1516,0,10567,22102,22102,17441,20135
1517,3,10486,25947,24472,25278,23825
1518,0,9361,24035,24035,25545,15058
1519,0,5179,16345,16345,16343,23687
1520,0,10488,22911,22911,22997,21793
1521,0,10937,17003,17003,16314,15410
1522,0,2934,17007,17007,19267,17008
1523,0,336,18913,18913,25038,17333
1524,0,7149,24955,24955,24956,24957
1525,2,13118,18904,20317,18883,18904
1526,0,130,21548,21548,22465,22636
1527,0,8301,19751,19751,25535,24091
1528,0,11714,24077,24077,24091,18143
1529,1,10084,25471,21074,25471,17401
1530,0,7107,22420,22420,25923,18814
1531,8,4347,21444,21439,26530,25395
1532,0,2500,25912,25912,24118,26981
1533,0,8934,19714,19714,26394,20076
1534,62,12280,26950,26294,19920,17369
1535,0,7889,19482,19482,15509,21385
1536,0,11283,23452,23452,22976,17291
1537,0,11874,26088,26088,19430,26556
1538,3,12741,22412,23113,24433,25477
1539,0,13626,26417,26417,24220,25761
1540,0,4074,26016,26016,26548,26189
1541,0,12029,26368,26368,26370,24620
1542,3,14188,22728,23374,22749,22729
1543,0,12480,16140,16140,26739,17226
1544,0,4618,24199,24199,25148,22910
1545,2,3329,17841,17333,25038,17841
1546,0,10274,26140,26140,25381,27121
1547,0,9681,16290,16290,20732,25006
1548,0,12008,23505,23505,23144,23928
1549,0,10814,16624,16624,15096,16621
1550,0,9698,15412,15412,18360,15023
1551,6,6509,24292,23106,26732,20999
1552,0,5473,16599,16599,21457,21055
1553,2,1667,26800,25764,27542,26800
1554,0,3355,15970,15970,18484,27460
1555,0,8693,25718,25718,24409,27468
1556,0,6337,27073,27073,27319,26752
1557,0,11770,19780,19780,18266,17670
1558,2,6428,23574,25968,24869,23574
1559,0,12488,15944,15944,15462,25491
1560,0,1429,15848,15848,15112,24821
1561,0,3257,27579,27579,24621,27098
1562,16,8004,27049,26250,27569,26300
1563,0,3975,17916,17916,17915,26097
1564,6,14366,16102,15908,15521,17521
1565,1065,12138,27735,16430,17363,15185
1566,0,1179,16738,16738,23981,22043
1567,10,3977,21689,22036,17185,21820
1568,0,8281,18812,18812,26226,25442
1569,0,4795,24208,24208,26257,23966
1570,0,5391,22541,22541,22496,27148
1571,0,12681,24620,24620,26370,26368
1572,0,13869,15712,15712,20901,15698
1573,0,13846,23993,23993,26416,21815
1574,88,5146,26565,25787,26021,25233
1575,11,6015,24358,16599,19240,22540
1576,0,2249,17238,17238,18667,17021
1577,0,1008,15152,15152,22398,24415
1578,0,845,18470,18470,20537,27190
1579,14,13405,18991,18125,26865,15674
1580,0,6271,19792,19792,19793,20697
1581,0,2357,26788,26788,27722,24396
1582,0,13365,17903,17903,20105,25588
1583,0,4087,18021,18021,18020,17244
1584,170,11762,17662,24175,25515,26877
1585,68,9366,27555,23958,24621,26108
1586,1098,14477,23420,26430,17761,15317
1587,0,1628,23142,23142,27476,27068
1588,0,5427,27506,27506,24132,27573
1589,18,4311,23709,17670,26330,25227
1590,0,8805,26048,26048,25707,24336
1591,0,4531,20194,20194,21251,21252
1592,0,8924,23703,23703,23305,27698
1593,1,8468,27639,26026,27639,25855
1594,4,9821,16194,18132,15424,16195
1595,11,8684,18316,25594,22988,17947
1596,0,11454,17314,17314,21321,17311
1597,0,2188,20908,20908,15209,23366
1598,0,1882,18336,18336,18134,15018
1599,0,10739,21731,21731,25021,23686
1600,0,5736,21726,21726,19277,21720
1601,0,13426,16906,16906,17724,16907
1602,0,8885,25272,25272,20347,18445
1603,0,4421,25511,25511,19856,22372
1604,0,14759,19798,19798,22749,22300
1605,49,11843,24535,20488,26654,26749
1606,0,10583,18161,18161,16242,26347
1607,10,8498,17876,19670,15154,24237
1608,0,12546,17225,17225,15174,17380
1609,0,4514,18972,18972,24614,26357
1610,0,2821,24877,24877,17891,27068
1611,10,4192,27746,24670,17108,15282
1612,0,10369,26967,26967,22710,24932
1613,0,12595,22531,22531,18056,18139
1614,30,10926,27400,26974,26516,26929
1615,0,5878,22551,22551,22572,26663
1616,0,6094,23610,23610,22454,25242
1617,0,3579,19736,19736,22002,26069
1618,1779,14418,19465,22253,15526,18293
1619,0,4810,22496,22496,22205,24251
1620,9,1342,25935,25933,26200,26198
1621,0,14515,19200,19200,20467,16007
1622,0,12246,20547,20547,24302,25004
1623,0,6143,19519,19519,19520,20401
1624,2,14903,24116,18514,24786,24116
1625,0,7306,23184,23184,21804,26552
1626,0,8612,18978,18978,16792,22934
1627,0,11735,25341,25341,15873,25340
1628,0,460,15697,15697,17047,22382
1629,1,1751,18255,23247,18255,22420
1630,3,14256,15181,16790,23814,23815
1631,32,10869,20977,21389,25041,26387
1632,1,5266,22438,27158,22438,23091
1633,0,1465,19329,19329,20480,18305
1634,4,5048,20379,23149,23398,26552
1635,0,2769,22094,22094,19268,24380
1636,0,11125,16585,16585,19626,20232
1637,4,11035,26415,26314,27523,20449
1638,0,11179,27331,27331,26541,27517
1639,46,14894,14970,16178,17226,16788
1640,0,4693,17258,17258,17259,16830
1641,0,13611,20237,20237,25898,17071
1642,8,7701,19542,16210,16820,17336
1643,127,3563,23557,21660,16457,17335
1644,0,5378,18886,18886,19695,27041
1645,3,1812,27548,26532,26511,26894
1646,4,1178,21812,22013,24378,22582
1647,0,2563,19896,19896,19894,17405
1648,0,3077,26246,26246,25525,24914
1649,0,410,18628,18628,21139,21141
1650,400,939,27377,25779,22719,19489
1651,2,13946,22738,26107,26520,22738
1652,0,6332,18940,18940,18939,18946
1653,0,7131,27572,27572,20050,24381
1654,3,1969,23898,15056,23897,18337
1655,0,11245,18285,18285,17947,21655
1656,1,2807,21800,20949,21800,23790
1657,99,8665,23719,26795,23541,27752
1658,0,8703,19765,19765,15533,23976
1659,0,6235,24063,24063,25743,25707
1660,0,9337,19567,19567,18202,27012
1661,1,5365,16915,16997,16915,25021
1662,0,5899,26570,26570,22715,21602
1663,0,7930,22557,22557,21452,16863
1664,0,9515,19211,19211,20123,22375
1665,0,12639,20973,20973,22573,22659
1666,0,3050,21000,21000,24529,26034
1667,0,5367,22712,22712,24117,22713
1668,0,10820,21448,21448,19109,21125
1669,32,185,15374,15354,15371,15352
1670,13,8025,27306,23293,25888,22661
1671,0,2868,21647,21647,21463,27096
1672,231,6038,27764,19905,25837,26647
1673,0,1173,26974,26974,26929,26516
1674,0,7243,24814,24814,25678,22389
1675,0,13556,16496,16496,16835,19672
1676,7,1363,20665,19484,20670,20684
1677,0,330,15419,15419,17954,15418
1678,0,1960,21201,21201,20859,20912
1679,1,10093,23897,18331,23897,23898
1680,0,7828,26746,26746,25870,25831
1681,265,11404,27773,26481,25869,17064
1682,0,1437,23369,23369,17004,19144
1683,0,11694,26504,26504,26654,24121
1684,0,9548,26449,26449,21921,25915
1685,0,4416,19878,19878,18146,25455
1686,2,14522,15490,16488,15490,15490
1687,0,7327,18731,18731,17264,24614
1688,0,4941,22054,22054,23956,22062
1689,0,14439,19083,19083,21162,19544
1690,0,3202,25943,25943,24918,24883
1691,185,7377,25576,15160,17293,17375
1692,0,697,16123,16123,20961,26877
1693,0,479,22910,22910,21696,20921
1694,0,13045,19420,19420,16240,18425
1695,0,1549,19974,19974,18184,24621
1696,0,10035,20988,20988,18488,15476
1697,13,12007,19072,16752,21575,15895
1698,6,10950,24665,25956,26369,16398
1699,0,12341,23707,23707,23976,16074
1700,4,7879,22988,24160,17647,25269
1701,3,10793,20066,15237,18887,15094
1702,0,2068,22238,22238,23061,24376
1703,0,13653,18832,18832,19476,19161
1704,0,13237,19700,19700,19760,20084
1705,0,4084,27155,27155,27243,19733
1706,0,11521,23080,23080,24523,24375
1707,0,9897,15679,15679,24073,18321
1708,9,4855,16093,19789,22122,15976
1709,57,322,25600,20530,25488,22313
1710,0,13494,18960,18960,23025,22253
1711,0,3962,20645,20645,20640,20178
1712,10,3123,15527,22988,17781,19125
1713,0,10339,18121,18121,23915,21021
1714,1,11327,21627,20883,21627,21299
1715,0,4988,22157,22157,25094,18747
1716,0,9486,18928,18928,16447,20101
1717,0,5353,20122,20122,19430,17004
1718,12,13476,15145,17638,16633,16189
1719,9,11278,23041,25848,25399,23888
1720,0,2774,18177,18177,15159,16469
1721,0,9091,25132,25132,17212,17213
1722,27,6290,24190,24176,23723,22215
1723,0,1131,20303,20303,20305,26372
1724,74,8146,24680,25233,25423,24346
1725,1,8362,27356,21520,27356,18649
1726,11,5214,16991,21984,22421,21648
1727,3,8372,25713,23396,19303,27447
1728,0,4713,14964,14964,19494,15878
1729,0,1113,19806,19806,25779,27136
1730,0,7873,25926,25926,23403,27148
1731,0,3965,22909,22909,20949,21800
1732,6,8066,21645,24937,17807,18496
1733,0,1799,17215,17215,19403,18333
1734,289,3985,27778,19527,23519,23724
1735,0,1796,22453,22453,26265,26752
1736,0,2257,17521,17521,15153,19672
1737,0,11336,23122,23122,21972,22414
1738,4,12607,21242,21245,17156,21244
1739,0,3029,26719,26719,25517,23811
1740,0,13722,16248,16248,20698,20701
1741,2,11457,16783,17095,16759,16783
1742,1,6781,22433,27208,22433,22430
1743,0,5703,15998,15998,22725,16723
1744,0,9510,25690,25690,24945,27066
1745,0,13774,22843,22843,24123,21949
1746,0,10705,15273,15273,18902,16493
1747,2,10372,27489,27101,27272,27489
1748,0,4238,26285,26285,26834,24904
1749,1,10105,16053,15648,16053,20852
1750,3,5213,23406,23475,19625,22796
1751,0,1852,24467,24467,26694,23706
1752,0,4840,19109,19109,19353,23746
1753,0,14754,19703,19703,23045,18347
1754,1,4059,15481,18915,15481,19433
1755,0,5216,18917,18917,19693,19877
1756,0,10572,19378,19378,21948,26721
1757,0,4879,16604,16604,22470,18679
1758,7,12651,26089,26131,26132,23640
1759,0,10260,22628,22628,22626,22627
1760,1,2504,26935,25811,26935,25718
1761,0,6782,18107,18107,19733,18855
1762,15,4475,23067,25237,25407,25359
1763,0,6153,19863,19863,24858,23325
1764,204,3191,23742,15234,14951,15741
1765,0,9025,26416,26416,23993,24518
1766,14,13865,24198,25510,21592,20576
1767,0,8697,25572,25572,23403,22968
1768,0,14062,20331,20331,19966,19760
1769,0,3757,25094,25094,22157,23874
1770,0,9982,24098,24098,24363,18071
1771,0,8874,21930,21930,22470,24888
1772,0,933,27711,27711,24562,26530
1773,0,175,23778,23778,26509,26418
1774,0,12323,18995,18995,16066,16067
1775,510,14683,25992,25300,27024,24448
1776,0,12786,23109,23109,19544,21646
1777,0,12904,19706,19706,18104,24432
1778,1232,1039,18507,24140,24141,24694
1779,2,8294,25359,25093,25237,25359
1780,0,4070,18831,18831,18832,20136
1781,0,991,18319,18319,15324,17627
1782,0,12575,15974,15974,22999,17338
1783,0,5747,15886,15886,23738,23832
1784,0,3053,20155,20155,22559,25954
1785,0,5072,27191,27191,19171,25470
1786,0,10527,26682,26682,21129,21375
1787,0,7127,22114,22114,25764,27542
1788,0,9776,20097,20097,18729,21374
1789,0,5751,23853,23853,24580,23299
1790,0,8030,24001,24001,24002,26023
1791,2,6695,27334,22687,26968,27334
1792,0,913,15838,15838,16571,15007
1793,0,13320,22744,22744,18643,23067
1794,29,2080,25385,25471,22960,26951
1795,0,9943,27406,27406,26752,23786
1796,6,898,17854,26762,16915,24480
1797,0,10753,20873,20873,20751,19893
1798,0,13164,20638,20638,20635,20178
1799,0,14564,21706,21706,19771,27390
1800,7,13738,22028,16018,17768,17502
1801,0,10040,19504,19504,18612,19677
1802,0,9023,23003,23003,23681,23461
1803,0,2682,26321,26321,25302,23822
1804,0,8705,24272,24272,24271,21480
1805,0,7521,23786,23786,27574,27638
1806,9,3732,24597,24775,24773,24776
1807,2,5596,26394,17576,18864,26394
1808,0,12057,19528,19528,20064,20146
1809,0,10140,25669,25669,21414,27460
1810,9,5368,23337,23799,24232,19054
1811,0,7437,17891,17891,25688,20076
1812,0,6785,18942,18942,22770,16328
1813,0,9733,20558,20558,22976,17291
1814,0,9398,23963,23963,26183,24630
1815,0,11485,24371,24371,24551,25516
1816,0,6375,18184,18184,19974,27590
1817,0,5673,19160,19160,19476,19407
1818,0,9759,22078,22078,17052,16287
1819,36,10725,17243,23727,21499,15626
1820,0,8545,15511,15511,15864,15509
1821,0,639,24773,24773,24766,24775
1822,0,9816,23956,23956,21569,21566
1823,0,6642,21387,21387,23786,21057
1824,0,10518,19390,19390,22403,25709
1825,9,3368,22444,16950,22668,17185
1826,0,7105,22209,22209,24519,22841
1827,12,14216,18259,19962,17189,24138
1828,0,2432,15500,15500,19084,20947
1829,0,7394,20994,20994,19250,20993
1830,0,5246,16328,16328,18942,24920
1831,0,7462,27228,27228,25406,26251
1832,0,2035,17890,17890,18820,16960
1833,0,7945,21710,21710,23741,21980
1834,0,3859,26502,26502,26158,26192
1835,0,5347,20878,20878,22094,22449
1836,0,4128,26002,26002,27004,25458
1837,0,4864,19893,19893,18635,18972
1838,1,14314,25189,17633,25189,21838
1839,0,9879,15247,15247,15244,16059
1840,4,11796,26254,25385,26951,27272
1841,1,12665,19066,20702,19066,17648
1842,0,12855,18600,18600,22968,17385
1843,1,12459,19803,25409,19803,18494
1844,0,8479,25311,25311,25310,23903
1845,0,13475,20834,20834,20835,17037
1846,0,291,16362,16362,15106,16518
1847,106,12355,16755,15864,26559,25850
1848,0,7791,21761,21761,24143,17738
1849,0,12240,20650,20650,27201,26907
1850,0,2241,15229,15229,27733,14955
1851,2,4622,26665,26237,26238,26665
1852,0,8789,24124,24124,19118,22552
1853,0,12131,15051,15051,16181,20988
1854,0,13650,22806,22806,23907,25512
1855,0,5507,21757,21757,20286,22687
1856,0,12372,15220,15220,21149,21142
1857,0,5075,19572,19572,19585,19813
1858,0,2016,20574,20574,26700,15023
1859,0,10929,15533,15533,20969,17023
1860,0,7953,19622,19622,19971,26702
1861,10,3347,27080,27644,27569,26250
1862,53,14155,23194,19218,17796,19704
1863,53,14702,18272,16862,19061,18986
1864,0,7551,18866,18866,19841,26959
1865,1,4078,16889,16577,16889,17804
1866,4,10605,20388,21144,21173,20391
1867,0,14316,16862,16862,25136,20358
1868,0,6302,20710,20710,24031,22789
1869,0,5472,24795,24795,24135,19423
1870,0,3289,17780,17780,22474,19382
1871,5,288,25545,23248,23443,21830
1872,0,4845,15027,15027,15026,18294
1873,0,10290,26612,26612,25488,27226
1874,0,1426,25071,25071,23738,23818
1875,0,10085,20631,20631,15525,20620
1876,0,5856,22249,22249,22547,21959
1877,0,12888,25054,25054,27266,18470
1878,0,4316,17734,17734,22967,23993
1879,0,9289,23706,23706,17670,22854
1880,0,5547,25630,25630,25629,26893
1881,1,13099,15505,15506,15505,16185
1882,0,9629,23995,23995,21223,25132
1883,0,7584,22965,22965,23159,15739
1884,0,12753,16884,16884,16314,26925
1885,1,11710,24235,15742,24235,19670
1886,0,6967,21445,21445,17437,20589
1887,5,14044,26269,18293,20467,20394
1888,0,9312,19396,19396,20901,21920
1889,0,1139,21685,21685,17103,18242
1890,0,4677,20401,20401,19519,19520
1891,0,5308,26315,26315,25764,26800
1892,0,6194,23579,23579,19054,16587
1893,3,13261,21104,21109,21105,15141
1894,0,12773,16562,16562,20841,20400
1895,8,4720,27601,26134,18142,27632
1896,0,7837,24987,24987,27078,27077
1897,0,12035,23809,23809,24206,21781
1898,0,12023,23617,23617,23616,23282
1899,0,7345,18897,18897,23681,23003
1900,0,13784,20021,20021,20552,20553
1901,0,4110,26401,26401,18436,20894
1902,0,5258,16339,16339,24215,16995
1903,150,6569,25983,26373,27024,25622
1904,0,5763,22559,22559,24328,20155
1905,0,10967,24242,24242,23590,22024
1906,0,11497,15341,15341,15342,16231
1907,3,9654,15320,19958,15318,18483
1908,333,2501,15101,27157,16528,23059
1909,0,7955,17877,17877,15795,19718
1910,16,10524,18673,20493,22705,22464
1911,11,3781,17108,15669,15282,24694
1912,0,2895,27319,27319,26631,26592
1913,0,8395,18849,18849,21232,24807
1914,12,1176,26241,26239,26823,26237
1915,0,1783,19353,19353,19109,16861
1916,0,2393,18601,18601,18597,22968
1917,0,2012,21368,21368,24757,17819
1918,1,1510,26373,25394,26373,26463
1919,0,9916,17201,17201,17197,17199
1920,0,10651,20179,20179,19104,15800
1921,0,2315,26378,26378,27685,25470
1922,0,3259,21980,21980,21978,15571
1923,1,13175,20269,20044,20269,22515
1924,0,8177,17472,17472,17790,16887
1925,1,11017,18018,19444,18018,19156
1926,0,3881,25940,25940,18677,27488
1927,0,13036,16021,16021,16022,16013
1928,7,7891,20980,22483,16582,21113
1929,0,14916,22181,22181,17670,24643
1930,0,1450,22996,22996,23366,24812
1931,1,6150,19251,18343,19251,19253
1932,0,5366,23023,23023,24630,25362
1933,8,14732,23461,23318,23320,23109
1934,1,13111,20633,15525,20633,21165
1935,0,961,15398,15398,15100,15550
1936,0,606,27295,27295,21510,27601
1937,0,7363,17910,17910,17923,17926
1938,0,7413,16068,16068,15681,21886
1939,10,12375,26885,18014,23969,20430
1940,0,3606,18388,18388,16898,22797
1941,0,9339,16434,16434,16438,16435
1942,0,9645,21417,21417,17333,18167
1943,0,13450,18521,18521,16999,22442
1944,0,6278,19890,19890,27140,24856
1945,0,6535,21335,21335,19877,23335
1946,4,9476,24764,23365,21520,25820
1947,0,8139,24087,24087,24326,26742
1948,0,8310,23536,23536,24422,22780
1949,0,7023,23105,23105,20948,23103
1950,40,1865,15287,25456,24693,17979
1951,0,8640,25289,25289,27315,25290
1952,0,5947,25440,25440,27599,27095
1953,2,4533,26035,21327,24706,26035
1954,0,5901,26846,26846,27558,25148
1955,0,9168,16322,16322,16683,16323
1956,0,4377,20242,20242,17047,25349
1957,14,8619,23938,23943,23937,27343
1958,0,1353,18464,18464,18531,18508
1959,0,3891,19029,19029,15936,20783
1960,0,8359,20881,20881,20934,21873
1961,0,14017,23509,23509,15102,23589
1962,0,6726,21815,21815,18601,22778
1963,0,9536,26469,26469,24609,24582
1964,0,6894,18765,18765,18805,18807
1965,0,10966,23360,23360,25389,25190
1966,0,14454,23712,23712,23558,23021
1967,0,6594,19970,19970,21181,19866
1968,0,2751,24883,24883,25101,27627
1969,37,558,23603,23360,24433,25190
1970,0,6291,26023,26023,24358,25682
1971,0,9788,25513,25513,26191,22980
1972,1,9880,20504,20506,20504,20860
1973,0,7876,18614,18614,17325,16864
1974,38,1741,25562,23774,16010,21984
1975,0,691,25923,25923,22420,24606
1976,2,1406,19552,19551,17574,19552
1977,65,2102,20901,15352,15354,15371
1978,0,3014,15561,15561,15571,18961
1979,0,11662,22169,22169,15373,15378
1980,0,4496,17317,17317,18448,17311
1981,0,9790,19301,19301,20611,20612
1982,3,7968,20634,20621,20632,20642
1983,0,12574,19446,19446,19445,19477
1984,0,7590,21378,21378,25476,26263
1985,0,4334,17406,17406,15437,15537
1986,0,2365,25040,25040,15340,26057
1987,1,12672,17380,15933,17380,25556
1988,0,10341,16769,16769,27717,15090
1989,0,10512,21319,21319,21313,19207
1990,1,5196,19535,26446,19535,22983
1991,0,426,21527,21527,17584,22091
1992,72,6364,17053,17502,17260,17768
1993,0,3464,23859,23859,25760,23904
1994,0,7630,21262,21262,21277,20817
1995,0,8085,20278,20278,21795,23505
1996,0,2463,19942,19942,19945,19941
1997,0,11144,21966,21966,21113,20980
1998,1,10632,21604,21963,21604,15584
1999,540,12792,19324,15135,25553,20415
2000,4,8456,19374,19407,19358,19445
2001,0,4947,21110,21110,23786,20589
2002,26,1911,24771,26059,26771,25117
2003,5,1559,24766,24773,24764,24775
2004,0,12748,19316,19316,19317,17487
2005,216,3552,17520,18402,23557,18353
2006,1,14465,20616,20612,20616,20611
2007,0,1907,18622,18622,22958,26221
2008,0,1777,15655,15655,23292,23499
2009,0,9993,16231,16231,16232,21275
2010,0,6934,20455,20455,23587,19658
2011,6,9856,19752,16868,26874,18839
2012,0,1963,20332,20332,24272,22268
2013,1,11335,27509,25258,27509,18760
2014,0,11084,16446,16446,17662,17827
2015,4113,2316,26540,18566,18565,17894
2016,6,6101,22122,24591,22713,23609
2017,0,10314,24349,24349,24352,24353
2018,5,2091,18466,22366,20982,23035
2019,0,8783,24000,24000,24001,24002
2020,5,9588,25958,25233,25278,25787
2021,62,7859,17654,25510,22769,17457
2022,0,446,26717,26717,19408,21904
2023,0,9063,16189,16189,18292,17595
2024,39,5879,26184,24655,25507,26438
2025,2059,6795,19082,24141,24140,24694
2026,0,9559,18682,18682,19761,23509
2027,0,2933,26924,26924,25940,26349
2028,0,5345,26427,26427,26155,25050
2029,0,8282,21409,21409,19769,25844
2030,0,12398,23564,23564,25310,23903
2031,0,6654,21574,21574,24314,24505
2032,9,6914,18415,17335,17831,16816
2033,0,8576,17519,17519,16582,26852
2034,0,11534,25267,25267,23545,27495
2035,11,11215,21591,24749,22730,24331
2036,44,5829,17824,16648,22268,23382
2037,0,10429,22052,22052,21978,21980
2038,0,9504,22540,22540,21949,21094
2039,0,3421,18044,18044,22797,16258
2040,0,11234,19190,19190,16648,16219
2041,0,1967,16625,16625,15592,23709
2042,0,10794,20016,20016,22189,20017
2043,1,12197,24711,24389,24711,25358
2044,0,1682,21657,21657,24386,20625
2045,0,11181,17186,17186,15494,17597
2046,0,11871,18045,18045,15518,18043
2047,3,4091,24638,22957,22248,20523
2048,5,12978,26690,22069,25416,19421
2049,2,11712,23695,24535,24518,23695
2050,1,11970,25199,24723,25199,26773
2051,0,3138,16841,16841,16842,18280
2052,0,8174,20568,20568,21682,19960
2053,0,10863,18064,18064,21286,21283
2054,0,1356,17647,17647,22977,18515
2055,5,195,24551,22402,24923,24374
2056,0,14097,25618,25618,26535,24730
2057,0,1829,25908,25908,24185,27476
2058,8,6811,27255,26523,26605,19731
2059,0,12801,23489,23489,17818,23026
2060,0,10337,20770,20770,20766,16550
2061,2,354,16919,17328,15159,16919
2062,0,569,16116,16116,23742,26037
2063,1,9766,15070,20066,15070,18929
2064,26,9891,22861,23527,25139,23815
2065,0,13042,23408,23408,24329,23044
2066,2,7746,26492,26495,26496,26492
2067,0,10976,17543,17543,15141,17542
2068,0,452,22006,22006,25148,26846
2069,0,7053,18826,18826,20135,22102
2070,0,13737,16729,16729,20427,22725
2071,0,4897,25100,25100,21569,22618
2072,0,11696,24409,24409,24483,20937
2073,0,4177,17430,17430,17021,16391
2074,77,2482,25426,24816,24910,17537
2075,565,12272,18540,19552,21938,19392
2076,152,14791,16179,17624,15138,17824
2077,0,12832,24700,24700,21261,19849
2078,5,9488,15958,19131,21842,19150
2079,0,13801,15137,15137,15138,17417
2080,1,13180,21739,26749,21739,22423
2081,0,3266,18274,18274,19935,19941
2082,0,1864,17487,17487,20968,19317
2083,1,3684,23967,21727,23967,18251
2084,2,4271,21106,21105,21109,21106
2085,1,5655,26516,26929,26516,27219
2086,0,2954,21386,21386,16389,23874
2087,3,10828,16629,21089,23597,18649
2088,0,10125,16654,16654,26479,21586
2089,0,149,18090,18090,22896,25244
2090,640,6036,27545,20995,22666,23700
2091,0,11391,18486,18486,17418,18964
2092,5,12833,26247,26246,25525,24914
2093,4,673,25707,26654,24718,26675
2094,27,2690,25106,26116,26131,23640
2095,0,10985,22833,22833,18930,18449
2096,2,12744,23173,23172,16849,23173
2097,0,3444,26835,26835,25012,27683
2098,1,11424,17646,17644,17646,17645
2099,1,2764,17926,17923,17926,17910
2100,0,3209,21459,21459,25666,25361
2101,0,2019,17718,17718,21128,18079
2102,0,11425,24160,24160,22988,21655
2103,3,12025,24494,25596,24224,26200
2104,0,1651,26295,26295,22013,20366
2105,0,8255,18676,18676,19663,25911
2106,0,13982,27460,27460,23424,18484
2107,0,6999,20965,20965,24320,20560
2108,0,9968,24760,24760,18312,25678
2109,0,2536,15588,15588,17644,15584
2110,7,7108,17367,16648,15114,23572
2111,4,7655,24331,20001,19989,26460
2112,0,11533,24742,24742,22232,25389
2113,7,12779,27053,27072,19326,27101
2114,0,6196,25434,25434,22157,24545
2115,0,5446,21326,21326,21356,26254
2116,0,6439,27397,27397,27498,26860
2117,27,13472,15058,17226,15577,16178
2118,0,2370,25736,25736,26423,25737
2119,17,46,19597,22036,25695,23249
2120,747,1001,15373,15352,15371,15354
2121,0,1377,25288,25288,25501,22309
2122,0,13785,26107,26107,25702,26116
2123,0,6840,18853,18853,16005,18202
2124,0,601,25336,25336,22125,26092
2125,0,6098,18084,18084,23323,21440
2126,0,14474,18459,18459,17976,15151
2127,0,7783,27095,27095,25309,27108
2128,6,14758,22353,15664,17250,16647
2129,0,6344,15321,15321,16587,23579
2130,0,14146,19321,19321,15813,25913
2131,0,3568,24780,24780,25805,26327
2132,5,13838,15279,22120,19214,18222
2133,0,1369,17414,17414,18239,17413
2134,8,7993,25622,27024,26529,24594
2135,0,10983,21299,21299,23761,27504
2136,0,9652,24649,24649,23299,23584
2137,1,6354,19788,17238,19788,21226
2138,0,11648,18401,18401,17573,21778
2139,0,13892,25646,25646,27386,25343
2140,1188,6985,26608,27358,26407,26132
2141,0,13713,23590,23590,20050,23299
2142,20,14039,18284,22726,24160,17947
2143,16,14799,15257,16644,16964,20263
2144,0,5869,24212,24212,19612,21454
2145,0,3428,21344,21344,25614,22571
2146,0,2409,16128,16128,18308,21864
2147,0,10574,21089,21089,19779,23735
2148,0,7113,15930,15930,19651,15931
2149,175,3265,27390,23368,24224,25728
2150,4,13549,24433,23299,24081,18511
2151,2,6227,19638,20878,26430,19638
2152,0,1150,20659,20659,20669,19531
2153,2,6122,16781,22019,22091,16781
2154,0,3772,15926,15926,15928,18724
2155,252,14925,26966,27746,26675,27747
2156,0,13956,23312,23312,20630,26371
2157,15,14301,25512,25337,19779,25598
2158,0,7100,21742,21742,15802,20175
2159,2,2628,27358,26132,26131,27358
2160,0,3471,16249,16249,16065,17782
2161,0,3674,20477,20477,21517,27704
2162,76,5540,26896,20312,20328,16998
2163,1,9387,23439,25644,23439,15152
2164,2,508,15479,15352,15372,15479
2165,2,7875,22092,17185,21689,22092
2166,464,11198,24670,24346,25233,25278
2167,0,6103,20354,20354,21761,27638
2168,2,3383,22872,24208,19101,22872
2169,0,777,17915,17915,17913,17916
2170,56,395,27731,24141,24140,24694
2171,0,716,16287,16287,16107,18270
2172,1,9351,17033,17034,17033,17379
2173,0,2813,20198,20198,22382,20242
2174,40,10813,17506,16616,18050,17580
2175,0,7226,17835,17835,26791,24321
2176,0,3087,21384,21384,22319,20891
2177,0,6380,21343,21343,18842,20610
2178,0,12911,22373,22373,27306,22980
2179,0,1412,17104,17104,17317,17311
2180,0,4983,15600,15600,26645,19859
2181,0,2400,24918,24918,25943,26333
2182,13,13110,16860,16842,27514,15421
2183,0,12153,25945,25945,27369,24779
2184,5,3647,16748,16719,17781,15108
2185,43,2390,23825,24194,19909,20675
2186,1,4975,18488,16635,18488,19593
2187,0,9820,17458,17458,23974,16354
2188,15,69,15344,27230,27679,18792
2189,1,4550,27484,24182,27484,24562
2190,0,4030,18460,18460,21931,17976
2191,0,11581,25331,25331,18457,24447
2192,0,9056,15335,15335,19618,17547
2193,0,11518,17737,17737,18570,16446
2194,0,10530,21288,21288,16621,15096
2195,26,6772,25410,24472,15030,23279
2196,0,12143,20028,20028,19835,19833
2197,24,290,21590,21765,23992,21761
2198,0,4371,18965,18965,18967,18968
2199,0,2273,17806,17806,17804,16577
2200,1,11513,20641,17283,20641,16017
2201,92,7887,24394,24578,26023,21000
2202,1,14042,16174,23692,16174,16657
2203,1,14744,19462,15285,19462,27708
2204,1,7168,19726,18660,19726,20391
2205,1,1888,19289,19286,19289,15864
2206,0,7629,16469,16469,15179,15920
2207,638,1810,25360,27208,21662,22430
2208,2,4972,26377,25556,26376,26377
2209,3,2441,21480,22119,23650,23535
2210,32,5928,23773,22597,22974,24215
2211,5,4877,17608,18211,16657,20351
2212,51,14383,23449,25089,23043,22653
2213,0,2025,16111,16111,17056,15493
2214,0,6888,25396,25396,22061,22668
2215,1,4380,16716,24499,16716,15417
2216,0,6761,27369,27369,27321,27192
2217,0,95,24267,24267,25455,20941
2218,0,1297,23917,23917,19567,21797
2219,0,13268,17409,17409,20123,20122
2220,0,6172,21097,21097,20609,22958
2221,0,10475,20212,20212,18734,21989
2222,0,6388,26808,26808,26807,24106
2223,1,5853,17208,17207,17208,22539
2224,0,3245,20625,20625,21657,15238
2225,0,10918,22721,22721,20941,18075
2226,0,4803,23984,23984,23983,16951
2227,0,14848,26710,26710,23562,21184
2228,3,8001,17083,19315,18496,18495
2229,0,1695,24663,24663,20938,22949
2230,1,12647,18887,16201,18887,15237
2231,0,5977,16096,16096,16738,18319
2232,38,833,18990,21701,27735,18649
2233,0,9462,18265,18265,18266,18221
2234,0,7033,23682,23682,17739,23594
2235,0,6883,19174,19174,19755,16498
2236,2,8374,27241,26392,27239,27241
2237,61,8571,15425,24693,27067,18269
2238,1,5767,27133,25462,27133,23551
2239,16,8604,23471,17574,23449,25976
2240,0,12703,18924,18924,21165,16459
2241,57,7672,27085,22147,27428,24962
2242,0,9740,24147,24147,24145,23564
2243,0,11473,19865,19865,15958,18425
2244,1560,11922,19002,24732,21109,16858
2245,0,12666,19400,19400,19543,18751
2246,0,5827,21449,21449,23752,22156
2247,1379,14767,16233,16259,16907,25510
2248,0,1481,22424,22424,20337,20054
2249,0,13091,20696,20696,23820,17488
2250,0,3486,15301,15301,15310,23031
2251,3,6637,18292,15146,15253,18358
2252,4,12938,23339,23336,17905,22281
2253,2,9810,17540,25751,17410,17540
2254,0,13064,26916,26916,21958,23690
2255,2,10391,23289,23899,23223,23289
2256,0,4609,24374,24374,24383,24923
2257,0,13939,17358,17358,23717,22318
2258,0,832,18032,18032,26557,22684
2259,48,2680,26305,21520,18649,18033
2260,0,11548,18245,18245,15284,18532
2261,0,5327,21985,21985,21857,18964
2262,0,6146,15894,15894,22257,20414
2263,0,8527,24743,24743,16971,22273
2264,1,5935,23584,27345,23584,23066
2265,0,491,17090,17090,17676,19357
2266,0,274,20166,20166,24559,26530
2267,0,7154,25389,25389,23079,19848
2268,0,1059,18005,18005,20961,15727
2269,0,7617,15630,15630,20269,24706
2270,0,5046,23583,23583,19361,27555
2271,0,5508,18723,18723,19575,19580
2272,0,5311,27216,27216,26894,25378
2273,535,11793,24172,15069,26149,21055
2274,2,2312,19090,22403,22173,19090
2275,0,7010,26959,26959,27045,27230
2276,1,1414,21593,20982,21593,22366
2277,46,14130,15290,18337,15056,19326
2278,1,4902,19943,19935,19943,20503
2279,0,814,18915,18915,17801,21420
2280,1,11894,18696,24106,18696,22895
2281,0,4750,25666,25666,25392,25032
2282,0,14124,21398,21398,20697,15883
2283,35,909,26119,27197,27320,27271
2284,0,4820,16501,16501,16795,17785
2285,10,929,25761,22778,22781,23370
2286,0,6310,22111,22111,20439,20438
2287,0,2046,20414,20414,16648,20415
2288,0,8330,24040,24040,24412,25523
2289,14,14186,22603,19151,16826,17694
2290,0,10081,24651,24651,17097,15145
2291,17,10619,19762,25751,17410,19537
2292,0,4854,18303,18303,23979,23759
2293,6,4516,26536,20560,23283,20965
2294,27,11599,20695,19530,20401,19531
2295,0,5753,20244,20244,20251,26309
2296,0,1409,27525,27525,24847,21948
2297,0,998,15324,15324,18283,16668
2298,0,9539,27315,27315,22488,23633
2299,0,13502,17638,17638,16633,15247
2300,0,6057,22784,22784,17889,22788
2301,0,4115,15509,15509,15504,19199
2302,0,8078,22710,22710,24932,25784
2303,1,1252,27320,27271,27320,27449
2304,107,13634,26526,25233,24346,25278
2305,450,9799,20466,22013,24378,24386
2306,0,13306,15395,15395,15403,14976
2307,0,8206,24936,24936,24488,23095
2308,0,7174,19909,19909,25169,24342
2309,0,4791,16950,16950,16951,15238
2310,0,14910,17677,17677,15208,17675
2311,157,14483,15756,15174,17225,17380
2312,1,13840,26286,22371,26286,17391
2313,0,480,27431,27431,27537,22571
2314,122,8671,22447,25233,24346,26891
2315,1,10250,27058,27335,27058,27098
2316,40,13589,23363,23463,23988,17796
2317,0,10525,15446,15446,18802,18624
2318,1033,14832,18320,18353,18352,17321
2319,90,12952,25383,24530,24164,25682
2320,0,13717,17291,17291,22976,19313
2321,6,11613,15116,16520,15659,16233
2322,354,13286,19534,15168,18381,16840
2323,0,6613,19756,19756,21428,20302
2324,1,10871,19309,17320,19309,15773
2325,0,3748,24302,24302,24358,19144
2326,5,13828,26149,18499,24658,24723
2327,2,13204,23434,23439,25644,23434
2328,0,10586,24908,24908,24909,26762
2329,11,5816,16951,19596,27509,22066
2330,1,3379,26446,19535,26446,23399
2331,4,811,15626,27373,26791,23752
2332,131,13895,18136,15940,27719,23968
2333,0,2826,24486,24486,16441,22841
2334,0,295,14987,14987,16634,17248
2335,0,12789,17002,17002,21297,20975
2336,1,10041,20553,20552,20553,20021
2337,0,11183,23604,23604,15263,20909
2338,0,3442,21909,21909,24624,25584
2339,2,6928,19231,20790,19230,19231
2340,15,6147,27368,25850,25947,23825
2341,9,3888,24091,20303,20305,20299
2342,0,14357,16125,16125,23364,23657
2343,2,11873,16766,15543,15250,16766
2344,35,12529,19784,15023,25881,24599
2345,0,7046,16118,16118,24209,18014
2346,98,8098,27575,27101,27574,24562
2347,0,6599,24334,24334,27122,24274
2348,0,13700,20051,20051,21189,20568
2349,0,14118,24217,24217,25676,27411
2350,0,3243,17294,17294,24378,25396
2351,0,1947,21979,21979,23773,17856
2352,5,10593,15424,17245,15441,15755
2353,0,12490,24005,24005,17986,23375
2354,0,1898,23323,23323,18084,21440
2355,0,5023,16367,16367,17399,25466
2356,0,8447,20614,20614,20613,20615
2357,3,4692,17644,15589,16656,16655
2358,0,9545,15512,15512,16760,16040
2359,0,6044,26923,26923,24074,23504
2360,1,11012,15140,16178,15140,26112
2361,1,12552,16477,18468,16477,23573
2362,1,3657,18165,16533,18165,16313
2363,1,14184,18358,18293,18358,20467
2364,0,2978,27461,27461,24152,25242
2365,63,9827,19218,14999,15005,16059
2366,0,11174,21231,21231,23311,23849
2367,0,5666,24698,24698,24174,24957
2368,622,2670,16429,14951,23582,18050
2369,0,1247,16895,16895,15987,16775
2370,0,12841,15621,15621,23966,15265
2371,0,664,27685,27685,23229,26962
2372,103,10905,27763,26304,24194,24696
2373,0,1515,20159,20159,22643,18677
2374,6,2254,15580,16719,15538,15108
2375,6,10957,18239,22075,20575,24448
2376,0,13571,21324,21324,16173,21189
2377,306,1914,15776,23388,18050,15778
2378,0,7049,19153,19153,25630,25629
2379,0,13957,22335,22335,23487,16641
2380,0,13122,25261,25261,18966,27049
2381,7,2014,25644,23056,23497,24415
2382,1,589,16997,19684,16997,21097
2383,0,6653,17244,17244,18022,18020
2384,0,8151,24218,24218,16524,17577
2385,2,9372,22796,22197,24512,22796
2386,0,3978,18104,18104,15696,20207
2387,0,5149,21092,21092,24699,21094
2388,0,7447,17362,17362,26965,20423
2389,0,11290,26026,26026,27354,27058
2390,509,13287,26618,20008,24747,20005
2391,3,7510,20506,20503,20860,20504
2392,0,5055,25340,25340,25213,25831
2393,0,9380,23234,23234,21830,19244
2394,40,5489,18693,22243,18496,19435
2395,12,134,19679,19698,23992,23350
2396,0,651,15067,15067,15947,20485
2397,0,2242,20738,20738,20714,20755
2398,1,12431,22588,21414,22588,27460
2399,0,5801,25965,25965,24779,24161
2400,0,13925,24220,24220,24930,24784
2401,0,12158,19104,19104,20179,21257
2402,37,10,25302,16116,27735,18293
2403,0,11916,24645,24645,26812,23710
2404,0,10445,18893,18893,18305,18220
2405,1,4009,18375,14985,18375,20914
2406,0,4479,21724,21724,25244,21564
2407,0,9104,21997,21997,16915,20901
2408,0,6023,19017,19017,19011,24831
2409,0,1236,16649,16649,18367,16894
2410,0,1762,25244,25244,25706,24299
2411,1,1366,20916,20998,20916,24212
2412,0,2883,19010,19010,22389,17360
2413,0,8984,21827,21827,22299,22749
2414,0,10649,24589,24589,19834,19833
2415,7,13298,23410,24653,26095,25505
2416,0,247,15746,15746,23415,25547
2417,0,14700,20587,20587,20586,24168
2418,0,5982,19343,19343,19341,21400
2419,55,2989,26170,20415,23085,27715
2420,0,13490,16564,16564,21242,19774
2421,11,13277,15380,16825,21986,15378
2422,1,12511,22029,16345,22029,16343
2423,7,1899,19331,16816,16814,16815
2424,0,8053,15188,15188,15267,17389
2425,0,10996,22207,22207,21893,21894
2426,0,3994,19712,19712,15743,17608
2427,0,5948,19137,19137,22723,19141
2428,0,8633,27709,27709,21261,19849
2429,21,13839,24378,24215,27036,25562
2430,2,5548,22414,22457,21972,22414
2431,0,8051,21181,21181,19866,18890
2432,0,11491,24581,24581,24582,16290
2433,102,13540,24679,25519,23327,25935
2434,0,7064,24156,24156,18530,24157
2435,0,4135,22423,22423,22435,26749
2436,0,2756,23272,23272,21949,24324
2437,0,13391,24724,24724,24057,25029
2438,15,11388,25885,25233,26891,24346
2439,55,4816,18477,20135,23517,23849
2440,78,11117,26448,26071,24351,26004
2441,0,5238,16038,16038,16415,18978
2442,0,10703,19945,19945,27578,27521
2443,0,10134,22657,22657,21939,20962
2444,0,3550,18633,18633,23689,23688
2445,0,8941,22147,22147,24130,20530
2446,0,7449,17428,17428,17767,18590
2447,0,13675,19923,19923,25722,19594
2448,1,10626,20705,20740,20705,20757
2449,4,6155,26932,19538,24908,26609
2450,1,11850,25466,23504,25466,16802
2451,51,3043,24129,21795,19654,20910
2452,0,2565,25782,25782,20484,27701
2453,2,858,25231,24415,23593,25231
2454,0,7085,14982,14982,14980,18009
2455,0,13046,16251,16251,17558,17557
2456,2,11223,22692,21580,21650,22692
2457,0,12239,24893,24893,24896,24894
2458,0,9905,15724,15724,22468,23282
2459,0,11670,15751,15751,15748,17648
2460,0,3095,18094,18094,21758,18100
2461,0,12970,20062,20062,19968,19969
2462,0,9568,26771,26771,25117,26505
2463,0,141,22481,22481,15606,24965
2464,0,11115,21588,21588,21784,20212
2465,0,6361,25659,25659,21924,26773
2466,2,4353,25468,18361,19761,25468
2467,0,3701,15217,15217,15216,17385
2468,0,6165,21778,21778,22215,18425
2469,0,4998,25024,25024,19841,20924
2470,0,13585,20613,20613,20614,17306
2471,5,14183,19804,21975,18327,15739
2472,92,4908,17669,25340,25728,24224
2473,28,11995,22679,19111,19112,23593
2474,1,107,27679,27045,27679,27230
2475,0,11921,16354,16354,23420,17458
2476,0,2206,25851,25851,25706,23272
2477,16,6389,23720,21041,15990,24415
2478,0,12923,15089,15089,16755,21988
2479,0,12535,21174,21174,16042,15086
2480,45,10072,22039,16671,16860,23673
2481,0,4435,26346,26346,25942,27335
2482,4,3240,18291,21311,21305,19207
2483,0,4244,22119,22119,23650,21707
2484,2,14166,19199,19635,23465,19199
2485,0,3157,24396,24396,26834,24152
2486,1,612,20923,19686,20923,19716
2487,1,2582,21452,26261,21452,26194
2488,0,4784,21908,21908,26874,19536
2489,0,2684,25784,25784,24932,22710
2490,0,4675,21786,21786,21769,17940
2491,0,1929,15178,15178,15580,16719
2492,0,14341,24033,24033,19451,24680
2493,2,1376,19921,22527,23537,19921
2494,6,6924,22053,21657,21566,22849
2495,13,1534,19555,15708,15493,15383
2496,0,10614,16588,16588,16524,18656
2497,0,2232,27137,27137,19668,19649
2498,0,10989,17681,17681,17876,22967
2499,0,6170,24749,24749,26460,19989
2500,0,6542,23838,23838,24488,23095
2501,0,860,15940,15940,24113,18792
2502,3,9655,19483,18933,20645,20640
2503,3,1143,25538,25543,25535,25541
2504,0,6289,16392,16392,22111,23099
2505,0,8602,22563,22563,25021,20525
2506,0,13916,15748,15748,15751,19079
2507,0,5494,19657,19657,24606,25923
2508,1,5380,22789,25585,22789,23132
2509,0,7383,16672,16672,16050,16469
2510,1,10195,19833,19834,19833,19835
2511,0,9808,19007,19007,26775,24202
2512,0,5635,22780,22780,22778,16452
2513,0,12899,15041,15041,16289,15042
2514,0,1255,23655,23655,21358,27574
2515,0,5724,25855,25855,27639,27151
2516,68,4217,18016,22719,24995,25779
2517,0,7393,25207,25207,25208,26508
2518,0,2169,21013,21013,18926,23078
2519,149,14646,16714,17032,19357,21184
2520,0,11709,23398,23398,23149,26183
2521,0,8023,22687,22687,24155,21757
2522,0,14685,19444,19444,19233,18018
2523,1,1171,20877,20465,20877,19291
2524,0,8222,18504,18504,25749,25454
2525,0,10994,19915,19915,25024,25512
2526,14,6477,15802,21660,16457,17801
2527,0,11392,25686,25686,22552,21609
2528,1,6001,27023,25296,27023,19422
2529,0,218,24531,24531,26080,26314
2530,0,8211,23708,23708,24415,23593
2531,0,5652,18721,18721,24787,27610
2532,0,8932,22948,22948,23696,27328
2533,0,11784,19014,19014,27369,27321
2534,0,11375,16052,16052,17599,17604
2535,0,7041,27321,27321,27324,27369
2536,0,4418,15539,15539,15540,15538
2537,0,1024,16276,16276,17952,15095
2538,0,178,26334,26334,26287,22816
2539,0,3545,15187,15187,23512,19226
2540,1,14739,20317,18883,20317,26690
2541,0,3322,16298,16298,18625,17262
2542,0,12096,22372,22372,20365,19858
2543,92,3293,21709,18463,22582,24519
2544,1,14101,15610,17847,15610,27171
2545,0,8561,24459,24459,18633,23689
2546,0,4407,15430,15430,15432,17006
2547,2370,14824,17794,27747,27741,21184
2548,738,12600,18619,26877,27449,23415
2549,0,2388,26265,26265,19974,24965
2550,717,13943,27373,15943,24157,21618
2551,0,14340,21198,21198,20848,17968
2552,0,9639,15550,15550,14975,15549
2553,0,3572,15174,15174,15508,15054
2554,0,2600,19694,19694,23023,26922
2555,20,14479,16712,25596,15314,16644
2556,9,813,22790,22794,18101,18100
2557,171,13288,15616,15279,22936,17541
2558,0,14159,24845,24845,24648,23410
2559,0,609,17260,17260,17768,16820
2560,0,3752,15494,15494,22053,22597
2561,0,9448,22261,22261,22259,22260
2562,24,10970,25384,25093,26021,25237
2563,0,6974,22513,22513,27318,20351
2564,0,13299,25849,25849,25455,26305
2565,2,9002,15755,15424,18132,15755
2566,0,9996,27169,27169,22281,22254
2567,0,329,15418,15418,15419,15026
2568,0,7664,22698,22698,22703,15209
2569,0,9269,18385,18385,19913,23502
2570,0,7810,27370,27370,24965,24904
2571,80,4628,16400,15932,22581,16663
2572,0,3780,15501,15501,16641,15731
2573,2,2274,20609,16997,19684,20609
2574,2,11891,26350,26132,27358,26350
2575,0,6823,23334,23334,25093,24891
2576,0,2892,19789,19789,20303,20305
2577,0,7703,21082,21082,22684,22682
2578,0,13930,20579,20579,24035,18353
2579,1,3494,21207,21206,21207,21203
2580,0,4141,19337,19337,24568,24630
2581,0,6538,22382,22382,20242,17047
2582,0,13231,14961,14961,20323,21198
2583,14,9012,24557,24327,23060,23443
2584,1,1566,22036,21820,22036,25695
2585,0,11550,25313,25313,24699,26182
2586,0,1190,21704,21704,26328,26967
2587,0,1224,23941,23941,23943,23946
2588,1,6622,22399,19779,22399,20055
2589,15,824,27562,26532,26894,27595
2590,0,14784,22956,22956,18223,22215
2591,0,6758,23078,23078,26923,23590
2592,15,10920,25485,19026,25410,26200
2593,0,1874,24501,24501,18071,24483
2594,589,9375,21287,25742,15135,16955
2595,0,4057,15686,15686,22449,23967
2596,0,13889,19457,19457,27202,19036
2597,492,11732,17558,23898,16048,19002
2598,15,3990,16254,26446,15552,23545
2599,0,5787,17292,17292,22976,17291
2600,0,11048,21841,21841,15098,15097
2601,0,13532,25364,25364,18602,21003
2602,0,9331,18747,18747,22147,27035
2603,0,3005,22704,22704,23834,23833
2604,2,10444,21003,25364,18602,21003
2605,0,1884,27098,27098,18184,27599
2606,0,11470,23321,23321,23320,21305
2607,0,9637,25013,25013,25749,22235
2608,0,7097,19242,19242,26473,27511
2609,1,13195,24565,24468,24565,23130
2610,0,12016,20778,20778,20765,20774
2611,51,14924,19458,17410,18327,22215
2612,0,91,27428,27428,27370,27392
2613,0,9819,20029,20029,19835,27752
2614,0,13529,17488,17488,19502,19388
2615,329,10701,20004,24747,20024,23258
2616,2,14392,16904,27290,26943,16904
2617,12,13987,27589,17367,15901,18762
2618,0,4298,26218,26218,25837,21634
2619,26,5585,26845,26314,26076,20449
2620,0,8711,22594,22594,22987,25189
2621,0,14112,26038,26038,25200,22553
2622,0,340,20306,20306,20779,20768
2623,0,14371,23805,23805,17819,18597
2624,0,5275,21917,21917,21599,21577
2625,64,14476,19525,19061,18929,16749
2626,0,6559,19609,19609,17675,15074
2627,0,8768,25489,25489,27602,24398
2628,5,13257,23288,22024,20372,21646
2629,0,6498,24164,24164,25549,24530
2630,0,10240,19019,19019,19024,19481
2631,0,6954,17944,17944,22221,15844
2632,7,1303,17457,15061,17222,22726
2633,0,4960,15514,15514,15515,26966
2634,0,3129,21660,21660,21420,15479
2635,0,12577,20863,20863,15358,15356
2636,0,14619,16289,16289,15041,15042
2637,0,12618,16646,16646,26477,25512
2638,3,9435,26780,24196,27079,25638
2639,1,4769,18814,25923,18814,24606
2640,0,5018,24915,24915,27188,23687
2641,0,3234,16051,16051,16469,15368
2642,0,12803,19407,19407,19374,19419
2643,13,3817,14983,14951,15102,16139
2644,0,10906,19479,19479,20506,20504
2645,189,8500,26105,25233,26891,25787
2646,0,9336,18800,18800,23590,22412
2647,0,4286,18635,18635,24059,21544
2648,0,10936,16845,16845,27324,23382
2649,1,6175,22451,22691,22451,22687
2650,1,14453,26855,26409,26855,21864
2651,11,8399,24710,21575,16752,18611
2652,0,6378,26798,26798,27098,26096
2653,226,850,20068,15372,15352,15481
2654,2,9054,16930,17523,27168,16930
2655,0,6096,18085,18085,19658,19975
2656,0,7237,16780,16780,26888,18643
2657,5,3408,24962,24621,26921,26108
2658,1,5691,16610,17929,16610,16606
2659,0,8635,23329,23329,19848,16742
2660,6,11596,23597,15225,16277,16860
2661,67,3314,24106,15996,20465,17643
2662,0,13452,24922,24922,24042,18219
2663,0,1737,20603,20603,20466,15756
2664,0,6979,24529,24529,21000,25576
2665,0,11294,16468,16468,17762,27113
2666,0,9979,21247,21247,17346,20832
2667,0,12965,23487,23487,22335,20558
2668,0,4095,26770,26770,27059,23885
2669,0,6045,18729,18729,21909,21779
2670,0,3797,19496,19496,20482,21186
2671,0,11056,17267,17267,17100,24364
2672,0,9701,19808,19808,20089,21590
2673,0,6188,25543,25543,25541,25535
2674,0,2383,23247,23247,22420,18814
2675,0,10779,26263,26263,21378,25476
2676,278,10338,21270,25828,27144,19212
2677,71,9087,17548,24499,18482,21672
2678,1,32,18988,19679,18988,19689
2679,10,8050,23294,23988,23463,17796
2680,0,9014,23840,23840,25239,21655
2681,1,9481,27018,26992,27018,19046
2682,0,4707,15209,15209,15216,21758
2683,5,3915,23637,27229,21283,22816
2684,0,1328,16673,16673,22856,18061
2685,0,1880,20248,20248,18612,20721
2686,0,3740,23609,23609,23607,18140
2687,0,4823,24002,24002,23088,24001
2688,0,1153,16493,16493,21364,19948
2689,0,12633,19032,19032,19036,19457
2690,1,6458,16360,18220,16360,18761
2691,0,144,15832,15832,20755,20705
2692,0,1573,20134,20134,25524,19831
2693,0,7038,15090,15090,27717,15089
2694,0,12482,17000,17000,17016,17018
2695,0,11782,23986,23986,22192,23410
2696,0,4487,18333,18333,15970,27460
2697,10,3886,22896,21440,18084,23874
2698,0,4330,25479,25479,26511,26060
2699,0,10299,19640,19640,19639,21394
2700,0,6757,26120,26120,23783,21326
2701,0,7764,19684,19684,17121,23464
2702,0,4481,15805,15805,16795,16517
2703,0,6408,18807,18807,18805,21722
2704,0,3451,27267,27267,24869,25968
2705,2,8274,25607,22637,18146,25607
2706,2,9128,17392,18666,23438,17392
2707,0,404,23338,23338,18334,26171
2708,0,10643,23883,23883,19736,27705
2709,604,568,23588,23738,15886,23467
2710,0,11124,27569,27569,26250,21429
2711,0,12561,15966,15966,16448,16132
2712,2,914,15559,24815,22378,15559
2713,0,8906,16192,16192,17595,16189
2714,28,8523,26563,18720,21959,21638
2715,7,1550,23940,23943,23946,23937
2716,1,4319,22120,19214,22120,18222
2717,0,5847,15797,15797,19873,20567
2718,0,14137,17740,17740,23338,16918
2719,2,1331,27602,23958,25961,27602
2720,0,2348,25532,25532,15133,15508
2721,11,5135,15897,15032,25033,14951
2722,206,2835,27210,25696,25561,26152
2723,2,7929,23285,23406,22796,23285
2724,0,7039,21779,21779,19668,25173
2725,0,7860,25455,25455,19337,24133
2726,0,8091,15953,15953,15950,15348
2727,0,2219,16983,16983,20076,15696
2728,9,2106,24904,27049,27283,27517
2729,2,12991,16590,20603,15756,16590
2730,1,4865,24216,23056,24216,24415
2731,0,2849,18050,18050,15901,16616
2732,0,1337,17889,17889,22454,27440
2733,0,768,26578,26578,27476,26862
2734,0,7008,15431,15431,23597,20406
2735,0,3049,15567,15567,17054,15566
2736,231,8283,22425,22430,15894,19632
2737,8,4055,27558,27376,27128,24511
2738,5,6804,16196,18132,16195,17245
2739,0,8062,22691,22691,22687,21211
2740,0,8047,15727,15727,27415,23607
2741,0,5087,21870,21870,21784,18734
2742,3,198,24403,26541,22527,19920
2743,10,7266,25704,26497,26495,20241
2744,0,9316,19393,19393,15897,22079
2745,0,6980,16891,16891,22926,21700
2746,0,6280,17023,17023,24736,25760
2747,0,12972,20779,20779,20306,21286
2748,0,13680,19795,19795,19724,17760
2749,0,1842,22842,22842,27315,22698
2750,5,10696,24838,16600,22545,21328
2751,1,6479,26914,26913,26914,23070
2752,0,7986,25411,25411,23574,25968
2753,0,7922,21321,21321,17314,17491
2754,0,5463,16389,16389,27559,24877
2755,6,1478,19689,22502,20316,14966
2756,0,5867,26901,26901,23885,25488
2757,0,2335,19758,19758,17079,18356
2758,199,10214,16688,16412,16102,15096
2759,0,9719,23548,23548,21606,17418
2760,0,4637,24460,24460,20423,18972
2761,0,12811,16595,16595,20076,26620
2762,7,8563,24595,23486,19199,19534
2763,0,12418,16532,16532,15408,16777
2764,1,10606,25961,25942,25961,23142
2765,0,304,20894,20894,17947,18893
2766,0,9088,24028,24028,24027,24555
2767,0,7597,26759,26759,26792,26434
2768,0,5521,16939,16939,17655,21374
2769,0,10388,17145,17145,17146,15849
2770,0,6282,18847,18847,18686,23741
2771,0,5777,24058,24058,22983,26404
2772,1,14201,21549,15500,21549,19084
2773,2,2057,19696,19716,19686,19696
2774,0,9090,22627,22627,23160,17965
2775,17,14543,19544,18128,19600,25089
2776,0,11984,24041,24041,27570,26835
2777,0,7611,16813,16813,15070,15237
2778,0,420,24202,24202,26775,22688
2779,0,317,25112,25112,26481,26533
2780,0,2729,19574,19574,19583,18723
2781,0,9959,18329,18329,18629,23180
2782,2,10714,20534,22458,21716,20534
2783,0,12260,21613,21613,19544,23806
2784,0,12976,15743,15743,17608,19712
2785,0,2797,17892,17892,17996,18187
2786,0,2511,17420,17420,21594,19454
2787,2,3453,25225,21724,24317,25225
2788,0,6545,18155,18155,18152,17786
2789,126,1452,27157,27736,19039,18989
2790,0,3258,15564,15564,16698,16705
2791,3,9341,16275,17952,16276,15095
2792,0,2645,23925,23925,17031,20910
2793,0,3666,26704,26704,26648,26069
2794,0,1558,25696,25696,24091,24775
2795,0,10005,26162,26162,25467,26732
2796,0,1285,18150,18150,18153,24302
2797,1,3271,21362,27015,21362,20747
2798,2,11385,25625,27415,19665,25625
2799,0,8649,26141,26141,26967,26496
2800,0,14602,19965,19965,23217,20315
2801,256,14796,17978,25549,25553,27715
2802,0,7216,18956,18956,17262,17209
2803,6,4337,19078,17250,19199,16647
2804,2,1011,25030,25675,24049,25030
2805,371,4149,24812,16843,22992,16599
2806,0,10473,19619,19619,25501,24144
2807,0,3899,17965,17965,23272,21881
2808,0,2329,19163,19163,19164,22830
2809,105,13022,19536,26874,21727,17264
2810,0,1844,21466,21466,26283,21378
2811,0,13372,21293,21293,21141,20760
2812,0,703,24206,24206,21788,26643
2813,0,4517,20970,20970,20963,20971
2814,2,604,24910,24816,17537,24910
2815,0,6236,25676,25676,27172,24322
2816,0,10163,25939,25939,26376,26377
2817,2,4041,26823,26665,26238,26823
2818,6,9668,23121,25911,21864,16646
2819,970,10928,27584,27209,25343,26463
2820,0,8329,21356,21356,18793,23494
2821,0,14902,15778,15778,19799,18353
2822,0,9367,24832,24832,25207,21832
2823,16,13028,16968,23414,25547,23415
2824,6,10958,23761,18760,25195,22597
2825,0,3437,26721,26721,27488,20115
2826,0,3409,18250,18250,19354,20332
2827,0,13760,17455,17455,17457,26124
2828,0,6379,16402,16402,23913,22488
2829,0,9226,26509,26509,27517,24965
2830,7,12582,15742,27292,26693,27285
2831,0,8749,27072,27072,22647,22360
2832,17,2017,18683,25750,24381,23707
2833,0,5095,26194,26194,26592,27392
2834,2,13038,20704,18207,20746,20704
2835,0,4568,18213,18213,19053,17295
2836,0,8284,23241,23241,27232,26950
2837,5,1415,19598,17711,15107,17226
2838,0,1065,24559,24559,23401,26096
2839,0,7011,24810,24810,21445,24621
2840,0,13825,18246,18246,23703,27698
2841,0,4344,27705,27705,24900,21327
2842,0,7762,25052,25052,26248,21636
2843,7,12091,20670,18934,19484,20658
2844,0,12325,22509,22509,20598,22508
2845,7,3626,23928,18761,24208,18893
2846,0,7640,19695,19695,23759,22043
2847,28,7512,17241,15424,17248,17244
2848,2,3225,24512,21261,19849,24512
2849,50,8652,26522,21660,18915,15479
2850,0,3603,17576,17576,22515,20722
2851,0,7148,25571,25571,24396,27489
2852,1,9409,16363,24803,16363,19437
2853,0,11924,23664,23664,25051,27610
2854,1,10575,22974,18842,22974,21648
2855,0,12650,17771,17771,17607,20329
2856,2,2763,26211,25280,25103,26211
2857,0,92,20100,20100,20455,18085
2858,168,11127,27766,26481,17064,22547
2859,0,5433,25549,25549,23455,24394
2860,0,972,19698,19698,23992,18988
2861,0,6502,18551,18551,18552,18813
2862,1214,12209,27736,22602,20049,22654
2863,1,7456,27561,15069,27561,27178
2864,0,14463,15030,15030,20999,19440
2865,1,12752,22830,25067,22830,22375
2866,0,12758,15268,15268,18356,17732
2867,2,1163,25611,26131,26132,25611
2868,1,10669,25203,16254,25203,26395
2869,0,10886,26684,26684,21226,16290
2870,38,2496,25581,16452,24422,22781
2871,0,983,15868,15868,20791,18380
2872,0,3809,21156,21156,16042,19618
2873,6,6902,26439,25344,21356,18805
2874,4,4951,26447,27644,21429,24985
2875,0,4365,17983,17983,18128,15937
2876,2,8099,18605,17212,18934,18605
2877,2,8601,19201,23593,22398,19201
2878,0,7408,15823,15823,21727,25779
2879,0,6940,20172,20172,25313,24810
2880,195,6852,24976,26267,26152,23766
2881,0,5464,25652,25652,25470,25614
2882,0,7104,26623,26623,26438,27202
2883,0,14174,16867,16867,18802,15446
2884,0,7436,24564,24564,19613,24077
2885,73,819,27578,26618,27101,26532
2886,0,6128,21491,21491,24414,22592
2887,0,5721,23108,23108,23649,24862
2888,0,271,26081,26081,26075,26080
2889,0,5486,23423,23423,19242,27511
2890,6,8132,27715,16648,18202,17540
2891,41,14106,21658,21706,27390,19771
2892,5,11878,24210,18511,23299,24081
2893,375,469,15417,22281,17724,16647
2894,0,6059,27713,27713,24846,25481
2895,1,4321,20299,20305,20299,20303
2896,0,12735,21400,21400,21406,18902
2897,3,1753,25924,25288,25501,22309
2898,0,6011,26251,26251,26963,27228
2899,0,4528,20101,20101,25902,16388
2900,0,5356,21929,21929,25200,22470
2901,0,8196,27637,27637,17659,18265
2902,0,12415,24732,24732,18930,22199
2903,0,5800,16579,16579,16889,15481
2904,0,9140,18199,18199,23708,22487
2905,0,13242,19835,19835,20034,17575
2906,0,7203,26768,26768,22545,26417
2907,0,8761,24820,24820,19010,22389
2908,0,9083,21602,21602,22715,26570
2909,0,2784,17030,17030,22313,25654
2910,2,6777,27541,27542,25764,27541
2911,0,10267,17720,17720,20328,17861
2912,4,1620,26939,25764,27542,26800
2913,4,499,26558,16149,21935,25385
2914,0,10854,23217,23217,21658,18426
2915,0,831,16219,16219,16656,16655
2916,7,11118,22192,24951,23251,26183
2917,0,7538,15552,15552,17738,16838
2918,5,7487,26617,25140,25274,26459
2919,0,997,23878,23878,23248,23918
2920,0,5607,21382,21382,25476,21380
2921,0,6159,23233,23233,19548,16075
2922,0,880,24991,24991,24874,26254
2923,27,1156,24175,25033,14951,26932
2924,0,10046,22726,22726,25594,23424
2925,145,7220,27783,27190,21439,18470
2926,0,4785,18864,18864,17540,15325
2927,0,10880,23364,23364,23123,26008
2928,0,2092,15151,15151,18515,19219
2929,23,11066,15757,16276,15241,17952
2930,393,14350,25033,23526,23899,22223
2931,0,4042,17913,17913,17915,16846
2932,0,14328,25233,25233,25278,24346
2933,0,9708,18071,18071,20937,24409
2934,0,810,15783,15783,19186,17542
2935,161,14629,24598,23573,17979,27581
2936,64,12495,21305,21309,18289,21307
2937,0,4181,20717,20717,17576,15696
2938,10,13127,20780,20773,20774,20781
2939,0,9713,15397,15397,19220,16067
2940,4762,3188,24776,22582,26552,24378
2941,0,11194,15408,15408,16532,15410
2942,3,12745,22404,18629,17451,17161
2943,0,1551,19286,19286,16287,21657
2944,0,10721,25290,25290,25289,22207
2945,2,1062,27517,25961,27376,27517
2946,0,8202,21942,21942,26874,21717
2947,0,9324,24847,24847,27128,27383
2948,0,8288,22035,22035,18178,27477
2949,0,14393,23180,23180,16048,18616
2950,0,11929,19226,19226,23486,23512
2951,0,12785,17968,17968,20848,21198
2952,0,5056,18103,18103,26243,21030
2953,0,6422,22360,22360,22356,20011
2954,0,5052,21060,21060,21030,21327
2955,76,4927,15804,15996,20235,18915
2956,0,7633,23517,23517,24384,26564
2957,0,10884,16210,16210,17260,16728
2958,0,4721,17401,17401,15453,18254
2959,0,13597,21975,21975,15905,18327
2960,0,8293,16638,16638,17398,18142
2961,1,4492,26498,26497,26498,20241
2962,0,10142,24454,24454,25327,23541
2963,0,5667,17129,17129,24698,26674
2964,0,2462,21637,21637,26563,24191
2965,0,1648,23992,23992,23350,25277
2966,201,12687,26853,24448,27726,27024
2967,0,4366,15207,15207,23997,15218
2968,0,6177,26189,26189,27685,25267
2969,1,12636,24599,15877,24599,26021
2970,0,3092,19117,19117,16387,19114
2971,93,13096,24999,17147,22833,19913
2972,0,1773,18190,18190,21006,19812
2973,0,3354,23545,23545,22983,24040
2974,0,5796,18602,18602,19018,27380
2975,0,1987,25481,25481,27713,15187
2976,0,6856,25365,25365,24561,25902
2977,0,6018,21906,21906,18839,23472
2978,5,1708,26687,18164,17479,16587
2979,7,14425,27024,27027,25106,25627
2980,0,6117,15523,15523,16857,15517
2981,0,969,18474,18474,18098,21054
2982,0,12388,21789,21789,25220,21259
2983,133,14625,20576,25431,19588,25265
2984,0,7500,20907,20907,20097,20909
2985,2,8637,19720,17679,17678,19720
2986,1,8086,19217,21840,19217,24029
2987,0,5790,22753,22753,23143,25708
2988,1,5970,21329,21376,21329,23247
2989,0,13493,18828,18828,19054,19926
2990,0,62,18249,18249,23722,24169
2991,0,776,20725,20725,19932,26289
2992,15,5873,17032,17953,16194,16196
2993,1,5109,25685,19665,25685,26143
2994,0,578,25454,25454,27054,25757
2995,1,11983,20513,21031,20513,23514
2996,1,12531,16731,24849,16731,16730
2997,0,4428,20255,20255,25598,25337
2998,0,12019,24012,24012,16936,18886
2999,155,14534,19767,23573,17520,27581
3000,0,912,19677,19677,24084,22553
3001,0,4325,23669,23669,26567,23545
3002,0,6939,16687,16687,16891,22996
3003,0,5282,24289,24289,24290,20998
3004,0,4963,19647,19647,19664,17047
3005,0,387,26092,26092,22773,25854
3006,0,10531,25243,25243,23766,26152
3007,0,7439,20493,20493,19690,21909
3008,16,7060,19635,15171,15937,18128
3009,0,12018,15023,15023,20574,19946
3010,2,11899,17389,22570,23243,17389
3011,0,4962,23496,23496,18930,22199
3012,673,10363,17363,23079,23008,24081
3013,0,2888,17338,17338,22999,15974
3014,3,10495,20781,20773,20774,20766
3015,0,6575,27610,27610,26752,22453
3016,4,10217,23872,23628,26052,23629
3017,24,12184,26564,26807,26808,21671
3018,0,13103,19670,19670,17293,19218
3019,3,2635,20774,20777,20765,20781
3020,0,7801,18009,18009,16907,17724
3021,0,14699,24859,24859,15290,15312
3022,5,11463,20173,21309,21307,18289
3023,0,13018,24626,24626,24949,24392
3024,0,13120,15343,15343,24784,15340
3025,0,6091,21125,21125,26386,25120
3026,0,13005,26963,26963,18359,26838
3027,0,10511,20405,20405,20953,16525
3028,60,9748,26605,26392,27254,27256
3029,0,8307,27606,27606,24511,24132
3030,0,12597,20598,20598,22509,22508
3031,5,7169,21170,16667,18067,19726
3032,0,10322,23616,23616,23617,23282
3033,0,3960,24121,24121,22698,27148
3034,0,13374,21165,21165,21155,16011
3035,2,13887,22934,18978,16792,22934
3036,0,6133,21101,21101,21112,15994
3037,0,7475,26278,26278,24869,25968
3038,0,12085,26724,26724,25638,27207
3039,0,5759,19587,19587,21417,17815
3040,0,3819,20866,20866,26345,27397
3041,9,7604,27096,23251,24386,24384
3042,0,8032,19027,19027,15103,16227
3043,0,10743,19639,19639,19640,19622
3044,18,9181,20673,20678,20672,20665
3045,1,4240,27717,16769,27717,25952
3046,0,9826,19564,19564,17876,19281
3047,3,6801,21316,19207,20173,18290
3048,1,6941,26567,23958,26567,24621
3049,0,9957,18361,18361,25468,27062
3050,0,8130,22398,22398,22679,23720
3051,0,7395,25080,25080,26893,27422
3052,12,4150,15117,16880,16559,17790
3053,0,3228,25470,25470,26349,24196
3054,0,6925,17076,17076,16519,18685
3055,2,6969,16644,25327,16964,16644
3056,5,9201,17152,21275,16232,20450
3057,0,11529,24059,24059,16600,22962
3058,0,14378,20611,20611,20616,20612
3059,4,10733,20621,15525,20623,20643
3060,139,8060,22086,20316,24494,24730
3061,0,5316,24340,24340,21634,26331
3062,0,675,23710,23710,22809,26721
3063,28,348,27182,15073,16666,19478
3064,0,8565,22358,22358,24049,22360
3065,0,7660,24054,24054,26552,18239
3066,0,2881,17684,17684,19856,22211
3067,0,5185,22376,22376,16112,22378
3068,0,5481,15729,15729,19813,15723
3069,0,1603,21057,21057,21435,18916
3070,4,13610,21913,19388,19965,21646
3071,0,14057,26943,26943,16904,27290
3072,0,6567,18664,18664,27217,26649
3073,0,4541,26215,26215,25994,26450
3074,0,6676,23120,23120,21948,23777
3075,0,5273,22149,22149,24663,25304
3076,0,8852,26783,26783,27192,24779
3077,0,4680,17675,17675,19609,17676
3078,0,4019,21599,21599,21593,21917
3079,0,829,22946,22946,25061,21137
3080,6,3544,26369,26370,24620,26368
3081,69,8752,25257,25233,26891,25787
3082,0,5913,15368,15368,15179,16962
3083,65,13203,21716,15844,15392,22221
3084,2,3593,18215,16997,25021,18215
3085,0,572,16018,16018,17259,15998
3086,0,3697,18178,18178,26813,27477
3087,1,199,16134,21862,16134,17540
3088,11,11807,22275,18199,24415,25644
3089,0,11515,24083,24083,25010,20097
3090,0,7771,21232,21232,18909,21131
3091,0,735,20560,20560,24320,20965
3092,3,7985,22957,21577,21599,20982
3093,0,9838,20411,20411,23092,17644
3094,4,482,15253,18358,18292,15146
3095,0,1460,16144,16144,17190,17785
3096,0,10131,15312,15312,23969,18383
3097,0,634,26333,26333,24918,24741
3098,0,9987,21536,21536,21444,19813
3099,0,483,25881,25881,26886,23972
3100,0,8608,19312,19312,17523,16259
3101,1,5051,17017,16087,17017,16088
3102,0,5167,24515,24515,27612,22900
3103,0,1701,18140,18140,23607,22451
3104,0,8436,22066,22066,22067,27509
3105,13,5313,20240,21948,24872,26661
3106,0,6553,21681,21681,20810,17306
3107,1,12995,19852,24435,19852,20125
3108,3,11311,20642,20621,20623,20634
3109,0,14078,27171,27171,15610,17847
3110,0,5804,16152,16152,16082,16150
3111,2,2444,26461,19994,19989,26461
3112,0,12954,19520,19520,19519,19484
3113,0,7391,18020,18020,18022,17244
3114,269,5176,27776,18269,19005,24141
3115,1,6510,15147,16189,15147,15253
3116,2,11490,21644,15155,22221,21644
3117,0,744,26347,26347,26157,19171
3118,0,12013,16005,16005,24962,27530
3119,17,13830,25065,25412,27358,26068
3120,0,11122,25390,25390,15107,19199
3121,0,4630,27531,27531,27350,25961
3122,0,4602,20499,20499,21812,23686
3123,0,10387,23007,23007,19426,19537
3124,0,12392,19793,19793,20670,20672
3125,1,1819,17865,27114,17865,23162
3126,31,1786,25334,27030,25927,25925
3127,1,9075,16002,16725,16002,16003
3128,0,11383,18969,18969,17567,19420
3129,191,1532,22663,25519,21959,25935
3130,8,1750,26765,25739,26237,26239
3131,0,1647,22788,22788,22784,15729
3132,0,8361,21659,21659,21497,17720
3133,11,12174,15613,15116,24106,27584
3134,0,2011,22841,22841,23443,23148
3135,12,10402,26552,19568,24324,24689
3136,0,4726,21375,21375,21340,21129
3137,2,2765,17923,17926,17930,17923
3138,0,2105,25584,25584,20160,15771
3139,0,3247,16314,16314,17003,16777
3140,2,10075,20914,18375,14985,20914
3141,0,3700,17547,17547,15335,25803
3142,0,9531,18421,18421,25389,25190
3143,0,8572,15491,15491,16028,20022
3144,0,319,18839,18839,15581,18706
3145,0,9156,16922,16922,23928,18308
3146,2,2124,15915,18329,23180,15915
3147,0,12616,23042,23042,16677,26690
3148,1,7354,18440,16898,18440,16880
3149,6,12450,25139,26368,25150,25728
3150,11,12179,19441,17679,19720,20317
3151,423,9952,26326,20305,20303,26372
3152,1,9527,16995,16991,16995,16010
3153,0,4109,26314,26314,25737,20449
3154,50,14356,18225,15131,15721,15130
3155,0,4391,25573,25573,21377,26226
3156,0,8886,26559,26559,25196,22014
3157,0,7527,19371,19371,23546,25373
3158,0,14240,16178,16178,15508,23245
3159,2,12211,17621,16426,18068,17621
3160,0,5826,20160,20160,16392,20438
3161,99,14929,25951,23713,27228,17715
3162,0,9983,18478,18478,19873,18855
3163,219,12397,27790,16569,18512,23557
3164,0,12032,17054,17054,18696,23514
3165,0,5991,18799,18799,18425,15581
3166,0,9892,23705,23705,19975,17381
3167,0,5917,17311,17311,17317,17104
3168,1,12233,22047,17189,22047,17498
3169,0,10191,16004,16004,15999,19205
3170,9,5300,16752,21575,24710,25360
3171,29,9177,22329,18614,21339,18839
3172,6,9630,18435,14983,17363,16429
3173,0,4328,24270,24270,24857,22389
3174,1,2345,24067,24468,24067,23299
3175,6,12213,24497,21575,22464,21727
3176,0,9282,15298,15298,16425,18990
3177,0,4574,16304,16304,20496,18784
3178,0,11060,19221,19221,22616,22330
3179,0,979,15862,15862,17673,27521
3180,0,6144,26648,26648,26096,24559
3181,0,2547,15870,15870,20526,20510
3182,2,1322,16819,16317,16316,16819
3183,0,3326,27239,27239,27254,27241
3184,0,2571,26300,26300,27362,27569
3185,0,6319,25869,25869,23822,23804
3186,1,2209,27440,25179,27440,25180
3187,0,13742,17528,17528,20653,21398
3188,0,1982,17118,17118,17947,20558
3189,3,0,16006,15253,17595,16450
3190,0,13901,23226,23226,16790,23815
3191,0,11467,18934,18934,19024,19481
3192,0,7702,23804,23804,23832,23833
3193,0,7572,18382,18382,18383,19901
3194,243,13754,20329,25299,17513,22680
3195,8,10344,24113,17825,18531,24821
3196,0,3363,19156,19156,20526,19160
3197,4,5517,26441,22780,22848,27132
3198,0,14307,23684,23684,17647,19133
3199,0,9263,17977,17977,16795,23244
3200,0,10355,23586,23586,25659,18894
3201,1,5949,19285,18595,19285,15657
3202,10,11524,24546,22335,23487,20947
3203,0,8524,17782,17782,16249,14973
3204,0,8280,20313,20313,19755,19067
3205,30,13282,24891,26934,19818,24928
3206,0,7140,27497,27497,27273,27442
3207,0,2993,23780,23780,25108,23253
3208,0,3570,15065,15065,15069,20233
3209,3,5140,20006,24747,25214,25383
3210,0,1082,21477,21477,21480,21609
3211,0,5328,17700,17700,17644,17767
3212,17,14485,27285,19202,21598,22654
3213,0,7080,19077,19077,19437,16363
3214,0,3080,16602,16602,19259,16600
3215,1,12925,26412,21830,26412,25696
3216,1,8823,19664,19647,19664,17047
3217,1,7709,23799,23579,23799,19349
3218,0,10305,19704,19704,23294,19218
3219,1,10358,27656,26153,27656,27457
3220,0,3144,18805,18805,26434,21356
3221,0,12740,19980,19980,15776,19981
3222,1,1948,18171,15699,18171,17606
3223,0,13161,21540,21540,18611,19795
3224,4,910,26082,26081,26080,26075
3225,0,7811,27077,27077,27078,24987
3226,0,12089,25119,25119,22257,19015
3227,0,9553,15472,15472,16559,15117
3228,378,4796,19085,15932,18050,17818
3229,0,1754,17156,17156,21245,25924
3230,0,5449,25371,25371,21332,24960
3231,0,5848,27109,27109,22758,18504
3232,0,5849,24956,24956,24955,24953
3233,0,7015,26404,26404,22983,26283
3234,0,12724,17930,17930,26449,18602
3235,0,1926,18463,18463,22957,22366
3236,541,11049,17240,15095,15018,18134
3237,2,7834,24149,24246,21788,24149
3238,0,14121,18029,18029,21644,20223
3239,417,10536,23834,25233,23825,26891
3240,0,6092,15794,15794,25120,23988
3241,0,1578,17833,17833,15800,21275
3242,0,10521,16653,16653,16880,15106
3243,0,10916,15281,15281,23540,14979
3244,0,6571,22256,22256,19584,22698
3245,55,1523,24892,25093,25237,24224
3246,0,8536,15649,15649,16057,16053
3247,0,9811,26108,26108,27490,23664
3248,0,12486,23056,23056,24216,24415
3249,0,955,19422,19422,25296,27023
3250,0,6064,24223,24223,23090,23991
3251,80,12494,25029,25233,26891,24346
3252,0,805,26096,26096,24559,26648
3253,0,6760,23221,23221,23362,15287
3254,0,5482,15578,15578,15577,18101
3255,0,3330,20736,20736,16106,20908
3256,0,9422,22545,22545,18989,16673
3257,7,2549,27532,22318,17358,16480
3258,11,8020,21587,23594,23578,23682
3259,10,6531,26609,17537,26452,19933
3260,0,1317,26592,26592,27370,26752
3261,1,4295,17948,25367,17948,26886
3262,94,14626,22967,22164,19564,15134
3263,27,2839,21822,25354,22619,21566
3264,0,12281,16106,16106,19789,15552
3265,0,11200,15080,15080,23180,18329
3266,0,6937,20768,20768,20306,16550
3267,0,10654,21162,21162,19724,19795
3268,0,9960,26701,26701,22539,23337
3269,0,2982,19724,19724,19721,19726
3270,91,10508,25327,24535,26929,24518
3271,0,6113,21489,21489,20455,23710
3272,7,12814,16451,23486,23512,20955
3273,0,6245,17099,17099,18477,22313
3274,0,11219,24013,24013,16374,20558
3275,0,523,21481,21481,23041,18202
3276,237,3693,20548,19324,20593,14951
3277,0,14628,18514,18514,18513,22656
3278,22,14513,19440,19404,19720,17679
3279,0,2353,15168,15168,19311,15880
3280,0,2473,27324,27324,26254,21521
3281,0,7845,23594,23594,23578,17739
3282,0,692,17837,17837,18814,22420
3283,0,10091,16159,16159,16501,16240
3284,16,3302,18095,18094,15818,15825
3285,0,12368,20672,20672,20551,20670
3286,26,4593,26934,26021,23368,25814
3287,0,7563,16972,16972,15947,25674
3288,0,3728,15877,15877,25425,25426
3289,0,5941,19810,19810,26261,21383
3290,0,294,16822,16822,17775,16015
3291,0,11630,22852,22852,23383,23382
3292,0,7874,16775,16775,15411,15403
3293,692,14397,19073,25369,20621,20643
3294,0,8799,15734,15734,18019,19275
3295,0,10630,19543,19543,17099,19400
3296,0,11618,20346,20346,21073,21070
3297,0,10282,19737,19737,19658,19812
3298,0,7341,16095,16095,15544,23581
3299,0,7110,25006,25006,22705,17362
3300,0,13803,20760,20760,16547,20640
3301,0,2077,22572,22572,16443,22637
3302,0,1509,16896,16896,17627,16260
3303,0,6132,17729,17729,15880,15168
3304,0,1097,26012,26012,26013,22473
3305,0,7575,23513,23513,24919,20910
3306,804,4037,17376,24747,25214,20008
3307,1,12679,15208,17677,15208,18142
3308,0,12242,20728,20728,18927,24317
3309,0,1282,20117,20117,18679,20055
3310,0,10003,19674,19674,21028,16944
3311,0,6073,26034,26034,27192,25500
3312,0,2442,15265,15265,23966,18893
3313,6,4638,26011,27548,26837,26283
3314,3,6605,20491,16017,17502,16820
3315,0,7094,17873,17873,22737,18536
3316,0,10396,21274,21274,24329,23252
3317,0,2340,16735,16735,18799,17362
3318,0,9972,25417,25417,27000,20060
3319,1,9403,26611,19303,26611,26541
3320,56,14755,22281,19036,22371,23886
3321,0,2423,24404,24404,25373,18098
3322,0,9167,23467,23467,23738,26369
3323,4,13798,16689,23456,18500,23465
3324,0,6399,16082,16082,16152,17016
3325,0,1432,18973,18973,17390,18645
3326,3,88,19330,15949,19334,16583
3327,0,13419,20517,20517,15870,20510
3328,4,8860,26320,25040,15340,24219
3329,0,9257,15931,15931,15930,19651
3330,4275,14663,17911,23713,18353,18352
3331,0,8358,27250,27250,27098,23535
3332,114,8183,17537,24816,19933,15737
3333,1,428,21469,21466,21469,21472
3334,51,11825,25596,25233,25787,25278
3335,1,5142,27631,17377,27631,23060
3336,0,11606,23375,23375,23328,22164
3337,526,8869,26397,25992,27267,23076
3338,0,5407,16850,16850,18929,18272
3339,0,8466,20214,20214,20179,19104
3340,0,2556,23846,23846,24718,22622
3341,5,10244,22025,21527,21689,15492
3342,0,5669,15411,15411,14976,15403
3343,7,10480,19484,19531,20551,20658
3344,150,654,15234,19804,23306,18352
3345,251,3369,26795,22307,17294,22597
3346,0,3197,25967,25967,26370,24620
3347,623,4874,27772,23585,23871,21658
3348,56,2507,16955,25033,14951,15200
3349,11,1421,23377,23467,21638,20675
3350,1,9444,22217,26540,22217,17860
3351,0,10311,24197,24197,24530,25682
3352,4,11799,23759,18886,24329,18305
3353,0,763,17924,17924,21426,22962
3354,15,9255,25818,25233,26891,25787
3355,0,9636,27035,27035,26834,24130
3356,0,13105,24284,24284,26609,27589
3357,40,10660,15153,15285,19085,27708
3358,0,8903,18771,18771,21074,22003
3359,2,1900,24727,22083,22421,24727
3360,2,8318,26907,22043,25779,26907
3361,18,5495,27701,22876,27666,25524
3362,0,2313,27312,27312,24301,26283
3363,1,8315,15854,15849,15854,17146
3364,0,2430,23235,23235,19548,23234
3365,1,8365,26261,27098,26261,24266
3366,40,12401,25146,26368,24620,25104
3367,3,3519,24836,23593,25231,22487
3368,126,2043,25268,21387,15483,26530
3369,1,3027,24384,24386,24384,22013
3370,0,3506,20207,20207,18104,18822
3371,0,9251,19887,19887,18683,18685
3372,0,9910,20626,20626,20635,18369
3373,0,7414,20219,20219,25896,25365
3374,0,12866,21972,21972,22414,22457
3375,0,1444,27289,27289,25406,15091
3376,0,7166,16621,16621,16624,27210
3377,34,7559,27421,25285,27067,19665
3378,0,12573,17079,17079,18356,15274
3379,1085,1468,27188,19368,21727,26564
3380,12,13029,20358,20598,22509,18385
3381,0,1112,25528,25528,17857,18668
3382,0,13769,20312,20312,21812,22563
3383,0,4930,22570,22570,26373,17390
3384,0,6565,19131,19131,19150,21842
3385,2,11030,20697,19532,20680,20697
3386,1,4893,25463,21790,25463,24384
3387,0,2134,27335,27335,27283,22549
3388,3,10564,20577,23023,20575,26750
3389,0,14205,16223,16223,24999,22199
3390,0,13366,20129,20129,21186,21188
3391,0,14926,19376,19376,25553,27173
3392,0,11657,21510,21510,18155,17786
3393,0,13807,16790,16790,23814,15181
3394,0,2385,25226,25226,27226,25227
3395,0,13455,23592,23592,22244,23675
3396,0,13011,17080,17080,17079,18353
3397,0,9449,20640,20640,16541,20178
3398,0,7652,15651,15651,22028,16343
3399,12,760,27363,19039,18988,19689
3400,23,14434,16347,15716,23081,17580
3401,0,13580,25229,25229,25381,26140
3402,0,8277,26661,26661,27600,23580
3403,0,4882,20007,20007,18973,19202
3404,3,7440,24123,20949,21800,22677
3405,0,13871,17870,17870,16639,27737
3406,2,10451,19990,25214,24747,19990
3407,0,4434,22958,22958,20980,24378
3408,2,11908,22069,19199,25416,22069
3409,0,9962,22645,22645,23282,23616
3410,0,8339,24074,24074,21261,19849
3411,0,14020,17634,17634,17640,15022
3412,0,13229,26306,26306,26418,20589
3413,0,10347,19214,19214,22120,16210
3414,0,2830,19963,19963,23543,23238
3415,0,8448,27459,27459,26815,26434
3416,0,3448,21429,21429,20530,27638
3417,0,4626,26859,26859,27555,23583
3418,0,10030,19024,19024,18934,19019
3419,0,12438,20459,20459,15592,19939
3420,0,2584,20351,20351,15487,22926
3421,0,8634,18706,18706,18889,20109
3422,0,1320,15566,15566,16335,15567
3423,0,3030,15723,15723,16005,21761
3424,19,7082,17209,21627,17978,25134
3425,0,11207,20789,20789,26684,16388
3426,0,8809,25217,25217,27334,25164
3427,80,14756,15721,21729,23514,17711
3428,3,4396,20993,18927,23849,20571
3429,0,5987,24299,24299,19656,18795
3430,61,5393,26414,24723,26773,25199
3431,0,8252,22673,22673,24470,24128
3432,0,6643,23006,23006,16599,16843
3433,45,10752,18134,16416,20271,21385
3434,0,8631,22773,22773,27676,23253
3435,0,6212,24571,24571,24026,19489
3436,0,6072,21758,21758,18094,24972
3437,0,8190,19837,19837,16677,23042
3438,3,11935,17645,17768,16655,19753
3439,0,10769,23546,23546,26921,20732
3440,196,6397,27328,26567,24098,18793
3441,1,8265,16059,17458,16059,23974
3442,0,13526,25824,25824,26684,25887
3443,0,6530,22840,22840,25555,24819
3444,0,10581,18003,18003,16781,25898
3445,2,6244,23849,20135,23746,23849
3446,0,6664,18726,18726,17877,21236
3447,3,5498,22730,19989,20001,26460
3448,0,186,23172,23172,23173,16849
3449,1,11423,25552,27107,25552,21921
3450,0,7373,23099,23099,25331,21357
3451,0,5541,25351,25351,26930,21804
3452,0,13958,27075,27075,17387,24198
3453,1034,13664,18468,20006,25689,21591
3454,1,9109,17571,24964,17571,23575
3455,0,4326,23344,23344,20471,19918
3456,11,3551,26474,26270,26620,16595
3457,2,11331,23862,23497,27698,23862
3458,1,2626,24187,26436,24187,19730
3459,0,3822,19313,19313,16223,24803
3460,0,13819,15536,15536,20425,19525
3461,0,12604,20135,20135,21219,21942
3462,64,12880,27745,25877,24928,15451
3463,0,13074,21203,21203,17554,21206
3464,0,6325,23177,23177,23745,15634
3465,0,6723,17542,17542,17543,15141
3466,0,4484,23628,23628,25913,26052
3467,0,7878,17043,17043,19057,18175
3468,0,13581,19983,19983,19973,24523
3469,8,11389,15050,15122,27104,16275
3470,0,9659,25026,25026,26569,25027
3471,0,1676,18623,18623,16082,20999
3472,0,11014,21065,21065,21073,20990
3473,0,12951,25461,25461,25307,24477
3474,12,12119,25061,22946,27077,27078
3475,0,2740,26444,26444,25119,19015
3476,2,1835,17556,21309,18289,17556
3477,1,13383,23504,25466,23504,26923
3478,0,11059,18927,18927,20728,20993
3479,0,10151,24224,24224,26934,25967
3480,0,3477,15250,15250,17063,15147
3481,0,8009,16332,16332,18942,20101
3482,0,12223,20371,20371,19801,20271
3483,0,6776,19911,19911,23815,25341
3484,2,6793,20713,20738,20746,20713
3485,0,11538,23777,23777,24574,26921
3486,0,12846,22136,22136,16487,22672
3487,1,12254,19968,20062,19968,19969
3488,1,1654,24290,24289,24290,24118
3489,0,9122,17199,17199,17201,17197
3490,56,13178,24682,25233,25787,26021
3491,0,7948,24417,24417,25173,19668
3492,0,566,24509,24509,20560,24049
3493,33,10020,19133,15258,16138,15259
3494,0,14614,17336,17336,20491,17260
3495,0,11135,20818,20818,21262,20817
3496,0,2643,22079,22079,19684,23081
3497,0,8811,22617,22617,16415,18620
3498,5,12660,23871,27709,23585,16896
3499,25,13835,26503,22968,25827,25572
3500,1444,4754,24029,23628,20575,21514
3501,3,7454,22781,24422,22778,22780
3502,0,12343,16260,16260,16432,15988
3503,0,12134,18745,18745,25660,16305
3504,0,5500,18431,18431,19279,18259
3505,0,10938,18669,18669,20721,21589
3506,0,710,16786,16786,16785,18893
3507,0,13965,23270,23270,17073,25065
3508,0,3747,17404,17404,18085,23235
3509,64,13590,15391,26325,19552,15257
3510,0,9217,19766,19766,21470,21472
3511,1,5632,24085,20105,24085,24415
3512,0,9642,18687,18687,16647,23300
3513,2,7933,22828,22830,17911,22828
3514,1,137,20823,20819,20823,20815
3515,79,12504,27209,25611,17243,25771
3516,81,9666,25266,22406,17949,15877
3517,2,1052,25161,25927,26237,25161
3518,0,1514,18778,18778,19897,22643
3519,4,5761,24457,21495,23923,26412
3520,0,2696,17491,17491,21321,20754
3521,0,11192,24145,24145,24147,23564
3522,0,10252,18645,18645,16130,20271
3523,0,3331,19777,19777,18837,19778
3524,0,5218,19919,19919,18964,23356
3525,2,5212,23939,23947,23945,23939
3526,0,6803,24163,24163,25186,25376
3527,8,12826,22987,17633,25189,21838
3528,0,5065,25347,25347,16254,25203
3529,0,846,26479,26479,17008,26422
3530,0,13934,22749,22749,23374,22285
3531,0,4904,17582,17582,21567,25410
3532,0,1091,26396,26396,27035,27599
3533,0,5448,23335,23335,27574,22661
3534,2,4017,26445,15304,18949,26445
3535,2,11243,26200,26041,26198,26200
3536,18,14887,20912,23449,24429,24046
3537,0,9394,26118,26118,27599,25244
3538,2,11860,18160,19009,21510,18160
3539,12,4910,19761,25751,16981,19689
3540,0,2623,17894,17894,18565,18566
3541,1,3357,20946,24253,20946,26725
3542,0,3583,19949,19949,17401,21017
3543,22,8899,25547,23170,21988,23169
3544,13,3911,24143,25675,18530,20569
3545,0,12562,16842,16842,16629,19060
3546,4,926,15325,25277,18864,15897
3547,0,11387,24281,24281,25515,24112
3548,1,13155,17330,21311,17330,21308
3549,0,5846,16882,16882,20126,24853
3550,0,5016,16443,16443,18474,23160
3551,66,12680,15773,17641,17983,19502
3552,0,8770,18383,18383,15312,15294
3553,0,1875,19877,19877,20076,17738
3554,0,7773,17744,17744,15383,21998
3555,0,4915,21004,21004,25267,27685
3556,0,1674,19293,19293,23369,26037
3557,0,11253,17888,17888,19442,18333
3558,1,13681,18206,22834,18206,16729
3559,0,6222,18191,18191,18077,24162
3560,0,5708,24132,24132,27153,27098
3561,0,8824,21560,21560,27598,27272
3562,1,5634,23689,16452,23689,22778
3563,0,1629,27435,27435,27128,23120
3564,2,6672,26057,25040,15340,26057
3565,2,10149,23061,23859,17563,23061
3566,7,9123,21463,16532,17479,15408
3567,0,9598,25224,25224,23786,27131
3568,8,13246,25842,27350,18793,23958
3569,0,2155,19666,19666,23920,23160
3570,0,4614,15094,15094,15830,21287
3571,5,7365,26906,25603,25258,26143
3572,730,11293,15317,15910,23436,15080
3573,0,1390,22369,22369,21097,22243
3574,3,3134,23415,18601,21815,20258
3575,0,10627,21123,21123,25392,25666
3576,0,12624,19508,19508,17110,19859
3577,0,4035,18999,18999,19000,20947
3578,1,12162,27020,27383,27020,21124
3579,0,382,20060,20060,25417,23629
3580,7,4076,27215,19665,25685,26143
3581,699,14422,27726,27174,16755,26927
3582,0,12853,20467,20467,27011,18293
3583,127,13341,16730,26918,25150,19720
3584,15,9567,15400,15130,16065,16794
3585,0,1572,17377,17377,22700,27631
3586,0,10659,15285,15285,19085,19462
3587,0,504,15507,15507,15509,15511
3588,528,10911,17673,15274,18687,22168
3589,0,9822,22019,22019,22091,18261
3590,1,9674,26527,26526,26527,26198
3591,0,14440,18125,18125,26590,25979
3592,0,4103,17437,17437,19546,21053
3593,25,4619,22268,22119,22339,23650
3594,0,4830,22392,22392,22394,22391
3595,0,9964,23401,23401,25267,25148
3596,0,11005,18818,18818,21021,18121
3597,1,11355,16133,27072,16133,23415
3598,0,5778,15834,15834,19555,15832
3599,0,551,16226,16226,16227,15103
3600,2,5097,16136,17807,17804,16136
3601,0,2569,27042,27042,21560,24962
3602,0,1325,21865,21865,26580,16673
3603,0,13217,27664,27664,16573,20558
3604,0,9585,22437,22437,23722,25477
3605,1,13396,24057,25029,24057,26206
3606,0,2953,20186,20186,19104,21257
3607,3,2354,26620,26521,26270,16595
3608,0,1296,22985,22985,17440,17441
3609,0,11403,17391,17391,26286,22371
3610,0,2871,19891,19891,15115,27632
3611,0,11111,17707,17707,23881,17706
3612,0,9225,27405,27405,27131,24562
3613,0,1473,17114,17114,16628,15439
3614,0,4256,26562,26562,24781,21475
3615,0,4811,24317,24317,25012,24316
3616,3,14280,26998,23544,19915,24043
3617,0,9061,18428,18428,19277,17659
3618,0,2132,26122,26122,18190,21006
3619,1,2041,24815,17628,24815,22378
3620,309,12154,19065,21184,20049,17562
3621,0,8075,20567,20567,25136,15797
3622,3,4444,22427,19629,19632,22435
3623,1,9149,24541,17670,24541,22854
3624,0,2344,16656,16656,16219,15589
3625,0,11044,20013,20013,18079,18961
3626,221,6232,26860,26965,27109,25442
3627,0,7050,19933,19933,19834,19833
3628,0,4752,18367,18367,16653,18856
3629,0,5164,26129,26129,22156,19535
3630,0,11842,19079,19079,15748,17648
3631,143,14231,20232,21109,21105,17543
3632,0,11570,20421,20421,25826,20420
3633,0,8803,18270,18270,16617,16287
3634,5,10946,17953,17548,16196,21294
3635,1,5904,26809,15794,26809,27062
3636,0,8997,24483,24483,24185,18071
3637,0,1146,21862,21862,18928,17540
3638,0,7366,17745,17745,19594,25722
3639,87,3929,19824,19049,19051,24494
3640,184,10139,20895,17541,25367,18733
3641,0,10667,25896,25896,20927,26395
3642,0,13651,20815,20815,20819,20113
3643,0,1738,15103,15103,16227,16226
3644,0,7984,16959,16959,22406,19538
3645,1,13821,16573,18584,16573,27664
3646,21,5229,27030,23742,20305,15399
3647,1,9016,21597,24504,21597,21726
3648,4,3637,20746,20747,20740,20755
3649,0,3834,24702,24702,27488,25749
3650,0,13977,20703,20703,21903,16185
3651,0,12812,20123,20123,20122,19430
3652,0,4598,22760,22760,21375,20136
3653,3,7030,17121,19684,18228,18229
3654,0,1140,18187,18187,18186,17892
3655,2,5349,24694,19005,24141,24694
3656,17,7509,22221,19436,21716,16531
3657,1,13403,19437,18653,19437,16363
3658,5,2829,17479,19779,23735,21089
3659,10,9013,20341,20388,21176,20391
3660,0,5642,20571,20571,23191,18864
3661,0,10213,27565,27565,27561,27442
3662,51,5757,21982,21097,16997,20609
3663,0,11166,19661,19661,19856,19668
3664,1,14072,23374,22299,23374,22749
3665,346,13021,15119,23061,23252,24277
3666,0,5226,25083,25083,25504,27148
3667,473,887,19988,24074,18050,26932
3668,0,12840,23238,23238,26701,23239
3669,1,2695,17095,15384,17095,15122
3670,0,3818,21315,21315,18286,19772
3671,0,335,15371,15371,15352,15354
3672,326,1023,17116,14994,14999,16059
3673,0,13802,27062,27062,26270,24135
3674,0,3032,23694,23694,16123,26220
3675,0,6071,19093,19093,16747,18860
3676,0,12540,18075,18075,15553,21949
3677,1,12522,15429,18905,15429,20475
3678,0,5425,26460,26460,17376,24749
3679,0,11971,18668,18668,22848,17088
3680,0,3762,20974,20974,18812,17021
3681,0,5117,25932,25932,25933,25939
3682,0,11810,18744,18744,15944,15462
3683,0,8870,20233,20233,20124,27378
3684,0,666,20448,20448,22447,26150
3685,0,3250,21807,21807,18445,17008
3686,0,10935,16445,16445,25458,27004
3687,0,6500,21595,21595,20043,21807
3688,337,8018,27055,22760,25757,27054
3689,0,1640,20372,20372,23025,22253
3690,0,11758,26164,26164,27112,23037
3691,0,1375,21944,21944,19303,26541
3692,0,6984,20998,20998,25186,20219
3693,2,10400,24846,25481,27713,24846
3694,0,11442,26506,26506,25670,24398
3695,0,13944,26188,26188,21879,22734
3696,9,3811,27476,27328,23958,27085
3697,0,13576,19531,19531,19530,19793
3698,0,14480,20597,20597,19121,20601
3699,1,2107,15538,15539,15538,15413
3700,2,12320,26372,20305,20303,26372
3701,0,3426,26546,26546,22773,24058
3702,0,8005,16107,16107,17660,16170
3703,0,10409,22117,22117,21609,26552
3704,0,13010,19625,19625,24376,16936
3705,1,14169,22733,17129,22733,18662
3706,0,1442,23779,23779,21950,25467
3707,0,3233,24745,24745,21948,23120
3708,8,3285,25104,25150,26368,26200
3709,0,2157,22626,22626,20379,18645
3710,0,13408,16609,16609,15177,20314
3711,39,8939,24523,16522,23053,25481
3712,0,2889,23307,23307,16983,21618
3713,0,9961,16690,16690,16689,16182
3714,15,10079,27449,20963,22358,22650
3715,0,3270,15225,15225,16278,20066
3716,0,6376,18027,18027,18334,18775
3717,0,11073,16442,16442,19240,21949
3718,1043,4728,22341,25805,27109,27788
3719,1,6891,16541,16936,16541,24376
3720,4,7582,15095,17952,19466,27182
3721,0,7247,19986,19986,26271,22848
3722,0,4789,16818,16818,16219,15348
3723,277,6956,20049,15258,15259,23509
3724,0,12696,26299,26299,18100,16972
3725,48,5237,25814,25233,25958,24346
3726,0,5741,16076,16076,16088,16087
3727,3,14148,19470,20085,19465,19467
3728,0,9309,23492,23492,23108,21452
3729,1,1538,24767,24775,24767,24773
3730,10,6303,22849,21820,25695,24310
3731,0,4460,21569,21569,23956,21566
3732,2,8717,18425,24411,17824,18425
3733,146,14875,25510,19202,17484,26865
3734,0,3021,24763,24763,24764,24776
3735,0,14416,18843,18843,20215,20451
3736,5,109,16010,17185,23249,15492
3737,0,10889,22384,22384,19816,26726
3738,2,4049,27301,27296,27300,27301
3739,0,5379,17502,17502,17260,17768
3740,116,4703,26097,16816,16814,17831
3741,17,14319,18905,15417,19200,16007
3742,0,11797,17131,17131,17908,22346
3743,4,14419,23349,15446,23437,19388
3744,1,14411,21194,19328,21194,21396
3745,0,11765,23126,23126,23034,27036
3746,3,3443,21938,20227,17540,23992
3747,64,2126,24808,25578,20151,18839
3748,0,11205,24426,24426,19583,19580
3749,0,10846,26443,26443,23155,27244
3750,0,12234,18040,18040,17062,24802
3751,1,2453,20833,20832,20833,18877
3752,0,468,27316,27316,21030,26178
3753,44,1365,24809,25359,25407,25237
3754,1,5028,25811,26935,25811,27468
3755,0,9626,22222,22222,21794,21252
3756,0,12821,19940,19940,19935,19943
3757,671,12435,24364,16441,21490,21054
3758,0,4777,15801,15801,23805,16260
3759,0,370,15696,15696,24807,19674
3760,0,2122,18552,18552,18551,25304
3761,0,10843,24706,24706,26770,26544
3762,1,10787,26541,19665,26541,25685
3763,4,11937,23249,22036,21820,25695
3764,379,214,17410,27735,15947,15067
3765,0,12290,21932,21932,21921,21931
3766,0,3455,22677,22677,21800,20949
3767,0,10640,16160,16160,16238,16159
3768,100,4285,24939,21720,23481,22094
3769,4,11202,20055,15524,18738,17830
3770,0,3037,21325,21325,20757,27015
3771,0,6287,25425,25425,26451,18247
3772,0,10899,27262,27262,23983,19168
3773,0,10365,18867,18867,27790,24123
3774,0,11868,16181,16181,15051,15062
3775,0,11947,15812,15812,23109,23320
3776,0,7117,25488,25488,27409,27106
3777,0,11281,19379,19379,20981,17840
3778,0,3879,25962,25962,19259,24133
3779,0,1886,19233,19233,19444,19156
3780,0,575,16259,16259,19312,16159
3781,0,6134,24781,24781,21475,22535
3782,5,13645,17100,18028,19061,20358
3783,0,3540,26422,26422,26479,22243
3784,0,4467,18077,18077,20044,24494
3785,6,6371,25354,15321,16587,26270
3786,0,5600,26930,26930,18722,24135
3787,3,2601,19822,20085,20088,20087
3788,0,8678,16810,16810,16524,16588
3789,0,7586,20496,20496,24090,24061
3790,0,10441,20620,20620,20633,15525
3791,2,2471,25472,24234,25856,25472
3792,0,1120,21027,21027,22768,26165
3793,0,5694,23253,23253,22673,24128
3794,0,1944,19039,19039,23992,23350
3795,0,10058,20841,20841,16562,17554
3796,0,13844,23512,23512,15187,20955
3797,1,8744,23244,24620,23244,26370
3798,1,6108,24333,25959,24333,18626
3799,2,5101,27226,26511,27101,27226
3800,0,1713,19455,19455,24889,19544
3801,0,14524,19421,19421,22281,15281
3802,1,6520,17812,21300,17812,22243
3803,0,477,21808,21808,23741,17286
3804,1,10599,19821,19816,19821,22384
3805,0,9110,18091,18091,26360,20992
3806,2,10598,16007,20467,18293,16007
3807,4,10934,24755,24757,23527,23815
3808,0,14293,15593,15593,19505,19508
3809,2,2220,25588,21944,21948,25588
3810,0,4631,17538,17538,19774,16359
3811,0,12347,17604,17604,23692,16657
3812,0,9303,18484,18484,27460,15970
3813,0,4650,19151,19151,17694,16826
3814,0,1103,19575,19575,19573,19583
3815,0,8570,23913,23913,16402,18032
3816,0,6677,23954,23954,25300,25041
3817,4,12673,19834,19835,20034,19833
3818,3,7989,22873,16918,24090,23675
3819,0,11227,21959,21959,19815,24224
3820,0,1817,26403,26403,16332,16328
3821,0,2285,19849,19849,21261,24523
3822,0,3160,18869,18869,23476,26845
3823,5,2168,25059,24447,21618,27132
3824,0,6265,25179,25179,27440,25180
3825,0,5996,25120,25120,26386,23878
3826,0,4567,23287,23287,23500,16849
3827,0,7459,20024,20024,24747,23258
3828,0,14431,18347,18347,19703,23045
3829,0,11106,18369,18369,20178,20645
3830,0,6732,16436,16436,26580,20439
3831,0,244,15861,15861,15736,20869
3832,10,6322,17639,21294,17953,17548
3833,0,12367,21158,21158,21161,17152
3834,8,4804,26518,21358,21383,24874
3835,0,13492,15034,15034,19123,22069
3836,3,9746,25708,19114,16387,24541
3837,0,7777,22562,22562,27573,26653
3838,0,11566,16971,16971,22273,16972
3839,0,1152,27393,27393,27560,27424
3840,0,10693,24351,24351,26071,24346
3841,2,12283,19477,19407,19445,19477
3842,0,358,19580,19580,19583,19571
3843,0,13305,21682,21682,20759,18381
3844,0,8552,21140,21140,21139,16306
3845,2,6963,24909,22378,26452,24909
3846,0,5999,19408,19408,26835,23849
3847,0,7994,23818,23818,22547,24205
3848,0,6320,16536,16536,16540,18239
3849,0,9846,25408,25408,21671,22121
3850,0,10100,20318,20318,21978,21980
3851,0,7636,24274,24274,24334,26855
3852,0,12730,20734,20734,15507,19467
3853,0,7281,15294,15294,19001,15293
3854,1,12046,26004,25136,26004,24891
3855,0,4527,25902,25902,19831,24920
3856,0,8346,20430,20430,23374,22729
3857,1,3848,16225,15293,16225,18401
3858,0,11394,17728,17728,26809,25239
3859,0,10017,16763,16763,17473,16446
3860,25,13534,15097,23526,27581,25553
3861,3,4659,24603,17361,25737,26504
3862,644,12470,15112,23968,27719,17824
3863,0,12592,19009,19009,17965,19011
3864,0,5195,25378,25378,27595,26612
3865,0,14313,22981,22981,20271,20315
3866,0,514,17995,17995,21735,18106
3867,95,12543,16934,23706,16648,24489
3868,0,2996,26572,26572,26560,25929
3869,0,3333,16797,16797,17003,16874
3870,0,11910,24959,24959,27431,24960
3871,0,13983,18739,18739,16635,18054
3872,1,14269,26517,26256,26517,23077
3873,3,9830,16614,27502,17607,20329
3874,0,5519,22356,22356,20011,22645
3875,1,4089,19685,15960,19685,18668
3876,1,14532,21297,17022,21297,17002
3877,4,7988,21537,21657,22013,24386
3878,0,1617,27513,27513,25920,21974
3879,0,2378,19403,19403,17888,17103
3880,380,3875,24757,25850,25958,26021
3881,4,6725,22779,22778,23370,22781
3882,0,6019,26111,26111,23497,23020
3883,0,9677,23188,23188,23590,18597
3884,0,7979,24185,24185,24483,18071
3885,2,14733,19111,22538,22680,19111
3886,0,2739,17966,17966,17780,18342
3887,0,9319,23741,23741,15584,21808
3888,0,8724,22547,22547,23818,22249
3889,0,14278,27256,27256,27225,27255
3890,0,7009,17190,17190,16144,17662
3891,4,11818,25409,18494,19626,19803
3892,0,6604,15795,15795,16388,19769
3893,2,2302,20190,21249,20189,20190
3894,0,350,15496,15496,15492,21566
3895,3,9755,16633,16860,17161,18629
3896,0,5044,20718,20718,20717,15363
3897,0,4300,18941,18941,21079,21873
3898,1,5882,23366,21226,23366,16290
3899,0,7132,20130,20130,25896,19810
3900,0,772,24398,24398,21798,25666
3901,0,9599,25264,25264,24591,23609
3902,0,5530,21566,21566,23956,22248
3903,35,10499,16234,27679,26877,27601
3904,1,13953,23573,27581,23573,23526
3905,2,262,19828,15902,21988,19828
3906,0,6242,20352,20352,16950,16951
3907,0,5170,26349,26349,26969,26345
3908,0,2802,17739,17739,23578,23594
3909,185,13789,24073,24445,15894,17100
3910,0,889,20937,20937,18071,24409
3911,2,7474,16003,16002,16725,16003
3912,1,8120,21084,25059,21084,17004
3913,0,8933,23214,23214,24342,23467
3914,0,8254,19663,19663,18676,21864
3915,0,9379,20423,20423,24460,18729
3916,0,3638,27145,27145,23089,22275
3917,0,6333,26741,26741,22060,20066
3918,0,12014,24819,24819,22840,15553
3919,0,3467,17860,17860,17858,27479
3920,0,1045,22913,22913,24205,24224
3921,0,6083,25687,25687,25196,27527
3922,108,4451,26051,26057,24535,25080
3923,0,6358,25797,25797,27270,27350
3924,1,13992,17895,25316,17895,26663
3925,0,10384,15314,15314,16644,25596
3926,2,10694,20766,20781,20774,20766
3927,0,13216,19228,19228,19091,15039
3928,0,928,24444,24444,24440,21010
3929,0,1838,20784,20784,15971,17965
3930,1,2642,22618,22307,22618,23956
3931,0,10555,15517,15517,15523,16857
3932,1,122,24960,24959,24960,24460
3933,0,7899,26098,26098,24857,24358
3934,0,7668,27538,27538,27369,24161
3935,12,12564,16522,15476,15034,27169
3936,0,11495,19973,19973,19983,22414
3937,18,5608,21950,24773,24775,24776
3938,0,3943,18578,18578,22926,16913
3939,0,12706,17922,17922,21553,17913
3940,0,466,20859,20859,20857,14961
3941,102,11101,22430,23089,24415,23593
3942,0,12871,20323,20323,17968,15883
3943,0,6028,16967,16967,19071,20178
3944,810,12466,21754,24447,23891,27421
3945,0,279,15102,15102,16955,14951
3946,0,9273,21783,21783,18150,16600
3947,0,5413,17008,17008,17812,17337
3948,0,11037,16039,16039,17679,16038
3949,0,8975,21580,21580,22692,15960
3950,0,13805,25220,25220,15265,23690
3951,0,9876,16066,16066,16067,18995
3952,2,1212,17335,21660,18915,17335
3953,2,1668,19015,26913,26914,19015
3954,0,2079,20934,20934,23253,27423
3955,0,5079,21737,21737,21780,17760
3956,0,2510,25198,25198,22366,18466
3957,1,4207,20385,18334,20385,24580
3958,0,733,17056,17056,16177,15591
3959,13,6739,15476,17115,16647,22726
3960,170,7452,15132,15018,15050,27182
3961,0,9234,23313,23313,21781,26061
3962,5,12817,23148,22765,23597,15431
3963,0,4355,22243,22243,26479,16285
3964,0,13020,19281,19281,21573,22967
3965,0,12112,23904,23904,21958,26916
3966,0,2047,19932,19932,26383,20725
3967,1,4584,15574,15575,15574,24175
3968,0,11727,23543,23543,22534,25503
3969,0,3529,26017,26017,26140,25148
3970,14,869,25828,27766,27765,27770
3971,0,6343,26433,26433,26178,26165
3972,146,4379,26387,24404,23546,22008
3973,0,8865,26700,26700,24255,20404
3974,1,9680,20418,20419,20418,20420
3975,0,5633,24919,24919,23991,23113
3976,14,9114,20389,20692,21173,20702
3977,0,2243,21989,21989,26289,27220
3978,3303,2516,23187,27368,24909,19326
3979,261,13748,17819,15773,19199,17320
3980,0,4016,25376,25376,24779,25965
3981,0,12108,16449,16449,20681,15027
3982,1,1222,16677,23042,16677,19564
3983,2,13323,18902,21400,19342,18902
3984,0,808,17170,17170,21789,17169
3985,0,10748,21495,21495,16742,20969
3986,0,4212,20889,20889,25347,21904
3987,0,2018,15878,15878,14964,21575
3988,0,12321,22829,22829,26556,22830
3989,0,356,22666,22666,22665,22968
3990,0,11845,19641,19641,15177,27564
3991,15,3733,26750,24775,24773,24767
3992,0,4549,25999,25999,17480,22534
3993,1131,628,23970,24135,27719,20895
3994,5,391,24821,15067,15947,15848
3995,0,3662,23556,23556,23966,23928
3996,0,6394,25270,25270,19810,24128
3997,0,6258,21218,21218,25365,27109
3998,0,1124,16828,16828,16656,15589
3999,0,6861,25517,25517,25920,27153
4000,0,383,26271,26271,25816,25005
4001,0,11134,20817,20817,21262,20818
4002,56,7823,21592,26461,20008,17071
4003,58,129,23070,16714,27601,16712
4004,0,1644,24244,24244,25177,21079
4005,5,1430,17417,18882,16514,16883
4006,28,9704,15436,27182,15423,15095
4007,3,9675,23015,23544,23337,23472
4008,0,4701,20722,20722,25893,20717
4009,0,6995,22061,22061,24386,22668
4010,0,3254,23752,23752,19046,27465
4011,0,732,18692,18692,21611,19315
4012,0,13196,27581,27581,23261,24005
4013,7,11621,19848,23590,23079,24476
4014,2,13608,23886,15267,15188,23886
4015,0,12893,18874,18874,19186,26456
4016,0,6432,16171,16171,27445,25051
4017,0,6202,16499,16499,16668,18319
4018,0,4336,15736,15736,20869,19078
4019,0,517,17785,17785,16501,16159
4020,0,4028,18334,18334,22882,20385
4021,0,7705,22713,22713,24591,22712
4022,0,12133,16684,16684,16657,16682
4023,9,2700,16800,26452,22378,25426
4024,4,14320,22834,16729,16014,22725
4025,0,3315,21229,21229,24467,24299
4026,0,10177,26481,26481,17064,22547
4027,1,8696,21186,21181,21186,19866
4028,9,8654,19067,20603,20466,15756
4029,0,9032,22443,22443,17626,22438
4030,0,5774,22505,22505,19171,19874
4031,0,5414,26114,26114,21030,21902
4032,0,278,15025,15025,15969,22299
4033,0,9900,17627,17627,23979,18303
4034,0,6273,17369,17369,26294,19920
4035,0,4369,18709,18709,18674,18706
4036,0,12195,18980,18980,18095,16130
4037,7,823,24303,24376,23061,23966
4038,0,7642,18655,18655,15159,16919
4039,0,3135,21781,21781,24246,23055
4040,18,9120,22432,27208,21662,22430
4041,12,4580,22339,17831,19433,16815
4042,0,2515,23811,23811,27590,22571
4043,0,2951,18667,18667,17238,21517
4044,4,10160,17840,19986,26271,25005
4045,82,13598,24990,25278,24346,26891
4046,14,10138,23923,18304,22437,23026
4047,13,12641,22538,25004,20471,22047
4048,2,5900,17563,18304,23590,17563
4049,0,10255,20893,20893,15360,21245
4050,0,1051,15218,15218,22698,22703
4051,0,4424,16148,16148,23078,20179
4052,0,2945,25258,25258,22025,27509
4053,1,2308,15864,15511,15864,25844
4054,1,4817,24248,15727,24248,19285
4055,0,7970,19607,19607,18828,26675
4056,2,14193,18689,19985,18691,18689
4057,1,11862,23433,23432,23433,23434
4058,0,5969,23190,23190,25562,26852
4059,228,11230,24434,25704,17361,26230
4060,0,713,22983,22983,24884,26793
4061,0,4406,18700,18700,20135,18344
4062,1,4463,17649,17648,17649,20701
4063,0,3966,19730,19730,26178,26309
4064,0,12778,17844,17844,21977,23886
4065,0,10561,17262,17262,16045,16538
4066,47,13679,19149,15935,20782,26037
4067,0,2705,15839,15839,16448,16733
4068,0,14117,23558,23558,23021,23263
4069,0,738,21775,21775,23035,20982
4070,0,12044,16150,16150,16152,16082
4071,0,2352,19813,19813,27530,19871
4072,0,13504,21811,21811,24370,23615
4073,7,12362,19480,19451,15073,16401
4074,5,5839,18152,22111,20439,16392
4075,3375,2731,22725,14997,27726,27733
4076,0,9267,17396,17396,27219,17976
4077,9,11255,24654,26929,26974,22086
4078,0,11007,23261,23261,17871,27581
4079,0,1138,21885,21885,24400,15939
4080,24,4472,25742,22778,22780,16452
4081,1,13255,21405,21407,21405,21687
4082,43,4485,26357,21995,27565,21614
4083,264,8119,24337,23126,19984,27036
4084,0,9853,21848,21848,21553,17929
4085,104,8746,24989,26254,23847,26508
4086,0,11021,19430,19430,26088,21924
4087,1,14176,27015,21362,27015,20740
4088,0,10280,17858,17858,17859,15494
4089,83,3578,23968,27157,19039,24494
4090,0,3999,23884,23884,21982,25015
4091,0,11265,22578,22578,15952,18587
4092,18,8929,23143,22420,25923,21376
4093,0,12479,22319,22319,21384,20891
4094,19,12161,21261,19767,19654,20428
4095,4,2852,21357,20439,22111,20438
4096,4,3717,22668,17294,25396,22061
4097,0,4762,21030,21030,21902,26114
4098,5,10010,20739,20738,20713,20753
4099,0,8148,18495,18495,18496,20267
4100,0,9136,20963,20963,20569,25675
4101,139,416,18278,27763,27766,27765
4102,0,8336,20095,20095,21779,18706
4103,0,10646,18856,18856,18367,16314
4104,0,4234,24741,24741,26333,24918
4105,0,8364,23744,23744,24376,17082
4106,5,11373,27698,16849,25819,23500
4107,3,11726,24429,22750,23657,16622
4108,0,3535,16721,16721,16728,16722
4109,60,5031,16765,15234,23589,14951
4110,9,7406,21738,15795,19718,15581
4111,0,5038,22619,22619,22366,21593
4112,0,12710,25394,25394,27715,25013
4113,0,861,27207,27207,27350,23958
4114,0,2795,14994,14994,16059,14988
4115,0,11153,16751,16751,18867,16007
4116,1,10952,24746,24519,24746,21055
4117,490,470,27753,19552,17630,17541
4118,0,2722,23282,23282,23616,15724
4119,0,6048,23230,23230,25351,23143
4120,2,5022,23438,18666,17392,23438
4121,0,6632,18620,18620,26477,18361
4122,0,4159,18057,18057,19441,19440
4123,0,14794,24111,24111,20138,24517
4124,0,14352,16327,16327,18381,17062
4125,0,749,15474,15474,18412,15468
4126,0,7287,18734,18734,20053,21784
4127,0,10768,15648,15648,16698,16053
4128,0,4601,17599,17599,16052,16346
4129,1,14198,18015,25881,18015,26886
4130,19,14175,15258,20232,17464,19750
4131,0,7649,26653,26653,23229,25662
4132,4,11147,20819,21277,20817,21262
4133,0,6438,15960,15960,20710,21668
4134,0,13143,16138,16138,19133,21936
4135,0,12541,23090,23090,24433,23991
4136,0,4579,22257,22257,20414,16149
4137,0,10354,21700,21700,16828,16540
4138,0,12403,24693,24693,24108,26529
4139,0,11460,25020,25020,25307,27123
4140,0,12350,16989,16989,16990,15493
4141,0,9213,25169,25169,19909,25831
4142,0,3045,15698,15698,15712,15710
4143,8,7734,22936,20464,20465,19557
4144,0,947,22278,22278,22816,25732
4145,0,315,19858,19858,20138,19856
4146,1,10036,16350,19946,16350,19947
4147,15,77,19571,16714,19891,27632
4148,10,9590,19507,15441,16195,17245
4149,0,10847,18572,18572,26067,17979
4150,142,9988,23347,22953,25505,20015
4151,3,2981,21575,24497,21727,18611
4152,0,10043,25498,25498,25427,27595
4153,0,10756,16403,16403,25849,25576
4154,0,8138,24363,24363,27409,27461
4155,2,7765,17725,16898,16880,17725
4156,2,11426,16081,20953,20405,16081
4157,1,1854,25892,18989,25892,16673
4158,0,14058,18109,18109,20946,24836
4159,0,3596,27382,27382,20404,20574
4160,1,7047,15475,15468,15475,15474
4161,46,10968,17388,17241,19036,23886
4162,0,3066,26909,26909,26914,26913
4163,0,11238,21211,21211,21757,22082
4164,0,13188,24432,24432,19856,25010
4165,70,4029,25519,25093,25237,23368
4166,4,11369,15905,19981,15776,22965
4167,0,301,22953,22953,26095,24653
4168,0,7387,18503,18503,20977,20076
4169,2,11846,15571,21980,21978,15571
4170,9,8790,23922,15152,22679,19112
4171,1,1434,17790,20209,17790,24003
4172,0,5331,20314,20314,18305,18283
4173,0,1521,20249,20249,20248,20334
4174,0,9507,19406,19406,18018,15515
4175,0,9632,16452,16452,15112,18990
4176,0,4737,23051,23051,26479,22243
4177,0,34,27495,27495,27592,27685
4178,0,7918,23476,23476,24781,15606
4179,6,12088,15900,16477,18468,24415
4180,242,14386,23702,19508,17954,19427
4181,2,14430,25819,23703,16849,25819
4182,1,5737,18592,17609,18592,15491
4183,0,6180,20347,20347,22926,20348
4184,566,14596,25863,27373,18998,18691
4185,7,9404,18352,16638,23198,20938
4186,3,13725,16474,27104,16276,16275
4187,0,8384,19354,19354,18250,27431
4188,90,3397,23815,23828,25831,25870
4189,0,13849,19100,19100,21654,22997
4190,0,14332,15307,15307,15301,17853
4191,0,6003,24182,24182,27484,26057
4192,15,10474,24255,24773,24775,24764
4193,0,708,15106,15106,16894,16517
4194,2,11494,20523,21599,19453,20523
4195,0,6495,26243,26243,18103,24877
4196,5,12519,25278,25233,24346,26891
4197,2,12664,24655,26438,27202,24655
4198,0,10692,16794,16794,16065,15130
4199,0,11113,24730,24730,26535,22388
4200,1,5467,26569,25026,26569,25027
4201,0,1776,16561,16561,16562,20841
4202,0,12399,26463,26463,25724,25394
4203,0,5426,24386,24386,24384,22013
4204,0,12231,20503,20503,20860,20506
4205,0,7478,15100,15100,15398,15987
4206,9,13970,24928,26046,26041,25956
4207,3,10166,24084,22211,22557,21779
4208,0,596,18794,18794,20532,23143
4209,10,2454,17856,21097,18229,23081
4210,0,2595,27600,27600,25961,27369
4211,0,8459,19453,19453,21599,21594
4212,0,5439,22734,22734,17333,27445
4213,0,13125,21541,21541,19838,17208
4214,2,8248,27670,27657,27659,27670
4215,0,38,21802,21802,18470,25489
4216,6,9306,26230,26141,26495,26930
4217,0,5390,18017,18017,18018,15880
4218,19,7012,27424,27431,26283,27131
4219,1,11188,17245,15441,17245,15755
4220,0,11527,27069,27069,25855,26026
4221,0,6617,22434,22434,25428,25427
4222,0,9635,18403,18403,18425,18404
4223,0,1254,24884,24884,22983,26400
4224,1025,2245,22991,23162,27114,23349
4225,1,12611,22582,17854,22582,24480
4226,1,4557,26304,24194,26304,24696
4227,0,10913,20521,20521,20510,20526
4228,0,9373,23091,23091,22438,27010
4229,1,3016,18457,22688,18457,24420
4230,155,13445,27502,27747,25716,27786
4231,0,8166,16145,16145,16504,19312
4232,0,10541,21937,21937,24223,18800
4233,0,9021,20011,20011,22356,22360
4234,0,14797,21239,21239,19784,19785
4235,13,9866,25344,26644,15693,20334
4236,0,5792,21725,21725,18681,24523
4237,0,11395,17004,17004,25059,22572
4238,0,8775,21283,21283,21286,20975
4239,0,13477,19182,19182,26441,23475
4240,0,12537,17554,17554,21203,21206
4241,3,7428,24953,24956,22913,24955
4242,0,13247,23681,23681,23003,24172
4243,3,11997,20178,20638,20635,20639
4244,0,13037,22964,22964,19797,22168
4245,0,4846,23652,23652,24185,26541
4246,0,2230,18625,18625,17029,16269
4247,0,14225,24370,24370,21595,17580
4248,0,14244,19167,19167,18807,19420
4249,0,5720,17333,17333,17812,18913
4250,15,770,26587,26664,27194,26765
4251,211,9293,15771,25891,23132,23987
4252,0,14105,15062,15062,19440,15051
4253,0,4712,24271,24271,25458,16445
4254,55,4725,27173,21735,19689,19716
4255,0,10597,16130,16130,20450,21275
4256,0,3491,17653,17653,18929,19588
4257,0,8189,25504,25504,15114,16520
4258,0,9640,27071,27071,27261,27262
4259,1,1443,27290,16904,27290,27289
4260,0,12216,26438,26438,27209,25343
4261,90,2247,25769,27476,27623,26860
4262,0,1863,25282,25282,20124,19730
4263,0,3137,16514,16514,16511,15106
4264,8,4301,27498,25961,24196,27098
4265,0,9077,19175,19175,18668,21110
4266,4,12787,20861,20869,15736,19078
4267,1,3779,16747,19093,16747,19173
4268,1,2701,16594,21309,16594,21307
4269,0,9744,22768,22768,18103,21039
4270,0,9751,17057,17057,23108,18343
4271,0,11634,21339,21339,15797,19552
4272,0,14492,18616,18616,16048,15056
4273,352,3510,27113,18616,16048,19326
4274,1,9823,23320,23318,23320,15813
4275,0,374,19826,19826,21131,21463
4276,4,5552,16415,26791,15293,22346
4277,0,8911,19352,19352,26845,22454
4278,0,11407,17286,17286,15561,21811
4279,7,4837,18618,24494,22281,17108
4280,0,3622,25670,25670,26506,26793
4281,0,99,15674,15674,16977,18991
4282,0,7329,22636,22636,24741,22465
4283,3,1524,17630,17537,26452,26609
4284,0,13524,25952,25952,24846,25547
4285,0,6069,17937,17937,17920,17922
4286,0,1448,15284,15284,18245,18241
4287,2,11705,23711,26495,26496,23711
4288,0,12990,17606,17606,15491,18592
4289,62,13014,23502,23109,15812,23320
4290,2,12118,27219,26929,26516,27219
4291,0,874,15737,15737,15791,15747
4292,0,489,20540,20540,15278,20428
4293,14,13027,21842,23797,21113,26925
4294,0,3787,24606,24606,25923,21376
4295,0,3866,27628,27628,27538,22960
4296,0,8142,16908,16908,19772,18286
4297,0,5383,24561,24561,25365,18916
4298,9,12232,17531,27373,15057,23486
4299,1,13975,18666,17392,18666,23438
4300,0,12259,19779,19779,21089,23987
4301,0,3531,23997,23997,23998,15207
4302,0,6006,23391,23391,23536,24422
4303,189,8320,23527,25787,25233,26891
4304,0,948,23464,23464,25445,20979
4305,0,4597,20428,20428,25516,17986
4306,0,8002,15871,15871,22997,22911
4307,0,4842,21340,21340,21375,24559
4308,0,11879,25021,25021,21299,17121
4309,0,2181,19537,19537,21949,23007
4310,0,8013,22650,22650,20971,20970
4311,0,8286,15487,15487,26221,16682
4312,0,3608,20251,20251,17047,19503
4313,0,11685,23677,23677,23678,27157
4314,0,4687,24221,24221,15364,25389
4315,1,4025,21655,24523,21655,23122
4316,0,11408,23651,23651,25611,23077
4317,0,13545,21112,21112,17944,15844
4318,2,30,17641,17028,19433,17641
4319,0,10870,19937,19937,24665,20615
4320,0,9285,24570,24570,19259,24568
4321,201,266,25805,26395,18470,26890
4322,0,1718,20532,20532,19812,21006
4323,0,5685,21131,21131,25749,16339
4324,0,10621,15164,15164,18629,19326
4325,0,476,27091,27091,27148,22842
4326,0,8219,19341,19341,19342,21400
4327,0,84,23081,23081,21097,20607
4328,0,5241,21294,21294,19901,23040
4329,34,10309,19797,23159,21975,21794
4330,2,14273,18128,19544,19965,18128
4331,0,11653,19427,19427,19544,21646
4332,5,12847,22133,22136,16487,16488
4333,0,573,23092,23092,21300,22276
4334,6,13862,22705,21389,26796,23579
4335,1,9511,24945,25690,24945,27066
4336,0,4652,23727,23727,26391,23651
4337,37,10509,23542,15217,23220,18600
4338,0,2495,17016,17016,21704,17018
4339,0,10111,20975,20975,17022,21297
4340,0,2204,15904,15904,17045,15294
4341,23,13062,22294,19534,25755,27782
4342,4,7382,17822,16993,18587,22511
4343,0,6233,25122,25122,18428,17659
4344,0,12793,25706,25706,21480,23650
4345,41,181,23826,23738,25167,23831
4346,0,1394,15555,15555,25203,20076
4347,0,2325,18471,18471,23420,20789
4348,0,5188,25847,25847,27644,27608
4349,72,10256,17827,21003,23058,21539
4350,38,3916,16310,15094,15070,14997
4351,0,7255,16667,16667,15086,16537
4352,519,6929,25265,19933,24816,16958
4353,0,12898,19760,19760,23871,19700
4354,39,11063,16139,19835,20039,19834
4355,0,7109,17815,17815,16170,16174
4356,9,1672,26144,27388,22339,24117
4357,0,6600,26220,26220,24307,26508
4358,116,9558,23193,25796,18146,20938
4359,0,4044,17658,17658,18319,16918
4360,0,59,21188,21188,21186,21181
4361,0,8422,15908,15908,15906,17045
4362,49,2292,26193,22083,22483,18587
4363,0,2893,26557,26557,27369,27538
4364,0,5231,21945,21945,19368,23709
4365,2,6004,22067,22066,19596,22067
4366,5,14531,20593,17580,15778,27174
4367,0,8212,26975,26975,26976,24352
4368,0,801,22719,22719,24995,25779
4369,0,4918,21497,21497,17720,17008
4370,0,4651,26407,26407,25622,17243
4371,0,3558,19474,19474,18521,23633
4372,2,8680,16820,17260,17768,16820
4373,0,6869,25660,25660,26585,23347
4374,0,8861,19244,19244,24823,19694
4375,0,1955,16383,16383,21430,27080
4376,18,14163,17250,25654,19199,24755
4377,271,14232,27232,17584,23557,25266
4378,0,2823,20485,20485,16608,15067
4379,11,12809,27252,27241,27254,20722
4380,0,12525,25893,25893,18670,19733
4381,0,3945,21921,21921,17232,25552
4382,0,14030,21805,21805,18905,17222
4383,0,11743,19102,19102,15933,25984
4384,1,11094,23797,23132,23797,19668
4385,0,3299,18553,18553,18565,18566
4386,0,148,16273,16273,15018,19466
4387,0,14647,19057,19057,16134,16468
4388,0,8716,18490,18490,20550,19669
4389,0,1433,16559,16559,15472,17790
4390,0,14261,15994,15994,16323,15383
4391,0,351,16491,16491,22882,19982
4392,1,11510,20035,21158,20035,21161
4393,313,6593,16639,22916,16930,16934
4394,0,10189,17340,17340,16979,16939
4395,3,8655,22960,26612,27570,27226
4396,0,10144,21744,21744,22559,26539
4397,0,11130,20132,20132,23603,20131
4398,0,9001,15111,15111,15110,15773
4399,0,14451,17110,17110,17957,16185
4400,6,6350,26172,25117,26771,26505
4401,7,5251,15910,23897,23898,18616
4402,0,1568,18967,18967,20135,26965
4403,3,5181,16291,27192,24161,24511
4404,0,3707,21611,21611,16107,16287
4405,0,7209,19926,19926,19603,26620
4406,0,7727,27026,27026,27548,24714
4407,0,14565,19669,19669,21732,20372
4408,0,10050,23580,23580,24856,17232
4409,0,7661,24316,24316,27574,23335
4410,0,1851,21884,21884,25455,27716
4411,0,5683,21963,21963,21917,16582
4412,2,3472,22882,24590,18761,22882
4413,487,5084,27761,23833,23831,21638
4414,0,695,26833,26833,24535,25707
4415,0,6521,16944,16944,17340,20111
4416,0,9791,22929,22929,22949,22948
4417,55,14898,22040,21505,22075,24449
4418,0,11719,18881,18881,17161,23148
4419,0,10288,24822,24822,24095,24096
4420,0,3217,26630,26630,19503,20251
4421,0,9335,22638,22638,17965,25362
4422,8,4193,19989,24747,20008,23258
4423,22,14065,16907,23289,23223,23899
4424,0,9749,20615,20615,17306,20614
4425,0,12533,16826,16826,19151,17694
4426,8,10988,17390,20630,23886,24168
4427,0,2532,20216,20216,24861,20212
4428,67,4504,17360,16528,16079,23413
4429,0,2176,27577,27577,27592,26036
4430,9,9005,20953,17410,17409,18839
4431,0,2109,26792,26792,26644,26890
4432,0,6346,22792,22792,24814,25067
4433,0,6130,22205,22205,24251,22497
4434,0,6237,15780,15780,19390,16688
4435,0,10602,25042,25042,24084,21214
4436,1,12554,22653,25089,22653,17334
4437,0,362,21028,21028,17362,20209
4438,11,8653,22549,23901,24098,23847
4439,0,13072,23210,23210,15116,23302
4440,70,6090,19202,15152,19392,21938
4441,0,7497,15098,15098,15097,21841
4442,1,3842,27409,27387,27409,27226
4443,4,643,19315,18962,26479,26422
4444,0,12609,21795,21795,18761,20480
4445,4,6771,15758,17245,18022,15424
4446,0,11276,20111,20111,16944,20725
4447,0,13389,20755,20755,20747,20713
4448,1,8892,21589,20721,21589,18669
4449,1,4105,17018,18033,17018,26557
4450,1,3065,25925,26586,25925,25927
4451,2,4270,16537,15086,16667,16537
4452,0,10237,21823,21823,23144,21655
4453,1,2278,17629,22378,17629,26452
4454,60,6899,26585,25942,26826,24884
4455,0,3796,18891,18891,20146,20064
4456,0,7418,16200,16200,25895,27245
4457,0,14760,17908,17908,17453,17503
4458,0,9426,25589,25589,22527,23494
4459,0,6951,19037,19037,24145,16102
4460,6,6982,26732,16843,22992,21753
4461,0,7315,15305,15305,15304,18949
4462,0,4401,26622,26622,26638,24149
4463,26,10805,19533,23572,17672,15429
4464,0,7267,21470,21470,21466,21471
4465,0,8972,17446,17446,26111,17715
4466,0,10318,23396,23396,19303,22878
4467,708,2095,18276,27770,27766,27763
4468,0,10825,25710,25710,19890,27140
4469,0,9737,22250,22250,21389,17003
4470,0,7407,18748,18748,22454,17889
4471,0,9714,16421,16421,21672,17006
4472,0,6633,16678,16678,19069,19993
4473,88,5032,15015,14951,25033,23582
4474,7,3804,15741,15146,23194,18358
4475,0,1269,23106,23106,17837,20999
4476,0,6962,22740,22740,19546,21053
4477,0,12761,23678,23678,23677,15101
4478,0,13552,25462,25462,27133,23542
4479,0,8595,24823,24823,24447,22268
4480,2,8756,27576,15633,15632,27576
4481,1,1089,16149,20414,16149,16079
4482,377,14861,27782,25510,27601,22603
4483,0,4700,22502,22502,20135,18700
4484,0,8849,21857,21857,20080,25528
4485,0,2924,23998,23998,19894,26098
4486,1,9125,18964,19919,18964,18486
4487,5,13848,24476,23079,24210,24433
4488,0,2375,18443,18443,27574,25208
4489,0,4208,15693,15693,19730,21784
4490,272,14905,27704,25265,23713,18353
4491,0,4050,23916,23916,27570,27435
4492,0,10408,24322,24322,26264,25065
4493,0,8676,19272,19272,21343,22517
4494,1840,12369,17708,16749,18284,22078
4495,1,13312,17361,17360,17361,19041
4496,0,9383,19585,19585,22700,19584
4497,0,1632,20189,20189,21249,20190
4498,0,23,23915,23915,20537,18121
4499,1,14856,19069,20648,19069,23306
4500,0,952,26232,26232,25943,26592
4501,0,3549,25251,25251,15344,26523
4502,11,12094,17866,21735,19171,16458
4503,0,10987,21614,21614,24737,25674
4504,5,13685,24061,26923,21495,23078
4505,0,8123,18846,18846,20236,17010
4506,0,4362,16511,16511,16517,16653
4507,2,12804,19859,16007,15527,19859
4508,0,13259,16519,16519,19388,21658
4509,0,9762,16952,16952,21108,25697
4510,0,13471,20723,20723,20724,19482
4511,0,5960,15453,15453,19949,22562
4512,0,1455,16844,16844,15412,18029
4513,526,3754,22560,16816,17643,15704
4514,0,14526,23245,23245,15141,24999
4515,0,3846,15021,15021,14991,16354
4516,0,12440,25726,25726,23476,27383
4517,0,443,15125,15125,23194,14955
4518,3,4180,25277,25286,15325,16124
4519,0,12058,27172,27172,27264,25676
4520,0,7862,20105,20105,24085,23593
4521,0,8528,24568,24568,24570,23085
4522,0,4978,24556,24556,25038,24067
4523,0,5850,15825,15825,16438,16439
4524,0,5967,23302,23302,21950,18861
4525,0,6714,17476,17476,21475,27590
4526,0,8551,19319,19319,16951,22550
4527,0,11575,18681,18681,21725,16867
4528,9,3230,21820,22061,25396,22849
4529,0,521,23958,23958,22270,22549
4530,0,10479,25202,25202,26034,24779
4531,0,11772,18877,18877,20833,20832
4532,16,5808,26586,26237,26765,26235
4533,0,1355,18660,18660,16879,17735
4534,1,11757,22659,20973,22659,22573
4535,0,14120,21414,21414,22588,27460
4536,0,10755,16447,16447,18620,27062
4537,7,7686,16090,25704,17361,26141
4538,5,2658,27303,27296,27300,27301
4539,271,5871,24448,26193,26295,26221
4540,0,2799,27490,27490,27683,26557
4541,12,1833,15937,23820,17488,23288
4542,0,13139,26343,26343,25952,15279
4543,0,6309,21074,21074,22418,24034
4544,129,11246,19091,19084,15500,15501
4545,0,10908,21500,21500,22364,21779
4546,41,12808,23062,23410,26095,25505
4547,0,1241,22765,22765,20407,18881
4548,2,4540,23833,23832,23831,23833
4549,0,10751,25399,25399,25848,23888
4550,0,8509,20759,20759,21682,23205
4551,0,540,19908,19908,21203,17554
4552,0,478,15304,15304,15995,19205
4553,17,4477,27570,25471,23958,25285
4554,0,4258,23260,23260,21811,20852
4555,1,8562,24594,24557,24594,25683
4556,0,8971,25458,25458,24588,27004
4557,0,4714,20146,20146,20064,19971
4558,0,9693,25000,25000,23415,23414
4559,0,455,21054,21054,16861,22746
4560,3,7476,15259,19216,20223,27173
4561,1,8876,17626,16951,17626,16950
4562,0,7162,17781,17781,15731,19202
4563,0,1582,16577,16577,17806,16889
4564,0,14002,25709,25709,15177,19390
4565,38,11340,20415,25951,23572,27715
4566,0,9287,20843,20843,19072,15895
4567,3,6386,27318,21475,26562,27590
4568,0,14156,16858,16858,23245,24732
4569,0,8812,21111,21111,20354,19547
4570,3,161,21762,23992,23350,21765
4571,0,4662,23901,23901,24822,24095
4572,8,815,19290,20464,20465,19557
4573,565,10083,18241,15526,16788,15476
4574,0,12661,19386,19386,19033,19460
4575,0,1063,15245,15245,23289,18009
4576,0,5860,21755,21755,20438,18700
4577,0,8480,15942,15942,17440,20100
4578,2493,9721,16277,18867,16751,17562
4579,0,6480,15657,15657,18595,18594
4580,0,10523,19518,19518,24556,20323
4581,1,1399,23562,23557,23562,15114
4582,0,8951,22684,22684,18101,21082
4583,8,14743,24126,18514,24786,18513
4584,0,12498,24420,24420,25564,23324
4585,0,5474,24841,24841,23396,23876
4586,0,13331,19345,19345,19854,15273
4587,10,3489,16518,18856,16653,16264
4588,0,9229,15791,15791,21584,15747
4589,0,10797,22391,22391,22392,22355
4590,5,787,16520,15115,16638,18142
4591,5,8227,26674,18375,27719,26775
4592,21,10842,27168,26558,18312,26037
4593,6,1927,16425,15848,16940,24821
4594,0,11406,17905,17905,23336,24751
4595,0,10807,26191,26191,22828,27306
4596,2,11185,24518,26749,22427,24518
4597,0,8830,15612,15612,17658,26414
4598,0,11464,15883,15883,17968,21146
4599,0,7606,24312,24312,22478,25050
4600,55,13144,20425,20597,17240,20601
4601,1,980,20869,19078,20869,15861
4602,0,1612,16448,16448,15966,17825
4603,0,10500,21531,21531,18202,23920
4604,0,5068,27436,27436,20034,19835
4605,16,2875,15531,19538,19848,26609
4606,0,12411,15659,15659,21735,19571
4607,0,1119,26497,26497,26495,20241
4608,0,13857,17867,17867,15664,15731
4609,1,3086,27114,25012,27114,26648
4610,0,7369,19527,19527,23519,23833
4611,32,5709,27682,24132,23120,24621
4612,1,1482,26828,22430,26828,21662
4613,12,2663,27106,27598,24562,25309
4614,0,10999,23443,23443,25892,27263
4615,2,7091,24107,21842,23797,24107
4616,0,1673,22854,22854,22119,23650
4617,4,10119,19478,15073,19451,16666
4618,0,1565,24138,24138,17189,16487
4619,0,10737,17051,17051,20845,20859
4620,1,6362,27666,27406,27666,21344
4621,0,13715,25891,25891,24624,18671
4622,4,7926,21733,24208,26257,24373
4623,0,14342,19966,19966,23288,23087
4624,0,8737,26515,26515,23958,23661
4625,0,10095,20039,20039,20006,20034
4626,0,4281,16087,16087,17016,16088
4627,0,9185,22648,22648,23590,20910
4628,0,4203,15704,15704,19433,15481
4629,31,6690,21988,19712,15743,17608
4630,6,13714,22871,19626,22975,25409
4631,0,10861,18617,18617,25268,22069
4632,0,13907,18413,18413,22451,14985
4633,0,250,25361,25361,23883,25666
4634,144,12848,17498,21868,23585,20913
4635,0,3505,27059,27059,26770,27123
4636,0,13041,20048,20048,22285,22749
4637,2000,8596,19212,17115,25607,16912
4638,7,2583,24784,16212,15674,16977
4639,0,5918,26968,26968,23607,26654
4640,3,12146,16358,16238,16160,16763
4641,489,2931,21662,18614,16945,16132
4642,0,6482,25348,25348,22003,24737
4643,0,7019,23437,23437,15446,20896
4644,0,10071,17189,17189,23614,19962
4645,0,192,20345,20345,20226,20266
4646,0,1811,20979,20979,22618,20980
4647,0,5359,16923,16923,16873,16797
4648,0,1774,15161,15161,17528,15166
4649,0,4445,16916,16916,16936,23083
4650,13,3147,23937,23941,23945,23946
4651,0,6257,26511,26511,27360,26921
4652,0,6366,17986,17986,25516,20314
4653,0,8232,18175,18175,16051,16371
4654,0,1258,15468,15468,15475,17737
4655,9,7326,25854,24588,25560,25954
4656,3,14497,23692,16028,17604,17606
4657,0,12619,25678,25678,22389,24723
4658,0,5592,20316,20316,19921,26775
4659,7,9453,24069,17294,24378,25100
4660,0,4731,21214,21214,18095,25042
4661,0,5069,20034,20034,19835,17575
4662,0,10666,15012,15012,16641,16766
4663,0,11398,26436,26436,21736,26309
4664,0,3613,26862,26862,25392,21123
4665,0,9715,24158,24158,22650,20971
4666,0,6050,20209,20209,15462,21028
4667,4,620,17499,15613,15614,15617
4668,0,8034,19649,19649,27137,19718
4669,1,5931,23981,16738,23981,22298
4670,3,3832,20270,21973,22515,19349
4671,5,57,26239,26823,26664,25161
4672,668,36,17324,27735,15067,16760
4673,0,4413,22252,22252,24928,25877
4674,0,7541,21144,21144,21173,21161
4675,0,2141,25523,25523,18805,20562
4676,3,1183,24522,24326,24087,25088
4677,0,9745,20714,20714,20739,26620
4678,0,5938,15922,15922,23272,22854
4679,14,6088,21804,21894,26922,21893
4680,0,10943,18308,18308,23299,18309
4681,5,7511,26296,24693,27067,18280
4682,0,10845,21881,21881,21880,24568
4683,45,6915,22665,21627,26608,16692
4684,0,9042,20193,20193,21252,21251
4685,1012,752,17564,24995,22719,19489
4686,0,3282,26523,26523,27225,27241
4687,0,13343,18936,18936,20604,20605
4688,2,6215,25979,16317,19435,25979
4689,3,1454,26069,24621,25961,27327
4690,2,1912,24995,27136,19806,24995
4691,0,10076,19106,19106,22840,23689
4692,285,11766,17666,19051,19049,24494
4693,0,3538,27468,27468,25961,26935
4694,0,13514,20182,20182,20181,21257
4695,1,9950,26521,26270,26521,15524
4696,0,2832,21748,21748,16874,15112
4697,2,1102,24605,24610,24608,24605
4698,0,6855,16682,16682,21597,23023
4699,26,5270,20439,21500,20924,17464
4700,2,7639,20971,20963,20970,20971
4701,0,11326,19513,19513,18795,24299
4702,0,6471,15880,15880,20711,23675
4703,13,13370,18315,15669,15282,24694
4704,0,6249,17775,17775,16015,16822
4705,15,12434,19985,24108,15612,16742
4706,0,4617,22793,22793,22792,24486
4707,0,5549,26408,26408,24785,17340
4708,0,11488,24933,24933,21813,23251
4709,0,13617,24392,24392,24626,24949
4710,6,8438,21897,22882,24590,18893
4711,0,5397,26249,26249,26771,26059
4712,6,11151,23327,23386,24682,26021
4713,0,1946,27128,27128,24132,25094
4714,3,7229,23424,23685,27460,18484
4715,0,767,21435,21435,24621,24962
4716,0,11465,18532,18532,16765,18534
4717,114,12663,24803,25818,24928,26660
4718,0,337,16147,16147,22811,16153
4719,0,7780,21567,21567,17582,23734
4720,0,8054,17085,17085,17086,15027
4721,2,12606,16250,20603,26387,16250
4722,0,3059,17441,17441,25244,20455
4723,0,6039,26533,26533,25112,21634
4724,0,9179,15872,15872,20526,21942
4725,31,12423,27245,16093,18968,19733
4726,1,1362,20663,17730,20663,20672
4727,0,9750,18929,18929,20232,23244
4728,0,4655,16913,16913,22243,19289
4729,0,709,18442,18442,16880,17003
4730,0,11022,27151,27151,27639,27515
4731,0,8726,16381,16381,18394,20958
4732,4,2056,24318,25764,27542,26800
4733,0,8889,23367,23367,21261,21655
4734,0,4546,21956,21956,24386,22013
4735,0,8832,26181,26181,22527,25051
4736,0,4442,20400,20400,20855,21201
4737,26,14503,16715,19196,16635,16647
4738,4,10025,23983,24554,16951,25674
4739,0,11855,22515,22515,19865,22860
4740,0,12932,19521,19521,20781,20765
4741,0,8029,21428,21428,15571,21978
4742,1547,13959,14951,17680,17824,17866
4743,47,12556,25136,25956,25877,25430
4744,0,14260,24233,24233,15476,17881
4745,0,1716,17126,17126,23300,23505
4746,1,7643,16050,16469,16050,17757
4747,0,7321,23819,23819,18720,23123
4748,0,5958,25373,25373,24404,18342
4749,0,5645,17166,17166,19479,16306
4750,0,6434,17508,17508,23689,18771
4751,0,1964,22928,22928,22002,23915
4752,0,10559,17935,17935,20138,20732
4753,0,5896,20526,20526,19067,21654
4754,0,1684,18219,18219,24042,24922
4755,4,2350,22083,20980,21648,24937
4756,0,9230,21584,21584,22437,17023
4757,0,2619,23158,23158,22450,17966
4758,0,7907,20958,20958,18394,18457
4759,0,9660,18426,18426,19388,16519
4760,1,5093,17185,23249,17185,22061
4761,0,257,18859,18859,18856,17725
4762,0,11175,21219,21219,22209,23918
4763,2,10838,19419,19358,19374,19419
4764,0,3374,17557,17557,17558,16251
4765,0,1742,20777,20777,20765,20774
4766,140,10271,25779,24460,24091,21949
4767,0,2762,26137,26137,24096,27559
4768,1,13128,21727,20151,21727,18909
4769,0,1587,15936,15936,20783,20782
4770,0,7580,16840,16840,15746,27232
4771,0,6684,27722,27722,25336,21444
4772,0,4189,24869,24869,27108,27574
4773,0,8109,27272,27272,27101,27360
4774,0,7299,16864,16864,15839,16571
4775,345,645,27728,24670,17108,15282
4776,1,1781,26638,26643,26638,21788
4777,0,3991,16993,16993,22511,16583
4778,0,7581,17337,17337,17008,18445
4779,0,5718,22008,22008,25041,19247
4780,54,12312,24802,19421,18281,17250
4781,6,2808,21581,16577,17804,21582
4782,0,8393,20080,20080,20606,16998
4783,1,162,21625,25021,21625,20883
4784,0,9399,19794,19794,17968,20323
4785,0,8279,21426,21426,23230,22962
4786,0,8328,26041,26041,26046,26200
4787,8,6865,19205,17767,22956,17428
4788,0,13880,19962,19962,17189,17188
4789,0,938,20562,20562,15555,18765
4790,0,10944,20635,20635,20178,20638
4791,0,5726,16261,16261,18044,16517
4792,0,698,27485,27485,24989,26862
4793,637,8045,15274,23557,20903,17562
4794,1,6551,23903,25611,23903,26131
4795,5,11310,27559,27085,25961,26162
4796,0,7749,26752,26752,27080,21440
4797,0,8026,22244,22244,23078,23554
4798,0,7491,16894,16894,15106,16517
4799,0,13519,18242,18242,16882,21685
4800,6,701,18840,19698,23992,20227
4801,0,3180,21594,21594,21599,21593
4802,14,6623,23395,27511,26473,19242
4803,0,3773,24502,24502,23859,21897
4804,2,10520,19206,17319,17323,19206
4805,1,334,15354,15352,15354,15371
4806,0,13641,22320,22320,20256,22464
4807,0,13202,23713,23713,26838,26609
4808,0,14633,17135,17135,19555,17133
4809,4,10296,26982,27628,23247,27082
4810,0,6581,15526,15526,15527,26645
4811,0,8499,15499,15499,19091,15391
4812,0,2517,15681,15681,21886,24302
4813,5,3402,27299,27303,27296,27297
4814,118,14086,26796,27122,24043,23567
4815,4,688,22297,17346,17369,22294
4816,0,10954,16887,16887,16898,18439
4817,0,10394,23738,23738,23818,25071
4818,0,2964,23403,23403,25572,24418
4819,0,4083,19612,19612,24212,21358
4820,0,12854,19838,19838,17208,18425
4821,3,2733,26863,26189,27207,27558
4822,1,7706,23975,15591,23975,16214
4823,0,8908,16153,16153,22811,17018
4824,2,13972,19141,17409,26521,19141
4825,0,13518,17415,17415,20346,21073
4826,20,12473,16616,18694,18435,18887
4827,17,6007,27512,18861,26237,26665
4828,0,13936,18890,18890,21185,21186
4829,1,7884,17834,16873,17834,16874
4830,0,12414,18933,18933,19481,16303
4831,12,8755,19772,21319,21308,21313
4832,0,6248,19054,19054,22515,21973
4833,0,9419,25391,25391,17709,17708
4834,3,999,14973,14951,15234,19324
4835,0,413,23133,23133,20166,27318
4836,3,4859,24714,24444,27685,24440
4837,0,4929,15633,15633,18077,17381
4838,0,2085,15731,15731,17115,24803
4839,121,3345,25799,24398,24511,25101
4840,0,5794,26290,26290,27205,27124
4841,0,11881,18894,18894,21924,25659
4842,0,10407,18775,18775,23468,23189
4843,18,11614,26660,24346,25787,25233
4844,75,3912,22138,22013,22053,26850
4845,0,3200,16814,16814,16816,16815
4846,0,9069,24373,24373,18436,26257
4847,0,13416,23159,23159,21975,18040
4848,12,9814,20981,26469,23788,24609
4849,1,1314,15237,18887,15237,16468
4850,0,9694,23561,23561,24418,19040
4851,0,502,22259,22259,22261,21880
4852,0,8391,19548,19548,23234,23235
4853,0,10048,21832,21832,25454,26232
4854,3,13937,20679,20678,20683,20551
4855,0,4186,17730,17730,20684,20663
4856,0,14768,18685,18685,20271,20315
4857,0,5346,16683,16683,15564,16322
4858,0,2629,22313,22313,26724,24714
4859,41,8706,23899,19333,19331,19598
4860,0,7309,25796,25796,23918,26564
4861,0,9743,19618,19618,16042,15335
4862,12,7517,25432,15258,15259,25510
4863,0,6311,16335,16335,15566,18625
4864,0,10334,18261,18261,22091,22849
4865,1,13668,19946,19930,19946,16350
4866,0,14179,18536,18536,17873,26397
4867,0,9583,23688,23688,23689,21444
4868,0,8268,22891,22891,18106,20571
4869,1,10116,20481,26008,20481,23575
4870,0,2530,17535,17535,21060,18259
4871,0,2541,19900,19900,15468,18570
4872,0,1408,27547,27547,27548,26515
4873,0,5674,19161,19161,19160,18421
4874,0,12441,16964,16964,15386,16759
4875,0,2555,17385,17385,17386,15216
4876,2,3658,22976,23452,17291,22976
4877,10,13932,22285,22729,22749,22728
4878,0,10210,24423,24423,18861,23391
4879,0,7062,25837,25837,26647,19527
4880,0,981,15750,15750,17649,20701
4881,0,6102,22622,22622,27455,24621
4882,0,2287,22703,22703,22698,15218
4883,0,7054,24234,24234,25856,25474
4884,2,11399,15155,17355,21644,15155
4885,0,11674,25917,25917,26796,18620
4886,0,9913,26046,26046,26041,25818
4887,0,8839,18579,18579,27168,18408
4888,0,11367,25180,25180,24380,24112
4889,0,723,24716,24716,23476,24396
4890,0,10443,22916,22916,21003,17827
4891,0,11541,16725,16725,22054,16002
4892,0,64,22474,22474,26469,23788
4893,0,3897,16462,16462,17953,21294
4894,0,155,18556,18556,18566,18552
4895,2,10340,22091,21527,21689,22091
4896,0,1042,24585,24585,27572,24580
4897,3,3517,23514,16864,23509,16138
4898,0,11679,18208,18208,23453,18524
4899,0,3737,16528,16528,17016,16153
4900,0,4459,20394,20394,22177,20467
4901,0,4704,15493,15493,16269,16111
4902,23,7904,23891,22268,24669,16068
4903,0,5567,22604,22604,24054,26835
4904,0,10263,18784,18784,16571,16304
4905,538,14895,22656,17346,18877,16165
4906,0,9702,16531,16531,15501,16766
4907,0,9369,24470,24470,22673,26120
4908,0,14192,20015,20015,23869,16687
4909,0,14842,22969,22969,23210,18040
4910,258,13269,25561,24467,16068,19776
4911,0,4801,23096,23096,26539,25186
4912,0,6167,15992,15992,16003,16002
4913,3,11220,27380,18602,27334,25364
4914,1,6589,15149,15653,15149,17367
4915,259,12370,25525,25093,25237,25359
4916,0,5779,17996,17996,17995,17892
4917,192,10622,15625,16048,15164,23306
4918,0,971,16242,16242,16838,22219
4919,0,1352,26071,26071,24351,26210
4920,0,5682,15179,15179,15368,16469
4921,0,516,25167,25167,18720,23738
4922,0,12462,25140,25140,24573,25274
4923,0,7539,19874,19874,18793,20130
4924,0,1976,18380,18380,21290,15547
4925,0,5965,24102,24102,18090,20461
4926,0,13815,16349,16349,16350,17086
4927,0,602,24326,24326,27082,26742
4928,0,10481,16374,16374,15012,20534
4929,0,6998,16205,16205,15895,25360
4930,140,14777,19588,19357,27782,25754
4931,0,7139,27178,27178,27442,27561
4932,0,12144,25959,25959,24333,26796
4933,0,13541,24418,24418,22496,27010
4934,2,4835,25535,25541,25543,25535
4935,0,13777,17633,17633,22594,22987
4936,0,8483,22056,22056,21010,24669
4937,0,4973,19204,19204,22911,16569
4938,0,7931,19750,19750,17750,20352
4939,0,12501,20280,20280,15269,15268
4940,0,1012,27108,27108,24877,25051
4941,2,12781,26838,18053,26963,26838
4942,0,7483,24775,24775,24767,24773
4943,0,10405,23793,23793,18185,20977
4944,0,8454,18882,18882,16514,17417
4945,1,4307,20266,20226,20266,20345
4946,1,12123,27066,24945,27066,25654
4947,0,7691,16444,16444,16441,22572
4948,0,7938,18662,18662,22733,22253
4949,1,7069,22571,26446,22571,18812
4950,0,4053,18228,18228,18229,18227
4951,0,1643,20961,20961,16123,18005
4952,1,2059,20465,15481,20465,19557
4953,145,11028,24049,18765,21882,20562
4954,0,10335,21259,21259,21789,21412
4955,5,10190,27090,27082,24087,26742
4956,81,7124,26345,23262,27560,24511
4957,169,2776,24983,23958,27128,26624
4958,411,4866,25191,25430,23575,25787
4959,0,4839,19733,19733,19608,16093
4960,2,4007,26064,17848,19821,26064
4961,0,11156,24717,24717,20045,25237
4962,0,6943,17958,17958,22454,20172
4963,0,4832,23673,23673,23443,24812
4964,0,409,19088,19088,21139,16306
4965,0,6834,18360,18360,17485,27274
4966,10,1995,19481,19364,18933,20681
4967,0,9889,15056,15056,24411,26959
4968,0,12992,24913,24913,15448,15452
4969,0,12383,19307,19307,22235,23579
4970,0,12361,20151,20151,20135,24858
4971,1,97,22153,22152,22153,21922
4972,0,5405,15699,15699,18171,17606
4973,0,9781,19718,19718,15795,16388
4974,0,12236,19328,19328,16166,21141
4975,0,8253,26013,26013,26012,22473
4976,1,12612,16356,16357,16356,15115
4977,0,6750,21564,21564,19354,17403
4978,0,2909,21199,21199,21198,17968
4979,0,13297,17530,17530,23563,19593
4980,0,674,16441,16441,25243,16443
4981,1,14511,22680,20258,22680,24589
4982,97,6080,25716,18656,22602,22083
4983,13,7182,24411,18250,15632,20160
4984,0,6459,15749,15749,20632,20643
4985,0,2907,15104,15104,20066,16278
4986,49,5315,23763,25167,19527,21638
4987,0,10853,15462,15462,17362,22492
4988,0,10548,19960,19960,20568,15880
4989,119,4536,23350,20914,18413,23742
4990,0,12204,17011,17011,17008,17812
4991,430,220,25507,27475,19326,17557
4992,0,6046,26165,26165,18669,25930
4993,0,2217,16918,16918,19982,24090
4994,12,2426,18499,18270,22059,16618
4995,0,12124,18110,18110,19877,18917
4996,1,12048,25412,23076,25412,23640
4997,0,11840,19150,19150,15958,19131
4998,0,11210,27225,27225,26523,15696
4999,0,5370,23207,23207,22189,22078
5000,0,2405,18167,18167,17333,16913
5001,1,8857,25655,25652,25655,27476
5002,0,12557,24630,24630,26965,23963
5003,0,12250,26647,26647,25837,25430
5004,0,9003,17971,17971,24603,17973
5005,12,12588,26669,25679,25702,26107
5006,1,7888,19469,18996,19469,15509
5007,1,7026,17473,15474,17473,15472
5008,0,298,19769,19769,15795,19718
5009,29,836,26804,20209,26477,17479
5010,0,6964,25186,25186,27369,27602
5011,0,3323,21668,21668,24480,15307
5012,0,883,18207,18207,20753,15832
5013,0,7809,22075,22075,21580,17807
5014,0,5959,27448,27448,24502,19988
5015,0,8587,27131,27131,27405,27318
5016,0,2054,20464,20464,19557,20465
5017,0,11720,27211,27211,15317,17761
5018,0,5974,26236,26236,25378,26012
5019,0,5447,25629,25629,20167,26786
5020,1,13771,15451,27373,15451,21287
5021,0,7161,24135,24135,26270,26930
5022,0,8308,25865,25865,21377,25687
5023,0,13376,18266,18266,18265,18223
5024,0,14623,15110,15110,15111,17098
5025,403,13236,19219,20593,19324,25033
5026,0,8017,21974,21974,19736,22571
5027,0,8826,23537,23537,19921,22527
5028,0,89,15366,15366,15265,15120
5029,0,3216,15971,15971,21517,23420
5030,0,3856,25242,25242,27095,25517
5031,0,7786,26965,26965,27498,24877
5032,0,9540,15553,15553,16242,24819
5033,0,13536,20552,20552,20553,20021
5034,1,1807,27523,26314,27523,20449
5035,2,11535,22995,25962,21452,22995
5036,0,7915,22152,22152,26158,19007
5037,5,2834,26624,25920,26567,24745
5038,0,13557,17853,17853,16990,16110
5039,0,11821,24026,24026,24571,20110
5040,0,10812,19918,19918,19919,18964
5041,0,3346,22014,22014,21812,23686
5042,0,472,15159,15159,16857,16919
5043,2,4127,21948,25589,21944,21948
5044,6,12273,23254,24234,25856,20233
5045,1,2640,14956,20407,14956,18881
5046,1,8114,22539,25004,22539,22372
5047,0,5337,22962,22962,21426,18794
5048,1,9686,19701,21815,19701,24589
5049,1,7804,16439,16438,16439,15825
5050,4,13132,19493,25183,21841,19491
5051,0,3514,23445,23445,22307,22262
5052,4,4274,22378,26452,24816,15559
5053,0,640,23626,23626,24776,24773
5054,0,10118,17464,17464,20497,15005
5055,10,8686,22450,20305,20303,20300
5056,0,14678,18273,18273,17222,18905
5057,0,3393,24249,24249,15135,21762
5058,0,4329,25038,25038,23991,23592
5059,11,855,27422,24741,27098,24918
5060,0,5475,24965,24965,21452,27641
5061,0,1764,19861,19861,20537,21902
5062,0,433,17194,17194,17286,21097
5063,0,1496,25035,25035,23646,24426
5064,1023,9855,24590,23513,17349,24919
5065,1,8947,21307,21309,21307,18289
5066,0,11165,16323,16323,16322,16683
5067,0,6062,22023,22023,22498,22024
5068,0,12093,18290,18290,21313,16908
5069,0,4106,19603,19603,19054,19926
5070,0,2419,16785,16785,18305,22882
5071,0,13274,27201,27201,26906,22626
5072,0,753,16668,16668,16918,18761
5073,0,5440,23977,23977,19905,23368
5074,0,13296,18629,18629,18449,15056
5075,0,3917,27192,27192,26984,24779
5076,0,1058,26061,26061,21781,23313
5077,0,13747,25218,25218,27601,21003
5078,0,6186,16622,16622,22750,24429
5079,0,12858,26992,26992,27018,19046
5080,6,14441,23615,17020,25716,27731
5081,0,13592,18820,18820,17890,16960
5082,0,3272,22418,22418,25365,17437
5083,9,4569,23966,18297,18761,23080
5084,0,13281,17379,17379,17034,17033
5085,33,8269,20003,25214,24747,23306
5086,0,13843,25170,25170,19011,21194
5087,0,7438,26726,26726,26933,27046
5088,0,12311,25760,25760,24433,25190
5089,3192,174,25339,24472,25459,23279
5090,333,11837,24801,25233,26891,24346
5091,2,1978,25195,22974,22013,25195
5092,0,6123,16488,16488,22136,15490
5093,1,4508,19147,21270,19147,16400
5094,0,2842,27327,27327,23958,24621
5095,0,5907,18254,18254,15453,22562
5096,0,2898,27465,27465,23133,27422
5097,0,4829,18570,18570,17662,19900
5098,33,4004,25755,22281,19901,17979
5099,0,5105,16238,16238,16160,16159
5100,0,1761,24574,24574,26395,23974
5101,0,4667,18998,18998,18931,15057
5102,0,13776,21412,21412,18399,16967
5103,0,8916,22637,22637,18635,23766
5104,0,1321,24721,24721,24552,26206
5105,0,12389,14962,14962,19326,15160
5106,0,6054,24699,24699,23650,21125
5107,0,9506,16013,16013,16021,16015
5108,0,8714,27014,27014,26184,26341
5109,0,5587,22800,22800,21654,19204
5110,0,2150,27190,27190,25224,27574
5111,0,13636,15907,15907,15906,15741
5112,0,7961,20181,20181,20182,20179
5113,0,12261,17724,17724,16906,18241
5114,0,4722,27598,27598,23229,22960
5115,0,2445,16606,16606,17929,16610
5116,0,12457,23239,23239,22572,18727
5117,0,8792,20273,20273,20345,20226
5118,22,565,23413,15996,19433,17028
5119,0,8376,21490,21490,18717,21236
5120,0,5968,18115,18115,17859,22155
5121,3,14634,15092,15091,27289,19967
5122,433,1598,16265,15996,19433,17643
5123,0,12907,15928,15928,15926,18751
5124,9,5401,26143,27565,19689,19716
5125,133,4847,23127,23221,24523,17291
5126,27,223,15131,14951,19324,15905
5127,0,668,23393,23393,16089,23121
5128,0,8349,21780,21780,16979,21737
5129,0,8905,19173,19173,18367,16649
5130,0,9017,17283,17283,16017,20641
5131,1,7207,20702,19066,20702,20701
5132,2,13415,23499,23500,16849,23499
5133,2,11008,18041,24378,17854,18041
5134,0,7192,17047,17047,25349,19652
5135,0,11514,27025,27025,26131,24975
5136,762,14764,25668,17672,27747,21988
5137,8,12598,23381,27164,18452,19784
5138,0,4632,17303,17303,20613,17306
5139,0,3824,16325,16325,16830,16818
5140,0,8695,18281,18281,26415,24802
5141,7,2602,20724,20085,20088,20087
5142,45,11334,20470,18915,17335,17643
5143,0,6866,17659,17659,23092,20411
5144,0,5469,27121,27121,21621,26541
5145,0,12103,22273,22273,16971,24744
5146,0,5061,15364,15364,18283,18761
5147,0,7506,24456,24456,21295,20969
5148,0,2693,17398,17398,16233,16165
5149,1,9010,25977,22275,25977,23089
5150,3,4949,16227,19027,15103,16533
5151,353,9044,27430,27296,27300,27297
5152,1,2579,18449,22833,18449,18629
5153,96,7114,18247,21807,17720,17288
5154,0,7858,21717,21717,19613,24143
5155,0,7225,19969,19969,21188,21181
5156,0,14559,24977,24977,23592,17060
5157,2,12433,22024,24242,21290,22024
5158,0,7941,17976,17976,23380,26877
5159,0,2575,22902,22902,17865,27612
5160,0,1605,18304,18304,23707,15533
5161,16,3447,17541,18988,25751,21735
5162,3160,2297,27479,26153,27659,27457
5163,0,14052,26915,26915,27127,18626
5164,5,9370,24081,24210,24468,24067
5165,2,7130,19466,17595,15018,19466
5166,5,13300,19981,21975,15776,18327
5167,0,11665,26791,26791,25563,19913
5168,0,8476,16799,16799,19156,19233
5169,0,6002,18309,18309,18308,23759
5170,0,3275,25235,25235,26527,26526
5171,0,1642,27270,27270,23958,27085
5172,0,6930,17323,17323,17319,16909
5173,0,4570,22778,22778,22780,24422
5174,32,9739,27744,24670,17108,22281
5175,216,4734,27510,25915,25553,20995
5176,0,4182,22048,22048,17186,15487
5177,2,12989,20125,19082,19081,20125
5178,0,12027,15074,15074,21748,26959
5179,0,3416,19168,19168,23689,23688
5180,0,1822,16504,16504,16145,15474
5181,0,4825,18724,18724,18700,18003
5182,0,5923,22492,22492,23325,24858
5183,0,11020,15617,15617,15651,22953
5184,5,138,15443,14999,27736,15070
5185,0,6197,18342,18342,18344,25373
5186,48,1802,17484,14951,25033,23589
5187,0,2346,24266,24266,18677,27488
5188,0,13199,18153,18153,24864,18152
5189,4,13649,20632,20631,15525,20643
5190,0,8630,24141,24141,24140,19005
5191,0,3686,24608,24608,24610,16234
5192,1,11430,25178,25804,25178,26938
5193,6,2590,17059,24208,22882,27041
5194,0,10742,27102,27102,18020,18022
5195,0,4480,24917,24917,19046,26992
5196,0,8412,26573,26573,26214,25992
5197,54,10907,17375,26461,20005,17071
5198,0,5053,24511,24511,22773,25442
5199,0,9912,21893,21893,15116,19571
5200,10,12829,25173,21671,22038,23914
5201,93,12506,23890,19071,20568,20759
5202,2,5668,25594,22726,17291,25594
5203,1,11636,25427,23091,25427,23695
5204,0,7460,21634,21634,24340,21637
5205,64,6900,20968,22515,20269,24215
5206,0,6259,16998,16998,18215,20080
5207,0,7996,16515,16515,18364,16511
5208,0,9118,18576,18576,16617,16618
5209,0,1896,18931,18931,17147,15057
5210,0,3858,27341,27341,26383,24810
5211,0,13137,26857,26857,15421,27514
5212,0,14741,15788,15788,27388,25431
5213,0,2306,21958,21958,26916,23904
5214,0,7238,19652,19652,15070,24169
5215,178,9011,23969,21765,19567,18792
5216,2101,14544,18170,15097,23572,16712
5217,7,13033,22497,27148,24251,23607
5218,0,2997,24342,24342,23214,23467
5219,0,11830,17706,17706,23881,17707
5220,1,14297,27264,25676,27264,27172
5221,0,2420,21095,21095,24087,24326
5222,0,9684,26063,26063,26064,17848
5223,9,13159,24468,24210,18511,23991
5224,0,7461,18594,18594,15657,18595
5225,0,5292,18679,18679,17995,21930
5226,0,11734,20088,20088,20085,19822
5227,9,10109,27243,25598,26605,27233
5228,2,13406,18515,24786,25668,18515
5229,0,6556,26775,26775,24202,25674
5230,16,6913,21295,17640,17634,15435
5231,0,1295,22823,22823,27188,17702
5232,1,3730,22312,22309,22312,22310
5233,0,8015,15996,15996,18125,15481
5234,3,2452,24555,21521,22990,24199
5235,0,1824,22592,22592,19812,24414
5236,0,14171,18624,18624,19594,22197
5237,0,5145,21458,21458,21375,24328
5238,31,11110,16754,17844,21977,17707
5239,17,6747,15456,24762,19989,24747
5240,0,6847,21467,21467,20949,21800
5241,3,65,27197,27271,27320,27736
5242,0,4430,25299,25299,27356,20115
5243,0,5659,15407,15407,15403,15395
5244,2,8952,25758,24224,19026,25758
5245,0,5538,26897,26897,26092,22773
5246,0,1087,20044,20044,22235,23239
5247,0,7616,27477,27477,26813,18178
5248,0,6854,20256,20256,16773,19338
5249,0,5819,25046,25046,21357,22449
5250,0,252,27126,27126,25968,25411
5251,0,9184,18953,18953,21737,19668
5252,0,9164,21129,21129,21974,21870
5253,18,10102,20484,19946,25881,15023
5254,0,1243,27004,27004,25458,16445
5255,0,132,20409,20409,20891,19206
5256,20,7274,20999,22626,22627,22628
5257,0,5385,27475,27475,15130,16065
5258,0,4545,15747,15747,17547,22648
5259,0,1897,24787,24787,18721,25524
5260,0,11413,21873,21873,21874,21876
5261,15,14310,20223,20597,15536,18986
5262,0,6933,16072,16072,21017,26635
5263,0,10915,23646,23646,23366,22550
5264,0,4594,22997,22997,15871,22911
5265,0,1867,24552,24552,26200,25596
5266,0,13602,19098,19098,27565,25431
5267,0,864,17792,17792,16520,25504
5268,0,7427,20231,20231,19663,19873
5269,0,9433,21751,21751,25688,15263
5270,0,6106,26075,26075,26081,26083
5271,0,3173,27010,27010,23091,19474
5272,0,7816,18283,18283,18761,18762
5273,0,4455,27710,27710,15509,16742
5274,0,9572,23095,23095,24488,24936
5275,0,1756,21241,21241,17060,21283
5276,3,12022,17762,16864,20496,15102
5277,0,7670,17082,17082,23061,23979
5278,0,4679,25304,25304,23954,18531
5279,0,1201,25050,25050,24737,24312
5280,1,14292,19516,20633,19516,21173
5281,1,1508,15130,14951,15130,15102
5282,1067,14776,27122,23620,17147,15058
5283,0,6794,25501,25501,25288,24144
5284,0,908,19812,19812,20532,25962
5285,33,9577,25303,23299,20910,27345
5286,12,617,17248,18348,15429,22281
5287,48,14701,25089,16480,22318,27532
5288,1,13698,24389,24711,24389,23026
5289,0,8734,23204,23204,24011,23584
5290,932,12928,23734,21097,20609,19684
5291,0,1527,21636,21636,25052,26248
5292,0,9400,16893,16893,21731,21807
5293,14,12545,20910,23078,23590,19654
5294,0,11498,22473,22473,26899,26013
5295,5,8445,27657,27045,27670,27659
5296,0,2261,18587,18587,16819,21113
5297,0,14139,21840,21840,19217,24029
5298,0,7974,21903,21903,17742,25383
5299,57,2024,17807,22958,16997,20980
5300,0,635,15171,15171,21646,14955
5301,2,6608,17949,22378,15877,17949
5302,3,5513,23356,19919,17010,18964
5303,0,6392,18793,18793,25942,24934
5304,464,14122,22652,22023,20548,25951
5305,41,6895,20575,22054,22063,24519
5306,259,11057,25627,26019,23651,23640
5307,2,11050,19994,24747,23258,19994
5308,0,270,24901,24901,23262,24163
5309,0,4922,22876,22876,25965,26327
5310,13,7245,22389,18989,24820,24164
5311,0,4245,17801,17801,15705,15479
5312,53,8877,25115,25233,24346,26891
5313,2,10096,26395,26178,26871,26395
5314,27,8250,18511,23079,24476,18421
5315,273,1388,15577,22719,25779,25510
5316,0,8859,16109,16109,17263,22065
5317,0,9348,26544,26544,21375,25500
5318,0,6817,19171,19171,24440,22505
5319,0,9031,22661,22661,25888,23293
5320,0,9078,23475,23475,19182,25516
5321,0,6879,22390,22390,23963,18608
5322,1,4936,22366,21593,22366,20982
5323,0,9222,21797,21797,22454,15723
5324,0,2995,21176,21176,20393,20388
5325,0,5343,15410,15410,16314,16313
5326,0,12646,18939,18939,18940,18946
5327,14,12345,26874,22450,21906,18745
5328,32,656,27756,19005,18269,24141
5329,0,11390,22970,22970,21514,19108
5330,0,10419,23472,23472,23337,21389
5331,0,9051,23300,23300,17126,18687
5332,0,4497,20605,20605,20604,18936
5333,1,4437,19303,22878,19303,23396
5334,0,12310,22224,22224,24457,22223
5335,84,6138,24308,20415,27475,26170
5336,21,2836,21843,21466,25824,21470
5337,0,6767,21399,21399,15161,20654
5338,0,8690,24575,24575,24574,23096
5339,0,2561,16303,16303,19483,19481
5340,0,9705,25564,25564,21475,24781
5341,0,9658,26121,26121,27000,23629
5342,0,4665,27046,27046,26933,26726
5343,0,6540,19845,19845,21249,15547
5344,24,8094,22797,16260,18579,20891
5345,150,3521,15185,14951,18050,19324
5346,0,5692,20731,20731,26735,19699
5347,0,12054,16313,16313,16226,15103
5348,0,10665,24924,24924,25611,25076
5349,1737,10679,27323,25173,23058,24517
5350,0,10945,17655,17655,25512,26874
5351,0,1545,21793,21793,16096,17023
5352,0,2566,26922,26922,26762,16671
5353,0,885,19361,19361,27546,21435
5354,0,2235,27608,27608,21429,25847
5355,0,6411,24736,24736,17563,25760
5356,0,13501,17709,17709,25391,18450
5357,5,12344,23079,23026,23489,25190
5358,0,2439,19796,19796,18879,16843
5359,0,2545,26834,26834,18184,27035
5360,31,11675,17463,16196,16194,17953
5361,0,2180,23494,23494,26541,19303
5362,4,2222,22388,22389,22172,25678
5363,312,4151,27399,26232,27387,26631
5364,0,10153,18011,18011,17172,17445
5365,0,3142,24731,24731,25361,23884
5366,0,1492,17227,17227,17096,15108
5367,0,9431,24034,24034,17437,21074
5368,79,3979,24519,24324,23272,21865
5369,0,14372,16022,16022,16021,16013
5370,0,920,15518,15518,21290,24242
5371,97,8140,17711,19049,19051,24494
5372,0,10286,23103,23103,23105,24564
5373,4,3019,21830,26152,25696,25561
5374,4,1040,23946,23947,23941,23945
5375,5,2114,17595,15146,15147,15253
5376,1,7692,18566,21753,18566,16843
5377,0,903,20419,20419,20420,20418
5378,0,595,21006,21006,21843,20532
5379,13,6628,27194,25927,26823,25925
5380,3,7076,27738,23366,27737,27788
5381,0,10448,18670,18670,20076,18706
5382,4,3127,26548,23396,19303,22878
5383,9,5381,23113,23286,21148,27041
5384,0,5388,23352,23352,20201,20927
5385,0,269,17405,17405,26051,26877
5386,3,2167,24505,24314,21574,26567
5387,0,9008,17334,17334,18128,19600
5388,2,4740,19207,21308,19059,19207
5389,0,9439,17320,17320,19309,21646
5390,18,12026,23620,27122,26855,26132
5391,0,3694,21148,21148,18886,27041
5392,0,184,20311,20311,22563,20312
5393,0,1101,24609,24609,24610,26469
5394,0,7864,16432,16432,16430,17363
5395,0,12101,17349,17349,23513,24919
5396,3,11025,16264,19173,18367,17567
5397,5,11483,26183,26552,26808,23248
5398,0,14787,21505,21505,22075,26097
5399,7,1597,17643,17028,17801,18915
5400,59,9773,25578,16088,16087,16076
5401,0,2271,17640,17640,17979,19799
5402,0,7111,19665,19665,25685,26143
5403,0,4554,24788,24788,19253,18989
5404,0,3705,18343,18343,19251,19253
5405,0,8641,19682,19682,22192,17067
5406,2,3425,18289,21309,16896,18289
5407,0,9416,19584,19584,19585,25732
5408,47,4530,18014,26452,22378,19933
5409,48,13446,20630,20645,19483,20640
5410,1,11299,24301,27192,24301,27506
5411,0,5845,20126,20126,19978,24853
5412,0,2342,25349,25349,15693,26458
5413,231,6136,27445,24847,24621,27011
5414,0,6833,18229,18229,18228,19684
5415,0,309,22720,22720,27327,20866
5416,2,4206,22878,23396,19303,22878
5417,0,8592,27520,27520,26951,25471
5418,1,13687,17612,17606,17612,16347
5419,0,4634,18404,18404,18403,19609
5420,4,6029,19967,15849,15854,17145
5421,0,10265,23979,23979,27448,24376
5422,0,7847,17742,17742,23090,25190
5423,1,14821,18643,22744,18643,16780
5424,1,13600,16760,18015,16760,18320
5425,0,7578,24048,24048,24621,18793
5426,0,6192,22517,22517,20352,15823
5427,0,5690,26192,26192,26158,26502
5428,0,4736,15591,15591,16298,16045
5429,46,14922,27708,23588,27545,16662
5430,0,5325,24856,24856,19701,25915
5431,0,6957,16733,16733,18682,16132
5432,0,13928,23700,23700,15217,22375
5433,0,11943,19275,19275,15734,17480
5434,4,12908,24914,26246,25525,25052
5435,0,4592,21638,21638,25111,18720
5436,0,6292,17973,17973,23144,18304
5437,0,4771,18202,18202,23920,21481
5438,2,13336,24237,24235,19670,24237
5439,0,2343,21606,21606,21857,16540
5440,0,3074,26380,26380,22037,21053
5441,0,11950,23231,23231,15794,25367
5442,4,6404,24324,22811,20577,16153
5443,0,2687,19592,19592,21275,16130
5444,0,5561,18656,18656,24218,16588
5445,0,5728,22478,22478,24312,24737
5446,0,9691,26631,26631,27331,27599
5447,0,13750,18060,18060,22329,15593
5448,0,11927,22848,22848,18668,23637
5449,0,6360,20807,20807,20861,20869
5450,0,12349,24011,24011,23204,23188
5451,0,13516,17295,17295,18213,19053
5452,134,7608,25808,25233,26891,24346
5453,39,14381,23457,25089,23043,22653
5454,0,5005,20883,20883,27215,21299
5455,3,12743,26589,16040,16629,14997
5456,0,11977,20022,20022,17601,15491
5457,0,11258,24633,24633,25300,25796
5458,0,6721,21978,21978,15565,15571
5459,1,5254,22769,27211,22769,20049
5460,12,6327,25222,25704,26023,17361
5461,1,10161,24744,24731,24744,24630
5462,0,8763,26786,26786,25726,27577
5463,3,927,20772,20777,20770,19521
5464,0,5676,18146,18146,24460,24091
5465,0,6198,20057,20057,21382,21335
5466,2,1326,21949,22172,19948,21949
5467,0,7745,25012,25012,25267,26548
5468,0,8944,27124,27124,26137,27205
5469,0,14318,19033,19033,19386,19446
5470,0,9393,17768,17768,16655,17260
5471,0,9097,18448,18448,21141,22999
5472,0,7654,24580,24580,23990,27572
5473,0,4032,25210,25210,20076,24202
5474,0,293,23481,23481,19277,21720
5475,1,986,15386,16354,15386,14991
5476,0,1639,22406,22406,15877,17949
5477,0,6931,16909,16909,17323,17319
5478,1,10425,17172,18011,17172,20567
5479,0,7055,26289,26289,19699,16254
5480,12,10856,24477,23537,23694,25970
5481,0,12166,18063,18063,18512,16569
5482,0,7650,16506,16506,15156,22458
5483,0,2368,19250,19250,21886,18811
5484,1,10114,16648,27168,16648,17523
5485,3,2843,15423,17952,15095,16276
5486,1,12947,23301,25863,23301,25522
5487,49,2483,26590,19933,24816,24815
5488,0,8698,15003,15003,21098,20500
5489,3,2770,23169,15902,15085,17672
5490,0,13850,21275,21275,15800,17833
5491,2,7188,24768,24773,24776,24768
5492,1,6373,16540,17719,16540,17718
5493,0,5386,16065,16065,15771,16794
5494,0,5295,15177,15177,20314,17023
5495,0,13542,21108,21108,21399,21201
5496,1,14704,24786,22656,24786,18514
5497,0,8169,19164,19164,15942,21357
5498,0,10903,20848,20848,21198,14961
5499,3,13980,26891,24472,25947,25278
5500,69,3199,21598,17801,15705,15479
5501,36,14684,23614,26522,27173,20015
5502,0,7063,23399,23399,24537,26544
5503,0,12815,18626,18626,21499,22737
5504,0,13971,23387,23387,23723,23388
5505,0,12117,23336,23336,23339,17905
5506,24,2863,19785,15023,26886,27382
5507,2,12644,17954,17957,19508,17954
5508,6,9895,27045,27659,27457,26153
5509,275,10873,18337,20004,25581,19934
5510,0,13311,23526,23526,25000,20470
5511,0,6527,24095,24095,24096,24822
5512,0,8014,20855,20855,20400,23744
5513,146,834,27504,23958,24621,18793
5514,0,9157,27527,27527,27101,27272
5515,1,10715,24354,24352,24354,24353
5516,0,8150,20747,20747,20755,20740
5517,0,96,15241,15241,27182,16852
5518,412,10545,25803,22684,18101,23184
5519,1,120,27271,27320,27271,27197
5520,0,2142,20669,20669,18781,20659
5521,2,8125,14976,15400,15403,14976
5522,0,1400,25196,25196,26901,26508
5523,0,8985,18508,18508,22040,18991
5524,154,281,23248,21618,21609,25041
5525,0,8954,25820,25820,25970,21439
5526,0,5617,16042,16042,19618,15335
5527,1456,14830,19071,25828,25716,18619
5528,0,6873,22235,22235,23579,25749
5529,0,8504,15141,15141,15140,17543
5530,10,9981,25015,24317,20135,20571
5531,0,2214,17413,17413,18239,22958
5532,0,13130,16635,16635,17097,20467
5533,97,1223,25134,27527,25687,27101
5534,0,5905,26913,26913,26914,23070
5535,1,3640,21788,26643,21788,26622
5536,3,13859,17925,17920,26097,26193
5537,1,5781,18454,21117,18454,20772
5538,0,13781,15042,15042,15041,16289
5539,0,45,19658,19658,21886,25244
5540,0,7370,25956,25956,26369,26482
5541,492,7101,18212,15508,17887,15731
5542,0,7468,26813,26813,18178,27477
5543,2,1323,16962,15179,15368,16962
5544,0,10503,24864,24864,24224,23575
5545,0,8385,21813,21813,24434,24936
5546,0,2786,24896,24896,24894,25344
5547,2,13082,22573,20973,22659,22573
5548,0,4201,15956,15956,19396,21920
5549,0,12155,24857,24857,23998,21988
5550,0,4358,15920,15920,16050,16469
5551,6,1237,18043,16898,15106,16517
5552,2,1670,19042,17398,20316,19042
5553,0,10435,22758,22758,25749,24900
5554,0,8133,21167,21167,21166,18030
5555,31,3033,20162,22712,24117,22713
5556,544,9513,26267,22204,25522,24723
5557,0,11481,16777,16777,15408,17564
5558,6,8648,24108,20969,16742,19848
5559,0,11046,23551,23551,21972,23542
5560,0,9173,15544,15544,18283,16360
5561,660,14849,18402,21598,25553,22498
5562,0,2987,23581,23581,16095,15544
5563,99,9670,16292,16442,23116,19891
5564,16,2611,21570,22597,22013,24378
5565,19,6715,26757,26915,26623,24975
5566,0,5966,22856,22856,22514,16673
5567,0,6949,18019,18019,14991,14999
5568,0,9446,25166,25166,25929,26331
5569,0,921,20941,20941,21724,22995
5570,1,421,27537,27595,27537,26532
5571,0,2775,22160,22160,26220,15727
5572,14,6277,26664,25927,26586,25925
5573,1,488,23331,22119,23331,22339
5574,1,10706,24174,24698,24174,24957
5575,0,4970,22489,22489,19547,21111
5576,0,8702,26725,26725,20115,25299
5577,1,966,19831,20134,19831,24787
5578,0,3663,14991,14991,14999,18280
5579,0,742,25638,25638,26724,27424
5580,0,8922,16727,16727,16325,15614
5581,0,13854,21977,21977,17844,23886
5582,0,6041,17021,17021,20974,18667
5583,0,7831,23618,23618,25747,23616
5584,1,1422,25441,25143,25441,22959
5585,0,7178,26539,26539,27484,24562
5586,0,4851,23031,23031,20610,22074
5587,0,2374,24932,24932,22710,21704
5588,14,6534,18277,16468,27763,27764
5589,5,10470,23582,18887,25881,18694
5590,0,13527,26942,26942,15257,16629
5591,0,3434,17440,17440,22172,24133
5592,0,2469,15560,15560,18605,23637
5593,1,8615,15895,20843,15895,19072
5594,0,8291,23370,23370,25742,24422
5595,0,12720,23251,23251,27509,18760
5596,1,10864,24554,24447,24554,26414
5597,1,1371,24232,23579,24232,19349
5598,0,10883,24168,24168,26517,26256
5599,0,2001,21225,21225,18504,20589
5600,0,6087,18079,18079,20013,18961
5601,0,11607,22587,22587,22052,23615
5602,0,7003,25117,25117,26505,26771
5603,0,9754,26400,26400,25856,21989
5604,37,7508,27132,23393,16089,19652
5605,0,11468,16074,16074,23976,23707
5606,7,11553,23318,18321,15679,18320
5607,0,3117,24923,24923,22402,24374
5608,159,3778,22798,16898,22797,16797
5609,0,4525,18738,18738,25598,18676
5610,8,9557,26163,26132,26399,27024
5611,0,6398,19881,19881,27546,23874
5612,0,11716,23089,23089,27145,23593
5613,0,2720,26451,26451,26452,23851
5614,0,4857,17760,17760,19795,21737
5615,0,12245,18331,18331,17531,27210
5616,0,9376,21998,21998,21999,20553
5617,1,2299,21765,16133,21765,19698
5618,0,4890,18221,18221,23092,27188
5619,19,8856,26068,26132,27358,25310
5620,0,7098,22700,22700,17377,19585
5621,0,5661,21722,21722,19778,18807
5622,0,13192,17765,17765,15279,17604
5623,0,10414,27481,27481,19997,27736
5624,2,14727,19196,23107,17435,19196
5625,2,7857,23847,23958,27548,23847
5626,11,9420,17149,15130,17293,14973
5627,2,6400,24375,23759,23979,24375
5628,726,9082,16940,17654,17653,22120
5629,0,11289,18437,18437,26134,15244
5630,0,197,20366,20366,21984,24378
5631,0,14385,23852,23852,25389,25750
5632,0,5689,25743,25743,27000,27148
5633,0,8868,15827,15827,15818,15825
5634,1,11967,27261,27071,27261,27260
5635,1,8306,27230,27045,27230,25515
5636,7,11584,19121,19124,19646,18404
5637,0,1826,18227,18227,18228,18229
5638,0,3885,26577,26577,25148,26017
5639,0,4635,26152,26152,25561,25696
5640,0,5107,27633,27633,22427,22423
5641,1,9196,25712,23289,25712,23223
5642,0,1726,19322,19322,18067,16232
5643,0,13351,18513,18513,22656,24786
5644,3,4145,17422,18496,22958,23761
5645,0,13612,18357,18357,18356,23573
5646,0,6849,21244,21244,21245,21242
5647,0,2694,24042,24042,24922,23675
5648,2,14237,20947,19000,18999,20947
5649,1211,14950,25213,23292,23499,25819
5650,1,9463,26807,26808,26807,24106
5651,0,9587,19342,19342,19341,21400
5652,201,6315,25381,21429,27608,24985
5653,120,11980,23305,27698,15135,23497
5654,7,5762,20607,20609,20606,17856
5655,0,4003,16163,16163,18482,15540
5656,0,11000,22173,22173,25709,22403
5657,0,7340,25101,25101,27356,26155
5658,0,4681,24130,24130,23885,22405
5659,0,104,24816,24816,24910,22378
5660,51,8185,18694,20883,23773,17121
5661,0,8736,21137,21137,24987,24811
5662,0,11865,16657,16657,16174,15588
5663,0,11445,15842,15842,15070,15094
5664,0,2741,23554,23554,16738,18283
5665,0,14172,17139,17139,17133,17135
5666,0,14567,20543,20543,23451,23457
5667,0,2698,26884,26884,26120,25270
5668,0,11644,15432,15432,15430,17006
5669,0,10249,18961,18961,18962,19315
5670,0,10183,16582,16582,23774,20982
5671,0,9554,23649,23649,25455,19337
5672,830,5717,15069,17250,23805,19600
5673,0,5512,23191,23191,15794,23331
5674,0,321,21475,21475,27590,21387
5675,1864,14286,27752,20089,17410,27203
5676,0,4214,21228,21228,24787,25524
5677,0,10466,21296,21296,19284,19792
5678,0,10727,22082,22082,21757,18032
5679,45,9736,23132,25911,17348,18860
5680,0,10418,27296,27296,27301,27297
5681,0,2376,23675,23675,23205,19982
5682,0,1996,18143,18143,24077,24091
5683,1,13842,27127,26915,27127,18626
5684,0,12640,19690,19690,21908,21909
5685,0,3122,21358,21358,27546,18747
5686,141,6744,18804,24084,23987,18164
5687,0,2620,25739,25739,22165,26235
5688,0,2436,16438,16438,16434,16435
5689,2,14444,19901,15543,15250,19901
5690,0,11011,19172,19172,27457,27657
5691,0,11794,18861,18861,21357,24423
5692,0,3973,26890,26890,25749,18504
5693,0,3602,16945,16945,16733,16448
5694,0,5546,17249,17249,16783,17095
5695,0,6135,18433,18433,20638,20635
5696,0,10685,18533,18533,24208,18886
5697,0,1533,25794,25794,26331,21634
5698,0,12638,18452,18452,15969,21239
5699,10,794,15114,19891,15115,17895
5700,2,14583,22458,16506,20534,22458
5701,1,12734,17444,18165,17444,15899
5702,6,13720,19404,17728,15107,26809
5703,315,9401,24337,25749,19984,26477
5704,0,906,24504,24504,21720,25122
5705,0,839,22535,22535,26069,27590
5706,13,13108,16523,20101,20175,20579
5707,0,8980,27362,27362,27569,26250
5708,8,9207,25793,22572,22551,26088
5709,1,5656,24696,26304,24696,27281
5710,0,10216,24610,24610,24605,24608
5711,0,1104,16212,16212,16977,15674
5712,0,9609,17848,17848,19821,26063
5713,0,211,15352,15352,15371,15354
5714,0,6318,26008,26008,21617,24255
5715,0,9602,20606,20606,20609,20610
5716,0,4836,26899,26899,22473,26012
5717,6,13241,26754,23079,24565,24476
5718,1,2300,20701,20692,20701,17649
5719,3088,1370,25679,15192,26529,23077
5720,1,963,18842,20980,18842,22958
5721,0,8077,15753,15753,19074,15022
5722,0,496,16852,16852,15241,15122
5723,0,7615,22999,22999,15974,21396
5724,0,13457,25895,25895,22551,23443
5725,0,11944,24506,24506,24125,22995
5726,0,5835,15192,15192,25311,25310
5727,230,544,27737,20034,17630,16116
5728,34,6735,19191,19386,19407,19033
5729,0,13085,21520,21520,17586,19572
5730,0,9095,21236,21236,17030,15213
5731,0,6207,22442,22442,17626,22438
5732,0,7059,26850,26850,21647,23774
5733,0,6734,25337,25337,23967,20055
5734,0,11315,21128,21128,17007,18846
5735,0,3530,21880,21880,26552,21881
5736,0,4290,18100,18100,26299,18101
5737,0,6666,26815,26815,26965,26890
5738,0,1505,18968,18968,18967,16093
5739,108,1294,17226,19324,14951,25033
5740,1,1646,21910,22119,21910,22220
5741,2,7025,18220,19982,18761,18220
5742,0,12892,17055,17055,17263,18223
5743,0,9940,26450,26450,26482,25868
5744,0,7731,16232,16232,16231,21357
5745,0,7767,26739,26739,21184,14983
5746,0,7271,22771,22771,23514,26845
5747,0,12909,25753,25753,18579,26675
5748,23,4034,27488,25385,23545,18470
5749,0,946,24861,24861,18669,20731
5750,51,5221,25353,25333,20721,20731
5751,3,3210,25227,25035,24426,23646
5752,0,4117,18949,18949,15304,15305
5753,0,6624,26257,26257,24208,18436
5754,0,13140,20750,20750,22257,24831
5755,1,10211,18996,19470,18996,19465
5756,0,2129,24191,24191,26527,15886
5757,0,7722,25428,25428,25427,22434
5758,140,6576,23988,22339,22220,27388
5759,0,8796,24399,24399,18508,22790
5760,0,12867,20909,20909,24113,16842
5761,1,4312,27244,27148,27244,24856
5762,1,7679,23788,26469,23788,24609
5763,0,1993,15216,15216,15209,15217
5764,40,5628,18792,23059,15134,27475
5765,2,9133,23085,25334,25561,23085
5766,0,3673,22051,22051,18771,23689
5767,9,7695,15669,19057,17043,16134
5768,1,306,15606,15483,15606,18793
5769,75,13084,25689,24730,16769,24589
5770,25,13701,24737,19209,18895,27107
5771,0,9443,16017,16017,20641,17283
5772,129,4876,17115,27067,22680,17451
5773,1,1855,20551,20684,20551,20670
5774,0,12763,22787,22787,22721,27392
5775,0,987,25654,25654,25425,21355
5776,4,10361,24169,17367,15032,16520
5777,27,11824,18530,25561,19073,26474
5778,4,7600,15282,19215,15686,20058
5779,0,5271,23277,23277,25488,25614
5780,0,8638,17679,17679,17678,16039
5781,0,8643,19262,19262,22313,18028
5782,0,2743,25776,25776,27160,19818
5783,220,9153,23123,26004,24472,25278
5784,133,12315,25894,26264,21879,25992
5785,0,8040,20564,20564,25041,22008
5786,0,5172,22688,22688,24299,22454
5787,15,10639,25522,24723,23058,25688
5788,0,10931,26535,26535,16999,26449
5789,6,1451,25208,23562,27527,25196
5790,0,5189,23146,23146,16990,21417
5791,0,4920,18982,18982,21939,18228
5792,0,13424,17696,17696,25258,27509
5793,0,14073,17678,17678,17679,19720
5794,3,2656,17328,15159,18655,16919
5795,68,332,25976,15200,25033,23557
5796,0,10781,19897,19897,21949,26552
5797,0,12229,22508,22508,20598,22509
5798,0,3300,16525,16525,17016,20953
5799,0,14606,24853,24853,19978,19866
5800,0,5250,16618,16618,21851,16617
5801,0,6024,19016,19016,21932,25915
5802,17,7291,21984,22013,22974,22597
5803,5,4495,23380,19896,19894,20992
5804,1,9043,23119,26461,23119,20008
5805,2312,7138,25367,21500,20175,18095
5806,259,13183,17325,27790,27737,23414
5807,10,13093,16416,21294,16196,17548
5808,0,8883,16067,16067,16066,15073
5809,0,5423,24346,24346,16398,24349
5810,1,6649,20226,17415,20226,20345
5811,0,11347,22682,22682,25173,25892
5812,140,6779,17578,27292,25547,25510
5813,0,13652,17306,17306,20615,20613
5814,3,7066,23722,21795,23981,22043
5815,0,11886,24205,24205,22913,19909
5816,2,6572,26925,25083,25504,26925
5817,0,12653,16824,16824,15348,16818
5818,0,4503,15200,15200,25033,15778
5819,0,6662,27158,27158,22438,23091
5820,5,13792,22327,21287,26371,25726
5821,0,3541,19656,19656,19513,17403
5822,9,12034,21794,22965,15776,19981
5823,0,7261,20246,20246,26006,20244
5824,21,11213,20454,26527,26526,24191
5825,0,6577,24027,24027,20946,27602
5826,7,1155,23189,16936,23966,23061
5827,0,3176,24352,24352,24353,24354
5828,0,12642,26871,26871,19503,20251
5829,0,9436,15565,15565,17029,16335
5830,2,5748,18323,18321,15679,18323
5831,0,11969,24643,24643,24991,24644
5832,0,196,22298,22298,16738,22238
5833,0,13233,19958,19958,18483,15320
5834,0,3938,16958,16958,27136,22043
5835,0,6947,16398,16398,25278,26369
5836,4,5202,23368,26004,25519,23827
5837,43,9518,23223,23582,16179,15508
5838,0,4364,17767,17767,17428,17644
5839,0,11339,15057,15057,27373,18931
5840,0,5665,25296,25296,27023,23745
5841,0,14734,21986,21986,16828,17653
5842,0,5302,14968,14968,15988,14976
5843,1656,8171,27388,16640,17662,15131
5844,0,14021,23806,23806,23288,19502
5845,0,13346,15716,15716,17612,16347
5846,7,1358,15122,17781,16719,19125
5847,0,6692,16898,16898,18437,16887
5848,0,12135,22542,22542,18642,21094
5849,2,14781,22300,22729,23374,22300
5850,0,14041,18534,18534,16765,18532
5851,0,5137,27112,27112,26164,20162
5852,112,7061,22715,22712,24117,20051
5853,0,2298,21124,21124,23142,26826
5854,0,7921,22900,22900,27612,24515
5855,0,14413,24321,24321,16968,16907
5856,0,8956,20938,20938,23963,23272
5857,0,13318,18970,18970,19764,21112
5858,0,1016,20286,20286,21757,22082
5859,143,14949,22602,18353,21184,27715
5860,0,1361,19259,19259,21825,21824
5861,0,4322,20076,20076,17738,21761
5862,0,6005,16172,16172,26608,21627
5863,0,3741,16283,16283,18760,23631
5864,0,368,19241,19241,21054,20135
5865,0,5797,18727,18727,17004,20122
5866,0,8890,19605,19605,19607,19543
5867,5,14149,18581,27708,15285,19462
5868,1,6862,23920,25258,23920,27509
5869,0,4873,18297,18297,23189,20314
5870,1084,9204,21674,25115,24809,25716
5871,114,5783,18365,17523,18408,17859
5872,135,7264,25603,26891,25787,25233
5873,62,14296,26328,21815,25827,20258
5874,0,7367,23766,23766,22637,24630
5875,0,7392,18855,18855,20246,18107
5876,0,5260,22355,22355,22391,22392
5877,0,4250,20920,20920,21004,26644
5878,0,9623,21277,21277,21262,21259
5879,10,8487,21896,24083,25010,24417
5880,8,556,27344,23946,23941,23945
5881,4,1088,25915,19701,24535,17360
5882,533,12351,23495,22384,25728,24224
5883,0,10650,21257,21257,18045,20179
5884,2,2199,25984,22083,18587,25984
5885,4,4646,17052,16107,18265,17055
5886,0,1428,21454,21454,21225,27370
5887,3,13126,20643,20632,20623,20642
5888,0,5468,24831,24831,23633,24535
5889,0,8999,22485,22485,23686,26221
5890,0,4422,17510,17510,23299,23590
5891,0,6489,24593,24593,25395,25434
5892,0,5866,25445,25445,21985,25793
5893,0,2143,21991,21991,21374,26804
5894,0,10713,24310,24310,21055,18972
5895,0,2688,15809,15809,19207,17444
5896,0,11062,27647,27647,23958,27328
5897,1,4814,19629,19632,19629,22435
5898,12,9142,23160,23455,18474,21226
5899,0,10821,26976,26976,26975,24352
5900,0,187,17235,17235,18458,15089
5901,0,12563,26694,26694,25908,25517
5902,0,3933,23587,23587,24394,23455
5903,1,14724,16099,15285,16099,27708
5904,14,5210,25898,18100,26299,18101
5905,0,113,20530,20530,25488,24130
5906,1,14013,24307,24477,24307,26552
5907,1,1977,26496,26495,26496,26020
5908,8,1345,25416,22069,17666,20317
5909,0,11898,20955,20955,15187,23512
5910,1,13515,18524,18208,18524,23453
5911,20,6526,23987,15263,25006,25688
5912,51,13208,25237,25233,25278,25787
5913,0,12406,19856,19856,15944,16413
5914,358,14343,19799,26704,17390,16292
5915,0,9106,19982,19982,18886,17059
5916,1,6395,18186,18187,18186,17892
5917,0,2237,19097,19097,26395,27459
5918,0,13284,25076,25076,18626,24924
5919,0,11259,20230,20230,19054,19660
5920,0,454,16861,16861,23746,18724
5921,0,1567,26837,26837,27435,27517
5922,0,9465,26325,26325,17476,23545
5923,0,6193,18836,18836,18837,19777
5924,0,10143,21159,21159,21158,21161
5925,0,2877,23195,23195,23991,22247
5926,0,5299,23563,23563,23564,23567
5927,0,12927,26627,26627,27570,24593
5928,20,3548,25844,19733,16093,18968
5929,2,6487,26918,26368,25150,26918
5930,0,10610,25560,25560,21454,24459
5931,0,3661,18751,18751,19400,17264
5932,4,5522,22215,16981,22165,27030
5933,0,1135,23084,23084,23085,23746
5934,0,9502,17010,17010,18846,22715
5935,0,58,14955,14955,21290,15007
5936,2,6105,26076,26081,26075,26076
5937,2,9927,18445,20471,21417,18445
5938,0,3698,15118,15118,21283,15239
5939,1,12702,23293,24287,23293,16781
5940,0,4971,21290,21290,19533,17135
5941,1,1192,26793,27312,26793,25961
5942,0,14281,16647,16647,15122,19199
5943,1,1246,18565,18553,18565,18566
5944,0,847,16088,16088,16087,16090
5945,0,14336,23045,23045,18347,19218
5946,8,4706,23607,15218,22496,24418
5947,0,11286,20678,20678,19532,20680
5948,249,8991,22895,15364,18800,15533
5949,1,11953,18139,15022,18139,19074
5950,0,3634,21094,21094,19108,21095
5951,6,3423,18649,23597,20406,23148
5952,0,5306,16316,16316,15371,20235
5953,0,3735,22159,22159,23838,23095
5954,0,7425,18545,18545,26915,18626
5955,0,4966,20510,20510,20526,15870
5956,0,3130,23047,23047,25029,26206
5957,9,6231,26171,22778,22780,16452
5958,0,10264,24582,24582,24581,26469
5959,7,9763,25697,18061,21457,19371
5960,2,5387,19686,19689,19679,19686
5961,0,11096,20031,20031,17575,20034
5962,2,4063,23929,26194,23535,23929
5963,0,12404,19626,19626,19126,22975
5964,0,11356,17374,17374,22730,24331
5965,0,2697,23650,23650,22119,23535
5966,0,9220,17567,17567,17829,25844
5967,0,843,17952,17952,16276,16275
5968,3,11755,25750,23852,24649,20050
5969,0,8957,14997,14997,19098,16040
5970,0,7152,15902,15902,15085,21988
5971,0,11877,22794,22794,18100,18101
5972,0,2853,20058,20058,18744,19731
5973,0,6409,18722,18722,16381,20958
5974,3,13234,15318,19002,15320,19001
5975,0,3893,19523,19523,20613,19301
5976,0,5922,18000,18000,25207,25208
5977,73,4383,23820,25279,25103,25280
5978,0,3211,20921,20921,23041,18146
5979,0,13833,17060,17060,17554,24977
5980,0,5267,17045,17045,15904,15906
5981,0,9405,26749,26749,21739,22427
5982,0,2873,22043,22043,24223,18511
5983,2,11958,21732,19669,20550,21732
5984,0,6056,21582,21582,17804,16577
5985,0,13431,16788,16788,21106,25563
5986,0,13260,21149,21149,21142,21146
5987,0,967,18394,18394,20135,18475
5988,421,11397,22654,15258,15259,17464
5989,0,3542,19423,19423,18250,15123
5990,0,14295,18653,18653,19437,19436
5991,33,6179,24119,26828,26237,27194
5992,0,8491,16873,16873,16795,16874
5993,15,12218,23976,20910,17563,24067
5994,0,1494,19344,19344,19343,19341
5995,0,9079,26309,26309,19660,24187
5996,2,10024,22514,18635,22995,22514
5997,0,684,25285,25285,19665,26143
5998,0,1125,17719,17719,17718,18846
5999,338,2894,19268,26852,20980,23464
6000,0,10231,26052,26052,25913,23628
6001,0,4798,25722,25722,18015,23873
6002,4,8651,15764,16450,18292,16189
6003,2,8375,23687,16345,15304,23687
6004,0,4464,18781,18781,20669,20659
6005,0,1128,21049,21049,17018,16088
6006,0,311,19753,19753,17768,17502
6007,2049,14218,22581,17118,26456,16765
6008,0,5156,18149,18149,23324,23366
6009,0,2791,23205,23205,16936,24376
6010,1,13151,27638,24144,27638,23847
6011,0,2814,25868,25868,26450,25869
6012,2,10601,20444,21841,17616,20444
6013,0,12437,22059,22059,22019,16721
6014,1922,10204,17213,24074,14951,19324
6015,0,12966,27107,27107,27380,25552
6016,0,3499,20110,20110,21779,20109
6017,10,1653,25787,24955,24956,24953
6018,0,5663,22271,22271,25769,27416
6019,1,328,18280,24693,18280,27067
6020,0,1324,16671,16671,18508,18656
6021,223,14311,24117,26609,17080,16095
6022,308,14066,21184,27575,16635,27203
6023,0,6857,16883,16883,17676,17677
6024,0,11561,26686,26686,19675,19677
6025,0,2216,15540,15540,15537,16719
6026,723,3901,23572,25689,23169,20006
6027,554,4002,26000,16522,23053,24346
6028,4,13635,22166,17561,16185,20724
6029,113,4052,24286,25958,25233,25787
6030,2,6121,27041,24375,18886,27041
6031,6,1932,22975,25409,19803,18494
6032,0,7911,27164,27164,24633,22550
6033,0,3896,24934,24934,25942,22147
6034,0,14043,20860,20860,20503,21141
6035,0,11150,18196,18196,16250,19041
6036,0,12309,24849,24849,16731,16730
6037,16,8213,16481,15424,18022,18132
6038,0,4532,18946,18946,18940,19826
6039,2,4157,23945,23946,23937,23945
6040,7,13498,20380,15086,20341,20391
6041,1,13185,18595,15657,18595,19285
6042,0,5760,25920,25920,25942,26969
6043,0,2574,14979,14979,23540,14980
6044,0,10086,21695,21695,20921,21696
6045,0,2527,24560,24560,18793,20589
6046,0,9862,27202,27202,25507,26438
6047,0,1475,19948,19948,18668,25288
6048,4,42,21902,21030,26446,25395
6049,0,384,17523,17523,16559,15940
6050,44,3353,23053,23424,24551,21655
6051,30,12827,16749,17115,22531,22726
6052,0,1843,18671,18671,20131,25891
6053,0,10031,22593,22593,19767,25913
6054,0,9852,17929,17929,16610,21553
6055,0,8400,18518,18518,21942,21950
6056,0,6214,27515,27515,27354,27069
6057,0,7052,17038,17038,17103,25911
6058,4,13313,19028,19483,19481,17212
6059,0,4881,20113,20113,21259,20819
6060,0,3283,25111,25111,23833,19905
6061,0,8915,22977,22977,26535,22086
6062,0,3702,17232,17232,21921,23607
6063,0,6512,20857,20857,20859,20845
6064,163,13583,23414,21815,18601,20258
6065,0,13677,19941,19941,19942,19935
6066,0,12887,19349,19349,22515,21389
6067,5,14300,18802,19544,21162,17673
6068,0,6068,18301,18301,20380,16166
6069,1,4827,17757,16050,17757,16051
6070,0,8810,20109,20109,19668,18706
6071,0,165,26392,26392,18671,20248
6072,0,3370,24658,24658,21084,24123
6073,0,7530,20307,20307,21286,16550
6074,0,13513,21999,21999,21998,21729
6075,0,4959,17133,17133,19555,17135
6076,0,14426,23657,23657,16125,23364
6077,0,1319,17804,17804,21582,16577
6078,95,10370,23544,24447,26477,24857
6079,0,3195,18554,18554,18566,18565
6080,1,11876,22330,25191,22330,22294
6081,0,11798,21403,21403,21406,21687
6082,0,1552,22723,22723,19141,19137
6083,0,1784,21621,21621,27431,26036
6084,31,10273,21868,19390,20540,23585
6085,0,1021,20584,20584,21625,22219
6086,68,3907,27322,26771,26505,25117
6087,6,2850,22979,26556,22830,25678
6088,0,8371,26150,26150,25340,23047
6089,0,7894,21380,21380,21382,25476
6090,25,2358,21701,22165,22425,22432
6091,1,7959,17940,21786,17940,21769
6092,0,12690,15036,15036,20283,24879
6093,0,9765,24562,24562,24522,27131
6094,0,2596,21696,21696,22910,24199
6095,0,20,25476,25476,21378,26263
6096,25,9842,24472,26934,25967,26368
6097,0,9323,21790,21790,21645,23381
6098,0,14586,27161,27161,15287,22841
6099,0,2117,26262,26262,17405,16123
6100,0,734,16846,16846,26536,20560
6101,0,6822,19148,19148,16415,22617
6102,0,210,16843,16843,19796,18879
6103,1,5116,22299,23374,22299,22729
6104,0,13533,17799,17799,27000,27244
6105,3,481,27623,24643,24991,27531
6106,0,2676,20452,20452,16583,21754
6107,0,10681,22526,22526,19176,22047
6108,0,7024,23229,23229,25471,24562
6109,0,102,18647,18647,19040,22271
6110,0,12121,15018,15018,27182,18134
6111,11,14272,19600,25089,19544,18128
6112,0,402,21410,21410,25117,26914
6113,0,13225,23613,23613,25519,23368
6114,1,4077,15372,15352,15372,15371
6115,2,10097,16640,17827,22916,16640
6116,2,11764,23037,26705,26407,23037
6117,0,2718,19554,19554,25577,24918
6118,0,8968,20845,20845,17051,15895
6119,0,3093,16089,16089,16076,23393
6120,0,13428,18500,18500,16690,27532
6121,0,5465,15363,15363,17540,15669
6122,0,9861,18962,18962,19315,26479
6123,7,11097,15134,21287,16412,15096
6124,0,4099,26454,26454,26880,27109
6125,0,14730,22177,22177,20394,19593
6126,0,7772,21374,21374,23472,22806
6127,0,5497,18286,18286,21313,16908
6128,0,5962,23382,23382,23160,20477
6129,0,6429,21376,21376,25923,22420
6130,0,9758,25143,25143,24724,25430
6131,0,7016,22309,22309,22312,22310
6132,0,12926,18758,18758,17677,17675
6133,0,4038,16770,16770,17317,17311
6134,0,2267,19338,19338,18839,15581
6135,0,14029,16830,16830,17258,16325
6136,17,164,27233,27241,26392,18671
6137,1,2854,26178,24187,26178,26871
6138,0,2379,15144,15144,19293,15229
6139,0,6078,15549,15549,14975,15550
6140,0,12780,17715,17715,23719,22654
6141,3,10577,15909,21590,16134,16135
6142,0,13594,16936,16936,25303,23205
6143,0,7853,25027,25027,25026,26569
6144,4,4724,15899,23217,19654,23288
6145,0,10133,25459,25459,25758,24224
6146,4,10165,16435,15825,16439,16434
6147,0,6283,21522,21522,27704,18989
6148,0,6086,27609,27609,25309,27020
6149,0,10757,15939,15939,24400,16479
6150,13,4607,19731,17207,22320,21779
6151,0,12936,21185,21185,18890,21186
6152,0,582,19144,19144,19142,25009
6153,0,10617,21191,21191,20863,20864
6154,0,1934,20450,20450,16232,16128
6155,1,4583,25430,26198,25430,26200
6156,0,5954,19031,19031,27172,19032
6157,3,6190,27457,27657,27670,27659
6158,1,11439,23724,19911,23724,25340
6159,87,8383,21671,26149,15794,24541
6160,285,5183,25300,24776,24773,24775
6161,0,14107,17453,17453,18402,17503
6162,0,163,19433,19433,16815,16814
6163,3,280,16262,16226,16227,15407
6164,0,7153,27683,27683,25224,27350
6165,0,9593,26602,26602,17190,17827
6166,0,5612,18627,18627,22789,21668
6167,0,3023,26542,26542,26567,26069
6168,0,4323,23696,23696,22948,27058
6169,0,1127,24125,24125,21564,21886
6170,2,7065,16048,17762,16468,16048
6171,22,5686,25379,22854,17670,19788
6172,0,5951,15813,15813,15812,25913
6173,0,12394,20451,20451,20568,19174
6174,3,14720,17818,27377,15135,15531
6175,0,3847,15448,15448,15293,22346
6176,0,4138,25442,25442,24161,27068
6177,0,2503,23200,23200,25718,26935
6178,0,12538,19681,19681,24845,23432
6179,0,11739,17932,17932,16610,16231
6180,1,14151,20835,19794,20835,17968
6181,21,943,19489,21593,21101,20982
6182,0,7919,20711,20711,15880,20568
6183,0,6,22950,22950,27077,27078
6184,0,4933,17159,17159,17295,19174
6185,1,475,26742,24326,26742,25088
6186,29,520,26336,25927,27194,26237
6187,25,11478,17147,18882,18889,16514
6188,0,12090,19573,19573,19583,19574
6189,0,13733,21406,21406,21687,21403
6190,0,12532,18010,18010,19923,19594
6191,0,2481,18033,18033,18032,22684
6192,12,5307,19108,25764,23373,27542
6193,0,8049,16960,16960,17890,18820
6194,0,2250,22080,22080,20263,17644
6195,0,6173,27140,27140,27266,27020
6196,0,14053,26430,26430,27715,23684
6197,0,2447,26532,26532,26552,20575
6198,2,11704,23040,16275,16276,23040
6199,0,14285,17029,17029,15565,16269
6200,0,326,20840,20840,16786,19625
6201,6,1975,22597,23956,22366,25100
6202,0,7163,27167,27167,27428,26694
6203,0,8598,16173,16173,15834,20739
6204,0,11906,24447,24447,26796,24812
6205,2,9703,20646,20635,20638,20646
6206,0,7738,27297,27297,27300,27301
6207,0,9543,25968,25968,27435,24562
6208,4,12333,15504,16181,20988,15145
6209,227,8511,20263,18199,23708,18196
6210,0,12122,18733,18733,21938,15451
6211,2,8818,22371,17391,26286,22371
6212,2,493,22435,26749,19629,22435
6213,0,13060,18458,18458,15091,17235
6214,0,10379,20992,20992,22977,16758
6215,0,14203,15244,15244,23223,23899
6216,0,3835,15215,15215,23088,15213
6217,8,4990,14966,17409,20923,19716
6218,0,13270,19011,19011,19015,19009
6219,0,4781,26060,26060,26511,27641
6220,1,1185,25816,25005,25816,26271
6221,0,1469,25884,25884,24540,27445
6222,2,5862,20124,24234,25856,20124
6223,1,13731,23881,17706,23881,17707
6224,0,4792,18906,18906,26434,19503
6225,182,12445,15543,24651,17390,19036
6226,0,9947,18494,18494,19803,25409
6227,0,118,15888,15888,15146,16719
6228,21,12412,26134,18439,18856,17829
6229,0,3226,18344,18344,19789,17430
6230,0,6864,24161,24161,24163,23262
6231,0,10176,24621,24621,25749,20589
6232,3,2341,22421,23917,24506,20455
6233,0,3648,19882,19882,18245,22575
6234,0,5159,25310,25310,25311,26132
6235,5,13778,22254,15437,17406,15439
6236,36,2783,23575,25233,25787,24346
6237,0,3904,20683,20683,20678,20680
6238,0,11795,26019,26019,23651,26391
6239,0,13782,16343,16343,22029,16345
6240,1,10505,27644,27608,27644,27080
6241,0,2896,16282,16282,15960,21812
6242,0,4176,25771,25771,25702,26853
6243,36,11912,19594,25089,15171,15937
6244,81,14223,19442,22404,18329,17451
6245,0,1384,25749,25749,26002,25336
6246,3,13613,20386,20783,20782,20388
6247,0,13870,21646,21646,21613,25089
6248,13,3774,16165,15574,15575,17976
6249,0,63,24368,24368,20532,23162
6250,590,11314,23578,15910,15080,23897
6251,0,11269,16182,16182,20988,15899
6252,0,3800,18408,18408,16515,18367
6253,1291,14036,18895,21932,21931,25553
6254,0,13271,25496,25496,22341,18091
6255,0,4708,18096,18096,25360,26552
6256,0,3543,26495,26495,26496,26020
6257,16,13876,25623,17020,24337,24337
6258,0,9470,23144,23144,18761,24590
6259,0,10241,20852,20852,16053,23260
6260,0,9027,19101,19101,21343,18700
6261,23,9741,25423,25603,24892,24891
6262,0,2210,21770,21770,19813,21335
6263,1,13392,23058,25009,23058,24302
6264,0,4946,15120,15120,15324,15265
6265,0,8164,16924,16924,15868,20791
6266,12,6975,19169,19536,19939,16625
6267,3,13927,16722,22834,18206,16721
6268,0,14221,17387,17387,19921,25314
6269,27,5993,25598,27241,20722,27254
6270,0,3124,26847,26847,22549,26546
6271,2,7412,22253,23025,23367,22253
6272,2,7973,25936,25933,25935,25936
6273,0,3803,27376,27376,25961,26108
6274,0,13394,22227,22227,15779,23087
6275,0,12059,17263,17263,16109,22060
6276,0,11107,23170,23170,18246,25462
6277,3,10841,22616,25191,22297,22294
6278,1400,12152,25809,26535,25618,25080
6279,1,7421,27350,27415,27350,26108
6280,178,2386,27662,27369,25961,27192
6281,0,11417,15133,15133,25532,15039
6282,0,4302,18825,18825,26735,26395
6283,0,12314,17161,17161,26589,17451
6284,0,5733,15537,15537,17406,15108
6285,0,9966,20368,20368,16990,16110
6286,0,4436,26059,26059,25117,26771
6287,0,11887,27104,27104,16474,15506
6288,0,9779,19755,19755,20313,16498
6289,16,12248,20085,20734,15507,15504
6290,3,2177,24811,27078,27077,24987
6291,5,11170,26360,21914,16389,26863
6292,0,11699,16705,16705,15564,16219
6293,0,13752,18321,18321,18323,18320
6294,0,13088,19053,19053,18213,17295
6295,29,871,26865,16212,17794,15674
6296,0,2911,20653,20653,17528,20654
6297,0,10088,26330,26330,24723,25199
6298,5,12591,22575,17362,20138,20423
6299,0,11585,23299,23299,23991,24067
6300,0,12931,16220,16220,17842,20427
6301,64,11702,27539,27250,24196,23958
6302,0,11410,17073,17073,23270,19917
6303,68,1132,27229,20305,26372,20303
6304,0,13375,25343,25343,26107,25679
6305,0,11266,25174,25174,22734,26399
6306,1,2796,22307,23445,22307,23956
6307,0,12288,16061,16061,20757,20753
6308,0,10457,16533,16533,16227,15103
6309,0,2812,15360,15360,20893,18380
6310,2,10712,21687,21407,21405,21687
6311,0,5234,20681,20681,19532,20680
6312,20,12258,19125,16666,15073,19220
6313,0,1129,16857,16857,15159,16919
6314,0,13875,21907,21907,16487,16488
6315,0,758,16306,16306,19088,21139
6316,70,3914,25683,22545,26417,25674
6317,0,5341,27033,27033,25304,27230
6318,1,8964,21053,26400,21053,21327
6319,94,9980,25362,24630,21724,26152
6320,9,51,26886,16201,14956,23148
6321,0,13465,25591,25591,18552,25688
6322,2,9893,27442,27273,27561,27442
6323,20,7029,21385,17390,16789,20696
6324,71,14523,24449,20404,21864,25553
6325,0,219,24219,24219,15340,18352
6326,0,9881,23950,23950,21655,22534
6327,53,6722,19001,21104,15783,22833
6328,9,11229,20765,20770,20766,20773
6329,1,2744,16660,23727,16660,23651
6330,7,11777,26361,23386,26021,24682
6331,4,4719,25848,21466,21095,21470
6332,0,2666,19999,19999,24747,25214
6333,32,13421,17084,23702,23194,22733
6334,0,4376,25614,25614,19422,26611
6335,10,1210,21308,19059,21313,21307
6336,47,14180,18222,16174,19392,16108
6337,0,10849,21876,21876,25707,25743
6338,0,1068,15087,15087,15747,19149
6339,0,9107,19675,19675,26686,20252
6340,0,2798,26689,26689,23253,20130
6341,0,12802,21920,21920,15956,21919
6342,0,4066,21693,21693,23307,21021
6343,49,1801,17293,14951,25033,18050
6344,0,8558,20131,20131,20132,18671
6345,0,10063,27560,27560,24511,27393
6346,0,251,14999,14999,27736,14991
6347,3,12805,15138,15137,17417,16447
6348,1,373,25286,16810,25286,25277
6349,0,8699,20500,20500,21098,15003
6350,5,8037,26615,20540,27709,24512
6351,0,12296,19927,19927,19835,20029
6352,4,11604,27386,25804,25702,25178
6353,0,14324,17620,17620,15027,23429
6354,0,2288,19381,19381,19163,22792
6355,0,7282,19063,19063,20701,20702
6356,0,4682,25088,25088,24326,24087
6357,0,9615,21451,21451,24531,18189
6358,12,9000,20324,20386,20388,20387
6359,0,9925,26459,26459,24573,25140
6360,0,5597,18966,18966,25261,18220
6361,1,8512,22558,16918,22558,19982
6362,0,12982,15048,15048,25808,20696
6363,0,6768,26226,26226,25573,18812
6364,0,5310,18926,18926,21013,19616
6365,0,8319,23974,23974,26717,26511
6366,0,14570,17957,17957,17110,19544
6367,3,4335,21911,18511,23299,24081
6368,1,3458,23039,26089,23039,26399
6369,0,11366,20348,20348,17701,22956
6370,0,13190,18056,18056,18139,23195
6371,7,11469,17219,17323,16909,20115
6372,0,4161,22949,22949,22929,27058
6373,88,3367,27759,26647,25831,25869
6374,1,7004,27786,27548,27786,26017
6375,3,1050,27599,23958,25961,27085
6376,6,1999,24937,22083,21984,22421
6377,37,9477,24992,25120,26386,23272
6378,0,9163,16070,16070,23872,23335
6379,0,3089,17403,17403,22995,18608
6380,1,5125,14975,15398,14975,15550
6381,0,12759,21286,21286,19792,16173
6382,0,9228,25929,25929,25166,26572
6383,7,6299,25505,24723,25199,24648
6384,0,5505,24537,24537,26002,21989
6385,0,2148,19046,19046,26992,27018
6386,0,8557,22189,22189,23207,21808
6387,8,12544,19061,20473,20597,17240
6388,10,9874,19123,15073,16666,19451
6389,166,5375,27203,16452,16250,16955
6390,0,3913,22405,22405,22571,24130
6391,0,2855,25541,25541,25543,25535
6392,0,7532,25273,25273,22980,27306
6393,0,10449,21553,21553,21848,17929
6394,0,9849,17732,17732,15268,23993
6395,0,5198,16669,16669,16201,16310
6396,0,13942,22791,22791,26556,19211
6397,0,6863,24162,24162,27682,25871
6398,0,11024,20754,20754,17311,17491
6399,1,2163,18231,18228,18231,16997
6400,0,14660,23020,23020,23021,23712
6401,0,13588,21499,21499,26857,16841
6402,0,2766,15969,15969,15025,22749
6403,0,9989,26095,26095,25505,24653
6404,1,3290,24415,22327,24415,23593
6405,0,2478,24644,24644,21332,25371
6406,0,13658,26842,26842,24049,18531
6407,0,583,15242,15242,25009,15227
6408,0,5636,21017,21017,26635,27476
6409,0,14410,18483,18483,19958,15318
6410,0,3571,19873,19873,27316,24614
6411,0,9648,22552,22552,23293,25887
6412,4,4026,22165,19046,19571,27148
6413,1,8198,25724,26463,25724,25394
6414,0,5098,23972,23972,15512,23873
6415,0,2522,18381,18381,20635,20638
6416,0,6426,21648,21648,24378,26852
6417,0,10467,16666,16666,15073,19220
6418,0,12571,19036,19036,22570,23243
6419,0,10844,20586,20586,26149,23149
6420,0,14735,23107,23107,17435,15814
6421,38,8312,27595,25961,27085,27406
6422,0,12084,21883,21883,21882,17083
