idx,rank,query_id,gt_id,ret1,ret2,ret3
0,0,24543,36391,36391,38283,36353
1,0,5899,16399,16399,11049,37619
2,0,9513,20013,20013,19032,35605
3,0,1572,12072,12072,36704,17648
4,0,22224,37589,37589,12615,13554
5,0,879,11379,11379,20632,39398
6,0,1578,12078,12078,35335,17888
7,0,6472,16972,16972,16599,11676
8,0,1509,12009,12009,19900,11292
9,0,1896,12396,12396,14102,38082
10,0,8963,19463,19463,39582,16093
11,0,4112,14612,14612,38753,13512
12,0,10140,20640,20640,11938,39281
13,0,1845,12345,12345,12605,37444
14,0,24629,38536,38536,13711,14223
15,0,9751,20251,20251,14239,38981
16,0,9282,19782,19782,14488,36728
17,0,7565,18065,18065,10586,15621
18,0,5194,15694,15694,37516,16475
19,0,5418,15918,15918,15747,17210
20,0,24149,38490,38490,38564,15552
21,1,23975,37727,35555,37727,20170
22,0,7413,17913,17913,39090,35238
23,0,21871,38709,38709,16514,36557
24,0,5405,15905,15905,38913,37212
25,0,8310,18810,18810,16055,17258
26,0,3614,14114,14114,19208,20106
27,0,2108,12608,12608,38253,11022
28,0,25035,37031,37031,16544,19982
29,0,8248,18748,18748,38540,19656
30,0,21554,39541,39541,15198,12385
31,0,22478,35970,35970,16493,14682
32,0,24139,38720,38720,13571,13989
33,0,7759,18259,18259,20010,20591
34,0,22006,37289,37289,11394,12241
35,0,5653,16153,16153,39431,37635
36,0,25387,37804,37804,15458,37707
37,0,8431,18931,18931,11651,11705
38,0,6827,17327,17327,19836,11525
39,0,21916,39338,39338,20679,16837
40,0,4325,14825,14825,20429,17659
41,0,3219,13719,13719,13234,12390
42,0,9642,20142,20142,14862,35378
43,0,6345,16845,16845,35873,15223
44,0,6884,17384,17384,15301,35152
45,0,1193,11693,11693,13960,15664
46,0,45,10545,10545,39052,19668
47,0,23174,38548,38548,11606,19577
48,0,976,11476,11476,12805,11749
49,0,24107,36484,36484,18701,11242
50,0,2963,13463,13463,13753,11601
51,1,1584,12084,16356,12084,12720
52,0,9459,19959,19959,14868,36164
53,0,4515,15015,15015,17502,36360
54,0,21059,37393,37393,14659,17851
55,0,24044,35632,35632,17923,12494
56,0,1975,12475,12475,16074,36247
57,0,3912,14412,14412,13270,14021
58,0,9811,20311,20311,16691,18357
59,0,6717,17217,17217,13936,17543
60,0,4411,14911,14911,13831,39498
61,0,22553,37457,37457,19768,15915
62,1,8994,19494,37597,19494,16132
63,0,22858,37249,37249,19830,19095
64,0,25443,35544,35544,18651,14722
65,0,24632,36269,36269,14299,20843
66,0,22360,36474,36474,11889,17496
67,0,2840,13340,13340,18541,19197
68,0,7908,18408,18408,15697,10581
69,0,8084,18584,18584,12850,38247
70,0,7976,18476,18476,13086,35260
71,0,6211,16711,16711,10587,39119
72,0,25143,37050,37050,11287,20576
73,0,24565,36517,36517,19396,16191
74,0,9620,20120,20120,37893,38822
75,0,24750,37044,37044,14332,11239
76,0,24793,35561,35561,36934,12876
77,0,7907,18407,18407,12704,12156
78,0,10132,20632,20632,37942,12466
79,0,37,10537,10537,36812,39332
80,0,576,11076,11076,16071,39054
81,0,4822,15322,15322,12398,10772
82,0,3988,14488,14488,36540,20311
83,0,713,11213,11213,15117,13662
84,0,25111,39003,39003,15758,38557
85,0,24085,39532,39532,19693,10755
86,0,8251,18751,18751,38445,17942
87,0,2335,12835,12835,12933,13636
88,0,4745,15245,15245,11658,35771
89,0,4420,14920,14920,12346,13499
90,0,22210,38778,38778,13811,37304
91,0,24513,39020,39020,37313,17224
92,1,881,11381,12550,11381,36896
93,0,567,11067,11067,16610,12352
94,0,24999,38838,38838,11130,11796
95,0,4983,15483,15483,38621,35989
96,0,2245,12745,12745,20276,39185
97,0,5270,15770,15770,11616,35716
98,0,4165,14665,14665,36111,37485
99,0,8156,18656,18656,16837,37397
100,0,7820,18320,18320,37645,35633
101,0,10071,20571,20571,12043,12031
102,0,8655,19155,19155,11119,36483
103,0,239,10739,10739,35391,17638
104,0,23691,37374,37374,16584,39081
105,0,6454,16954,16954,16510,19121
106,0,6662,17162,17162,20042,20168
107,0,1597,12097,12097,16434,16779
108,0,9664,20164,20164,39045,15709
109,0,22261,36116,36116,35924,39568
110,0,1901,12401,12401,19411,15142
111,2,1180,11680,17204,13808,11680
112,0,23609,37736,37736,37549,10795
113,0,24096,37798,37798,14079,20444
114,0,8573,19073,19073,12211,19015
115,1,3006,13506,10617,13506,10553
116,0,9453,19953,19953,19542,12010
117,0,2781,13281,13281,12374,14310
118,0,9558,20058,20058,18702,10959
119,0,6110,16610,16610,11067,15003
120,0,5733,16233,16233,14323,10864
121,0,9185,19685,19685,20075,36390
122,0,21818,36978,36978,11599,13868
123,0,8846,19346,19346,11877,13997
124,0,2829,13329,13329,36550,35903
125,0,21414,35329,35329,13451,19250
126,0,9350,19850,19850,20275,11130
127,0,5277,15777,15777,38293,35646
128,0,8254,18754,18754,20354,15693
129,0,4219,14719,14719,12780,39497
130,0,23083,36036,36036,11313,37304
131,0,21368,37441,37441,10837,39431
132,0,22742,38387,38387,38657,37906
133,0,5431,15931,15931,10886,17702
134,0,3413,13913,13913,18962,17759
135,0,25167,36299,36299,20289,19031
136,0,906,11406,11406,17666,37598
137,0,7760,18260,18260,13389,20175
138,0,3693,14193,14193,37200,17348
139,1,22409,38519,36301,38519,13972
140,0,3118,13618,13618,12490,37434
141,0,23912,37099,37099,17089,38931
142,0,24467,35159,35159,13248,36342
143,0,21069,37930,37930,36854,12238
144,0,8621,19121,19121,14054,12215
145,0,23007,35996,35996,14555,35596
146,0,7706,18206,18206,17628,14329
147,0,7017,17517,17517,20400,39507
148,0,9305,19805,19805,20632,14931
149,0,295,10795,10795,37549,37736
150,1,23742,38463,37092,38463,16168
151,0,1785,12285,12285,18071,36529
152,0,4382,14882,14882,11501,20203
153,0,6507,17007,17007,35641,18729
154,0,21632,35099,35099,15566,13148
155,0,1284,11784,11784,15475,11831
156,0,7784,18284,18284,13662,13836
157,0,22138,35793,35793,13247,38535
158,0,23314,37266,37266,20112,35440
159,0,4454,14954,14954,12125,39178
160,0,21383,39112,39112,12367,39374
161,0,549,11049,11049,13501,11563
162,0,5340,15840,15840,19414,14835
163,0,21270,37137,37137,18878,39539
164,0,3574,14074,14074,12146,35555
165,1,24911,37129,13069,37129,13810
166,0,4352,14852,14852,17922,16589
167,0,6831,17331,17331,37934,19548
168,0,2648,13148,13148,37265,17937
169,0,2586,13086,13086,37504,18476
170,0,5862,16362,16362,20429,14461
171,0,3160,13660,13660,19207,35777
172,0,7152,17652,17652,13485,14869
173,0,3182,13682,13682,38794,18439
174,0,3480,13980,13980,15416,20088
175,0,2377,12877,12877,18068,19276
176,0,24345,35702,35702,37038,14972
177,0,21249,36647,36647,15273,17779
178,0,21990,38784,38784,19502,14005
179,0,8205,18705,18705,13997,10689
180,0,7698,18198,18198,20605,13478
181,0,10009,20509,20509,13950,10882
182,0,21054,36990,36990,18646,12707
183,0,5688,16188,16188,16591,10540
184,0,22660,39070,39070,20178,36074
185,0,22219,38190,38190,39058,13876
186,0,21097,35707,35707,35816,13334
187,0,8480,18980,18980,17357,14530
188,0,21503,38089,38089,15981,14566
189,0,8159,18659,18659,19859,12491
190,0,10117,20617,20617,11112,37427
191,0,8025,18525,18525,11692,13541
192,0,23438,37633,37633,39390,15541
193,0,21770,38409,38409,13370,15065
194,0,21573,36806,36806,18711,15446
195,0,1613,12113,12113,18502,18227
196,0,9997,20497,20497,12690,17706
197,0,8153,18653,18653,39188,15660
198,0,7936,18436,18436,36813,37459
199,0,8447,18947,18947,17002,39532
200,0,2015,12515,12515,12662,15258
201,0,9505,20005,20005,19564,11565
202,0,22650,39304,39304,37727,13418
203,0,7844,18344,18344,38866,37424
204,0,6442,16942,16942,13391,17559
205,0,2981,13481,13481,20241,36037
206,0,7606,18106,18106,39051,20632
207,0,22739,35391,35391,15417,12037
208,0,23944,37691,37691,16765,16837
209,0,243,10743,10743,38911,38979
210,0,5032,15532,15532,16773,39450
211,0,106,10606,10606,37435,12326
212,0,8709,19209,19209,35927,39183
213,0,6734,17234,17234,18005,15045
214,0,21653,37851,37851,18540,35850
215,0,22505,38352,38352,19154,35928
216,0,21151,37896,37896,19806,38571
217,0,9211,19711,19711,18107,15303
218,0,21424,37281,37281,15676,12772
219,0,9881,20381,20381,16078,39569
220,0,4605,15105,15105,12174,36929
221,0,8424,18924,18924,35180,17794
222,0,21626,36101,36101,38859,15496
223,0,5286,15786,15786,13838,16103
224,0,3960,14460,14460,11819,35674
225,0,3873,14373,14373,10798,35602
226,0,7854,18354,18354,20889,38006
227,0,22496,38198,38198,19515,39270
228,0,25303,37350,37350,15486,13152
229,0,8246,18746,18746,37568,17634
230,0,8852,19352,19352,11842,12945
231,0,21220,38196,38196,38102,35966
232,0,24095,35871,35871,20715,17010
233,0,7512,18012,18012,11843,37340
234,1,25461,38345,38171,38345,18180
235,0,29,10529,10529,20169,14470
236,0,2801,13301,13301,36185,11278
237,0,6875,17375,17375,16870,10642
238,0,8116,18616,18616,35291,16411
239,0,2922,13422,13422,11180,35482
240,0,4664,15164,15164,17525,15271
241,0,24106,37447,37447,15528,11910
242,0,8040,18540,18540,37851,14748
243,0,22297,38895,38895,10569,39222
244,0,1245,11745,11745,36571,39430
245,0,7136,17636,17636,13709,36736
246,0,4053,14553,14553,16789,12393
247,0,25187,37577,37577,38490,15932
248,0,4412,14912,14912,15785,12061
249,0,108,10608,10608,37245,18090
250,0,21400,36549,36549,16502,36207
251,0,6301,16801,16801,16126,11638
252,0,9276,19776,19776,17760,14216
253,0,22174,35826,35826,17986,17779
254,0,22817,35372,35372,36545,12921
255,0,21685,38147,38147,19700,17534
256,0,8673,19173,19173,12656,19980
257,0,4394,14894,14894,35539,35581
258,0,22859,37549,37549,10795,37736
259,0,23213,37290,37290,11024,35113
260,0,25135,36379,36379,36378,18840
261,0,10063,20563,20563,16831,10770
262,0,4348,14848,14848,19857,19193
263,0,24630,35812,35812,12926,18278
264,0,23595,38802,38802,20258,12990
265,0,7476,17976,17976,10788,19489
266,0,7254,17754,17754,11070,35710
267,0,7840,18340,18340,35817,20318
268,0,5001,15501,15501,13946,11099
269,0,5610,16110,16110,16429,36169
270,0,6367,16867,16867,20251,39566
271,0,973,11473,11473,10852,37580
272,0,4999,15499,15499,37817,35816
273,0,4299,14799,14799,39100,20602
274,0,5019,15519,15519,20650,15266
275,0,3653,14153,14153,19250,35329
276,0,24983,36820,36820,10594,16368
277,0,10242,20742,20742,17527,18295
278,0,3088,13588,13588,15337,16788
279,0,5456,15956,15956,17197,35385
280,0,5662,16162,16162,37178,20721
281,0,8701,19201,19201,37764,38710
282,0,5805,16305,16305,16121,17683
283,1,24665,38675,36790,38675,38742
284,0,10,10510,10510,19232,15533
285,0,2647,13147,13147,39262,14230
286,0,25360,36377,36377,14913,36572
287,0,1426,11926,11926,37874,13073
288,0,21418,36693,36693,16194,16992
289,0,3265,13765,13765,13701,17467
290,0,22990,36356,36356,38535,17978
291,0,22316,36534,36534,20515,15261
292,0,25350,37550,37550,20042,35119
293,0,21801,37831,37831,20083,10756
294,0,1215,11715,11715,15509,17236
295,0,22891,36334,36334,18972,17702
296,0,22382,38484,38484,17321,13160
297,0,22878,38179,38179,15066,38468
298,0,9490,19990,19990,20122,13093
299,0,6702,17202,17202,18905,20280
300,0,323,10823,10823,14219,10802
301,0,1344,11844,11844,20379,16828
302,0,4457,14957,14957,16904,17633
303,0,25128,36497,36497,36526,11306
304,2,909,11409,38916,11059,11409
305,0,10141,20641,20641,14544,35363
306,0,3399,13899,13899,12209,37925
307,0,496,10996,10996,35507,38225
308,0,9349,19849,19849,17503,16255
309,0,23376,37602,37602,19208,11574
310,0,10285,20785,20785,15706,38269
311,0,5312,15812,15812,15222,16563
312,0,24460,37398,37398,15997,17051
313,0,3470,13970,13970,19571,13737
314,0,24369,38649,38649,38424,19703
315,0,6848,17348,17348,18393,36512
316,0,4365,14865,14865,15128,37448
317,0,10356,20856,20856,12125,20758
318,0,1195,11695,11695,17567,38078
319,0,21718,36676,36676,16808,20441
320,0,1423,11923,11923,16526,20508
321,0,5477,15977,15977,38058,39244
322,0,256,10756,10756,37831,39226
323,0,21713,37227,37227,12104,17505
324,0,23156,37874,37874,17864,11692
325,0,288,10788,10788,16017,12032
326,0,8412,18912,18912,20318,17615
327,0,21831,39063,39063,15524,18385
328,0,8919,19419,19419,14747,19969
329,0,10089,20589,20589,20074,17157
330,0,21307,37538,37538,11378,16673
331,0,4484,14984,14984,14830,18484
332,0,23999,38885,38885,18985,20178
333,0,7515,18015,18015,15586,39351
334,0,7070,17570,17570,13930,14933
335,0,1232,11732,11732,18965,38908
336,0,9366,19866,19866,37835,18157
337,0,5553,16053,16053,12753,20814
338,0,2675,13175,13175,37656,12375
339,0,1112,11612,11612,15047,14010
340,0,4919,15419,15419,37245,13066
341,0,24539,37085,37085,11849,11705
342,0,267,10767,10767,15259,18441
343,0,23113,35333,35333,11704,35410
344,0,6497,16997,16997,14220,15781
345,0,5318,15818,15818,13003,35290
346,0,21866,36758,36758,20788,36254
347,0,7672,18172,18172,12304,20224
348,0,3048,13548,13548,16354,11455
349,0,6167,16667,16667,20807,19266
350,0,8117,18617,18617,12215,11061
351,0,1379,11879,11879,10703,14797
352,0,23883,36419,36419,38407,35537
353,0,24710,36114,36114,14283,14785
354,0,9606,20106,20106,19670,17801
355,0,4759,15259,15259,38652,38000
356,0,9574,20074,20074,18061,15265
357,0,5502,16002,16002,16675,19332
358,0,21050,38514,38514,17523,17323
359,0,3790,14290,14290,14250,18930
360,0,620,11120,11120,13207,13470
361,0,652,11152,11152,20315,20316
362,0,5723,16223,16223,36488,16025
363,0,23800,37368,37368,13309,10767
364,0,3473,13973,13973,20422,37356
365,0,21754,36930,36930,35687,11141
366,0,5028,15528,15528,37447,13779
367,0,6836,17336,17336,18554,37250
368,0,6271,16771,16771,14080,14068
369,0,25065,36344,36344,11134,19036
370,0,2516,13016,13016,35208,20793
371,0,22022,36613,36613,20208,11532
372,0,22169,36075,36075,38790,12662
373,0,7076,17576,17576,14624,17619
374,0,25034,37897,37897,17340,12018
375,0,8223,18723,18723,11164,35365
376,0,25023,35385,35385,15893,16689
377,0,21457,39163,39163,10789,11301
378,0,3603,14103,14103,10859,11364
379,0,24014,36337,36337,20880,15518
380,0,23191,38847,38847,10917,35771
381,0,5458,15958,15958,38153,16650
382,0,22379,36570,36570,19802,15069
383,0,1506,12006,12006,12226,10576
384,0,8336,18836,18836,16979,19727
385,0,24280,37590,37590,20238,12943
386,0,23064,39318,39318,11563,16793
387,0,24805,35520,35520,20777,10746
388,0,22241,36970,36970,19370,38711
389,0,25087,38752,38752,19721,38760
390,0,21310,39222,39222,10569,38895
391,0,4890,15390,15390,16180,12670
392,0,730,11230,11230,20193,17237
393,0,7021,17521,17521,14782,13997
394,0,23115,38085,38085,37154,19965
395,0,8470,18970,18970,38258,20654
396,0,8534,19034,19034,37554,36560
397,0,1745,12245,12245,10633,15127
398,0,3853,14353,14353,13324,12488
399,0,25276,37003,37003,15856,16837
400,0,22917,39231,39231,20897,13679
401,0,2709,13209,13209,18881,39554
402,0,9761,20261,20261,20271,16645
403,0,3388,13888,13888,20382,35484
404,0,24191,39281,39281,15151,18675
405,0,23308,36701,36701,14017,37411
406,0,22193,39314,39314,36967,16170
407,0,5640,16140,16140,36977,35924
408,0,8314,18814,18814,11595,11393
409,8,3126,13626,38072,12474,35890
410,0,1156,11656,11656,20363,13585
411,0,9825,20325,20325,14817,10962
412,0,32,10532,10532,36018,17843
413,0,10122,20622,20622,39077,12381
414,0,22641,36224,36224,35371,37953
415,0,1336,11836,11836,14476,36029
416,0,25205,38128,38128,39078,15082
417,0,24803,35393,35393,35394,39520
418,0,21394,37436,37436,13207,11120
419,0,8824,19324,19324,14809,19866
420,0,1610,12110,12110,36987,36826
421,0,939,11439,11439,11500,14644
422,0,5381,15881,15881,35126,18539
423,0,4023,14523,14523,11663,13261
424,0,6243,16743,16743,37778,11762
425,0,21233,37813,37813,35939,15313
426,0,24308,35626,35626,17970,38113
427,0,745,11245,11245,16302,35561
428,0,4083,14583,14583,20771,35284
429,0,9640,20140,20140,35504,19634
430,0,2877,13377,13377,36419,15731
431,0,4963,15463,15463,15405,20069
432,4,4701,15201,11165,15992,18595
433,1,1741,12241,11394,12241,13840
434,0,9271,19771,19771,19266,20032
435,0,2651,13151,13151,38857,14332
436,0,5665,16165,16165,37432,37899
437,0,3002,13502,13502,15397,12570
438,0,1821,12321,12321,39516,35221
439,0,25486,37977,37977,13861,11050
440,0,1330,11830,11830,19001,14905
441,0,21461,39477,39477,10548,38314
442,0,957,11457,11457,14423,16070
443,0,2110,12610,12610,37463,11239
444,0,5399,15899,15899,11773,19068
445,0,4691,15191,15191,14974,13989
446,0,1660,12160,12160,38371,14154
447,0,24105,38396,38396,17596,18385
448,0,5106,15606,15606,11413,19324
449,0,22536,37947,37947,13207,37436
450,0,655,11155,11155,19069,36511
451,0,21529,36638,36638,38738,19680
452,0,25320,39438,39438,18287,35464
453,0,24147,38579,38579,35361,35501
454,0,7974,18474,18474,38520,16145
455,0,8612,19112,19112,15083,12601
456,0,6883,17383,17383,14973,18433
457,0,2199,12699,12699,18920,14789
458,0,2960,13460,13460,36082,13278
459,0,4640,15140,15140,20969,39328
460,0,9164,19664,19664,14685,15209
461,0,21007,37634,37634,38400,15472
462,0,23267,36017,36017,18214,11795
463,0,5868,16368,16368,13039,19404
464,0,24653,36143,36143,38334,11943
465,0,1405,11905,11905,35706,16993
466,0,22315,35297,35297,11640,35506
467,0,2625,13125,13125,39396,20582
468,0,9132,19632,19632,15508,11644
469,0,5206,15706,15706,20785,17436
470,0,6084,16584,16584,37374,39081
471,0,4972,15472,15472,18295,38400
472,0,3148,13648,13648,13150,13944
473,0,8944,19444,19444,12893,12582
474,0,2873,13373,13373,38426,19588
475,1,3916,14416,19759,14416,39331
476,0,5267,15767,15767,14943,14926
477,0,6400,16900,16900,20587,20459
478,0,6561,17061,17061,11322,18515
479,0,8021,18521,18521,17489,15556
480,0,76,10576,10576,16419,39087
481,0,23590,35962,35962,38388,38493
482,1,9015,19515,38198,19515,14762
483,0,22842,38527,38527,15541,14405
484,0,4947,15447,15447,38169,36442
485,0,7822,18322,18322,19953,20533
486,0,2260,12760,12760,36302,39390
487,0,1775,12275,12275,19542,14860
488,1,5117,15617,14576,15617,36202
489,0,7248,17748,17748,12359,39312
490,0,93,10593,10593,16896,13386
491,0,22211,37869,37869,17076,20088
492,0,4007,14507,14507,16316,16138
493,0,7407,17907,17907,36725,10781
494,0,24864,35498,35498,38306,14385
495,0,6529,17029,17029,35231,11180
496,0,4810,15310,15310,15797,11267
497,0,3181,13681,13681,15022,11952
498,0,23487,38984,38984,19670,38781
499,0,1076,11576,11576,14432,19115
500,0,2338,12838,12838,16635,14461
501,0,5799,16299,16299,17122,17904
502,0,1885,12385,12385,15198,20579
503,0,5912,16412,16412,11867,13996
504,0,9875,20375,20375,13039,36614
505,0,4323,14823,14823,12751,11434
506,0,4949,15449,15449,15864,12858
507,0,5859,16359,16359,35212,16061
508,0,10000,20500,20500,17234,15857
509,0,6903,17403,17403,13686,12929
510,0,2759,13259,13259,10859,13572
511,0,24504,39528,39528,13645,18982
512,1,7885,18385,17945,18385,15072
513,0,4030,14530,14530,15514,13836
514,0,3352,13852,13852,14271,18934
515,0,1437,11937,11937,20189,38548
516,0,1233,11733,11733,20428,20295
517,0,8351,18851,18851,17283,15539
518,0,4281,14781,14781,38168,16556
519,0,5066,15566,15566,35099,16948
520,0,6728,17228,17228,37675,16793
521,0,3102,13602,13602,37984,12398
522,0,2465,12965,12965,17830,17891
523,0,7768,18268,18268,14266,38979
524,0,6929,17429,17429,11290,38238
525,0,449,10949,10949,13859,11239
526,0,5239,15739,15739,38566,36644
527,0,22279,37532,37532,19690,13148
528,0,3621,14121,14121,18845,18654
529,0,2317,12817,12817,18397,17446
530,0,6071,16571,16571,36496,19411
531,0,2185,12685,12685,38378,38193
532,0,4477,14977,14977,18442,17232
533,1,1890,12390,13489,12390,39357
534,0,1155,11655,11655,18561,35417
535,0,6061,16561,16561,36072,14595
536,0,7953,18453,18453,16042,16176
537,0,25256,38123,38123,37392,11101
538,0,1728,12228,12228,37894,15126
539,0,5151,15651,15651,13308,17398
540,0,24894,37836,37836,17499,13370
541,0,7685,18185,18185,15406,36236
542,0,22255,35451,35451,36749,15793
543,0,24622,35833,35833,11961,38078
544,0,10481,20981,20981,14018,13800
545,0,4392,14892,14892,18814,14119
546,0,8495,18995,18995,17714,38011
547,0,2503,13003,13003,11641,36992
548,0,9498,19998,19998,20837,14266
549,0,2463,12963,12963,36958,35180
550,0,5715,16215,16215,36006,17024
551,0,2846,13346,13346,38761,19729
552,0,9535,20035,20035,36106,37896
553,0,22194,37064,37064,35353,17386
554,0,1612,12112,12112,38092,15502
555,0,6234,16734,16734,16055,15044
556,0,2191,12691,12691,14854,19413
557,0,1729,12229,12229,37312,12511
558,0,25195,38434,38434,12629,13724
559,0,25470,36146,36146,19927,38905
560,0,10427,20927,20927,17635,38407
561,0,8176,18676,18676,11616,38756
562,0,9623,20123,20123,18054,39266
563,0,24810,37197,37197,15966,13009
564,0,23277,39272,39272,10840,16682
565,0,24523,37867,37867,12015,16499
566,0,23575,38520,38520,18474,19921
567,0,4047,14547,14547,18783,12865
568,0,5687,16187,16187,12308,12228
569,0,8296,18796,18796,13574,11278
570,0,7676,18176,18176,15799,36352
571,0,24846,35553,35553,37376,17564
572,0,4240,14740,14740,20680,15085
573,0,6670,17170,17170,13020,19116
574,0,7306,17806,17806,18281,17393
575,0,2755,13255,13255,37539,35986
576,0,2492,12992,12992,10897,15430
577,0,3139,13639,13639,37541,37459
578,0,8544,19044,19044,14860,13344
579,0,25327,37827,37827,18479,37463
580,0,22364,37788,37788,39064,38661
581,0,3272,13772,13772,11055,18327
582,0,22570,37363,37363,11997,19995
583,0,8408,18908,18908,15241,20049
584,0,2889,13389,13389,20175,18686
585,0,22111,35764,35764,38448,19994
586,0,788,11288,11288,14854,13642
587,0,23776,37554,37554,11354,36735
588,0,9818,20318,20318,18912,35158
589,0,7841,18341,18341,15340,37590
590,0,7301,17801,17801,13528,19369
591,0,7466,17966,17966,14878,12604
592,0,5678,16178,16178,16669,15446
593,0,9517,20017,20017,19271,35904
594,0,3377,13877,13877,19510,20196
595,0,4527,15027,15027,18533,15824
596,0,23628,37616,37616,19746,37879
597,0,1780,12280,12280,38219,19362
598,0,6756,17256,17256,15698,19418
599,0,2959,13459,13459,11603,16418
600,0,24536,39546,39546,38089,35451
601,0,23596,35540,35540,16419,35350
602,0,349,10849,10849,12056,12663
603,0,22867,38453,38453,11441,13926
604,0,5843,16343,16343,11221,35878
605,0,3349,13849,13849,14879,39094
606,0,42,10542,10542,35265,10590
607,0,801,11301,11301,39163,10789
608,0,3529,14029,14029,14993,18672
609,0,25069,36325,36325,38817,11680
610,0,981,11481,11481,13820,19595
611,0,3458,13958,13958,13793,36639
612,0,6451,16951,16951,36964,17597
613,0,24800,39357,39357,20123,18054
614,0,7590,18090,18090,37245,36571
615,1,8009,18509,37094,18509,14590
616,0,6714,17214,17214,37237,38923
617,0,8507,19007,19007,14021,19898
618,0,23639,35513,35513,38121,15152
619,0,8366,18866,18866,38467,16276
620,0,21113,36279,36279,37739,13588
621,0,2756,13256,13256,11599,36057
622,0,7188,17688,17688,16757,20680
623,0,916,11416,11416,36834,13716
624,0,4617,15117,15117,37336,18439
625,0,1616,12116,12116,39016,37808
626,0,25382,35196,35196,20133,14527
627,0,24291,37923,37923,12806,38780
628,0,2146,12646,12646,11665,39232
629,0,7191,17691,17691,36016,11323
630,0,1833,12333,12333,15667,13986
631,0,5964,16464,16464,35420,11286
632,0,23129,38978,38978,38905,14376
633,0,5508,16008,16008,13084,36008
634,0,7405,17905,17905,11857,11227
635,0,4714,15214,15214,19708,38516
636,0,5714,16214,16214,10647,16288
637,0,9699,20199,20199,18358,37774
638,0,25332,35368,35368,19758,36044
639,0,782,11282,11282,20473,12060
640,0,6173,16673,16673,20597,37538
641,0,7523,18023,18023,19596,38606
642,0,5396,15896,15896,37080,10713
643,0,23131,39157,39157,14554,13206
644,0,24825,37113,37113,37500,16731
645,0,9035,19535,19535,17541,13912
646,0,4838,15338,15338,36121,15633
647,0,2401,12901,12901,36458,20443
648,0,7663,18163,18163,38095,13395
649,0,4205,14705,14705,20415,15075
650,0,4641,15141,15141,19207,35853
651,0,2152,12652,12652,12412,11538
652,0,5550,16050,16050,35356,11563
653,0,2947,13447,13447,39317,17075
654,0,9564,20064,20064,13056,16023
655,0,8028,18528,18528,17013,16122
656,0,3878,14378,14378,18763,14872
657,0,5936,16436,16436,36773,39582
658,0,7207,17707,17707,14235,16791
659,0,5364,15864,15864,16636,13950
660,0,22696,35460,35460,19916,14481
661,0,7255,17755,17755,11048,12666
662,0,22494,39195,39195,11302,16296
663,0,8063,18563,18563,19992,38160
664,0,3023,13523,13523,15016,35843
665,0,24283,35442,35442,19667,37131
666,0,3541,14041,14041,17706,13190
667,0,3279,13779,13779,37060,20289
668,0,8423,18923,18923,39205,35347
669,0,6740,17240,17240,19778,38905
670,0,25449,38876,38876,15035,35712
671,0,8753,19253,19253,12807,35987
672,0,22724,35405,35405,20465,20376
673,0,2804,13304,13304,17496,11889
674,0,2211,12711,12711,15472,15660
675,0,23417,37136,37136,37042,17865
676,0,8237,18737,18737,37381,19071
677,0,22407,35575,35575,10589,36362
678,0,3133,13633,13633,15324,13345
679,0,7132,17632,17632,19653,36215
680,0,8842,19342,19342,10693,38602
681,0,7781,18281,18281,15156,17806
682,0,4320,14820,14820,20286,18902
683,0,6853,17353,17353,15552,13135
684,0,2107,12607,12607,18454,14661
685,0,5128,15628,15628,12531,37369
686,0,9648,20148,20148,16322,16199
687,0,23574,35914,35914,20959,11830
688,0,3973,14473,14473,11825,12468
689,0,21268,35457,35457,13336,13363
690,0,3034,13534,13534,20985,16296
691,0,21016,35408,35408,36576,38997
692,0,9734,20234,20234,11387,14413
693,0,4663,15163,15163,38181,37023
694,0,8394,18894,18894,17035,14754
695,0,3286,13786,13786,11483,38639
696,0,2367,12867,12867,10574,36822
697,0,9698,20198,20198,19624,10598
698,0,24608,36117,36117,37484,20406
699,0,440,10940,10940,15444,11532
700,0,23559,37228,37228,20218,15995
701,0,24415,36648,36648,20643,17378
702,0,7887,18387,18387,16057,19193
703,0,4692,15192,15192,20832,39324
704,0,23205,38017,38017,17612,16073
705,0,9315,19815,19815,15821,10698
706,0,9845,20345,20345,36620,19448
707,0,1224,11724,11724,15276,14935
708,0,8541,19041,19041,13602,18254
709,0,2592,13092,13092,15161,14721
710,0,3247,13747,13747,13991,13541
711,0,2812,13312,13312,20397,16079
712,0,25136,39284,39284,35579,39396
713,0,6857,17357,17357,18980,19622
714,0,8233,18733,18733,17772,15963
715,0,2691,13191,13191,35642,14424
716,0,4132,14632,14632,19187,15288
717,0,6745,17245,17245,18398,12413
718,0,6779,17279,17279,11892,16998
719,0,2249,12749,12749,16945,12178
720,1,2552,13052,39165,13052,18878
721,0,8674,19174,19174,14332,38593
722,0,21950,35142,35142,19540,19097
723,0,10067,20567,20567,15756,39184
724,0,7342,17842,17842,16624,39200
725,0,3649,14149,14149,39170,38068
726,0,380,10880,10880,20189,15045
727,0,21010,35958,35958,20892,16956
728,0,5749,16249,16249,39168,20379
729,3,7210,17710,38366,37215,38757
730,0,23024,39009,39009,14148,36792
731,0,8015,18515,18515,20547,16814
732,0,1360,11860,11860,16746,37917
733,0,3196,13696,13696,20276,10639
734,0,2037,12537,12537,37822,17266
735,0,486,10986,10986,38251,36731
736,0,9935,20435,20435,13447,19273
737,0,23429,36610,36610,17590,15470
738,0,783,11283,11283,18205,18348
739,0,8126,18626,18626,19716,11405
740,0,7034,17534,17534,38147,36810
741,0,10100,20600,20600,13736,36268
742,0,24104,39391,39391,10651,16902
743,0,3238,13738,13738,14162,16649
744,0,6369,16869,16869,19749,13487
745,0,9755,20255,20255,35136,18019
746,0,22961,35947,35947,15145,10884
747,0,10252,20752,20752,11095,12753
748,0,22358,39555,39555,38864,36922
749,0,8355,18855,18855,20935,39253
750,0,6590,17090,17090,38121,15840
751,0,8198,18698,18698,13055,18277
752,0,24383,37904,37904,17153,15074
753,0,1915,12415,12415,19775,15888
754,0,8543,19043,19043,19726,15812
755,0,9718,20218,20218,37500,18110
756,0,7582,18082,18082,35940,38475
757,0,23441,35224,35224,36282,15690
758,0,23700,36599,36599,16904,12073
759,0,3464,13964,13964,15281,14223
760,0,2138,12638,12638,13280,16010
761,0,23477,38121,38121,17890,15840
762,0,25232,36578,36578,38468,11920
763,0,742,11242,11242,20485,14719
764,0,8568,19068,19068,11052,37923
765,0,24675,36123,36123,36633,20701
766,0,9774,20274,20274,13295,14462
767,0,6759,17259,17259,39548,16602
768,0,23271,38662,38662,14977,14983
769,0,21924,38455,38455,11659,16487
770,0,4480,14980,14980,38652,12735
771,0,3442,13942,13942,20152,15653
772,0,21341,36454,36454,11723,19847
773,0,4521,15021,15021,16784,15541
774,0,2847,13347,13347,38484,20276
775,0,24349,38659,38659,37514,38764
776,0,23611,37502,37502,18587,17210
777,0,7018,17518,17518,18060,17529
778,0,9178,19678,19678,20230,39198
779,0,25126,39197,39197,39308,13845
780,0,6865,17365,17365,18899,13597
781,0,6698,17198,17198,38874,20979
782,0,24839,38815,38815,11773,11565
783,0,25408,38077,38077,18005,17973
784,0,6355,16855,16855,10785,19488
785,0,1834,12334,12334,37478,17764
786,0,9684,20184,20184,13168,38625
787,0,8897,19397,19397,37490,36011
788,0,22419,37177,37177,36134,37950
789,0,23365,39457,39457,20632,39449
790,0,5703,16203,16203,16071,39054
791,0,4801,15301,15301,12216,35276
792,0,9303,19803,19803,35832,19123
793,0,24673,35371,35371,16533,10687
794,0,22749,38015,38015,38067,15347
795,0,9436,19936,19936,16461,19498
796,0,3003,13503,13503,17241,12459
797,0,23,10523,10523,15444,19835
798,0,21559,36598,36598,19632,11644
799,0,3524,14024,14024,17626,13453
800,0,25100,35550,35550,37762,35634
801,0,24102,36754,36754,37789,19942
802,0,9629,20129,20129,18145,10814
803,0,1309,11809,11809,20261,20271
804,0,23215,39011,39011,35132,19050
805,0,8395,18895,18895,20447,14732
806,0,3475,13975,13975,13247,36834
807,0,789,11289,11289,15393,17150
808,0,21971,36478,36478,17658,14641
809,0,21740,36500,36500,15299,11555
810,0,7015,17515,17515,14927,12740
811,0,3284,13784,13784,36692,17767
812,0,6463,16963,16963,19639,14695
813,0,2514,13014,13014,15997,14819
814,0,6145,16645,16645,18495,20261
815,0,4385,14885,14885,35623,12551
816,0,22560,35551,35551,18711,15446
817,0,4905,15405,15405,14659,15463
818,0,8732,19232,19232,10510,15533
819,0,24374,37622,37622,36873,13057
820,0,21036,38919,38919,19510,20295
821,0,5446,15946,15946,11148,12168
822,0,9419,19919,19919,16255,12729
823,0,3688,14188,14188,11205,15908
824,0,1395,11895,11895,37694,11186
825,0,21196,39333,39333,11358,35485
826,0,22815,35465,35465,15752,11129
827,0,5006,15506,15506,19354,19008
828,0,5357,15857,15857,15222,13363
829,0,22532,39513,39513,19169,35449
830,11,7864,18364,13071,15016,17133
831,0,5257,15757,15757,12043,37428
832,0,5632,16132,16132,17932,12087
833,0,6805,17305,17305,20149,13469
834,0,9581,20081,20081,38984,19670
835,0,25296,38426,38426,13373,20963
836,0,5434,15934,15934,20560,13683
837,0,7416,17916,17916,20504,14271
838,0,10333,20833,20833,16524,14311
839,0,8128,18628,18628,38946,13211
840,0,25209,37825,37825,19854,14906
841,0,5883,16383,16383,18355,11784
842,0,9487,19987,19987,20075,10574
843,0,3301,13801,13801,14267,17861
844,0,23346,37404,37404,12176,39591
845,0,10284,20784,20784,39109,12252
846,0,21174,35389,35389,16080,11769
847,0,23623,39165,39165,13052,14023
848,0,712,11212,11212,20632,38140
849,0,4279,14779,14779,11234,18504
850,0,25462,39030,39030,17922,38283
851,0,8763,19263,19263,20908,37599
852,0,23460,35910,35910,15327,15430
853,0,10424,20924,20924,15437,19943
854,0,1822,12322,12322,36921,12337
855,0,9411,19911,19911,14159,35395
856,0,6245,16745,16745,38527,37378
857,0,7525,18025,18025,14171,12438
858,0,21346,38640,38640,18385,18220
859,0,22165,38270,38270,14885,14105
860,0,8420,18920,18920,14329,37879
861,0,1977,12477,12477,36194,17399
862,0,23446,36496,36496,16571,36659
863,0,3264,13764,13764,19475,13530
864,0,23849,35778,35778,15309,37554
865,0,4834,15334,15334,17854,18380
866,0,5061,15561,15561,10618,14485
867,0,252,10752,10752,39496,17582
868,0,24587,38942,38942,38108,18238
869,0,2098,12598,12598,11048,20358
870,0,6244,16744,16744,14486,15776
871,0,22162,38079,38079,20068,35850
872,1,3671,14171,12438,14171,16736
873,0,24338,35392,35392,39134,19630
874,0,23745,35226,35226,36792,12592
875,0,7613,18113,18113,14637,38048
876,0,23765,38393,38393,11800,19667
877,0,4416,14916,14916,14374,38707
878,0,22769,38733,38733,15797,37672
879,0,10113,20613,20613,14479,13658
880,0,5857,16357,16357,18038,19116
881,0,8645,19145,19145,18711,36661
882,0,6415,16915,16915,16675,35748
883,0,6914,17414,17414,11040,13873
884,0,22707,36466,36466,19060,15793
885,0,2934,13434,13434,18461,39496
886,0,6017,16517,16517,35442,36461
887,0,8229,18729,18729,35640,17007
888,0,9294,19794,19794,19591,19787
889,0,8360,18860,18860,17483,11285
890,0,6562,17062,17062,13641,37896
891,0,22728,39497,39497,14719,13546
892,0,23850,36728,36728,36727,20370
893,0,8344,18844,18844,36752,17468
894,0,24421,37871,37871,20598,12043
895,0,22348,37537,37537,16984,17394
896,0,7073,17573,17573,15150,19357
897,0,56,10556,10556,11201,20954
898,0,3412,13912,13912,10709,19535
899,0,5584,16084,16084,36071,38583
900,0,2855,13355,13355,36817,12966
901,0,6209,16709,16709,11838,14318
902,0,2986,13486,13486,13990,11346
903,0,9553,20053,20053,12068,12300
904,0,5999,16499,16499,12015,17831
905,0,24919,37032,37032,35870,20307
906,0,23727,37397,37397,16417,12806
907,0,6189,16689,16689,35385,15956
908,0,9943,20443,20443,15994,19416
909,0,8348,18848,18848,20867,37826
910,0,23933,36380,36380,37710,12320
911,0,4722,15222,15222,12019,15812
912,0,8292,18792,18792,13571,20514
913,0,7425,17925,17925,37525,38813
914,0,4472,14972,14972,37752,35702
915,0,8781,19281,19281,14096,17849
916,0,23046,35643,35643,16760,19321
917,0,2188,12688,12688,10954,39537
918,0,6461,16961,16961,20753,10723
919,0,4049,14549,14549,38134,20748
920,0,23296,38168,38168,16556,14781
921,0,21037,37856,37856,11055,15492
922,0,22737,38108,38108,16017,38942
923,0,7391,17891,17891,17830,12965
924,0,3544,14044,14044,38863,13352
925,0,519,11019,11019,12156,36030
926,0,7689,18189,18189,36801,13465
927,0,4508,15008,15008,39081,18735
928,0,22629,36523,36523,12572,20506
929,0,6641,17141,17141,10832,37112
930,0,5263,15763,15763,20883,19577
931,0,8139,18639,18639,17648,12072
932,0,6916,17416,17416,35160,16483
933,0,227,10727,10727,16059,12285
934,0,8741,19241,19241,15359,36653
935,0,23394,36317,36317,18252,39180
936,0,8147,18647,18647,19188,35874
937,0,7621,18121,18121,16283,11564
938,0,8127,18627,18627,12700,14477
939,0,23683,38603,38603,36411,35147
940,0,22323,38589,38589,37747,12835
941,0,10125,20625,20625,39118,36200
942,0,1699,12199,12199,16238,18335
943,0,21468,39505,39505,17314,11794
944,0,22834,37606,37606,11363,13900
945,0,1877,12377,12377,12940,12118
946,0,513,11013,11013,14995,16544
947,0,8046,18546,18546,13562,19670
948,0,9246,19746,19746,11446,11023
949,0,24625,35683,35683,37078,20436
950,0,9612,20112,20112,35429,12943
951,0,6886,17386,17386,35353,11857
952,0,6119,16619,16619,14681,10521
953,0,21913,35107,35107,16767,37509
954,3,23881,38170,14880,19476,38026
955,0,7899,18399,18399,14971,36077
956,0,10310,20810,20810,18388,14681
957,0,21142,38583,38583,36071,16084
958,0,2916,13416,13416,18220,38676
959,0,25129,38645,38645,11606,35797
960,0,480,10980,10980,19176,15045
961,0,23519,35504,35504,20140,17946
962,0,9603,20103,20103,16992,39214
963,0,2577,13077,13077,14854,19214
964,0,5804,16304,16304,20618,14132
965,0,23212,38187,38187,39324,38092
966,0,8364,18864,18864,38560,37215
967,0,5858,16358,16358,13597,17365
968,0,24829,38719,38719,17133,17653
969,0,5272,15772,15772,16718,11680
970,0,9932,20432,20432,14753,15408
971,0,8651,19151,19151,10575,13363
972,0,1596,12096,12096,37495,16780
973,0,22655,37898,37898,11774,13247
974,0,3896,14396,14396,19518,16279
975,0,23476,35152,35152,17384,17119
976,0,1349,11849,11849,18116,16732
977,0,9072,19572,19572,13765,38619
978,0,10092,20592,20592,36910,15661
979,0,3777,14277,14277,17919,36877
980,0,22238,35670,35670,18543,19825
981,0,24984,35924,35924,36977,16140
982,0,21219,39174,39174,12019,18445
983,0,4050,14550,14550,10698,11273
984,0,23318,35108,35108,16700,19716
985,0,23785,36221,36221,12542,37451
986,0,24080,37047,37047,11834,11253
987,0,24860,39366,39366,38878,16440
988,0,2762,13262,13262,15677,12035
989,0,23114,39336,39336,18956,13431
990,0,6387,16887,16887,15318,12772
991,0,3685,14185,14185,18445,35431
992,0,5062,15562,15562,38100,36085
993,0,3602,14102,14102,12396,11774
994,0,22637,36359,36359,19267,37186
995,0,21141,39371,39371,35635,39434
996,0,1446,11946,11946,14509,20633
997,0,9373,19873,19873,14667,13705
998,0,1020,11520,11520,38573,15572
999,0,705,11205,11205,14188,37920
1000,0,6427,16927,16927,35534,13917
1001,0,1866,12366,12366,17834,18466
1002,0,23898,37424,37424,36846,36560
1003,0,7487,17987,17987,18238,38942
1004,0,6939,17439,17439,19292,15970
1005,0,21812,36313,36313,38979,38911
1006,0,2574,13074,13074,11186,14010
1007,0,24484,36694,36694,37674,10966
1008,0,2956,13456,13456,19730,38564
1009,0,8054,18554,18554,17336,18018
1010,0,3742,14242,14242,11945,11164
1011,0,3914,14414,14414,15065,36980
1012,0,9320,19820,19820,14620,20854
1013,0,25066,35505,35505,18392,13422
1014,0,1419,11919,11919,16769,12442
1015,0,1103,11603,11603,19392,39097
1016,0,6699,17199,17199,14329,35686
1017,0,24935,36965,36965,12552,10615
1018,0,7839,18339,18339,39369,14279
1019,0,10358,20858,20858,12288,15433
1020,0,1558,12058,12058,38117,39565
1021,0,6556,17056,17056,38232,15611
1022,0,7091,17591,17591,38979,14266
1023,0,8441,18941,18941,39363,36788
1024,0,24019,37412,37412,15079,18184
1025,0,3523,14023,14023,35662,15992
1026,0,4542,15042,15042,39327,36254
1027,0,34,10534,10534,13263,38223
1028,0,3400,13900,13900,15358,11363
1029,0,21661,39115,39115,19068,19635
1030,0,5605,16105,16105,20088,13682
1031,0,8821,19321,19321,35643,37495
1032,0,23892,39483,39483,15070,13050
1033,0,7233,17733,17733,14139,36513
1034,0,2652,13152,13152,35540,19462
1035,0,5328,15828,15828,38459,39528
1036,0,5905,16405,16405,11388,37094
1037,0,5945,16445,16445,38485,20100
1038,0,23984,37946,37946,35283,19339
1039,0,22826,36788,36788,18941,15754
1040,0,21111,36836,36836,17287,35808
1041,0,23621,36591,36591,35886,13858
1042,0,292,10792,10792,16141,16279
1043,0,2836,13336,13336,20740,16143
1044,0,23359,35538,35538,15653,16019
1045,0,22154,37862,37862,14132,20259
1046,0,21372,36144,36144,20470,19756
1047,0,2870,13370,13370,12055,38564
1048,0,7677,18177,18177,39150,20946
1049,0,8249,18749,18749,15290,37301
1050,0,10317,20817,20817,37377,17564
1051,0,23049,35131,35131,19405,35936
1052,0,9119,19619,19619,14021,13270
1053,0,7567,18067,18067,13327,38451
1054,0,22542,38705,38705,15041,37688
1055,0,1318,11818,11818,20635,11416
1056,0,2730,13230,13230,35360,35240
1057,0,10221,20721,20721,14659,14368
1058,0,6290,16790,16790,38297,37463
1059,0,21467,35266,35266,14068,38273
1060,0,22642,37801,37801,19593,37691
1061,0,4879,15379,15379,19577,19610
1062,0,10423,20923,20923,12615,18763
1063,0,9088,19588,19588,13373,35580
1064,0,25028,36000,36000,13021,13353
1065,0,24718,38281,38281,15927,14927
1066,0,2228,12728,12728,35594,17830
1067,0,2641,13141,13141,10970,13700
1068,0,4418,14918,14918,11488,17368
1069,0,9460,19960,19960,10895,12058
1070,0,6505,17005,17005,11102,12225
1071,0,6194,16694,16694,20047,14570
1072,0,5921,16421,16421,11239,16155
1073,0,6872,17372,17372,35861,15455
1074,0,356,10856,10856,14267,37942
1075,0,8076,18576,18576,36996,37092
1076,0,24995,35755,35755,35350,36033
1077,0,21248,38399,38399,12261,36440
1078,0,8444,18944,18944,12961,19414
1079,0,4584,15084,15084,36886,36628
1080,0,837,11337,11337,36064,19828
1081,0,266,10766,10766,11007,14106
1082,0,2006,12506,12506,16242,12911
1083,0,8803,19303,19303,11752,17304
1084,0,22031,35429,35429,16224,18993
1085,0,2362,12862,12862,38742,11074
1086,0,23263,36543,36543,11825,15199
1087,0,22095,37463,37463,17210,15666
1088,1,23347,38761,19729,38761,14984
1089,0,23524,39184,39184,17737,12043
1090,0,10283,20783,20783,15972,35510
1091,0,9736,20236,20236,16015,17248
1092,0,826,11326,11326,38064,18826
1093,0,9754,20254,20254,20124,36590
1094,0,4253,14753,14753,15408,20432
1095,0,6053,16553,16553,36515,38614
1096,0,22354,37949,37949,17263,38911
1097,0,8283,18783,18783,14547,37770
1098,0,1441,11941,11941,12334,36612
1099,0,3066,13566,13566,15738,20717
1100,0,21330,35997,35997,20883,14039
1101,0,2748,13248,13248,20187,35159
1102,0,7388,17888,17888,35920,36057
1103,0,9034,19534,19534,14162,17153
1104,0,3061,13561,13561,35840,19064
1105,0,889,11389,11389,35594,11910
1106,0,21416,38078,38078,17449,14789
1107,0,23375,37146,37146,19384,37147
1108,0,25282,38775,38775,37306,16145
1109,0,1963,12463,12463,15868,16700
1110,0,3125,13625,13625,17076,20154
1111,0,23430,36400,36400,12049,19523
1112,0,6101,16601,16601,13602,12398
1113,0,1127,11627,11627,16602,20542
1114,0,25299,36083,36083,15729,14261
1115,0,22047,36384,36384,17222,20170
1116,0,6385,16885,16885,35575,36362
1117,0,9724,20224,20224,37791,20701
1118,0,24038,35449,35449,19169,14671
1119,0,7488,17988,17988,18143,16245
1120,0,6203,16703,16703,39506,11533
1121,0,1543,12043,12043,15899,37270
1122,0,3263,13763,13763,38332,12161
1123,0,8762,19262,19262,35162,14461
1124,0,9775,20275,20275,36332,19850
1125,0,2268,12768,12768,14075,15671
1126,0,3770,14270,14270,35463,35978
1127,0,7025,17525,17525,15164,15710
1128,0,22160,36686,36686,20073,12822
1129,0,132,10632,10632,13874,38997
1130,0,9357,19857,19857,11104,14848
1131,0,23610,36283,36283,36213,38614
1132,0,603,11103,11103,19680,14133
1133,0,6425,16925,16925,20800,18330
1134,0,843,11343,11343,36436,17555
1135,0,393,10893,10893,35381,17098
1136,0,23740,38322,38322,20642,39145
1137,0,9849,20349,20349,12432,12698
1138,0,25431,37160,37160,15563,19974
1139,0,4989,15489,15489,36902,14713
1140,0,3928,14428,14428,16611,38036
1141,0,5511,16011,16011,11935,19058
1142,0,6927,17427,17427,20741,35539
1143,0,5909,16409,16409,15136,36438
1144,0,23555,37597,37597,36144,11769
1145,0,21441,37814,37814,19233,11743
1146,0,23163,38992,38992,37037,35306
1147,0,2277,12777,12777,37355,15632
1148,0,6417,16917,16917,35399,18774
1149,0,3234,13734,13734,13642,18052
1150,0,24704,36847,36847,10689,15282
1151,0,3498,13998,13998,37318,12641
1152,0,21447,39362,39362,39317,20592
1153,0,4613,15113,15113,38611,18702
1154,0,22462,37039,37039,38471,10604
1155,0,10008,20508,20508,16526,12289
1156,0,401,10901,10901,13863,11387
1157,0,22755,39552,39552,13626,20500
1158,1,22901,36994,15415,36994,38902
1159,0,21709,36406,36406,38842,17839
1160,0,21450,35184,35184,19494,16954
1161,0,23493,36056,36056,38066,15175
1162,0,4680,15180,15180,16704,13350
1163,1,5008,15508,10744,15508,19632
1164,0,25302,36929,36929,10859,12025
1165,0,3403,13903,13903,14607,15812
1166,0,21463,36741,36741,13551,18266
1167,0,3883,14383,14383,35897,17952
1168,0,6307,16807,16807,20553,11676
1169,0,9423,19923,19923,35957,19421
1170,0,10021,20521,20521,13746,16635
1171,0,22117,39250,39250,19755,19197
1172,0,1573,12073,12073,16904,36599
1173,0,21356,38551,38551,38178,15480
1174,0,9329,19829,19829,11351,10808
1175,0,2423,12923,12923,35785,35186
1176,0,8759,19259,19259,19799,15753
1177,0,5264,15764,15764,10512,11521
1178,0,7231,17731,17731,13058,39367
1179,0,3548,14048,14048,36791,12748
1180,0,8999,19499,19499,38308,15132
1181,0,8911,19411,19411,12401,15142
1182,0,24722,35884,35884,10682,15991
1183,0,7738,18238,18238,36255,11175
1184,0,22427,35989,35989,17165,17949
1185,0,5826,16326,16326,39229,20030
1186,0,21640,37568,37568,38307,36673
1187,3,7881,18381,38366,36344,11134
1188,0,23862,39005,39005,38120,38113
1189,0,809,11309,11309,14520,16685
1190,0,21777,35590,35590,20880,15518
1191,0,23942,35786,35786,37619,14474
1192,0,2650,13150,13150,16993,14132
1193,0,22976,36720,36720,12941,14641
1194,0,25446,39456,39456,12669,11110
1195,0,24909,36240,36240,36239,14708
1196,0,3190,13690,13690,16827,39520
1197,0,3620,14120,14120,17759,11720
1198,0,1702,12202,12202,38429,14176
1199,0,21453,36322,36322,18589,38449
1200,0,8231,18731,18731,35988,12807
1201,0,3650,14150,14150,17523,38176
1202,0,21734,39073,39073,38968,16424
1203,3,7666,18166,17436,35771,14057
1204,0,21319,38996,38996,12019,12762
1205,0,8876,19376,19376,15957,13612
1206,0,24754,37253,37253,35295,15003
1207,0,3370,13870,13870,13742,35451
1208,0,21423,38691,38691,38326,38396
1209,0,6291,16791,16791,15249,16507
1210,0,22369,35606,35606,35835,17868
1211,0,10476,20976,20976,11492,39350
1212,0,9297,19797,19797,20363,18013
1213,0,22134,37453,37453,37572,12394
1214,0,10148,20648,20648,16035,14708
1215,0,21769,38431,38431,15852,11075
1216,0,21778,36658,36658,18820,16912
1217,0,8062,18562,18562,11391,14350
1218,0,664,11164,11164,35219,20283
1219,0,10337,20837,20837,17591,18268
1220,0,8962,19462,19462,35755,38297
1221,0,23965,38248,38248,16916,12574
1222,0,1736,12236,12236,16337,11758
1223,0,5259,15759,15759,13919,37118
1224,0,3347,13847,13847,36764,17812
1225,3,1568,12068,15980,10720,36978
1226,0,462,10962,10962,15684,35162
1227,0,743,11243,11243,16200,13739
1228,0,222,10722,10722,35976,15539
1229,0,23847,37056,37056,14104,18735
1230,0,3994,14494,14494,13586,39398
1231,0,1979,12479,12479,14675,12408
1232,0,7682,18182,18182,39048,12597
1233,0,625,11125,11125,35164,38335
1234,0,22632,35236,35236,35777,17898
1235,0,9773,20273,20273,17527,13285
1236,0,7202,17702,17702,15093,17159
1237,0,23196,36585,36585,35332,35215
1238,0,344,10844,10844,18366,19798
1239,0,5494,15994,15994,37330,36822
1240,0,7945,18445,18445,37428,37814
1241,0,8772,19272,19272,20363,35343
1242,0,1004,11504,11504,38681,17835
1243,0,4449,14949,14949,20597,20063
1244,0,2280,12780,12780,14719,36520
1245,0,456,10956,10956,14090,11116
1246,0,24813,36612,36612,11948,15263
1247,0,9209,19709,19709,18457,36193
1248,0,4335,14835,14835,19414,36785
1249,0,2621,13121,13121,19574,20650
1250,0,22855,35231,35231,11286,38264
1251,0,6325,16825,16825,38943,18922
1252,0,22187,35921,35921,35560,20446
1253,0,5756,16256,16256,38631,11056
1254,0,9683,20183,20183,11304,19109
1255,0,22667,39044,39044,37267,11433
1256,0,5114,15614,15614,39397,19993
1257,0,9544,20044,20044,36390,20711
1258,0,5212,15712,15712,39483,15070
1259,0,24624,37293,37293,15736,36878
1260,0,1760,12260,12260,35727,15924
1261,0,842,11342,11342,39564,18983
1262,0,23013,37772,37772,12043,19148
1263,0,21222,37321,37321,20323,36890
1264,0,6492,16992,16992,18699,20103
1265,0,5199,15699,15699,37829,39328
1266,0,4803,15303,15303,18921,14721
1267,0,2902,13402,13402,36102,11456
1268,0,21408,37117,37117,15616,35268
1269,0,5987,16487,16487,18808,17873
1270,0,23908,39256,39256,20683,17756
1271,0,21185,36666,36666,20676,38050
1272,0,6165,16665,16665,19259,18908
1273,0,8875,19375,19375,37215,38560
1274,0,22519,37029,37029,13877,38526
1275,0,8918,19418,19418,37480,39438
1276,0,24952,37654,37654,20616,10813
1277,0,3431,13931,13931,36658,38800
1278,0,22115,38737,38737,13920,39323
1279,0,9038,19538,19538,13736,16235
1280,0,21687,39443,39443,15495,17270
1281,0,7795,18295,18295,12635,39188
1282,0,8971,19471,19471,11856,16807
1283,0,21302,38912,38912,35943,17172
1284,0,4725,15225,15225,36234,16982
1285,0,7897,18397,18397,15305,18175
1286,0,5130,15630,15630,11131,36473
1287,0,24433,39431,39431,38815,18342
1288,0,6945,17445,17445,11787,19358
1289,0,23834,39279,39279,11783,20259
1290,0,9173,19673,19673,18581,20824
1291,0,9128,19628,19628,16365,10518
1292,0,10078,20578,20578,37459,37309
1293,0,24891,35283,35283,16107,35211
1294,0,368,10868,10868,15615,35348
1295,0,21507,37164,37164,36022,17566
1296,0,3593,14093,14093,13835,38054
1297,0,1415,11915,11915,37025,37024
1298,0,22425,35712,35712,36211,38876
1299,0,8061,18561,18561,11655,35417
1300,0,21133,39467,39467,13135,20560
1301,0,22287,36744,36744,14401,14259
1302,0,8939,19439,19439,11865,36792
1303,0,22295,36571,36571,39430,37245
1304,0,24017,37459,37459,14287,16055
1305,0,8587,19087,19087,37206,39569
1306,0,9319,19819,19819,17874,14988
1307,0,1721,12221,12221,11459,37470
1308,0,8826,19326,19326,37314,35590
1309,0,5324,15824,15824,38318,18533
1310,0,4060,14560,14560,14654,35775
1311,0,24767,39050,39050,38796,15417
1312,0,1824,12324,12324,10738,20373
1313,0,24109,38258,38258,19415,11670
1314,0,24766,37292,37292,38396,15092
1315,0,22264,36644,36644,38566,20889
1316,0,9395,19895,19895,14915,19454
1317,0,3232,13732,13732,14748,10676
1318,0,1918,12418,12418,35636,38430
1319,0,24775,38104,38104,12504,36027
1320,0,1569,12069,12069,12374,10922
1321,0,1831,12331,12331,35568,16017
1322,0,347,10847,10847,14058,15731
1323,0,1242,11742,11742,36496,10758
1324,0,7720,18220,18220,12052,15344
1325,0,21455,38292,38292,39593,13175
1326,0,21074,35882,35882,18953,37334
1327,0,22365,39317,39317,19536,11589
1328,0,22020,35819,35819,19883,12655
1329,0,21712,37784,37784,13103,19609
1330,0,23828,36028,36028,36877,35724
1331,0,23771,36489,36489,37574,14481
1332,0,22772,37679,37679,36641,19727
1333,0,7930,18430,18430,20544,35771
1334,0,6466,16966,16966,10586,37409
1335,0,10415,20915,20915,36833,20199
1336,0,7593,18093,18093,19716,15174
1337,0,24101,35885,35885,15526,16977
1338,0,7182,17682,17682,13839,20918
1339,0,24530,37034,37034,35988,12807
1340,0,22886,37735,37735,35381,14565
1341,0,21318,39475,39475,16010,39304
1342,0,23838,37938,37938,16599,36987
1343,0,5847,16347,16347,20856,38025
1344,0,22675,37092,37092,10707,11901
1345,0,24259,37669,37669,16555,17677
1346,0,1222,11722,11722,39270,15975
1347,0,6473,16973,16973,37257,14687
1348,0,2134,12634,12634,11976,13420
1349,0,8953,19453,19453,37314,36430
1350,0,8083,18583,18583,11152,36661
1351,1,23537,39266,20123,39266,13489
1352,1,6741,17241,10575,17241,16563
1353,0,23517,36697,36697,13042,12395
1354,0,509,11009,11009,38681,36979
1355,0,10452,20952,20952,18117,35519
1356,0,3986,14486,14486,16744,14467
1357,0,748,11248,11248,16100,17073
1358,0,5246,15746,15746,11041,10834
1359,0,1259,11759,11759,13343,36400
1360,0,4718,15218,15218,20449,13671
1361,0,1888,12388,12388,38939,37045
1362,0,711,11211,11211,14920,18318
1363,0,24438,37752,37752,14348,17721
1364,0,24686,38293,38293,35646,15527
1365,0,7856,18356,18356,11138,16223
1366,0,5833,16333,16333,35101,19335
1367,0,22876,38754,38754,35431,10589
1368,0,21934,37744,37744,38317,38440
1369,0,7562,18062,18062,14249,20651
1370,0,4808,15308,15308,18918,35243
1371,0,3329,13829,13829,19289,18174
1372,0,3293,13793,13793,38802,13958
1373,0,8485,18985,18985,11428,35311
1374,0,24560,36393,36393,39451,10678
1375,0,6148,16648,16648,11159,20013
1376,0,22776,37656,37656,20485,12780
1377,0,10045,20545,20545,38151,36369
1378,0,4865,15365,15365,11663,19598
1379,0,5551,16051,16051,36633,14222
1380,0,9253,19753,19753,20919,13118
1381,0,8855,19355,19355,17735,16992
1382,0,104,10604,10604,13478,18504
1383,0,1794,12294,12294,16459,16177
1384,0,10463,20963,20963,17606,14802
1385,0,2386,12886,12886,19561,36793
1386,0,25440,36675,36675,18289,14301
1387,0,4847,15347,15347,38015,19852
1388,0,6650,17150,17150,35832,37309
1389,0,5837,16337,16337,12236,12042
1390,0,8247,18747,18747,19122,17693
1391,0,1658,12158,12158,35805,11671
1392,0,212,10712,10712,36575,17913
1393,0,8241,18741,18741,14343,20642
1394,0,5886,16386,16386,12883,37923
1395,0,4419,14919,14919,17453,15786
1396,0,22059,38741,38741,18145,20301
1397,0,5193,15693,15693,37864,14470
1398,0,5735,16235,16235,13736,36268
1399,0,1359,11859,11859,13233,10988
1400,0,334,10834,10834,12113,16837
1401,0,8077,18577,18577,15382,10869
1402,0,3110,13610,13610,11239,12675
1403,0,5709,16209,16209,11072,39299
1404,0,792,11292,11292,14505,12009
1405,0,233,10733,10733,39169,20709
1406,0,8515,19015,19015,12211,37046
1407,0,9289,19789,19789,37207,11348
1408,0,1064,11564,11564,11724,18121
1409,0,209,10709,10709,13912,13321
1410,0,25413,36027,36027,38104,14551
1411,0,23627,35404,35404,13273,38974
1412,0,23301,37994,37994,37595,16853
1413,0,9525,20025,20025,37015,35333
1414,0,4498,14998,14998,20720,13997
1415,0,6664,17164,17164,15067,17814
1416,0,2413,12913,12913,11684,18102
1417,0,9595,20095,20095,38403,20938
1418,0,9431,19931,19931,16373,38085
1419,0,22467,37240,37240,38488,35884
1420,0,7139,17639,17639,20477,10660
1421,0,871,11371,11371,12019,18005
1422,0,1263,11763,11763,35716,18777
1423,0,1618,12118,12118,20691,39518
1424,0,4345,14845,14845,12019,35229
1425,0,10076,20576,20576,20596,13617
1426,0,2414,12914,12914,14277,20390
1427,0,24050,38110,38110,39297,16599
1428,0,24006,38099,38099,38251,11138
1429,0,25083,36336,36336,14439,12340
1430,0,1220,11720,11720,18962,17759
1431,0,23008,35193,35193,38084,12604
1432,0,1765,12265,12265,37247,38065
1433,0,21579,36618,36618,17651,13578
1434,0,8493,18993,18993,35429,16224
1435,0,22887,37955,37955,39233,19156
1436,0,2001,12501,12501,35460,35176
1437,0,5609,16109,16109,18811,18821
1438,0,24277,35164,35164,35463,36194
1439,0,4581,15081,15081,19693,16094
1440,0,8885,19385,19385,12360,38351
1441,0,1485,11985,11985,36231,37200
1442,0,3582,14082,14082,35948,16008
1443,0,2523,13023,13023,12130,36103
1444,0,23287,37753,37753,36845,38669
1445,0,6332,16832,16832,37817,11757
1446,0,3078,13578,13578,11563,35429
1447,0,4833,15333,15333,20202,15249
1448,0,23603,36241,36241,19393,16307
1449,0,1305,11805,11805,17058,39490
1450,0,4782,15282,15282,36095,35579
1451,0,8255,18755,18755,36533,15789
1452,0,4381,14881,14881,17942,18922
1453,0,23448,39204,39204,10554,15045
1454,0,6224,16724,16724,15783,15260
1455,0,22705,37749,37749,36810,17534
1456,0,9562,20062,20062,16203,39054
1457,0,2165,12665,12665,18449,35515
1458,0,617,11117,11117,35728,37681
1459,0,24792,39141,39141,13332,20137
1460,0,7277,17777,17777,11551,20154
1461,0,7855,18355,18355,16383,17622
1462,0,8518,19018,19018,12615,11067
1463,0,10240,20740,20740,18808,13181
1464,0,9097,19597,19597,37390,20259
1465,0,23176,38822,38822,13436,15082
1466,0,2163,12663,12663,35129,15211
1467,0,4770,15270,15270,17486,20910
1468,0,23581,36580,36580,13206,19241
1469,0,21149,39293,39293,11980,10683
1470,0,2004,12504,12504,20778,14551
1471,0,24227,38931,38931,37099,17089
1472,0,3047,13547,13547,19395,37508
1473,0,7771,18271,18271,20284,16823
1474,0,24204,37888,37888,37017,10918
1475,0,22514,36259,36259,16752,38566
1476,0,9425,19925,19925,38759,36219
1477,0,9139,19639,19639,35770,19344
1478,0,8201,18701,18701,35719,19480
1479,0,9118,19618,19618,10518,38531
1480,0,3095,13595,13595,39123,18582
1481,0,24443,35945,35945,13658,36105
1482,0,3285,13785,13785,20857,35431
1483,0,24156,39152,39152,12850,38202
1484,0,9462,19962,19962,15427,12855
1485,0,7315,17815,17815,13010,15763
1486,0,1313,11813,11813,20892,35958
1487,0,6994,17494,17494,12028,12081
1488,0,7113,17613,17613,14195,12570
1489,0,8379,18879,18879,20560,13683
1490,0,2903,13403,13403,11485,14673
1491,0,7959,18459,18459,14973,20996
1492,0,3333,13833,13833,14094,12425
1493,0,24011,36660,36660,16100,11248
1494,0,3053,13553,13553,18552,16289
1495,0,21500,35678,35678,17082,15340
1496,0,5072,15572,15572,38573,11520
1497,0,8678,19178,19178,13169,10753
1498,0,24236,35638,35638,38262,18345
1499,0,8868,19368,19368,14457,11805
1500,0,2269,12769,12769,38945,11572
1501,0,8020,18520,18520,16103,18781
1502,0,8165,18665,18665,35457,14432
1503,0,24181,36718,36718,18190,20215
1504,0,9963,20463,20463,38487,12424
1505,0,9376,19876,19876,37678,12873
1506,0,24329,35113,35113,38644,18449
1507,0,21543,37009,37009,17505,14465
1508,0,23485,36799,36799,15058,17855
1509,0,24642,37859,37859,39587,19140
1510,0,7955,18455,18455,15248,36772
1511,0,4707,15207,15207,35571,38040
1512,0,22730,37967,37967,37041,36526
1513,0,2114,12614,12614,18832,17535
1514,0,7267,17767,17767,36692,13784
1515,0,1541,12041,12041,14951,19789
1516,0,6141,16641,16641,15269,11260
1517,0,2602,13102,13102,19119,15003
1518,0,23363,37465,37465,11513,17597
1519,0,4607,15107,15107,10988,13585
1520,0,10446,20946,20946,16825,18177
1521,0,9180,19680,19680,11103,36638
1522,0,23398,35397,35397,16425,16906
1523,0,4756,15256,15256,37365,19095
1524,0,6444,16944,16944,37251,37112
1525,0,5538,16038,16038,17006,19723
1526,0,9082,19582,19582,35810,18234
1527,0,520,11020,11020,20707,15824
1528,0,10460,20960,20960,12997,16023
1529,0,7163,17663,17663,12125,35468
1530,0,9427,19927,19927,36146,12372
1531,0,8877,19377,19377,14678,20723
1532,0,1092,11592,11592,14133,15471
1533,0,25489,37052,37052,17527,18295
1534,0,21374,38318,38318,18533,15824
1535,0,4913,15413,15413,16282,14586
1536,0,9531,20031,20031,15762,35530
1537,0,3771,14271,14271,18443,20504
1538,0,6346,16846,16846,11503,13677
1539,0,1109,11609,11609,16598,16530
1540,0,4655,15155,15155,14666,20297
1541,0,9974,20474,20474,12381,11180
1542,0,1038,11538,11538,12652,12412
1543,0,9412,19912,19912,12309,38653
1544,0,20,10520,10520,35765,17870
1545,0,8377,18877,18877,39243,12692
1546,0,21869,36147,36147,20640,14060
1547,0,5531,16031,16031,39384,39373
1548,0,9066,19566,19566,35445,37387
1549,0,934,11434,11434,17662,20087
1550,0,10417,20917,20917,15094,38664
1551,0,6551,17051,17051,11185,12850
1552,0,22401,38158,38158,14350,10518
1553,0,21872,38768,38768,15555,11879
1554,0,1726,12226,12226,18777,16239
1555,0,4490,14990,14990,38616,19001
1556,0,21577,35361,35361,36853,12811
1557,0,9722,20222,20222,15174,37156
1558,1,1737,12237,20013,12237,38568
1559,0,6438,16938,16938,36955,38363
1560,0,561,11061,11061,16226,17641
1561,0,22573,38615,38615,36029,15881
1562,0,22669,38433,38433,20822,37309
1563,0,24688,36460,36460,13523,17653
1564,0,1162,11662,11662,12919,12357
1565,0,8866,19366,19366,16009,35933
1566,0,10018,20518,20518,39503,11786
1567,0,6930,17430,17430,12745,39591
1568,0,8067,18567,18567,11257,13067
1569,0,1527,12027,12027,37768,37808
1570,0,7733,18233,18233,37676,18391
1571,0,23459,39410,39410,14220,37545
1572,0,2930,13430,13430,37946,13276
1573,0,25008,37748,37748,20432,16879
1574,0,58,10558,10558,14924,12408
1575,2,8748,19248,18368,11413,19248
1576,0,23823,35319,35319,19119,35798
1577,0,23866,37382,37382,36571,37245
1578,0,4483,14983,14983,18442,14977
1579,0,2291,12791,12791,11773,36849
1580,0,7383,17883,17883,17509,20885
1581,0,24368,37458,37458,11773,35292
1582,0,8218,18718,18718,38729,39500
1583,0,9577,20077,20077,15747,16790
1584,0,9470,19970,19970,17693,19122
1585,0,24143,36139,36139,37198,38805
1586,0,1649,12149,12149,10933,39571
1587,0,23746,39396,39396,17397,20582
1588,0,9652,20152,20152,15763,39507
1589,0,2724,13224,13224,16487,38522
1590,0,22513,36849,36849,16397,13418
1591,2,938,11438,12113,39105,11438
1592,0,4510,15010,15010,14271,20036
1593,0,22690,37454,37454,14107,17599
1594,0,25476,38850,38850,13262,17562
1595,0,4694,15194,15194,38747,16758
1596,0,7238,17738,17738,15005,36997
1597,0,9619,20119,20119,38058,12493
1598,0,998,11498,11498,14977,11385
1599,0,8771,19271,19271,16282,15413
1600,0,4528,15028,15028,17232,10715
1601,0,3870,14370,14370,37358,37297
1602,0,23546,37539,37539,35276,19148
1603,0,5354,15854,15854,17091,14422
1604,0,25358,38863,38863,14728,35308
1605,0,2907,13407,13407,20210,36562
1606,0,21580,35355,35355,12288,15433
1607,0,9782,20282,20282,12060,14937
1608,0,3538,14038,14038,38775,13544
1609,0,5993,16493,16493,17583,20644
1610,0,25141,38767,38767,12326,37435
1611,0,915,11415,11415,36838,14988
1612,0,25039,38153,38153,18393,14923
1613,0,4415,14915,14915,20874,17801
1614,0,10280,20780,20780,20620,11239
1615,0,10126,20626,20626,13160,36103
1616,0,1817,12317,12317,16079,16255
1617,0,24656,39240,39240,11620,15154
1618,0,9893,20393,20393,37727,36807
1619,0,3949,14449,14449,13507,14462
1620,0,337,10837,10837,37441,18170
1621,0,2072,12572,12572,12811,35407
1622,0,25433,39502,39502,13603,37095
1623,0,5822,16322,16322,20148,12298
1624,0,22399,38864,38864,13284,15838
1625,1,5143,15643,15157,15643,14069
1626,0,8200,18700,18700,18338,38297
1627,0,3513,14013,14013,14024,36426
1628,0,2815,13315,13315,38925,18845
1629,0,23344,39511,39511,15103,18427
1630,0,22801,39239,39239,11681,13552
1631,0,23786,38432,38432,20612,20028
1632,0,22940,35456,35456,20264,19207
1633,0,8422,18922,18922,13297,13567
1634,0,766,11266,11266,18120,37775
1635,0,3782,14282,14282,12326,38767
1636,0,24789,38944,38944,13889,12829
1637,0,1144,11644,11644,36598,15508
1638,0,22545,36826,36826,19343,11856
1639,0,2510,13010,13010,37675,18654
1640,0,7379,17879,17879,18210,16001
1641,0,2273,12773,12773,12081,17494
1642,0,2860,13360,13360,39144,16319
1643,0,1221,11721,11721,37790,18100
1644,0,22248,35406,35406,13100,13800
1645,0,4864,15364,15364,36286,18707
1646,0,22626,39134,39134,20329,12277
1647,0,7310,17810,17810,14800,19150
1648,0,21530,36113,36113,19381,13372
1649,0,22039,38489,38489,37014,12694
1650,0,6757,17257,17257,37590,35634
1651,0,4924,15424,15424,37322,12346
1652,0,4532,15032,15032,19633,15410
1653,0,6392,16892,16892,12173,36243
1654,0,1672,12172,12172,15584,36369
1655,0,21348,36062,36062,38282,19823
1656,0,7699,18199,18199,35221,39438
1657,0,8870,19370,19370,20333,36970
1658,0,4055,14555,14555,17683,19530
1659,0,23721,38652,38652,38341,19945
1660,0,1808,12308,12308,12228,19936
1661,0,2275,12775,12775,20077,12756
1662,0,3761,14261,14261,36083,10800
1663,0,21814,37257,37257,14854,38356
1664,0,23671,35158,35158,18175,38233
1665,0,21737,38780,38780,15052,39591
1666,0,6489,16989,16989,17662,35330
1667,0,2045,12545,12545,17810,19150
1668,0,9301,19801,19801,14007,37567
1669,0,23824,38102,38102,14222,18360
1670,0,5113,15613,15613,36767,37588
1671,0,1295,11795,11795,18214,12017
1672,0,23950,36733,36733,37042,14349
1673,3,4687,15187,37691,36362,17149
1674,0,3952,14452,14452,35369,18831
1675,0,6558,17058,17058,37872,11805
1676,0,4317,14817,14817,14616,20162
1677,0,22744,38207,38207,19050,12603
1678,0,444,10944,10944,17262,18107
1679,0,5519,16019,16019,13518,35538
1680,0,858,11358,11358,10646,15431
1681,0,7717,18217,18217,18969,20197
1682,0,4439,14939,14939,35325,19873
1683,0,5321,15821,15821,19815,19711
1684,0,841,11341,11341,18807,37740
1685,1,24336,36731,17010,36731,20517
1686,0,21695,36158,36158,38913,20520
1687,0,21224,38482,38482,39241,20579
1688,0,25073,36141,36141,14550,16864
1689,0,994,11494,11494,35489,12387
1690,0,23817,39441,39441,38756,36606
1691,0,9001,19501,19501,12021,11439
1692,0,1554,12054,12054,11640,10749
1693,0,22631,39104,39104,38516,15219
1694,0,1973,12473,12473,20983,36771
1695,0,1951,12451,12451,36563,36322
1696,0,23877,38736,38736,37696,11440
1697,0,9494,19994,19994,11145,19217
1698,0,21160,38930,38930,11191,19929
1699,0,10275,20775,20775,20906,38980
1700,0,2513,13013,13013,12937,17031
1701,0,5559,16059,16059,10727,14764
1702,0,24330,35746,35746,35542,14190
1703,0,2835,13335,13335,16264,13235
1704,0,4700,15200,15200,36822,13614
1705,0,2445,12945,12945,17811,11842
1706,0,2233,12733,12733,18555,15824
1707,0,3050,13550,13550,16007,36168
1708,0,10024,20524,20524,18893,19771
1709,0,400,10900,10900,10752,19783
1710,0,9264,19764,19764,18343,39569
1711,0,7589,18089,18089,18450,37312
1712,0,5198,15698,15698,17256,20526
1713,0,7719,18219,18219,18393,37408
1714,0,9858,20358,20358,39057,12598
1715,0,1023,11523,11523,11640,11149
1716,0,3298,13798,13798,37721,17327
1717,0,6494,16994,16994,14724,36083
1718,0,9069,19569,19569,37253,35295
1719,0,23148,39241,39241,37920,37092
1720,0,6912,17412,17412,37147,15336
1721,0,7968,18468,18468,12576,20189
1722,0,8140,18640,18640,13592,14004
1723,0,4241,14741,14741,12319,36177
1724,0,5424,15924,15924,17847,15445
1725,0,7364,17864,17864,11692,38337
1726,0,7745,18245,18245,37025,37024
1727,0,6498,16998,16998,17279,11892
1728,0,24975,36885,36885,18859,13065
1729,0,4080,14580,14580,19331,16367
1730,0,803,11303,11303,19768,20627
1731,0,1550,12050,12050,18917,14933
1732,0,1009,11509,11509,12179,15846
1733,0,22928,39554,39554,12522,17978
1734,0,8677,19177,19177,18253,18410
1735,0,2737,13237,13237,38419,18382
1736,0,6247,16747,16747,15928,20465
1737,0,5095,15595,15595,38840,11968
1738,0,648,11148,11148,12168,16196
1739,0,8810,19310,19310,37697,12915
1740,0,2862,13362,13362,20587,39451
1741,0,4975,15475,15475,11076,11784
1742,0,7134,17634,17634,15714,37794
1743,0,22692,37858,37858,10683,11980
1744,0,7811,18311,18311,38738,37315
1745,0,550,11050,11050,13861,13091
1746,0,22167,35822,35822,36237,14542
1747,0,5617,16117,16117,35284,38345
1748,0,7757,18257,18257,17652,19080
1749,0,22584,38884,38884,37866,11080
1750,0,211,10711,10711,16809,38910
1751,0,23014,37126,37126,11455,18892
1752,0,23289,36218,36218,10985,12729
1753,0,1781,12281,12281,12233,16842
1754,0,23772,35536,35536,11009,11931
1755,0,3543,14043,14043,14242,20283
1756,0,7477,17977,17977,39557,12459
1757,0,1438,11938,11938,15151,20640
1758,0,2515,13015,13015,15828,38459
1759,0,2868,13368,13368,36162,18566
1760,0,2434,12934,12934,16762,19298
1761,0,5045,15545,15545,36800,39129
1762,0,4792,15292,15292,16234,20330
1763,0,25384,35467,35467,14864,36753
1764,0,9265,19765,19765,39196,35484
1765,0,9485,19985,19985,11685,14665
1766,0,1314,11814,11814,20301,37044
1767,0,21566,39449,39449,38743,15532
1768,0,6515,17015,17015,16384,38900
1769,0,23583,37336,37336,38873,13344
1770,0,3979,14479,14479,20613,11550
1771,3,12,10512,19627,15764,11521
1772,0,6510,17010,17010,18517,17797
1773,0,818,11318,11318,11321,18393
1774,0,2784,13284,13284,11287,14132
1775,0,22550,35587,35587,15573,35140
1776,0,24270,37575,37575,10792,16279
1777,0,453,10953,10953,39195,20246
1778,0,1049,11549,11549,20220,35431
1779,0,24310,39129,39129,36800,12337
1780,0,1656,12156,12156,12704,35606
1781,0,3457,13957,13957,17895,20810
1782,2,24583,35754,17568,14424,35754
1783,0,22249,37699,37699,17241,39270
1784,0,23775,36704,36704,12072,37154
1785,0,23586,37773,37773,16598,38950
1786,0,5139,15639,15639,20343,11463
1787,0,2908,13408,13408,10869,15382
1788,0,21456,37036,37036,20570,20380
1789,0,940,11440,11440,37696,38736
1790,0,9727,20227,20227,39408,18735
1791,0,8466,18966,18966,13378,15605
1792,0,22385,37040,37040,13991,17440
1793,0,7631,18131,18131,18750,13216
1794,0,7969,18469,18469,35472,18710
1795,0,9568,20068,20068,12263,14247
1796,0,4634,15134,15134,37156,11672
1797,0,8260,18760,18760,14777,17873
1798,0,7317,17817,17817,20327,10615
1799,0,22741,36895,36895,37390,13889
1800,0,1400,11900,11900,37609,12336
1801,0,9703,20203,20203,38303,36426
1802,0,30,10530,10530,16718,19368
1803,0,6258,16758,16758,35244,15194
1804,0,24224,37915,37915,39260,18417
1805,0,3677,14177,14177,10562,13739
1806,0,672,11172,11172,19357,35395
1807,0,9240,19740,19740,11969,11484
1808,0,9711,20211,20211,12850,19799
1809,0,6323,16823,16823,37887,17255
1810,0,23120,38874,38874,17198,20979
1811,0,5466,15966,15966,37197,16603
1812,0,24301,36213,36213,36283,20570
1813,0,25092,39078,39078,20276,18345
1814,0,22444,35337,35337,16945,18005
1815,0,1108,11608,11608,15920,35588
1816,0,23840,36031,36031,20190,20765
1817,0,23818,38182,38182,38559,15692
1818,0,3229,13729,13729,18575,37514
1819,0,7584,18084,18084,16767,36123
1820,0,9450,19950,19950,17905,14502
1821,0,8138,18638,18638,35572,16837
1822,0,3319,13819,13819,18974,11503
1823,0,24258,37004,37004,16789,35668
1824,0,5835,16335,16335,14660,13975
1825,0,7496,17996,17996,20914,13930
1826,0,9228,19728,19728,19112,15622
1827,0,21598,37586,37586,17400,18738
1828,0,10245,20745,20745,10518,35457
1829,0,2553,13053,13053,38209,20404
1830,0,4775,15275,15275,39024,38283
1831,0,6341,16841,16841,36589,17009
1832,0,2686,13186,13186,38206,39450
1833,0,7553,18053,18053,13842,20068
1834,0,21680,36502,36502,36438,14735
1835,0,1563,12063,12063,37367,14362
1836,0,9707,20207,20207,17364,35242
1837,0,24393,35345,35345,11185,12850
1838,0,3071,13571,13571,18792,38720
1839,0,24015,37464,37464,18042,37201
1840,0,21277,37157,37157,35485,37005
1841,0,4474,14974,14974,38001,11044
1842,0,21426,36656,36656,10616,14735
1843,0,21489,36443,36443,37370,17674
1844,0,24042,37311,37311,20390,10703
1845,0,4856,15356,15356,13149,15707
1846,0,5268,15768,15768,17168,17730
1847,0,2853,13353,13353,13021,36000
1848,0,6576,17076,17076,37869,35180
1849,0,7639,18139,18139,38690,39410
1850,0,21843,35983,35983,20209,35845
1851,0,23447,38554,38554,17321,36073
1852,0,8109,18609,18609,38448,17865
1853,0,4601,15101,15101,19086,11347
1854,0,22362,37621,37621,19050,19855
1855,0,7886,18386,18386,11904,19597
1856,1,23012,38429,18468,38429,12576
1857,0,2213,12713,12713,38959,39152
1858,0,4929,15429,15429,18515,39308
1859,0,25344,35502,35502,18697,11489
1860,0,21471,39312,39312,38761,16552
1861,0,23124,36536,36536,16016,36705
1862,0,25198,37269,37269,17347,19442
1863,0,2111,12611,12611,17073,11702
1864,0,22013,37375,37375,39523,16311
1865,0,23109,37812,37812,15901,12296
1866,0,6632,17132,17132,18402,10577
1867,0,24842,38205,38205,19214,13077
1868,0,7800,18300,18300,17135,14411
1869,0,8956,19456,19456,10742,35803
1870,0,7153,17653,17653,36460,13523
1871,0,4446,14946,14946,12470,37550
1872,0,24360,38160,38160,35224,37399
1873,0,21867,35820,35820,37900,37964
1874,0,7642,18142,18142,35422,16497
1875,0,5026,15526,15526,35885,16426
1876,2,28,10528,35274,18044,10528
1877,0,25056,38800,38800,13931,35406
1878,0,24294,37155,37155,17861,13801
1879,0,10210,20710,20710,19368,39490
1880,0,10027,20527,20527,38471,11794
1881,0,355,10855,10855,16742,38554
1882,0,1429,11929,11929,36412,39111
1883,0,24423,35658,35658,11684,19115
1884,3,23804,35484,15016,17602,13523
1885,0,23713,38264,38264,13231,10698
1886,0,21739,36856,36856,12460,38530
1887,0,21206,36933,36933,14835,15504
1888,0,332,10832,10832,14112,12991
1889,0,5643,16143,16143,38509,20035
1890,0,22780,36756,36756,19207,12440
1891,0,21297,37688,37688,38560,37172
1892,0,23993,38005,38005,39371,15132
1893,0,4224,14724,14724,35423,19014
1894,0,964,11464,11464,36988,35521
1895,0,23122,35433,35433,18202,14764
1896,0,120,10620,10620,12967,17430
1897,6,4930,15430,35576,38968,39340
1898,0,6482,16982,16982,36234,10708
1899,0,5579,16079,16079,12317,13024
1900,0,10187,20687,20687,17506,35772
1901,0,7752,18252,18252,12916,13221
1902,0,4710,15210,15210,36556,12936
1903,0,3281,13781,13781,15349,12698
1904,0,2370,12870,12870,17251,17203
1905,0,5522,16022,16022,37150,37193
1906,0,2544,13044,13044,13311,18481
1907,0,21532,35875,35875,36648,17659
1908,0,24237,36401,36401,12360,35218
1909,3,2885,13385,13923,35925,37952
1910,0,10042,20542,20542,11627,16602
1911,0,2178,12678,12678,39285,37773
1912,0,8940,19440,19440,15187,16365
1913,0,4898,15398,15398,15204,18539
1914,0,5153,15653,15653,35482,36823
1915,0,1209,11709,11709,11382,18204
1916,0,8404,18904,18904,14098,35481
1917,0,8798,19298,19298,12934,11189
1918,0,9599,20099,20099,35956,20822
1919,0,7583,18083,18083,16200,14242
1920,0,3123,13623,13623,17755,12598
1921,0,25123,36603,36603,13802,37899
1922,0,1544,12044,12044,20635,16593
1923,0,25285,36458,36458,13146,12901
1924,0,22678,38866,38866,18344,19207
1925,0,21620,35320,35320,10912,13286
1926,0,22048,38430,38430,12418,12375
1927,0,24946,35872,35872,39124,12651
1928,0,9622,20122,20122,19990,13093
1929,0,10114,20614,20614,36623,20226
1930,0,25372,38262,38262,35638,38522
1931,0,945,11445,11445,18964,39205
1932,0,25041,35290,35290,15818,12635
1933,0,4550,15050,15050,13241,17661
1934,0,25267,38076,38076,20607,19933
1935,0,24260,36801,36801,18497,13465
1936,0,7889,18389,18389,35965,19201
1937,0,23520,36771,36771,15327,39369
1938,0,9058,19558,19558,17521,18689
1939,0,21466,38878,38878,11387,11287
1940,0,1675,12175,12175,12043,10800
1941,0,24749,37142,37142,17670,37858
1942,0,1561,12061,12061,19749,37827
1943,0,25202,36181,36181,17115,19335
1944,0,22735,39058,39058,38190,35173
1945,0,24431,35173,35173,39058,38190
1946,0,6213,16713,16713,18427,39503
1947,0,21072,35440,35440,11841,11386
1948,0,6044,16544,16544,37031,38749
1949,0,4541,15041,15041,38705,38573
1950,0,1782,12282,12282,38834,13541
1951,0,7159,17659,17659,15433,20974
1952,0,25274,39189,39189,36411,35147
1953,0,1095,11595,11595,37819,18654
1954,0,7111,17611,17611,15651,19243
1955,0,21825,35250,35250,11380,19173
1956,0,7627,18127,18127,11155,11435
1957,0,3287,13787,13787,14995,15197
1958,0,23889,36984,36984,35180,13548
1959,0,677,11177,11177,15679,38701
1960,0,6193,16693,16693,37446,13808
1961,0,2605,13105,13105,12663,35129
1962,0,1392,11892,11892,17279,19774
1963,0,6967,17467,17467,38619,13765
1964,0,22119,37567,37567,19801,36659
1965,0,752,11252,11252,13471,10572
1966,0,1711,12211,12211,19105,19015
1967,0,3737,14237,14237,14913,38901
1968,0,21480,39269,39269,18442,11498
1969,0,25475,37400,37400,18630,11743
1970,0,3215,13715,13715,16600,36016
1971,0,797,11297,11297,14065,16993
1972,0,23917,37008,37008,14953,35443
1973,0,1777,12277,12277,39134,20329
1974,0,4113,14613,14613,13528,17120
1975,0,1770,12270,12270,11036,35909
1976,0,25029,38249,38249,17474,13599
1977,0,10175,20675,20675,39449,14931
1978,0,23154,37373,37373,16837,38780
1979,0,6975,17475,17475,35620,17446
1980,0,6412,16912,16912,11382,14787
1981,0,3022,13522,13522,16958,36859
1982,0,4228,14728,14728,15617,37681
1983,0,23899,38391,38391,20088,16837
1984,0,3012,13512,13512,38753,14612
1985,0,24906,39369,39369,36771,15327
1986,0,9957,20457,20457,16998,16494
1987,0,5764,16264,16264,13335,36401
1988,0,23860,39589,39589,39067,17265
1989,0,4619,15119,15119,10783,38135
1990,0,25076,35589,35589,11559,17461
1991,0,6753,17253,17253,15007,14139
1992,0,9396,19896,19896,14423,35809
1993,0,9933,20433,20433,13859,37044
1994,0,527,11027,11027,35101,35406
1995,0,366,10866,10866,15765,37770
1996,0,6098,16598,16598,15638,13821
1997,0,22168,38363,38363,16195,38009
1998,0,4264,14764,14764,35433,38881
1999,0,4262,14762,14762,11802,12043
2000,0,25417,36345,36345,12854,36368
2001,0,1919,12419,12419,13194,37539
2002,0,701,11201,11201,18831,20978
2003,0,6170,16670,16670,38288,13295
2004,0,9251,19751,19751,14532,14740
2005,0,9406,19906,19906,36510,35119
2006,0,5018,15518,15518,20880,19706
2007,0,7303,17803,17803,35552,16502
2008,0,4423,14923,14923,18393,12796
2009,0,22663,36442,36442,38169,36088
2010,0,4868,15368,15368,35859,19174
2011,0,1298,11798,11798,14582,36525
2012,0,10127,20627,20627,15812,10518
2013,0,1352,11852,11852,39186,38886
2014,0,2926,13426,13426,37112,38903
2015,0,7874,18374,18374,13745,19144
2016,0,23693,36229,36229,20693,19146
2017,0,1287,11787,11787,39564,13952
2018,0,6598,17098,17098,14565,14741
2019,0,22343,35880,35880,38956,20904
2020,0,21611,36859,36859,15162,19425
2021,0,4350,14850,14850,36792,39466
2022,0,10138,20638,20638,17465,36614
2023,0,3697,14197,14197,12863,11527
2024,0,2013,12513,12513,36418,36058
2025,0,24546,38183,38183,12631,19653
2026,0,4373,14873,14873,16487,37297
2027,0,9029,19529,19529,15516,17521
2028,0,5677,16177,16177,11876,17787
2029,0,22846,38933,38933,17850,11804
2030,0,8482,18982,18982,13645,39017
2031,0,2147,12647,12647,18441,37956
2032,0,8416,18916,18916,11223,12138
2033,0,2705,13205,13205,19136,17042
2034,0,5473,15973,15973,37729,17208
2035,0,9124,19624,19624,10598,20198
2036,0,2570,13070,13070,15301,17557
2037,0,22503,36879,36879,13386,35623
2038,0,9226,19726,19726,20627,20160
2039,0,9660,20160,20160,19848,36035
2040,0,21098,38020,38020,12413,17245
2041,0,23489,35580,35580,19588,14721
2042,0,22015,38620,38620,12187,38900
2043,0,810,11310,11310,13952,11861
2044,0,23511,38849,38849,17531,35552
2045,0,5684,16184,16184,39100,14799
2046,0,8250,18750,18750,18131,11563
2047,0,312,10812,10812,39268,39342
2048,0,2073,12573,12573,38117,39474
2049,0,10419,20919,20919,19753,13118
2050,0,21698,35861,35861,17372,11028
2051,0,24061,35572,35572,16857,15917
2052,0,885,11385,11385,38140,10715
2053,0,1477,11977,11977,35226,38208
2054,0,1790,12290,12290,18233,19620
2055,0,8115,18615,18615,12616,37209
2056,0,23103,35581,35581,16077,18950
2057,0,2008,12508,12508,38837,10713
2058,0,3454,13954,13954,35983,36851
2059,0,682,11182,11182,38402,11483
2060,0,3895,14395,14395,13279,35152
2061,0,21774,39131,39131,36512,39452
2062,0,8793,19293,19293,35805,12158
2063,0,6660,17160,17160,14012,15066
2064,0,57,10557,10557,13962,20740
2065,0,23469,35619,35619,11069,16707
2066,0,22180,38134,38134,14908,12241
2067,0,6765,17265,17265,14651,19535
2068,1,2399,12899,38068,12899,14149
2069,0,9693,20193,20193,14773,15430
2070,0,24776,39038,39038,14445,14345
2071,0,4126,14626,14626,35791,11390
2072,0,8819,19319,19319,12151,37084
2073,0,9287,19787,19787,20973,19794
2074,0,1468,11968,11968,14329,11638
2075,0,5761,16261,16261,14923,12919
2076,0,1416,11916,11916,35457,14350
2077,0,470,10970,10970,13519,19873
2078,0,2358,12858,12858,36857,11300
2079,0,2722,13222,13222,14066,38959
2080,0,7047,17547,17547,38999,36854
2081,0,8191,18691,18691,36019,19794
2082,0,21095,37381,37381,18737,19071
2083,9,21850,37309,15081,16659,38515
2084,0,8814,19314,19314,12322,36921
2085,0,4525,15025,15025,16584,19358
2086,0,4610,15110,15110,12476,10813
2087,0,24769,35664,35664,37264,35853
2088,0,24593,36673,36673,39254,20669
2089,0,6041,16541,16541,39569,39546
2090,0,23458,36164,36164,19959,14835
2091,0,3869,14369,14369,11631,38611
2092,0,9392,19892,19892,16237,38903
2093,0,22710,38983,38983,11834,11253
2094,0,23819,37510,37510,15793,18634
2095,0,23810,38041,38041,11159,18150
2096,0,6817,17317,17317,20676,37662
2097,0,24755,35140,35140,12306,11093
2098,0,23480,36375,36375,13778,20764
2099,0,4674,15174,15174,11251,12930
2100,0,1055,11555,11555,17896,39577
2101,0,2281,12781,12781,35635,20685
2102,0,24214,37377,37377,20817,17564
2103,0,24201,39024,39024,11563,38943
2104,0,21153,36136,36136,16675,13547
2105,0,1924,12424,12424,35609,12565
2106,0,6379,16879,16879,17283,12115
2107,0,4907,15407,15407,15045,36505
2108,0,23385,38043,38043,37539,19685
2109,0,24098,38154,38154,11843,37340
2110,1,1075,11575,12189,11575,37092
2111,0,1115,11615,11615,37574,16885
2112,0,3936,14436,14436,17348,19062
2113,0,3533,14033,14033,20588,37384
2114,0,25077,36060,36060,20079,13574
2115,0,460,10960,10960,17706,20497
2116,0,3032,13532,13532,16657,35146
2117,0,4207,14707,14707,38129,18848
2118,0,24239,37966,37966,13549,15496
2119,0,6398,16898,16898,16005,19677
2120,0,5841,16341,16341,38844,38834
2121,0,6625,17125,17125,37230,36832
2122,0,1452,11952,11952,38100,37619
2123,0,2149,12649,12649,12596,36136
2124,0,319,10819,10819,13380,18772
2125,0,9048,19548,19548,16053,17331
2126,0,7518,18018,18018,18554,38388
2127,0,1922,12422,12422,36711,37848
2128,0,10393,20893,20893,13218,35180
2129,0,25206,37924,37924,20367,17537
2130,0,9638,20138,20138,14266,12799
2131,0,23431,36687,36687,14663,13917
2132,0,7458,17958,17958,11141,15089
2133,0,8743,19243,19243,12332,37501
2134,0,24844,38757,38757,17626,14024
2135,0,2129,12629,12629,10697,37515
2136,0,6403,16903,16903,13289,18808
2137,0,7556,18056,18056,17227,20259
2138,0,6478,16978,16978,35444,13475
2139,0,6300,16800,16800,12181,38698
2140,2,8663,19163,20145,11563,19163
2141,0,22828,35803,35803,38809,18233
2142,0,23844,36539,36539,36538,17763
2143,0,22640,36902,36902,15489,20977
2144,0,2509,13009,13009,15966,35843
2145,0,1052,11552,11552,20421,17952
2146,0,6152,16652,16652,11130,19850
2147,0,1681,12181,12181,20814,18000
2148,0,10282,20782,20782,39248,36807
2149,0,4067,14567,14567,11594,15517
2150,0,5024,15524,15524,39063,12227
2151,0,1456,11956,11956,11762,36322
2152,0,8214,18714,18714,11702,12040
2153,0,361,10861,10861,19255,13338
2154,0,8668,19168,19168,12424,18266
2155,0,24689,38979,38979,19163,11794
2156,0,23981,37598,37598,17666,11406
2157,0,24401,39397,39397,11822,16526
2158,0,3145,13645,13645,18982,39528
2159,0,24213,38056,38056,39087,18603
2160,0,21799,35365,35365,12448,20283
2161,0,505,11005,11005,17843,11661
2162,0,10418,20918,20918,37330,17682
2163,0,6847,17347,17347,15499,37269
2164,0,24582,39051,39051,17039,11463
2165,0,24552,39327,39327,37619,16876
2166,0,21905,36890,36890,37321,16104
2167,0,22585,36575,36575,35677,10712
2168,0,540,11040,11040,13873,17414
2169,0,4235,14735,14735,18695,15963
2170,0,5507,16007,16007,12260,13880
2171,0,24060,37294,37294,38145,20632
2172,0,24479,35519,35519,19067,18788
2173,0,9850,20350,20350,15387,36080
2174,0,22023,38141,38141,38120,38113
2175,0,754,11254,11254,16050,20356
2176,0,9355,19855,19855,35311,35634
2177,0,2003,12503,12503,20284,35379
2178,0,2542,13042,13042,20635,16593
2179,0,6073,16573,16573,10808,19489
2180,0,2918,13418,13418,19535,13683
2181,0,21751,38639,38639,36325,35423
2182,0,5218,15718,15718,13255,35457
2183,0,8045,18545,18545,18337,20884
2184,0,4271,14771,14771,37428,38522
2185,0,5875,16375,16375,20927,37896
2186,0,7039,17539,17539,13272,16675
2187,0,100,10600,10600,15276,11999
2188,0,22884,35395,35395,20512,11172
2189,0,21082,38748,38748,12643,11835
2190,0,6862,17362,17362,17222,36384
2191,0,5362,15862,15862,35956,14057
2192,0,4766,15266,15266,15519,20650
2193,0,7753,18253,18253,18296,35457
2194,0,4880,15380,15380,12604,12894
2195,0,9252,19752,19752,20855,36258
2196,0,601,11101,11101,38617,17576
2197,0,9542,20042,20042,15898,37550
2198,0,21512,37979,37979,18184,37850
2199,0,6182,16682,16682,11572,16317
2200,0,7020,17520,17520,18368,17282
2201,0,24791,39586,39586,10555,14057
2202,0,2431,12931,12931,14297,17811
2203,0,8526,19026,19026,17583,36695
2204,0,1044,11544,11544,36243,36781
2205,0,24469,36190,36190,37725,16519
2206,0,1557,12057,12057,19947,18428
2207,0,5009,15509,15509,11715,17236
2208,0,1487,11987,11987,11290,35991
2209,0,6577,17077,17077,17779,17271
2210,0,10497,20997,20997,20089,11221
2211,0,22924,38392,38392,39508,14748
2212,0,21752,38193,38193,12685,12304
2213,0,2115,12615,12615,12068,16497
2214,0,5795,16295,16295,13712,11159
2215,0,24521,37919,37919,20096,11565
2216,0,7030,17530,17530,39229,17881
2217,0,8773,19273,19273,18777,11935
2218,0,5491,15991,15991,10682,35884
2219,0,24922,35123,35123,36847,11106
2220,0,618,11118,11118,20605,36453
2221,0,24145,36074,36074,13519,10970
2222,0,8341,18841,18841,18255,13324
2223,0,7645,18145,18145,15498,38741
2224,0,24112,39267,39267,39593,17523
2225,0,3396,13896,13896,10518,17570
2226,0,1600,12100,12100,15664,14883
2227,0,24703,37524,37524,15667,20001
2228,0,10474,20974,20974,36648,15715
2229,0,1615,12115,12115,15653,19959
2230,0,1752,12252,12252,11021,20784
2231,0,22802,35291,35291,17915,36916
2232,0,2040,12540,12540,13542,15894
2233,0,2083,12583,12583,14518,12467
2234,0,8983,19483,19483,13735,10622
2235,0,21172,37907,37907,16796,12242
2236,0,6199,16699,16699,18921,16813
2237,0,24853,35335,35335,12078,13868
2238,0,9570,20070,20070,38253,11022
2239,0,23170,35857,35857,12675,10576
2240,0,5147,15647,15647,16284,17871
2241,0,21796,35769,35769,35768,20959
2242,0,675,11175,11175,18238,36255
2243,0,2545,13045,13045,17791,37231
2244,0,4371,14871,14871,17580,19950
2245,0,24296,37070,37070,16005,16898
2246,0,3999,14499,14499,35181,16719
2247,0,23060,38845,38845,15245,12855
2248,0,6014,16514,16514,38709,20750
2249,0,5096,15596,15596,17712,13286
2250,0,175,10675,10675,20902,18407
2251,0,22695,38882,38882,20602,13390
2252,0,2208,12708,12708,37820,14586
2253,0,3609,14109,14109,17093,12653
2254,0,25072,36323,36323,17191,39232
2255,0,24212,39352,39352,16742,19618
2256,0,3787,14287,14287,18027,37459
2257,0,22986,37074,37074,17511,13213
2258,0,24365,35279,35279,16970,13440
2259,0,6458,16958,16958,18290,35320
2260,0,2225,12725,12725,20169,10529
2261,0,3049,13549,13549,36300,37966
2262,0,296,10796,10796,38073,12359
2263,0,1126,11626,11626,17715,11122
2264,1,8414,18914,16718,18914,16953
2265,0,23991,38875,38875,13265,39591
2266,0,21498,36471,36471,19924,19453
2267,0,2441,12941,12941,38336,36720
2268,0,23443,37480,37480,19418,36753
2269,0,7033,17533,17533,15209,14685
2270,0,1322,11822,11822,10694,16526
2271,0,1603,12103,12103,20470,11769
2272,0,4210,14710,14710,35256,17241
2273,0,22284,38309,38309,20309,15552
2274,0,24734,37512,37512,13309,12932
2275,0,21896,35905,35905,19854,37825
2276,0,4065,14565,14565,35381,17098
2277,0,1294,11794,11794,39564,17437
2278,0,5007,15507,15507,20773,35686
2279,0,6069,16569,16569,16722,18713
2280,0,6386,16886,16886,39469,15712
2281,0,22206,38621,38621,15483,12467
2282,0,21294,37713,37713,37570,20630
2283,0,22557,38540,38540,37428,20606
2284,0,4071,14571,14571,38692,15803
2285,0,1507,12007,12007,14312,12486
2286,0,21315,36341,36341,12778,36813
2287,0,1559,12059,12059,14451,13456
2288,0,8904,19404,19404,13836,37574
2289,0,5577,16077,16077,16238,18950
2290,0,6860,17360,17360,35418,20517
2291,0,9666,20166,20166,14397,16069
2292,0,23165,37254,37254,11854,20810
2293,0,7744,18244,18244,20727,39493
2294,0,1836,12336,12336,38884,17073
2295,0,5611,16111,16111,12458,16809
2296,0,7660,18160,18160,16694,36047
2297,0,22073,35359,35359,11786,17244
2298,0,5335,15835,15835,38840,15431
2299,0,1354,11854,11854,10905,16640
2300,0,4141,14641,14641,12941,36720
2301,0,9030,19530,19530,14555,35378
2302,0,10278,20778,20778,12504,14551
2303,0,23274,37830,37830,18289,36921
2304,0,4844,15344,15344,11169,20925
2305,0,4723,15223,15223,35873,13859
2306,0,6260,16760,16760,14514,35643
2307,0,24770,38033,38033,16491,11743
2308,0,3280,13780,13780,18284,17682
2309,0,4032,14532,14532,18881,19751
2310,0,6720,17220,17220,37021,17536
2311,0,1235,11735,11735,16091,11307
2312,0,25173,38202,38202,12850,11185
2313,0,9597,20097,20097,12528,10797
2314,0,23187,35156,35156,15005,36997
2315,0,24533,37965,37965,18045,15855
2316,1,10200,20700,39517,20700,20135
2317,0,2251,12751,12751,20087,14823
2318,0,1025,11525,11525,38654,20654
2319,0,23063,36255,36255,18238,11640
2320,0,8396,18896,18896,17911,36169
2321,0,6649,17149,17149,10557,35575
2322,0,21034,38896,38896,15431,37725
2323,0,8074,18574,18574,11097,20210
2324,0,7019,17519,17519,17930,11808
2325,0,3397,13897,13897,35964,37668
2326,0,313,10813,10813,15110,12381
2327,0,636,11136,11136,18348,38345
2328,0,6149,16649,16649,13738,14162
2329,0,8574,19074,19074,11849,17615
2330,0,21727,35850,35850,18839,38079
2331,0,9571,20071,20071,19002,10841
2332,0,25103,37353,37353,18415,37675
2333,0,8086,18586,18586,13839,18655
2334,0,8066,18566,18566,16238,16077
2335,0,8131,18631,18631,15963,38130
2336,0,2970,13470,13470,13207,11120
2337,0,8473,18973,18973,38855,36176
2338,0,2584,13084,13084,39287,35630
2339,0,8639,19139,19139,12722,14310
2340,0,3885,14385,14385,17237,13341
2341,0,23970,39010,39010,11581,15997
2342,0,24851,37020,37020,38067,38015
2343,0,4771,15271,15271,15164,36913
2344,0,24991,38225,38225,10996,38151
2345,0,24837,35308,35308,11117,38877
2346,0,6697,17197,17197,15956,12744
2347,0,6942,17442,17442,37970,11931
2348,0,25383,35807,35807,35340,15211
2349,0,21927,37232,37232,13644,37113
2350,0,8689,19189,19189,19061,36753
2351,0,25322,36293,36293,16788,19213
2352,0,6058,16558,16558,35413,37881
2353,0,1840,12340,12340,12116,16257
2354,0,21691,38234,38234,18489,14055
2355,0,1564,12064,12064,37249,38572
2356,0,3673,14173,14173,13203,35130
2357,0,21214,35415,35415,36677,13387
2358,0,23647,37580,37580,11473,14739
2359,0,4698,15198,15198,12385,35664
2360,0,25415,39557,39557,12043,19974
2361,0,3320,13820,13820,18702,11481
2362,0,5192,15692,15692,38559,38182
2363,0,2272,12772,12772,38074,16887
2364,0,23952,38690,38690,16997,14220
2365,0,6157,16657,16657,13532,16522
2366,0,4254,14754,14754,18818,14919
2367,0,4773,15273,15273,17779,37335
2368,0,6575,17075,17075,17472,35358
2369,0,10087,20587,20587,20459,11835
2370,0,4709,15209,15209,19664,17742
2371,0,847,11347,11347,19086,20189
2372,0,7580,18080,18080,35383,17503
2373,0,5544,16044,16044,14523,19616
2374,0,5526,16026,16026,37392,18174
2375,0,838,11338,11338,15894,19995
2376,0,5461,15961,15961,38165,14800
2377,0,9809,20309,20309,12185,12100
2378,0,8545,19045,19045,36699,19202
2379,0,7457,17957,17957,38026,14413
2380,0,4597,15097,15097,20366,38327
2381,0,5916,16416,16416,38854,14266
2382,0,1417,11917,11917,17839,19054
2383,0,5785,16285,16285,20117,14699
2384,0,23465,37776,37776,20234,18031
2385,0,3848,14348,14348,37752,36517
2386,0,604,11104,11104,17284,15855
2387,0,9365,19865,19865,16803,20214
2388,0,23831,37775,37775,10653,11266
2389,0,2078,12578,12578,16822,15575
2390,0,9712,20212,20212,19799,36282
2391,0,2311,12811,12811,35451,36749
2392,0,9071,19571,19571,13970,13737
2393,0,4343,14843,14843,37500,36886
2394,0,1471,11971,11971,14821,19304
2395,0,1982,12482,12482,16025,18356
2396,0,8522,19022,19022,12425,19095
2397,0,4466,14966,14966,15980,19720
2398,0,199,10699,10699,14682,13210
2399,0,6676,17176,17176,36620,11968
2400,0,485,10985,10985,15662,39189
2401,0,3270,13770,13770,14551,20778
2402,0,4724,15224,15224,20776,17795
2403,0,5728,16228,16228,14655,15161
2404,0,2823,13323,13323,15226,38716
2405,0,4551,15051,15051,15933,11532
2406,0,24282,37600,37600,18515,39174
2407,0,5336,15836,15836,18049,20725
2408,0,3245,13745,13745,18374,39414
2409,0,4453,14953,14953,16755,35443
2410,0,10217,20717,20717,20439,13094
2411,0,5817,16317,16317,20592,38793
2412,0,10219,20719,20719,12562,17254
2413,0,3749,14249,14249,18062,35195
2414,0,2202,12702,12702,15066,15915
2415,0,8293,18793,18793,17991,18242
2416,0,23089,36816,36816,16646,10874
2417,0,2794,13294,13294,16717,19772
2418,0,7259,17759,17759,11720,13913
2419,0,22108,36839,36839,36348,17745
2420,0,23509,36595,36595,11936,13136
2421,0,524,11024,11024,36748,37290
2422,0,10499,20999,20999,19745,38675
2423,0,24344,38475,38475,19218,18069
2424,0,947,11447,11447,12604,18959
2425,0,23885,36151,36151,37182,19282
2426,0,24880,39249,39249,13367,11004
2427,0,23208,36456,36456,16026,14487
2428,0,1280,11780,11780,20186,38345
2429,0,9234,19734,19734,15901,14686
2430,0,122,10622,10622,20189,18468
2431,0,4366,14866,14866,36075,11894
2432,0,5885,16385,16385,12967,19578
2433,0,7068,17568,17568,36523,35754
2434,0,7917,18417,18417,14980,13870
2435,0,2302,12802,12802,15676,17381
2436,0,22132,38135,38135,15119,11036
2437,0,23179,38241,38241,20344,38171
2438,0,9414,19914,19914,11793,36841
2439,0,5820,16320,16320,19912,14748
2440,0,10311,20811,20811,19202,19045
2441,0,1005,11505,11505,19863,19304
2442,0,3460,13960,13960,13541,12980
2443,0,8211,18711,18711,35551,15446
2444,0,25148,37038,37038,35702,14972
2445,0,21227,38074,38074,20062,19594
2446,0,3055,13555,13555,17243,13549
2447,1,3566,14066,12523,14066,39090
2448,0,7066,17566,17566,36227,36022
2449,0,2132,12632,12632,12347,12937
2450,0,501,11001,11001,18902,14820
2451,0,25314,37875,37875,15929,17696
2452,0,3185,13685,13685,17071,16257
2453,0,6153,16653,16653,38125,16477
2454,0,8129,18629,18629,10806,15759
2455,0,229,10729,10729,19995,12284
2456,0,8881,19381,19381,11186,13074
2457,0,4001,14501,14501,38117,39474
2458,0,21333,36882,36882,18915,16244
2459,0,21603,38303,38303,20203,19036
2460,0,23222,35094,35094,19934,18207
2461,0,9202,19702,19702,15187,12410
2462,0,3007,13507,13507,36922,14449
2463,30,9383,19883,36694,35843,17602
2464,0,4587,15087,15087,13709,13099
2465,0,4221,14721,14721,19677,13092
2466,0,4305,14805,14805,35659,37488
2467,0,24128,39040,39040,19829,16257
2468,0,7571,18071,18071,11491,20896
2469,0,2750,13250,13250,38884,16302
2470,0,8992,19492,19492,20088,36751
2471,0,8857,19357,19357,17573,19208
2472,0,4376,14876,14876,16517,35443
2473,0,2944,13444,13444,36896,12376
2474,0,22963,35256,35256,11833,35229
2475,0,24434,39593,39593,20062,20217
2476,0,2718,13218,13218,17828,37801
2477,0,3362,13862,13862,20356,16050
2478,0,25411,35777,35777,35236,16589
2479,0,8459,18959,18959,12604,11447
2480,0,5824,16324,16324,19245,19916
2481,0,22645,36491,36491,11635,37165
2482,0,24524,39207,39207,15066,39591
2483,0,5230,15730,15730,18912,13813
2484,0,9792,20292,20292,16971,13919
2485,6,6746,17246,20406,15292,19315
2486,0,4161,14661,14661,18454,12607
2487,0,25381,37376,37376,35553,17564
2488,0,23846,36118,36118,35459,12488
2489,0,6878,17378,17378,19469,35162
2490,0,8608,19108,19108,37763,17423
2491,0,24875,38524,38524,20451,13363
2492,0,5322,15822,15822,15736,20251
2493,0,5561,16061,16061,18051,35212
2494,0,8928,19428,19428,18449,13105
2495,0,10298,20798,20798,38451,17523
2496,0,23688,37768,37768,12027,20368
2497,0,23259,37881,37881,18969,18217
2498,0,21970,36310,36310,38769,14181
2499,0,7463,17963,17963,11635,36491
2500,0,4867,15367,15367,35857,13152
2501,0,8742,19242,19242,36843,19412
2502,0,1017,11517,11517,18370,20083
2503,0,7949,18449,18449,19428,17757
2504,0,7646,18146,18146,39522,37645
2505,0,9627,20127,20127,17753,14620
2506,0,1928,12428,12428,10518,16563
2507,1,350,10850,38785,10850,20277
2508,0,6703,17203,17203,11716,17194
2509,10,25159,37789,12753,12181,20752
2510,0,223,10723,10723,18961,15917
2511,0,6030,16530,16530,16370,18184
2512,0,23651,38614,38614,38439,14877
2513,0,25045,37619,37619,20725,39327
2514,0,25006,38973,38973,39064,20732
2515,0,9174,19674,19674,16805,15552
2516,0,2500,13000,13000,17227,15531
2517,0,10328,20828,20828,36248,14850
2518,0,23039,35729,35729,35745,37681
2519,0,564,11064,11064,18893,16697
2520,0,1582,12082,12082,35457,15718
2521,0,5545,16045,16045,35798,15265
2522,0,2175,12675,12675,15666,13610
2523,0,9924,20424,20424,39519,19993
2524,0,25079,37048,37048,16424,39009
2525,0,21938,39564,39564,18983,12757
2526,0,3933,14433,14433,20796,11472
2527,0,23479,36538,36538,11630,36539
2528,0,2707,13207,13207,13470,37947
2529,0,22646,39408,39408,20227,20153
2530,0,9976,20476,20476,36562,11097
2531,0,5211,15711,15711,20332,38361
2532,0,23784,39179,39179,16735,17403
2533,0,9210,19710,19710,35803,12514
2534,0,21608,36520,36520,12780,39384
2535,0,3535,14035,14035,13591,37295
2536,0,8265,18765,18765,16081,17618
2537,0,23531,38994,38994,10828,17275
2538,0,2397,12897,12897,12215,36601
2539,0,6657,17157,17157,36830,35422
2540,0,3739,14239,14239,11817,16825
2541,0,21280,36295,36295,15942,17274
2542,0,821,11321,11321,35742,37456
2543,0,2063,12563,12563,19651,36196
2544,0,22341,38424,38424,17765,14137
2545,0,10120,20620,20620,16155,11239
2546,0,81,10581,10581,15697,11919
2547,0,5419,15919,15919,20737,15659
2548,0,23253,39226,39226,17640,17774
2549,0,21745,38491,38491,35705,35706
2550,0,9904,20404,20404,13053,38209
2551,0,2697,13197,13197,14093,19272
2552,0,831,11331,11331,16035,35942
2553,0,4574,15074,15074,15395,37904
2554,0,3826,14326,14326,11179,12043
2555,0,5924,16424,16424,38968,37048
2556,0,23909,35311,35311,18985,11428
2557,0,1397,11897,11897,39202,12855
2558,0,10251,20751,20751,18881,12794
2559,0,2833,13333,13333,18748,12606
2560,0,9921,20421,20421,17666,36948
2561,0,22080,38542,38542,39172,13981
2562,0,21574,38894,38894,37789,16317
2563,0,21342,37725,37725,38353,36933
2564,0,23716,37861,37861,37727,13097
2565,0,21635,36192,36192,13564,18473
2566,0,48,10548,10548,38314,39477
2567,0,9156,19656,19656,38540,13333
2568,0,8550,19050,19050,39011,35132
2569,0,24712,37488,37488,14805,35659
2570,0,6512,17012,17012,19670,17870
2571,0,21787,36030,36030,11019,39158
2572,0,7335,17835,17835,20187,37581
2573,0,21440,35835,35835,17868,35606
2574,0,6357,16857,16857,13990,13486
2575,0,4095,14595,14595,38616,16561
2576,0,2689,13189,13189,20344,37874
2577,0,1189,11689,11689,20356,12855
2578,0,24437,36076,36076,39346,16096
2579,0,4845,15345,15345,13504,12596
2580,0,5210,15710,15710,36381,17525
2581,0,3990,14490,14490,39565,19337
2582,0,2373,12873,12873,16856,19876
2583,0,23968,35633,35633,18320,37645
2584,0,5676,16176,16176,37866,20895
2585,0,22127,36632,36632,13328,20057
2586,0,2758,13258,13258,35489,11494
2587,0,9936,20436,20436,37217,19233
2588,0,6607,17107,17107,17417,20025
2589,0,9747,20247,20247,16905,13677
2590,0,9639,20139,20139,11762,35771
2591,0,2488,12988,12988,18092,20744
2592,0,2579,13079,13079,12571,16143
2593,0,22099,37333,37333,14523,14664
2594,0,21622,36727,36727,36728,11374
2595,0,3880,14380,14380,16702,13132
2596,0,23475,39055,39055,16590,17985
2597,0,8854,19354,19354,15506,19008
2598,0,9527,20027,20027,12968,14039
2599,0,4934,15434,15434,39564,11640
2600,0,24051,38365,38365,19348,18126
2601,0,8145,18645,18645,38109,15466
2602,0,2209,12709,12709,15895,15016
2603,0,5235,15735,15735,36177,36674
2604,0,3945,14445,14445,12035,35809
2605,0,22104,36411,36411,38603,13137
2606,0,9694,20194,20194,19278,13190
2607,0,2164,12664,12664,19201,38710
2608,0,2886,13386,13386,10593,16896
2609,0,7852,18352,18352,37816,14687
2610,0,21501,35414,35414,15168,15212
2611,0,24551,39500,39500,16118,18718
2612,0,516,11016,11016,35682,16489
2613,0,22765,36261,36261,38095,18504
2614,0,23667,36737,36737,13026,15261
2615,0,5666,16166,16166,14889,11119
2616,0,172,10672,10672,16528,12178
2617,0,639,11139,11139,12666,19342
2618,0,9863,20363,20363,35743,19272
2619,0,8935,19435,19435,18979,12756
2620,0,21841,38995,38995,19289,35212
2621,0,7690,18190,18190,19745,36718
2622,0,5065,15565,15565,17920,12522
2623,0,1143,11643,11643,36384,20170
2624,0,23545,35363,35363,14544,13342
2625,0,23718,38259,38259,35485,16852
2626,0,22540,37147,37147,37146,17412
2627,0,9946,20446,20446,35341,13943
2628,0,1832,12332,12332,37210,35316
2629,0,22157,39375,39375,20317,20030
2630,0,8862,19362,19362,12280,20360
2631,0,3686,14186,14186,15934,38834
2632,0,6227,16727,16727,17861,11685
2633,0,5700,16200,16200,13739,39379
2634,0,23766,35940,35940,39457,19218
2635,0,22346,38169,38169,36442,36088
2636,0,4537,15037,15037,13958,11523
2637,0,3515,14015,14015,15369,18839
2638,0,9668,20168,20168,14706,17162
2639,0,834,11334,11334,16826,39557
2640,0,2486,12986,12986,19001,14905
2641,0,24037,36553,36553,37902,12381
2642,0,8539,19039,19039,13528,13219
2643,0,9286,19786,19786,37427,11976
2644,0,22791,37391,37391,15443,35547
2645,0,21357,37823,37823,10671,35458
2646,0,9316,19816,19816,17500,13778
2647,0,5467,15967,15967,38113,17970
2648,0,4915,15415,15415,39379,37471
2649,0,65,10565,10565,16279,38445
2650,0,8037,18537,18537,37281,38341
2651,0,8405,18905,18905,17202,39182
2652,0,21926,37665,37665,18990,35690
2653,0,2024,12524,12524,19115,35283
2654,0,1872,12372,12372,36817,17608
2655,0,354,10854,10854,12996,36463
2656,0,5360,15860,15860,15588,35890
2657,0,1767,12267,12267,19088,17125
2658,0,23703,36983,36983,39530,15763
2659,0,9394,19894,19894,19780,14784
2660,0,6405,16905,16905,11922,11348
2661,0,4762,15262,15262,16370,16530
2662,0,1164,11664,11664,11454,18147
2663,0,24230,36732,36732,15731,10574
2664,0,22481,37782,37782,17019,20332
2665,0,3395,13895,13895,18193,12488
2666,0,8285,18785,18785,35318,13203
2667,0,22683,37297,37297,13143,14370
2668,0,4568,15068,15068,37806,16795
2669,0,9308,19808,19808,20820,16668
2670,0,3127,13627,13627,35457,13450
2671,0,25194,38176,38176,15156,17523
2672,0,6946,17446,17446,17475,20563
2673,0,309,10809,10809,35721,38219
2674,0,7203,17703,17703,20137,20600
2675,0,8593,19093,19093,19192,12694
2676,0,25149,38679,38679,16345,14238
2677,1,23142,35223,38066,35223,20713
2678,0,23339,36211,36211,38876,11271
2679,0,4354,14854,14854,13953,16173
2680,0,8893,19393,19393,20948,36241
2681,0,10444,20944,20944,38998,37671
2682,0,8204,18704,18704,11681,39239
2683,0,3587,14087,14087,20241,16486
2684,0,7223,17723,17723,12702,15066
2685,0,2583,13083,13083,17643,16226
2686,0,7420,17920,17920,15137,16057
2687,0,2770,13270,13270,20204,16382
2688,0,4812,15312,15312,19841,16048
2689,0,24720,35376,35376,16030,18502
2690,0,10203,20703,20703,16143,20762
2691,0,5087,15587,15587,36802,13265
2692,0,324,10824,10824,37492,38299
2693,0,5171,15671,15671,20381,20691
2694,0,5648,16148,16148,17460,11838
2695,0,6743,17243,17243,13555,17360
2696,0,3209,13709,13709,14176,39144
2697,0,9307,19807,19807,18105,17881
2698,0,3905,14405,14405,14695,10518
2699,0,21607,36955,36955,14196,16938
2700,0,1292,11792,11792,14790,37869
2701,0,5638,16138,16138,16568,11417
2702,0,22617,39027,39027,15791,37628
2703,0,8499,18999,18999,39136,37836
2704,0,8899,19399,19399,10528,10949
2705,0,2379,12879,12879,20810,17895
2706,0,10431,20931,20931,18486,10690
2707,0,9497,19997,19997,19156,37955
2708,0,3634,14134,14134,38239,36581
2709,0,4169,14669,14669,13391,38345
2710,0,8687,19187,19187,38158,10518
2711,0,6658,17158,17158,37469,20481
2712,0,21359,37345,37345,17653,36460
2713,0,23272,39309,39309,13725,17968
2714,0,3428,13928,13928,14213,38151
2715,0,4421,14921,14921,10954,11730
2716,0,1101,11601,11601,13562,19670
2717,0,25397,37387,37387,11433,16563
2718,0,7900,18400,18400,39035,15236
2719,0,22002,38901,38901,10594,38277
2720,0,3250,13750,13750,35798,18847
2721,0,4409,14909,14909,12514,39196
2722,0,4140,14640,14640,20536,17436
2723,0,3557,14057,14057,19945,37619
2724,0,709,11209,11209,37548,19185
2725,0,118,10618,10618,15561,14485
2726,0,2022,12522,12522,16660,15687
2727,1,4598,15098,16953,15098,37841
2728,0,7286,17786,17786,18417,15516
2729,0,6130,16630,16630,17770,10698
2730,0,22863,35541,35541,12601,35904
2731,0,6952,17452,17452,20239,37309
2732,0,25488,38091,38091,39159,19766
2733,0,2374,12874,12874,38505,11074
2734,0,23565,39043,39043,20316,19986
2735,0,21124,35341,35341,20404,11622
2736,0,9354,19854,19854,37825,11070
2737,0,5227,15727,15727,16773,12517
2738,0,21266,36402,36402,16967,39127
2739,0,6606,17106,17106,16426,11039
2740,0,4681,15181,15181,20848,11854
2741,0,22854,38285,38285,11731,36047
2742,0,8375,18875,18875,13870,36188
2743,0,5003,15503,15503,36805,38860
2744,0,9363,19863,19863,11505,19304
2745,0,22873,37517,37517,16932,37516
2746,0,10354,20854,20854,13668,14620
2747,0,4273,14773,14773,20193,37631
2748,0,5739,16239,16239,12792,36909
2749,0,23829,37193,37193,16022,16484
2750,0,9115,19615,19615,11491,19407
2751,0,24478,38333,38333,10691,39167
2752,0,5470,15970,15970,17651,17439
2753,0,5816,16316,16316,17027,16138
2754,0,1158,11658,11658,15245,15321
2755,0,21117,37953,37953,10687,10609
2756,0,8892,19392,19392,39097,11603
2757,0,87,10587,10587,39119,16711
2758,0,7702,18202,18202,35433,35610
2759,0,3382,13882,13882,10557,15587
2760,0,23332,38026,38026,36609,16126
2761,0,25495,36082,36082,13278,38446
2762,0,403,10903,10903,18179,16968
2763,0,21690,39194,39194,16418,18620
2764,0,3350,13850,13850,11598,35379
2765,3,23286,37076,37092,11604,12189
2766,0,7591,18091,18091,10525,14154
2767,0,23835,39533,39533,18576,37092
2768,0,6378,16878,16878,13883,18079
2769,0,2241,12741,12741,20031,12887
2770,0,23209,35270,35270,37694,19381
2771,0,6552,17052,17052,35978,15099
2772,0,7559,18059,18059,38326,15066
2773,0,21316,38233,38233,35516,15970
2774,0,6310,16810,16810,11429,19427
2775,0,1027,11527,11527,18889,12863
2776,0,24765,39324,39324,38187,11306
2777,0,3803,14303,14303,36110,18586
2778,0,5517,16017,16017,16302,38252
2779,0,2436,12936,12936,15210,16965
2780,0,4689,15189,15189,14909,38022
2781,0,10124,20624,20624,18315,38353
2782,0,5298,15798,15798,20719,18853
2783,0,1278,11778,11778,38835,13523
2784,0,9236,19736,19736,17416,35160
2785,0,6856,17356,17356,20186,16117
2786,0,2042,12542,12542,38825,13700
2787,0,24939,39206,39206,37564,17835
2788,0,6654,17154,17154,19680,14133
2789,0,6074,16574,16574,15252,19880
2790,0,5157,15657,15657,11475,13951
2791,0,1425,11925,11925,18197,14799
2792,0,5027,15527,15527,36849,38293
2793,0,5281,15781,15781,11640,16954
2794,0,9216,19716,19716,35108,12262
2795,0,1502,12002,12002,11507,17721
2796,0,22726,39205,39205,17942,36910
2797,0,21766,37439,37439,15201,14561
2798,0,22967,36869,36869,35331,14136
2799,0,9675,20175,20175,13389,18686
2800,0,25255,37462,37462,12513,38663
2801,0,6064,16564,16564,13226,37562
2802,0,678,11178,11178,15190,14010
2803,0,6673,17173,17173,18659,15654
2804,0,5851,16351,16351,35767,36854
2805,0,7194,17694,17694,12862,38915
2806,0,10414,20914,20914,17996,17405
2807,0,5265,15765,15765,10866,17167
2808,0,7551,18051,18051,35212,16061
2809,0,24785,37929,37929,16768,15602
2810,0,22435,35662,35662,35489,11831
2811,0,5053,15553,15553,19238,11617
2812,0,5215,15715,15715,20974,38834
2813,0,1850,12350,12350,35484,37619
2814,0,6522,17022,17022,12185,13912
2815,0,1070,11570,11570,17496,13304
2816,0,7934,18434,18434,37725,36190
2817,0,6784,17284,17284,16057,11104
2818,0,7406,17906,17906,11297,37390
2819,0,2480,12980,12980,38746,15913
2820,0,23774,37055,37055,10565,38607
2821,0,3392,13892,13892,37279,38025
2822,0,1099,11599,11599,15799,12566
2823,0,5484,15984,15984,19556,38254
2824,0,9103,19603,19603,12161,16856
2825,0,21055,36200,36200,17011,20625
2826,0,418,10918,10918,11891,16143
2827,0,9469,19969,19969,11665,14747
2828,0,5819,16319,16319,20429,13280
2829,0,7890,18390,18390,15762,20055
2830,0,1947,12447,12447,20949,15308
2831,0,8450,18950,18950,16077,18335
2832,0,3336,13836,13836,19404,17078
2833,0,2299,12799,12799,38178,15480
2834,0,9162,19662,19662,17767,15296
2835,0,24570,35501,35501,12572,14894
2836,0,23812,39263,39263,17973,14850
2837,0,208,10708,10708,19991,12181
2838,0,8288,18788,18788,19067,17716
2839,0,3682,14182,14182,37158,17336
2840,0,21099,38274,38274,12762,20136
2841,0,8222,18722,18722,38340,39526
2842,0,23488,39166,39166,19783,17266
2843,0,528,11028,11028,35861,12219
2844,0,5329,15829,15829,20712,37540
2845,0,779,11279,11279,35905,14453
2846,0,722,11222,11222,18493,14365
2847,0,7428,17928,17928,36730,18234
2848,0,9511,20011,20011,38493,36597
2849,0,7313,17813,17813,19058,38528
2850,0,1860,12360,12360,12516,38351
2851,0,21666,37314,37314,19326,17876
2852,0,22418,38935,38935,10913,13317
2853,0,25237,37296,37296,37082,36976
2854,0,24902,38209,38209,13053,20404
2855,0,1992,12492,12492,11519,12688
2856,0,2332,12832,12832,38755,36425
2857,0,10324,20824,20824,38013,38513
2858,0,6339,16839,16839,14128,12403
2859,0,9913,20413,20413,11956,11762
2860,0,22318,38307,38307,12635,15327
2861,0,6117,16617,16617,17591,18268
2862,0,3459,13959,13959,38658,12128
2863,0,7614,18114,18114,38164,38152
2864,1,6567,17067,10766,17067,11007
2865,0,21847,35862,35862,14671,37323
2866,0,8297,18797,18797,20967,20898
2867,0,21902,36360,36360,14994,39485
2868,0,9336,19836,19836,13798,38694
2869,0,5492,15992,15992,11494,38687
2870,0,22254,38106,38106,14536,37618
2871,0,4518,15018,15018,19178,38639
2872,0,24108,35585,35585,12061,14098
2873,0,8197,18697,18697,10982,15783
2874,0,5138,15638,15638,13943,36599
2875,0,6755,17255,17255,16823,18271
2876,0,21460,35789,35789,14341,16865
2877,0,22773,38722,38722,38328,15985
2878,0,257,10757,10757,38305,11679
2879,0,23956,39543,39543,16791,38510
2880,0,21312,37824,37824,17023,16171
2881,0,25339,37516,37516,15694,16932
2882,0,21198,36555,36555,13030,17224
2883,0,6931,17431,17431,19509,11890
2884,0,9601,20101,20101,37475,10612
2885,0,21369,38974,38974,12867,13218
2886,0,3625,14125,14125,18877,19859
2887,0,702,11202,11202,17733,14012
2888,0,3189,13689,13689,18166,18752
2889,0,503,11003,11003,12822,38189
2890,0,23202,36378,36378,13912,19535
2891,0,25366,37826,37826,20867,18848
2892,0,5441,15941,15941,38381,15383
2893,0,2556,13056,13056,20064,11212
2894,0,848,11348,11348,15593,12041
2895,0,2248,12748,12748,17969,37678
2896,0,5616,16116,16116,38924,12673
2897,0,9452,19952,19952,20999,10954
2898,0,372,10872,10872,13292,17654
2899,0,21805,37883,37883,13190,35711
2900,0,5317,15817,15817,13908,18815
2901,0,23416,35218,35218,12360,37734
2902,0,5487,15987,15987,36001,38604
2903,0,5303,15803,15803,14571,13709
2904,0,4052,14552,14552,13346,37361
2905,0,3937,14437,14437,16250,11665
2906,0,6252,16752,16752,18354,36644
2907,0,23075,39434,39434,17555,12781
2908,0,9546,20046,20046,13208,39217
2909,0,23384,36821,36821,35781,20955
2910,0,21030,37156,37156,11672,15134
2911,0,4076,14576,14576,15617,17068
2912,0,997,11497,11497,19071,18737
2913,0,4332,14832,14832,39433,17199
2914,0,8610,19110,19110,37898,35668
2915,0,1176,11676,11676,16599,16807
2916,0,21911,39125,39125,15321,38374
2917,0,551,11051,11051,20303,11485
2918,0,4840,15340,15340,18341,15431
2919,0,23366,37033,37033,11897,12855
2920,0,4372,14872,14872,10604,10692
2921,0,3497,13997,13997,20720,16722
2922,0,24121,39466,39466,20833,19101
2923,0,25151,39168,39168,20379,16249
2924,0,25022,39383,39383,12320,37540
2925,0,1407,11907,11907,14461,37874
2926,0,23906,37068,37068,12375,11110
2927,1,22906,37198,38805,37198,15704
2928,0,5176,15676,15676,17381,36477
2929,5,5829,16329,20814,14732,14239
2930,0,6062,16562,16562,13885,38176
2931,0,7792,18292,18292,10836,19587
2932,0,21650,37444,37444,19275,12345
2933,0,6775,17275,17275,38994,14427
2934,0,3588,14088,14088,20504,35180
2935,0,22152,39289,39289,16972,10836
2936,0,10266,20766,20766,15412,37501
2937,0,693,11193,11193,18805,10808
2938,0,2533,13033,13033,35420,15147
2939,0,5011,15511,15511,16238,18566
2940,0,3443,13943,13943,20404,38209
2941,0,982,11482,11482,39155,19227
2942,0,9372,19872,19872,35271,14827
2943,0,5943,16443,16443,15574,36458
2944,0,24377,38725,38725,12276,36563
2945,0,4222,14722,14722,35544,20548
2946,0,91,10591,10591,19505,35407
2947,0,5652,16152,16152,36128,37514
2948,0,2266,12766,12766,36235,14307
2949,0,21182,35317,35317,15762,36453
2950,0,8031,18531,18531,17730,14235
2951,0,9512,20012,20012,38699,13240
2952,0,9573,20073,20073,38718,13425
2953,0,261,10761,10761,12349,16172
2954,0,21462,39253,39253,35115,15235
2955,0,3337,13837,13837,37248,16177
2956,1,5497,15997,12850,15997,35542
2957,0,21880,39386,39386,11159,38041
2958,0,4016,14516,14516,35431,38754
2959,0,3626,14126,14126,11774,13975
2960,0,22472,35157,35157,15712,13213
2961,0,445,10945,10945,16413,20693
2962,0,6752,17252,17252,13345,18506
2963,0,5111,15611,15611,38232,17056
2964,0,5965,16465,16465,35500,37413
2965,0,3555,14055,14055,18489,38234
2966,0,2194,12694,12694,13881,19799
2967,0,9598,20098,20098,11965,20363
2968,0,7338,17838,17838,35522,20856
2969,0,22850,37410,37410,14430,20429
2970,0,3367,13867,13867,11335,39182
2971,0,9952,20452,20452,19631,18207
2972,0,2867,13367,13367,12679,36100
2973,0,2526,13026,13026,13739,11353
2974,0,24773,36677,36677,13387,35415
2975,0,7563,18063,18063,17138,14993
2976,0,8291,18791,18791,18747,38639
2977,0,10223,20723,20723,14678,19634
2978,0,1168,11668,11668,14658,17986
2979,0,4144,14644,14644,38012,38001
2980,0,5149,15649,15649,15901,39146
2981,0,84,10584,10584,36844,20137
2982,0,3149,13649,13649,39034,13272
2983,0,23026,37222,37222,13827,36668
2984,0,880,11380,11380,35250,18652
2985,0,6747,17247,17247,16864,16366
2986,0,23331,38959,38959,11185,19464
2987,0,6535,17035,17035,18894,16794
2988,0,21051,38927,38927,17931,35248
2989,0,9056,19556,19556,12651,12019
2990,0,1467,11967,11967,35234,19308
2991,0,23349,35530,35530,15762,20031
2992,0,5641,16141,16141,13130,13742
2993,0,6537,17037,17037,15154,37607
2994,0,9418,19918,19918,16382,19274
2995,0,452,10952,10952,10777,10740
2996,0,4326,14826,14826,18295,17527
2997,0,4044,14544,14544,20530,35363
2998,0,21747,36169,36169,16110,18896
2999,0,4137,14637,14637,17312,18113
3000,0,3039,13539,13539,15395,15908
3001,0,9096,19596,19596,35533,18023
3002,0,22383,37868,37868,18640,11394
3003,0,8413,18913,18913,11563,10886
3004,0,5825,16325,16325,16484,37150
3005,0,7796,18296,18296,18253,15331
3006,0,579,11079,11079,17014,20748
3007,0,5236,15736,15736,15822,18376
3008,0,6571,17071,17071,13685,17602
3009,0,10493,20993,20993,10890,11255
3010,0,7174,17674,17674,16046,15097
3011,0,7467,17967,17967,12486,39234
3012,0,22366,35598,35598,38048,15259
3013,0,9922,20422,20422,39241,12863
3014,0,24133,35620,35620,17475,17446
3015,0,5587,16087,16087,37580,11473
3016,0,21150,36371,36371,18805,16036
3017,0,2467,12967,12967,14414,36792
3018,0,4157,14657,14657,37267,18876
3019,0,6349,16849,16849,12043,19311
3020,0,9176,19676,19676,10641,19567
3021,0,413,10913,10913,11990,10664
3022,0,402,10902,10902,11671,12158
3023,0,4428,14928,14928,39202,12643
3024,0,2084,12584,12584,11817,37969
3025,0,3057,13557,13557,10558,19409
3026,0,22388,37641,37641,37677,15516
3027,0,22840,35792,35792,11935,36516
3028,0,7060,17560,17560,20137,19282
3029,0,164,10664,10664,20259,11388
3030,0,8692,19192,19192,12694,37399
3031,0,10044,20544,20544,18430,12376
3032,0,22214,37985,37985,38965,15659
3033,0,4302,14802,14802,20963,13383
3034,0,23591,37547,37547,16048,36334
3035,0,24561,35773,35773,12501,35460
3036,0,3317,13817,13817,35408,36576
3037,0,25326,36600,36600,35506,37459
3038,0,9941,20441,20441,36727,17221
3039,0,3934,14434,14434,10691,39167
3040,0,6851,17351,17351,19700,38147
3041,0,1847,12347,12347,12632,12937
3042,0,22718,36844,36844,13332,10584
3043,0,1334,11834,11834,36514,37765
3044,0,22186,36092,36092,17472,35823
3045,0,23364,37822,37822,13876,35451
3046,0,10296,20796,20796,14433,11472
3047,0,8807,19307,19307,38764,17679
3048,0,753,11253,11253,11834,38403
3049,0,3064,13564,13564,16353,36374
3050,0,22483,37594,37594,13357,17838
3051,0,6997,17497,17497,18969,13829
3052,0,7536,18036,18036,14371,12180
3053,0,22722,36219,36219,16979,38454
3054,0,706,11206,11206,36230,37185
3055,0,3491,13991,13991,13747,11756
3056,0,9575,20075,20075,14307,13145
3057,0,25379,38157,38157,12082,20719
3058,0,4573,15073,15073,15497,16006
3059,0,24179,36208,36208,20377,36207
3060,0,7054,17554,17554,20458,14350
3061,0,5580,16080,16080,11769,36144
3062,0,24032,37233,37233,13404,10807
3063,0,6840,17340,17340,37897,14735
3064,0,3151,13651,13651,12500,17015
3065,2,23974,38968,18935,37048,38968
3066,0,6523,17023,17023,37824,10913
3067,0,21358,39437,39437,38122,39486
3068,0,3799,14299,14299,20843,36269
3069,0,4022,14522,14522,36960,15257
3070,0,8871,19371,19371,11197,13864
3071,0,1074,11574,11574,11837,19571
3072,0,10020,20520,20520,15984,36158
3073,3,10383,20883,37076,16951,10779
3074,0,3438,13938,13938,35180,37088
3075,0,22204,38964,38964,37440,11115
3076,0,22778,38010,38010,18218,36694
3077,0,9962,20462,20462,39451,13362
3078,0,2429,12929,12929,20496,39179
3079,0,246,10746,10746,20347,16738
3080,0,3815,14315,14315,18257,11475
3081,0,22263,35715,35715,13883,37966
3082,0,3632,14132,14132,12200,36875
3083,0,9990,20490,20490,18809,36024
3084,0,2262,12762,12762,18688,36438
3085,0,2246,12746,12746,19342,16259
3086,0,835,11335,11335,13867,12376
3087,0,5064,15564,15564,19123,36383
3088,0,6202,16702,16702,14956,17581
3089,0,432,10932,10932,17070,13342
3090,0,7960,18460,18460,35798,18061
3091,0,1173,11673,11673,38167,17760
3092,0,8374,18874,18874,18776,20521
3093,0,6437,16937,16937,16820,16827
3094,0,8823,19323,19323,14079,20173
3095,0,4656,15156,15156,12477,38673
3096,0,8654,19154,19154,38352,14741
3097,0,5289,15789,15789,35442,35443
3098,0,3757,14257,14257,14824,17535
3099,0,10061,20561,20561,12146,38599
3100,0,9880,20380,20380,37036,20570
3101,0,250,10750,10750,20705,10532
3102,0,7671,18171,18171,19771,19693
3103,0,21118,39273,39273,14263,12910
3104,0,7334,17834,17834,12550,38652
3105,0,24318,37514,37514,20582,39396
3106,0,7952,18452,18452,14155,20297
3107,0,8018,18518,18518,38432,20612
3108,0,24684,38803,38803,20215,39506
3109,0,3407,13907,13907,14730,13830
3110,0,2729,13229,13229,11190,35115
3111,0,22026,39447,39447,18234,18814
3112,0,8948,19448,19448,16912,14787
3113,0,433,10933,10933,12149,39571
3114,0,25168,36699,36699,16990,19045
3115,0,7422,17922,17922,19207,38507
3116,0,7592,18092,18092,18885,20744
3117,0,21846,35920,35920,17888,16171
3118,0,23016,38238,38238,13386,10593
3119,0,23868,39089,39089,38557,17194
3120,0,24115,39167,39167,10691,14921
3121,0,21230,38058,38058,20119,15977
3122,0,23787,38499,38499,36926,16501
3123,0,25236,35763,35763,18026,17210
3124,0,5629,16129,16129,11945,36410
3125,0,4002,14502,14502,13355,17386
3126,0,10455,20955,20955,39563,19181
3127,1,4753,15253,13923,15253,13385
3128,0,1332,11832,11832,19826,12703
3129,0,9854,20354,20354,15627,18995
3130,0,8101,18601,18601,10800,15637
3131,0,4196,14696,14696,38308,12466
3132,0,1443,11943,11943,38334,36143
3133,0,3681,14181,14181,36310,35686
3134,0,25390,36661,36661,11563,11794
3135,0,4310,14810,14810,36840,14840
3136,0,7448,17948,17948,36725,12885
3137,0,4899,15399,15399,11187,11416
3138,0,8272,18772,18772,10819,35896
3139,0,3985,14485,14485,10618,15561
3140,0,23260,39171,39171,18451,38153
3141,0,24088,37932,37932,38191,36342
3142,0,21528,36410,36410,11164,14043
3143,0,8784,19284,19284,35365,18556
3144,0,2569,13069,13069,37129,37930
3145,0,22161,35306,35306,14335,35256
3146,0,4277,14777,14777,17873,37666
3147,0,3666,14166,14166,13960,38196
3148,0,24612,36369,36369,37683,38151
3149,0,24005,39451,39451,13362,16900
3150,0,2446,12946,12946,16009,37720
3151,0,6821,17321,17321,38554,14350
3152,0,24878,37729,37729,15973,35587
3153,0,6520,17020,17020,15447,36088
3154,0,5802,16302,16302,13202,35923
3155,0,3657,14157,14157,37976,19900
3156,0,23241,38037,38037,18052,14854
3157,0,23218,36682,36682,15219,18381
3158,0,3172,13672,13672,37396,18013
3159,1,1223,11723,36454,11723,12249
3160,0,7272,17772,17772,20520,38254
3161,0,3639,14139,14139,17253,17405
3162,0,4166,14666,14666,18470,15155
3163,0,544,11044,11044,36462,14974
3164,0,1204,11704,11704,35333,18570
3165,0,25184,37511,37511,12643,38845
3166,0,8816,19316,19316,15306,39478
3167,0,23240,38261,38261,11360,11127
3168,0,7242,17742,17742,15209,19664
3169,0,2637,13137,13137,20357,35458
3170,0,25269,39119,39119,10587,15059
3171,0,8839,19339,19339,37946,17547
3172,0,25272,37993,37993,18516,13540
3173,0,23841,37909,37909,39207,18346
3174,0,6758,17258,17258,15044,18810
3175,0,22038,37674,37674,10966,36694
3176,0,7838,18338,18338,18700,12467
3177,0,877,11377,11377,18481,15075
3178,0,22372,36960,36960,14793,19996
3179,0,196,10696,10696,39214,19577
3180,0,21202,39213,39213,13810,12238
3181,0,3383,13883,13883,35715,13778
3182,0,4379,14879,14879,13849,11492
3183,0,22124,37312,37312,12511,16629
3184,0,23033,35315,35315,38556,14585
3185,0,2997,13497,13497,35429,35274
3186,0,3908,14408,14408,16329,15740
3187,0,2571,13071,13071,38835,16816
3188,0,7688,18188,18188,10769,38117
3189,0,1755,12255,12255,14809,16739
3190,0,6496,16996,16996,17015,39138
3191,0,25112,37536,37536,38676,13416
3192,0,24683,38658,38658,37032,13959
3193,0,22942,38960,38960,19791,20642
3194,0,5721,16221,16221,19801,14007
3195,0,6443,16943,16943,14303,10518
3196,0,24588,38738,38738,11592,37315
3197,0,4969,15469,15469,19146,13087
3198,0,6964,17464,17464,13983,15901
3199,0,6814,17314,17314,10997,15899
3200,0,6479,16979,16979,18836,36219
3201,0,4711,15211,15211,35129,11700
3202,0,4163,14663,14663,14563,39377
3203,0,24948,37196,37196,38297,15666
3204,0,9084,19584,19584,11838,37812
3205,0,25452,35831,35831,11003,17436
3206,0,21013,36985,36985,16193,11741
3207,0,2682,13182,13182,20080,39472
3208,0,23273,38556,38556,19545,17398
3209,0,2508,13008,13008,17683,16732
3210,0,8075,18575,18575,13729,39284
3211,0,1510,12010,12010,18612,12019
3212,0,4314,14814,14814,16800,13567
3213,0,9445,19945,19945,38832,37675
3214,0,8483,18983,18983,39581,12757
3215,0,5356,15856,15856,37003,20458
3216,0,6639,17139,17139,39204,12651
3217,0,5972,16472,16472,19445,38377
3218,3,1244,11744,20189,19214,16318
3219,0,3734,14234,14234,16482,14329
3220,0,8863,19363,19363,38509,12043
3221,0,24164,37821,37821,13664,13104
3222,0,4121,14621,14621,10736,12765
3223,0,24838,37389,37389,39017,15187
3224,0,4995,15495,15495,39443,12782
3225,0,23057,35438,35438,12859,12639
3226,0,8318,18818,18818,14754,38642
3227,14,1876,12376,15948,38445,16793
3228,0,24636,39301,39301,39256,38749
3229,0,5262,15762,15762,36541,18390
3230,0,254,10754,10754,17882,19002
3231,0,8146,18646,18646,12707,15124
3232,0,4511,15011,15011,38521,12485
3233,0,9266,19766,19766,15070,38661
3234,0,5159,15659,15659,15919,37985
3235,0,24495,36959,36959,19929,14417
3236,0,7764,18264,18264,14447,16482
3237,0,759,11259,11259,12032,15424
3238,0,5481,15981,15981,20968,38089
3239,0,654,11154,11154,35326,12604
3240,0,5297,15797,15797,16289,37433
3241,0,9386,19886,19886,35337,12135
3242,0,5812,16312,16312,36938,37702
3243,0,5288,15788,15788,20768,14296
3244,0,2892,13392,13392,11036,15387
3245,0,3401,13901,13901,16517,36836
3246,0,7626,18126,18126,38866,38365
3247,0,5636,16136,16136,16104,20323
3248,0,1420,11920,11920,16143,15812
3249,0,3044,13544,13544,11573,19999
3250,0,2830,13330,13330,11283,36849
3251,0,23439,35756,35756,38530,37435
3252,1,328,10828,39593,10828,11813
3253,0,10480,20980,20980,18269,11201
3254,0,253,10753,10753,39144,39251
3255,0,22189,38125,38125,16653,16477
3256,0,7318,17818,17818,11015,13396
3257,0,6159,16659,16659,10726,11919
3258,0,5323,15823,15823,12000,17467
3259,0,8665,19165,19165,37176,17827
3260,0,21890,35749,35749,19787,20973
3261,0,4377,14877,14877,38797,13171
3262,0,6022,16522,16522,11748,35909
3263,0,5092,15592,15592,39040,14797
3264,1,9257,19757,17132,19757,19948
3265,0,5377,15877,15877,38319,17490
3266,0,3019,13519,13519,36037,35299
3267,0,3029,13529,13529,18494,36680
3268,0,9740,20240,20240,13259,38246
3269,0,2636,13136,13136,15615,16886
3270,0,21209,37771,37771,11064,20771
3271,0,9532,20032,20032,19266,18494
3272,0,1131,11631,11631,16977,35656
3273,0,3018,13518,13518,16683,12408
3274,1,2945,13445,16653,13445,38125
3275,0,3659,14159,14159,36369,36762
3276,0,23859,38371,38371,16030,19012
3277,0,24799,35485,35485,14926,20851
3278,0,21918,36390,36390,35693,12043
3279,0,8703,19203,19203,35998,17217
3280,0,2663,13163,13163,12960,39577
3281,0,24510,38330,38330,35771,15169
3282,0,5378,15878,15878,38601,10682
3283,0,8359,18859,18859,38988,18416
3284,0,1362,11862,11862,20254,38639
3285,0,7180,17680,17680,10564,36216
3286,0,25456,35340,35340,11651,16582
3287,0,5533,16033,16033,13813,13442
3288,0,3481,13981,13981,38542,14118
3289,0,22476,39045,39045,20164,16967
3290,0,6255,16755,16755,35443,10661
3291,0,23976,37637,37637,11724,18121
3292,0,8747,19247,19247,13211,39261
3293,3,21215,37302,15997,38202,12713
3294,0,5112,15612,15612,15519,38447
3295,0,5940,16440,16440,35101,16250
3296,0,7981,18481,18481,11377,19948
3297,0,24819,35985,35985,19995,35986
3298,0,10144,20644,20644,17466,35708
3299,0,2880,13380,13380,13241,38451
3300,0,5839,16339,16339,19921,16145
3301,0,3381,13881,13881,12694,12523
3302,0,22816,37144,37144,19894,14784
3303,0,1302,11802,11802,15066,14762
3304,0,23594,38806,38806,39140,10936
3305,0,7442,17942,17942,18922,17692
3306,0,4957,15457,15457,16366,14462
3307,0,4836,15336,15336,10702,17412
3308,0,25215,35242,35242,38572,12064
3309,0,8704,19204,19204,15908,38803
3310,0,25061,38069,38069,12122,39286
3311,0,5720,16220,16220,16479,20208
3312,0,8188,18688,18688,38540,39270
3313,0,9618,20118,20118,36818,13964
3314,0,942,11442,11442,15500,36139
3315,0,23569,36810,36810,17534,37749
3316,0,3235,13735,13735,19483,38044
3317,3,23370,39423,39205,10654,16824
3318,0,3257,13757,13757,20393,17985
3319,0,23238,35916,35916,16421,11239
3320,0,21755,35671,35671,14739,37420
3321,0,176,10676,10676,39508,38392
3322,0,435,10935,10935,10591,12811
3323,0,22607,35948,35948,38879,14082
3324,0,7049,17549,17549,19599,16982
3325,0,308,10808,10808,35523,12774
3326,0,1565,12065,12065,16929,16394
3327,0,3964,14464,14464,38191,11711
3328,0,6727,17227,17227,18056,20259
3329,9,2135,12635,16022,37193,16484
3330,0,9060,19560,19560,14209,18718
3331,0,23852,37765,37765,11834,11253
3332,0,21942,35462,35462,11981,13728
3333,0,24877,36617,36617,35587,15588
3334,0,4977,15477,15477,37309,20032
3335,0,8664,19164,19164,16911,11990
3336,0,24901,38203,38203,14672,18382
3337,0,595,11095,11095,20752,20814
3338,0,7393,17893,17893,17779,36647
3339,0,2276,12776,12776,20403,20632
3340,0,7072,17572,17572,14218,14467
3341,0,6830,17330,17330,12376,12550
3342,0,4625,15125,15125,19112,11563
3343,0,9245,19745,19745,38675,36790
3344,0,5332,15832,15832,12379,14646
3345,0,24185,36126,36126,36733,10605
3346,0,5351,15851,15851,14291,16862
3347,0,23953,37057,37057,18634,38652
3348,0,2623,13123,13123,20800,19414
3349,0,9628,20128,20128,19780,14784
3350,0,4572,15072,15072,20740,13181
3351,0,23435,35936,35936,35833,38078
3352,0,22317,38325,38325,16784,37373
3353,0,231,10731,10731,36099,12274
3354,1,179,10679,13574,10679,20988
3355,0,7882,18382,18382,37457,15587
3356,0,737,11237,11237,19095,14659
3357,0,22107,39016,39016,10706,38324
3358,0,10264,20764,20764,13414,20976
3359,0,24477,35549,35549,12590,12252
3360,0,3865,14365,14365,18493,11222
3361,1,5865,16365,19148,16365,35629
3362,0,21834,35481,35481,19174,20010
3363,0,6057,16557,16557,39574,18312
3364,0,9199,19699,19699,19513,17268
3365,0,21637,35737,35737,18606,38027
3366,0,109,10609,10609,37953,12821
3367,0,5705,16205,16205,36377,37148
3368,1,8481,18981,13567,18981,15822
3369,0,1321,11821,11821,15259,35853
3370,0,5935,16435,16435,37958,15917
3371,0,1995,12495,12495,18878,37137
3372,0,6495,16995,16995,38239,12570
3373,0,755,11255,11255,20993,35965
3374,0,8650,19150,19150,18441,14286
3375,0,23486,38667,38667,36628,12148
3376,0,5137,15637,15637,14331,19022
3377,0,21762,37548,37548,11209,15791
3378,0,800,11300,11300,12858,36857
3379,0,22978,35915,35915,36070,19338
3380,0,2086,12586,12586,38617,11101
3381,0,5501,16001,16001,19592,17913
3382,0,6200,16700,16700,19716,19306
3383,0,9549,20049,20049,14819,16128
3384,0,69,10569,10569,39222,38895
3385,0,5367,15867,15867,15479,12113
3386,0,9636,20136,20136,38274,16837
3387,0,22172,37635,37635,10800,36980
3388,0,10274,20774,20774,37636,20262
3389,0,5682,16182,16182,14636,36523
3390,0,8873,19373,19373,20649,37236
3391,0,25259,35782,35782,19513,19699
3392,0,10149,20649,20649,39206,19373
3393,0,5170,15670,15670,36777,38710
3394,0,1680,12180,12180,18036,12491
3395,0,23343,35825,35825,17779,13038
3396,0,377,10877,10877,20651,13099
3397,0,1469,11969,11969,17716,19740
3398,0,23002,35668,35668,18826,12393
3399,0,5961,16461,16461,19498,14635
3400,0,2603,13103,13103,14818,16152
3401,0,4181,14681,14681,10553,10617
3402,0,9272,19772,19772,13294,16717
3403,0,7868,18368,18368,14164,36284
3404,0,8827,19327,19327,16016,36536
3405,0,22774,36215,36215,12979,17632
3406,0,23404,38788,38788,12235,19908
3407,0,4505,15005,15005,17738,35156
3408,0,22857,39492,39492,20632,37534
3409,0,7048,17548,17548,18441,39318
3410,0,4230,14730,14730,14461,18602
3411,0,9024,19524,19524,12346,14655
3412,0,21293,38197,38197,36139,13370
3413,0,3091,13591,13591,14035,16190
3414,0,2726,13226,13226,16564,37562
3415,0,477,10977,10977,17766,18921
3416,0,1329,11829,11829,11563,16793
3417,0,2283,12783,12783,16317,39472
3418,0,3732,14232,14232,16074,12475
3419,0,24403,39065,39065,19173,19980
3420,0,9676,20176,20176,13314,16568
3421,0,5873,16373,16373,17911,19931
3422,0,5557,16057,16057,17920,12057
3423,0,751,11251,11251,14793,19996
3424,0,24907,38711,38711,12994,36970
3425,0,2300,12800,12800,36348,17745
3426,0,23869,37211,37211,38192,19683
3427,0,873,11373,11373,18605,17688
3428,0,6620,17120,17120,11760,19039
3429,0,8847,19347,19347,39135,18596
3430,0,5127,15627,15627,14487,14665
3431,0,9810,20310,20310,15516,12692
3432,0,24215,38098,38098,37047,37765
3433,0,4564,15064,15064,16147,17508
3434,0,1545,12045,12045,11616,17210
3435,0,739,11239,11239,38017,18026
3436,0,25004,37433,37433,15797,37735
3437,0,2683,13183,13183,11314,13331
3438,0,24579,38411,38411,37748,13086
3439,0,22200,35618,35618,14418,16891
3440,0,21539,35650,35650,20759,39518
3441,0,5121,15621,15621,37825,19854
3442,0,6984,17484,17484,16993,14132
3443,0,6795,17295,17295,16763,18942
3444,0,9966,20466,20466,36499,15690
3445,0,7608,18108,18108,12730,10886
3446,0,3518,14018,14018,39040,19829
3447,0,10496,20996,20996,39570,37719
3448,0,2354,12854,12854,18131,13216
3449,0,24021,37250,37250,35138,17336
3450,0,23197,37939,37939,14051,13578
3451,0,773,11273,11273,11080,13157
3452,0,7965,18465,18465,37778,35211
3453,0,24756,37819,37819,13501,37931
3454,0,5200,15700,15700,12621,36417
3455,0,22017,36430,36430,15722,35538
3456,0,641,11141,11141,17958,11941
3457,0,10079,20579,20579,15954,37138
3458,0,21633,37185,37185,36230,13804
3459,0,8727,19227,19227,39155,11740
3460,0,3203,13703,13703,36628,18110
3461,0,7288,17788,17788,12503,20114
3462,1,4309,14809,19977,14809,14124
3463,0,5204,15704,15704,35605,37198
3464,0,6249,16749,16749,13077,13709
3465,0,865,11365,11365,10518,35457
3466,0,5516,16016,16016,19327,20851
3467,0,9617,20117,20117,13267,38493
3468,0,21792,38945,38945,11787,10856
3469,0,22120,38707,38707,14916,14374
3470,0,6923,17423,17423,16757,19108
3471,0,23987,39425,39425,36395,38596
3472,0,10364,20864,20864,37784,11087
3473,0,9415,19915,19915,13299,19364
3474,0,25264,35770,35770,14695,38901
3475,0,962,11462,11462,36200,37558
3476,0,22336,39387,39387,17333,35401
3477,0,24760,35693,35693,12043,38484
3478,0,24465,36009,36009,11382,19116
3479,0,24183,38957,38957,36834,18814
3480,0,10477,20977,20977,17156,36902
3481,0,21662,37733,37733,17506,17569
3482,0,3309,13809,13809,18185,36236
3483,0,2166,12666,12666,36132,38602
3484,0,363,10863,10863,37428,12043
3485,0,23065,36042,36042,18197,19626
3486,0,3723,14223,14223,13711,11167
3487,0,2825,13325,13325,13381,15237
3488,0,5133,15633,15633,15338,36121
3489,0,7670,18170,18170,10884,15769
3490,0,3597,14097,14097,19311,15588
3491,0,4726,15226,15226,13323,36781
3492,0,546,11046,11046,20107,11605
3493,0,2940,13440,13440,11603,39097
3494,0,471,10971,10971,16603,36037
3495,0,1641,12141,12141,36400,37874
3496,0,21795,37529,37529,16128,36709
3497,0,3338,13838,13838,12368,36739
3498,0,8216,18716,18716,18443,16034
3499,0,1172,11672,11672,37156,16392
3500,4,6983,17483,20082,17142,15800
3501,0,9401,19901,19901,16255,13703
3502,0,5273,15773,15773,18953,37334
3503,0,6672,17172,17172,37935,10856
3504,0,6085,16585,16585,15147,37354
3505,0,21929,35192,35192,39342,11997
3506,0,8014,18514,18514,36069,14784
3507,0,22502,37478,37478,12726,14579
3508,0,23045,39074,39074,11134,19858
3509,0,3364,13864,13864,14762,17723
3510,0,23433,39321,39321,15158,37294
3511,0,8309,18809,18809,12544,10886
3512,0,6724,17224,17224,37313,36555
3513,0,23822,37421,37421,17065,18298
3514,0,1410,11910,11910,17830,11389
3515,0,9440,19940,19940,12250,11203
3516,0,10036,20536,20536,38520,18474
3517,0,6666,17166,17166,12884,35375
3518,0,8276,18776,18776,20859,11806
3519,0,23290,36953,36953,38808,16143
3520,0,2694,13194,13194,13363,20395
3521,0,815,11315,11315,10575,35693
3522,0,6500,17000,17000,20039,16665
3523,0,6762,17262,17262,17756,10944
3524,0,25240,35357,35357,35210,13398
3525,0,7322,17822,17822,11002,37634
3526,0,2131,12631,12631,38183,38831
3527,0,1797,12297,12297,38639,12882
3528,0,25233,35219,35219,11164,18723
3529,0,7727,18227,18227,13363,13139
3530,0,4575,15075,15075,14705,11377
3531,0,5190,15690,15690,35224,36499
3532,0,3122,13622,13622,15323,37898
3533,0,7540,18040,18040,14675,38620
3534,0,5853,16353,16353,36374,13564
3535,0,5365,15865,15865,13766,36529
3536,0,9043,19543,19543,18111,17178
3537,0,4275,14775,14775,35960,20953
3538,0,21676,38485,38485,16445,20100
3539,0,3089,13589,13589,19290,11495
3540,0,23676,37687,37687,15789,20200
3541,0,23401,37304,37304,13586,11313
3542,2,23023,39569,35854,13884,39569
3543,0,9609,20109,20109,36789,19395
3544,0,5253,15753,15753,12713,14190
3545,0,237,10737,10737,35929,14499
3546,0,1532,12032,12032,11351,39040
3547,0,25499,38731,38731,11504,15862
3548,0,8402,18902,18902,14820,20286
3549,0,3410,13910,13910,20939,16042
3550,0,2831,13331,13331,11844,16828
3551,0,21436,38266,38266,11805,16430
3552,0,7779,18279,18279,16071,19594
3553,0,1535,12035,12035,15086,13262
3554,0,24886,38358,38358,15492,11055
3555,0,3879,14379,14379,13247,10832
3556,0,7435,17935,17935,14049,18374
3557,0,5302,15802,15802,39157,38801
3558,0,8909,19409,19409,16664,35459
3559,0,23902,37450,37450,38567,19996
3560,0,9407,19907,19907,37451,11419
3561,0,1299,11799,11799,36882,20713
3562,0,6739,17239,17239,14236,19882
3563,0,6273,16773,16773,37562,19358
3564,0,5499,15999,15999,15602,14154
3565,0,9230,19730,19730,14571,15803
3566,1,21746,39563,39465,39563,13004
3567,0,10046,20546,20546,13228,15420
3568,0,6934,17434,17434,15845,13821
3569,0,8183,18683,18683,36832,12267
3570,0,23421,35295,35295,12876,18061
3571,0,22719,36596,36596,37301,15290
3572,0,1480,11980,11980,39293,13300
3573,0,2793,13293,13293,12376,17330
3574,0,1601,12101,12101,35372,36545
3575,0,23712,39268,39268,14730,17234
3576,0,5091,15591,15591,36601,20461
3577,0,7983,18483,18483,10586,12319
3578,0,7067,17567,17567,11695,15945
3579,0,6804,17304,17304,20330,38979
3580,0,2329,12829,12829,16171,11783
3581,0,8552,19052,19052,35313,19908
3582,0,8337,18837,18837,14214,19075
3583,2,9247,19747,16816,13071,19747
3584,0,22434,35375,35375,20741,16238
3585,0,3661,14161,14161,16111,16809
3586,0,8437,18937,18937,11378,10997
3587,0,23077,36861,36861,36047,13859
3588,0,555,11055,11055,37856,13772
3589,0,4825,15325,15325,39139,36772
3590,0,1163,11663,11663,13261,15365
3591,0,5680,16180,16180,15390,12670
3592,0,9589,20089,20089,11221,11160
3593,0,4715,15215,15215,17965,10691
3594,0,397,10897,10897,12992,14493
3595,0,21067,36225,36225,14440,12276
3596,0,2506,13006,13006,11804,17586
3597,0,24033,37796,37796,37968,37306
3598,8,3836,14336,13923,37952,35925
3599,0,23617,38619,38619,13765,17467
3600,0,9193,19693,19693,19771,18408
3601,0,3010,13510,13510,37085,15970
3602,0,10226,20726,20726,10693,19342
3603,1,723,11223,12138,11223,13249
3604,0,300,10800,10800,16444,37219
3605,0,24312,37184,37184,38315,14734
3606,0,8908,19408,19408,36024,20993
3607,0,7328,17828,17828,13218,20893
3608,0,4294,14794,14794,17588,15961
3609,0,8113,18613,18613,38122,39486
3610,3,4185,14685,15209,19664,17352
3611,0,24753,38082,38082,12396,18304
3612,0,6954,17454,17454,17204,13200
3613,0,8269,18769,18769,17011,13553
3614,0,24870,39344,39344,12919,10594
3615,0,3142,13642,13642,16173,14854
3616,0,9939,20439,20439,15532,20632
3617,0,24924,38921,38921,12432,12698
3618,0,25172,35800,35800,18012,38680
3619,0,3205,13705,13705,17878,14652
3620,0,4955,15455,15455,35861,17372
3621,0,4582,15082,15082,37802,15181
3622,0,22619,38195,38195,39500,19663
3623,0,7367,17867,17867,17881,17530
3624,0,23853,39539,39539,18878,37137
3625,0,9770,20270,20270,39416,20516
3626,0,21563,39285,39285,12678,37773
3627,0,23422,37835,37835,18157,14124
3628,0,7433,17933,17933,39591,20276
3629,0,7704,18204,18204,16018,18178
3630,0,23614,36873,36873,16307,37622
3631,0,1152,11652,11652,17641,16785
3632,0,23482,39580,39580,20516,38341
3633,0,6965,17465,17465,38630,10732
3634,0,1212,11712,11712,14226,18402
3635,0,4503,15003,15003,12876,16610
3636,0,7055,17555,17555,17081,35847
3637,0,10118,20618,20618,13946,16304
3638,0,23523,36891,36891,36892,14129
3639,0,22740,39147,39147,20019,20647
3640,0,5894,16394,16394,12482,11138
3641,0,24359,36721,36721,17186,20189
3642,0,8637,19137,19137,36718,20215
3643,0,22004,38522,38522,37270,11474
3644,0,5427,15927,15927,12630,11744
3645,0,21240,38291,38291,15288,16392
3646,0,22644,35528,35528,38738,37315
3647,0,665,11165,11165,38687,16730
3648,0,21431,38127,38127,37302,38824
3649,0,7216,17716,17716,17215,17709
3650,0,5994,16494,16494,11892,19774
3651,0,642,11142,11142,39340,13950
3652,0,25071,38468,38468,16837,37691
3653,0,3767,14267,14267,20752,12753
3654,0,4272,14772,14772,11469,15244
3655,0,23638,38940,38940,20055,18944
3656,0,24890,39101,39101,19693,36077
3657,1,6123,16623,13621,16623,36153
3658,0,8331,18831,18831,14452,17986
3659,0,786,11286,11286,35231,19976
3660,0,2857,13357,13357,37594,20422
3661,0,6112,16612,16612,14100,13362
3662,0,25040,35206,35206,15982,36251
3663,0,3202,13702,13702,20244,39138
3664,0,25459,37525,37525,37902,35487
3665,0,8916,19416,19416,20443,14873
3666,0,10315,20815,20815,36368,12854
3667,0,7600,18100,18100,11721,13225
3668,0,4187,14687,14687,16973,37816
3669,0,7853,18353,18353,16170,36967
3670,0,22521,37850,37850,18184,37979
3671,0,24895,37025,37025,11915,11376
3672,0,4824,15324,15324,14427,11637
3673,0,8332,18832,18832,11901,12614
3674,0,6067,16567,16567,20297,35148
3675,0,2905,13405,13405,14663,14563
3676,0,4626,15126,15126,12228,37894
3677,1,9635,20135,13444,20135,38619
3678,0,996,11496,11496,39095,11563
3679,0,7131,17631,17631,18734,17954
3680,0,22852,38107,38107,37630,39563
3681,0,24036,39107,39107,16149,10674
3682,0,7246,17746,17746,37558,11462
3683,0,25239,35296,35296,13290,19414
3684,0,6408,16908,16908,10783,38135
3685,0,7787,18287,18287,17890,37411
3686,0,6250,16750,16750,19363,39319
3687,0,9205,19705,19705,18141,13408
3688,0,8055,18555,18555,12733,11748
3689,0,23292,38890,38890,12304,16543
3690,0,5523,16023,16023,20960,37294
3691,0,24594,37683,37683,36369,14159
3692,0,7505,18005,18005,10518,37971
3693,0,156,10656,10656,20049,20466
3694,0,9868,20368,20368,37063,37768
3695,0,3085,13585,13585,20363,19797
3696,0,10425,20925,20925,15344,11169
3697,0,1552,12052,12052,13575,12356
3698,0,8774,19274,19274,35754,19918
3699,0,22838,39192,39192,15409,20733
3700,0,495,10995,10995,16191,12902
3701,0,2321,12821,12821,10609,35552
3702,0,912,11412,11412,11266,37775
3703,0,9044,19544,19544,38047,18486
3704,0,151,10651,10651,19897,17692
3705,0,24331,37864,37864,35828,15677
3706,0,21053,35973,35973,35974,18079
3707,0,10243,20743,20743,15115,16048
3708,0,1738,12238,12238,37930,37129
3709,0,3001,13501,13501,37361,10691
3710,0,9263,19763,19763,38935,13861
3711,0,6961,17461,17461,11266,36532
3712,0,22289,38117,38117,14501,12669
3713,0,2883,13383,13383,16276,16005
3714,4,3720,14220,36523,14636,37892
3715,0,7127,17627,17627,17777,14657
3716,0,888,11388,11388,20039,12043
3717,0,5471,15971,15971,17762,37822
3718,0,3201,13701,13701,13765,38619
3719,0,9696,20196,20196,20644,35708
3720,0,4823,15323,15323,11774,36209
3721,0,4704,15204,15204,18539,15064
3722,0,343,10843,10843,36905,18434
3723,0,4136,14636,14636,37892,16182
3724,0,22926,35384,35384,11442,15500
3725,0,3188,13688,13688,13275,37340
3726,0,4522,15022,15022,20582,39396
3727,0,2223,12723,12723,14468,39199
3728,0,2121,12621,12621,14094,13833
3729,0,6858,17358,17358,13210,13501
3730,0,10385,20885,20885,20844,38227
3731,0,9669,20169,20169,10529,12725
3732,0,8913,19413,19413,16967,14172
3733,0,22685,36453,36453,36430,38878
3734,0,7366,17866,17866,38496,37100
3735,1,23861,39518,20759,39518,35771
3736,0,4734,15234,15234,38560,19375
3737,0,1465,11965,11965,20098,20363
3738,0,4593,15093,15093,13193,16478
3739,0,3565,14065,14065,16993,20618
3740,0,5840,16340,16340,38467,18238
3741,0,283,10783,10783,15119,16908
3742,0,25222,38503,38503,35331,35268
3743,0,6175,16675,16675,17497,11560
3744,0,10290,20790,20790,16169,10792
3745,0,4151,14651,14651,18295,17265
3746,0,21035,39095,39095,37619,19945
3747,0,8998,19498,19498,16461,19936
3748,0,7376,17876,17876,37314,13478
3749,0,8542,19042,19042,37831,12993
3750,0,24166,38526,38526,35357,13287
3751,0,8764,19264,19264,16779,20367
3752,0,3161,13661,13661,38491,16224
3753,0,2630,13130,13130,16141,17818
3754,0,23407,36444,36444,11049,12580
3755,0,24917,37359,37359,11282,13195
3756,0,10394,20894,20894,11794,20221
3757,0,1203,11703,11703,12643,15868
3758,0,22714,38272,38272,14197,12863
3759,0,10165,20665,20665,35681,37779
3760,0,616,11116,11116,14536,16670
3761,0,3114,13614,13614,19301,37330
3762,0,21590,36719,36719,13229,37504
3763,0,7481,17981,17981,35423,20124
3764,0,9330,19830,19830,37249,12202
3765,0,2728,13228,13228,18461,20546
3766,0,24511,36735,36735,14435,36560
3767,0,24602,38031,38031,13219,18546
3768,0,9895,20395,20395,39557,19974
3769,0,1357,11857,11857,11227,17905
3770,0,9567,20067,20067,35933,15689
3771,0,7798,18298,18298,17760,35294
3772,0,23399,36154,36154,16784,20857
3773,0,21536,38006,38006,18354,38566
3774,0,1590,12090,12090,18629,15451
3775,0,21865,39160,39160,18059,16784
3776,0,3140,13640,13640,13247,15825
3777,0,5338,15838,15838,18736,13800
3778,0,547,11047,11047,36488,20702
3779,0,7118,17618,17618,18765,20805
3780,1,23206,36185,37216,36185,15968
3781,0,21221,38477,38477,20704,18846
3782,0,26,10526,10526,13520,18022
3783,0,1067,11567,11567,13464,11114
3784,0,3918,14418,14418,16891,35618
3785,0,6604,17104,17104,35314,17897
3786,0,5529,16029,16029,39470,18312
3787,0,6678,17178,17178,35370,19543
3788,0,5398,15898,15898,35119,36510
3789,0,8642,19142,19142,19905,36515
3790,0,8081,18581,18581,17523,16887
3791,0,9608,20108,20108,12769,38946
3792,0,22559,38809,38809,12753,20752
3793,0,437,10937,10937,16198,17208
3794,0,25178,38687,38687,11494,35489
3795,0,5269,15769,15769,10884,15593
3796,0,1861,12361,12361,36988,37239
3797,0,10442,20942,20942,20632,37632
3798,0,24245,37236,37236,19373,39291
3799,0,2706,13206,13206,14554,36580
3800,0,23692,37265,37265,13148,17937
3801,0,5325,15825,15825,20230,13640
3802,0,6957,17457,17457,39170,14149
3803,0,23127,36121,36121,15338,12637
3804,0,22499,38354,38354,35710,37825
3805,0,21411,36490,36490,20840,36617
3806,0,9125,19625,19625,15552,15783
3807,2,4011,14511,12630,35207,14511
3808,0,25127,38019,38019,15428,13395
3809,0,534,11034,11034,17431,18385
3810,0,23295,35860,35860,13486,13882
3811,0,585,11085,11085,12141,19086
3812,0,23010,36535,36535,11881,37280
3813,0,8715,19215,19215,11545,13845
3814,0,22994,37026,37026,15961,15281
3815,0,21984,36024,36024,10890,20993
3816,0,8559,19059,19059,37942,35681
3817,0,6464,16964,16964,35568,12854
3818,0,21947,36335,36335,11838,11003
3819,0,24247,38571,38571,36438,17772
3820,1,1916,12416,36792,12416,35822
3821,0,22106,37837,37837,37869,39270
3822,0,8107,18607,18607,10883,38028
3823,0,22523,38848,38848,18741,39511
3824,0,1910,12410,12410,17557,13486
3825,0,8856,19356,19356,20630,10922
3826,0,8710,19210,19210,12600,12846
3827,0,1133,11633,11633,16874,12147
3828,0,22082,36508,36508,14347,11213
3829,0,21434,35347,35347,18923,20852
3830,0,1317,11817,11817,20752,10742
3831,0,4368,14868,14868,19959,35538
3832,0,8313,18813,18813,19311,17254
3833,0,23540,36050,36050,20123,14814
3834,0,8653,19153,19153,18610,12019
3835,0,7325,17825,17825,16659,10726
3836,0,6080,16580,16580,20297,35148
3837,0,24965,38910,38910,10711,18221
3838,0,2601,13101,13101,39567,36763
3839,1,6568,17068,16462,17068,35745
3840,0,2173,12673,12673,14683,11818
3841,0,3605,14105,14105,38270,14527
3842,0,6429,16929,16929,16579,12065
3843,0,7995,18495,18495,10625,16645
3844,3,3768,14268,38619,12376,15144
3845,0,5077,15577,15577,10878,20676
3846,0,8274,18774,18774,16917,11268
3847,0,4631,15131,15131,20269,39399
3848,0,8756,19256,19256,11393,39507
3849,0,240,10740,10740,15588,20500
3850,0,8812,19312,19312,38299,10824
3851,0,8421,18921,18921,15303,11026
3852,0,7602,18102,18102,19187,10518
3853,0,22812,36545,36545,16272,35372
3854,0,1867,12367,12367,39112,12152
3855,0,9416,19916,19916,18393,15301
3856,0,21228,39465,39465,15321,37864
3857,0,2521,13021,13021,36000,13353
3858,0,9876,20376,20376,20465,35405
3859,0,1820,12320,12320,36648,11056
3860,0,2410,12910,12910,15731,39402
3861,0,8243,18743,18743,13588,15337
3862,0,6637,17137,17137,36752,18844
3863,0,5187,15687,15687,10532,16956
3864,0,10054,20554,20554,14061,12620
3865,0,4565,15065,15065,19469,17046
3866,0,7942,18442,18442,38662,14977
3867,0,22948,36926,36926,19702,12410
3868,0,6391,16891,16891,14418,35618
3869,0,2118,12618,12618,12841,14429
3870,0,3779,14279,14279,14368,18339
3871,0,4961,15461,15461,18650,39493
3872,0,2809,13309,13309,37368,37512
3873,0,498,10998,10998,20448,13217
3874,0,24823,38439,38439,38614,14877
3875,0,10022,20522,20522,37763,17423
3876,0,4284,14784,14784,37144,19894
3877,0,10191,20691,20691,14075,20381
3878,0,8969,19469,19469,37878,14072
3879,0,228,10728,10728,36691,35365
3880,0,8761,19261,19261,38993,36641
3881,0,22222,36046,36046,18076,38211
3882,0,2741,13241,13241,13380,15050
3883,0,24412,37163,37163,12604,11154
3884,0,6001,16501,16501,15805,12661
3885,0,5718,16218,16218,35957,38088
3886,0,10220,20720,20720,16569,16722
3887,0,5583,16083,16083,36626,38750
3888,0,21063,37427,37427,11976,19786
3889,0,21931,37315,37315,35528,38738
3890,0,8719,19219,19219,39277,36205
3891,0,1128,11628,11628,20112,10552
3892,0,10405,20905,20905,13132,13225
3893,0,1706,12206,12206,15464,16507
3894,0,7450,17950,17950,18257,35349
3895,0,3153,13653,13653,36909,19888
3896,0,9482,19982,19982,38749,19320
3897,0,22712,35265,35265,19366,11787
3898,0,24182,39008,39008,35804,38124
3899,0,6240,16740,16740,37719,20996
3900,0,7104,17604,17604,36384,17222
3901,0,9464,19964,19964,16074,36247
3902,0,2721,13221,13221,38157,12728
3903,0,7445,17945,17945,38913,13075
3904,0,7893,18393,18393,38153,19064
3905,0,23870,39056,39056,36292,14420
3906,0,23673,36016,36016,18576,36996
3907,0,8042,18542,18542,14620,20854
3908,0,9144,19644,19644,17227,20259
3909,0,9402,19902,19902,16636,12043
3910,0,22179,36176,36176,38855,18973
3911,0,24649,35772,35772,36624,20687
3912,0,23836,38566,38566,36259,16757
3913,0,21075,37533,37533,18480,19281
3914,0,9985,20485,20485,14719,13546
3915,0,6054,16554,16554,35555,20561
3916,0,10107,20607,20607,38076,15887
3917,0,21286,36763,36763,18713,16569
3918,0,2550,13050,13050,16886,15712
3919,0,7440,17940,17940,13467,16125
3920,0,6768,17268,17268,19282,20137
3921,0,22731,38893,38893,15832,37543
3922,0,21628,37893,37893,13436,20120
3923,0,6449,16949,16949,19209,38674
3924,0,10359,20859,20859,11806,18974
3925,0,22759,39178,39178,10953,35550
3926,0,2644,13144,13144,13861,15799
3927,0,22689,37707,37707,15458,37804
3928,0,4487,14987,14987,17505,14243
3929,1,2061,12561,13004,12561,20166
3930,0,4645,15145,15145,37475,36682
3931,0,24758,38676,38676,37536,13416
3932,0,21306,37553,37553,13362,15045
3933,0,22638,39537,39537,12492,12688
3934,0,25463,38093,38093,11730,19237
3935,1,7265,17765,37239,17765,14137
3936,0,4174,14674,14674,12635,37178
3937,0,21000,37079,37079,15852,10647
3938,0,22653,37305,37305,10629,17662
3939,0,22131,36537,36537,16763,17295
3940,2,983,11483,17499,13370,11483
3941,0,10171,20671,20671,18793,17355
3942,0,5480,15980,15980,18611,17152
3943,0,21419,36338,36338,18878,18237
3944,0,4797,15297,15297,17215,13330
3945,0,9632,20132,20132,37494,17624
3946,0,3662,14162,14162,19534,13738
3947,0,24874,38398,38398,36288,38864
3948,0,6947,17447,17447,38501,38933
3949,0,4657,15157,15157,14069,11832
3950,0,6414,16914,16914,11104,15565
3951,0,3150,13650,13650,37989,12025
3952,0,24680,37138,37138,15954,20579
3953,0,24311,35645,35645,10518,14698
3954,0,4813,15313,15313,37813,17811
3955,0,5969,16469,16469,16823,20553
3956,0,2939,13439,13439,10782,17763
3957,0,1340,11840,11840,15855,11104
3958,0,1391,11891,11891,37017,13051
3959,0,9673,20173,20173,14970,19323
3960,0,21085,38461,38461,16655,39283
3961,0,9255,19755,19755,17110,16735
3962,0,22055,38458,38458,11728,38071
3963,0,24219,38948,38948,12227,18813
3964,0,9025,19525,19525,18679,20363
3965,0,6146,16646,16646,17468,11738
3966,0,1412,11912,11912,18401,17292
3967,0,2256,12756,12756,35403,35755
3968,0,24516,39538,39538,37812,15464
3969,0,24300,35325,35325,36602,14939
3970,0,6120,16620,16620,20581,18628
3971,0,2212,12712,12712,18885,20033
3972,0,5603,16103,16103,36739,17453
3973,0,6004,16504,16504,14225,18171
3974,0,5417,15917,15917,13882,37958
3975,0,4938,15438,15438,18417,36983
3976,0,3624,14124,14124,18157,14809
3977,0,3158,13658,13658,35945,36105
3978,0,4267,14767,14767,15308,16793
3979,0,463,10963,10963,14525,11487
3980,0,1754,12254,12254,13584,36703
3981,0,23118,36594,36594,35204,11512
3982,0,9023,19523,19523,12049,10959
3983,0,6380,16880,16880,14422,17244
3984,0,3829,14329,14329,39507,13648
3985,0,378,10878,10878,17317,37662
3986,0,22569,36180,36180,18921,14236
3987,0,1335,11835,11835,20459,20587
3988,0,24618,39132,39132,39493,17896
3989,0,2716,13216,13216,14165,13499
3990,0,9611,20111,20111,14328,10518
3991,0,24293,37920,37920,38278,13357
3992,0,21586,38140,38140,38770,11385
3993,0,9704,20204,20204,13270,38110
3994,0,6322,16822,16822,12578,14869
3995,0,9225,19725,19725,38903,38064
3996,0,9801,20301,20301,12015,37867
3997,0,1894,12394,12394,37572,37453
3998,0,4661,15161,15161,10704,35599
3999,0,9690,20190,20190,36031,20765
4000,0,7769,18269,18269,17140,17614
4001,0,7090,17590,17590,15470,36610
4002,0,6221,16721,16721,19545,13771
4003,0,9147,19647,19647,13008,14992
4004,0,24956,37042,37042,36733,37136
4005,0,7037,17537,17537,14482,13765
4006,0,8613,19113,19113,17480,38927
4007,0,9545,20045,20045,17216,37905
4008,0,22128,38627,38627,18269,20045
4009,0,24669,37901,37901,38842,15602
4010,0,10323,20823,20823,20261,11809
4011,0,22415,35743,35743,20363,10988
4012,0,3992,14492,14492,17685,18525
4013,0,6691,17191,17191,13845,14167
4014,0,1030,11530,11530,36268,15422
4015,0,2220,12720,12720,16356,10734
4016,0,23265,36184,36184,13306,15066
4017,0,24138,38395,38395,17656,19339
4018,0,3793,14293,14293,19610,36696
4019,0,23056,35527,35527,18915,12972
4020,0,10483,20983,20983,12473,14539
4021,0,4327,14827,14827,19872,35271
4022,0,23646,37407,37407,16783,15826
4023,0,8302,18802,18802,15552,15664
4024,0,22757,38827,38827,38611,11600
4025,0,25412,37779,37779,35681,20665
4026,0,5731,16231,16231,18496,38998
4027,0,2917,13417,13417,12937,13013
4028,0,5586,16086,16086,35244,37329
4029,0,24535,36604,36604,36240,11332
4030,0,6326,16826,16826,19987,38588
4031,0,1515,12015,12015,16499,15498
4032,0,21771,39433,39433,14832,36430
4033,0,21515,38192,38192,15461,20524
4034,0,22535,37195,37195,35677,10712
4035,0,2263,12763,12763,16145,20039
4036,0,4479,14979,14979,20005,11565
4037,0,4239,14739,14739,35671,37420
4038,0,22761,37332,37332,35224,20466
4039,0,22989,37173,37173,16021,19048
4040,0,893,11393,11393,17158,16374
4041,1,1490,11990,12058,11990,17666
4042,0,25414,36601,36601,15591,15355
4043,0,9657,20157,20157,36274,35928
4044,0,8516,19016,19016,37042,14349
4045,0,2933,13433,13433,20114,19636
4046,0,22007,38378,38378,12685,11252
4047,0,1129,11629,11629,11141,15089
4048,0,731,11231,11231,20985,12110
4049,0,3084,13584,13584,36703,15631
4050,0,7297,17797,17797,36977,15156
4051,0,4588,15088,15088,14603,13338
4052,0,2795,13295,13295,20274,14462
4053,0,7601,18101,18101,10598,18917
4054,0,798,11298,11298,14730,39144
4055,0,6232,16732,16732,13008,18116
4056,0,734,11234,11234,12352,38078
4057,0,8688,19188,19188,17666,19050
4058,0,2244,12744,12744,15105,18682
4059,0,178,10678,10678,36005,19668
4060,0,1174,11674,11674,35858,15274
4061,0,790,11290,11290,36273,13660
4062,0,22512,36620,36620,18204,38026
4063,0,198,10698,10698,17744,20023
4064,0,10239,20739,20739,11856,16823
4065,0,7675,18175,18175,35158,12417
4066,0,548,11048,11048,17755,14820
4067,0,3339,13839,13839,18385,14675
4068,0,9213,19713,19713,19727,18836
4069,0,7465,17965,17965,37938,11424
4070,0,8699,19199,19199,35252,36903
4071,0,22247,37872,37872,39490,11805
4072,0,24871,36945,36945,19359,35157
4073,12,7533,18033,20184,38834,11565
4074,0,66,10566,10566,37834,16559
4075,0,4712,15212,15212,17276,15168
4076,0,5214,15714,15714,20448,13099
4077,0,22849,36589,36589,16841,17009
4078,0,5033,15533,15533,17795,11021
4079,0,21986,38388,38388,11962,36115
4080,0,2572,13072,13072,10981,36389
4081,0,10241,20741,20741,36853,17427
4082,0,22398,39145,39145,14343,12620
4083,0,622,11122,11122,19936,11148
4084,0,6222,16722,16722,18713,16569
4085,0,787,11287,11287,20618,20259
4086,0,3332,13832,13832,12498,17549
4087,0,22281,39035,39035,15902,35215
4088,0,6008,16508,16508,18313,37371
4089,0,23795,35568,35568,12331,16017
4090,0,8334,18834,18834,11302,37713
4091,0,23919,37717,37717,14641,36478
4092,0,23230,35119,35119,12470,15898
4093,0,8696,19196,19196,37447,20316
4094,0,515,11015,11015,17818,11513
4095,0,478,10978,10978,19869,15392
4096,0,4476,14976,14976,17438,19808
4097,0,24647,36871,36871,20293,39186
4098,0,8818,19318,19318,19877,17991
4099,1,6899,17399,35776,17399,16356
4100,0,1033,11533,11533,17490,39506
4101,0,24505,36752,36752,17356,38681
4102,0,2598,13098,13098,39067,18914
4103,0,1514,12014,12014,38231,15672
4104,0,6191,16691,16691,18357,11135
4105,0,22139,35458,35458,13106,16844
4106,0,7237,17737,17737,39270,17364
4107,0,5753,16253,16253,37403,16968
4108,0,23558,38747,38747,15194,19214
4109,0,22625,37491,37491,39197,17055
4110,0,8236,18736,18736,16864,20110
4111,0,8536,19036,19036,38303,15405
4112,0,5521,16021,16021,13450,19048
4113,0,1462,11962,11962,36115,39195
4114,0,7915,18415,18415,37353,11431
4115,0,1871,12371,12371,15624,11617
4116,0,24404,36980,36980,13370,20922
4117,0,7209,17709,17709,37490,15643
4118,0,10072,20572,20572,12593,11669
4119,0,7349,17849,17849,19281,16560
4120,0,4623,15123,15123,19150,20660
4121,0,23004,37581,37581,19060,38374
4122,0,4818,15318,15318,17688,17052
4123,0,220,10720,10720,36057,38935
4124,0,24648,37252,37252,35871,19197
4125,0,9002,19502,19502,12237,14005
4126,0,2476,12976,12976,35420,16171
4127,0,4248,14748,14748,11824,20252
4128,0,23094,36035,36035,20160,19726
4129,0,22697,38331,38331,13528,38781
4130,0,22797,37158,37158,37459,16664
4131,0,6487,16987,16987,17171,19430
4132,0,9420,19920,19920,18734,35113
4133,0,9717,20217,20217,39593,18290
4134,0,5650,16150,16150,19780,19894
4135,0,25396,38242,38242,15030,11114
4136,0,21703,35400,35400,37247,12265
4137,0,8052,18552,18552,35120,39118
4138,0,23091,38377,38377,14789,15733
4139,0,2881,13381,13381,15237,13325
4140,0,1677,12177,12177,35101,14873
4141,0,6060,16560,16560,17849,18712
4142,0,901,11401,11401,15661,16800
4143,0,25277,37082,37082,37296,17470
4144,0,21064,38886,38886,11367,38842
4145,0,2296,12796,12796,35453,14923
4146,0,8809,19309,19309,14244,12792
4147,0,8488,18988,18988,35403,18119
4148,0,9004,19504,19504,15555,19524
4149,0,23499,38374,38374,20187,19060
4150,1,22459,37217,37118,37217,20436
4151,0,22310,35666,35666,13375,12006
4152,0,6772,17272,17272,38507,20748
4153,0,22163,36438,36438,37896,38913
4154,0,7257,17757,17757,18449,19428
4155,0,2580,13080,13080,35757,37107
4156,0,7966,18466,18466,14268,12366
4157,0,23891,38824,38824,38202,11185
4158,0,24249,36152,36152,35180,37310
4159,0,23432,39384,39384,20517,35418
4160,0,9780,20280,20280,13161,36117
4161,0,9351,19851,19851,15952,13889
4162,0,5254,15754,15754,18127,15218
4163,0,681,11181,11181,13349,39007
4164,0,24459,38567,38567,37450,16233
4165,0,3159,13659,13659,12830,18171
4166,0,21839,35463,35463,35717,11125
4167,0,2987,13487,13487,17780,38528
4168,0,4908,15408,15408,20432,13472
4169,0,1882,12382,12382,38794,37522
4170,0,22506,35299,35299,38885,37621
4171,0,1940,12440,12440,10590,37784
4172,0,3296,13796,13796,14025,11041
4173,0,3534,14034,14034,15115,37012
4174,0,5974,16474,16474,19960,17353
4175,0,3729,14229,14229,13798,12669
4176,0,490,10990,10990,37540,20712
4177,0,5708,16208,16208,35698,17928
4178,0,1181,11681,11681,18704,16071
4179,0,1375,11875,11875,17586,13006
4180,0,5014,15514,15514,35986,39505
4181,0,626,11126,11126,12317,13024
4182,0,4758,15258,15258,12515,38429
4183,0,10336,20836,20836,12189,37162
4184,0,25157,36043,36043,38876,38998
4185,0,22304,37741,37741,11255,18116
4186,0,4180,14680,14680,16235,11530
4187,0,22754,35907,35907,35997,35165
4188,0,8778,19278,19278,20194,17706
4189,0,2887,13387,13387,36677,19408
4190,0,4539,15039,15039,18496,19033
4191,0,21123,35285,35285,19219,36473
4192,0,6671,17171,17171,35957,17879
4193,0,6453,16953,16953,15098,11503
4194,0,1366,11866,11866,38197,35447
4195,0,2639,13139,13139,18227,35457
4196,0,21684,38798,38798,14635,12693
4197,0,5602,16102,16102,18325,37027
4198,0,22498,38152,38152,20593,19874
4199,0,5730,16230,16230,16035,11331
4200,0,7204,17704,17704,39105,11438
4201,0,5296,15796,15796,12044,36514
4202,0,10351,20851,20851,19662,19327
4203,0,2938,13438,13438,15536,14915
4204,0,10237,20737,20737,20953,14775
4205,0,24157,37582,37582,18176,37390
4206,0,5979,16479,16479,16220,15933
4207,0,4534,15034,15034,20095,39534
4208,0,10119,20619,20619,36057,19720
4209,0,7669,18169,18169,35596,15504
4210,0,7607,18107,18107,19711,36183
4211,1,24399,36606,19273,36606,18777
4212,0,9853,20353,20353,16967,18482
4213,0,23152,35809,35809,12035,13262
4214,0,21239,39177,39177,13542,11322
4215,0,6681,17181,17181,17567,12352
4216,0,5428,15928,15928,20224,13728
4217,0,5266,15766,15766,10990,13075
4218,0,22936,35137,35137,37583,12199
4219,0,22477,39306,39306,19475,13764
4220,0,1784,12284,12284,10729,39232
4221,0,7116,17616,17616,12459,18393
4222,0,494,10994,10994,12527,37530
4223,0,9758,20258,20258,15551,20316
4224,0,8776,19276,19276,12877,35786
4225,0,2038,12538,12538,13857,19123
4226,0,4041,14541,14541,12635,37688
4227,0,2897,13397,13397,38496,17678
4228,0,8558,19058,19058,39087,19749
4229,0,9803,20303,20303,11485,11051
4230,0,9844,20344,20344,13189,35284
4231,0,21572,36492,36492,17989,18023
4232,0,2653,13153,13153,35656,18090
4233,0,10316,20816,20816,17284,18387
4234,0,8514,19014,19014,38306,13471
4235,0,2031,12531,12531,37369,15628
4236,0,5089,15589,15589,12707,13810
4237,0,813,11313,11313,15532,36036
4238,0,7235,17735,17735,35379,38278
4239,0,6280,16780,16780,16881,38394
4240,0,23599,38857,38857,14332,13151
4241,0,1079,11579,11579,36697,19514
4242,0,2226,12726,12726,37478,14579
4243,0,21003,36274,36274,18837,15428
4244,0,25307,38306,38306,13360,17552
4245,0,23173,35781,35781,36821,18606
4246,0,3261,13761,13761,12329,38674
4247,0,5649,16149,16149,39569,16257
4248,0,3862,14362,14362,12063,37367
4249,0,2936,13436,13436,38665,36647
4250,0,22133,36650,36650,36201,19669
4251,0,7080,17580,17580,14871,19950
4252,0,3917,14417,14417,17621,19242
4253,0,25163,36790,36790,38675,20999
4254,0,305,10805,10805,19967,16218
4255,0,4056,14556,14556,18053,15496
4256,0,21732,38867,38867,17927,11790
4257,0,2999,13499,13499,17606,14920
4258,0,9541,20041,20041,36103,15288
4259,0,1231,11731,11731,15908,38285
4260,0,2313,12813,12813,17136,37610
4261,0,23527,36367,36367,14302,36381
4262,0,10269,20769,20769,18846,20704
4263,0,25352,38240,38240,17384,36231
4264,0,4321,14821,14821,11971,11861
4265,0,24406,39469,39469,10841,20071
4266,0,6470,16970,16970,35279,13440
4267,0,24854,39487,39487,11960,14176
4268,0,7500,18000,18000,19606,17942
4269,0,21102,37570,37570,17495,14364
4270,0,3899,14399,14399,11743,20276
4271,0,3567,14067,14067,37411,11149
4272,0,5452,15952,15952,19851,16122
4273,0,8022,18522,18522,19662,17492
4274,0,21808,37564,37564,17835,39206
4275,0,23500,36450,36450,11559,18716
4276,0,4270,14770,14770,19343,35623
4277,0,8531,19031,19031,36406,19750
4278,0,4086,14586,14586,19728,17271
4279,0,6663,17163,17163,13583,16384
4280,0,22721,36770,36770,16712,19201
4281,0,588,11088,11088,13280,14461
4282,0,3365,13865,13865,37656,12133
4283,0,2670,13170,13170,35318,11606
4284,0,5515,16015,16015,20952,16168
4285,0,22285,39517,39517,20700,20633
4286,0,21893,37494,37494,12187,18841
4287,0,2395,12895,12895,14439,12340
4288,0,5506,16006,16006,12620,20554
4289,0,2170,12670,12670,15390,17740
4290,0,23597,38666,38666,14030,38145
4291,0,8134,18634,18634,15793,37510
4292,0,9334,19834,19834,35476,20770
4293,0,23543,38698,38698,16825,37808
4294,0,9045,19545,19545,17398,14585
4295,0,21956,37094,37094,14590,13861
4296,0,5673,16173,16173,13642,18286
4297,0,2774,13274,13274,16103,17453
4298,0,7620,18120,18120,13991,13285
4299,0,6559,17059,17059,18503,39590
4300,0,24263,39288,39288,13110,16793
4301,0,8456,18956,18956,39336,18381
4302,0,24716,37484,37484,36117,17736
4303,0,24580,38642,38642,18731,18818
4304,0,5798,16298,16298,13633,15855
4305,0,5982,16482,16482,14768,18264
4306,0,5882,16382,16382,12572,36657
4307,0,9443,19943,19943,13842,20068
4308,0,23293,36057,36057,11599,16039
4309,0,2181,12681,12681,17328,14308
4310,0,24967,35766,35766,35709,35197
4311,0,1473,11973,11973,38215,11935
4312,0,6103,16603,16603,37889,38924
4313,0,24662,35928,35928,36274,18460
4314,0,9150,19650,19650,19682,38900
4315,0,8925,19425,19425,19163,11798
4316,0,421,10921,10921,14672,13366
4317,0,2306,12806,12806,16417,35180
4318,0,24233,37396,37396,13672,13556
4319,0,171,10671,10671,16069,37608
4320,0,3956,14456,14456,14270,35463
4321,0,5606,16106,16106,15952,19851
4322,0,25229,38459,38459,15828,20561
4323,0,8462,18962,18962,13913,11720
4324,0,1725,12225,12225,36302,19031
4325,0,10215,20715,20715,17523,19197
4326,0,24643,38625,38625,17186,18033
4327,0,21199,36773,36773,16436,16279
4328,0,904,11404,11404,11990,14770
4329,0,3494,13994,13994,13889,13221
4330,0,8346,18846,18846,16603,17663
4331,0,9728,20228,20228,37652,38967
4332,0,7797,18297,18297,35758,36514
4333,0,7396,17896,17896,19087,39587
4334,0,21433,37663,37663,38596,15037
4335,0,2080,12580,12580,36390,38571
4336,0,7928,18428,18428,20456,19947
4337,1,22651,38165,39307,38165,38807
4338,4,7933,18433,13293,11335,11563
4339,0,9856,20356,20356,13362,38845
4340,5,22752,35244,12635,16086,35875
4341,0,7211,17711,17711,19663,14209
4342,0,4677,15177,15177,14915,13438
4343,0,6533,17033,17033,37589,10522
4344,0,5209,15709,15709,39045,13370
4345,0,2646,13146,13146,20711,35537
4346,0,23663,36044,36044,38561,35368
4347,0,25024,35539,35539,20741,16382
4348,0,21164,36237,36237,35822,20276
4349,0,21656,37807,37807,12577,17440
4350,0,21210,35144,35144,14933,36927
4351,0,6365,16865,16865,14330,35789
4352,0,24849,36174,36174,12089,20252
4353,0,2155,12655,12655,37506,38026
4354,0,24899,38159,38159,14971,17137
4355,0,7370,17870,17870,35389,38151
4356,0,21605,37934,37934,38698,17331
4357,0,7837,18337,18337,16616,13023
4358,0,3715,14215,14215,11374,36727
4359,0,8111,18611,18611,17152,15980
4360,0,25349,35534,35534,14663,39377
4361,0,21029,37021,37021,19344,37292
4362,0,3622,14122,14122,37445,15504
4363,1,4516,15016,13523,15016,36460
4364,0,7354,17854,17854,15334,18524
4365,0,8750,19250,19250,15201,14153
4366,0,1436,11936,11936,18806,36595
4367,0,507,11007,11007,10766,14106
4368,0,5275,15775,15775,11721,18317
4369,0,5663,16163,16163,15551,16788
4370,0,5402,15902,15902,39241,16703
4371,0,5930,16430,16430,11805,20710
4372,0,2339,12839,12839,15411,18441
4373,0,9870,20370,20370,36728,37549
4374,0,4386,14886,14886,15992,11831
4375,0,21953,36244,36244,16357,15755
4376,0,7680,18180,18180,38878,35733
4377,0,23021,36120,36120,20307,37251
4378,0,8693,19193,19193,16057,17196
4379,0,643,11143,11143,18122,13678
4380,6,1539,12039,37080,38878,16257
4381,0,1211,11711,11711,37513,38027
4382,0,24376,35621,35621,12236,12737
4383,0,22549,38283,38283,36466,13939
4384,0,8864,19364,19364,14267,39585
4385,0,6106,16606,16606,18460,17033
4386,0,5615,16115,16115,36188,17744
4387,0,22403,37783,37783,19460,17541
4388,0,1464,11964,11964,16148,14235
4389,0,1192,11692,11692,18525,37874
4390,0,3590,14090,14090,11116,10956
4391,0,9697,20197,20197,18375,37881
4392,0,6360,16860,16860,20019,15098
4393,0,8697,19197,19197,14532,36731
4394,0,24116,36781,36781,38508,16892
4395,0,6719,17219,17219,38187,15192
4396,0,506,11006,11006,19432,39138
4397,0,24527,35680,35680,19119,12876
4398,0,9249,19749,19749,16799,18904
4399,0,22782,36987,36987,19471,12110
4400,0,21477,36270,36270,17817,16978
4401,0,1773,12273,12273,38510,12296
4402,0,272,10772,10772,15322,18254
4403,0,23256,36824,36824,15864,20019
4404,0,3618,14118,14118,19877,14626
4405,0,2381,12881,12881,14432,19999
4406,0,7008,17508,17508,39370,15881
4407,0,22864,38750,38750,16083,39043
4408,0,4633,15133,15133,19414,18815
4409,0,8504,19004,19004,10905,37254
4410,0,746,11246,11246,10787,20571
4411,0,7707,18207,18207,36226,12374
4412,0,3569,14069,14069,15157,36011
4413,2,23134,36896,15948,35101,36896
4414,0,8557,19057,19057,35716,18777
4415,0,6448,16948,16948,14481,15566
4416,0,5599,16099,16099,38997,35408
4417,0,22527,35571,35571,12227,15207
4418,0,23925,35360,35360,13230,35240
4419,0,8572,19072,19072,37168,17417
4420,0,22234,35160,35160,16483,16489
4421,0,1912,12412,12412,12652,35924
4422,0,9258,19758,19758,19423,14835
4423,0,599,11099,11099,38026,38170
4424,0,3892,14392,14392,13912,19535
4425,0,5540,16040,16040,11392,18169
4426,0,1652,12152,12152,39112,12367
4427,0,8106,18606,18606,38027,35737
4428,0,1893,12393,12393,13247,14712
4429,0,24342,35720,35720,18129,10518
4430,0,6502,17002,17002,13723,15269
4431,0,4362,14862,14862,35340,37085
4432,0,21448,39252,39252,18405,15679
4433,0,375,10875,10875,18183,15488
4434,0,1966,12466,12466,37304,11313
4435,0,3957,14457,14457,20710,11805
4436,0,23685,38443,38443,38467,18238
4437,0,5696,16196,16196,11148,37747
4438,0,1243,11743,11743,10518,35180
4439,0,24637,37112,37112,17424,13124
4440,0,21860,36845,36845,38669,37753
4441,0,9142,19642,19642,13919,12356
4442,0,941,11441,11441,20447,13926
4443,0,10347,20847,20847,19883,10985
4444,0,3346,13846,13846,20154,16862
4445,0,2657,13157,13157,10749,17928
4446,0,25049,39262,39262,17516,20082
4447,0,23300,35475,35475,13564,36374
4448,0,5326,15826,15826,37407,17485
4449,0,22965,38252,38252,16017,39143
4450,0,6578,17078,17078,35411,13936
4451,0,2799,13299,13299,19364,15426
4452,0,4306,14806,14806,35778,12490
4453,0,22865,35436,35436,11480,38471
4454,1,22184,36119,18976,36119,20259
4455,0,7244,17744,17744,14140,15077
4456,0,298,10798,10798,16621,20259
4457,0,23815,36823,36823,11287,35254
4458,0,3823,14323,14323,15174,16233
4459,0,9934,20434,20434,20695,20239
4460,0,7977,18477,18477,17759,17493
4461,0,2035,12535,12535,20363,17523
4462,0,4039,14539,14539,12975,19528
4463,0,9807,20307,20307,35870,37251
4464,0,22191,36641,36641,38993,19261
4465,0,1499,11999,11999,14935,10618
4466,0,3512,14012,14012,13906,14762
4467,0,24990,39474,39474,14501,13867
4468,0,8844,19344,19344,37021,37699
4469,0,8362,18862,18862,13793,13958
4470,0,6828,17328,17328,37619,19059
4471,0,7130,17630,17630,11486,36284
4472,0,23768,37017,37017,11891,13051
4473,0,9192,19692,19692,14139,12636
4474,0,4085,14585,14585,35315,17398
4475,0,242,10742,10742,20447,15661
4476,0,21838,37340,37340,11843,38154
4477,0,1644,12144,12144,11008,13562
4478,0,7371,17871,17871,13818,13508
4479,0,25213,35455,35455,14939,16230
4480,0,5594,16094,16094,17825,10726
4481,0,25293,35830,35830,37612,11658
4482,0,10272,20772,20772,18408,18205
4483,0,5231,15731,15731,16143,19974
4484,0,2076,12576,12576,16787,18468
4485,0,4103,14603,14603,13338,15088
4486,0,7493,17993,17993,12962,14748
4487,0,5968,16468,16468,38466,16131
4488,0,25247,37119,37119,11516,11203
4489,0,22321,36426,36426,20393,17626
4490,0,3966,14466,14466,16932,15533
4491,0,23699,36784,36784,37548,17641
4492,0,22464,39277,39277,19219,35285
4493,0,22896,38664,38664,15094,35853
4494,0,6754,17254,17254,20567,20719
4495,0,9948,20448,20448,39083,17483
4496,0,22359,38361,38361,35878,37782
4497,0,23418,37060,37060,13779,12120
4498,0,4078,14578,14578,14832,19448
4499,0,7754,18254,18254,10772,16601
4500,0,8832,19332,19332,16002,16675
4501,0,2778,13278,13278,37307,36082
4502,0,4603,15103,15103,39483,16886
4503,0,4932,15432,15432,12671,11709
4504,0,1985,12485,12485,18279,13345
4505,0,3861,14361,14361,14724,35423
4506,0,7774,18274,18274,12413,12648
4507,0,325,10825,10825,36976,17470
4508,1,22567,39251,10753,39251,36924
4509,0,6394,16894,16894,17446,10770
4510,0,22950,35824,35824,12494,20385
4511,0,4054,14554,14554,38437,39157
4512,0,2237,12737,12737,35621,20840
4513,0,5229,15729,15729,14261,20254
4514,0,4571,15071,15071,35180,37021
4515,0,8976,19476,19476,11099,16342
4516,0,7454,17954,17954,13858,17631
4517,0,1268,11768,11768,16842,12647
4518,0,864,11364,11364,38246,13259
4519,0,4942,15442,15442,14672,35457
4520,0,2253,12753,12753,18000,12181
4521,0,6010,16510,16510,14130,20549
4522,0,6911,17411,17411,37783,11199
4523,0,9815,20315,20315,11152,13282
4524,0,6998,17498,17498,38731,37675
4525,0,371,10871,10871,37999,20519
4526,0,24176,35326,35326,11154,12116
4527,0,7940,18440,18440,36748,11096
4528,0,609,11109,11109,15770,36289
4529,0,4651,15151,15151,11938,39281
4530,0,22610,37135,37135,11060,39195
4531,0,8872,19372,19372,15980,18673
4532,0,22299,36282,36282,12151,19319
4533,0,22209,39068,39068,36696,12431
4534,0,21604,36105,36105,17504,37497
4535,0,2364,12864,12864,15055,13626
4536,0,7766,18266,18266,12424,12565
4537,0,7148,17648,17648,18639,12072
4538,0,3789,14289,14289,20602,18197
4539,0,24599,35531,35531,38869,14993
4540,0,5581,16081,16081,18765,17618
4541,0,9239,19739,19739,36979,18405
4542,0,5060,15560,15560,20258,14223
4543,0,22056,39303,39303,35442,36142
4544,0,21321,37794,37794,17142,11483
4545,0,8671,19171,19171,20968,35810
4546,0,662,11162,11162,13197,13672
4547,0,21883,37534,37534,18106,15532
4548,0,10172,20672,20672,35790,15288
4549,0,2776,13276,13276,37695,20175
4550,0,4535,15035,15035,35617,38576
4551,0,7189,17689,17689,10771,16964
4552,0,9720,20220,20220,15759,19690
4553,0,5573,16073,16073,17949,36289
4554,0,6135,16635,16635,20922,11501
4555,3,4427,14927,38564,16635,10820
4556,0,5247,15747,15747,35763,18026
4557,0,10392,20892,20892,10532,14209
4558,0,3981,14481,14481,13363,35457
4559,0,7825,18325,18325,15166,16102
4560,0,2669,13169,13169,19178,36924
4561,0,3977,14477,14477,38100,18427
4562,0,279,10779,10779,37213,12551
4563,5,22753,35706,12510,11905,19946
4564,0,8718,19218,19218,35630,39287
4565,0,7452,17952,17952,37739,12039
4566,0,5197,15697,15697,11919,10581
4567,0,23139,37971,37971,18695,16774
4568,0,25228,38569,38569,36287,38400
4569,0,4155,14655,14655,10704,19524
4570,0,25200,36248,36248,20828,20458
4571,0,4883,15383,15383,10518,38381
4572,0,5807,16307,16307,36873,36241
4573,0,3809,14309,14309,15284,20997
4574,0,8713,19213,19213,12560,12769
4575,0,24889,36412,36412,10524,39455
4576,0,4683,15183,15183,10944,16707
4577,0,10194,20694,20694,38509,10518
4578,0,24320,37212,37212,14642,37909
4579,0,21317,37676,37676,36725,39205
4580,0,5593,16093,16093,20378,39582
4581,0,21324,35401,35401,35498,39387
4582,0,6897,17397,17397,14834,13125
4583,0,4563,15063,15063,38913,38043
4584,0,8376,18876,18876,38072,35890
4585,0,9284,19784,19784,16864,16366
4586,0,9434,19934,19934,12374,35094
4587,2,1269,11769,18556,36144,11769
4588,0,2350,12850,12850,39090,14066
4589,0,8745,19245,19245,16324,13503
4590,0,1384,11884,11884,20720,14998
4591,0,9379,19879,19879,36164,36376
4592,0,9036,19536,19536,14239,14732
4593,7,5856,16356,10734,35776,13385
4594,0,297,10797,10797,16430,18625
4595,0,8635,19135,19135,37084,20165
4596,0,24040,37791,37791,20224,13728
4597,0,22612,36193,36193,12972,38276
4598,0,9835,20335,20335,19327,16016
4599,0,2077,12577,12577,17440,15913
4600,0,9377,19877,19877,14118,19318
4601,0,23125,36554,36554,38499,35572
4602,0,2229,12729,12729,11886,16255
4603,0,2842,13342,13342,10932,14544
4604,0,2537,13037,13037,37100,39167
4605,0,194,10694,10694,38500,12877
4606,1,22149,37023,20247,37023,15163
4607,0,7362,17862,17862,17831,15498
4608,0,6636,17136,17136,14590,35616
4609,0,7498,17998,17998,36579,39297
4610,0,21895,35448,35448,11734,39155
4611,0,4042,14542,14542,36834,38581
4612,0,6553,17053,17053,36928,36420
4613,0,5505,16005,16005,37070,19677
4614,0,6854,17354,17354,38431,17643
4615,0,6761,17261,17261,37734,36139
4616,0,5300,15800,15800,20082,17142
4617,0,22935,36163,36163,18217,12298
4618,0,320,10820,10820,36339,38631
4619,0,7135,17635,17635,36106,15416
4620,0,1371,11871,11871,37414,38087
4621,0,22905,39319,39319,19177,15045
4622,0,2654,13154,13154,13806,15763
4623,0,9099,19599,19599,19865,18503
4624,0,21343,36434,36434,15866,36590
4625,0,3398,13898,13898,19718,11716
4626,1,8532,19032,39386,19032,16648
4627,0,9593,20093,20093,13308,36058
4628,0,24557,35858,35858,11674,15093
4629,0,21208,37631,37631,11787,38445
4630,0,21800,37183,37183,38942,14277
4631,0,926,11426,11426,13653,13489
4632,1,244,10744,15508,10744,11644
4633,0,7469,17969,17969,18385,14326
4634,0,8207,18707,18707,15364,20695
4635,0,143,10643,10643,12375,15739
4636,0,5983,16483,16483,35160,17416
4637,0,8151,18651,18651,19636,13742
4638,13,2363,12863,11604,20821,11533
4639,0,24206,35564,35564,37318,11577
4640,0,129,10629,10629,15379,19986
4641,0,1161,11661,11661,20903,20892
4642,0,10398,20898,20898,14759,38717
4643,1,22909,39287,37294,39287,20439
4644,0,5953,16453,16453,18840,17430
4645,0,287,10787,10787,35180,10518
4646,0,9380,19880,19880,38718,38760
4647,0,5308,15808,15808,20844,20885
4648,0,8681,19181,19181,13451,35329
4649,0,1170,11670,11670,38258,38694
4650,0,22539,37630,37630,37707,18674
4651,0,9191,19691,19691,18735,16584
4652,0,6792,17292,17292,16289,20910
4653,0,23325,38697,38697,16713,18427
4654,0,1859,12359,12359,35933,14830
4655,0,24499,35284,35284,18348,37309
4656,0,9910,20410,20410,14173,37475
4657,0,6781,17281,17281,11112,13966
4658,0,21373,35689,35689,14130,36937
4659,0,21115,37721,37721,17109,14220
4660,0,3121,13621,13621,16901,11563
4661,0,8579,19079,19079,35413,35455
4662,0,1311,11811,11811,15227,13930
4663,0,1032,11532,11532,15933,16479
4664,0,8339,18839,18839,15369,38392
4665,0,10012,20512,20512,12897,13737
4666,0,6382,16882,16882,19185,16226
4667,0,7910,18410,18410,18733,38236
4668,0,931,11431,11431,13617,12200
4669,0,691,11191,11191,20378,38930
4670,0,23725,37501,37501,20851,20335
4671,0,6364,16864,16864,17247,19784
4672,0,1909,12409,12409,11429,36932
4673,0,9021,19521,19521,16252,35424
4674,0,23587,37969,37969,10722,12584
4675,0,24142,38770,38770,11385,38140
4676,0,44,10544,10544,38769,19762
4677,0,3939,14439,14439,12895,36336
4678,0,24261,39144,39144,13360,11186
4679,0,7108,17608,17608,12372,19927
4680,0,9241,19741,19741,20645,37794
4681,0,4319,14819,14819,15690,19992
4682,1,2965,13465,18189,13465,11004
4683,0,3969,14469,14469,18690,15353
4684,0,23445,39463,39463,16094,20772
4685,0,24041,36792,36792,12416,16697
4686,0,23655,37503,37503,19270,19873
4687,0,7478,17978,17978,18584,16684
4688,0,6308,16808,16808,37309,36676
4689,0,4159,14659,14659,20721,15405
4690,2,3092,13592,11394,12241,13592
4691,0,22575,38389,38389,11861,14821
4692,0,7954,18454,18454,12607,20627
4693,0,5555,16055,16055,13651,19075
4694,0,3982,14482,14482,18928,13765
4695,1,9929,20429,35162,20429,36287
4696,0,6940,17440,17440,12577,39325
4697,0,1404,11904,11904,18386,19597
4698,0,3195,13695,13695,35176,14695
4699,0,22615,38219,38219,12280,10660
4700,0,24759,35929,35929,16719,35123
4701,0,9746,20246,20246,11790,15847
4702,0,969,11469,11469,13830,10659
4703,0,22455,36753,36753,35467,14864
4704,0,6543,17043,17043,13528,19369
4705,0,9117,19617,19617,36994,14242
4706,0,2843,13343,13343,36400,36055
4707,0,2851,13351,13351,15565,14366
4708,0,23662,36938,36938,37702,13635
4709,0,22269,37356,37356,15703,36247
4710,0,5956,16456,16456,16993,13350
4711,0,23963,35203,35203,20222,19827
4712,0,25375,36550,36550,35903,15395
4713,0,4471,14971,14971,38159,16094
4714,0,10133,20633,20633,38502,37825
4715,0,23615,36625,36625,17035,18894
4716,0,1789,12289,12289,16526,20508
4717,0,24076,36996,36996,38463,18576
4718,0,2059,12559,12559,35354,35639
4719,0,7143,17643,17643,15852,39027
4720,0,9362,19862,19862,12029,18313
4721,0,1902,12402,12402,16761,17199
4722,0,4686,15186,15186,36196,12733
4723,0,10143,20643,20643,36648,17378
4724,0,8090,18590,18590,16653,38125
4725,0,4922,15422,15422,11530,19282
4726,0,6785,17285,17285,18487,13035
4727,0,21375,37935,37935,17172,15939
4728,0,75,10575,10575,14642,15857
4729,1,2345,12845,12182,12845,18907
4730,0,6447,16947,16947,37237,13256
4731,0,8430,18930,18930,15834,39388
4732,0,8622,19122,19122,18747,17693
4733,0,4586,15086,15086,14345,12035
4734,0,22672,39034,39034,18194,13272
4735,0,9656,20156,20156,35431,17556
4736,0,9341,19841,19841,20688,15312
4737,0,21853,37210,37210,12332,35316
4738,0,1553,12053,12053,15737,18638
4739,0,5874,16374,16374,16842,11768
4740,0,8432,18932,18932,17706,13190
4741,0,8975,19475,19475,13530,13764
4742,0,22811,39138,39138,37457,17341
4743,0,23854,39228,39228,38223,13263
4744,0,9169,19669,19669,13258,36201
4745,0,25374,35798,35798,19119,20945
4746,0,5695,16195,16195,13397,38762
4747,0,2941,13441,13441,36054,37076
4748,0,9975,20475,20475,38945,39196
4749,0,10010,20510,20510,20042,14706
4750,0,7381,17881,17881,14985,19665
4751,0,23677,36671,36671,16238,20741
4752,0,1620,12120,12120,13779,37060
4753,0,24395,39581,39581,18600,18983
4754,0,7905,18405,18405,20597,37538
4755,0,21710,35147,35147,17044,38603
4756,0,23155,37747,37747,11148,16196
4757,0,6782,17282,17282,11413,15606
4758,0,24736,36840,36840,14810,14840
4759,0,23874,37763,37763,19108,20522
4760,0,22278,37900,37900,16441,13916
4761,0,1609,12109,12109,10913,13317
4762,0,3096,13596,13596,15085,37093
4763,0,2415,12915,12915,14511,37697
4764,0,23551,35556,35556,10797,12160
4765,0,2017,12517,12517,38054,13821
4766,0,2971,13471,13471,16030,13453
4767,0,25042,39297,39297,36579,37887
4768,0,3246,13746,13746,14854,16749
4769,0,124,10624,10624,14607,36184
4770,0,1106,11606,11606,19056,38645
4771,0,1814,12314,12314,37028,12227
4772,0,23756,38710,38710,15391,15670
4773,0,25346,38336,38336,12941,15038
4774,0,8790,19290,19290,15199,19015
4775,0,2123,12623,12623,13617,14413
4776,0,24807,38682,38682,37275,38878
4777,0,24173,37519,37519,20674,39488
4778,0,23100,35309,35309,11138,13697
4779,0,8970,19470,19470,37004,17306
4780,0,25284,39094,39094,12692,14125
4781,0,2197,12697,12697,38354,11001
4782,0,4051,14551,14551,36027,20778
4783,0,1216,11716,11716,17203,15758
4784,0,7701,18201,18201,12109,20486
4785,0,725,11225,11225,19715,38183
4786,0,9170,19670,19670,13195,38431
4787,0,808,11308,11308,36725,39558
4788,0,23328,35818,35818,20602,14289
4789,0,10438,20938,20938,38403,20095
4790,0,4906,15406,15406,12228,37894
4791,0,21972,38473,38473,12758,16693
4792,0,25010,38151,38151,12310,38225
4793,0,3962,14462,14462,14449,16852
4794,0,22839,36976,36976,10825,37296
4795,0,2671,13171,13171,14877,38797
4796,0,9530,20030,20030,20317,39375
4797,0,1764,12264,12264,19639,12357
4798,0,22784,35305,35305,13703,35707
4799,0,607,11107,11107,20826,16087
4800,0,9438,19938,19938,13339,18358
4801,0,9709,20209,20209,35983,35335
4802,0,3217,13717,13717,36815,12615
4803,0,5737,16237,16237,19892,14712
4804,0,8479,18979,18979,19435,10576
4805,0,2053,12553,12553,16289,37784
4806,0,3164,13664,13664,14172,13104
4807,1,22400,35102,15321,35102,39125
4808,0,23751,38723,38723,38449,18589
4809,0,22417,39382,39382,35547,10518
4810,0,1657,12157,12157,19079,16486
4811,0,8069,18569,18569,19909,11461
4812,0,8644,19144,19144,36525,39414
4813,0,2710,13210,13210,20644,37927
4814,0,24394,38342,38342,35180,20694
4815,0,7549,18049,18049,15836,20725
4816,0,4266,14766,14766,12919,14432
4817,0,6715,17215,17215,15297,17716
4818,0,422,10922,10922,12069,18647
4819,0,5316,15816,15816,20746,39166
4820,0,8849,19349,19349,35135,37546
4821,0,2845,13345,13345,17797,16562
4822,0,4066,14566,14566,36749,38089
4823,0,22490,37803,37803,17529,17694
4824,0,5244,15744,15744,14242,20283
4825,0,1001,11501,11501,12635,35555
4826,0,4198,14698,14698,16948,10518
4827,0,2418,12918,12918,38478,17730
4828,0,23067,36301,36301,38519,35614
4829,0,3575,14075,14075,20691,12768
4830,0,6726,17226,17226,18409,38315
4831,0,3847,14347,14347,37170,38024
4832,0,961,11461,11461,36150,18569
4833,0,9621,20121,20121,16055,37421
4834,0,10439,20939,20939,16920,13910
4835,0,22554,39478,39478,36470,19316
4836,0,757,11257,11257,18567,11039
4837,0,5313,15813,15813,12835,13636
4838,0,2284,12784,12784,15420,13876
4839,0,21996,38818,38818,18066,39242
4840,0,4827,15327,15327,39369,35910
4841,0,22303,37873,37873,11309,15608
4842,0,807,11307,11307,16091,19823
4843,0,3907,14407,14407,10892,14997
4844,7,7023,17523,18290,18835,39267
4845,0,1956,12456,12456,20822,38310
4846,0,9343,19843,19843,11567,11114
4847,0,10259,20759,20759,39518,35650
4848,0,22353,36811,36811,17567,19326
4849,0,2402,12902,12902,13892,11302
4850,0,23184,35366,35366,12501,35176
4851,0,1073,11573,11573,13544,12043
4852,0,6524,17024,17024,18005,35457
4853,0,22880,37348,37348,19251,14810
4854,1,22843,39585,39317,39585,39472
4855,0,8095,18595,18595,35662,18997
4856,0,21775,35758,35758,12166,36514
4857,0,22373,37167,37167,10952,16810
4858,0,23513,35796,35796,13189,38171
4859,0,21033,36560,36560,36735,19034
4860,0,1003,11503,11503,36824,20647
4861,0,7658,18158,18158,38211,11106
4862,0,22396,38247,38247,15997,13014
4863,0,7566,18066,18066,39242,15480
4864,12,23608,38445,11049,20725,16793
4865,0,5368,15868,15868,13362,14100
4866,0,25037,36696,36696,38730,12431
4867,0,6289,16789,16789,19834,11774
4868,0,9970,20470,20470,36144,20820
4869,0,25444,39090,39090,11572,37302
4870,0,23298,37618,37618,16340,38106
4871,0,985,11485,11485,20996,37719
4872,0,23550,35356,35356,35313,38845
4873,0,6169,16669,16669,16178,15446
4874,0,22836,36063,36063,14819,14066
4875,0,7384,17884,17884,38064,18826
4876,0,23203,35537,35537,20627,36390
4877,0,22515,38296,38296,38694,12354
4878,0,9726,20226,20226,12085,15059
4879,0,21827,38647,38647,10646,14277
4880,0,2462,12962,12962,39508,38392
4881,0,268,10768,10768,18976,18814
4882,0,7962,18462,18462,16397,36849
4883,0,3580,14080,14080,16771,15284
4884,0,71,10571,10571,36613,20208
4885,1,22552,36768,15422,36768,11530
4886,0,25437,38887,38887,37537,16984
4887,0,2821,13321,13321,12113,17234
4888,0,23696,38052,38052,11732,13142
4889,0,589,11089,11089,11226,14302
4890,0,10467,20967,20967,17857,20898
4891,0,9871,20371,20371,37459,38887
4892,0,21263,35648,35648,17978,11161
4893,0,23140,39579,39579,16524,38345
4894,0,21147,35413,35413,16558,14685
4895,0,3758,14258,14258,19414,19285
4896,0,6845,17345,17345,10663,11369
4897,0,2028,12528,12528,14826,17047
4898,0,8869,19369,19369,20057,19928
4899,0,24739,36834,36834,11563,37675
4900,0,5454,15954,15954,20579,37138
4901,0,9906,20406,20406,19315,13778
4902,0,25405,36263,36263,35180,35932
4903,0,9830,20330,20330,19303,17304
4904,0,25385,38578,38578,20772,18205
4905,0,2432,12932,12932,35991,38328
4906,0,4647,15147,15147,20053,17136
4907,0,8469,18969,18969,18217,18375
4908,0,24314,37817,37817,11757,35816
4909,0,896,11396,11396,13112,36014
4910,0,22733,36927,36927,10637,35144
4911,0,1587,12087,12087,10560,17932
4912,0,6686,17186,17186,19095,19483
4913,0,1719,12219,12219,20040,35861
4914,0,6100,16600,16600,13715,16599
4915,0,3806,14306,14306,13604,12257
4916,0,8806,19306,19306,19974,37021
4917,0,21811,36095,36095,15282,15022
4918,0,3961,14461,14461,13280,35162
4919,0,22294,38844,38844,16341,12967
4920,0,7036,17536,17536,19690,37021
4921,0,23315,39302,39302,37020,38067
4922,0,890,11390,11390,14626,13981
4923,0,25025,38112,38112,13739,37471
4924,1,4006,14506,14722,14506,35489
4925,0,4939,15439,15439,12632,13417
4926,0,25365,38796,38796,39050,15636
4927,0,9713,20213,20213,37067,17359
4928,0,5898,16398,16398,17156,20977
4929,0,24458,38018,38018,14663,39377
4930,0,24590,36556,36556,10664,16853
4931,0,21849,35898,35898,15428,12115
4932,0,584,11084,11084,20650,14760
4933,11,3932,14432,11197,14405,14735
4934,0,1260,11760,11760,17120,14613
4935,0,10456,20956,20956,19859,16773
4936,0,310,10810,10810,37632,17039
4937,0,1716,12216,12216,13039,35457
4938,0,6009,16509,16509,19180,37675
4939,0,2052,12552,12552,36037,10971
4940,0,25053,35182,35182,15810,35674
4941,0,4668,15168,15168,17276,15212
4942,0,4298,14798,14798,10882,20509
4943,0,6646,17146,17146,16857,13882
4944,0,3783,14283,14283,36114,18111
4945,0,1008,11508,11508,16369,38503
4946,0,7347,17847,17847,16007,11419
4947,0,21203,37097,37097,37942,11787
4948,0,24396,38651,38651,18167,39257
4949,0,8383,18883,18883,12256,35815
4950,0,21420,35685,35685,17495,39234
4951,0,4059,14559,14559,20989,18335
4952,0,8721,19221,19221,11624,17584
4953,0,90,10590,10590,12440,37784
4954,0,1987,12487,12487,17449,19879
4955,0,22024,37200,37200,11360,12410
4956,0,25231,38760,38760,38752,15464
4957,0,7279,17779,17779,38665,17614
4958,0,25121,36627,36627,35623,36955
4959,0,22734,35444,35444,12069,16978
4960,0,21569,37611,37611,17704,12113
4961,0,24146,38833,38833,20407,19433
4962,0,21378,37609,37609,11900,12336
4963,0,24928,37498,37498,18682,35943
4964,0,2925,13425,13425,38189,12249
4965,1,9981,20481,39522,20481,36119
4966,0,8185,18685,18685,15588,37724
4967,0,5884,16384,16384,18990,14353
4968,0,2341,12841,12841,12618,13658
4969,0,24563,37632,37632,13803,11379
4970,0,22272,35243,35243,35617,15874
4971,0,627,11127,11127,38261,11360
4972,0,10065,20565,20565,15335,37529
4973,0,7545,18045,18045,37965,15855
4974,0,23748,36628,36628,18110,36886
4975,0,4765,15265,15265,36044,16045
4976,0,21759,39002,39002,18441,37672
4977,0,25084,37251,37251,20307,16944
4978,0,128,10628,10628,37323,10518
4979,0,23147,37887,37887,36579,16823
4980,0,10411,20911,20911,13662,37170
4981,0,4182,14682,14682,35210,18317
4982,0,7299,17799,17799,37458,39455
4983,0,6995,17495,17495,35685,36517
4984,0,2398,12898,12898,15476,20555
4985,0,24384,38025,38025,16347,20856
4986,0,1186,11686,11686,18760,16036
4987,0,23050,36397,36397,14892,16257
4988,0,24490,39169,39169,10733,20709
4989,0,5314,15814,15814,18967,35412
4990,0,9220,19720,19720,13033,14459
4991,0,4247,14747,14747,19419,19969
4992,0,24751,38923,38923,37237,18681
4993,0,9107,19607,19607,39390,37633
4994,0,1096,11596,11596,35148,11453
4995,0,6653,17153,17153,35843,37904
4996,444,1273,11773,16010,15045,13692
4997,0,5698,16198,16198,16078,12792
4998,0,22704,38573,38573,15572,11520
4999,0,8728,19228,19228,37309,35897
5000,0,6797,17297,17297,16606,15840
5001,0,6615,17115,17115,19335,13637
5002,0,3358,13858,13858,17631,13196
5003,0,7755,18255,18255,15899,19409
5004,0,183,10683,10683,11980,18538
5005,0,22178,36440,36440,36983,14697
5006,0,23928,35909,35909,12270,11748
5007,0,6513,17013,17013,18528,12916
5008,0,4567,15067,15067,17164,35245
5009,0,6603,17103,17103,35871,11813
5010,0,23058,37028,37028,16034,12314
5011,0,1961,12461,12461,11138,17488
5012,0,4992,15492,15492,38358,11055
5013,0,4891,15391,15391,38924,38710
5014,0,8039,18539,18539,15881,15204
5015,0,5869,16369,16369,11055,13772
5016,0,21492,38821,38821,19747,37575
5017,0,6226,16726,16726,20141,36599
5018,0,24295,35859,35859,15368,19174
5019,0,21019,35204,35204,36594,17604
5020,0,1251,11751,11751,19502,13370
5021,0,3176,13676,13676,36074,39070
5022,0,3359,13859,13859,15223,20433
5023,0,10305,20805,20805,17618,18765
5024,0,9624,20124,20124,35423,16994
5025,0,25399,36194,36194,35164,15890
5026,0,22468,38087,38087,11871,19212
5027,0,7411,17911,17911,18896,16373
5028,0,7538,18038,18038,14520,20331
5029,0,1051,11551,11551,18808,11890
5030,0,9221,19721,19721,16791,15901
5031,1,8464,18964,14267,18964,13567
5032,0,4763,15263,15263,15985,11941
5033,0,25416,39419,39419,36225,11762
5034,0,1874,12374,12374,18207,12069
5035,0,9278,19778,19778,17613,12570
5036,0,7282,17782,17782,14054,16785
5037,0,9008,19508,19508,17428,10847
5038,0,23334,36006,36006,10518,16215
5039,0,4322,14822,14822,38289,19721
5040,0,9448,19948,19948,11158,18402
5041,0,5831,16331,16331,38240,11318
5042,0,24797,37414,37414,11871,19212
5043,0,10098,20598,20598,37871,12420
5044,0,9730,20230,20230,15825,35668
5045,0,21705,37739,37739,12532,17666
5046,0,22096,36253,36253,37620,15568
5047,0,4485,14985,14985,17398,13308
5048,0,8615,19115,19115,36106,12031
5049,1,3924,14424,39546,14424,38579
5050,0,23888,38813,38813,36597,37525
5051,0,9563,20063,20063,39445,20597
5052,0,21830,35659,35659,37488,14805
5053,0,7850,18350,18350,20702,37090
5054,0,24961,36703,36703,15631,12254
5055,0,3113,13613,13613,39186,14677
5056,0,3303,13803,13803,13586,37632
5057,0,9536,20036,20036,20504,10831
5058,0,1690,12190,12190,35496,35468
5059,0,9634,20134,20134,39304,14883
5060,0,5048,15548,15548,11735,19823
5061,0,10097,20597,20597,10554,37538
5062,0,3308,13808,13808,15170,15772
5063,0,1504,12004,12004,12694,15690
5064,0,1806,12306,12306,11093,10856
5065,0,3871,14371,14371,12180,18036
5066,0,9967,20467,20467,12043,20276
5067,0,3791,14291,14291,12867,18385
5068,3,21251,38879,14760,37294,19574
5069,0,22190,36186,36186,37501,17767
5070,0,21985,36109,36109,35180,36184
5071,0,1717,12217,12217,16119,20083
5072,0,2696,13196,13196,13858,17954
5073,0,1848,12348,12348,12354,17568
5074,0,4512,15012,15012,12129,12749
5075,0,21804,35727,35727,12260,20187
5076,0,6622,17122,17122,12876,11023
5077,0,3435,13935,13935,14651,16451
5078,0,10151,20651,20651,18062,19433
5079,0,142,10642,10642,16870,18230
5080,0,22170,35096,35096,37183,36810
5081,0,6992,17492,17492,19662,37501
5082,0,23038,37976,37976,14157,19900
5083,0,9878,20378,20378,17373,38451
5084,0,1117,11617,11617,15664,16926
5085,0,1756,12256,12256,35815,15971
5086,0,497,10997,10997,20536,18937
5087,0,6751,17251,17251,38003,19718
5088,0,870,11370,11370,11679,38560
5089,0,3357,13857,13857,16255,35221
5090,0,9104,19604,19604,13501,12440
5091,0,7678,18178,18178,18204,36517
5092,0,721,11221,11221,16343,20089
5093,0,886,11386,11386,20091,35516
5094,0,21001,38998,38998,36043,38876
5095,0,23961,35582,35582,35305,14779
5096,0,23324,37045,37045,18393,38939
5097,0,8347,18847,18847,35798,36934
5098,0,8102,18602,18602,36924,20189
5099,0,21377,37636,37636,16810,17794
5100,0,25434,36568,36568,20347,10746
5101,0,314,10814,10814,20726,20129
5102,0,23262,39590,39590,11466,13567
5103,0,23556,39330,39330,11448,17696
5104,0,4204,14704,14704,35274,19087
5105,0,5850,16350,16350,35418,17027
5106,0,6129,16629,16629,16367,11418
5107,0,5447,15947,15947,16495,20297
5108,0,3129,13629,13629,13244,19414
5109,0,1996,12496,12496,11734,17483
5110,0,23720,35711,35711,15949,13190
5111,0,3968,14468,14468,12723,13093
5112,0,23391,36435,36435,16204,18346
5113,0,336,10836,10836,39289,11129
5114,0,21720,36436,36436,11343,14494
5115,0,24987,37148,37148,16205,17234
5116,0,10384,20884,20884,13696,18825
5117,0,2985,13485,13485,19357,35395
5118,0,4620,15120,15120,19406,10586
5119,0,6531,17031,17031,13013,20628
5120,0,9857,20357,20357,17347,13137
5121,0,3558,14058,14058,11536,12019
5122,0,24824,38269,38269,20785,15706
5123,0,3416,13916,13916,14408,16329
5124,0,307,10807,10807,19835,16220
5125,0,23871,39486,39486,39437,13619
5126,0,23054,35964,35964,13897,17918
5127,0,348,10848,10848,10959,18090
5128,0,5918,16418,16418,36987,13592
5129,0,21954,37774,37774,13339,18380
5130,0,7243,17743,17743,13351,17006
5131,0,22258,38853,38853,38432,12841
5132,0,4482,14982,14982,20711,11997
5133,0,9421,19921,19921,39252,16145
5134,0,8263,18763,18763,17915,19119
5135,0,24921,36096,36096,35505,38264
5136,0,6855,17355,17355,20671,18793
5137,0,21836,37490,37490,19397,36011
5138,0,23168,35312,35312,18090,14736
5139,4,24916,36805,10781,39272,10840
5140,0,22085,35380,35380,18774,35399
5141,0,1666,12166,12166,11834,35758
5142,0,7579,18079,18079,35974,16878
5143,0,5570,16070,16070,19258,11150
5144,0,52,10552,10552,11223,12138
5145,0,9965,20465,20465,35405,20376
5146,0,6263,16763,16763,18942,17295
5147,0,1445,11945,11945,38781,36993
5148,0,9843,20343,20343,39427,11463
5149,0,10184,20684,20684,14144,13041
5150,0,1695,12195,12195,35372,10518
5151,0,1574,12074,12074,37306,36387
5152,0,22561,35699,35699,39117,17191
5153,0,4405,14905,14905,11830,19001
5154,26,1630,12130,19953,15718,12043
5155,0,24897,38328,38328,38722,20519
5156,0,1881,12381,12381,13534,36637
5157,0,5074,15574,15574,16443,20711
5158,0,5509,16009,16009,12946,19587
5159,0,24927,37834,37834,16559,12353
5160,0,22670,35130,35130,38044,12635
5161,0,9040,19540,19540,19097,20484
5162,0,22029,35240,35240,13230,35360
5163,0,22686,37475,37475,35130,37172
5164,0,186,10686,10686,15145,17696
5165,0,5558,16058,16058,11321,37456
5166,0,7185,17685,17685,38429,14492
5167,0,24835,38467,38467,18238,35101
5168,0,24836,36103,36103,15288,36109
5169,0,6587,17087,17087,14400,19355
5170,0,1234,11734,11734,35448,12496
5171,0,10479,20979,20979,12051,17198
5172,0,3915,14415,14415,20367,10937
5173,0,446,10946,10946,17753,13668
5174,0,844,11344,11344,36312,19401
5175,0,5201,15701,15701,11188,16954
5176,0,24664,37962,37962,11008,19928
5177,0,22588,36148,36148,15741,36149
5178,0,2440,12940,12940,12377,12118
5179,0,3103,13603,13603,14240,39502
5180,0,7692,18192,18192,15727,12514
5181,0,4774,15274,15274,13102,35295
5182,3,6974,17474,15738,11451,17081
5183,0,6094,16594,16594,14336,12084
5184,0,9486,19986,19986,10629,36418
5185,0,2153,12653,12653,12127,13073
5186,0,5518,16018,16018,18204,37246
5187,0,23427,36602,36602,19289,15615
5188,0,5067,15567,15567,15521,38435
5189,0,22283,37248,37248,37319,17787
5190,0,23087,36140,36140,16235,10584
5191,0,23106,37080,37080,20384,14727
5192,0,776,11276,11276,38266,36339
5193,0,8417,18917,18917,12636,12050
5194,0,23380,38538,38538,16070,15677
5195,0,6324,16824,16824,16825,36754
5196,0,4920,15420,15420,12784,14800
5197,0,25216,37646,37646,10620,17314
5198,0,9182,19682,19682,18378,11289
5199,1,24452,38842,17527,38842,37446
5200,0,21534,35934,35934,35131,15133
5201,0,3136,13636,13636,15813,12835
5202,0,21874,37221,37221,16426,17106
5203,0,5462,15962,15962,20377,14036
5204,0,3183,13683,13683,37874,19238
5205,0,22902,37639,37639,37024,39364
5206,0,7522,18022,18022,17071,13685
5207,0,22216,36494,36494,14824,11848
5208,0,3199,13699,13699,16329,15740
5209,0,21701,35935,35935,15097,20366
5210,0,1289,11789,11789,13370,17441
5211,1,24246,38870,15751,38870,10734
5212,0,21421,38913,38913,16143,18005
5213,0,21654,37310,37310,18385,35180
5214,0,7542,18042,18042,37201,38700
5215,0,1879,12379,12379,16648,19469
5216,0,23264,38555,38555,36651,12902
5217,0,10003,20503,20503,37527,12643
5218,0,5457,15957,15957,13612,36966
5219,0,2148,12648,12648,18274,16508
5220,0,4131,14631,14631,35399,16917
5221,0,1036,11536,11536,15407,18005
5222,0,8828,19328,19328,11275,18719
5223,0,25429,38889,38889,39244,11423
5224,0,4134,14634,14634,35542,14190
5225,0,649,11149,11149,36701,18287
5226,0,9275,19775,19775,16367,37312
5227,0,6711,17211,17211,17639,20477
5228,0,861,11361,11361,36035,18219
5229,0,9095,19595,19595,38611,12379
5230,0,191,10691,10691,12328,39167
5231,0,8301,18801,18801,14793,19996
5232,0,6026,16526,16526,14474,38115
5233,0,1942,12442,12442,19140,10726
5234,0,4331,14831,14831,12384,38674
5235,0,22344,38985,38985,37296,17470
5236,0,8775,19275,19275,12605,37444
5237,0,7972,18472,18472,36768,15603
5238,0,21371,36188,36188,16115,18875
5239,0,25124,38693,38693,12215,36514
5240,0,22914,35708,35708,20644,11566
5241,0,2775,13275,13275,13688,16322
5242,0,4145,14645,14645,11830,15557
5243,0,24007,37500,37500,16312,20218
5244,0,2617,13117,13117,16007,17847
5245,0,2411,12911,12911,37251,13767
5246,0,1094,11594,11594,14567,15517
5247,0,6065,16565,16565,12274,37541
5248,0,1546,12046,12046,16663,17557
5249,0,4589,15089,15089,36612,11948
5250,0,6034,16534,16534,12972,15855
5251,0,10154,20654,20654,19415,13798
5252,0,6953,17453,17453,16103,14919
5253,0,3135,13635,13635,12321,12333
5254,0,3856,14356,14356,35735,35798
5255,0,23464,38425,38425,37595,12623
5256,0,6419,16919,16919,37004,37925
5257,0,3805,14305,14305,12763,18064
5258,0,24532,37668,37668,15707,13149
5259,0,9919,20419,20419,15883,38235
5260,0,7431,17931,17931,38927,35248
5261,0,6774,17274,17274,15942,36295
5262,0,24087,37770,37770,18783,17296
5263,0,464,10964,10964,39589,17183
5264,0,1257,11757,11757,11886,16832
5265,0,2259,12759,12759,14590,18509
5266,0,5630,16130,16130,18279,16071
5267,0,25402,39126,39126,20436,37217
5268,0,6231,16731,16731,13609,18110
5269,0,7382,17882,17882,10841,11712
5270,0,22899,35681,35681,37779,39039
5271,1,21081,36964,36228,36964,12779
5272,1,1262,11762,18589,11762,38449
5273,0,21992,38100,38100,39577,12700
5274,0,7212,17712,17712,15596,17284
5275,0,975,11475,11475,38983,18257
5276,0,24515,35316,35316,13308,17398
5277,0,5866,16366,16366,14236,15457
5278,0,9133,19633,19633,15032,17155
5279,0,6582,17082,17082,35678,36270
5280,0,2387,12887,12887,38095,16213
5281,0,24615,39186,39186,11852,12313
5282,0,5021,15521,15521,19924,36471
5283,0,7129,17629,17629,36823,13308
5284,0,23303,37122,37122,36423,13903
5285,0,3882,14382,14382,38939,13882
5286,0,6055,16555,16555,18690,11780
5287,0,22342,38227,38227,20844,20885
5288,0,25442,35264,35264,14311,20276
5289,0,3875,14375,14375,35969,38275
5290,0,2789,13289,13289,15146,16903
5291,0,9136,19636,19636,38080,14083
5292,0,21672,37925,37925,13157,13975
5293,0,1857,12357,12357,19639,11662
5294,0,21581,37599,37599,15843,16283
5295,0,4108,14608,14608,14254,14024
5296,0,5213,15713,15713,37266,35440
5297,0,8281,18781,18781,18520,19715
5298,0,3255,13755,13755,16824,15951
5299,0,7323,17823,17823,11935,16011
5300,0,2690,13190,13190,37883,19278
5301,0,7389,17889,17889,18481,11377
5302,0,4627,15127,15127,12245,38223
5303,0,22088,35759,35759,20707,38349
5304,0,1319,11819,11819,14460,14840
5305,0,24571,37543,37543,38611,11481
5306,0,23242,39416,39416,20270,36835
5307,0,5162,15662,15662,36597,20880
5308,1,24009,35466,11787,35466,19561
5309,0,10360,20860,20860,12498,16824
5310,0,1135,11635,11635,36491,14771
5311,0,4529,15029,15029,20041,15288
5312,0,3505,14005,14005,12237,19502
5313,0,4749,15249,15249,11838,17299
5314,0,7086,17586,17586,14164,38501
5315,0,9947,20447,20447,11441,18895
5316,0,24569,39398,39398,15532,14977
5317,0,6336,16836,16836,15244,10659
5318,0,22953,35533,35533,11602,37598
5319,0,6982,17482,17482,17476,20948
5320,0,23456,37360,37360,36006,12082
5321,0,2505,13005,13005,20236,12703
5322,0,2904,13404,13404,37233,10807
5323,0,570,11070,11070,17754,13536
5324,0,1448,11948,11948,36612,20757
5325,0,3414,13914,13914,38194,39256
5326,2,22328,39420,20447,13926,39420
5327,0,21785,35370,35370,17178,35369
5328,0,9290,19790,19790,13067,17541
5329,0,21664,39242,39242,18066,16941
5330,0,6837,17337,17337,14644,38012
5331,0,3226,13726,13726,20167,17876
5332,0,24702,39210,39210,18092,35776
5333,0,4383,14883,14883,15664,10800
5334,1,9229,19729,13891,19729,38761
5335,0,7845,18345,18345,35638,15451
5336,1,3539,14039,35997,14039,38329
5337,0,22622,35180,35180,36926,36152
5338,0,24802,38039,38039,13459,11786
5339,0,2827,13327,13327,11813,18067
5340,0,5780,16280,16280,11563,39138
5341,0,4996,15496,15496,18839,20252
5342,0,1338,11838,11838,17299,39227
5343,0,3262,13762,13762,15311,37317
5344,0,7876,18376,18376,19991,13462
5345,0,23809,35403,35403,38506,12669
5346,0,6838,17338,17338,10904,19751
5347,0,5741,16241,16241,38044,35130
5348,0,650,11150,11150,14445,20661
5349,0,6039,16539,16539,35180,12873
5350,1,2258,12758,38473,12758,17541
5351,0,5395,15895,15895,12709,15016
5352,0,23137,37695,37695,13276,11217
5353,0,7082,17582,17582,17655,18764
5354,0,24221,36236,36236,13809,14968
5355,0,3521,14021,14021,16382,19898
5356,0,23957,39161,39161,12043,38162
5357,0,4478,14978,14978,35219,11164
5358,0,5660,16160,16160,39008,35453
5359,0,23381,37648,37648,14632,19187
5360,0,67,10567,10567,15476,11357
5361,0,22823,38657,38657,35816,12843
5362,0,22063,36470,36470,36772,15248
5363,0,7609,18109,18109,14054,14613
5364,0,1258,11758,11758,12042,12236
5365,0,24620,36557,36557,11089,38709
5366,0,24788,37370,37370,13060,12413
5367,0,991,11491,11491,19407,19615
5368,0,3504,14004,14004,11394,13840
5369,0,8305,18805,18805,11193,19829
5370,0,919,11419,11419,19907,36037
5371,0,165,10665,10665,11974,13446
5372,0,9877,20377,20377,15962,36208
5373,0,25319,37406,37406,14827,11327
5374,0,9141,19641,19641,17765,12361
5375,0,4594,15094,15094,20917,38664
5376,0,22541,36742,36742,13077,39216
5377,0,2850,13350,13350,12510,16993
5378,1,21728,35489,12387,35489,11494
5379,0,24556,39562,39562,16965,13091
5380,0,22709,36764,36764,13847,35538
5381,0,4460,14960,14960,14663,39377
5382,0,24761,38820,38820,11773,13372
5383,0,6623,17123,17123,37271,38424
5384,0,9306,19806,19806,11334,36390
5385,0,23494,37168,37168,19072,14234
5386,0,8490,18990,18990,37725,36190
5387,0,9867,20367,20367,11381,14415
5388,0,2735,13235,13235,37204,12516
5389,0,5669,16169,16169,39582,11787
5390,0,4988,15488,15488,13617,16296
5391,0,25318,38096,38096,12365,36971
5392,0,2378,12878,12878,15148,35793
5393,0,10402,20902,20902,10675,35606
5394,0,4172,14672,14672,10921,13366
5395,0,8092,18592,18592,16053,37934
5396,0,23851,36579,36579,37887,17998
5397,0,2103,12603,12603,39070,38207
5398,0,3759,14259,14259,14401,36744
5399,0,21213,36273,36273,11290,16035
5400,0,1837,12337,12337,15545,36921
5401,0,24676,36624,36624,35772,17506
5402,0,22634,37046,37046,12211,19015
5403,0,21106,36822,36822,37330,15200
5404,0,5710,16210,16210,35402,11633
5405,0,8799,19299,19299,18788,19067
5406,0,4500,15000,15000,14525,14057
5407,0,1093,11593,11593,16137,37881
5408,0,10017,20517,20517,12780,17360
5409,0,6718,17218,17218,19535,13912
5410,0,24998,35354,35354,17732,35639
5411,0,8960,19460,19460,36139,15913
5412,0,160,10660,10660,38218,17639
5413,0,203,10703,10703,11193,37311
5414,0,6483,16983,16983,14392,13172
5415,0,3940,14440,14440,20413,20139
5416,0,25336,39379,39379,13739,13026
5417,0,4933,15433,15433,35355,39111
5418,1,7647,18147,11454,18147,11664
5419,0,1230,11730,11730,17170,11709
5420,0,9166,19666,19666,11003,38290
5421,0,3046,13546,13546,36520,12780
5422,0,7957,18457,18457,14150,20957
5423,0,2915,13415,13415,37539,11433
5424,0,23966,38218,38218,10660,38219
5425,0,4251,14751,14751,10918,14267
5426,0,6111,16611,16611,15410,14428
5427,0,6204,16704,16704,16224,38491
5428,0,2725,13225,13225,11721,18317
5429,0,4290,14790,14790,17985,39055
5430,0,4334,14834,14834,38522,20039
5431,0,383,10883,10883,17885,36143
5432,0,7485,17985,17985,14790,39055
5433,0,4886,15386,15386,12018,19031
5434,0,857,11357,11357,20360,37298
5435,0,370,10870,10870,13920,16355
5436,0,6539,17039,17039,10810,37632
5437,0,2561,13061,13061,14863,16090
5438,0,3801,14301,14301,15842,35586
5439,0,5455,15955,15955,37117,35331
5440,0,10162,20662,20662,15156,17797
5441,7,22230,38451,10828,18835,12375
5442,0,6859,17359,17359,37112,13711
5443,0,10212,20712,20712,37540,15829
5444,0,24606,37905,37905,19337,11798
5445,0,21815,39000,39000,19547,19469
5446,0,5944,16444,16444,17527,10800
5447,0,615,11115,11115,37440,10538
5448,0,2575,13075,13075,16632,18005
5449,1,53,10553,10617,10553,14681
5450,0,23668,38013,38013,19425,18119
5451,0,3340,13840,13840,11394,39194
5452,0,21112,35944,35944,16882,12087
5453,0,9897,20397,20397,37725,12923
5454,0,23304,38191,38191,14464,11165
5455,0,10099,20599,20599,20328,36153
5456,0,10052,20552,20552,19791,19480
5457,0,22618,38400,38400,15472,18295
5458,0,5876,16376,16376,15473,35147
5459,0,10196,20696,20696,17829,35942
5460,0,8995,19495,19495,18629,36362
5461,0,1812,12312,12312,19583,35416
5462,0,990,11490,11490,39154,37515
5463,0,10389,20889,20889,36644,38566
5464,0,23780,37171,37171,13861,13741
5465,0,8411,18911,18911,16528,12636
5466,0,2942,13442,13442,17683,19074
5467,0,9480,19980,19980,19173,18652
5468,0,3163,13663,13663,10706,39016
5469,0,4678,15178,15178,18983,39581
5470,0,2618,13118,13118,19753,20919
5471,0,3612,14112,14112,38799,11771
5472,3,8235,18735,20227,39081,11787
5473,0,7871,18371,18371,19143,38300
5474,0,24272,36576,36576,35408,13874
5475,0,3792,14292,14292,15848,39049
5476,0,9695,20195,20195,11853,16578
5477,0,10130,20630,20630,19356,10922
5478,0,3439,13939,13939,38283,16823
5479,0,1892,12392,12392,14435,15309
5480,0,25380,39057,39057,20358,16969
5481,0,22183,38592,38592,35882,18953
5482,0,5255,15755,15755,19448,14578
5483,0,5167,15667,15667,12333,18057
5484,0,6460,16960,16960,15412,15767
5485,0,1505,12005,12005,36170,17598
5486,0,10355,20855,20855,14609,36560
5487,0,670,11170,11170,12458,16809
5488,0,9471,19971,19971,13588,18743
5489,0,24276,35960,35960,18867,14775
5490,0,897,11397,11397,37722,11766
5491,0,3306,13806,13806,37044,13154
5492,0,8026,18526,18526,14220,17736
5493,0,6239,16739,16739,12255,14809
5494,0,2890,13390,13390,13212,14799
5495,0,6003,16503,16503,13000,36851
5496,0,7739,18239,18239,35128,17009
5497,0,23145,36011,36011,19397,37490
5498,0,22883,36227,36227,17566,36022
5499,0,8397,18897,18897,19861,14114
5500,0,2,10502,10502,17779,15273
5501,0,9961,20461,20461,36601,10996
5502,0,25451,37344,37344,18223,38151
5503,0,6079,16579,16579,36488,36097
5504,0,531,11031,11031,36488,20702
5505,0,22426,37526,37526,19115,11576
5506,0,8181,18681,18681,20039,19763
5507,0,22518,37572,37572,12394,37453
5508,1,6476,16976,19565,16976,19448
5509,0,24619,37978,37978,12113,18695
5510,0,23750,37303,37303,15547,11273
5511,0,8923,19423,19423,19758,39189
5512,0,3406,13906,13906,16540,16143
5513,0,5991,16491,16491,19974,38033
5514,0,6328,16828,16828,17401,19365
5515,0,10374,20874,20874,14915,19532
5516,0,2565,13065,13065,36885,18859
5517,0,2581,13081,13081,11960,11773
5518,0,21014,37364,37364,38408,19210
5519,0,8385,18885,18885,13385,12988
5520,0,2607,13107,13107,37477,10948
5521,0,10484,20984,20984,17165,35403
5522,0,24537,38810,38810,35423,39359
5523,0,9447,19947,19947,18428,12057
5524,5,2104,12604,10706,17924,39235
5525,0,21857,38547,38547,11579,20743
5526,0,22760,35274,35274,37920,15902
5527,0,21161,38324,38324,39217,20046
5528,0,4994,15494,15494,12185,37727
5529,0,25427,35797,35797,16543,38747
5530,0,5057,15557,15557,14645,13086
5531,0,658,11158,11158,14324,19948
5532,0,4434,14934,14934,19008,19354
5533,0,22770,38843,38843,11691,12899
5534,0,3816,14316,14316,11197,13542
5535,0,6773,17273,17273,20903,11661
5536,0,23717,38661,38661,37788,10529
5537,0,9813,20313,20313,39100,16184
5538,0,22543,38742,38742,37612,38652
5539,0,7260,17760,17760,18298,35294
5540,0,3904,14404,14404,39072,38266
5541,0,25000,35804,35804,16160,38124
5542,0,22280,37952,37952,13923,35925
5543,0,9288,19788,19788,11836,35563
5544,0,6811,17311,17311,15073,18427
5545,0,23821,38177,38177,39194,15693
5546,0,9359,19859,19859,18659,39243
5547,0,3700,14200,14200,39182,19351
5548,0,25310,36513,36513,18745,10637
5549,0,1788,12288,12288,16319,13360
5550,0,24667,37329,37329,35244,18161
5551,0,6314,16814,16814,18515,13641
5552,0,3645,14145,14145,37966,13161
5553,0,1776,12276,12276,38725,35505
5554,0,192,10692,10692,15003,14872
5555,0,9012,19512,19512,12618,36332
5556,0,10261,20761,20761,15263,16639
5557,0,25391,37495,37495,19321,35643
5558,0,23521,38946,38946,11787,10856
5559,0,5388,15888,15888,18450,19704
5560,0,10307,20807,20807,18430,20032
5561,0,4951,15451,15451,14328,11213
5562,0,2687,13187,13187,19774,17279
5563,0,4390,14890,14890,13624,15411
5564,0,4927,15427,15427,19962,37033
5565,0,5552,16052,16052,35120,17488
5566,0,22954,38926,38926,20189,36849
5567,0,238,10738,10738,20373,12324
5568,0,23916,38502,38502,35905,37825
5569,0,24774,39123,39123,13595,11394
5570,0,6901,17401,17401,19365,16828
5571,0,22057,35545,35545,17954,37290
5572,0,21083,39458,39458,37725,12024
5573,0,9137,19637,19637,16825,11589
5574,0,21335,36907,36907,37802,17178
5575,5,8640,19140,36834,13529,35284
5576,0,5097,15597,15597,20229,15029
5577,0,24082,35420,35420,12829,16171
5578,0,24859,35767,35767,18192,13810
5579,0,10335,20835,20835,16132,11769
5580,0,3552,14052,14052,20955,36342
5581,0,23920,39549,39549,13566,15738
5582,0,3360,13860,13860,17537,12366
5583,0,8328,18828,18828,35170,13191
5584,0,5628,16128,16128,36709,10656
5585,0,7751,18251,18251,13478,13750
5586,0,5783,16283,16283,11564,15843
5587,0,4507,15007,15007,12178,17253
5588,0,21145,37706,37706,11926,13730
5589,0,146,10646,10646,38647,19504
5590,0,24454,35636,35636,17087,14400
5591,0,2294,12794,12794,20751,19857
5592,0,7178,17678,17678,12861,12902
5593,0,9928,20428,20428,19510,11733
5594,0,23666,38900,38900,17015,35275
5595,0,21870,35358,35358,17052,35692
5596,0,23656,38817,38817,36083,15729
5597,0,24721,37037,37037,12919,14395
5598,0,8690,19190,19190,38510,19721
5599,0,7081,17581,17581,13132,39312
5600,0,4733,15233,15233,13273,15587
5601,0,8912,19412,19412,19242,17621
5602,0,4384,14884,14884,20516,35789
5603,0,21715,38699,38699,20012,13240
5604,0,23633,38353,38353,15431,13334
5605,0,22985,36167,36167,13618,20434
5606,0,4545,15045,15045,17543,18005
5607,0,596,11096,11096,36748,17446
5608,0,21397,38236,38236,16085,37265
5609,0,22227,35132,35132,39011,36694
5610,0,5164,15664,15664,18295,36849
5611,0,21351,38343,38343,19208,36369
5612,0,1647,12147,12147,36629,36947
5613,0,6815,17315,17315,10630,15666
5614,0,2700,13200,13200,13808,17454
5615,0,1700,12200,12200,14132,10768
5616,0,2773,13273,13273,15233,12119
5617,0,6968,17468,17468,11529,14508
5618,0,8143,18643,18643,37828,37829
5619,0,6219,16719,16719,16107,11270
5620,0,86,10586,10586,18065,36674
5621,0,22851,36877,36877,36028,12914
5622,0,24285,36846,36846,37424,19207
5623,0,21629,37726,37726,38781,14054
5624,0,2594,13094,13094,39526,20439
5625,0,1029,11529,11529,17468,36834
5626,0,136,10636,10636,37719,20996
5627,0,6972,17472,17472,36092,36910
5628,0,21347,35852,35852,12507,18916
5629,0,7024,17524,17524,12019,11433
5630,0,2854,13354,13354,35668,19180
5631,0,1200,11700,11700,20880,14835
5632,0,6121,16621,16621,10798,11287
5633,0,9763,20263,20263,36041,16168
5634,0,8758,19258,19258,14445,11150
5635,0,24267,36131,36131,19466,14699
5636,0,6296,16796,16796,37907,12242
5637,0,3927,14427,14427,38451,17661
5638,0,10105,20605,20605,36337,11118
5639,0,22404,37842,37842,18493,35353
5640,0,8468,18968,18968,16061,13369
5641,0,3606,14106,14106,20514,14136
5642,0,22333,37972,37972,35330,19287
5643,0,2330,12830,12830,13659,13763
5644,0,2187,12687,12687,13248,35159
5645,0,195,10695,10695,16257,36818
5646,0,5059,15559,15559,13285,12853
5647,0,802,11302,11302,39195,14006
5648,0,2668,13168,13168,38625,20184
5649,0,241,10741,10741,38713,35331
5650,0,2068,12568,12568,17659,16615
5651,0,21660,38111,38111,13172,10820
5652,0,23705,37723,37723,11766,37722
5653,0,644,11144,11144,10825,36976
5654,0,9116,19616,19616,11376,12869
5655,1,5103,15603,20137,15603,11530
5656,0,1637,12137,12137,37367,13055
5657,0,7552,18052,18052,12824,15828
5658,0,8312,18812,18812,11655,35417
5659,1,3074,13574,20988,13574,36060
5660,0,9014,19514,19514,38547,35389
5661,0,7296,17796,17796,10901,17227
5662,0,3278,13778,13778,17500,17202
5663,0,8003,18503,18503,19599,12424
5664,0,4970,15470,15470,36610,17590
5665,0,21888,35248,35248,11190,38927
5666,0,8326,18826,18826,38255,10582
5667,0,6915,17415,17415,13602,12398
5668,0,10468,20968,20968,19171,35810
5669,0,7829,18329,18329,38864,36277
5670,0,62,10562,10562,16200,14177
5671,0,25238,36447,36447,18764,12431
5672,0,22919,36501,36501,15237,35208
5673,0,23915,38549,38549,12838,10524
5674,0,22330,35546,35546,37290,35113
5675,0,25263,35437,35437,38631,37087
5676,0,679,11179,11179,37330,37801
5677,0,2041,12541,12541,19681,12852
5678,0,8933,19433,19433,18342,17483
5679,0,5307,15807,15807,17804,13360
5680,0,23515,35717,35717,36351,39566
5681,0,3641,14141,14141,35431,38691
5682,0,21109,36966,36966,14459,19720
5683,0,25454,36796,36796,39438,11446
5684,0,3258,13758,13758,18465,35283
5685,0,1873,12373,12373,18758,20720
5686,0,4744,15244,15244,16836,10659
5687,0,9909,20409,20409,35780,15173
5688,0,2912,13412,13412,18708,19346
5689,0,4027,14527,14527,35196,20264
5690,0,5488,15988,15988,15997,10872
5691,0,22691,37546,37546,19349,18119
5692,0,8024,18524,18524,11728,36676
5693,0,7786,18286,18286,18999,18580
5694,0,22504,38478,38478,12918,15249
5695,0,6864,17364,17364,17737,19999
5696,0,489,10989,10989,13263,13063
5697,0,8685,19185,19185,16048,11209
5698,0,690,11190,11190,13229,35248
5699,0,602,11102,11102,14097,19311
5700,0,10103,20603,20603,36796,18841
5701,0,1014,11514,11514,35774,13247
5702,0,869,11369,11369,37653,10663
5703,0,1993,12493,12493,20119,38058
5704,0,7610,18110,18110,36886,10985
5705,0,5283,15783,15783,36139,39254
5706,0,4370,14870,14870,37062,11799
5707,4,21391,35925,16356,14336,10734
5708,0,1361,11861,11861,13952,11310
5709,0,10489,20989,20989,35581,35407
5710,0,1526,12026,12026,36015,16817
5711,0,25021,37093,37093,13596,15085
5712,0,1629,12129,12129,18732,13794
5713,0,1551,12051,12051,20979,17198
5714,0,23305,35303,35303,38158,17076
5715,0,22473,39127,39127,18482,16967
5716,0,1337,11837,11837,11574,19571
5717,0,3901,14401,14401,36744,14259
5718,0,5041,15541,15541,18710,37633
5719,0,8252,18752,18752,35880,18899
5720,0,24254,35535,35535,19635,20088
5721,0,5039,15539,15539,15896,16482
5722,0,2346,12846,12846,15007,15441
5723,0,25062,38531,38531,38524,39204
5724,0,5485,15985,15985,37138,15954
5725,0,24884,37902,37902,37525,15265
5726,0,5694,16194,16194,36693,18972
5727,0,5119,15619,15619,37088,39402
5728,0,5166,15666,15666,17165,17949
5729,0,1134,11634,11634,16832,37702
5730,0,8342,18842,18842,16295,19032
5731,0,10401,20901,20901,12031,15731
5732,0,4017,14517,14517,17817,38797
5733,0,24915,35136,35136,20561,16724
5734,0,2424,12924,12924,16327,10518
5735,0,4138,14638,14638,18417,13997
5736,0,859,11359,11359,19033,19665
5737,0,2962,13462,13462,18376,37293
5738,3,8089,18589,11762,36563,38723
5739,0,25494,38570,38570,16780,12500
5740,0,24074,36178,36178,18077,35853
5741,0,23278,37434,37434,13618,11825
5742,0,23009,37317,37317,13762,17143
5743,0,1364,11864,11864,37213,16880
5744,0,25257,39363,39363,18941,13501
5745,0,1779,12279,12279,20283,10562
5746,0,10397,20897,20897,39231,13289
5747,0,2101,12601,12601,19112,16282
5748,0,1818,12318,12318,14290,14250
5749,0,369,10869,10869,18577,13408
5750,0,4937,15437,15437,20924,17988
5751,0,5285,15785,15785,37827,18479
5752,0,8367,18867,18867,35960,15773
5753,0,21584,36736,36736,17636,15787
5754,0,7071,17571,17571,37365,36421
5755,0,2093,12593,12593,38407,37200
5756,0,7817,18317,18317,14682,14778
5757,0,1920,12420,12420,15588,12019
5758,0,82,10582,10582,20970,18826
5759,0,7331,17831,17831,39042,39246
5760,0,7304,17804,17804,12288,13453
5761,0,816,11316,11316,13195,11769
5762,0,21276,36204,36204,15820,19029
5763,0,4396,14896,14896,11391,35480
5764,1,8475,18975,39423,18975,38698
5765,0,6124,16624,16624,17842,39200
5766,0,4120,14620,14620,18542,20854
5767,0,23193,36514,36514,20210,11253
5768,0,21173,37903,37903,11984,39102
5769,0,1813,12313,12313,38886,15145
5770,0,1271,11771,11771,14112,15376
5771,0,8751,19251,19251,37348,14810
5772,0,2994,13494,13494,36838,14988
5773,0,22319,36003,36003,14672,35629
5774,0,6409,16909,16909,15854,35809
5775,0,24913,36205,36205,19219,39277
5776,0,2642,13142,13142,38052,18573
5777,0,9280,19780,19780,19894,16150
5778,0,21524,35646,35646,38293,37691
5779,0,2305,12805,12805,11476,13370
5780,0,25036,35506,35506,18734,17631
5781,0,24446,37154,37154,38085,36704
5782,0,4195,14695,14695,17557,35457
5783,0,25468,37115,37115,18417,20720
5784,0,3849,14349,14349,35926,19994
5785,0,23434,39367,39367,36695,17466
5786,0,25154,37172,37172,16318,36794
5787,0,23577,38955,38955,18312,38879
5788,0,3554,14054,14054,16593,17979
5789,0,2195,12695,12695,15812,15222
5790,0,2600,13100,13100,20925,15838
5791,0,6163,16663,16663,35742,18393
5792,0,1518,12018,12018,12043,10709
5793,0,24572,35139,35139,18859,38444
5794,0,21490,35576,35576,12416,38968
5795,0,6309,16809,16809,12458,16111
5796,0,5755,16255,16255,16832,19870
5797,0,5633,16133,16133,15552,17527
5798,0,8399,18899,18899,39350,37798
5799,0,21946,38561,38561,36811,35832
5800,0,7162,17662,17662,16989,20087
5801,0,21086,37492,37492,15840,38121
5802,0,24832,35605,35605,15704,37198
5803,0,1988,12488,12488,13895,17545
5804,0,9533,20033,20033,15751,16356
5805,3,7737,18237,36338,18878,39539
5806,0,517,11017,11017,12753,12403
5807,0,6160,16660,16660,12375,16620
5808,0,22391,36679,36679,20071,13136
5809,0,21387,38223,38223,13263,39228
5810,0,22335,36683,36683,15277,18409
5811,0,22203,35424,35424,19521,16252
5812,0,9607,20107,20107,11046,39457
5813,0,4456,14956,14956,16702,14175
5814,0,2761,13261,13261,15365,11663
5815,0,6481,16981,16981,15358,19787
5816,0,5911,16411,16411,35186,35291
5817,0,21323,38641,38641,13341,15018
5818,0,6547,17047,17047,12528,11565
5819,0,4855,15355,15355,37359,37548
5820,0,7644,18144,18144,17463,13262
5821,0,22257,37889,37889,38825,14262
5822,0,24417,39124,39124,13224,15092
5823,0,6358,16858,16858,35790,11266
5824,0,9741,20241,20241,36037,16558
5825,0,2438,12938,12938,13656,35119
5826,0,3765,14265,14265,35097,10706
5827,0,6432,16932,16932,37517,14466
5828,0,8643,19143,19143,12926,14006
5829,0,7846,18346,18346,12969,37909
5830,0,23794,35261,35261,17289,10615
5831,0,9665,20165,20165,37084,11563
5832,0,21679,38060,38060,36033,10725
5833,0,6340,16840,16840,13411,35552
5834,0,4821,15321,15321,35102,11658
5835,0,18,10518,10518,36849,13960
5836,0,3560,14060,14060,36147,15076
5837,0,3951,14451,14451,12059,20096
5838,0,49,10549,10549,36603,13802
5839,0,24506,39442,39442,35111,15945
5840,0,887,11387,11387,20259,10749
5841,0,6261,16761,16761,12402,35440
5842,0,7236,17736,17736,18526,36117
5843,0,6989,17489,17489,15556,18521
5844,0,6043,16543,16543,37475,35797
5845,0,8708,19208,19208,37107,38343
5846,0,3168,13668,13668,20854,10946
5847,0,2949,13449,13449,19830,38842
5848,0,1424,11924,11924,35916,17210
5849,0,139,10639,10639,20276,39270
5850,0,10116,20616,20616,37654,18568
5851,0,3197,13697,13697,36488,11031
5852,0,5131,15631,15631,13584,36703
5853,0,112,10612,10612,20101,36794
5854,0,8160,18660,18660,16440,37282
5855,0,25116,37610,37610,15980,13033
5856,0,4559,15059,15059,36071,17281
5857,0,4595,15095,15095,20109,15189
5858,0,4690,15190,15190,11178,15047
5859,0,7951,18451,18451,13791,38153
5860,0,24160,35775,35775,38334,14560
5861,0,3277,13777,13777,18101,12050
5862,0,4068,14568,14568,20667,38934
5863,0,4408,14908,14908,35126,38134
5864,2,21969,35212,19087,18051,35212
5865,0,24627,38689,38689,16446,16517
5866,0,9729,20229,20229,20861,19628
5867,0,451,10951,10951,10884,14854
5868,0,7262,17762,17762,15971,12703
5869,0,3731,14231,14231,10511,16858
5870,0,7256,17756,17756,17262,36183
5871,0,25007,38027,38027,35737,18606
5872,0,4986,15486,15486,37350,13675
5873,0,3663,14163,14163,12408,36745
5874,0,2763,13263,13263,38223,39228
5875,0,8850,19350,19350,15536,19121
5876,1,21803,35614,38519,35614,36301
5877,0,1855,12355,12355,36984,15664
5878,0,999,11499,11499,11971,19561
5879,0,389,10889,10889,38205,36202
5880,0,6426,16926,16926,39017,14154
5881,0,1476,11976,11976,12634,37427
5882,0,2240,12740,12740,38437,11422
5883,0,21163,38488,38488,37240,16020
5884,0,8112,18612,18612,38442,37457
5885,0,992,11492,11492,12874,35379
5886,0,7032,17532,17532,20560,13683
5887,0,4997,15497,15497,38973,36067
5888,0,3922,14422,14422,37213,11864
5889,0,2972,13472,13472,15408,14753
5890,0,6871,17371,17371,16639,15263
5891,0,23234,35888,35888,35964,11525
5892,0,4769,15269,15269,11640,37112
5893,0,1293,11793,11793,19914,16981
5894,0,24861,38646,38646,39290,19974
5895,0,4173,14673,14673,13715,11323
5896,0,2535,13035,13035,17285,18487
5897,0,25032,38299,38299,15044,19312
5898,0,1907,12407,12407,17218,13912
5899,0,23354,37016,37016,37891,18116
5900,0,21011,38841,38841,12322,37830
5901,0,8560,19060,19060,38374,37581
5902,0,6033,16533,16533,12460,10687
5903,450,7619,18119,11110,36329,19059
5904,0,1151,11651,11651,16582,19530
5905,0,1567,12067,12067,13898,19298
5906,1,3171,13671,35157,13671,17597
5907,0,9689,20189,20189,38639,36849
5908,0,7106,17606,17606,35599,20963
5909,0,4160,14660,14660,18730,37112
5910,0,4287,14787,14787,17199,18204
5911,0,2230,12730,12730,19829,11351
5912,0,24809,35692,35692,35358,18975
5913,0,174,10674,10674,39107,35778
5914,0,1903,12403,12403,11017,12753
5915,0,9291,19791,19791,12133,38960
5916,0,8752,19252,19252,35422,36999
5917,0,24918,35588,35588,10749,39507
5918,0,3408,13908,13908,16345,18558
5919,0,1538,12038,12038,38872,17682
5920,0,2292,12792,12792,16239,36909
5921,0,9523,20023,20023,17744,13267
5922,0,1363,11863,11863,37409,35921
5923,0,4357,14857,14857,37484,17736
5924,0,5260,15760,15760,12200,38471
5925,0,24940,35774,35774,11514,12910
5926,0,21218,39102,39102,11984,37903
5927,0,680,11180,11180,16904,12073
5928,0,25038,36427,36427,18089,19775
5929,0,3664,14164,14164,18368,36284
5930,0,1661,12161,12161,20289,36928
5931,0,508,11008,11008,19369,19039
5932,0,166,10666,10666,18104,35342
5933,0,24538,37007,37007,16571,36496
5934,0,9198,19698,19698,39418,20018
5935,0,22861,37095,37095,16951,39502
5936,0,7365,17865,17865,18609,37136
5937,0,1914,12414,12414,19949,19758
5938,0,7263,17763,17763,10782,36539
5939,0,24943,39052,39052,10545,17064
5940,0,23983,39219,39219,14254,38303
5941,0,7361,17861,17861,16727,13801
5942,0,1104,11604,11604,20821,36996
5943,0,22451,36331,36331,37985,36676
5944,0,9944,20444,20444,16298,37798
5945,0,5310,15810,15810,35182,38881
5946,0,23423,35895,35895,18104,35342
5947,0,5754,16254,16254,35634,12765
5948,0,152,10652,10652,39380,15145
5949,0,25447,38951,38951,16736,20910
5950,0,5679,16179,16179,19022,35495
5951,0,23897,38304,38304,14212,17909
5952,0,3551,14051,14051,11096,35516
5953,0,3722,14222,14222,35292,16010
5954,0,23321,35629,35629,15759,20831
5955,0,25156,37411,37411,36701,14067
5956,0,4538,15038,15038,17658,38336
5957,0,25002,36833,36833,20915,13339
5958,0,10014,20514,20514,10766,17067
5959,0,8463,18963,18963,11616,38528
5960,0,1991,12491,12491,18659,12707
5961,0,24292,37808,37808,36444,35484
5962,0,8501,19001,19001,12986,14990
5963,0,5141,15641,15641,37076,19228
5964,0,3811,14311,14311,12130,37724
5965,0,24271,37672,37672,38652,11267
5966,0,3450,13950,13950,12705,20509
5967,0,4591,15091,15091,15277,36683
5968,0,7352,17852,17852,20244,12497
5969,0,205,10705,10705,14849,36907
5970,0,9327,19827,19827,35203,12930
5971,0,6680,17180,17180,13910,16250
5972,0,2749,13249,13249,11223,12138
5973,0,8497,18997,18997,13829,14023
5974,0,1849,12349,12349,16172,12019
5975,0,24777,38201,38201,38769,19762
5976,0,10180,20680,20680,20444,14740
5977,0,3240,13740,13740,38560,13541
5978,0,24858,36479,36479,19053,35864
5979,0,3109,13609,13609,37232,17283
5980,0,10179,20679,20679,39338,36406
5981,0,5934,16434,16434,13068,12097
5982,0,21269,36857,36857,18161,12747
5983,0,5810,16310,16310,14698,12924
5984,0,8575,19075,19075,18837,13478
5985,0,5634,16134,16134,15288,20154
5986,0,4307,14807,14807,12418,39061
5987,0,3156,13656,13656,12938,17162
5988,0,6534,17034,17034,39472,38809
5989,0,21290,38314,38314,39477,10548
5990,0,21599,37628,37628,11008,13080
5991,0,21736,37013,37013,15470,12219
5992,0,8891,19391,19391,11917,18445
5993,0,3832,14332,14332,37044,20433
5994,0,24309,37662,37662,10878,15742
5995,0,4776,15276,15276,10600,11999
5996,0,7997,18497,18497,18402,11004
5997,1,4276,14776,38449,14776,38723
5998,0,21125,39217,39217,38324,39016
5999,0,23232,35229,35229,16814,11722
6000,0,22053,38993,38993,12514,39024
6001,0,278,10778,10778,10942,36818
6002,0,6771,17271,17271,14586,16282
6003,0,7415,17915,17915,14789,18763
6004,0,3252,13752,13752,17920,12794
6005,0,25297,36807,36807,39248,20782
6006,0,24034,38701,38701,11378,15679
6007,0,289,10789,10789,36533,14286
6008,0,3075,13575,13575,12052,18322
6009,0,21345,37486,37486,18097,15699
6010,0,9582,20082,20082,35235,16787
6011,0,21504,35190,35190,13270,12811
6012,0,270,10770,10770,16831,12817
6013,0,4570,15070,15070,39483,15103
6014,0,25176,39246,39246,16439,11239
6015,0,9583,20083,20083,18370,12217
6016,0,6696,17196,17196,16057,11166
6017,0,4316,14816,14816,14651,19535
6018,0,3180,13680,13680,15615,16988
6019,0,1422,11922,11922,11348,15593
6020,0,8275,18775,18775,11056,12055
6021,0,9065,19565,19565,16976,18038
6022,0,23945,36415,36415,36124,19445
6023,0,4557,15057,15057,16837,18732
6024,0,7812,18312,18312,39287,20632
6025,0,6297,16797,16797,37186,16799
6026,0,21681,38300,38300,12336,14310
6027,0,25394,36094,36094,37086,14353
6028,0,24811,39516,39516,12321,15653
6029,0,1132,11632,11632,10565,35924
6030,0,21238,35115,35115,15557,13461
6031,0,6242,16742,16742,12043,35180
6032,0,21786,35952,35952,14354,12058
6033,0,21093,38653,38653,19912,13161
6034,0,7423,17923,17923,35632,12494
6035,0,24008,38381,38381,38158,35180
6036,0,10152,20652,20652,38833,39023
6037,0,25153,35378,35378,13220,19530
6038,0,5520,16020,16020,38488,37240
6039,0,9408,19908,19908,14940,37089
6040,0,21966,37649,37649,37387,12113
6041,0,24801,35816,35816,12207,35707
6042,0,9256,19756,19756,36144,20470
6043,0,3786,14286,14286,16517,16639
6044,0,23980,35734,35734,18980,19995
6045,0,8345,18845,18845,39566,15488
6046,0,2161,12661,12661,16487,38794
6047,0,3008,13508,13508,17817,17495
6048,0,1105,11605,11605,15388,20107
6049,0,24099,35641,35641,35969,17007
6050,0,692,11192,11192,16193,17900
6051,0,23814,36324,36324,17191,36323
6052,0,4956,15456,15456,15634,15910
6053,0,8307,18807,18807,35932,13160
6054,0,4369,14869,14869,17652,16822
6055,0,2765,13265,13265,15587,36802
6056,0,3929,14429,14429,35558,12618
6057,0,21527,36021,36021,11483,15219
6058,0,21564,39501,39501,13571,38720
6059,0,7778,18278,18278,36668,39507
6060,0,22306,39452,39452,17055,36231
6061,0,628,11128,11128,35294,16685
6062,0,2451,12951,12951,13994,19531
6063,0,22446,35286,35286,19962,19054
6064,0,3824,14324,14324,19948,11158
6065,0,21639,38067,38067,38015,37829
6066,0,25005,39534,39534,20938,20095
6067,0,3743,14243,14243,13280,14461
6068,0,2176,12676,12676,35581,18335
6069,0,6689,17189,17189,15588,20884
6070,0,8858,19358,19358,12461,20135
6071,0,3318,13818,13818,17871,14992
6072,0,23701,35459,35459,13541,36118
6073,0,9653,20153,20153,15025,18735
6074,0,7432,17932,17932,16593,19121
6075,0,2787,13287,13287,35210,15689
6076,0,1196,11696,11696,16045,17567
6077,0,1676,12176,12176,37404,39591
6078,0,3947,14447,14447,18264,37501
6079,0,7618,18118,18118,19639,35742
6080,0,4444,14944,14944,20560,13991
6081,0,5722,16222,16222,20910,16729
6082,0,23185,36265,36265,38505,36029
6083,0,24828,37306,37306,18474,12074
6084,0,2369,12869,12869,20170,15552
6085,0,4967,15467,15467,17234,35986
6086,0,2217,12717,12717,10753,39251
6087,0,8148,18648,18648,37773,16598
6088,0,10410,20910,20910,18401,16729
6089,0,3326,13826,13826,35457,14432
6090,0,21809,35709,35709,35766,35197
6091,0,3583,14083,14083,13675,37350
6092,0,24410,39261,39261,19247,13211
6093,0,24544,39332,39332,16791,19666
6094,0,3619,14119,14119,16168,18788
6095,0,6217,16717,16717,13727,19772
6096,0,2468,12968,12968,20027,14039
6097,0,8277,18777,18777,38756,39441
6098,0,23413,37283,37283,13328,19369
6099,0,5973,16473,16473,14770,11404
6100,0,3667,14167,14167,19726,12019
6101,0,5158,15658,15658,36029,38191
6102,0,7594,18094,18094,18074,12572
6103,0,6976,17476,17476,17482,20948
6104,0,10211,20711,20711,13146,15574
6105,5,3423,13923,35776,16356,17399
6106,0,8199,18699,18699,18441,37976
6107,4,2409,12909,18749,14523,37333
6108,0,3212,13712,13712,16295,11159
6109,0,24768,38965,38965,18607,38028
6110,0,5366,15866,15866,36434,19970
6111,0,21181,35735,35735,14356,19466
6112,0,6593,17093,17093,37446,16728
6113,0,2895,13395,13395,14835,17915
6114,0,21159,37720,37720,19242,16009
6115,0,23726,38419,38419,19211,14303
6116,0,3642,14142,14142,20577,10789
6117,0,21186,35696,35696,12439,10862
6118,0,24110,35625,35625,39433,18204
6119,0,23316,37170,37170,13662,16261
6120,0,9475,19975,19975,35486,17042
6121,0,10193,20693,20693,36229,16134
6122,0,24281,37513,37513,11711,38027
6123,0,9061,19561,19561,19304,11971
6124,0,23340,39128,39128,10829,12384
6125,0,21484,38047,38047,19544,18486
6126,0,8548,19048,19048,37173,10740
6127,0,22579,39459,39459,16818,36240
6128,1,5451,15951,16682,15951,16825
6129,0,7160,17660,17660,39439,19311
6130,0,7866,18366,18366,19182,10844
6131,0,2743,13243,13243,36057,36978
6132,0,25203,39488,39488,37519,20674
6133,0,10082,20582,20582,39396,15022
6134,0,9797,20297,20297,19783,11453
6135,0,4958,15458,15458,37804,37707
6136,0,23389,37724,37724,38780,11083
6137,0,24698,35166,35166,20707,11020
6138,0,6474,16974,16974,18382,12409
6139,0,7888,18388,18388,16640,13976
6140,0,8811,19311,19311,12175,12043
6141,0,492,10992,10992,38360,36263
6142,0,1116,11616,11616,18777,18676
6143,0,5637,16137,16137,11593,37881
6144,0,25280,37769,37769,18474,39445
6145,0,21546,39402,39402,15327,35720
6146,0,24812,35686,35686,15507,38769
6147,0,21090,38171,38171,13189,35796
6148,0,24385,37508,37508,13547,16486
6149,0,6589,17089,17089,37099,38931
6150,0,24356,38208,38208,11767,17461
6151,0,7557,18057,18057,38657,15667
6152,0,21211,36581,36581,38239,12570
6153,0,5241,15741,15741,36149,36148
6154,0,23181,38466,38466,13655,20189
6155,0,2783,13283,13283,11668,20980
6156,0,24371,35611,35611,39489,13202
6157,0,1696,12196,12196,18702,15832
6158,0,5685,16185,16185,15812,12582
6159,0,2295,12795,12795,12103,37597
6160,0,5939,16439,16439,39246,39042
6161,0,7763,18263,18263,19618,20134
6162,0,10244,20744,20744,13385,14336
6163,0,9968,20468,20468,39206,16277
6164,0,3313,13813,13813,35807,18169
6165,0,4781,15281,15281,37026,13964
6166,0,8350,18850,18850,10516,37984
6167,0,22941,35747,35747,36570,15069
6168,0,9784,20284,20284,18271,17255
6169,0,9915,20415,20415,11513,14705
6170,0,7605,18105,18105,20335,20851
6171,0,215,10715,10715,15028,17232
6172,0,6707,17207,17207,16092,13396
6173,0,22558,36937,36937,35689,14130
6174,0,8682,19182,19182,18332,35771
6175,0,24375,38302,38302,17238,35897
6176,0,3483,13983,13983,19721,17464
6177,0,7006,17506,17506,15488,12088
6178,0,5102,15602,15602,15999,20082
6179,0,6599,17099,17099,16663,19064
6180,0,3764,14264,14264,17170,38050
6181,0,22934,36477,36477,35347,20852
6182,0,6410,16910,16910,12854,18131
6183,0,23251,35937,35937,37492,19794
6184,0,25,10525,10525,18091,14154
6185,0,24305,35195,35195,14249,14154
6186,0,7659,18159,18159,37619,19945
6187,0,21556,37671,37671,20949,20944
6188,0,9744,20244,20244,38486,11577
6189,0,24585,38406,38406,11929,20321
6190,0,22367,37522,37522,35180,36152
6191,0,6683,17183,17183,39589,10964
6192,0,9171,19671,19671,37467,37516
6193,0,10039,20539,20539,13231,38264
6194,0,21274,38869,38869,35531,14993
6195,0,8584,19084,19084,37515,39154
6196,0,22074,36159,36159,14100,39451
6197,0,22153,37482,37482,10798,12623
6198,0,21726,36085,36085,13719,12390
6199,0,21987,39072,39072,14404,38266
6200,0,23405,37002,37002,18563,38160
6201,0,1102,11602,11602,35533,15896
6202,0,3276,13776,13776,11889,11219
6203,0,5345,15845,15845,38066,11799
6204,0,25334,38216,38216,18064,18204
6205,0,21945,37795,37795,35383,13024
6206,0,8386,18886,18886,36231,13039
6207,0,8835,19335,19335,17115,13637
6208,0,22332,35464,35464,10842,20076
6209,0,23681,39582,39582,16093,37920
6210,0,2207,12707,12707,13850,18234
6211,0,4552,15052,15052,19924,11715
6212,0,4402,14902,14902,14174,13438
6213,0,7395,17895,17895,14681,10553
6214,0,3718,14218,14218,16740,38648
6215,0,972,11472,11472,14433,36444
6216,0,4579,15079,15079,37412,18184
6217,0,6516,17016,17016,20010,15747
6218,0,719,11219,11219,11889,17496
6219,0,6155,16655,16655,11155,38461
6220,0,25473,38755,38755,36425,12832
6221,0,2803,13303,13303,13203,35318
6222,0,2566,13066,13066,10608,37382
6223,0,4025,14525,14525,14086,10963
6224,0,6198,16698,16698,36115,36694
6225,0,8224,18724,18724,38247,11746
6226,0,23307,37848,37848,12422,36711
6227,0,4063,14563,14563,14663,39377
6228,0,9889,20389,20389,12564,11794
6229,0,2792,13292,13292,10872,19259
6230,0,2222,12722,12722,14310,36651
6231,3,5818,16318,12662,38429,10962
6232,0,3866,14366,14366,38367,13241
6233,0,24120,35427,35427,12649,37884
6234,0,23588,37970,37970,36257,18531
6235,0,23312,38235,38235,18000,20419
6236,1,23483,35981,10884,35981,20767
6237,0,3227,13727,13727,16717,19772
6238,0,4214,14714,14714,19942,12700
6239,1,3923,14423,11457,14423,19896
6240,0,10469,20969,20969,15140,12499
6241,0,21396,35771,35771,15245,18210
6242,256,1401,11901,19238,17527,14883
6243,0,8931,19431,19431,16562,20522
6244,0,7703,18203,18203,37740,38326
6245,0,4979,15479,15479,39207,14011
6246,0,3253,13753,13753,19514,13463
6247,0,21625,39158,39158,18260,20175
6248,0,2661,13161,13161,20280,11051
6249,0,2158,12658,12658,15259,38732
6250,0,8578,19078,19078,35511,19212
6251,0,8088,18588,18588,36831,11563
6252,0,674,11174,11174,19056,37400
6253,0,22750,35986,35986,19995,35431
6254,0,7011,17511,17511,35379,37074
6255,0,24610,35591,35591,12262,18422
6256,3,10197,20697,16484,37193,37150
6257,0,3841,14341,14341,15765,35789
6258,0,1815,12315,12315,14037,37857
6259,0,23744,38743,38743,17555,20675
6260,0,21299,39354,39354,10576,39042
6261,0,2100,12600,12600,38408,35194
6262,0,21258,37816,37816,37760,14687
6263,1,6708,17208,18166,17208,38269
6264,0,1673,12173,12173,16892,13608
6265,0,10293,20793,20793,15237,35208
6266,0,4213,14713,14713,13776,17970
6267,0,22441,35886,35886,20074,38812
6268,0,22402,35486,35486,19975,17042
6269,0,1548,12048,12048,37438,20099
6270,0,24250,37078,37078,38396,35683
6271,0,8547,19047,19047,11966,17495
6272,0,5184,15684,15684,13280,10962
6273,0,1461,11961,11961,35833,38078
6274,0,24639,38681,38681,20139,14588
6275,0,3220,13720,13720,13528,19369
6276,0,22288,37239,37239,20148,12361
6277,0,23528,38341,38341,18537,37619
6278,0,7170,17670,17670,18538,37142
6279,0,7430,17930,17930,17519,36499
6280,0,22361,38905,38905,36146,19927
6281,0,1751,12251,12251,10736,35634
6282,0,3976,14476,14476,36029,38615
6283,0,8353,18853,18853,15798,15731
6284,0,1772,12272,12272,38270,15341
6285,0,9388,19888,19888,39561,20752
6286,0,10070,20570,20570,20380,37036
6287,0,2016,12516,12516,39186,16264
6288,0,2005,12505,12505,15219,10652
6289,0,3893,14393,14393,38995,19289
6290,0,3237,13737,13737,20688,38225
6291,0,4424,14924,14924,10558,12408
6292,0,10270,20770,20770,11774,19470
6293,0,8588,19088,19088,12267,36832
6294,0,2257,12757,12757,38952,18983
6295,0,4072,14572,14572,20006,13529
6296,1,5574,16074,14232,16074,12287
6297,0,9083,19583,19583,12312,37309
6298,0,22395,38862,38862,20801,12314
6299,0,5355,15855,15855,11840,12323
6300,0,8418,18918,18918,15308,18215
6301,0,6093,16593,16593,20537,36601
6302,0,7935,18435,18435,11577,16392
6303,0,21485,36730,36730,17170,14787
6304,0,1519,12019,12019,39105,11438
6305,0,24353,36841,36841,19914,36933
6306,0,1378,11878,11878,15626,38202
6307,0,5672,16172,16172,12349,20276
6308,0,9215,19715,19715,11225,19653
6309,0,2587,13087,13087,15469,19146
6310,0,22915,39244,39244,38889,15977
6311,0,5621,16121,16121,18116,16305
6312,0,21976,36417,36417,15430,12621
6313,0,23541,36935,36935,12384,12693
6314,0,5842,16342,16342,38026,11330
6315,0,7122,17622,17622,11165,13258
6316,0,5832,16332,16332,35807,35230
6317,0,9821,20321,20321,11929,38406
6318,0,4888,15388,15388,11605,38475
6319,0,5904,16404,16404,36421,15145
6320,0,522,11022,11022,38253,20070
6321,0,8043,18543,18543,38842,35670
6322,0,3607,14107,14107,37454,18651
6323,2,9120,19620,18391,12783,19620
6324,0,234,10734,10734,14336,12720
6325,0,3796,14296,14296,15788,14096
6326,0,6318,16818,16818,36319,11936
6327,0,7094,17594,17594,13873,11355
6328,0,10202,20702,20702,36097,36488
6329,0,1948,12448,12448,11945,38781
6330,0,6361,16861,16861,18163,38019
6331,0,22562,38702,38702,12253,12475
6332,0,25395,36353,36353,37479,14665
6333,0,6091,16591,16591,11072,16800
6334,0,23798,38231,38231,12014,15672
6335,0,2224,12724,12724,16507,12249
6336,0,9298,19798,19798,18332,18366
6337,0,24595,38167,38167,17313,15432
6338,0,9010,19510,19510,20196,11733
6339,0,5571,16071,16071,18279,19594
6340,0,4523,15023,15023,38962,39565
6341,0,5793,16293,16293,12199,17427
6342,0,25217,38999,38999,17547,11270
6343,0,5738,16238,16238,16077,12811
6344,0,2624,13124,13124,13692,16210
6345,0,4728,15228,15228,19074,13813
6346,0,7818,18318,18318,12177,17117
6347,0,8859,19359,19359,13052,13213
6348,0,23901,39470,39470,38879,16029
6349,0,23759,38278,38278,20883,17735
6350,0,9080,19580,19580,14405,37600
6351,0,25251,35736,35736,17234,16143
6352,0,2437,12937,12937,12347,13013
6353,0,6056,16556,16556,38168,11499
6354,0,9009,19509,19509,11773,37297
6355,0,6352,16852,16852,16440,11794
6356,0,22786,35127,35127,36777,35965
6357,1,3167,13667,38648,13667,14218
6358,0,1809,12309,12309,11051,18839
6359,0,22946,36725,36725,36910,39472
6360,0,7161,17661,17661,13241,14366
6361,0,9456,19956,19956,15395,15908
6362,0,5086,15586,15586,10852,11787
6363,0,24492,36668,36668,18278,36599
6364,0,7016,17516,17516,37257,39216
6365,0,23110,36268,36268,20137,11530
6366,0,4945,15445,15445,15924,17847
6367,0,6046,16546,16546,35459,16664
6368,0,24354,39033,39033,12019,12163
6369,0,23832,38493,38493,37275,38388
6370,0,6919,17419,17419,37537,36274
6371,0,5590,16090,16090,13061,11860
6372,11,7226,17726,39391,39585,20592
6373,0,1228,11728,11728,16103,11787
6374,0,23652,38180,38180,16718,12528
6375,0,6846,17346,17346,17753,17372
6376,0,8244,18744,18744,11252,12635
6377,0,25406,39286,39286,39219,17710
6378,0,6555,17055,17055,11405,35770
6379,0,159,10659,10659,36139,15430
6380,0,8851,19351,19351,39577,39450
6381,0,9779,20279,20279,17234,16143
6382,0,1589,12089,12089,36174,18899
6383,0,24997,39358,39358,37076,20187
6384,0,25328,38830,38830,20021,35323
6385,0,24125,38807,38807,39307,38165
6386,1,21061,38601,15878,38601,15991
6387,0,6687,17187,17187,37632,17555
6388,0,21120,38616,38616,14595,14990
6389,0,22202,35864,35864,19053,36479
6390,1,25001,35170,18828,35170,18928
6391,0,24413,36462,36462,35268,11044
6392,0,7480,17980,17980,17067,20514
6393,0,23034,38496,38496,16703,16195
6394,0,1556,12056,12056,36795,19428
6395,0,2828,13328,13328,17801,13528
6396,0,436,10936,10936,39140,12264
6397,0,5789,16289,16289,36293,19213
6398,0,21693,36818,36818,10695,13723
6399,0,1588,12088,12088,37913,15488
6400,0,7398,17898,17898,19395,38009
6401,3,2780,13280,14461,16319,35162
6402,0,21045,38072,38072,18876,12474
6403,0,9242,19742,19742,20168,17162
6404,0,5686,16186,16186,14973,36117
6405,0,3965,14465,14465,17505,14987
6406,0,4727,15227,15227,11811,13930
6407,0,9165,19665,19665,17881,20039
6408,0,1238,11738,11738,39577,39569
6409,0,2951,13451,13451,35329,15201
6410,1,24876,35128,18239,35128,17009
6411,0,21491,35522,35522,20856,17838
6412,0,23497,37322,37322,15424,19829
6413,0,23697,38403,38403,14858,38693
6414,0,1497,11997,11997,19995,10732
6415,0,6465,16965,16965,13091,14590
6416,0,7355,17855,17855,12659,36799
6417,0,7823,18323,18323,39250,20788
6418,0,7547,18047,18047,17051,37398
6419,0,7913,18413,18413,13230,38969
6420,0,24242,35208,35208,13016,20793
6421,0,23698,37435,37435,10606,38530
6422,0,5185,15685,15685,39204,17139
6423,0,5647,16147,16147,12110,20553
6424,0,23444,38694,38694,19836,18970
6425,0,5242,15742,15742,37662,35625
6426,0,2130,12630,12630,11744,14511
6427,0,2092,12592,12592,36792,12052
6428,0,5409,15909,15909,37209,11769
6429,0,10207,20707,20707,35166,37792
6430,0,187,10687,10687,37953,35371
6431,3,22121,35810,12703,20316,20140
6432,0,7938,18438,18438,19524,17919
6433,0,3655,14155,14155,18452,14396
6434,0,3426,13926,13926,14732,20447
6435,0,25226,36561,36561,13420,15304
6436,0,1381,11881,11881,18712,37533
6437,0,22763,36287,36287,20429,16362
6438,0,8605,19105,19105,12211,19015
6439,0,7427,17927,17927,15847,11790
6440,0,5037,15537,15537,15714,20652
6441,0,4897,15397,15397,12570,14134
6442,0,3175,13675,13675,15486,14652
6443,0,22907,37722,37722,11397,37723
6444,0,22410,36540,36540,16488,35643
6445,0,8448,18948,18948,19499,15132
6446,0,23228,39445,39445,15679,16145
6447,0,22438,39023,39023,20652,39083
6448,0,2235,12735,12735,11119,19155
6449,0,8068,18568,18568,20616,37654
6450,0,9959,20459,20459,11835,36743
6451,0,4236,14736,14736,35312,11999
6452,0,21254,38860,38860,17381,12802
6453,0,25400,38506,38506,17949,38017
6454,0,9764,20264,20264,35456,37975
6455,0,24,10524,10524,14201,36400
6456,1,3363,13863,11387,13863,10901
6457,0,1088,11588,11588,36015,16817
6458,0,21403,35480,35480,14896,38790
6459,0,8733,19233,19233,13344,20276
6460,0,22647,38334,38334,36143,11943
6461,0,2841,13341,13341,13796,14461
6462,0,23466,35097,35097,14265,10706
6463,0,7537,18037,18037,20367,17304
6464,0,7470,17970,17970,11889,13776
6465,0,25196,39455,39455,17799,37878
6466,0,4152,14652,14652,13675,39028
6467,0,9501,20001,20001,37383,36933
6468,1,695,11195,37925,11195,13247
6469,0,24654,38370,38370,11088,17527
6470,0,6337,16837,16837,37869,35180
6471,0,1227,11727,11727,38183,16103
6472,0,1999,12499,12499,20969,16906
6473,0,276,10776,10776,38860,15951
6474,0,24122,35978,35978,17052,14270
6475,0,5929,16429,16429,16110,36169
6476,0,2953,13453,13453,15715,17659
6477,0,3637,14137,14137,36988,17116
6478,0,3906,14406,14406,19283,19611
6479,0,4778,15278,15278,13283,17779
6480,0,5845,16345,16345,11700,13908
6481,0,24695,39140,39140,10936,37629
6482,0,4117,14617,14617,37720,19587
6483,0,21272,35939,35939,37813,17253
6484,0,1137,11637,11637,10981,10912
6485,0,2767,13267,13267,15077,10698
6486,0,8182,18682,18682,37498,12744
6487,0,22242,36842,36842,11161,14056
6488,0,25252,36473,36473,39277,36170
6489,0,7661,18161,18161,19654,19696
6490,0,9134,19634,19634,15608,35810
6491,0,25278,35728,35728,15617,17068
6492,0,2490,12990,12990,18095,19709
6493,0,21119,39118,39118,20625,18552
6494,0,7742,18242,18242,20671,17355
6495,0,3935,14435,14435,36560,12392
6496,0,2384,12884,12884,20741,16238
6497,0,8016,18516,18516,37993,13540
6498,0,7084,17584,17584,19221,13571
6499,0,115,10615,10615,36965,12400
6500,0,1863,12363,12363,18851,20939
6501,0,23514,35344,35344,20970,38255
6502,0,3119,13619,13619,14863,39486
6503,0,4258,14758,14758,12164,12544
6504,0,22021,38447,38447,20650,19574
6505,0,24589,37280,37280,37533,15788
6506,0,2819,13319,13319,39571,10933
6507,0,22233,36012,36012,36977,17797
6508,0,25398,35836,35836,13465,18148
6509,0,23843,38232,38232,17056,15611
6510,0,4699,15199,15199,19290,13504
6511,0,3802,14302,14302,36367,11226
6512,0,6068,16568,16568,11417,13314
6513,0,3536,14036,14036,15962,36208
6514,0,3825,14325,14325,16519,35928
6515,0,6642,17142,17142,15170,35235
6516,0,21793,37562,37562,13226,16564
6517,0,1946,12446,12446,36815,35149
6518,0,24708,37690,37690,15738,39549
6519,0,22894,36023,36023,11162,13197
6520,0,24798,37090,37090,18350,16025
6521,0,9802,20302,20302,11794,15963
6522,0,7269,17769,17769,17686,15661
6523,0,21978,36280,36280,16381,18664
6524,0,7929,18429,18429,20923,12352
6525,5,7166,17666,36694,37590,18406
6526,0,6963,17463,17463,12035,20661
6527,0,5867,16367,16367,16629,11418
6528,0,23501,35453,35453,12796,35372
6529,0,4761,15261,15261,16200,39379
6530,0,10386,20886,20886,19245,13627
6531,0,882,11382,11382,12671,11709
6532,0,557,11057,11057,20548,16730
6533,0,21914,36747,36747,36234,18266
6534,0,1207,11707,11707,35296,14835
6535,0,22229,37984,37984,13602,18850
6536,0,7684,18184,18184,37850,37412
6537,0,21719,36170,36170,36473,35285
6538,0,9702,20202,20202,36335,15249
6539,0,6538,17038,17038,19562,17552
6540,0,10485,20985,20985,38768,15555
6541,0,3211,13711,13711,18031,16374
6542,0,3630,14130,14130,11282,12193
6543,0,1708,12208,12208,17760,35294
6544,0,21859,36958,36958,37351,12963
6545,0,8458,18958,18958,16015,17248
6546,0,1140,11640,11640,12043,17468
6547,0,3162,13662,13662,14328,20911
6548,0,6207,16707,16707,19706,20880
6549,0,21523,37213,37213,14422,11864
6550,0,3730,14230,14230,10622,17483
6551,0,10101,20601,20601,18005,19151
6552,0,21903,36168,36168,20108,39095
6553,0,2660,13160,13160,38023,18385
6554,0,8848,19348,19348,14761,38365
6555,0,1307,11807,11807,16276,36020
6556,0,2567,13067,13067,13730,37706
6557,0,9190,19690,19690,36809,16856
6558,0,2834,13334,13334,20847,14843
6559,0,25152,38952,38952,12757,18600
6560,0,9429,19929,19929,16757,12522
6561,0,2151,12651,12651,15219,15045
6562,0,25009,36277,36277,15031,36618
6563,0,3835,14335,14335,12430,16622
6564,0,24503,39136,39136,12055,17499
6565,0,25181,36072,36072,36071,16561
6566,0,23806,36905,36905,38458,10843
6567,0,10378,20878,20878,14732,13926
6568,0,9326,19826,19826,11832,13005
6569,0,5004,15504,15504,35596,16121
6570,0,6626,17126,17126,15277,38315
6571,0,9495,19995,19995,11338,39204
6572,0,1627,12127,12127,13073,12653
6573,0,24668,39079,39079,37942,15470
6574,0,9714,20214,20214,18054,12390
6575,0,23801,39307,39307,35187,37478
6576,0,358,10858,10858,19270,11260
6577,0,138,10638,10638,20259,11387
6578,0,8491,18991,18991,20303,13778
6579,0,9748,20248,20248,14211,18506
6580,0,382,10882,10882,18333,11680
6581,0,24334,39587,39587,37859,36834
6582,0,4857,15357,15357,17968,11044
6583,0,24114,38544,38544,17524,19974
6584,0,1439,11939,11939,14727,12673
6585,0,9569,20069,20069,39175,15463
6586,0,946,11446,11446,12115,35112
6587,0,21381,37014,37014,38489,13881
6588,0,5498,15998,15998,18173,36362
6589,0,4916,15416,15416,14432,20572
6590,0,8556,19056,19056,11252,10800
6591,0,23382,35507,35507,38225,20688
6592,0,1932,12432,12432,16067,19541
6593,0,2352,12852,12852,12466,15532
6594,0,3236,13736,13736,16235,20600
6595,0,9493,19993,19993,39519,39397
6596,0,21260,37330,37330,16837,36822
6597,0,3807,14307,14307,10990,18665
6598,0,23020,38405,38405,13865,18878
6599,0,1936,12436,12436,36942,36653
6600,0,22292,39323,39323,18230,16870
6601,0,4154,14654,14654,35988,14560
6602,0,8988,19488,19488,20252,14748
6603,0,2416,12916,12916,36777,16122
6604,0,22830,36054,36054,13441,37975
6605,0,6139,16639,16639,12545,15263
6606,0,785,11285,11285,17664,35235
6607,0,6789,17289,17289,35261,13171
6608,0,8036,18536,18536,16015,16168
6609,0,8315,18815,18815,35296,19414
6610,0,23017,38797,38797,36037,37590
6611,1,5668,16168,18788,16168,16015
6612,0,2172,12672,12672,16242,12393
6613,0,2169,12669,12669,19583,15781
6614,0,6628,17128,17128,14762,11802
6615,0,4009,14509,14509,39421,19163
6616,0,4340,14840,14840,14810,36840
6617,0,910,11410,11410,19627,10512
6618,0,6268,16768,16768,37929,15552
6619,0,2309,12809,12809,35343,19525
6620,0,10033,20533,20533,18322,35226
6621,0,9449,19949,19949,35177,14378
6622,0,6591,17091,17091,15854,17481
6623,0,4458,14958,14958,16318,17362
6624,0,7597,18097,18097,37486,11594
6625,0,9370,19870,19870,16255,11757
6626,0,24781,36106,36106,19685,37896
6627,0,22556,38602,38602,16969,12666
6628,0,4652,15152,15152,15840,16465
6629,0,6218,16718,16718,16953,15098
6630,0,442,10942,10942,10778,36818
6631,0,3415,13915,13915,36971,39167
6632,0,9591,20091,20091,11386,19252
6633,0,23117,37711,37711,20596,36895
6634,0,24992,36071,36071,16084,38583
6635,0,9649,20149,20149,17305,13469
6636,0,22566,38937,38937,38964,37440
6637,0,5744,16244,16244,18915,12954
6638,0,1054,11554,11554,19498,16461
6639,0,22268,37678,37678,37328,19876
6640,0,3699,14199,14199,13159,37470
6641,0,929,11429,11429,12043,20276
6642,0,6468,16968,16968,16253,11528
6643,0,8767,19267,19267,36359,15846
6644,0,1829,12329,12329,38674,13761
6645,0,25266,38351,38351,35218,12360
6646,0,23428,36177,36177,36600,36674
6647,0,21077,36786,36786,11459,36625
6648,0,2011,12511,12511,37312,37307
6649,1,913,11413,19248,11413,17282
6650,0,7611,18111,18111,17779,18831
6651,0,22792,36928,36928,36420,17053
6652,0,25055,36132,36132,12666,36391
6653,0,2606,13106,13106,15899,19582
6654,0,4928,15428,15428,36274,38019
6655,0,9783,20283,20283,35365,12279
6656,0,6564,17064,17064,39052,12855
6657,0,23972,36789,36789,37675,16257
6658,0,6,10506,10506,18504,17449
6659,0,7835,18335,18335,35407,17100
6660,0,6583,17083,17083,38144,13216
6661,3,3361,13861,36978,19763,16039
6662,0,10135,20635,20635,17641,15536
6663,0,23119,36272,36272,20903,11661
6664,0,1635,12135,12135,19886,18101
6665,0,1141,11641,11641,39467,13683
6666,0,21822,37685,37685,18044,39447
6667,0,359,10859,10859,36929,14103
6668,0,2070,12570,12570,36581,16995
6669,0,3134,13634,13634,18665,10990
6670,0,5160,15660,15660,39188,18653
6671,0,6990,17490,17490,38799,11037
6672,0,3243,13743,13743,19377,17262
6673,0,2242,12742,12742,12608,14424
6674,0,1474,11974,11974,10665,16006
6675,0,22166,37472,37472,13567,17769
6676,0,10081,20581,20581,18628,15551
6677,0,3259,13759,13759,11158,19948
6678,0,10213,20713,20713,11799,15845
6679,0,4020,14520,14520,12068,15896
6680,0,24591,37847,37847,12996,36463
6681,0,8566,19066,19066,19972,13342
6682,0,3500,14000,14000,35610,38415
6683,0,2658,13158,13158,18367,14999
6684,0,24525,37264,37264,35664,38866
6685,0,1130,11630,11630,36538,38415
6686,0,23613,38380,38380,38825,37588
6687,0,1819,12319,12319,18483,36177
6688,0,7461,17961,17961,16326,12190
6689,0,24152,36342,36342,14052,38191
6690,0,22212,36302,36302,12760,11890
6691,0,23536,36825,36825,16185,16143
6692,0,7064,17564,17564,35553,37376
6693,0,4318,14818,14818,13103,16152
6694,0,9342,19842,19842,19278,37619
6695,0,4669,15169,15169,14057,38310
6696,0,9428,19928,19928,17979,20057
6697,0,5476,15976,15976,20283,17785
6698,0,25404,39350,39350,12309,37138
6699,0,24496,37755,37755,17099,16858
6700,0,1856,12356,12356,17288,35683
6701,0,2282,12782,12782,13058,39167
6702,0,21776,38753,38753,13512,14612
6703,0,4008,14508,14508,12043,10834
6704,0,6401,16901,16901,12338,12278
6705,0,21634,39485,39485,36360,14994
6706,0,22657,39346,39346,36076,36752
6707,0,386,10886,10886,37080,12861
6708,0,1628,12128,12128,35957,16218
6709,0,21519,35500,35500,39117,11289
6710,0,22572,36055,36055,11600,10959
6711,0,24634,37224,37224,37269,20357
6712,0,21175,38588,38588,16826,13980
6713,0,7718,18218,18218,19206,38010
6714,0,24497,36099,36099,15835,38667
6715,3,21060,39548,16602,17259,11627
6716,0,9101,19601,19601,18635,13837
6717,0,21730,37894,37894,12228,15126
6718,0,10058,20558,20558,14925,13123
6719,0,1842,12342,12342,35323,20021
6720,0,2497,12997,12997,39222,20960
6721,0,201,10701,10701,13599,38249
6722,0,24083,36626,36626,16083,20158
6723,0,3868,14368,14368,14279,12797
6724,0,5054,15554,15554,17085,16538
6725,0,5889,16389,16389,38993,38454
6726,1,2702,13202,37808,13202,38445
6727,0,7922,18422,18422,35591,15917
6728,0,331,10831,10831,16365,15187
6729,0,3808,14308,14308,39242,15480
6730,0,935,11435,11435,20661,35135
6731,0,24370,35245,35245,15067,15174
6732,0,1774,12274,12274,11792,18018
6733,0,25242,38254,38254,20711,20762
6734,0,8611,19111,19111,36020,17280
6735,0,24601,35472,35472,20276,18469
6736,0,24553,38321,38321,12806,35431
6737,0,989,11489,11489,37901,38356
6738,0,5443,15943,15943,16382,14894
6739,0,21289,37088,37088,15619,20016
6740,0,6993,17493,17493,35333,18570
6741,0,21981,38335,38335,15736,17686
6742,0,5806,16306,16306,20221,13213
6743,0,24682,37704,37704,19508,38522
6744,0,21379,37652,37652,38967,20228
6745,0,6574,17074,17074,20694,12562
6746,0,3052,13552,13552,39239,39057
6747,0,23270,37555,37555,11354,37554
6748,0,8365,18865,18865,12029,13060
6749,0,4615,15115,15115,13737,36144
6750,0,3321,13821,13821,16209,16598
6751,0,24631,39216,39216,36571,19654
6752,0,6246,16746,16746,11860,37917
6753,0,6048,16548,16548,10828,10986
6754,0,3311,13811,13811,20149,15349
6755,0,24436,37323,37323,10628,16318
6756,0,25295,36376,36376,14835,35296
6757,0,25300,38670,38670,17141,14553
6758,0,22892,35790,35790,35180,12661
6759,0,8210,18710,18710,15541,15759
6760,0,3628,14128,14128,19888,14812
6761,0,25102,37892,37892,35466,16182
6762,0,10366,20866,20866,19369,13562
6763,0,1356,11856,11856,36826,17272
6764,0,5002,15502,15502,37967,18456
6765,0,23348,36228,36228,36964,12779
6766,0,5823,16323,16323,12193,17573
6767,0,23172,38854,38854,20837,16416
6768,0,5670,16170,16170,18353,13997
6769,0,3112,13612,13612,16039,36057
6770,0,182,10682,10682,15991,35884
6771,3,24473,37886,13926,20447,10654
6772,0,10004,20504,20504,20036,38179
6773,0,855,11355,11355,17594,17414
6774,0,21339,37231,37231,19975,13045
6775,0,4912,15412,15412,18522,15767
6776,0,24959,37403,37403,16253,18179
6777,0,1800,12300,12300,12200,13150
6778,0,24416,38486,38486,19974,20244
6779,0,24211,35215,35215,36585,14638
6780,0,5482,15982,15982,19061,14704
6781,0,22788,37086,37086,36094,13726
6782,0,1968,12468,12468,14473,37421
6783,0,25105,37077,37077,37237,36057
6784,0,24123,36797,36797,36555,13370
6785,0,4697,15197,15197,13202,13787
6786,0,4987,15487,15487,20612,19780
6787,0,4650,15150,15150,17573,16323
6788,0,1159,11659,11659,15117,16204
6789,0,9405,19905,19905,19142,36515
6790,0,24052,36191,36191,19466,16285
6791,0,1325,11825,11825,18467,37421
6792,0,10288,20788,20788,18881,15781
6793,0,21678,37745,37745,11207,15145
6794,0,4796,15296,15296,19662,38970
6795,0,6796,17296,17296,37770,14547
6796,0,5808,16308,16308,12043,38844
6797,0,21246,39399,39399,15131,20269
6798,0,1455,11955,11955,13610,12675
6799,0,5410,15910,15910,37118,18385
6800,0,8333,18833,18833,12528,15864
6801,0,2800,13300,13300,18332,39293
6802,0,9836,20336,20336,15811,38350
6803,0,10332,20832,20832,15192,36526
6804,0,7616,18116,18116,13442,17683
6805,0,23279,38024,38024,19916,13662
6806,0,7815,18315,18315,20624,15431
6807,0,4378,14878,14878,12894,12604
6808,0,8921,19421,19421,19923,37515
6809,0,21449,36504,36504,37636,35535
6810,0,6716,17216,17216,12058,35771
6811,0,10128,20628,20628,13013,17031
6812,0,3736,14236,14236,36180,17239
6813,0,2261,12761,12761,12399,20910
6814,0,7429,17929,17929,14060,14704
6815,0,4005,14505,14505,11292,36558
6816,0,9302,19802,19802,35747,36570
6817,0,22814,38088,38088,13247,16218
6818,0,21155,35784,35784,37741,13220
6819,0,2394,12894,12894,14878,39235
6820,0,1185,11685,11685,16727,39064
6821,0,2007,12507,12507,18916,12526
6822,0,193,10693,10693,38602,20114
6823,0,21549,37956,37956,12647,16374
6824,0,8770,19270,19270,37503,10858
6825,0,5525,16025,16025,12482,16579
6826,0,771,11271,11271,20949,18569
6827,0,22593,35181,35181,16719,14499
6828,0,1478,11978,11978,19515,20667
6829,0,1846,12346,12346,15424,10704
6830,0,3740,14240,14240,35809,39502
6831,0,22903,37203,37203,17829,37609
6832,0,7986,18486,18486,19544,38047
6833,0,405,10905,10905,11854,19004
6834,0,21483,38904,38904,36154,10936
6835,0,10265,20765,20765,17354,38431
6836,0,10088,20588,20588,14033,14849
6837,0,25193,37418,37418,16445,38485
6838,0,6317,16817,16817,12026,36015
6839,0,6581,17081,17081,20717,15738
6840,0,24617,35165,35165,17666,14797
6841,0,1447,11947,11947,36922,37866
6842,0,342,10842,10842,35464,38121
6843,0,7468,17968,17968,15357,14106
6844,0,21944,38644,38644,35113,36748
6845,0,24562,35313,35313,38845,19908
6846,0,727,11227,11227,11857,17386
6847,0,4577,15077,15077,13889,18031
6848,0,9168,19668,19668,10545,39052
6849,0,9250,19750,19750,13285,19031
6850,0,3516,14016,14016,19591,16683
6851,0,24333,37936,37936,10698,17236
6852,0,22997,36681,36681,35807,11392
6853,0,7156,17656,17656,11829,19679
6854,0,7851,18351,18351,15609,13196
6855,0,10178,20678,20678,14011,39270
6856,0,9491,19991,19991,16317,16824
6857,0,1348,11848,11848,36494,14257
6858,0,660,11160,11160,10658,19411
6859,0,1492,11992,11992,37827,37463
6860,0,21232,36863,36863,18012,10733
6861,0,23189,37383,37383,15567,36830
6862,0,5154,15654,15654,18192,12707
6863,0,22875,35101,35101,16333,19320
6864,0,9885,20385,20385,13338,16373
6865,0,21652,39175,39175,20069,19036
6866,0,9277,19777,19777,11700,16981
6867,0,2524,13024,13024,11126,12317
6868,0,25091,36129,36129,37485,14665
6869,0,23048,37298,37298,19614,11357
6870,0,5374,15874,15874,35243,35617
6871,0,3198,13698,13698,38111,13172
6872,0,5717,16217,16217,12043,10624
6873,0,24053,35999,35999,11662,19639
6874,0,22911,38251,38251,38099,10986
6875,0,21235,36913,36913,15271,36367
6876,0,8259,18759,18759,18679,13585
6877,0,24409,36997,36997,17738,19307
6878,0,40,10540,10540,19278,35711
6879,0,10461,20961,20961,19298,11189
6880,0,23997,37165,37165,17963,36491
6881,0,21191,36196,36196,12563,15186
6882,0,25377,37857,37857,14854,10884
6883,0,6816,17316,17316,14479,16719
6884,1,24932,35153,15376,35153,14112
6885,0,22583,36102,36102,13402,11456
6886,0,21353,36817,36817,12372,13355
6887,0,21446,35298,35298,14260,16104
6888,0,2723,13223,13223,38579,18550
6889,0,24302,38382,38382,38888,38445
6890,0,24685,37452,37452,13450,14554
6891,0,9335,19835,19835,10523,10807
6892,4,21537,39196,39539,37137,18878
6893,0,7155,17655,17655,20660,17582
6894,0,22069,36097,36097,20702,11047
6895,0,21642,38435,38435,16731,13644
6896,0,24424,36358,36358,13932,16462
6897,0,7230,17730,17730,15464,18531
6898,0,10412,20912,20912,17173,12180
6899,0,5075,15575,15575,11601,11769
6900,0,22150,35117,35117,36823,16721
6901,0,7880,18380,18380,37774,18358
6902,0,5394,15894,15894,10812,19995
6903,0,9641,20141,20141,14993,17138
6904,0,22112,37420,37420,19087,11923
6905,0,7789,18289,18289,36675,16793
6906,0,24188,38611,38611,37543,18702
6907,0,4088,14588,14588,15948,12376
6908,0,1967,12467,12467,18700,18338
6909,0,22135,38083,38083,12087,36334
6910,0,22324,37806,37806,14500,15068
6911,0,22469,38988,38988,18859,13065
6912,1,6999,17499,12055,17499,36400
6913,0,423,10923,10923,18839,14973
6914,0,23410,38507,38507,35853,17272
6915,0,10096,20596,20596,20259,17906
6916,0,25356,38858,38858,35947,14944
6917,0,23031,37456,37456,39140,35742
6918,0,6142,16642,16642,14365,18184
6919,0,5661,16161,16161,16257,15562
6920,0,9031,19531,19531,14374,38707
6921,0,4596,15096,15096,16904,11180
6922,0,2659,13159,13159,14199,10883
6923,0,141,10641,10641,19567,19676
6924,1,2597,13097,35577,13097,37727
6925,0,6701,17201,17201,20929,36629
6926,0,1377,11877,11877,19346,18417
6927,0,3674,14174,14174,14902,13438
6928,0,9658,20158,20158,36626,16083
6929,0,21648,39439,39439,17660,15045
6930,0,6362,16862,16862,15851,35591
6931,0,23525,39143,39143,36956,16017
6932,0,4741,15241,15241,16128,18908
6933,5,1138,11638,19596,10713,16274
6934,0,10449,20949,20949,37671,35243
6935,0,7374,17874,17874,14988,19819
6936,0,1787,12287,12287,36247,37356
6937,0,23061,36623,36623,20614,17155
6938,0,4646,15146,15146,35638,35180
6939,0,7568,18068,18068,12877,39436
6940,26,459,10959,38639,16967,20922
6941,0,6115,16615,16615,12568,14430
6942,0,8179,18679,18679,19525,13585
6943,0,948,11448,11448,20638,19616
6944,0,9528,20028,20028,14991,38432
6945,0,6370,16870,16870,36134,10642
6946,0,4628,15128,15128,14865,37448
6947,0,7358,17858,17858,11074,16289
6948,0,5925,16425,16425,35397,16906
6949,0,6040,16540,16540,12129,38407
6950,0,441,10941,10941,10518,16365
6951,0,6659,17159,17159,15168,35414
6952,0,9794,20294,20294,38767,12326
6953,0,10430,20930,20930,16839,12753
6954,0,8831,19331,19331,16367,16629
6955,0,9046,19546,19546,17394,19018
6956,0,3830,14330,14330,16865,17244
6957,0,22463,38695,38695,16257,13554
6958,0,6144,16644,16644,11141,15089
6959,0,25019,38181,38181,15163,37023
6960,0,6344,16844,16844,35226,35180
6961,0,23111,37027,37027,13123,16102
6962,0,1958,12458,12458,16111,16017
6963,0,9262,19762,19762,38769,19660
6964,0,155,10655,10655,18283,14277
6965,3,10487,20987,18025,14171,38929
6966,0,22604,36525,36525,16690,16636
6967,0,4578,15078,15078,11495,13589
6968,0,1089,11589,11589,38981,20814
6969,0,6049,16549,16549,17604,35204
6970,0,24567,35726,35726,16141,14290
6971,0,22037,38337,38337,20101,36794
6972,0,9122,19622,19622,14923,35804
6973,0,7950,18450,18450,13278,16367
6974,0,23570,35695,35695,39518,13621
6975,0,1674,12174,12174,12224,15105
6976,0,6763,17263,17263,38979,38911
6977,0,23473,37153,37153,36388,12693
6978,0,6416,16916,16916,17048,38248
6979,0,23753,38939,38939,37691,12388
6980,0,24830,36033,36033,35755,10949
6981,0,2326,12826,12826,13030,12355
6982,0,7096,17596,17596,39559,11779
6983,0,23355,37595,37595,12200,37994
6984,0,23395,36374,36374,16353,35475
6985,0,6450,16950,16950,16478,14325
6986,0,23930,38530,38530,36856,37435
6987,0,1715,12215,12215,16048,19185
6988,0,9890,20390,20390,10771,37311
6989,0,9172,19672,19672,16881,16780
6990,0,8381,18881,18881,18186,12794
6991,0,9433,19933,19933,16698,12251
6992,0,3831,14331,14331,13165,13097
6993,0,6299,16799,16799,38528,16797
6994,0,3348,13848,13848,10975,17740
6995,0,22614,38877,38877,13280,35308
6996,0,9177,19677,19677,38216,20963
6997,0,10013,20513,20513,36863,17116
6998,0,587,11087,11087,37784,17537
6999,0,9346,19846,19846,14150,20957
7000,0,21197,35558,35558,14429,35945
7001,0,24509,38881,38881,15810,14764
7002,0,10091,20591,20591,20010,20984
7003,0,2990,13490,13490,12145,36948
7004,0,22235,38528,38528,17813,19058
7005,0,23151,36425,36425,37748,38755
7006,0,22424,37906,37906,36079,38387
7007,0,9587,20087,20087,12751,35330
7008,0,264,10764,10764,17986,20857
7009,0,22944,37247,37247,12265,38065
7010,0,6788,17288,17288,12356,19642
7011,0,21748,38902,38902,12044,39379
7012,0,24715,37361,37361,38073,39167
7013,0,10131,20631,20631,39450,37773
7014,0,3864,14364,14364,13705,14727
7015,0,10435,20935,20935,18855,39253
7016,0,24472,35186,35186,16411,36933
7017,0,6274,16774,16774,38043,36390
7018,0,24167,37614,37614,36168,13561
7019,1,25081,39298,36878,39298,19511
7020,0,3711,14211,14211,20248,18506
7021,0,8438,18938,18938,13952,11310
7022,0,9786,20286,20286,14820,15793
7023,0,1529,12029,12029,18865,37371
7024,0,21897,36887,36887,17277,14873
7025,0,923,11423,11423,16808,38889
7026,0,23715,37392,37392,38123,36111
7027,0,7329,17829,17829,37203,20696
7028,0,4364,14864,14864,35467,11234
7029,0,669,11169,11169,36658,18820
7030,0,3604,14104,14104,37056,16149
7031,0,5108,15608,15608,20192,14870
7032,0,10102,20602,20602,18197,12543
7033,0,23323,38114,38114,37975,38697
7034,0,5248,15748,15748,11740,39155
7035,0,7183,17683,17683,18116,13442
7036,0,23665,35482,35482,16904,36599
7037,0,2591,13091,13091,14590,16965
7038,0,5906,16406,16406,16257,15320
7039,0,9973,20473,20473,16510,14130
7040,2,6509,17009,18239,35128,17009
7041,0,24411,35799,35799,16296,16852
7042,0,7133,17633,17633,16257,14957
7043,0,2307,12807,12807,18731,19253
7044,0,8804,19304,19304,11499,19863
7045,0,3690,14190,14190,15335,19259
7046,0,687,11187,11187,15399,19747
7047,0,612,11112,11112,37427,17281
7048,0,7167,17667,17667,37509,16767
7049,0,24950,36420,36420,36928,17053
7050,0,3200,13700,13700,36221,12542
7051,0,10459,20959,20959,35914,11830
7052,0,21765,35762,35762,15578,12412
7053,0,6629,17129,17129,11997,19995
7054,0,4135,14635,14635,16461,38798
7055,0,1898,12398,12398,10641,16601
7056,0,282,10782,10782,13439,17763
7057,0,258,10758,10758,36496,11742
7058,0,25155,35710,35710,38354,37825
7059,0,21714,39444,39444,38641,13341
7060,0,4943,15443,15443,13238,37391
7061,0,2822,13322,13322,16045,16984
7062,0,24049,36125,36125,18466,14268
7063,0,3525,14025,14025,13796,11041
7064,0,22732,39087,39087,38297,35403
7065,0,5223,15723,15723,20778,38104
7066,0,2285,12785,12785,19861,16226
7067,0,6063,16563,16563,12019,16948
7068,0,8078,18578,18578,17063,19852
7069,0,4654,15154,15154,11620,19496
7070,0,5000,15500,15500,15472,20429
7071,0,6710,17210,17210,35763,38017
7072,0,22381,38594,38594,17817,39195
7073,22,8676,19176,12304,13692,17237
7074,0,10403,20903,20903,20892,36272
7075,0,5416,15916,15916,15968,13301
7076,0,475,10975,10975,12929,19605
7077,0,2555,13055,13055,12137,18277
7078,0,8087,18587,18587,10576,11973
7079,0,7,10507,10507,12630,11744
7080,0,6411,16911,16911,10913,36057
7081,0,23470,38350,38350,15811,20336
7082,0,25378,37975,37975,20264,36054
7083,0,5546,16046,16046,15097,37371
7084,0,2426,12926,12926,35812,19143
7085,0,6744,17244,17244,38995,14330
7086,0,10006,20506,20506,12572,10591
7087,0,25093,39042,39042,16439,16499
7088,0,2274,12774,12774,16852,35523
7089,0,9203,19703,19703,17921,38649
7090,0,1577,12077,12077,11185,38202
7091,0,7264,17764,17764,15089,11141
7092,0,9259,19759,19759,14416,39331
7093,0,10183,20683,20683,20110,18064
7094,0,3970,14470,14470,38973,10529
7095,0,5879,16379,16379,13728,15928
7096,1,23986,37216,36185,37216,13301
7097,0,23341,38599,38599,14882,35555
7098,0,7193,17693,17693,18747,19122
7099,0,3867,14367,14367,14044,36297
7100,0,24117,38732,38732,12658,19055
7101,0,6823,17323,17323,38514,15793
7102,0,25186,35834,35834,17828,20857
7103,0,7548,18048,18048,17516,17142
7104,0,781,11281,11281,19933,12251
7105,0,24933,39364,39364,37024,11915
7106,0,1749,12249,12249,20073,15252
7107,0,23791,35577,35577,20170,15552
7108,0,6519,17019,17019,18654,15282
7109,0,5774,16274,16274,19596,36492
7110,0,9283,19783,19783,37999,15440
7111,0,9369,19869,19869,15392,10978
7112,0,2324,12824,12824,16635,14854
7113,0,10271,20771,20771,14583,11064
7114,0,5055,15555,15555,35523,14920
7115,0,23062,35394,35394,39109,35393
7116,0,25329,38129,38129,20867,12179
7117,0,10482,20982,20982,18504,36376
7118,0,1727,12227,12227,35571,12314
7119,0,610,11110,11110,19839,12669
7120,0,4666,15166,15166,18325,20555
7121,0,5413,15913,15913,14671,38645
7122,0,8103,18603,18603,18363,36516
7123,0,8174,18674,18674,37630,37707
7124,0,8535,19035,19035,36604,19794
7125,0,21542,35943,35943,38912,14418
7126,0,3750,14250,14250,10792,16141
7127,0,22821,36001,36001,15987,17531
7128,0,97,10597,10597,11508,13772
7129,0,6985,17485,17485,11192,37287
7130,0,3137,13637,13637,14805,19335
7131,0,1537,12037,12037,19280,15417
7132,0,3648,14148,14148,39009,16462
7133,0,21919,37927,37927,12782,15495
7134,3,1517,12017,36017,18973,36176
7135,0,24150,38630,38630,20638,17526
7136,0,4624,15124,15124,37920,19087
7137,0,6566,17066,17066,15997,20212
7138,0,2090,12590,12590,35549,11558
7139,0,7097,17597,17597,37076,37808
7140,0,6171,16671,16671,18027,15840
7141,0,7521,18021,18021,16233,13625
7142,0,572,11072,11072,14267,18044
7143,0,21479,38872,38872,12038,35180
7144,0,25109,38211,38211,18076,11106
7145,0,3062,13562,13562,17801,19369
7146,0,597,11097,11097,11769,11164
7147,0,6633,17133,17133,13071,13523
7148,0,24086,38749,38749,18238,17766
7149,0,7875,18375,18375,37881,18217
7150,0,7345,17845,17845,14848,11104
7151,0,6304,16804,16804,38670,16242
7152,0,23371,36622,36622,19214,16635
7153,0,23863,38769,38769,36310,12871
7154,0,22803,38981,38981,16825,20251
7155,0,5976,16476,16476,38379,20687
7156,0,8562,19062,19062,10505,16622
7157,0,1938,12438,12438,16736,38929
7158,0,25051,37178,37178,14674,11370
7159,0,8100,18600,18600,39581,18983
7160,0,1753,12253,12253,38702,38696
7161,0,3670,14170,14170,14100,12105
7162,0,24957,36629,36629,36947,12147
7163,0,2361,12861,12861,17989,38837
7164,0,4260,14760,14760,38879,38447
7165,0,5432,15932,15932,38490,37577
7166,0,6285,16785,16785,38083,11652
7167,0,22832,36387,36387,36134,11177
7168,2,23138,38805,37198,15704,38805
7169,0,24130,36329,36329,11081,19053
7170,0,21921,37428,37428,35986,18445
7171,0,22578,37015,37015,18570,20025
7172,0,5591,16091,16091,11735,11307
7173,0,1171,11671,11671,20331,12158
7174,1,7927,18427,17049,18427,18754
7175,0,24449,36653,36653,37568,17634
7176,0,9614,20114,20114,38602,10693
7177,0,24980,35927,35927,19209,39183
7178,0,22413,38631,38631,35437,10820
7179,0,24996,36712,36712,16967,15065
7180,0,21243,38348,38348,13641,16854
7181,0,874,11374,11374,15237,14215
7182,0,2297,12797,12797,14279,38834
7183,1,23055,38560,19375,38560,12635
7184,0,2643,13143,13143,37297,15092
7185,0,23326,38508,38508,36781,12679
7186,0,5347,15847,15847,11790,17927
7187,0,9032,19532,19532,11834,11253
7188,0,25487,39499,39499,39291,39477
7189,0,581,11081,11081,18119,36389
7190,0,204,10704,10704,35523,12774
7191,0,7896,18396,18396,16793,20379
7192,0,9833,20333,20333,19370,12994
7193,0,2014,12514,12514,35801,35726
7194,0,23246,36039,36039,20539,16939
7195,0,21205,36257,36257,14314,38510
7196,0,905,11405,11405,16742,11360
7197,0,631,11131,11131,15845,15630
7198,0,8461,18961,18961,14314,39332
7199,0,23462,37089,37089,37527,20356
7200,0,1974,12474,12474,17627,14657
7201,0,162,10662,10662,10518,17241
7202,0,4998,15498,15498,11814,18160
7203,0,21613,36948,36948,11552,20421
7204,0,9557,20057,20057,36632,19928
7205,0,21571,37732,37732,35357,38526
7206,0,4713,15213,15213,38065,14361
7207,0,9067,19567,19567,10641,19676
7208,0,1431,11931,11931,19162,11838
7209,0,6868,17368,17368,12976,16224
7210,0,25419,38308,38308,14696,36036
7211,0,7710,18210,18210,18304,16001
7212,0,7736,18236,18236,20024,17656
7213,0,4283,14783,14783,13340,17523
7214,0,7531,18031,18031,39507,17666
7215,0,23306,36511,36511,13573,11155
7216,0,22058,35642,35642,13191,14424
7217,0,10053,20553,20553,19471,16807
7218,0,21044,35445,35445,36216,17680
7219,0,3384,13884,13884,35854,39035
7220,0,23664,38943,38943,12181,14267
7221,0,22751,36947,36947,19093,16874
7222,0,22045,37087,37087,11679,13418
7223,0,7462,17962,17962,11207,37745
7224,0,3331,13831,13831,17880,39498
7225,0,21908,38903,38903,12393,17306
7226,0,24694,35189,35189,38845,12105
7227,0,6404,16904,16904,15096,11180
7228,0,8895,19395,19395,36550,15074
7229,0,2096,12596,12596,15345,19207
7230,0,10195,20695,20695,35680,20239
7231,0,22628,37209,37209,20820,15909
7232,0,7999,18499,18499,15428,36274
7233,0,5017,15517,15517,14567,11594
7234,0,8738,19238,19238,13097,13360
7235,0,1449,11949,11949,35194,19352
7236,0,6900,17400,17400,20985,18738
7237,0,2610,13110,13110,38445,37808
7238,0,1900,12400,12400,10615,12486
7239,0,8186,18686,18686,13389,20175
7240,0,3920,14420,14420,35400,39056
7241,0,2757,13257,13257,19197,18070
7242,0,6397,16897,16897,14234,13137
7243,0,10077,20577,20577,14579,20757
7244,0,22122,37596,37596,19580,35457
7245,0,2097,12597,12597,18455,39139
7246,0,8329,18829,18829,36302,12760
7247,0,23505,38781,38781,13042,19185
7248,0,5624,16124,16124,13233,35343
7249,0,9028,19528,19528,13991,14416
7250,0,3471,13971,13971,16871,20462
7251,0,8266,18766,18766,12119,13273
7252,0,2171,12671,12671,17199,39433
7253,0,25183,38449,38449,12152,18589
7254,0,21475,38379,38379,16476,17569
7255,0,8590,19090,19090,35942,18651
7256,0,2010,12510,12510,13350,19946
7257,0,23491,39283,39283,38461,36096
7258,0,1283,11783,11783,17796,14880
7259,0,21644,37379,37379,15693,15712
7260,0,10028,20528,20528,36792,36477
7261,0,21548,39004,39004,18722,13094
7262,0,1019,11519,11519,39537,36710
7263,0,9518,20018,20018,19698,12929
7264,0,22240,35596,35596,15504,35996
7265,0,8667,19167,19167,39328,12308
7266,0,2810,13310,13310,14212,17909
7267,0,21979,37541,37541,16683,37459
7268,0,1651,12151,12151,19319,14066
7269,0,25220,39025,39025,19394,36855
7270,0,1169,11669,11669,16451,39270
7271,0,22589,35314,35314,17104,11794
7272,0,9398,19898,19898,12572,19007
7273,0,6256,16756,16756,20021,37315
7274,0,5469,15969,15969,20121,11537
7275,0,21309,37694,37694,35270,13372
7276,0,10258,20758,20758,10886,11314
7277,0,867,11367,11367,13471,15145
7278,0,23032,35760,35760,13141,18004
7279,0,5093,15593,15593,15769,11348
7280,0,5433,15933,15933,11532,15051
7281,0,541,11041,11041,38573,15572
7282,0,9324,19824,19824,13489,18054
7283,0,24196,39351,39351,20685,12877
7284,0,6354,16854,16854,15682,19115
7285,0,22423,38607,38607,14112,11787
7286,0,3390,13890,13890,14468,13093
7287,0,21940,35748,35748,16915,17497
7288,0,22666,36045,36045,12745,19176
7289,0,23645,38275,38275,14375,19938
7290,0,23027,39498,39498,13831,14911
7291,0,24382,35369,35369,14452,35370
7292,0,21960,35599,35599,19524,10704
7293,0,3959,14459,14459,15980,38923
7294,0,22325,38509,38509,37265,19391
7295,0,6643,17143,17143,20853,35521
7296,0,6841,17341,17341,35180,13652
7297,0,22531,37005,37005,16302,37157
7298,0,3586,14086,14086,37905,10556
7299,0,22608,36691,36691,20515,14242
7300,0,2563,13063,13063,13263,10989
7301,0,22076,35416,35416,12312,19583
7302,0,24186,37968,37968,37796,12074
7303,0,23554,36526,36526,37967,36497
7304,0,5036,15536,15536,11945,19350
7305,0,1080,11580,11580,19810,17123
7306,0,5891,16391,16391,38445,16793
7307,0,10277,20777,20777,35520,10746
7308,0,22962,35238,35238,17913,18730
7309,0,4966,15466,15466,10886,12043
7310,0,2023,12523,12523,38202,12850
7311,0,24144,38080,38080,19636,11887
7312,0,7909,18409,18409,17226,36683
7313,0,23752,37684,37684,38829,13711
7314,0,7321,17821,17821,35137,37583
7315,0,226,10726,10726,15697,10581
7316,0,1013,11513,11513,13130,37465
7317,0,1929,12429,12429,17394,19018
7318,2,23254,37162,12709,14667,37162
7319,3,5251,15751,35925,37952,13923
7320,0,9596,20096,20096,14451,39387
7321,0,2179,12679,12679,13367,19757
7322,0,697,11197,11197,19371,13542
7323,0,1124,11624,11624,35331,15492
7324,0,7378,17878,17878,17702,20952
7325,1,23927,36878,39566,36878,15822
7326,0,5110,15610,15610,38574,35933
7327,0,7902,18402,18402,38696,17132
7328,0,1778,12278,12278,39569,13536
7329,0,23954,36531,36531,12574,20540
7330,0,2634,13134,13134,17150,20239
7331,0,7544,18044,18044,37685,18654
7332,0,7604,18104,18104,10666,35895
7333,0,3489,13989,13989,11044,15191
7334,0,1037,11537,11537,11674,15969
7335,0,10448,20948,20948,19393,17476
7336,0,25164,36832,36832,12267,37230
7337,0,24554,39507,39507,11431,20152
7338,0,8505,19005,19005,15913,19802
7339,0,2649,13149,13149,15707,37668
7340,0,10473,20973,20973,37936,20578
7341,0,2979,13479,13479,37086,14585
7342,0,2547,13047,13047,10777,20740
7343,0,5132,15632,15632,35449,19169
7344,0,2159,12659,12659,17855,36799
7345,0,21835,35923,35923,37866,19882
7346,0,9114,19614,19614,37298,20365
7347,0,6445,16945,16945,12749,18911
7348,2,3967,14467,39092,13667,14467
7349,0,1428,11928,11928,35721,35142
7350,0,22623,37204,37204,13235,36401
7351,0,2520,13020,13020,19116,16912
7352,0,21326,36572,36572,36377,17241
7353,0,8033,18533,18533,38318,15027
7354,0,23690,37448,37448,35759,15128
7355,0,24209,37544,37544,10516,37075
7356,0,25160,39403,39403,10509,39253
7357,0,448,10948,10948,13107,37477
7358,0,22487,37318,37318,18385,37297
7359,0,9476,19976,19976,11286,38139
7360,1,5995,16495,15947,16495,39577
7361,0,25166,38868,38868,13592,11394
7362,0,3727,14227,14227,13091,20053
7363,0,7353,17853,17853,38388,15379
7364,0,8553,19053,19053,35864,35666
7365,0,6279,16779,16779,19264,16434
7366,0,21116,38009,38009,15902,17898
7367,0,7295,17795,17795,37644,15224
7368,0,9496,19996,19996,38567,14793
7369,0,6251,16751,16751,36920,11369
7370,2,5926,16426,13153,37221,16426
7371,0,2460,12960,12960,18346,20678
7372,0,22,10522,10522,35617,15035
7373,0,2066,12566,12566,13256,37237
7374,0,1653,12153,12153,15441,19692
7375,0,8894,19394,19394,39025,36855
7376,3,8706,19206,38652,20145,20135
7377,0,22923,35529,35529,19191,17100
7378,0,1376,11876,11876,16177,17787
7379,0,1724,12224,12224,12174,12025
7380,0,24616,35254,35254,37390,11387
7381,0,3754,14254,14254,38366,39219
7382,0,21753,35111,35111,39442,13371
7383,0,8652,19152,19152,12544,20952
7384,0,4183,14683,14683,12673,11818
7385,0,4082,14582,14582,19144,36525
7386,0,9678,20178,20178,38885,35634
7387,0,24131,36464,36464,37847,11836
7388,0,8474,18974,18974,18776,13819
7389,0,6579,17079,17079,11149,36701
7390,0,4558,15058,15058,12659,36799
7391,0,3537,14037,14037,37857,12315
7392,0,7003,17503,17503,19849,38377
7393,0,24197,35367,35367,15626,36282
7394,0,9560,20060,20060,18835,13286
7395,0,22591,38812,38812,35680,13691
7396,0,24573,39083,39083,11680,19707
7397,0,8789,19289,19289,36130,11786
7398,0,9951,20451,20451,16143,12113
7399,0,646,11146,11146,12874,37098
7400,0,6381,16881,16881,19672,16780
7401,0,7527,18027,18027,16671,15840
7402,0,24077,39139,39139,14136,13996
7403,0,21025,36667,36667,14366,38367
7404,0,7165,17665,17665,35520,10746
7405,0,22969,36254,36254,15042,16071
7406,0,25493,36541,36541,19569,37253
7407,0,7697,18197,18197,36312,36042
7408,0,22706,35776,35776,16356,17399
7409,0,21380,38713,38713,10741,39048
7410,0,4875,15375,15375,17908,11667
7411,0,23392,35330,35330,37305,17662
7412,0,23322,37479,37479,17019,36353
7413,0,5341,15841,15841,35906,13578
7414,0,23200,37390,37390,38170,11387
7415,0,7031,17531,17531,38849,36001
7416,0,2160,12660,12660,12903,11267
7417,0,685,11185,11185,38202,15997
7418,0,24043,39347,39347,12845,18907
7419,0,22291,36029,36029,38615,37847
7420,0,2461,12961,12961,18944,14925
7421,0,21837,35623,35623,16589,36178
7422,0,25182,36483,36483,16466,16222
7423,0,7128,17628,17628,18206,14120
7424,0,6267,16767,16767,37509,35107
7425,0,4941,15441,15441,12153,17811
7426,0,5946,16446,16446,38689,20297
7427,0,4583,15083,15083,35904,15622
7428,0,5784,16284,16284,15647,18169
7429,2,10422,20922,13734,16635,20922
7430,0,7569,18069,18069,37534,38778
7431,0,23090,37371,37371,12029,18313
7432,0,22109,35106,35106,16143,18129
7433,0,521,11021,11021,14466,15116
7434,0,8714,19214,19214,17186,20189
7435,0,23327,37792,37792,20707,38349
7436,0,24707,38000,38000,35897,20519
7437,0,3983,14483,14483,11521,19627
7438,0,22460,38938,38938,19271,12601
7439,0,22158,38319,38319,39214,38723
7440,0,780,11280,11280,17381,16591
7441,1,23338,35207,11744,35207,14511
7442,0,24140,39081,39081,15132,18735
7443,0,5607,16107,16107,11270,37946
7444,0,5978,16478,16478,13193,16950
7445,0,8843,19343,19343,36826,17429
7446,0,3747,14247,14247,13667,39092
7447,0,2196,12696,12696,13411,11132
7448,0,8561,19061,19061,18305,39569
7449,0,23858,39421,39421,14509,12669
7450,0,4285,14785,14785,20954,10556
7451,0,8569,19069,19069,36039,20539
7452,0,10408,20908,20908,37637,18121
7453,0,9832,20332,20332,37782,15711
7454,0,9805,20305,20305,39190,13033
7455,0,6979,17479,17479,39437,38122
7456,0,1827,12327,12327,13747,38179
7457,0,24392,36418,36418,36823,17073
7458,0,9154,19654,19654,18161,14958
7459,0,21200,38795,38795,36967,36847
7460,0,25312,39109,39109,17795,20784
7461,0,2376,12876,12876,15003,35798
7462,0,8551,19051,19051,13811,13469
7463,0,3839,14339,14339,13371,14258
7464,0,21476,38786,38786,35389,12060
7465,0,1246,11746,11746,14066,12523
7466,0,7504,18004,18004,12125,13141
7467,0,21627,36077,36077,39101,38159
7468,0,6511,17011,17011,20625,16359
7469,0,22253,36480,36480,38348,37037
7470,0,23160,38327,38327,20050,20366
7471,0,5439,15939,15939,13657,14411
7472,0,24804,35353,35353,17386,17905
7473,0,23186,36209,36209,11774,15323
7474,0,10229,20729,20729,36477,15099
7475,0,24199,38470,38470,14453,12377
7476,1,8964,19464,15825,19464,12713
7477,0,21540,35275,35275,36258,12402
7478,0,22232,36348,36348,36839,17745
7479,0,22433,39172,39172,12553,16340
7480,0,23329,38911,38911,17263,10743
7481,0,5510,16010,16010,17025,38102
7482,0,5330,15830,15830,35445,11315
7483,0,4531,15031,15031,17651,36277
7484,0,9866,20366,20366,38327,36443
7485,0,365,10865,10865,39242,38818
7486,0,24001,36711,36711,12422,14730
7487,0,23095,39567,39567,37115,13997
7488,0,147,10647,10647,11769,13195
7489,0,1668,12168,12168,11148,11304
7490,0,22439,35874,35874,14031,18647
7491,0,21066,37866,37866,38884,20695
7492,0,7650,18150,18150,17842,19032
7493,0,8599,19099,19099,35818,15788
7494,0,23737,36292,36292,11901,35401
7495,0,7788,18288,18288,18720,16856
7496,0,3456,13956,13956,13691,10843
7497,0,25283,36362,36362,11405,19974
7498,0,3271,13771,13771,16721,36823
7499,1,4940,15440,18764,15440,39496
7500,0,9223,19723,19723,36548,39318
7501,0,23257,36695,36695,39367,13398
7502,0,6230,16730,16730,11057,13258
7503,0,21668,37960,37960,17764,16755
7504,1,24264,37100,13037,37100,39167
7505,0,9047,19547,19547,39000,38746
7506,0,3926,14426,14426,14782,19558
7507,0,25309,37408,37408,18219,16814
7508,0,8080,18580,18580,37783,18286
7509,0,78,10578,10578,38434,37515
7510,0,7088,17588,17588,15961,14794
7511,0,2247,12747,12747,12858,36857
7512,0,22973,36949,36949,12275,35180
7513,0,22771,39519,39519,11923,19993
7514,0,25241,39007,39007,13124,37112
7515,0,21638,36999,36999,18204,11709
7516,0,7451,17951,17951,39214,10696
7517,0,8980,19480,19480,11521,14892
7518,0,2279,12779,12779,36964,36228
7519,0,8123,18623,18623,36917,36367
7520,0,3897,14397,14397,20166,36892
7521,2,25428,36657,16382,14424,36657
7522,0,7177,17677,17677,16555,37669
7523,0,9312,19812,19812,35782,36140
7524,0,23221,38790,38790,16837,12019
7525,0,3631,14131,14131,11835,12643
7526,0,23973,37527,37527,11835,20503
7527,0,6272,16772,16772,19372,18673
7528,0,8616,19116,19116,36009,14084
7529,0,392,10892,10892,12189,14997
7530,0,3191,13691,13691,13956,10843
7531,0,16,10516,10516,37544,18850
7532,0,4200,14700,14700,16317,15951
7533,0,2672,13172,13172,38111,16983
7534,0,23097,38916,38916,11059,11563
7535,0,6164,16664,16664,19794,19035
7536,0,21096,36886,36886,15084,13703
7537,0,3493,13993,13993,35207,38525
7538,0,9651,20151,20151,14751,12896
7539,0,21256,37301,37301,36596,15290
7540,0,7394,17894,17894,18654,20582
7541,0,4839,15339,15339,36030,11019
7542,0,593,11093,11093,12306,11106
7543,0,24549,36621,36621,35625,36274
7544,0,22305,38576,38576,35617,15035
7545,0,8737,19237,19237,37183,14277
7546,0,5827,16327,16327,35986,20276
7547,0,24274,35343,35343,13585,18915
7548,0,7961,18461,18461,13228,37241
7549,0,5887,16387,16387,11186,11895
7550,0,2355,12855,12855,11897,39202
7551,0,6036,16536,16536,38657,35639
7552,0,4798,15298,15298,11779,19153
7553,0,21892,35228,35228,11468,15563
7554,0,23143,38730,38730,11141,12334
7555,0,4592,15092,15092,17675,13289
7556,0,21162,35828,35828,39502,13649
7557,0,8656,19156,19156,19997,37955
7558,0,163,10663,10663,16291,17345
7559,0,24046,38501,38501,17447,11875
7560,0,21617,38759,38759,19925,36219
7561,0,23996,39265,39265,17333,11679
7562,0,7380,17880,17880,13831,19961
7563,0,24806,39531,39531,20930,16499
7564,0,10201,20701,20701,37791,38564
7565,0,6356,16856,16856,37021,15071
7566,0,23182,35870,35870,13767,12991
7567,0,9092,19592,19592,13247,37898
7568,0,5542,16042,16042,18453,13910
7569,0,6007,16507,16507,16148,12206
7570,0,7993,18493,18493,11222,37842
7571,0,7638,18138,18138,15467,12410
7572,0,6793,17293,17293,17391,18587
7573,0,23079,35494,35494,15541,14303
7574,0,7758,18258,18258,39064,11101
7575,0,4837,15337,15337,11406,17666
7576,0,2293,12793,12793,18205,11283
7577,0,6548,17048,17048,16916,12574
7578,0,7898,18398,18398,17245,37566
7579,0,4481,14981,14981,11860,16746
7580,0,3716,14216,14216,19745,38000
7581,0,22486,35431,35431,38754,16837
7582,0,6140,16640,16640,11854,12879
7583,0,9956,20456,20456,20352,19992
7584,0,1549,12049,12049,17378,19523
7585,0,24358,35815,35815,15971,12256
7586,0,10331,20831,20831,12409,16871
7587,0,2044,12544,12544,19152,14119
7588,0,767,11267,11267,36465,20411
7589,0,5693,16193,16193,36985,11192
7590,0,7870,18370,18370,11517,20083
7591,0,9700,20200,20200,37241,37687
7592,0,7857,18357,18357,15186,11135
7593,0,3302,13802,13802,36603,37899
7594,0,4517,15017,15017,20405,15942
7595,0,25133,38444,38444,35139,11202
7596,0,24724,37740,37740,37591,10863
7597,0,3292,13792,13792,20675,19805
7598,0,9011,19511,19511,39298,20463
7599,0,1403,11903,11903,38310,14057
7600,0,1382,11882,11882,14260,35598
7601,0,10340,20840,20840,35621,12737
7602,0,6928,17428,17428,10847,19508
7603,0,5671,16171,16171,35420,12829
7604,0,1638,12138,12138,10552,11223
7605,0,24771,39290,39290,11360,13236
7606,0,6907,17407,17407,16486,12157
7607,0,8591,19091,19091,17076,11551
7608,0,6406,16906,16906,16425,12499
7609,0,9074,19574,19574,13121,38447
7610,0,23734,36351,36351,35717,11125
7611,0,1179,11679,11679,16747,13418
7612,0,5448,15948,15948,17468,19351
7613,0,10322,20822,20822,11903,20099
7614,0,5078,15578,15578,13481,38176
7615,0,8648,19148,19148,39080,12043
7616,0,5175,15675,15675,11629,35687
7617,0,10142,20642,20642,39145,38322
7618,0,689,11189,11189,19298,39003
7619,0,22003,37879,37879,18920,11289
7620,0,6525,17025,17025,37357,39475
7621,0,22274,39325,39325,11692,12576
7622,0,6488,16988,16988,16364,36595
7623,0,10145,20645,20645,19741,17634
7624,0,7154,17654,17654,38581,37084
7625,0,22181,37206,37206,20008,17991
7626,0,6610,17110,17110,19755,10737
7627,0,22603,35496,35496,12190,17663
7628,0,22102,37438,37438,14301,35586
7629,0,23661,37471,37471,15415,38112
7630,0,4349,14849,14849,37384,14033
7631,0,1884,12384,12384,39128,20969
7632,0,23195,37558,37558,17746,11462
7633,0,2494,12994,12994,20333,36970
7634,0,5947,16447,16447,12972,38292
7635,0,3036,13536,13536,11070,18065
7636,0,5777,16277,16277,12375,20468
7637,0,21983,36389,36389,38013,11081
7638,0,845,11345,11345,38604,15987
7639,0,8734,19234,19234,37627,11787
7640,0,24947,36510,36510,19906,20042
7641,0,23216,36465,36465,11267,16738
7642,0,7967,18467,18467,14214,38471
7643,0,21212,37313,37313,17224,39020
7644,0,7340,17840,17840,36369,20545
7645,0,22958,38113,38113,38141,38120
7646,0,25410,36993,36993,11945,38781
7647,0,7137,17637,17637,11897,16612
7648,0,2964,13464,13464,11567,13817
7649,0,2529,13029,13029,36812,36971
7650,0,5772,16272,16272,12262,20918
7651,0,1048,11548,11548,18093,13423
7652,0,7045,17545,17545,12488,37314
7653,0,1960,12460,12460,16533,38164
7654,0,2530,13030,13030,12826,11929
7655,0,23598,35732,35732,15068,19298
7656,0,8429,18929,18929,16143,38996
7657,0,4917,15417,15417,35391,12037
7658,0,9325,19825,19825,11865,19439
7659,0,5901,16401,16401,16632,12031
7660,0,8286,18786,18786,38246,14103
7661,0,4259,14759,14759,38717,20898
7662,0,23084,37446,37446,15472,13285
7663,0,21864,38095,38095,18163,36261
7664,0,5656,16156,16156,20198,10598
7665,0,6097,16597,16597,13975,13724
7666,0,5907,16407,16407,38931,20979
7667,0,7373,17873,17873,16539,19642
7668,0,2978,13478,13478,18251,20605
7669,0,25122,37891,37891,37016,14555
7670,0,23492,38557,38557,15758,39003
7671,0,6721,17221,17221,36728,36727
7672,0,7842,18342,18342,39144,38639
7673,1,8264,18764,17582,18764,17655
7674,0,24073,37760,37760,37816,14687
7675,0,22231,36705,36705,17881,20766
7676,0,3138,13638,13638,17314,13548
7677,0,8325,18825,18825,20884,19031
7678,0,22371,39490,39490,11805,18625
7679,0,22197,38448,38448,18609,37136
7680,0,21114,36015,36015,11588,16817
7681,0,1826,12326,12326,14282,38767
7682,0,5548,16048,16048,19185,37547
7683,0,8785,19285,19285,19803,35832
7684,0,21184,35511,35511,19212,19078
7685,0,560,11060,11060,35417,37135
7686,0,21975,37964,37964,18266,18503
7687,0,8435,18935,18935,18602,14461
7688,0,5435,15935,15935,35485,14165
7689,0,4437,14937,14937,19756,14159
7690,0,10382,20882,20882,39039,10856
7691,0,8597,19097,19097,36970,35721
7692,0,1442,11942,11942,17523,20363
7693,0,8453,18953,18953,35882,15773
7694,0,4406,14906,14906,19854,37825
7695,0,22010,38897,38897,13079,14642
7696,4,1689,12189,18576,11575,36996
7697,0,21798,39401,39401,13923,35925
7698,0,9917,20417,20417,13154,18465
7699,0,23166,38092,38092,12112,11306
7700,1,5962,16462,35745,16462,35728
7701,0,2496,12996,12996,10854,36463
7702,0,24165,39200,39200,17842,16624
7703,0,340,10840,10840,20752,12753
7704,0,2408,12908,12908,10662,37496
7705,0,9793,20293,20293,36871,14024
7706,0,21797,37105,37105,36462,15616
7707,0,5782,16282,16282,19112,38938
7708,0,4576,15076,15076,39196,15547
7709,0,3725,14225,14225,16504,38332
7710,0,22804,39520,39520,13690,16937
7711,0,2785,13285,13285,10800,39067
7712,0,9715,20215,20215,36718,38803
7713,0,21619,37496,37496,14432,38153
7714,0,24578,38696,38696,38136,11323
7715,0,1012,11512,11512,36594,10797
7716,0,5280,15780,15780,14423,13262
7717,0,4895,15395,15395,37904,15074
7718,0,9958,20458,20458,35472,36103
7719,0,7121,17621,17621,14244,35958
7720,0,6549,17049,17049,38697,18427
7721,0,4037,14537,14537,20443,39126
7722,0,148,10648,10648,37661,11739
7723,0,285,10785,10785,18466,16855
7724,0,24507,39257,39257,38651,18167
7725,0,8555,19055,19055,38732,38652
7726,0,21789,36729,36729,12745,39591
7727,0,21365,37186,37186,18259,19950
7728,0,9732,20232,20232,20926,11447
7729,0,6770,17270,17270,38761,13501
7730,0,4443,14943,14943,19545,13308
7731,0,7446,17946,17946,37060,12468
7732,0,236,10736,10736,14621,12765
7733,0,25323,38987,38987,17264,39027
7734,0,25474,35348,35348,15615,10868
7735,0,7123,17623,17623,11216,15288
7736,0,23563,37102,37102,38675,36790
7737,0,21545,38934,38934,38325,38326
7738,0,3083,13583,13583,17163,36796
7739,0,25212,38970,38970,36793,39024
7740,0,10294,20794,20794,12202,10800
7741,0,632,11132,11132,12696,10735
7742,0,6813,17313,17313,37026,38167
7743,0,2493,12993,12993,37831,16119
7744,0,2665,13165,13165,38564,14369
7745,0,25450,37325,37325,15963,37629
7746,0,23345,37409,37409,10893,17098
7747,0,22611,37207,37207,11348,19789
7748,0,24502,35120,35120,16052,14241
7749,0,10060,20560,20560,15552,39467
7750,0,22999,36405,36405,11348,12041
7751,0,22213,36669,36669,16397,18462
7752,0,21207,37291,37291,39318,15776
7753,0,4211,14711,14711,37337,20441
7754,6,9686,20186,38345,38445,35284
7755,0,23896,35187,35187,15789,38022
7756,0,3874,14374,14374,14916,38707
7757,0,9424,19924,19924,36901,15052
7758,0,22601,35447,35447,38197,35339
7759,0,2817,13317,13317,10913,38935
7760,0,21253,38356,38356,15219,37810
7761,0,25120,38908,38908,11732,38052
7762,0,24018,39315,39315,19357,17652
7763,0,23252,38071,38071,36830,38458
7764,0,7426,17926,17926,13753,11579
7765,0,21624,38255,38255,35344,10582
7766,0,24795,37295,37295,14035,13591
7767,0,21223,35847,35847,17081,36008
7768,0,21618,38407,38407,38691,39161
7769,0,9777,20277,20277,38785,10850
7770,0,1735,12235,12235,16793,19582
7771,0,7397,17897,17897,13293,39327
7772,0,21303,35609,35609,19902,38878
7773,0,4255,14755,14755,16639,14953
7774,0,21137,38469,38469,18205,16659
7775,0,2475,12975,12975,14539,35180
7776,0,21247,35350,35350,18587,11239
7777,0,25107,39568,39568,36977,16140
7778,0,3713,14213,14213,36144,13928
7779,0,22564,38068,38068,12899,14149
7780,0,1804,12304,12304,13655,38466
7781,0,707,11207,11207,18161,36412
7782,0,23612,35832,35832,19123,19414
7783,0,21623,38394,38394,14278,16780
7784,0,5189,15689,15689,35210,13287
7785,0,21176,37647,37647,10501,36563
7786,0,5472,15972,15972,20783,36710
7787,0,72,10572,10572,19707,11252
7788,0,7843,18343,18343,19764,37514
7789,0,5101,15601,15601,15744,11209
7790,0,6764,17264,17264,38987,20866
7791,0,9382,19882,19882,35923,13800
7792,0,23164,35387,35387,20150,36882
7793,0,1125,11625,11625,16071,17523
7794,0,1241,11741,11741,16193,11192
7795,0,21004,36934,36934,13750,14258
7796,1,22673,38762,37920,38762,37092
7797,0,2349,12849,12849,39525,15065
7798,0,22799,36137,36137,13674,13903
7799,0,6602,17102,17102,20363,13564
7800,0,24278,36794,36794,14176,13135
7801,0,6780,17280,17280,36020,11807
7802,0,9769,20269,20269,15024,15131
7803,0,23369,36692,36692,13784,13942
7804,0,22356,36515,36515,19142,19905
7805,0,4358,14858,14858,38693,38403
7806,0,1343,11843,11843,37340,38154
7807,0,22376,39574,39574,12997,39222
7808,0,23848,37620,37620,36253,36883
7809,0,21445,38962,38962,15023,38878
7810,0,8632,19132,19132,15679,14949
7811,0,6652,17152,17152,18611,35335
7812,0,1100,11600,11600,13280,38827
7813,1,25225,35423,17224,35423,12406
7814,0,9160,19660,19660,19762,10544
7815,0,8841,19341,19341,39189,12861
7816,0,9738,20238,20238,37590,13700
7817,0,7327,17827,17827,11213,17074
7818,0,7622,18122,18122,18895,37886
7819,0,987,11487,11487,39002,18064
7820,0,24762,35252,35252,19199,11712
7821,0,2852,13352,13352,13360,17804
7822,0,22495,36289,36289,15752,10576
7823,2,8853,19353,12709,14667,19353
7824,0,630,11130,11130,12656,19850
7825,0,1249,11749,11749,11476,37854
7826,0,3179,13679,13679,12635,11501
7827,0,482,10982,10982,18697,16724
7828,0,9776,20276,20276,10518,16837
7829,0,9654,20154,20154,13625,14873
7830,0,3040,13540,13540,18516,37993
7831,0,5010,15510,15510,15466,38109
7832,3,22001,39493,15461,37211,18650
7833,1,7000,17500,19816,17500,13778
7834,0,3273,13773,13773,16598,36170
7835,0,7227,17727,17727,19018,15986
7836,0,3683,14183,14183,19831,17028
7837,0,6674,17174,17174,15392,19869
7838,0,6807,17307,17307,15811,38350
7839,0,24016,36931,36931,11564,15843
7840,1,21682,39198,19678,39198,20230
7841,0,1316,11816,11816,35158,13813
7842,0,3225,13725,13725,39309,18455
7843,0,1072,11572,11572,38157,11563
7844,0,4815,15315,15315,11025,15642
7845,1,24821,37267,18732,37267,12113
7846,0,25490,35417,35417,18812,10504
7847,0,9852,20352,20352,12850,19464
7848,0,5752,16252,16252,35424,17541
7849,0,22220,35211,35211,18465,36095
7850,0,25457,38317,38317,37744,37369
7851,0,4616,15116,15116,11021,15224
7852,0,3097,13597,13597,17365,38563
7853,0,22981,36762,36762,16378,19911
7854,0,21265,38756,38756,35716,11763
7855,0,6869,17369,17369,11139,37927
7856,0,1300,11800,11800,19667,38393
7857,0,7285,17785,17785,15976,11164
7858,0,6284,16784,16784,36154,39160
7859,0,22547,37220,37220,11027,11461
7860,0,22881,37899,37899,37432,16165
7861,0,5495,15995,15995,37228,37702
7862,0,5291,15791,15791,39027,19670
7863,0,9600,20100,20100,38485,38457
7864,0,10037,20537,20537,19670,16593
7865,0,1798,12298,12298,35521,16322
7866,0,21325,36743,36743,20459,11835
7867,0,9667,20167,20167,36901,13726
7868,0,5203,15703,15703,14052,20955
7869,0,8227,18727,18727,10945,35431
7870,0,5047,15547,15547,11857,37303
7871,0,6441,16941,16941,16257,39242
7872,0,8636,19136,19136,17042,13205
7873,0,8105,18605,18605,11373,35880
7874,0,2359,12859,12859,35126,35438
7875,0,21271,38674,38674,12329,16949
7876,2,3654,14154,10686,18091,14154
7877,0,7052,17552,17552,18502,36287
7878,0,25480,35965,35965,18389,35127
7879,0,1286,11786,11786,39503,16713
7880,0,22363,38288,38288,16670,14462
7881,0,4445,14945,14945,10698,13267
7882,0,21226,36202,36202,10889,38205
7883,0,2137,12637,12637,18227,15338
7884,0,6787,17287,17287,36836,17266
7885,0,22092,35422,35422,16497,18142
7886,0,25106,36802,36802,13265,15587
7887,0,23935,39326,39326,15174,14793
7888,0,9873,20373,20373,10738,12324
7889,0,22688,39221,39221,11483,13370
7890,0,24787,39180,39180,17013,36317
7891,0,24322,38049,38049,14266,38854
7892,0,6894,17394,17394,13944,12429
7893,0,9884,20384,20384,37080,18364
7894,0,24731,38332,38332,13763,12161
7895,0,23412,35327,35327,10831,19593
7896,0,22225,36421,36421,16404,13370
7897,0,8564,19064,19064,36307,19916
7898,0,7151,17651,17651,35906,36618
7899,0,963,11463,11463,15532,18442
7900,0,6012,16512,16512,37309,17896
7901,0,4882,15382,15382,13408,10869
7902,0,140,10640,10640,14652,13675
7903,0,21550,36640,36640,18174,36163
7904,0,24879,38145,38145,20632,11463
7905,0,8906,19406,19406,37672,18972
7906,0,6936,17436,17436,19132,20289
7907,0,6542,17042,17042,19136,35486
7908,0,5243,15743,15743,17692,17942
7909,0,23936,35974,35974,35973,18079
7910,0,10030,20530,20530,10932,20641
7911,0,4431,14931,14931,19805,13792
7912,0,21998,37118,37118,15910,37217
7913,0,406,10906,10906,14846,36764
7914,0,8212,18712,18712,17849,11881
7915,0,9196,19696,19696,19043,15864
7916,0,21567,37134,37134,37508,16486
7917,0,21052,35197,35197,35709,17878
7918,0,21128,35331,35331,11624,36714
7919,0,25458,38329,38329,10958,35997
7920,0,24231,35176,35176,13695,14695
7921,0,9135,19635,19635,20088,35535
7922,0,8234,18734,18734,19920,35852
7923,0,21988,35616,35616,14590,12109
7924,0,22500,36157,36157,35662,16364
7925,0,21494,35808,35808,36836,35275
7926,0,24931,36150,36150,20949,38998
7927,0,4399,14899,14899,38778,15349
7928,0,5252,15752,15752,36289,17612
7929,0,11,10511,10511,10518,38254
7930,0,4760,15260,15260,19238,18502
7931,0,1177,11677,11677,39166,15259
7932,0,10139,20639,20639,10964,39589
7933,0,23518,35287,35287,19735,17176
7934,30,2863,13363,39290,14335,16650
7935,0,6471,16971,16971,20292,13919
7936,0,23235,36651,36651,38555,12722
7937,0,6228,16728,16728,36121,38560
7938,0,9218,19718,19718,13898,17251
7939,0,25147,36634,36634,39270,15249
7940,0,2989,13489,13489,20752,19991
7941,0,9153,19653,19653,38183,11727
7942,0,21881,35675,35675,37117,35331
7943,0,7117,17617,17617,12064,38572
7944,0,22062,35801,35801,12886,12514
7945,0,7010,17510,17510,16204,19974
7946,0,24480,36124,36124,36415,20589
7947,0,24908,37425,37425,35420,19763
7948,0,25367,36354,36354,12433,37594
7949,0,8927,19427,19427,19690,13289
7950,0,1440,11940,11940,13090,35981
7951,0,24132,39214,39214,10696,19577
7952,0,2875,13375,13375,35666,18338
7953,0,22071,36772,36772,15248,39139
7954,0,9108,19608,19608,35579,37514
7955,0,22052,38246,38246,14103,13259
7956,0,21041,37790,37790,11721,37732
7957,0,22509,36875,36875,17906,14132
7958,0,21201,35933,35933,15689,39312
7959,0,7232,17732,17732,35354,39189
7960,0,3726,14226,14226,11712,38136
7961,0,2772,13272,13272,17539,16675
7962,0,9816,20316,20316,13504,19634
7963,0,454,10954,10954,12688,39537
7964,0,9013,19513,19513,19699,17268
7965,0,8189,18689,18689,17521,14426
7966,0,1367,11867,11867,16412,10917
7967,0,3712,14212,14212,38304,13310
7968,0,25421,39377,39377,14663,14563
7969,0,1388,11888,11888,35463,17075
7970,0,9042,19542,19542,15588,15860
7971,0,1000,11500,11500,35268,11439
7972,0,7761,18261,18261,11935,17293
7973,0,3553,14053,14053,18524,17854
7974,0,4114,14614,14614,11307,11735
7975,0,9829,20329,20329,39134,12277
7976,0,1667,12167,12167,12005,36990
7977,0,3173,13673,13673,20121,37459
7978,0,21157,37627,37627,19234,11787
7979,0,9539,20039,20039,18611,10913
7980,0,23409,38700,38700,37201,18042
7981,0,488,10988,10988,20363,35743
7982,0,3230,13730,13730,11926,38175
7983,0,3828,14328,14328,10518,15812
7984,0,25078,35418,35418,17360,20517
7985,0,25438,37574,37574,13363,19618
7986,0,5208,15708,15708,36225,14440
7987,0,7848,18348,18348,13189,20344
7988,0,24220,36018,36018,10532,38292
7989,0,5704,16204,16204,13079,36435
7990,0,23879,39061,39061,20089,11217
7991,0,8133,18633,18633,19510,37029
7992,0,703,11203,11203,20397,11118
7993,0,5105,15605,15605,16415,18966
7994,0,22790,37940,37940,12713,13222
7995,0,3291,13791,13791,17078,17217
7996,0,8125,18625,18625,11186,13280
7997,0,24661,36459,36459,37037,38153
7998,0,21562,35194,35194,11949,18694
7999,0,9519,20019,20019,11806,16860
8000,0,25221,39048,39048,35268,37117
8001,0,24613,38130,38130,10518,10575
8002,0,4909,15409,15409,36753,37390
8003,0,4440,14940,14940,10918,15098
8004,0,24725,38257,38257,13471,11367
8005,0,986,11486,11486,11804,39399
8006,0,23201,38859,38859,15496,36101
8007,0,22270,38457,38457,38485,20100
8008,0,22243,38963,38963,36890,16104
8009,0,7705,18205,18205,36077,37771
8010,0,21868,36835,36835,19620,12885
8011,0,6257,16757,16757,17688,15369
8012,0,25059,36271,36271,18835,38451
8013,0,6089,16589,16589,35853,36749
8014,0,24831,35260,35260,13086,18476
8015,0,5238,15738,15738,39549,38895
8016,0,23037,36659,36659,36496,37567
8017,0,1198,11698,11698,13973,19359
8018,0,22713,36967,36967,39314,16170
8019,0,9710,20210,20210,38693,38403
8020,0,23684,38206,38206,13186,16391
8021,0,7519,18019,18019,14367,39254
8022,1,6812,17312,36598,17312,10744
8023,0,9991,20491,20491,20996,19488
8024,0,9206,19706,19706,36818,12088
8025,0,8320,18820,18820,36658,11169
8026,0,9556,20056,20056,37387,39105
8027,0,10225,20725,20725,39485,12182
8028,0,7175,17675,17675,15045,39124
8029,0,4470,14970,14970,20173,17009
8030,0,891,11391,11391,18562,13962
8031,0,25050,35579,35579,15282,39284
8032,0,1969,12469,12469,36813,35531
8033,5,5757,16257,14880,11990,12043
8034,0,6527,17027,17027,16316,14507
8035,0,6294,16794,16794,36786,36625
8036,0,24976,39453,39453,15543,12550
8037,0,7595,18095,18095,13308,13479
8038,0,9110,19610,19610,14293,15379
8039,0,3249,13749,13749,38129,37826
8040,0,6570,17070,17070,10932,13342
8041,0,6638,17138,17138,20141,14993
8042,0,7351,17851,17851,39455,38746
8043,0,25227,38360,38360,10992,35180
8044,0,9400,19900,19900,12009,12278
8045,0,23378,36654,36654,16722,39530
8046,0,7473,17973,17973,12031,18688
8047,0,21885,37098,37098,13163,13501
8048,0,24960,36851,36851,20576,37711
8049,0,23419,38415,38415,35610,14000
8050,0,23481,38454,38454,36219,16389
8051,0,1239,11739,11739,20768,37533
8052,0,2289,12789,12789,13286,18835
8053,0,2740,13240,13240,20012,18701
8054,0,8467,18967,18967,15814,35412
8055,0,4585,15085,15085,13596,37093
8056,0,9227,19727,19727,19713,18836
8057,0,1229,11729,11729,36300,14973
8058,0,9200,19700,19700,38147,17534
8059,0,6980,17480,17480,38927,19113
8060,0,5178,15678,15678,12601,15622
8061,0,23783,36614,36614,13039,36231
8062,0,22465,35318,35318,18543,11606
8063,0,4293,14793,14793,19996,11251
8064,0,1058,11558,11558,37497,35548
8065,0,6262,16762,16762,19136,12934
8066,0,21760,35630,35630,18069,38895
8067,0,281,10781,10781,17907,39585
8068,0,9235,19735,19735,35287,36277
8069,0,9508,20008,20008,37206,38354
8070,0,968,11468,11468,35228,15563
8071,0,24029,35167,35167,38196,38102
8072,0,3953,14453,14453,15621,11279
8073,0,1939,12439,12439,35696,11309
8074,0,23000,37275,37275,13727,17702
8075,0,1274,11774,11774,16930,38670
8076,0,619,11119,11119,19155,38048
8077,0,25016,37343,37343,12792,39450
8078,0,1742,12242,12242,16796,37907
8079,0,1390,11890,11890,39115,39138
8080,0,2203,12703,12703,13005,11832
8081,0,9771,20271,20271,38697,12561
8082,0,9847,20347,20347,36568,16738
8083,0,3568,14068,14068,35266,38273
8084,0,25099,35138,35138,37250,37524
8085,0,10404,20904,20904,38956,35880
8086,0,6116,16616,16616,15990,39591
8087,0,24604,39550,39550,18481,19675
8088,0,6052,16552,16552,13330,15793
8089,0,3178,13678,13678,18122,11143
8090,0,3192,13692,13692,15145,37071
8091,0,9499,19999,19999,13544,19311
8092,0,6099,16599,16599,11856,36826
8093,0,7029,17529,17529,37803,38797
8094,0,575,11075,11075,12144,20765
8095,0,23707,35146,35146,10760,20997
8096,0,6656,17156,17156,16398,20977
8097,0,7115,17615,17615,18912,15730
8098,0,23022,38671,38671,37830,38841
8099,0,6276,16776,16776,37747,11148
8100,0,9472,19972,19972,19066,13342
8101,0,21876,38075,38075,12854,20390
8102,0,21107,35677,35677,36575,37195
8103,0,5897,16397,16397,36849,13418
8104,0,5724,16224,16224,12510,11297
8105,0,10185,20685,20685,18856,35635
8106,0,24652,35425,35425,35424,16252
8107,0,269,10769,10769,16257,18441
8108,0,629,11129,11129,14220,37721
8109,0,25472,36564,36564,20986,10740
8110,0,3081,13581,13581,12019,39105
8111,0,3466,13966,13966,38583,11112
8112,0,6430,16930,16930,11774,37898
8113,0,22819,38574,38574,15610,39312
8114,0,7062,17562,17562,36602,13262
8115,0,23702,37182,37182,20137,20600
8116,0,24476,36809,36809,20088,19974
8117,0,21997,39243,39243,19859,18877
8118,0,5543,16043,16043,35135,20215
8119,0,10238,20738,20738,38170,14880
8120,0,4356,14856,14856,15045,20962
8121,0,24949,38273,38273,14068,19651
8122,0,2113,12613,12613,11488,13894
8123,0,8219,18719,18719,38628,11275
8124,0,10232,20732,20732,39064,11685
8125,0,23149,36714,36714,15808,19221
8126,0,22245,38832,38832,19945,37619
8127,0,3216,13716,13716,14364,11416
8128,0,3814,14314,14314,39332,37812
8129,0,8321,18821,18821,18811,20896
8130,0,24814,37470,37470,36786,12221
8131,0,2278,12778,12778,36341,36813
8132,0,4599,15099,15099,20715,35164
8133,0,13,10513,10513,36479,18119
8134,0,23561,38440,38440,37271,37744
8135,0,1525,12025,12025,13650,37989
8136,0,2365,12865,12865,20705,14547
8137,0,4648,15148,15148,13247,16930
8138,0,22998,35838,35838,16697,11529
8139,0,21941,36791,36791,14048,18385
8140,0,25095,35126,35126,15881,17858
8141,0,374,10874,10874,38665,36816
8142,0,23126,37367,37367,12137,14362
8143,0,6477,16977,16977,35656,17030
8144,0,525,11025,11025,15315,15642
8145,0,9131,19631,19631,11435,18127
8146,0,21087,39254,39254,36673,20669
8147,0,6895,17395,17395,35366,17241
8148,0,10339,20839,20839,11774,37032
8149,0,3591,14091,14091,12390,13719
8150,0,24954,35700,35700,15088,14603
8151,0,7904,18404,18404,13589,16685
8152,0,2958,13458,13458,37808,16793
8153,0,22548,36409,36409,17142,35235
8154,0,529,11029,11029,12418,15543
8155,0,3714,14214,14214,12068,17394
8156,0,4732,15232,15232,18497,36801
8157,0,9461,19961,19961,15121,15066
8158,0,21968,37067,37067,16377,37112
8159,0,1394,11894,11894,14866,36075
8160,0,22920,36795,36795,12056,11096
8161,0,23268,37176,37176,19716,18093
8162,0,9989,20489,20489,16033,13442
8163,0,22582,35765,35765,19208,38151
8164,0,9633,20133,20133,38563,18899
8165,0,24772,35168,35168,36947,16874
8166,0,24691,39388,39388,18930,14250
8167,0,22598,36597,36597,35429,18993
8168,0,5631,16131,16131,13830,13907
8169,0,9465,19965,19965,38085,37154
8170,0,6563,17063,17063,18578,19852
8171,0,4703,15203,15203,37474,20770
8172,0,1712,12212,12212,15684,10962
8173,0,24319,39229,39229,18857,17530
8174,0,955,11455,11455,10992,18385
8175,0,6675,17175,17175,35241,35144
8176,0,3453,13953,13953,13642,16173
8177,0,9579,20079,20079,36060,13574
8178,0,24422,38680,38680,18012,36863
8179,0,8595,19095,19095,17667,11679
8180,0,2071,12571,12571,16778,16143
8181,0,23190,39202,39202,37033,36755
8182,0,10169,20669,20669,17047,14633
8183,0,158,10658,10658,19411,11160
8184,1,7005,17505,14987,17505,37009
8185,0,21360,36674,36674,36177,17754
8186,0,9094,19594,19594,16071,38064
8187,0,352,10852,10852,11473,15586
8188,0,6078,16578,16578,11853,20195
8189,1,6236,16736,12438,16736,14171
8190,0,22036,36916,36916,36811,37589
8191,0,8946,19446,19446,18965,11732
8192,0,23562,35757,35757,36369,17840
8193,0,23576,39558,39558,12753,12403
8194,0,2920,13420,13420,18573,12634
8195,0,8503,19003,19003,38147,37183
8196,0,4644,15144,15144,18466,17537
8197,0,661,11161,11161,14056,12991
8198,0,7057,17557,17557,35770,13845
8199,0,10181,20681,20681,17921,17765
8200,0,3665,14165,14165,18234,16296
8201,0,7979,18479,18479,15785,14912
8202,0,306,10806,10806,18629,36669
8203,0,21788,35121,35121,20184,18033
8204,0,4790,15290,15290,37301,36596
8205,0,2356,12856,12856,10940,13404
8206,0,23808,36488,36488,12482,11138
8207,0,24020,36590,36590,18161,15430
8208,0,1927,12427,12427,36653,15087
8209,0,25355,38604,38604,11345,15987
8210,0,3427,13927,13927,37861,35577
8211,0,8941,19441,19441,38281,14927
8212,0,3638,14138,14138,14549,20648
8213,0,23542,37354,37354,16405,13091
8214,0,1266,11766,11766,37722,37723
8215,0,1560,12060,12060,16954,14130
8216,0,23229,38665,38665,10874,36816
8217,0,21658,36381,36381,15710,17525
8218,0,10326,20826,20826,19087,11107
8219,0,7179,17679,17679,19307,15005
8220,0,4109,14609,14609,20855,18077
8221,0,7867,18367,18367,13158,14999
8222,0,4904,15404,15404,12442,18408
8223,0,7294,17794,17794,16837,37636
8224,0,514,11014,11014,12002,16486
8225,0,894,11394,11394,13840,11786
8226,0,8601,19101,19101,37640,16837
8227,0,21,10521,10521,10764,16619
8228,0,24251,36171,36171,12915,37697
8229,0,21313,39508,39508,38392,14748
8230,0,899,11399,11399,14461,15065
8231,7,207,10707,39035,38009,18400
8232,0,458,10958,10958,14039,13179
8233,0,10246,20746,20746,15816,11677
8234,0,2430,12930,12930,15174,19996
8235,0,8442,18942,18942,16763,12085
8236,0,21907,36992,36992,36807,14671
8237,0,9299,19799,19799,37332,19259
8238,0,3389,13889,13889,37354,10913
8239,0,9905,20405,20405,14608,15017
8240,0,3911,14411,14411,36918,38659
8241,0,5383,15883,15883,19364,19915
8242,0,8907,19407,19407,11491,19615
8243,0,552,11052,11052,36751,19091
8244,0,9631,20131,20131,14530,36438
8245,0,10462,20962,20962,11848,39177
8246,0,3144,13644,13644,37113,37232
8247,0,6917,17417,17417,17107,19072
8248,0,2056,12556,12556,35197,15488
8249,0,1925,12425,12425,17058,15145
8250,0,634,11134,11134,39074,13431
8251,0,6082,16582,16582,11651,18075
8252,0,8508,19008,19008,19354,17267
8253,0,24266,38515,38515,13529,10726
8254,0,24841,39117,39117,14110,11696
8255,0,8619,19119,19119,13102,36124
8256,0,22252,37477,37477,13107,10948
8257,0,105,10605,10605,35926,19016
8258,31,3041,13541,14074,16179,12100
8259,3,25305,37024,37639,11915,39364
8260,0,10361,20861,20861,15757,35180
8261,0,1709,12209,12209,37925,13899
8262,0,89,10589,10589,10518,36932
8263,0,7014,17514,17514,16296,20490
8264,0,10433,20933,20933,38938,16282
8265,0,3174,13674,13674,11202,18416
8266,0,917,11417,11417,16568,13314
8267,2,7833,18333,14798,12705,18333
8268,0,6732,17232,17232,10715,38140
8269,0,1949,12449,12449,13957,17895
8270,1,24863,36830,38071,36830,17727
8271,0,22756,35634,35634,16254,35299
8272,0,6368,16868,16868,16355,39323
8273,0,1,10501,10501,37647,18793
8274,0,8032,18532,18532,12537,14800
8275,0,22544,37123,37123,12365,38096
8276,0,6047,16547,16547,37127,12040
8277,0,9127,19627,19627,11521,14483
8278,0,21275,38422,38422,13845,20694
8279,0,2720,13220,13220,35378,37741
8280,0,8783,19283,19283,17962,15327
8281,0,23682,39311,39311,17871,11096
8282,1,3117,13617,11387,13617,10749
8283,0,23352,35722,35722,35996,14258
8284,0,24968,38808,38808,15468,36953
8285,0,21126,35234,35234,19308,11967
8286,0,9768,20268,20268,36400,36055
8287,0,3762,14262,14262,37889,38594
8288,0,213,10713,10713,19596,36609
8289,0,778,11278,11278,10679,36185
8290,0,3496,13996,13996,39139,15325
8291,0,23288,37829,37829,37828,18643
8292,0,2043,12543,12543,35818,20602
8293,0,8920,19420,19420,16876,20882
8294,0,5420,15920,15920,20135,37309
8295,0,6154,16654,16654,19655,19607
8296,0,9759,20259,20259,11387,37776
8297,0,8357,18857,18857,39229,16326
8298,0,24737,36352,36352,20619,36057
8299,0,23510,37666,37666,20581,16620
8300,0,21592,37219,37219,38913,12651
8301,0,10205,20705,20705,14341,20062
8302,0,8465,18965,18965,11588,11732
8303,0,24784,36646,36646,36779,13073
8304,0,4167,14667,14667,37162,19531
8305,0,23790,35554,35554,11026,11175
8306,0,3788,14288,14288,37260,39520
8307,0,8586,19086,19086,11347,14616
8308,0,583,11083,11083,15763,15899
8309,0,23522,39464,39464,16793,14550
8310,0,21526,39570,39570,20996,17383
8311,0,116,10616,10616,36656,17973
8312,0,6644,17144,17144,35957,10805
8313,0,21587,38146,38146,13566,38955
8314,2,23199,39522,17158,37469,39522
8315,0,25260,39248,39248,20782,36807
8316,0,23755,38036,38036,35780,14428
8317,0,8712,19212,19212,38087,19078
8318,0,1763,12263,12263,14247,14218
8319,0,1875,12375,12375,20816,18045
8320,0,22040,36751,36751,19492,38527
8321,0,21731,36130,36130,19289,17481
8322,0,10445,20945,20945,15986,17727
8323,0,3224,13724,13724,19077,38434
8324,0,526,11026,11026,35554,17987
8325,0,7725,18225,18225,14416,15923
8326,0,2946,13446,13446,20642,36067
8327,0,4473,14973,14973,35850,17383
8328,9,22098,36685,13071,38835,17133
8329,0,5655,16155,16155,11239,16421
8330,0,8884,19384,19384,37146,17412
8331,0,6059,16559,16559,39205,38401
8332,0,959,11459,11459,36786,12221
8333,0,25262,37230,37230,17125,36832
8334,0,6342,16842,16842,12647,37956
8335,0,3633,14133,14133,11592,38738
8336,0,1050,11550,11550,14479,37729
8337,0,8782,19282,19282,36768,20137
8338,0,8711,19211,19211,20436,37217
8339,0,3380,13880,13880,37762,39178
8340,0,3676,14176,14176,38429,11606
8341,0,5776,16276,16276,12914,11807
8342,0,25420,38163,38163,19159,14679
8343,0,6573,17073,17073,20192,37086
8344,2,5179,15679,16673,20597,15679
8345,0,1607,12107,12107,12960,37539
8346,0,3610,14110,14110,37228,11700
8347,0,23940,39232,39232,14607,12896
8348,0,6635,17135,17135,18300,38505
8349,0,22044,39591,39591,17430,14311
8350,0,10001,20501,20501,38903,12393
8351,0,791,11291,11291,15585,15684
8352,0,8984,19484,19484,16911,13317
8353,0,3056,13556,13556,19788,14476
8354,0,10047,20547,20547,38124,35804
8355,0,1980,12480,12480,12043,12019
8356,0,23816,36019,36019,18691,37459
8357,0,3598,14098,14098,38593,17813
8358,2,933,11433,15451,11669,11433
8359,1,25074,36749,14435,36749,36560
8360,0,24268,37487,37487,37100,18822
8361,0,7424,17924,17924,38578,39463
8362,3,5626,16126,15935,16801,11638
8363,1,1682,12182,37375,12182,39523
8364,0,4179,14679,14679,19159,39438
8365,0,21790,36812,36812,15901,38096
8366,0,6446,16946,16946,18732,15588
8367,0,4116,14616,14616,14817,11056
8368,0,988,11488,11488,10656,14190
8369,0,23799,36297,36297,14367,20429
8370,0,23767,36239,36239,17878,38682
8371,0,2896,13396,13396,17207,17818
8372,0,3778,14278,14278,38394,14514
8373,0,5658,16158,16158,16473,37546
8374,0,25192,36316,36316,20600,10584
8375,0,3093,13593,13593,16050,39451
8376,0,3155,13655,13655,13728,20465
8377,0,21439,35987,35987,19253,37034
8378,0,1823,12323,12323,10828,20892
8379,0,22146,39039,39039,17468,11529
8380,0,1098,11598,11598,13850,16598
8381,0,10396,20896,20896,11163,18071
8382,0,2844,13344,13344,37923,37028
8383,0,9078,19578,19578,37247,12265
8384,0,3342,13842,13842,19943,14556
8385,0,38,10538,10538,37373,17078
8386,0,6540,17040,17040,16459,12294
8387,0,24275,38628,38628,11275,18719
8388,0,8707,19207,19207,17922,10862
8389,0,3356,13856,13856,14797,16964
8390,0,9645,20145,20145,15259,10767
8391,0,21425,36339,36339,10884,17483
8392,0,22841,36395,36395,39425,38596
8393,0,21706,37451,37451,36221,12542
8394,0,21723,35292,35292,13953,11399
8395,0,21279,35780,35780,38036,14428
8396,0,25341,36785,36785,35296,14258
8397,0,7813,18313,18313,37371,16508
8398,0,21402,39185,39185,37923,18385
8399,0,9098,19598,19598,37355,15365
8400,0,8220,18720,18720,13160,18924
8401,0,24366,38442,38442,37640,20035
8402,0,24444,35293,35293,15800,10998
8403,0,2428,12928,12928,15712,39503
8404,0,5043,15543,15543,16350,14643
8405,0,5346,15846,15846,11509,35739
8406,0,8954,19454,19454,19494,13250
8407,0,22406,36533,36533,20200,10789
8408,0,4811,15311,15311,39169,13762
8409,4,8476,18976,35633,18320,37645
8410,0,686,11186,11186,37694,11895
8411,1,4799,15299,36500,15299,11555
8412,0,7437,17937,17937,13148,19974
8413,0,2353,12853,12853,18808,37608
8414,0,6353,16853,16853,13946,20618
8415,1,22555,37999,10871,37999,20519
8416,0,4569,15069,15069,36570,15561
8417,0,8213,18713,18713,16722,10689
8418,0,2752,13252,13252,16742,36154
8419,0,9077,19577,19577,15379,37675
8420,0,8073,18573,18573,38052,13142
8421,0,9109,19609,19609,37514,16152
8422,0,1040,11540,11540,16475,38543
8423,0,7491,17991,17991,35791,14140
8424,0,1265,11765,11765,38330,39327
8425,0,24719,37365,37365,17571,15256
8426,0,23453,38505,38505,12874,36265
8427,0,7059,17559,17559,12839,16942
8428,0,277,10777,10777,16175,10589
8429,0,5084,15584,15584,37047,38098
8430,0,10276,20776,20776,15224,35394
8431,0,9437,19937,19937,39052,12855
8432,0,2382,12882,12882,17981,35423
8433,0,571,11071,11071,20831,18443
8434,0,1435,11935,11935,10576,36606
8435,0,24425,36688,36688,19698,14411
8436,0,9439,19939,19939,15357,14136
8437,0,5352,15852,15852,13562,17801
8438,0,24324,37467,37467,19671,15694
8439,0,25324,36312,36312,11925,13212
8440,0,22275,35300,35300,15274,15003
8441,0,5445,15945,15945,38561,35111
8442,1,1007,11507,39541,11507,38482
8443,0,4543,15043,15043,11344,13308
8444,0,24701,38349,38349,35759,37792
8445,0,23239,38510,38510,20202,36335
8446,0,2064,12564,12564,38970,12433
8447,0,1136,11636,11636,19708,19528
8448,0,9882,20382,20382,35484,13888
8449,0,24867,38483,38483,11044,38001
8450,0,5343,15843,15843,11564,11724
8451,0,10177,20677,20677,19015,19105
8452,0,294,10794,10794,38540,15611
8453,0,9739,20239,20239,17452,20695
8454,0,10204,20704,20704,20769,18846
8455,0,8780,19280,19280,12037,35914
8456,0,21478,36115,36115,11962,19047
8457,0,2403,12903,12903,16289,36153
8458,0,10321,20821,20821,11604,37920
8459,0,3998,14498,14498,11399,18625
8460,0,21225,38593,38593,19174,35859
8461,0,3741,14241,14241,20135,10528
8462,0,24168,36294,36294,39507,15763
8463,0,24574,38716,38716,36243,11544
8464,0,2719,13219,13219,38031,13753
8465,0,24235,38408,38408,37364,35939
8466,0,21943,37307,37307,13278,12511
8467,0,5150,15650,15650,15738,20717
8468,0,2808,13308,13308,35316,17629
8469,0,9017,19517,19517,16296,10703
8470,6,556,11056,38281,38639,18840
8471,0,23758,37988,37988,14888,12747
8472,0,4795,15295,15295,20036,38540
8473,0,2469,12969,12969,15857,36848
8474,0,3738,14238,14238,19650,20578
8475,0,4286,14786,14786,18507,10645
8476,0,21032,37237,37237,35420,16039
8477,0,9908,20408,20408,12583,14057
8478,0,2604,13104,13104,13664,14172
8479,0,362,10862,10862,18126,38866
8480,0,6924,17424,17424,15203,16454
8481,0,1704,12204,12204,38543,37467
8482,0,2139,12639,12639,11049,39577
8483,1,3239,13739,38112,13739,11243
8484,0,2383,12883,12883,37292,15092
8485,0,7314,17814,17814,35244,16086
8486,0,4311,14811,14811,39451,16900
8487,2,9477,19977,16739,14124,19977
8488,0,1312,11812,11812,38307,17093
8489,0,24343,38744,38744,20215,39533
8490,0,3930,14430,14430,20511,16319
8491,0,6183,16683,16683,37459,37541
8492,0,24170,38175,38175,11926,13730
8493,0,1591,12091,12091,16488,11748
8494,0,25063,38683,38683,19599,19168
8495,1,2162,12662,12576,12662,36075
8496,0,2396,12896,12896,39232,17191
8497,0,317,10817,10817,17483,11285
8498,0,9516,20016,20016,36572,17241
8499,0,23826,35897,35897,12639,18305
8500,0,5233,15733,15733,14789,38377
8501,0,25301,37954,37954,37477,10948
8502,0,5068,15568,15568,36883,37620
8503,0,4036,14536,14536,38106,19320
8504,0,8987,19487,19487,13546,14719
8505,0,3020,13520,13520,10526,19608
8506,0,9903,20403,20403,12776,17474
8507,1,22904,36173,15691,36173,37150
8508,0,8228,18728,18728,11551,11667
8509,0,22767,37335,37335,17779,17893
8510,0,9105,19605,19605,39477,38314
8511,0,5295,15795,15795,14956,13132
8512,0,3972,14472,14472,39530,11227
8513,0,5370,15870,15870,15505,13664
8514,0,4133,14633,14633,17047,12041
8515,0,974,11474,11474,14850,12043
8516,0,7291,17791,17791,19975,37231
8517,10,9175,19675,18481,11377,10577
8518,0,954,11454,11454,18147,11664
8519,0,9610,20110,20110,39447,18736
8520,0,9752,20252,20252,11824,20491
8521,0,24896,36921,36921,12337,19314
8522,0,21021,37942,37942,39081,11563
8523,0,21278,37051,37051,15899,37923
8524,0,9547,20047,20047,14332,20301
8525,0,23830,38717,38717,14759,17857
8526,0,5016,15516,15516,20310,12692
8527,0,23788,39188,39188,18653,15660
8528,0,9179,19679,19679,38067,17656
8529,0,22156,35468,35468,17663,13676
8530,0,7490,17990,17990,35476,14379
8531,0,1640,12140,12140,19708,13370
8532,0,1290,11790,11790,15847,17927
8533,0,23294,36467,36467,19031,19750
8534,0,1380,11880,11880,12928,13592
8535,0,1933,12433,12433,11009,12669
8536,0,4675,15175,15175,36056,11131
8537,0,25289,38305,38305,10757,38842
8538,0,22326,35946,35946,38797,12664
8539,0,10222,20722,20722,12651,18515
8540,0,892,11392,11392,37016,16040
8541,0,7287,17787,17787,37248,16177
8542,0,4876,15376,15376,11771,14112
8543,0,22244,36855,36855,19394,39025
8544,0,7906,18406,18406,36694,10713
8545,0,23207,37041,37041,36526,37967
8546,0,8194,18694,18694,35194,11949
8547,0,24028,38673,38673,15890,12477
8548,0,10301,20801,20801,38531,38862
8549,0,9041,19541,19541,16067,12698
8550,0,21385,35523,35523,36371,15555
8551,0,2466,12966,12966,19927,13355
8552,0,7657,18157,18157,19866,14124
8553,0,10106,20606,20606,18748,38540
8554,0,9788,20288,20288,12007,14312
8555,0,1913,12413,12413,38020,18274
8556,0,22458,35956,35956,15862,37619
8557,0,2736,13236,13236,13896,14256
8558,0,726,11226,11226,14302,11089
8559,0,7214,17714,17714,18995,20354
8560,0,8245,18745,18745,36513,10637
8561,0,1796,12296,12296,12273,12365
8562,0,3845,14345,14345,39038,15780
8563,0,6402,16902,16902,11401,35819
8564,0,21861,35339,35339,35447,38197
8565,0,23426,35586,35586,16942,17559
8566,0,936,11436,11436,19897,20731
8567,0,2265,12765,12765,35760,37038
8568,0,824,11324,11324,19929,36876
8569,0,22833,37107,37107,20106,15355
8570,0,7274,17774,17774,17640,39226
8571,0,23723,36187,36187,12323,37720
8572,0,1389,11889,11889,17970,17496
8573,0,3564,14064,14064,11291,19014
8574,0,9076,19576,19576,19140,37619
8575,0,5429,15929,15929,37875,12635
8576,0,7827,18327,18327,13772,38503
8577,0,5690,16190,16190,13591,20183
8578,0,21428,37653,37653,11369,16291
8579,0,7878,18378,18378,19682,35500
8580,0,1868,12368,12368,13838,36739
8581,0,8202,18702,18702,37543,11481
8582,0,21980,36201,36201,17597,16069
8583,0,7486,17986,17986,10764,17614
8584,0,9655,20155,20155,20750,16514
8585,0,806,11306,11306,19684,35160
8586,0,4805,15305,15305,18175,16121
8587,0,23169,37841,37841,36824,20647
8588,0,21781,36854,36854,10856,11942
8589,0,10300,20800,20800,37488,10711
8590,0,21858,38326,38326,15092,39124
8591,0,25224,39530,39530,11001,11273
8592,1,10426,20926,10706,20926,38681
8593,0,9155,19655,19655,20434,12613
8594,0,7511,18011,18011,14378,11023
8595,0,8056,18556,18556,20470,36144
8596,0,4494,14994,14994,39485,36360
8597,0,2632,13132,13132,14830,14778
8598,0,24848,37950,37950,16145,18405
8599,1,8896,19396,37300,19396,36115
8600,0,8623,19123,19123,15986,17727
8601,0,7832,18332,18332,19798,18366
8602,0,4388,14888,14888,15449,37988
8603,0,145,10645,10645,14786,20753
8604,0,6467,16967,16967,19413,36402
8605,0,2033,12533,12533,15007,36137
8606,0,22862,38289,38289,14822,16791
8607,0,1165,11665,11665,39453,39507
8608,0,24794,36286,36286,35397,15364
8609,0,2050,12550,12550,17834,12000
8610,0,3760,14260,14260,38048,35598
8611,0,21024,35410,35410,17493,11704
8612,0,23990,37270,37270,12043,20276
8613,0,4435,14935,14935,11999,19263
8614,0,3430,13930,13930,17570,15227
8615,0,8190,18690,18690,14469,16555
8616,0,22445,37743,37743,37622,36873
8617,0,7069,17569,17569,16476,38379
8618,0,4361,14861,14861,14060,36147
8619,0,21704,35210,35210,14682,13287
8620,0,9454,19954,19954,36226,18207
8621,0,1771,12271,12271,16136,15157
8622,0,3511,14011,14011,20678,35986
8623,0,271,10771,10771,20390,17689
8624,0,23557,37578,37578,18977,35658
8625,0,22931,39561,39561,39423,13755
8626,0,8436,18936,18936,16365,15917
8627,0,22937,37199,37199,37976,20968
8628,0,21933,37358,37358,19768,10855
8629,0,2032,12532,12532,37739,12039
8630,1,21062,36910,11441,36910,17112
8631,0,9005,19505,19505,12811,18074
8632,0,21659,39097,39097,13440,19392
8633,0,3810,14310,14310,12722,17257
8634,0,24093,38064,38064,20970,10582
8635,0,9996,20496,20496,17403,39418
8636,0,24581,39427,39427,11463,39526
8637,0,4346,14846,14846,20880,18837
8638,0,23811,35247,35247,10645,10518
8639,0,545,11045,11045,39530,14472
8640,0,3241,13741,13741,37094,13861
8641,0,8930,19430,19430,12991,38658
8642,0,8502,19002,19002,18497,20071
8643,0,21722,36307,36307,19064,38153
8644,0,9323,19823,19823,11307,38282
8645,2,24508,39472,39585,16824,39472
8646,0,22352,36897,36897,19639,38544
8647,0,21469,35555,35555,16554,12146
8648,0,7564,18064,18064,38216,19166
8649,0,920,11420,11420,10709,14392
8650,0,24817,38277,38277,12216,11985
8651,0,24493,36373,36373,37715,39028
8652,0,6640,17140,17140,18269,38627
8653,0,24641,36745,36745,14163,17739
8654,0,7694,18194,18194,39034,18997
8655,0,8230,18730,18730,37112,14660
8656,1,24287,37245,36571,37245,18090
8657,0,7126,17626,17626,38757,19646
8658,0,4278,14778,14778,18317,13132
8659,0,2983,13483,13483,36522,15076
8660,0,130,10630,10630,36516,17210
8661,0,7980,18480,18480,19281,11881
8662,0,2667,13167,13167,36785,15133
8663,0,7138,17638,17638,35391,10739
8664,0,3223,13723,13723,39591,12043
8665,0,9374,19874,19874,38152,38164
8666,0,7693,18193,18193,16406,13895
8667,0,5392,15892,15892,36231,35276
8668,0,614,11114,11114,11567,38242
8669,0,24200,39450,39450,15845,37444
8670,0,1466,11966,11966,19047,17653
8671,0,4497,14997,14997,12982,38915
8672,0,3042,13542,13542,11197,13363
8673,0,9126,19626,19626,14289,13212
8674,0,2419,12919,12919,13039,39140
8675,0,5085,15585,15585,11291,19014
8676,0,3294,13794,13794,37408,16143
8677,0,6737,17237,17237,38569,10897
8678,0,1500,12000,12000,17537,14482
8679,0,21443,37608,37608,18337,20088
8680,0,9018,19518,19518,14396,38579
8681,0,1521,12021,12021,19501,11500
8682,0,22897,38276,38276,37770,16660
8683,0,21395,35716,35716,39441,19273
8684,0,4232,14732,14732,19536,11589
8685,0,7686,18186,18186,16757,16660
8686,0,8820,19320,19320,14536,19982
8687,0,4430,14930,14930,16852,14995
8688,0,23175,36639,36639,13282,18862
8689,2,390,10890,36024,35680,10890
8690,0,23136,37131,37131,35442,14579
8691,0,25098,39390,39390,19607,16308
8692,0,7124,17624,17624,18255,12488
8693,0,5913,16413,16413,19146,15469
8694,0,21521,36776,36776,17203,11716
8695,0,8592,19092,19092,35457,35183
8696,0,4806,15306,15306,19316,13996
8697,0,23452,38028,38028,18607,10883
8698,0,24158,36145,36145,20041,35404
8699,0,8238,18738,18738,35724,16257
8700,0,8044,18544,18544,14329,38388
8701,0,22929,39270,39270,12896,14751
8702,0,3993,14493,14493,10897,15045
8703,0,25030,36428,36428,15855,12323
8704,0,21049,36512,36512,39452,19974
8705,0,24063,38924,38924,15391,19933
8706,0,6609,17109,17109,37721,18526
8707,0,5319,15819,15819,12028,12081
8708,0,23108,39359,39359,12406,35423
8709,0,7119,17619,17619,17576,14624
8710,0,2421,12921,12921,36545,35372
8711,0,5604,16104,16104,35298,16136
8712,0,1750,12250,12250,36926,15587
8713,0,22081,39329,39329,19982,19882
8714,0,23335,38124,38124,35804,14607
8715,0,24094,36848,36848,19176,18346
8716,0,23123,39170,39170,38068,14149
8717,0,338,10838,10838,19734,17157
8718,2,8407,18907,39347,12845,18907
8719,0,23962,36449,36449,36186,18105
8720,0,1341,11841,11841,10886,13331
8721,0,23310,38915,38915,14997,17694
8722,0,7982,18482,18482,19413,39127
8723,0,22795,36680,36680,39463,37669
8724,0,3640,14140,14140,17991,38542
8725,0,329,10829,10829,39128,12329
8726,0,22380,37845,37845,20452,19147
8727,0,3004,13504,13504,15345,36639
8728,0,6960,17460,17460,36335,11838
8729,0,4090,14590,14590,16405,16965
8730,0,23390,35901,35901,16828,12402
8731,0,9828,20328,20328,20599,11070
8732,0,2322,12822,12822,36686,39227
8733,0,6667,17167,17167,14341,15765
8734,0,7009,17509,17509,17883,19501
8735,0,4197,14697,14697,12792,36654
8736,0,3549,14049,14049,17935,18374
8737,0,9650,20150,20150,35387,19525
8738,0,8363,18863,18863,16837,11179
8739,0,4203,14703,14703,19538,13736
8740,0,24834,38572,38572,12064,19830
8741,0,21833,36355,36355,15701,17438
8742,0,22879,37012,37012,16080,11769
8743,0,23739,38003,38003,17251,12870
8744,0,21541,38997,38997,35408,13874
8745,0,6185,16685,16685,17114,17436
8746,0,1639,12139,12139,38050,17170
8747,0,9130,19630,19630,35392,39134
8748,0,60,10560,10560,12087,16132
8749,0,1240,11740,11740,15748,37810
8750,0,5760,16260,16260,15731,20711
8751,0,5136,15636,15636,39050,38796
8752,0,2343,12843,12843,38657,13635
8753,0,2120,12620,12620,16006,14061
8754,0,1524,12024,12024,13940,16249
8755,0,7617,18117,18117,18788,35519
8756,0,153,10653,10653,37775,11360
8757,0,481,10981,10981,11637,11563
8758,0,6122,16622,16622,35306,14335
8759,0,21130,37246,37246,10886,38388
8760,0,7674,18174,18174,13829,36640
8761,0,7101,17601,17601,10682,35884
8762,0,21291,36706,36706,20276,39270
8763,0,1762,12262,12262,37397,15737
8764,0,8942,19442,19442,37269,12148
8765,0,7715,18215,18215,18918,20944
8766,0,9977,20477,20477,17211,17639
8767,0,21610,38222,38222,15951,39348
8768,0,7479,17979,17979,38781,16593
8769,0,6212,16712,16712,36770,35965
8770,0,25223,37287,37287,17485,11192
8771,0,4853,15353,15353,14469,10755
8772,0,2711,13211,13211,19247,17196
8773,0,6766,17266,17266,15263,11800
8774,0,4150,14650,14650,12579,19707
8775,0,23177,36979,36979,19739,12792
8776,0,1333,11833,11833,14772,14730
8777,0,24432,38718,38718,19880,12206
8778,0,22060,35640,35640,18729,35969
8779,2,8378,18878,39539,37137,18878
8780,0,9328,19828,19828,11337,38604
8781,0,23807,38686,38686,20514,18792
8782,0,23769,39153,39153,36057,36978
8783,0,10250,20750,20750,16514,20155
8784,0,22943,39368,39368,36918,11045
8785,0,3850,14350,14350,11916,38158
8786,0,8340,18840,18840,37270,38564
8787,0,4124,14624,14624,17576,36111
8788,1,24727,37675,36294,37675,10749
8789,1,24650,38044,35318,38044,37193
8790,0,21570,36149,36149,15741,12693
8791,0,4788,15288,15288,36103,38291
8792,0,2866,13366,13366,14672,10921
8793,0,23074,36562,36562,35349,17950
8794,0,1386,11886,11886,11757,12729
8795,0,5941,16441,16441,10742,39317
8796,0,3067,13567,13567,10654,36754
8797,0,22311,38189,38189,12918,35536
8798,0,3629,14129,14129,36891,36892
8799,1,21322,38793,39590,38793,11466
8800,0,25060,37583,37583,16446,10767
8801,0,23161,38021,38021,37387,11438
8802,0,3028,13528,13528,19039,17801
8803,0,2969,13469,13469,17305,20149
8804,0,23225,36258,36258,12024,20379
8805,0,9900,20400,20400,17517,38398
8806,0,24514,35739,35739,15846,38285
8807,0,8646,19146,19146,15469,36229
8808,0,6136,16636,16636,39566,19902
8809,0,8801,19301,19301,13614,11365
8810,0,4263,14763,14763,16018,36009
8811,0,23777,37612,37612,37057,19206
8812,0,645,11145,11145,19016,19994
8813,0,22530,39084,39084,14106,11007
8814,0,2074,12574,12574,38588,36531
8815,1,21352,36838,11415,36838,14988
8816,0,341,10841,10841,17882,20071
8817,0,8041,18541,18541,13340,38448
8818,0,1622,12122,12122,38069,36021
8819,1,21487,37469,20481,37469,39522
8820,0,7141,17641,17641,11652,11061
8821,0,5796,16296,16296,11879,20985
8822,0,7184,17684,17684,37282,17028
8823,0,25325,38596,38596,39425,36395
8824,1,8232,18732,10575,18732,14432
8825,0,5475,15975,15975,15416,38407
8826,0,10281,20781,20781,11765,39327
8827,0,23503,36710,36710,11519,11784
8828,0,10367,20867,20867,37826,37186
8829,0,25455,38487,38487,12424,20463
8830,0,74,10574,10574,36231,16826
8831,0,25068,39436,39436,18068,16297
8832,0,22492,39489,39489,35611,36449
8833,0,22715,35443,35443,19667,14953
8834,0,21390,35966,35966,18360,20425
8835,0,10268,20768,20768,15788,36312
8836,0,8633,19133,19133,17511,35942
8837,0,23297,38446,38446,36082,13460
8838,0,2051,12551,12551,35623,14885
8839,0,2541,13041,13041,13436,20980
8840,0,1301,11801,11801,37539,15763
8841,0,5877,16377,16377,35238,17990
8842,0,7368,17868,17868,35835,35606
8843,0,24332,36216,36216,17680,10564
8844,0,1304,11804,11804,38501,14164
8845,0,8428,18928,18928,12811,35407
8846,0,24084,38239,38239,16995,36581
8847,0,2599,13099,13099,15087,10877
8848,0,21973,37402,37402,14665,36129
8849,0,2573,13073,13073,12127,12653
8850,0,21393,36066,36066,38370,11088
8851,0,3186,13686,13686,39418,17403
8852,0,25047,36739,36739,16103,13838
8853,0,2768,13268,13268,20441,14919
8854,0,4831,15331,15331,18385,37923
8855,0,4223,14723,14723,35840,19064
8856,0,24303,39077,39077,17928,16904
8857,0,2106,12606,12606,15541,35720
8858,0,2679,13179,13179,10958,36903
8859,0,24350,35547,35547,39382,37391
8860,0,21547,37474,37474,11774,35476
8861,0,1387,11887,11887,16793,35407
8862,0,24723,39111,39111,36648,19523
8863,0,23351,38840,38840,35816,12559
8864,0,23747,37995,37995,35720,13991
8865,0,25467,39092,39092,13667,14467
8866,0,7083,17583,17583,16493,19026
8867,0,22659,37958,37958,15917,14436
8868,0,21991,37786,37786,39525,37706
8869,0,1279,11779,11779,13919,20740
8870,0,21314,37815,37815,13042,16593
8871,0,804,11304,11304,20183,11148
8872,0,1555,12055,12055,13370,18775
8873,0,21336,38834,38834,16105,13541
8874,0,21283,35976,35976,12783,36725
8875,0,4566,15066,15066,12043,15588
8876,0,24942,37588,37588,38380,12039
8877,0,25481,39105,39105,11438,20056
8878,0,4841,15341,15341,12272,38270
8879,0,3594,14094,14094,12621,12549
8880,0,6035,16535,16535,39591,37608
8881,0,6852,17352,17352,19467,15209
8882,0,10112,20612,20612,38432,20128
8883,0,8705,19205,19205,11044,38001
8884,0,4177,14677,14677,13709,15145
8885,0,1308,11808,11808,19799,15626
8886,0,9106,19606,19606,13926,14732
8887,1,3452,13952,11310,13952,11861
8888,0,3695,14195,14195,17613,19778
8889,0,4242,14742,14742,36577,17988
8890,0,22067,35942,35942,19090,11331
8891,0,2198,12698,12698,38921,12432
8892,0,8966,19466,19466,35735,14356
8893,0,4425,14925,14925,20558,19414
8894,0,6150,16650,16650,12459,11615
8895,0,943,11443,11443,11692,38337
8896,0,822,11322,11322,17061,39177
8897,0,5005,15505,15505,13104,17985
8898,0,6612,17112,17112,20860,15743
8899,0,21334,37063,37063,35853,16589
8900,0,8356,18856,18856,13037,35671
8901,0,5619,16119,16119,12217,19042
8902,1,4547,15047,14010,15047,11228
8903,0,25439,36769,36769,37694,11895
8904,0,2538,13038,13038,35825,17779
8905,0,24030,39227,39227,11964,38478
8906,0,9503,20003,20003,19915,15883
8907,0,5207,15707,15707,13149,37668
8908,0,24822,38873,38873,13344,20571
8909,0,21694,38115,38115,18589,38723
8910,0,3054,13554,13554,35422,16497
8911,0,3675,14175,14175,14956,38526
8912,0,7776,18276,18276,38913,35411
8913,0,7218,17718,17718,16541,19359
8914,0,6722,17222,17222,19469,36384
8915,0,3300,13800,13800,35406,19882
8916,0,3310,13810,13810,39213,37930
8917,0,7221,17721,17721,11507,38482
8918,0,8519,19019,19019,20368,10633
8919,0,24705,35276,35276,18005,14642
8920,0,5954,16454,16454,14553,15203
8921,0,24745,35592,35592,17384,38240
8922,0,22889,37194,37194,15666,17210
8923,0,832,11332,11332,12040,20258
8924,0,25114,35865,35865,13913,20025
8925,0,3462,13962,13962,18385,14537
8926,0,24735,38597,38597,36903,18044
8927,0,7643,18143,18143,17988,16245
8928,0,54,10554,10554,20597,14057
8929,0,23350,36850,36850,12800,12547
8930,0,3451,13951,13951,15657,17354
8931,0,6305,16805,16805,37333,12909
8932,0,10093,20593,20593,18877,38152
8933,0,1481,11981,11981,16379,13728
8934,0,4873,15373,15373,17726,16165
8935,0,22442,37681,37681,35308,16462
8936,0,8038,18538,18538,11980,17670
8937,0,23567,36936,36936,20283,13250
8938,0,3335,13835,13835,20631,14093
8939,0,6016,16516,16516,38170,19311
8940,0,4926,15426,15426,19364,13299
8941,0,9138,19638,19638,14376,10633
8942,0,5797,16297,16297,39436,19276
8943,0,23946,36079,36079,37906,12699
8944,0,10353,20853,20853,17143,38154
8945,0,21889,39342,39342,19995,35192
8946,0,5083,15583,15583,39580,35938
8947,0,6645,17145,17145,38241,39346
8948,0,23580,37075,37075,37544,10516
8949,0,22630,35843,35843,13523,11778
8950,0,5490,15990,15990,38844,19311
8951,0,768,11268,11268,16917,14631
8952,0,2065,12565,12565,11445,36878
8953,10,21588,38852,14800,14579,20577
8954,0,23387,36281,36281,14435,11396
8955,0,7311,17811,17811,15007,17253
8956,0,8477,18977,18977,37578,16973
8957,0,21725,39503,39503,20518,17714
8958,0,4524,15024,15024,20269,15131
8959,0,24840,36162,36162,18566,13368
8960,0,25012,35118,35118,13593,17304
8961,0,2717,13217,13217,10998,15800
8962,0,2079,12579,12579,19707,14650
8963,0,23333,36175,36175,17033,10522
8964,0,8914,19414,19414,35422,15564
8965,0,951,11451,11451,39526,39427
8966,0,8058,18558,18558,13908,12346
8967,0,2482,12982,12982,14997,18127
8968,0,10454,20954,20954,19112,20725
8969,0,9181,19681,19681,12541,20632
8970,0,25424,35998,35998,15929,19203
8971,0,1759,12259,12259,11630,36538
8972,0,9984,20484,20484,19540,35380
8973,0,4422,14922,14922,38962,15666
8974,0,6704,17204,17204,17046,15065
8975,0,9916,20416,20416,18470,15155
8976,0,5182,15682,15682,35872,16143
8977,0,8533,19033,19033,11359,15039
8978,0,3701,14201,14201,14461,19262
8979,0,4243,14743,14743,14378,13244
8980,0,688,11188,11188,37209,12616
8981,0,3432,13932,13932,36358,20857
8982,0,24936,37989,37989,13650,12025
8983,0,4944,15444,15444,10523,19835
8984,0,966,11466,11466,39590,11072
8985,0,25265,39154,39154,17978,19947
8986,0,21882,38831,38831,38183,12631
8987,0,10395,20895,20895,37866,13914
8988,0,2713,13213,13213,17511,13367
8989,0,4757,15257,15257,20276,35180
8990,0,21026,37884,37884,20673,19332
8991,0,22075,36944,36944,18381,38303
8992,0,23121,38917,38917,20110,18330
8993,0,6320,16820,16820,16827,16937
8994,0,23900,38066,38066,35223,15845
8995,0,5975,16475,16475,11540,15694
8996,0,3572,14072,14072,36344,36849
8997,0,22933,37591,37591,38179,35431
8998,0,5299,15799,15799,36966,13144
8999,0,1990,12490,12490,13618,18927
9000,0,25388,36906,36906,36508,15451
9001,0,24986,37545,37545,14220,39410
9002,0,1205,11705,11705,37085,18931
9003,0,24605,38084,38084,35193,11447
9004,0,23730,37644,37644,17795,39109
9005,0,4971,15471,15471,17674,11592
9006,0,23754,39182,39182,10576,12376
9007,0,21721,37820,37820,12708,12601
9008,0,6783,17283,17283,13986,12333
9009,0,3600,14100,14100,15868,11835
9010,0,6490,16990,16990,36699,35212
9011,0,8609,19109,19109,20183,16190
9012,0,25058,39559,39559,38484,17596
9013,0,21863,38164,38164,12460,12524
9014,0,8070,18570,18570,37015,11704
9015,0,8577,19077,19077,13767,19027
9016,0,7973,18473,18473,18915,35343
9017,0,24962,38568,38568,14005,12237
9018,0,1625,12125,12125,39195,35550
9019,0,536,11036,11036,13392,37989
9020,0,8766,19266,19266,20032,16667
9021,0,7970,18470,18470,20416,14666
9022,0,23842,37818,37818,15235,38565
9023,0,4212,14712,14712,12077,38903
9024,0,6456,16956,16956,20892,14209
9025,0,3507,14007,14007,16221,19801
9026,1,8393,18893,20524,18893,19683
9027,0,9524,20024,20024,37020,18236
9028,0,7112,17612,17612,36289,38017
9029,0,24134,36288,36288,38398,16852
9030,0,2708,13208,13208,20046,20926
9031,0,5031,15531,15531,12200,13617
9032,0,6514,17014,17014,11079,13595
9033,0,4662,15162,15162,36859,18290
9034,0,4021,14521,14521,14823,12751
9035,0,1854,12354,12354,12348,13798
9036,0,25140,38746,38746,12980,15552
9037,0,2872,13372,13372,11186,13074
9038,0,3030,13530,13530,19475,13764
9039,0,9397,19897,19897,20946,17686
9040,0,1645,12145,12145,13490,12829
9041,0,3417,13917,13917,36687,35534
9042,0,3476,13976,13976,16640,17895
9043,0,21828,38925,38925,13315,19087
9044,0,22105,35647,35647,36841,37654
9045,0,1792,12292,12292,17210,37186
9046,0,3797,14297,14297,12931,35194
9047,0,3368,13868,13868,35335,14966
9048,0,23548,36153,36153,12903,35695
9049,0,21300,36319,36319,36085,20821
9050,0,7196,17696,17696,11252,12635
9051,0,23709,39064,39064,14665,11685
9052,0,5109,15609,15609,18351,20607
9053,0,6024,16524,16524,12043,19974
9054,0,22042,36235,36235,14698,12924
9055,0,8795,19295,19295,38655,18625
9056,0,23275,35842,35842,11731,15846
9057,0,23171,38545,38545,10707,38363
9058,0,126,10626,10626,16909,37366
9059,0,5959,16459,16459,12294,16177
9060,0,3876,14376,14376,19638,19019
9061,0,24955,35721,35721,10809,19097
9062,0,4451,14951,14951,12041,19789
9063,0,7147,17647,17647,14922,37463
9064,0,3531,14031,14031,18647,35874
9065,0,22182,35516,35516,12417,17892
9066,0,827,11327,11327,35271,19872
9067,0,9831,20331,20331,18038,16685
9068,0,7790,18290,18290,10828,18835
9069,0,984,11484,11484,19740,11969
9070,0,22256,36067,36067,13446,20642
9071,0,22979,35791,35791,17991,14626
9072,0,7783,18283,18283,13499,36371
9073,0,10380,20880,20880,15662,18837
9074,0,23141,38969,38969,37403,18413
9075,0,2443,12943,12943,20112,19408
9076,0,8554,19054,19054,14100,39451
9077,0,24327,35135,35135,11435,18127
9078,0,345,10845,10845,38887,12115
9079,0,814,11314,11314,16733,20758
9080,0,6166,16666,16666,37007,36496
9081,0,23281,37593,37593,38490,17541
9082,0,22030,35991,35991,12932,38463
9083,0,23711,38215,38215,17210,37530
9084,0,22201,39264,39264,17532,20560
9085,0,21909,36111,36111,12586,14624
9086,12,21071,36892,15712,18427,16886
9087,0,5779,16279,16279,10565,16436
9088,0,2116,12616,12616,18615,15701
9089,0,10026,20526,20526,15698,15409
9090,0,793,11293,11293,16226,14915
9091,0,25469,39514,39514,38996,20131
9092,0,6898,17398,17398,35315,14585
9093,0,2674,13174,13174,15071,19311
9094,0,94,10594,10594,36614,15892
9095,0,4225,14725,14725,17463,14345
9096,0,3756,14256,14256,14432,19974
9097,0,2891,13391,13391,18159,15842
9098,0,2371,12871,12871,36310,38769
9099,0,24621,36014,36014,13112,11396
9100,0,24198,38684,38684,36667,15565
9101,0,3228,13728,13728,20224,37791
9102,0,7863,18363,18363,36516,38056
9103,0,6359,16859,16859,20317,39375
9104,2,23231,39340,11142,14730,39340
9105,0,23564,37696,37696,11440,38736
9106,0,7326,17826,17826,13791,36184
9107,0,6028,16528,16528,10672,12636
9108,0,22664,35639,35639,38657,13986
9109,0,22798,38023,38023,16837,18385
9110,0,21056,35698,35698,16208,12381
9111,0,1865,12365,12365,38096,37123
9112,0,4612,15112,15112,36703,12254
9113,0,10049,20549,20549,14130,36144
9114,0,2645,13145,13145,37539,12031
9115,0,2243,12743,12743,17234,12459
9116,0,5373,15873,15873,16055,37936
9117,0,2336,12836,12836,18489,38234
9118,0,950,11450,11450,12967,37227
9119,0,22392,35854,35854,13884,35830
9120,0,1120,11620,11620,15154,19496
9121,0,23568,35383,35383,35296,37795
9122,0,2204,12704,12704,18407,12156
9123,0,419,10919,10919,12042,35360
9124,0,922,11422,11422,12740,14927
9125,0,9446,19946,19946,12510,11297
9126,0,8669,19169,19169,35449,15632
9127,0,10227,20727,20727,18244,18650
9128,0,5408,15908,15908,11575,37092
9129,0,5788,16288,16288,17652,17573
9130,0,5742,16242,16242,13247,14712
9131,0,7667,18167,18167,39257,38651
9132,0,5567,16067,16067,19541,12698
9133,0,8135,18635,18635,11364,19601
9134,0,1202,11702,11702,18714,12040
9135,0,22729,35412,35412,18675,15814
9136,0,5765,16265,16265,39290,14335
9137,0,8389,18889,18889,11527,14197
9138,0,1970,12470,12470,14946,35119
9139,0,21901,35896,35896,18772,14417
9140,0,4018,14518,14518,35989,12467
9141,0,10343,20843,20843,14299,36269
9142,0,3687,14187,14187,15047,37808
9143,0,23914,37702,37702,11718,35317
9144,0,1997,12497,12497,19642,10777
9145,0,4033,14533,14533,20189,13372
9146,0,21505,39440,39440,19153,35457
9147,0,25362,35840,35840,35742,19064
9148,0,1248,11748,11748,16522,18763
9149,0,2192,12692,12692,16170,13997
9150,0,2712,13212,13212,15788,19626
9151,0,9184,19684,19684,18210,11167
9152,0,2190,12690,12690,20497,13190
9153,0,4670,15170,15170,11680,13808
9154,0,5142,15642,15642,10856,39519
9155,0,5984,16484,16484,37193,16022
9156,0,6565,17065,17065,37421,13020
9157,0,7804,18304,18304,38082,12396
9158,0,24234,36548,36548,19723,39318
9159,0,6943,17443,17443,17988,16186
9160,0,22966,36383,36383,19445,12414
9161,0,22377,37497,37497,17504,11558
9162,0,9510,20010,20010,11109,18259
9163,0,10055,20555,20555,15476,12898
9164,0,23708,35129,35129,12663,15211
9165,0,24711,35235,35235,17142,37794
9166,0,2136,12636,12636,19692,18101
9167,0,1065,11565,11565,14826,20005
9168,0,600,11100,11100,35183,10518
9169,0,4227,14727,14727,12673,16122
9170,0,22525,35407,35407,12572,17568
9171,0,7577,18077,18077,37063,37409
9172,0,77,10577,10577,18402,17132
9173,0,7546,18046,18046,18914,18864
9174,0,2898,13398,13398,19510,20428
9175,0,4820,15320,15320,16406,35513
9176,0,9506,20006,20006,12593,38348
9177,0,25338,38559,38559,38182,15845
9178,0,6413,16913,16913,17579,13244
9179,0,9444,19944,19944,18616,20074
9180,0,9064,19564,19564,20005,11565
9181,0,25291,36636,36636,39456,14740
9182,0,8007,18507,18507,14786,12101
9183,0,5468,15968,15968,37216,11278
9184,0,5951,16451,16451,16215,18393
9185,0,23989,39247,39247,18730,20501
9186,0,25191,35751,35751,35463,36741
9187,0,3391,13891,13891,35714,14984
9188,0,5415,15915,15915,36324,35431
9189,0,2560,13060,13060,18865,37370
9190,0,23939,39430,39430,36571,11745
9191,0,8162,18662,18662,13350,11297
9192,0,2635,13135,13135,39467,15552
9193,0,5256,15756,15756,36848,37267
9194,0,3530,14030,14030,38666,39287
9195,0,8567,19067,19067,14119,18788
9196,0,1908,12408,12408,16299,12876
9197,0,23719,37215,37215,18864,18802
9198,0,25011,38500,38500,12186,10694
9199,0,235,10735,10735,12696,36064
9200,0,21047,36813,36813,12469,12778
9201,0,1604,12104,12104,20069,15145
9202,0,7984,18484,18484,14984,11794
9203,0,9310,19810,19810,11580,12531
9204,0,25235,36463,36463,10854,12996
9205,0,3490,13990,13990,13486,15915
9206,2,24938,39374,18964,12367,39374
9207,0,21877,35744,35744,18664,19706
9208,0,1994,12494,12494,17923,35632
9209,0,2824,13324,13324,14353,18255
9210,0,21017,38535,38535,19892,12343
9211,1,21065,35162,14461,35162,13280
9212,0,1342,11842,11842,19352,12945
9213,0,8512,19012,19012,16030,35376
9214,0,1619,12119,12119,13143,17119
9215,0,22394,36499,36499,15690,15241
9216,0,5287,15787,15787,36736,12638
9217,0,2060,12560,12560,12769,19213
9218,0,21904,39526,39526,11451,39427
9219,0,2219,12719,12719,14665,19985
9220,0,9865,20365,20365,36069,19614
9221,0,6038,16538,16538,15554,20956
9222,0,260,10760,10760,20997,35146
9223,0,25485,38654,38654,11525,20654
9224,0,10231,20731,20731,17686,17769
9225,0,23490,37571,37571,13045,17791
9226,0,9093,19593,19593,10831,19311
9227,0,3744,14244,14244,19309,17621
9228,0,2026,12526,12526,11223,18916
9229,0,6988,17488,17488,12461,16052
9230,0,4234,14734,14734,17126,37184
9231,0,1917,12417,12417,15970,17439
9232,0,1828,12328,12328,37361,37931
9233,0,9765,20265,20265,14736,35312
9234,0,23649,37201,37201,18042,36537
9235,0,23506,37535,37535,16130,37933
9236,0,6233,16733,16733,11314,20758
9237,0,21012,38606,38606,19596,18023
9238,0,25354,37440,37440,11115,11563
9239,0,6283,16783,16783,15826,19707
9240,0,4208,14708,14708,17073,10801
9241,0,25080,37413,37413,10906,10522
9242,0,224,10724,10724,35372,12101
9243,0,8915,19415,19415,20654,38296
9244,0,10002,20502,20502,10655,17534
9245,0,9333,19833,19833,13657,35181
9246,0,21384,38315,38315,37184,17126
9247,0,6469,16969,16969,38602,20633
9248,0,22066,38729,38729,18718,39500
9249,0,23040,38340,38340,39526,18722
9250,0,23687,39190,39190,20305,16503
9251,0,25245,35548,35548,11558,37497
9252,0,846,11346,11346,19044,18445
9253,0,4289,14789,14789,15733,17449
9254,0,5560,16060,16060,12019,39263
9255,0,21615,37828,37828,18643,38015
9256,0,2551,13051,13051,37888,11503
9257,0,21068,35714,35714,38333,13891
9258,0,117,10617,10617,10553,14681
9259,0,8837,19337,19337,14525,17271
9260,0,5966,16466,16466,36483,19155
9261,0,8195,18695,18695,17234,37539
9262,0,21179,36956,36956,18318,17117
9263,0,8659,19159,19159,14679,38163
9264,0,7489,17989,17989,38837,36492
9265,0,5,10505,10505,15685,19062
9266,0,5342,15842,15842,38841,36921
9267,0,9111,19611,19611,39216,15045
9268,0,25270,35381,35381,14565,10893
9269,0,4324,14824,14824,13377,36494
9270,0,1063,11563,11563,16509,19721
9271,0,2590,13090,13090,11940,35981
9272,0,8434,18934,18934,35457,39270
9273,0,21750,37640,37640,36184,12410
9274,0,9352,19852,19852,15347,18578
9275,0,21910,35656,35656,11631,16977
9276,0,3735,14235,14235,17707,13915
9277,0,25180,35183,35183,13836,11365
9278,0,3517,14017,14017,11198,36701
9279,0,6986,17486,17486,15270,16729
9280,0,21171,36207,36207,12696,10735
9281,0,25110,35349,35349,18257,17785
9282,0,6767,17267,17267,19008,14934
9283,1,5622,16122,12916,16122,17663
9284,0,1605,12105,12105,12643,39202
9285,0,1733,12233,12233,16842,11768
9286,0,21621,35110,35110,16800,19620
9287,0,23978,35495,35495,19469,39455
9288,0,24286,38617,38617,11101,36111
9289,0,9504,20004,20004,14404,38266
9290,0,25108,36234,36234,20463,36747
9291,0,3812,14312,14312,12007,20288
9292,0,23938,39041,39041,15349,17555
9293,0,25287,35148,35148,11596,11453
9294,0,10167,20667,20667,13652,14568
9295,0,22768,36300,36300,13549,20996
9296,0,1761,12261,12261,38399,15516
9297,0,5401,15901,15901,12365,36812
9298,0,2739,13239,13239,15772,16718
9299,0,22123,39049,39049,15158,39321
9300,0,2472,12972,12972,36193,13546
9301,20,6738,17238,18025,20987,12438
9302,0,6891,17391,17391,18261,11935
9303,0,24989,36793,36793,19561,11738
9304,0,7943,18443,18443,20504,14271
9305,0,25052,37504,37504,13086,35260
9306,0,9685,20185,20185,12274,35513
9307,0,4206,14706,14706,20168,20510
9308,0,6371,16871,16871,13971,20462
9309,0,10350,20850,20850,19685,20131
9310,0,9361,19861,19861,12785,14114
9311,0,10348,20848,20848,15181,17895
9312,0,232,10732,10732,35985,38996
9313,0,8258,18758,18758,12373,37677
9314,0,7561,18061,18061,15265,20589
9315,0,9795,20295,20295,11733,14682
9316,0,6168,16668,16668,11769,36144
9317,0,25368,36069,36069,20365,18514
9318,0,3596,14096,14096,19281,37533
9319,4,6288,16788,20234,11783,39279
9320,0,4632,15132,15132,20685,38005
9321,0,125,10625,10625,38114,18495
9322,0,7641,18141,18141,15382,19705
9323,0,6229,16729,16729,17486,18401
9324,0,21361,38136,38136,11323,38696
9325,0,1296,11796,11796,38838,11130
9326,0,1976,12476,12476,15110,37654
9327,0,21040,38825,38825,12542,38380
9328,0,25279,38764,38764,19307,14411
9329,0,10267,20767,20767,11617,38834
9330,0,23544,37366,37366,12725,20169
9331,0,5750,16250,16250,17180,19882
9332,0,8152,18652,18652,12656,19173
9333,0,24672,39155,39155,19227,11740
9334,0,3086,13586,13586,15349,37294
9335,0,21427,38521,38521,15011,12485
9336,0,6882,17382,17382,35395,11172
9337,0,23886,38563,38563,37924,18899
9338,0,7673,18173,18173,15998,19580
9339,0,3345,13845,13845,19215,12031
9340,0,8172,18672,18672,16213,38887
9341,0,21744,38740,38740,14881,36910
9342,0,5870,16370,16370,16530,15262
9343,0,6506,17006,17006,16038,17196
9344,0,2797,13297,13297,15822,15661
9345,0,918,11418,11418,16367,19775
9346,0,1646,12146,12146,14074,39056
9347,0,5122,15622,15622,19271,12601
9348,0,5126,15626,15626,11878,19259
9349,0,25441,37764,37764,17663,19201
9350,0,24607,38217,38217,37062,39577
9351,0,4621,15121,15121,19961,15066
9352,0,6809,17309,17309,38483,19501
9353,0,364,10864,10864,39326,18382
9354,0,21282,36073,36073,39304,16404
9355,0,2125,12625,12625,18573,13142
9356,0,8150,18650,18650,20524,15461
9357,0,24372,36909,36909,11426,13653
9358,0,22474,37355,37355,19598,12777
9359,0,8717,19217,19217,13505,17748
9360,0,25130,37607,37607,16968,18179
9361,0,55,10555,10555,39586,39518
9362,0,638,11138,11138,18356,35309
9363,0,302,10802,10802,19320,38749
9364,0,22829,35552,35552,17803,16840
9365,0,5811,16311,16311,39523,37375
9366,0,1276,11776,11776,15621,20731
9367,0,23157,37506,37506,17906,18976
9368,0,10247,20747,20747,20725,10705
9369,0,21552,38162,38162,11474,19974
9370,0,23414,37931,37931,37819,13501
9371,0,4432,14932,14932,13640,12147
9372,0,3644,14144,14144,15082,20684
9373,0,4143,14643,14643,15543,11029
9374,0,2878,13378,13378,16415,15605
9375,0,24026,36988,36988,35521,39169
9376,0,6493,16993,16993,14065,13350
9377,0,23066,37961,37961,11052,19509
9378,0,10478,20978,20978,17614,17779
9379,0,10453,20953,20953,14775,20737
9380,0,5240,15740,15740,16329,13699
9381,0,23657,38714,38714,14222,17636
9382,0,10488,20988,20988,10679,18796
9383,0,6937,17437,17437,11787,11081
9384,0,7240,17740,17740,12670,12681
9385,0,9945,20445,20445,12643,16900
9386,0,23532,37983,37983,16087,11107
9387,0,10160,20660,20660,17287,12334
9388,0,2593,13093,13093,20122,14468
9389,0,23047,35903,35903,13329,36550
9390,0,2393,12893,12893,36942,19625
9391,0,523,11023,11023,19119,35798
9392,0,6376,16876,16876,19420,10997
9393,0,6981,17481,17481,36130,13829
9394,0,23722,38310,38310,11903,15763
9395,0,6677,17177,17177,12019,11978
9396,0,3900,14400,14400,17087,35636
9397,0,24699,39054,39054,16203,38521
9398,0,21264,37485,37485,36129,14665
9399,0,5585,16085,16085,37265,18393
9400,0,21756,38648,38648,13667,39092
9401,0,7956,18456,18456,15502,37967
9402,0,7570,18070,18070,13257,12482
9403,0,22208,35908,35908,16230,19664
9404,0,6777,17277,17277,36887,12019
9405,0,22142,36942,36942,12436,20652
9406,6,10161,20661,17463,11457,14423
9407,0,671,11171,11171,14572,12477
9408,0,4188,14688,14688,37808,38445
9409,0,666,11166,11166,17196,16057
9410,0,3266,13766,13766,11491,15865
9411,0,1887,12387,12387,35329,35489
9412,0,23068,36052,36052,35830,37345
9413,0,8472,18972,18972,18838,16966
9414,0,9911,20411,20411,12553,13553
9415,0,22810,35733,35733,18180,19693
9416,0,23036,37241,37241,20200,18461
9417,0,9091,19591,19591,14016,16664
9418,0,7687,18187,18187,35648,17978
9419,0,6031,16531,16531,15464,37970
9420,2,25432,39348,16824,39585,39348
9421,0,6090,16590,16590,14790,20429
9422,0,6238,16738,16738,35520,36465
9423,0,7350,17850,17850,38933,18489
9424,0,7830,18330,18330,20800,16925
9425,0,760,11260,11260,10858,19873
9426,0,6254,16754,16754,38387,37906
9427,0,1906,12406,12406,35423,39359
9428,0,25497,36828,36828,18610,15298
9429,0,22501,36609,36609,10768,14880
9430,6,24419,36924,10848,14461,18602
9431,0,3818,14318,14318,11838,38760
9432,0,6269,16769,16769,18408,11919
9433,1,4300,14800,39163,14800,10696
9434,5,5569,16069,39523,37808,37375
9435,0,7941,18441,18441,38165,11563
9436,1,22378,35379,13850,35379,11598
9437,0,4164,14664,14664,37333,18749
9438,0,23408,35817,35817,18340,17651
9439,0,5971,16471,16471,36201,37788
9440,0,3579,14079,14079,19323,20444
9441,0,2832,13332,13332,36844,17174
9442,0,5449,15949,15949,37883,17706
9443,1,3472,13972,38519,13972,36301
9444,0,6327,16827,16827,13690,16937
9445,0,137,10637,10637,36927,13930
9446,0,7043,17543,17543,14481,19151
9447,0,4892,15392,15392,19869,17174
9448,0,2180,12680,12680,13821,37773
9449,0,10320,20820,20820,12144,20470
9450,0,7730,18230,18230,19367,37538
9451,0,3177,13677,13677,11503,37841
9452,0,4854,15354,15354,12015,16499
9453,0,4637,15137,15137,19193,16660
9454,1,5115,15615,16988,15615,35348
9455,0,22296,38799,38799,14112,19463
9456,0,7648,18148,18148,18497,17882
9457,0,4261,14761,14761,35196,13433
9458,0,22813,37130,37130,19363,37539
9459,0,1331,11831,11831,15992,35662
9460,0,10209,20709,20709,39169,10733
9461,0,21856,37328,37328,19876,14311
9462,0,23451,35268,35268,19205,39048
9463,0,7002,17502,17502,15015,37936
9464,0,9550,20050,20050,38327,16046
9465,0,6941,17441,17441,13370,11483
9466,0,8017,18517,18517,38251,36731
9467,0,6241,16741,16741,37463,18553
9468,0,9521,20021,20021,38830,16756
9469,0,24355,39571,39571,13319,10933
9470,0,6881,17381,17381,20729,36477
9471,0,25146,37645,37645,18320,17602
9472,0,10342,20842,20842,18159,35771
9473,0,4530,15030,15030,38242,38997
9474,0,10314,20814,20814,11589,20752
9475,0,4673,15173,15173,16611,14428
9476,0,25208,36767,36767,15613,37588
9477,0,6996,17496,17496,11889,17970
9478,0,1252,11752,11752,18433,39182
9479,0,22639,36064,36064,11337,10735
9480,0,3374,13874,13874,38997,10632
9481,0,2814,13314,13314,20176,16568
9482,1,4719,15219,38886,15219,16179
9483,0,6544,17044,17044,13644,13609
9484,0,10040,20540,20540,12574,13980
9485,0,4858,15358,15358,38679,13750
9486,0,7901,18401,18401,19766,20910
9487,0,23553,35823,35823,36909,36092
9488,0,8580,19080,19080,14869,18257
9489,0,8427,18927,18927,13618,12490
9490,0,1077,11577,11577,11179,17430
9491,0,10176,20676,20676,17317,15577
9492,0,4363,14863,14863,11860,13619
9493,0,23670,36748,36748,11096,11024
9494,0,770,11270,11270,16107,11563
9495,0,10357,20857,20857,16784,36435
9496,0,21028,37319,37319,37248,17787
9497,0,8865,19365,19365,19159,17401
9498,0,249,10749,10749,11387,37776
9499,0,9766,20266,20266,11945,36691
9500,0,7239,17739,17739,36745,16981
9501,0,3419,13919,13919,10645,37459
9502,0,10273,20773,20773,15507,13202
9503,0,10015,20515,20515,38781,12448
9504,0,24977,39001,39001,35736,36706
9505,0,4976,15476,15476,12898,10567
9506,0,4544,15044,15044,17258,12927
9507,0,5565,16065,16065,36917,13057
9508,0,7939,18439,18439,15117,14323
9509,0,716,11216,11216,17623,20627
9510,0,23367,39082,39082,16937,16820
9511,0,22479,36932,36932,16632,38422
9512,0,2048,12548,12548,14812,12403
9513,0,5997,16497,16497,18142,13554
9514,0,6600,17100,17100,16238,20741
9515,0,7245,17745,17745,36850,12547
9516,0,23760,38050,38050,14264,12139
9517,0,4178,14678,14678,20723,19377
9518,0,4809,15309,15309,12392,38365
9519,0,24163,35510,35510,18981,35820
9520,0,24584,38829,38829,20761,10690
9521,0,7140,17640,17640,17774,39226
9522,0,7190,17690,17690,12043,35254
9523,0,1460,11960,11960,39487,14176
9524,0,5989,16489,16489,35160,16078
9525,0,9860,20360,20360,19614,11357
9526,0,24640,35542,35542,15626,12850
9527,0,2000,12500,12500,13137,11718
9528,0,23508,37357,37357,17025,12638
9529,0,24031,37399,37399,12523,11746
9530,0,8175,18675,18675,20640,11938
9531,0,404,10904,10904,17338,18605
9532,4,384,10884,18543,20767,11773
9533,0,22322,38779,38779,37271,38440
9534,1,22307,38835,13071,38835,16816
9535,0,10344,20844,20844,20885,15808
9536,0,1633,12133,12133,19791,20552
9537,0,22517,38929,38929,16736,38951
9538,0,25393,38366,38366,17626,38757
9539,0,4784,15284,15284,14080,14309
9540,0,21108,38794,38794,20088,19068
9541,0,6970,17470,17470,38985,37082
9542,0,3925,14425,14425,11393,11387
9543,0,24611,38122,38122,39437,18613
9544,0,4158,14658,14658,11668,17986
9545,0,7449,17949,17949,38017,38506
9546,0,22338,37734,37734,12516,12360
9547,0,21076,38144,38144,12854,17083
9548,0,8415,18915,18915,12809,35343
9549,0,2193,12693,12693,11122,19936
9550,0,25409,35922,35922,20212,38160
9551,0,25340,37255,37255,39248,36807
9552,0,10016,20516,20516,39472,38354
9553,0,1015,11515,11515,35164,11125
9554,0,5124,15624,15624,14674,20767
9555,0,24713,37758,37758,12410,13882
9556,0,7418,17918,17918,35964,36694
9557,0,7409,17909,17909,13310,38304
9558,0,8989,19489,19489,16573,11351
9559,0,2871,13371,13371,14339,17150
9560,0,9,10509,10509,39403,17480
9561,0,10136,20636,20636,38701,11378
9562,0,1838,12338,12338,16901,13621
9563,0,4804,15304,15304,15346,12986
9564,0,255,10755,10755,17145,14469
9565,0,7026,17526,17526,11997,38630
9566,0,5713,16213,16213,18672,12887
9567,0,21216,37271,37271,38440,38779
9568,0,3324,13824,13824,18554,17770
9569,0,7714,18214,18214,12017,11795
9570,0,1581,12081,12081,17494,12773
9571,0,25492,35742,35742,11321,11662
9572,0,924,11424,11424,17965,36996
9573,0,2779,13279,13279,14395,16858
9574,0,25253,35294,35294,11128,16685
9575,0,7891,18391,18391,12783,19620
9576,0,6132,16632,16632,16401,15563
9577,0,22350,37810,37810,15748,39155
9578,0,5320,15820,15820,36204,19029
9579,0,7312,17812,17812,13847,36430
9580,0,7102,17602,17602,13523,15016
9581,0,6042,16542,16542,17757,35515
9582,0,3775,14275,14275,12384,12693
9583,0,4835,15335,15335,18584,14819
9584,0,25351,36922,36922,13507,15838
9585,1,4964,15464,16148,15464,13983
9586,0,24677,35565,35565,16030,15472
9587,0,539,11039,11039,16426,15526
9588,0,7483,17983,17983,14303,11743
9589,0,2745,13245,13245,14908,18845
9590,0,3719,14219,14219,10823,37618
9591,0,25134,38906,38906,38980,35187
9592,0,6819,17319,17319,38673,17942
9593,0,22447,38253,38253,20070,39176
9594,0,9337,19837,19837,17400,18738
9595,0,24289,37913,37913,18031,12510
9596,0,4468,14968,14968,19300,10829
9597,0,667,11167,11167,14223,13711
9598,0,7575,18075,18075,16582,35158
9599,0,24914,35805,35805,19293,12158
9600,0,8549,19049,19049,14057,20410
9601,0,5063,15563,15563,37265,12419
9602,0,21267,35617,35617,38576,35243
9603,0,21669,35569,35569,35168,14932
9604,0,1353,11853,11853,16578,20195
9605,0,24693,37917,37917,11860,16746
9606,0,7114,17614,17614,14086,20978
9607,0,24065,39260,39260,18708,12692
9608,0,8662,19162,19162,11964,38760
9609,0,2703,13203,13203,14173,18785
9610,1,3330,13830,11469,13830,10659
9611,0,8053,18553,18553,15666,35792
9612,0,24778,36423,36423,17627,15588
9613,0,9588,20088,20088,19690,36809
9614,0,3584,14084,14084,17689,35485
9615,0,25249,38771,38771,19765,15797
9616,0,23582,38048,38048,14260,35598
9617,1,5645,16145,20636,16145,37950
9618,0,3376,13876,13876,12784,20546
9619,0,1256,11756,11756,38040,18120
9620,0,6190,16690,16690,18374,13745
9621,0,21474,36298,36298,39081,16584
9622,0,21070,38437,38437,37357,35966
9623,1,25423,38564,11056,38564,20189
9624,0,9442,19942,19942,36754,11787
9625,0,25089,38581,38581,17654,38752
9626,0,5348,15848,15848,14292,16029
9627,0,21022,35597,35597,35983,35845
9628,0,23516,37084,37084,38127,20165
9629,0,23680,36070,36070,35915,36806
9630,0,22221,35719,35719,13240,38699
9631,0,4175,14675,14675,12408,12479
9632,0,23357,38054,38054,35767,16351
9633,0,4910,15410,15410,15032,16611
9634,0,1852,12352,12352,38078,11067
9635,0,6316,16816,16816,13071,17133
9636,0,23924,37566,37566,18398,16221
9637,0,22061,39380,39380,19413,11680
9638,0,2105,12605,12605,12345,19275
9639,0,133,10633,10633,20368,12245
9640,0,25496,38022,38022,35442,35187
9641,0,5029,15529,15529,37675,39251
9642,0,928,11428,11428,18985,35311
9643,0,823,11323,11323,17691,12253
9644,0,7576,18076,18076,36046,11106
9645,0,24136,36226,36226,18207,19954
9646,0,1531,12031,12031,10616,39308
9647,0,1214,11714,11714,36124,13371
9648,0,504,11004,11004,39249,18402
9649,0,22471,37071,37071,11367,11773
9650,0,10188,20688,20688,13737,19841
9651,0,6530,17030,17030,16977,17516
9652,0,3072,13572,13572,10859,20240
9653,0,10150,20650,20650,38447,11084
9654,0,9576,20076,20076,35464,17890
9655,0,9086,19586,19586,12125,38439
9656,0,24039,37710,37710,36380,12320
9657,0,8647,19147,19147,19934,12069
9658,0,6619,17119,17119,17682,20753
9659,0,21262,38565,38565,19718,19136
9660,0,9273,19773,19773,15783,10990
9661,0,3709,14209,14209,16956,36272
9662,0,24930,38980,38980,14800,20775
9663,0,4849,15349,15349,12698,19051
9664,0,4748,15248,15248,36470,36772
9665,0,4268,14768,14768,12861,14447
9666,0,24782,36308,36308,36839,36348
9667,0,22636,36920,36920,17345,16751
9668,0,21354,36388,36388,14275,37153
9669,0,24519,39414,39414,16690,36525
9670,0,8905,19405,19405,19119,35131
9671,0,4186,14686,14686,37812,39273
9672,0,10406,20906,20906,20775,38906
9673,0,5301,15801,15801,14635,12384
9674,0,2923,13423,13423,35203,19996
9675,0,6588,17088,17088,13739,36562
9676,0,1810,12310,12310,38225,38151
9677,0,3486,13986,13986,12559,37228
9678,0,7419,17919,17919,14277,38942
9679,0,3141,13641,13641,11334,16814
9680,0,10019,20519,20519,11453,38944
9681,0,9347,19847,19847,11723,20202
9682,0,1324,11824,11824,13732,14748
9683,1,4312,14812,12403,14812,39348
9684,0,7494,17994,17994,19929,35896
9685,0,8702,19202,19202,19045,20811
9686,0,9872,20372,20372,17812,13324
9687,0,8691,19191,19191,16238,18550
9688,0,21015,38855,38855,18973,36176
9689,0,10048,20548,20548,16364,36132
9690,0,9580,20080,20080,38453,39585
9691,0,22347,38401,38401,13926,13567
9692,0,25292,36505,36505,35342,18104
9693,0,23336,35172,35172,13508,17967
9694,0,5541,16041,16041,14870,37913
9695,0,22565,36022,36022,37164,12160
9696,0,6172,16672,16672,13674,12945
9697,0,1540,12040,12040,18714,11702
9698,0,9409,19909,19909,18569,36211
9699,0,2681,13181,13181,15331,36103
9700,0,25075,39418,39418,20496,17403
9701,0,21851,35779,35779,12538,19546
9702,0,24728,38298,38298,39042,11814
9703,0,6313,16813,16813,14805,17766
9704,0,1191,11691,11691,39170,17457
9705,0,23943,38558,38558,20248,14211
9706,3,5293,15793,15981,39546,35451
9707,0,1542,12042,12042,12236,35360
9708,0,23659,36087,36087,12043,19311
9709,0,25096,36110,36110,14303,11412
9710,0,7056,17556,17556,35431,37740
9711,0,2539,13039,13039,36231,18886
9712,1,953,11453,15947,11453,37354
9713,0,7241,17741,17741,39507,18814
9714,0,6731,17231,17231,16477,13445
9715,0,4846,15346,15346,38052,18573
9716,0,6801,17301,17301,37691,12043
9717,0,8010,18510,18510,39182,13883
9718,0,4330,14830,14830,12359,35933
9719,0,8924,19424,19424,37997,12407
9720,0,5334,15834,15834,12318,14250
9721,0,7330,17830,17830,12728,35594
9722,0,9348,19848,19848,20160,19726
9723,0,4729,15229,15229,19620,11017
9724,0,25199,36080,36080,20350,15387
9725,0,6541,17041,17041,36994,36738
9726,0,25483,35768,35768,20793,36501
9727,0,5305,15805,15805,16501,36299
9728,0,5161,15661,15661,10654,36910
9729,0,7860,18360,18360,20425,12146
9730,0,2156,12656,12656,18652,19173
9731,0,1062,11562,11562,14311,35290
9732,0,21183,35402,35402,37933,16210
9733,0,1167,11667,11667,15556,17489
9734,0,22226,36008,36008,16008,18312
9735,0,3636,14136,14136,14106,10766
9736,0,7651,18151,18151,37585,20581
9737,0,5588,16088,16088,18494,20032
9738,0,22414,35724,35724,12346,36371
9739,0,7192,17692,17692,37808,17686
9740,0,4491,14991,14991,20028,18518
9741,0,7266,17766,17766,38467,35554
9742,0,21131,35926,35926,14349,18541
9743,0,4980,15480,15480,39242,16941
9744,0,8335,18835,18835,37770,10828
9745,0,22988,39523,39523,37375,16311
9746,0,21472,36363,36363,16078,10937
9747,0,4946,15446,15446,36070,18711
9748,0,2782,13282,13282,36639,12926
9749,0,717,11217,11217,39061,20997
9750,0,10011,20511,20511,14430,16319
9751,0,2502,13002,13002,37717,12699
9752,0,4360,14860,14860,39591,11773
9753,0,4171,14671,14671,38337,35401
9754,0,8082,18582,18582,39123,13595
9755,0,21320,39235,39235,10706,14878
9756,5,395,10895,19620,17034,37676
9757,0,25201,38517,38517,19206,37881
9758,0,7186,17686,17686,12584,17769
9759,0,24103,39328,39328,20969,15140
9760,0,4492,14992,14992,11255,38353
9761,0,1365,11865,11865,19439,16837
9762,0,22018,38888,38888,38382,37619
9763,0,23393,38785,38785,10850,20277
9764,0,8787,19287,19287,35330,19290
9765,0,24391,36738,36738,36737,36994
9766,0,23695,38178,38178,12799,38551
9767,0,5917,16417,16417,37397,12806
9768,0,4968,15468,15468,38808,17852
9769,0,2914,13414,13414,20764,20976
9770,0,24486,35112,35112,12115,35131
9771,0,5644,16144,16144,19411,36496
9772,0,3766,14266,14266,38049,18268
9773,0,3440,13940,13940,12989,12024
9774,0,24600,36637,36637,13534,17029
9775,0,24313,36918,36918,38659,14411
9776,0,7357,17857,17857,20967,20898
9777,0,6806,17306,17306,38903,11774
9778,0,9879,20379,20379,16828,11844
9779,0,2143,12643,12643,11835,13362
9780,0,5104,15604,15604,20214,16982
9781,0,5073,15573,15573,10643,19587
9782,0,1571,12071,12071,38650,17598
9783,0,4079,14579,14579,37478,12726
9784,0,1122,11622,11622,36453,18251
9785,0,2786,13286,13286,20705,35320
9786,0,2967,13467,13467,17940,16125
9787,0,2504,13004,13004,19055,39563
9788,0,5988,16488,16488,12091,36540
9789,0,23867,36251,36251,13518,12274
9790,0,8867,19367,19367,18230,16868
9791,0,24657,35594,35594,17830,14354
9792,0,7164,17664,17664,13370,16635
9793,0,23388,36134,36134,39445,37950
9794,0,728,11228,11228,12141,37446
9795,0,7587,18087,18087,38560,18864
9796,0,7543,18043,18043,37966,20415
9797,0,412,10912,10912,15543,11029
9798,0,24172,35932,35932,18220,36263
9799,0,9708,20208,20208,10571,36613
9800,0,5745,16245,16245,18143,17988
9801,0,7668,18168,18168,36731,18835
9802,0,825,11325,11325,16804,12057
9803,0,3267,13767,13767,10832,35774
9804,0,3974,14474,14474,16526,38115
9805,0,8808,19308,19308,35234,11967
9806,0,8306,18806,18806,11936,18812
9807,0,417,10917,10917,11055,10597
9808,0,23589,35855,35855,37102,37513
9809,0,9817,20317,20317,20030,39375
9810,3,6748,17248,16015,16168,20952
9811,0,8967,19467,19467,17352,15209
9812,0,24004,36971,36971,19162,11838
9813,0,21699,35682,35682,11016,15776
9814,0,23019,39067,39067,13098,14064
9815,0,2082,12582,12582,15301,19444
9816,0,8945,19445,19445,36415,36383
9817,0,22384,35332,35332,37155,36585
9818,0,24217,36755,36755,37033,19962
9819,0,3373,13873,13873,11040,17414
9820,0,5726,16226,16226,12785,11061
9821,0,4107,14607,14607,12428,15812
9822,0,21717,35230,35230,16332,17439
9823,0,4380,14880,14880,11297,14065
9824,1,7723,18223,19670,18223,20106
9825,0,1066,11566,11566,15775,11721
9826,0,3913,14413,14413,10798,37595
9827,0,23781,38073,38073,37361,39167
9828,0,5536,16036,16036,36371,13373
9829,0,8002,18502,18502,16030,35376
9830,0,5387,15887,15887,36618,18993
9831,0,5732,16232,16232,10997,11177
9832,0,21398,36284,36284,19248,18368
9833,0,2738,13238,13238,18728,36958
9834,0,5052,15552,15552,36779,36123
9835,0,4000,14500,14500,37806,15068
9836,0,9760,20260,20260,38980,18306
9837,0,2427,12927,12927,15044,13673
9838,0,24541,36532,36532,38691,17076
9839,0,6833,17333,17333,39387,39265
9840,0,10123,20623,20623,37248,17787
9841,0,1687,12187,12187,38620,18040
9842,0,851,11351,11351,10808,19829
9843,0,24414,36332,36332,20275,11130
9844,0,6303,16803,16803,19942,18503
9845,0,9087,19587,19587,37720,12946
9846,0,24388,37378,37378,19311,19768
9847,0,5878,16378,16378,14937,17012
9848,0,8527,19027,19027,19110,19077
9849,0,2839,13339,13339,37774,36833
9850,0,25361,35873,35873,16845,15223
9851,0,4611,15111,15111,11650,37099
9852,0,9540,20040,20040,11028,12219
9853,0,9207,19707,19707,12234,16783
9854,0,21190,35602,35602,37050,14373
9855,0,9823,20323,20323,37321,14637
9856,0,2489,12989,12989,13940,38486
9857,1,24244,36516,12467,36516,15752
9858,0,6905,17405,17405,20914,14139
9859,0,7390,17890,17890,15840,15152
9860,0,21842,36037,36037,10971,13519
9861,0,2849,13349,13349,14553,35476
9862,0,22453,38663,38663,35316,13308
9863,0,6665,17165,17165,15752,19053
9864,0,5881,16381,16381,36280,35936
9865,0,10262,20762,20762,14642,39161
9866,0,4452,14952,14952,36967,39314
9867,0,9949,20449,20449,15218,15434
9868,0,7421,17921,17921,20681,19703
9869,0,21459,38194,38194,13914,12943
9870,0,9827,20327,20327,12486,12552
9871,0,23280,37432,37432,37899,16165
9872,0,6484,16984,16984,15265,12115
9873,0,2479,12979,12979,36215,35323
9874,0,6617,17117,17117,38942,38467
9875,0,10457,20957,20957,12972,14150
9876,0,23006,35745,35745,17068,16462
9877,0,25086,38109,38109,18538,18645
9878,0,22223,39162,39162,15951,13567
9879,0,22091,35845,35845,37582,37711
9880,0,23585,37839,37839,16666,36496
9881,0,23088,38655,38655,19295,15472
9882,0,2141,12641,12641,13919,37318
9883,0,24442,37890,37890,17510,10518
9884,0,21922,35904,35904,12601,35826
9885,0,5188,15688,15688,19165,38790
9886,0,21148,39150,39150,19897,20946
9887,0,25370,36831,36831,11169,15344
9888,0,24193,36142,36142,36533,13434
9889,0,2744,13244,13244,14743,37795
9890,0,7253,17753,17753,10946,17346
9891,0,22334,37878,37878,17186,19483
9892,0,3506,14006,14006,19143,35420
9893,0,1679,12179,12179,11509,19174
9894,0,4249,14749,14749,10616,36656
9895,0,3147,13647,13647,15048,38163
9896,0,8130,18630,18630,37400,13541
9897,0,10486,20986,20986,15451,36792
9898,0,7004,17504,17504,11558,37497
9899,0,580,11080,11080,11273,15003
9900,0,9662,20162,20162,35162,14461
9901,0,24951,37585,37585,18151,14614
9902,0,4070,14570,14570,16694,19309
9903,0,21089,38094,38094,37927,11566
9904,0,3343,13843,13843,38145,37534
9905,0,24547,37778,37778,19182,16743
9906,0,7404,17904,17904,17236,11118
9907,0,21328,37369,37369,12531,15628
9908,0,3672,14172,14172,16967,18482
9909,0,559,11059,11059,17174,38916
9910,0,5237,15737,15737,12053,11360
9911,0,7805,18305,18305,16541,37819
9912,0,24993,38001,38001,14974,35268
9913,0,22951,35635,35635,39371,20685
9914,0,512,11012,11012,39308,19556
9915,0,23299,37515,37515,12128,11161
9916,0,1081,11581,11581,39010,15997
9917,0,1664,12164,12164,14758,17073
9918,0,9204,19704,19704,15888,12415
9919,0,1931,12431,12431,36447,13434
9920,0,22103,39100,39100,16184,14799
9921,0,1150,11650,11650,35351,15111
9922,0,2838,13338,13338,14603,17911
9923,0,5949,16449,16449,19363,36390
9924,0,8308,18808,18808,16487,11890
9925,0,8932,19432,19432,36979,20088
9926,0,22393,39278,39278,11919,38469
9927,0,22064,38856,38856,19311,11773
9928,0,5177,15677,15677,20661,16070
9929,0,24517,36461,36461,38393,11800
9930,0,22510,38692,38692,14571,39330
9931,0,830,11330,11330,16342,16257
9932,0,8311,18811,18811,16109,18071
9933,0,4752,15252,15252,11838,36971
9934,0,24926,39233,39233,37955,19156
9935,0,25165,39308,39308,39197,13845
9936,0,22916,39506,39506,11533,38803
9937,0,635,11135,11135,18357,16691
9938,0,4465,14965,14965,14432,36235
9939,0,21304,37150,37150,16325,37193
9940,0,6799,17299,17299,15249,17363
9941,0,7987,18487,18487,17285,13035
9942,0,7079,17579,17579,39442,15945
9943,0,6966,17466,17466,20644,39367
9944,0,4142,14642,14642,15407,10624
9945,0,7027,17527,17527,12416,38968
9946,0,9183,19683,19683,39493,15461
9947,0,876,11376,11376,37025,37024
9948,0,4869,15369,15369,15496,14748
9949,0,5315,15815,15815,18997,10626
9950,0,5222,15722,15722,36430,19453
9951,0,4,10504,10504,18561,35417
9952,0,3051,13551,13551,18266,36741
9953,0,5691,16191,16191,18406,20630
9954,0,3124,13624,13624,14890,35484
9955,0,23406,35446,35446,38098,36369
9956,0,2491,12991,12991,35668,13724
9957,0,23285,37959,37959,36650,13592
9958,0,3854,14354,14354,20013,17312
9959,0,23379,37719,37719,20996,10636
9960,0,4777,15277,15277,15091,17226
9961,0,9907,20407,20407,17664,20448
9962,0,7509,18009,18009,39170,14149
9963,0,6457,16957,16957,15851,38974
9964,0,6293,16793,16793,38445,20725
9965,0,1148,11648,11648,39200,17842
9966,0,21816,36047,36047,37044,16694
9967,1,574,11074,17866,11074,38505
9968,0,3769,14269,14269,15662,10506
9969,0,25027,36522,36522,13483,18967
9970,0,4146,14646,14646,13280,15684
9971,0,853,11353,11353,13026,36737
9972,0,10174,20674,20674,13497,17110
9973,0,24963,35560,35560,35921,20446
9974,0,5919,16419,16419,10576,37502
9975,0,22925,37715,37715,36373,39028
9976,0,23547,37997,37997,37355,19424
9977,0,9358,19858,19858,20794,15065
9978,0,6614,17114,17114,35538,35590
9979,0,6002,16502,16502,17803,36207
9980,0,9163,19663,19663,39500,17711
9981,0,22126,35487,35487,10692,38561
9982,0,4495,14995,14995,16005,35580
9983,0,8173,18673,18673,16772,13946
9984,0,6655,17155,17155,13874,38997
9985,0,24306,36633,36633,17636,36736
9986,0,2368,12868,12868,17691,18481
9987,0,22789,36901,36901,20167,13324
9988,0,4780,15280,15280,13475,17927
9989,0,22684,36917,36917,18623,36367
9990,0,7992,18492,18492,17993,14748
9991,0,2950,13450,13450,18102,10787
9992,0,5625,16125,16125,17940,13467
9993,0,6971,17471,17471,36733,19217
9994,0,8716,19216,19216,15828,11341
9995,0,24873,35241,35241,17175,15227
9996,0,23764,37802,37802,15181,17779
9997,0,1841,12341,12341,35331,37105
9998,0,5986,16486,16486,11014,37134
9999,0,537,11037,11037,11309,13889
10000,0,2806,13306,13306,37391,37351
10001,0,5801,16301,16301,15375,38628
10002,0,5596,16096,16096,16555,17677
10003,0,7206,17706,17706,14041,15949
10004,0,7343,17843,17843,10532,38580
10005,0,23773,37127,37127,16547,12040
10006,0,7560,18060,18060,17518,18364
10007,0,8096,18596,18596,39135,19347
10008,0,21389,35961,35961,14775,35960
10009,0,784,11284,11284,19261,38993
10010,0,22992,36843,36843,19242,14417
10011,0,1409,11909,11909,35656,35885
10012,0,22068,35323,35323,38738,38830
10013,0,154,10654,10654,16824,19637
10014,0,7806,18306,18306,15675,15961
10015,0,3009,13509,13509,37297,20833
10016,0,1686,12186,12186,38500,16061
10017,0,25144,35687,35687,17764,37960
10018,0,4014,14514,14514,16760,14278
10019,0,7455,17955,17955,18759,13197
10020,0,24002,37507,37507,13100,17468
10021,0,3863,14363,14363,16323,12193
10022,0,2733,13233,13233,20150,17955
10023,0,1895,12395,12395,15909,18223
10024,0,5442,15942,15942,36944,38366
10025,0,569,11069,11069,14353,17262
10026,0,6709,17209,17209,37373,38484
10027,0,5854,16354,16354,13548,11563
10028,0,1816,12316,12316,16484,16325
10029,0,10257,20757,20757,20577,20297
10030,0,8319,18819,18819,16573,37322
10031,0,3394,13894,13894,12613,37112
10032,0,3327,13827,13827,37222,38542
10033,0,24868,39566,39566,36234,37964
10034,0,6102,16602,16602,20542,11627
10035,0,2975,13475,13475,15280,12486
10036,0,980,11480,11480,35436,36337
10037,0,10492,20992,20992,11681,13233
10038,0,190,10690,10690,20748,38829
10039,0,9331,19831,19831,14183,20274
10040,0,5088,15588,15588,12130,15860
10041,0,699,11199,11199,16697,38957
10042,0,24596,39234,39234,35172,39241
10043,0,606,11106,11106,38211,11093
10044,0,22019,37062,37062,39577,19087
10045,0,301,10801,10801,18552,16163
10046,0,3420,13920,13920,38737,16355
10047,0,21671,39299,39299,38777,14501
10048,0,1060,11560,11560,37581,17497
10049,0,22196,38650,38650,18679,18013
10050,0,23018,39435,39435,11049,38445
10051,0,21409,35351,35351,37099,11650
10052,0,3444,13944,13944,13648,17484
10053,0,1069,11569,11569,39450,11572
10054,0,24364,35310,35310,20648,15908
10055,0,2205,12705,12705,20509,14798
10056,0,9435,19935,19935,36412,16967
10057,0,7339,17839,17839,13106,14550
10058,0,8208,18708,18708,39260,13412
10059,0,7679,18179,18179,10903,37403
10060,0,23214,35906,35906,15031,17651
10061,0,24304,38097,38097,37669,36363
10062,0,4642,15142,15142,19411,12401
10063,0,7683,18183,18183,20011,11332
10064,0,22185,37540,37540,20712,10990
10065,0,9007,19507,19507,37618,38106
10066,0,7996,18496,18496,15039,19033
10067,0,23903,35853,35853,11821,15259
10068,0,21331,37334,37334,35882,18953
10069,0,5600,16100,16100,11248,36660
10070,0,9151,19651,19651,12563,38273
10071,0,7022,17522,17522,35826,19271
10072,0,4893,15393,15393,36288,11023
10073,0,225,10725,10725,38060,17293
10074,0,25210,38956,38956,14909,20904
10075,0,3354,13854,13854,36412,15145
10076,0,5895,16395,16395,20080,38453
10077,0,25478,35271,35271,19872,14827
10078,0,8754,19254,19254,18438,36183
10079,0,3436,13936,13936,20719,16826
10080,0,21177,39159,39159,14129,12928
10081,0,24865,38967,38967,20228,37652
10082,0,1693,12193,12193,38431,17438
10083,0,6893,17393,17393,15156,16447
10084,0,1045,11545,11545,36459,19916
10085,0,3446,13946,13946,16853,18673
10086,0,24982,37351,37351,36958,36825
10087,0,8050,18550,18550,17427,13223
10088,0,9146,19646,19646,14024,17626
10089,0,25177,39565,39565,37619,12058
10090,0,24540,35521,35521,36988,17143
10091,0,24743,35890,35890,39352,38072
10092,0,4735,15235,15235,35115,15557
10093,0,4496,14996,14996,16075,17958
10094,0,1218,11718,11718,13137,15995
10095,0,21435,38040,38040,12635,16693
10096,0,23686,38297,38297,15666,10630
10097,0,6015,16515,16515,18749,14664
10098,0,9719,20219,20219,15313,37813
10099,0,3987,14487,14487,16026,15627
10100,0,4911,15411,15411,14057,16646
10101,0,9492,19992,19992,12523,15690
10102,0,4493,14993,14993,11023,14339
10103,0,6944,17444,17444,38074,12772
10104,0,5699,16199,16199,20148,16322
10105,0,8352,18852,18852,11616,36606
10106,0,23660,36853,36853,20741,16238
10107,0,23070,38586,38586,37490,15643
10108,0,956,11456,11456,36102,13402
10109,0,21729,36577,36577,14742,16245
10110,0,24501,36020,36020,11807,17280
10111,0,2869,13369,13369,19358,18735
10112,1,23471,36563,38449,36563,18589
10113,0,4433,14933,14933,17570,35144
10114,0,4973,15473,15473,37500,10985
10115,0,22808,38801,38801,35276,18346
10116,0,2961,13461,13461,13086,37504
10117,0,23243,38766,38766,11051,13778
10118,0,2200,12700,12700,14714,14477
10119,0,98,10598,10598,18101,13777
10120,0,22309,39373,39373,10526,36484
10121,0,2557,13057,13057,37622,16065
10122,0,23724,35969,35969,14375,18729
10123,0,8445,18945,18945,16664,37541
10124,0,22890,36709,36709,19259,15997
10125,0,4199,14699,14699,16285,15945
10126,0,9637,20137,20137,19282,10584
10127,0,5539,16039,16039,36057,13033
10128,0,1648,12148,12148,38667,15835
10129,0,22457,37468,37468,10917,37808
10130,0,25218,37509,37509,16718,15864
10131,0,22975,36777,36777,15670,35127
10132,0,9888,20388,20388,12991,16987
10133,0,24402,35977,35977,15335,20049
10134,0,6197,16697,16697,14542,36792
10135,0,6295,16795,16795,37806,14500
10136,0,4499,14999,14999,13158,18367
10137,0,1154,11654,11654,13487,36431
10138,0,2255,12755,12755,38913,12043
10139,0,9874,20374,20374,14250,18930
10140,0,3170,13670,13670,20882,12376
10141,0,7400,17900,17900,11192,16193
10142,0,10248,20748,20748,14549,17272
10143,0,7158,17658,17658,38336,15038
10144,0,25290,36876,36876,19184,19929
10145,0,23779,39393,39393,15369,38392
10146,0,3108,13608,13608,19675,36100
10147,0,4548,15048,15048,13647,20379
10148,0,23876,36509,36509,15473,13334
10149,0,24626,39183,39183,19209,35927
10150,0,5423,15923,15923,19469,18225
10151,0,2049,12549,12549,36417,12425
10152,0,21495,37762,37762,13880,35550
10153,0,21444,36429,36429,19974,12019
10154,0,9208,19708,19708,13239,12140
10155,0,8815,19315,19315,20406,37484
10156,0,22835,39291,39291,39499,37236
10157,0,25246,38669,38669,36845,37753
10158,0,262,10762,10762,36421,15553
10159,0,23616,38516,38516,39104,15219
10160,0,24000,36155,36155,10777,10952
10161,1,4061,14561,15201,14561,19181
10162,0,5534,16034,16034,20504,18716
10163,0,22927,39080,39080,20276,12043
10164,0,23904,38851,38851,12133,38597
10165,0,6616,17116,17116,20709,35800
10166,1,8120,18620,11394,18620,12241
10167,0,8155,18655,18655,37457,18586
10168,0,1802,12302,12302,39593,13286
10169,0,4736,15236,15236,17352,37845
10170,0,24171,39577,39577,14714,36754
10171,0,2385,12885,12885,18391,36725
10172,0,6694,17194,17194,39089,17203
10173,0,5759,16259,16259,17331,37934
10174,0,1959,12459,12459,16143,36184
10175,0,2976,13476,13476,11061,13328
10176,0,8680,19180,19180,13354,17436
10177,0,1843,12343,12343,38434,10578
10178,0,1734,12234,12234,19707,12579
10179,0,2911,13411,13411,16840,12696
10180,0,24945,36005,36005,10678,39451
10181,0,8338,18838,18838,36600,36177
10182,0,23250,38416,38416,16740,35715
10183,0,1986,12486,12486,17967,12007
10184,0,9561,20061,20061,37421,37350
10185,0,6546,17046,17046,38175,12849
10186,0,23757,38837,38837,36609,10713
10187,0,7098,17598,17598,12005,19859
10188,0,2811,13311,13311,18497,11377
10189,0,659,11159,11159,19032,16648
10190,0,9986,20486,20486,12068,13954
10191,0,2511,13011,13011,13423,18385
10192,0,24845,36183,36183,16813,18921
10193,0,4282,14782,14782,14426,18689
10194,0,9339,19839,19839,35864,36479
10195,0,23217,36058,36058,13308,37210
10196,0,8800,19300,19300,12308,12228
10197,0,6287,16787,16787,37794,17634
10198,0,22824,36368,36368,12854,20815
10199,0,1930,12430,12430,12919,14335
10200,0,7125,17625,17625,14743,18568
10201,0,197,10697,10697,13354,20770
10202,0,7777,18277,18277,12063,14362
10203,2,2931,13431,38366,11134,13431
10204,0,8004,18504,18504,19123,35832
10205,0,2327,12827,12827,20807,18430
10206,0,4389,14889,14889,16166,20323
10207,0,8958,19458,19458,13030,17659
10208,0,21958,37282,37282,17684,18660
10209,0,4218,14718,14718,18626,20088
10210,0,23133,36041,36041,20263,18031
10211,0,202,10702,10702,15336,37146
10212,1,3510,14010,15047,14010,11483
10213,0,4931,15431,15431,36938,38353
10214,0,21422,39176,39176,38253,20070
10215,0,5535,16035,16035,36987,12110
10216,1,9925,20425,18360,20425,37357
10217,0,5791,16291,16291,10663,11369
10218,0,21451,35563,35563,12707,15175
10219,0,1707,12207,12207,38679,10838
10220,0,5172,15672,15672,12014,20011
10221,0,5249,15749,15749,11925,20602
10222,0,23495,38543,38543,11540,16475
10223,0,22775,36260,36260,38571,38540
10224,0,6528,17028,17028,17684,37282
10225,0,24447,39370,39370,17508,20422
10226,0,5855,16355,16355,16868,39323
10227,0,8164,18664,18664,35744,35221
10228,0,854,11354,11354,37555,37554
10229,1,23778,38471,11387,38471,12623
10230,0,21344,39149,39149,36731,18517
10231,0,4737,15237,15237,13381,36728
10232,0,22800,36883,36883,15568,37620
10233,0,10352,20852,20852,18923,35347
10234,0,698,11198,11198,19139,35459
10235,0,24741,35938,35938,15583,39580
10236,0,22176,35785,35785,12923,17624
10237,0,3696,14196,14196,36955,16195
10238,0,1636,12136,12136,35457,18005
10239,0,7280,17780,17780,13487,11654
10240,0,7554,18054,18054,13489,20123
10241,0,24482,36243,36243,11544,36781
10242,0,3581,14081,14081,19343,14770
10243,0,1291,11791,11791,15950,15387
10244,0,24489,37445,37445,14122,20993
10245,0,6585,17085,17085,12491,15554
10246,0,23044,38402,38402,18601,15327
10247,3,1853,12353,36878,16800,19511
10248,0,5232,15732,15732,15219,12304
10249,0,3763,14263,14263,39273,14822
10250,0,3304,13804,13804,35168,20929
10251,0,1495,11995,11995,38680,35800
10252,0,22141,38513,38513,20824,38013
10253,0,21879,36529,36529,19615,11491
10254,0,21046,36231,36231,13039,12216
10255,0,7994,18494,18494,19266,13529
10256,0,1998,12498,12498,20860,11441
10257,0,663,11163,11163,20896,18071
10258,0,22983,37565,37565,16909,16896
10259,0,21018,38139,38139,11286,19976
10260,0,3748,14248,14248,36103,16700
10261,0,4413,14913,14913,14237,36554
10262,0,24307,37530,37530,18963,17210
10263,0,5530,16030,16030,35376,15472
10264,0,5575,16075,16075,14939,14685
10265,0,8901,19401,19401,18197,38900
10266,0,7526,18026,18026,17647,17210
10267,0,9474,19974,19974,37265,16085
10268,0,5864,16364,16364,35662,11165
10269,0,22654,37854,37854,39221,11749
10270,0,22621,35461,35461,17599,35942
10271,0,6776,17276,17276,35414,15168
10272,0,25017,36815,36815,13717,15003
10273,0,1306,11806,11806,16860,20859
10274,0,24462,38282,38282,36062,15548
10275,0,22155,38290,38290,16791,36335
10276,0,7392,17892,17892,13813,12417
10277,0,10429,20929,20929,17201,35168
10278,0,24315,36088,36088,38493,17991
10279,0,5592,16092,16092,38538,14445
10280,0,10230,20730,20730,12789,13286
10281,0,9721,20221,20221,16306,16078
10282,0,1663,12163,12163,39033,20828
10283,0,5450,15950,15950,11791,15387
10284,0,23641,39496,39496,12439,16639
10285,0,24670,39525,39525,12849,11773
10286,0,3627,14127,14127,12988,13923
10287,0,24856,38525,38525,12915,14511
10288,0,22708,37933,37933,35402,39401
10289,0,22805,37677,37677,37115,18417
10290,0,2693,13193,13193,17702,15093
10291,0,23180,35846,35846,36897,16963
10292,0,9789,20289,20289,39196,37675
10293,0,24780,35515,35515,17757,18449
10294,0,23762,35411,35411,38524,19974
10295,0,5915,16415,16415,15605,18966
10296,0,3157,13657,13657,15982,19087
10297,0,22720,36100,36100,12868,10577
10298,1,9914,20414,38519,20414,36301
10299,0,21594,38065,38065,12858,37988
10300,0,6668,17168,17168,15768,17730
10301,0,1059,11559,11559,36450,18716
10302,0,4636,15136,15136,39514,14850
10303,0,3242,13742,13742,20748,15793
10304,0,1678,12178,12178,12749,16528
10305,0,6892,17392,17392,38933,17447
10306,0,6374,16874,16874,13292,37112
10307,0,7574,18074,18074,10591,19505
10308,0,1757,12257,12257,13604,14306
10309,0,6019,16519,16519,17915,38078
10310,0,23128,36977,36977,17797,35924
10311,0,5116,15616,15616,37117,35331
10312,0,8755,19255,19255,10861,13338
10313,0,7408,17908,17908,15375,37619
10314,0,2790,13290,13290,15133,18944
10315,0,863,11363,11363,13900,35291
10316,0,7858,18358,18358,37774,20199
10317,0,1484,11984,11984,39102,37903
10318,0,7035,17535,17535,15045,12031
10319,0,7721,18221,18221,16852,12854
10320,0,5977,16477,16477,17231,13445
10321,0,5134,15634,15634,19635,12382
10322,0,206,10706,10706,12116,39235
10323,0,4488,14988,14988,17874,19819
10324,0,6938,17438,17438,14976,16593
10325,0,9062,19562,19562,20325,38815
10326,0,24555,37279,37279,11818,10995
10327,0,6910,17410,17410,36590,18161
10328,0,502,11002,11002,35431,14864
10329,0,7385,17885,17885,36143,10883
10330,0,1028,11528,11528,16968,18413
10331,0,3840,14340,14340,11565,37249
10332,0,21568,35476,35476,13247,37515
10333,0,25389,38367,38367,36667,17661
10334,0,8110,18610,18610,19153,15298
10335,0,5056,15556,15556,17489,11667
10336,0,9762,20262,20262,20088,19542
10337,1,8154,18654,35579,18654,11952
10338,0,24426,35559,35559,15799,18474
10339,0,23266,38777,38777,38117,14501
10340,0,2731,13231,13231,10698,38264
10341,0,22848,39028,39028,36373,37715
10342,0,8996,19496,19496,15154,11620
10343,0,21511,38633,38633,11177,19367
10344,0,21700,36431,36431,20010,11109
10345,0,2454,12954,12954,13345,13564
10346,0,21092,37384,37384,14849,14033
10347,0,7215,17715,17715,16187,12693
10348,0,3104,13604,13604,14182,13557
10349,0,21520,37661,37661,10648,14096
10350,0,24969,38745,38745,35453,18393
10351,0,8392,18892,18892,37267,15915
10352,0,6278,16778,16778,10518,12571
10353,0,3099,13599,13599,10701,38249
10354,0,6184,16684,16684,14819,15335
10355,0,10470,20970,20970,35344,10582
10356,0,3561,14061,14061,20554,12620
10357,0,5892,16392,16392,39326,38291
10358,0,24883,37260,37260,14288,35394
10359,0,24843,39218,39218,19207,11290
10360,0,22529,37300,37300,19396,37621
10361,0,22114,38580,38580,16956,36018
10362,0,391,10891,10891,13592,38868
10363,0,6736,17236,17236,17904,38300
10364,0,5618,16118,16118,39500,38195
10365,0,5258,15758,15758,39003,13898
10366,0,9687,20187,20187,17835,20726
10367,0,2695,13195,13195,11316,11769
10368,0,2027,12527,12527,37668,18553
10369,0,24651,38034,38034,19787,38121
10370,0,5463,15963,15963,11433,17524
10371,0,2568,13068,13068,18466,11087
10372,0,8006,18506,18506,16447,13345
10373,0,64,10564,10564,36216,13471
10374,0,22677,36670,36670,37487,18822
10375,0,2062,12562,12562,35106,39263
10376,0,5276,15776,15776,37291,16009
10377,0,7208,17708,17708,14987,14465
10378,0,8684,19184,19184,14417,19929
10379,0,8571,19071,19071,37381,18737
10380,0,6331,16831,16831,10770,12817
10381,0,4859,15359,15359,19241,36580
10382,0,22028,39146,39146,16791,39227
10383,0,21231,36779,36779,39136,37836
10384,0,4887,15387,15387,13392,38135
10385,0,9268,19768,19768,36729,17794
10386,2,878,11378,17436,35559,11378
10387,0,8529,19029,19029,15820,36204
10388,0,7916,18416,18416,13674,15007
10389,0,6863,17363,17363,15333,15249
10390,0,7892,18392,18392,19976,11286
10391,0,6439,16939,16939,16464,20539
10392,0,7869,18369,18369,20276,39184
10393,0,1016,11516,11516,37119,35467
10394,0,9467,19967,19967,11195,16218
10395,0,24644,36584,36584,10740,38964
10396,0,7629,18129,18129,35106,15812
10397,0,22331,37337,37337,14711,20441
10398,0,21129,36128,36128,16152,19609
10399,0,24994,37697,37697,12915,36171
10400,0,21989,39199,39199,14468,12723
10401,0,995,11495,11495,15078,20397
10402,0,10173,20673,20673,37884,14911
10403,0,4297,14797,14797,39507,16257
10404,0,161,10661,10661,14953,17958
10405,0,5675,16175,16175,36960,10777
10406,0,6873,17373,17373,39384,17920
10407,0,25085,39331,39331,14416,19759
10408,0,21930,37584,37584,14703,19282
10409,0,9692,20192,20192,17073,20258
10410,2,7989,18489,14055,38234,18489
10411,0,3843,14343,14343,18741,13446
10412,0,23342,38011,38011,17714,18995
10413,0,23921,35399,35399,16917,14631
10414,0,21670,36247,36247,37356,16074
10415,3,1021,11521,10512,14483,15764
10416,0,3073,13573,13573,36511,11155
10417,0,7555,18055,18055,19677,10655
10418,0,3943,14443,14443,12538,17915
10419,0,1585,12085,12085,18942,36537
10420,0,10147,20647,20647,36824,18974
10421,0,3152,13652,13652,20667,16215
10422,0,21452,39135,39135,18596,19347
10423,0,8226,18726,18726,38663,36792
10424,0,24045,36800,36800,15545,39129
10425,0,775,11275,11275,19328,38628
10426,0,22648,35342,35342,18104,35895
10427,0,9670,20170,20170,35577,13097
10428,0,7099,17599,17599,35461,15309
10429,0,5486,15986,15986,35319,12352
10430,0,6235,16735,16735,39179,10548
10431,0,9555,20055,20055,36376,17449
10432,0,7041,17541,17541,11565,17527
10433,0,2612,13112,13112,36014,11396
10434,0,7513,18013,18013,18473,20363
10435,0,24815,35610,35610,38415,14000
10436,0,10233,20733,20733,36620,17283
10437,0,8433,18933,18933,16441,20080
10438,0,10253,20753,20753,17119,16961
10439,0,21906,35149,35149,12402,12446
10440,0,8792,19292,19292,18340,14862
10441,0,21101,35221,35221,19870,16255
10442,0,5393,15893,15893,15487,35385
10443,0,22308,39096,39096,38617,36585
10444,0,24972,35674,35674,35182,12499
10445,0,23825,38950,38950,16598,19087
10446,0,8838,19338,19338,35915,15708
10447,0,3890,14390,14390,12043,16449
10448,0,3556,14056,14056,36842,17978
10449,0,21410,35988,35988,37034,19253
10450,0,1528,12028,12028,17494,15819
10451,0,1267,11767,11767,17461,35226
10452,0,7734,18234,18234,18814,19908
10453,0,1899,12399,12399,12761,18401
10454,0,4658,15158,15158,39321,39049
10455,0,3005,13505,13505,17521,11145
10456,0,2734,13234,13234,13719,14922
10457,0,189,10689,10689,36847,37677
10458,0,9998,20498,20498,17431,10557
10459,0,9167,19667,19667,16755,14953
10460,0,2747,13247,13247,18730,11181
10461,0,2047,12547,12547,36850,12800
10462,0,7849,18349,18349,16994,38306
10463,0,2558,13058,13058,17731,12782
10464,0,9274,19774,19774,11892,13187
10465,0,8666,19166,19166,18204,18064
10466,0,21158,35690,35690,15044,17258
10467,0,25015,37629,37629,35629,17301
10468,0,6396,16896,16896,10593,37565
10469,0,24357,36903,36903,18427,13179
10470,0,3385,13885,13885,16421,11239
10471,0,4555,15055,15055,12864,13626
10472,0,1184,11684,11684,37378,18102
10473,0,6420,16920,16920,12363,20939
10474,0,5051,15551,15551,10629,20118
10475,0,5311,15811,15811,17307,38350
10476,0,2433,12933,12933,12835,37747
10477,0,6949,17449,17449,20945,15986
10478,0,25353,38397,38397,16944,17424
10479,0,22312,35177,35177,19949,35149
10480,0,769,11269,11269,15690,36499
10481,0,1685,12185,12185,36807,37995
10482,0,8322,18822,18822,37487,37100
10483,0,24161,35705,35705,13863,16993
10484,0,24679,35957,35957,16218,19923
10485,0,22662,36230,36230,11206,37185
10486,0,22526,39017,39017,18982,37389
10487,0,5578,16078,16078,16198,36363
10488,0,4426,14926,14926,19662,15767
10489,0,25401,38120,38120,38113,38141
10490,0,466,10966,10966,37598,37674
10491,0,6265,16765,16765,37691,16837
10492,0,5734,16234,16234,19303,11752
10493,0,25082,35878,35878,37782,15711
10494,0,22796,36558,36558,37822,36612
10495,0,5191,15691,15691,36173,37150
10496,0,22192,38012,38012,14644,38227
10497,0,5390,15890,15890,36194,15676
10498,0,860,11360,11360,16272,12262
10499,0,7270,17770,17770,16685,11665
