idx,rank,query_id,gt_id,ret1,ret2,ret3
0,0,23873,35757,35757,15155,12901
1,0,5899,16399,16399,16733,34918
2,0,9513,20013,20013,36860,37929
3,0,1572,12072,12072,19156,12063
4,0,21516,36955,36955,35634,13613
5,0,879,11379,11379,13747,38023
6,0,1578,12078,12078,10690,38659
7,0,6472,16972,16972,20148,17103
8,0,1509,12009,12009,37465,16342
9,0,1896,12396,12396,19219,19285
10,0,8963,19463,19463,35755,37654
11,0,4112,14612,14612,13897,19228
12,0,10140,20640,20640,14659,14732
13,0,1845,12345,12345,11786,16655
14,0,23606,37902,37902,16073,35380
15,0,9751,20251,20251,35768,15945
16,0,9282,19782,19782,38434,12245
17,0,7565,18065,18065,15228,15617
18,0,5194,15694,15694,34826,18392
19,0,5418,15918,15918,15574,15894
20,0,22192,37856,37856,18924,36314
21,0,23684,37093,37093,17718,19755
22,0,7413,17913,17913,11740,18100
23,0,25223,38075,38075,15147,11503
24,2,5405,15905,18769,15799,15905
25,0,8310,18810,18810,19523,11640
26,0,3614,14114,14114,14067,35475
27,0,2108,12608,12608,14367,14183
28,0,23827,36397,36397,10648,11051
29,0,8248,18748,18748,38370,12259
30,0,21613,38907,38907,19050,34724
31,0,21522,35336,35336,10659,11878
32,0,25273,38086,38086,13976,12331
33,1,7759,18259,34497,18259,10933
34,0,21818,36655,36655,37181,19861
35,0,5653,16153,16153,11298,15214
36,0,24625,37170,37170,11159,15672
37,0,8431,18931,18931,36292,16823
38,0,6827,17327,17327,36663,17252
39,0,23472,38704,38704,13928,35892
40,0,4325,14825,14825,20824,36645
41,0,3219,13719,13719,15703,38255
42,0,9642,20142,20142,20288,36295
43,0,6345,16845,16845,35593,19348
44,0,6884,17384,17384,14704,35453
45,0,1193,11693,11693,17711,12854
46,0,45,10545,10545,12251,13151
47,0,23420,37914,37914,14068,13794
48,0,976,11476,11476,38071,13249
49,0,21573,35850,35850,38764,11472
50,0,2963,13463,13463,11505,35122
51,0,1584,12084,12084,16487,17998
52,0,9459,19959,19959,18864,10664
53,0,4515,15015,15015,35650,20677
54,0,24553,36759,36759,16987,20434
55,0,23657,34998,34998,11093,11119
56,0,1975,12475,12475,15088,10715
57,0,3912,14412,14412,17703,19900
58,0,9811,20311,20311,35957,10629
59,0,6717,17217,17217,14137,13411
60,0,4411,14911,14911,35614,36353
61,0,21502,36823,36823,37057,14201
62,0,8994,19494,19494,11374,12583
63,0,21891,36615,36615,38033,12746
64,0,24419,34910,34910,18055,16053
65,0,23513,35635,35635,18013,13658
66,0,25156,35840,35840,16335,34587
67,0,2840,13340,13340,15237,18094
68,0,7908,18408,18408,15825,14451
69,0,8084,18584,18584,16752,38618
70,0,7976,18476,18476,12760,20496
71,0,6211,16711,16711,38111,12927
72,0,21424,36416,36416,11287,15957
73,0,24829,35883,35883,38833,16659
74,0,9620,20120,20120,37399,16771
75,0,23063,36410,36410,18056,36413
76,0,22908,34927,34927,37351,34676
77,0,7907,18407,18407,34893,12206
78,0,10132,20632,20632,11103,18974
79,0,37,10537,10537,15455,11187
80,0,576,11076,11076,19532,15813
81,0,4822,15322,15322,19501,17287
82,0,3988,14488,14488,35717,10770
83,0,713,11213,11213,16176,13898
84,0,22446,38369,38369,14883,19425
85,0,21793,38898,38898,12127,36907
86,0,8251,18751,18751,14288,20335
87,0,2335,12835,12835,12409,34696
88,0,4745,15245,15245,17027,37460
89,0,4420,14920,14920,13038,17496
90,4,24774,38144,17000,13705,17251
91,0,21887,38386,38386,38176,11269
92,0,881,11381,11381,34733,14812
93,0,567,11067,11067,34864,38226
94,0,24180,38204,38204,18417,14806
95,0,4983,15483,15483,14278,14234
96,0,2245,12745,12745,15386,17077
97,0,5270,15770,15770,10809,19808
98,0,4165,14665,14665,38456,11436
99,0,8156,18656,18656,11947,15723
100,0,7820,18320,18320,37476,17056
101,0,10071,20571,20571,14811,20393
102,0,8655,19155,19155,20662,34964
103,0,239,10739,10739,12177,37433
104,0,22149,36740,36740,37765,17495
105,0,6454,16954,16954,20241,18357
106,0,6662,17162,17162,16043,37458
107,0,1597,12097,12097,38749,11743
108,0,9664,20164,20164,19034,14134
109,0,23565,35482,35482,14420,20918
110,0,1901,12401,12401,20861,19794
111,0,1180,11680,11680,12544,35871
112,0,22487,37102,37102,37558,19906
113,0,22125,37164,37164,20693,16956
114,0,8573,19073,19073,11695,17354
115,0,3006,13506,13506,12838,35767
116,0,9453,19953,19953,34732,19631
117,0,2781,13281,13281,13440,11668
118,0,9558,20058,20058,19654,18040
119,0,6110,16610,16610,13013,35339
120,0,5733,16233,16233,15647,38065
121,0,9185,19685,19685,16971,38528
122,0,24833,36344,36344,36716,35306
123,0,8846,19346,19346,16841,38187
124,0,2829,13329,13329,35065,16235
125,0,21580,34695,34695,12409,34696
126,0,9350,19850,19850,15028,18219
127,0,5277,15777,15777,18159,35946
128,0,8254,18754,18754,19619,17892
129,0,4219,14719,14719,16632,35181
130,0,23082,35402,35402,18718,16162
131,0,24250,36807,36807,18260,11041
132,0,21951,37753,37753,14030,16797
133,0,5431,15931,15931,15521,12940
134,0,3413,13913,13913,18252,19203
135,0,25094,35665,35665,35666,34917
136,0,906,11406,11406,18409,16443
137,0,7760,18260,18260,36807,15764
138,0,3693,14193,14193,15905,18769
139,0,21499,37885,37885,12614,38018
140,0,3118,13618,13618,13781,14144
141,0,21702,36465,36465,20504,18775
142,0,22705,34525,34525,14075,37336
143,0,24736,37296,37296,14990,18429
144,0,8621,19121,19121,16738,11625
145,0,24760,35362,35362,12280,35998
146,0,7706,18206,18206,35264,12109
147,0,7017,17517,17517,13008,12118
148,0,9305,19805,19805,12681,14552
149,0,295,10795,10795,13445,36988
150,0,24494,37829,37829,18074,10942
151,0,1785,12285,12285,19641,16204
152,0,4382,14882,14882,37813,12002
153,0,6507,17007,17007,34680,17566
154,0,24798,34465,34465,16832,18672
155,0,1284,11784,11784,35530,14787
156,0,7784,18284,18284,36588,36151
157,0,24777,35159,35159,20141,18568
158,0,21681,36632,36632,14072,16704
159,0,4454,14954,14954,17304,20074
160,0,21148,38478,38478,38108,17340
161,0,549,11049,11049,35132,35878
162,0,5340,15840,15840,36014,34951
163,0,22706,36503,36503,35856,13678
164,0,3574,14074,14074,11142,18856
165,0,21459,36495,36495,13487,12737
166,0,4352,14852,14852,14119,35228
167,0,6831,17331,17331,14074,11946
168,2,2648,13148,16025,10897,13148
169,0,2586,13086,13086,17208,11167
170,0,5862,16362,16362,36599,36513
171,0,3160,13660,13660,19982,14714
172,1,7152,17652,15117,17652,17251
173,0,3182,13682,13682,16785,18416
174,0,3480,13980,13980,37332,35771
175,0,2377,12877,12877,36876,36696
176,0,22387,35068,35068,10690,34658
177,3,22989,36013,13050,15710,12856
178,0,21983,38150,38150,15586,14005
179,0,8205,18705,18705,16717,18947
180,0,7698,18198,18198,13671,37874
181,0,10009,20509,20509,12144,13459
182,0,25473,36356,36356,16914,19962
183,0,5688,16188,16188,20701,13390
184,0,23091,38436,38436,16008,14259
185,0,22220,37556,37556,16358,12044
186,0,23639,35073,35073,16483,19145
187,0,8480,18980,18980,15786,19392
188,0,22548,37455,37455,11981,34910
189,0,8159,18659,18659,35957,17564
190,0,10117,20617,20617,13544,17254
191,0,8025,18525,18525,12741,38668
192,2,23505,36999,13100,35049,36999
193,1,21535,37775,17760,37775,15201
194,0,24225,36172,36172,36072,14349
195,0,1613,12113,12113,20858,19924
196,0,9997,20497,20497,18151,10701
197,0,8153,18653,18653,11390,17569
198,0,7936,18436,18436,15801,14753
199,0,8447,18947,18947,15529,18705
200,0,2015,12515,12515,17330,17341
201,0,9505,20005,20005,19894,18805
202,0,23750,38670,38670,19787,17924
203,0,7844,18344,18344,14174,20294
204,0,6442,16942,16942,14922,15270
205,0,2981,13481,13481,18781,20606
206,0,7606,18106,18106,11848,13529
207,0,21311,34757,34757,20384,18237
208,0,21240,37057,37057,12274,14201
209,0,243,10743,10743,20345,37519
210,0,5032,15532,15532,20745,19548
211,0,106,10606,10606,37156,38880
212,0,8709,19209,19209,37908,38274
213,0,6734,17234,17234,37426,38046
214,0,21277,37217,37217,14748,16461
215,0,22913,37718,37718,13387,38296
216,0,21115,37262,37262,11006,11573
217,0,9211,19711,19711,37891,36703
218,0,25121,36647,36647,38891,19188
219,0,9881,20381,20381,36120,20850
220,0,4605,15105,15105,14580,36454
221,0,8424,18924,18924,37856,15653
222,0,25173,35467,35467,10736,35809
223,0,5286,15786,15786,34581,19029
224,0,3960,14460,14460,34925,38029
225,0,3873,14373,14373,12835,14818
226,0,7854,18354,18354,19690,15097
227,0,23010,37564,37564,37092,18244
228,0,25493,36716,36716,36344,35306
229,0,8246,18746,18746,18582,38936
230,0,8852,19352,19352,11433,11672
231,0,22066,37562,37562,17506,16169
232,0,23006,35237,35237,13641,17034
233,0,7512,18012,18012,37495,11230
234,0,22299,37711,37711,36895,16904
235,0,29,10529,10529,12881,13858
236,0,2801,13301,13301,18266,12005
237,0,6875,17375,17375,34929,20268
238,0,8116,18616,18616,16876,18311
239,0,2922,13422,13422,12488,18474
240,0,4664,15164,15164,11520,18805
241,0,24927,36813,36813,19603,16373
242,0,8040,18540,18540,17906,35326
243,0,21862,38261,38261,11513,19670
244,0,1245,11745,11745,15773,12372
245,0,7136,17636,17636,35922,10917
246,0,4053,14553,14553,12375,12440
247,0,21497,36943,36943,18295,12336
248,0,4412,14912,14912,35742,37717
249,0,108,10608,10608,37991,36152
250,0,23808,35915,35915,37451,20456
251,0,6301,16801,16801,35357,15437
252,0,9276,19776,19776,15529,16599
253,0,25257,35192,35192,20579,20648
254,0,22556,34738,34738,35992,35631
255,0,21218,37513,37513,35766,37034
256,0,8673,19173,19173,18101,12480
257,0,4394,14894,14894,15241,38439
258,0,23716,36915,36915,20953,37413
259,0,24548,36656,36656,36362,38278
260,0,25232,35745,35745,16194,10865
261,0,10063,20563,20563,14565,12897
262,0,4348,14848,14848,35105,12659
263,0,23130,35178,35178,15883,36222
264,0,21872,38168,38168,20485,38106
265,1,7476,17976,37375,17976,14269
266,0,7254,17754,17754,18402,15947
267,0,7840,18340,18340,13831,16469
268,0,5001,15501,15501,19415,20207
269,0,5610,16110,16110,11912,16177
270,0,6367,16867,16867,20328,12451
271,0,973,11473,11473,19502,14390
272,0,4999,15499,15499,18514,14404
273,0,4299,14799,14799,38720,18492
274,0,5019,15519,15519,11981,19488
275,0,3653,14153,14153,20978,36775
276,0,24674,36186,36186,14724,14514
277,0,10242,20742,20742,14250,17907
278,0,3088,13588,13588,17726,16600
279,0,5456,15956,15956,15468,37461
280,0,5662,16162,16162,18718,37240
281,0,8701,19201,19201,16260,17658
282,0,5805,16305,16305,19869,35121
283,0,21079,38041,38041,11041,15808
284,0,10,10510,10510,38564,38802
285,0,2647,13147,13147,13478,12620
286,0,24240,35743,35743,12419,18338
287,0,1426,11926,11926,15355,12574
288,0,24551,36059,36059,12084,37727
289,0,3265,13765,13765,14775,19263
290,0,23105,35722,35722,13479,12390
291,0,21568,35900,35900,36310,37555
292,0,25477,36916,36916,19295,20424
293,0,24359,37197,37197,34761,38423
294,0,1215,11715,11715,15086,37881
295,0,24255,35700,35700,12416,16538
296,0,22632,37850,37850,12259,10862
297,0,24145,37545,37545,38754,20548
298,0,9490,19990,19990,36957,38222
299,0,6702,17202,17202,16606,17180
300,0,323,10823,10823,11936,37140
301,0,1344,11844,11844,37107,34706
302,0,4457,14957,14957,12755,17779
303,0,22361,35863,35863,16702,36453
304,0,909,11409,11409,36773,35879
305,0,10141,20641,20641,38390,37442
306,0,3399,13899,13899,13727,15088
307,0,496,10996,10996,16765,20260
308,0,9349,19849,19849,38492,19476
309,0,24511,36968,36968,38930,16011
310,0,10285,20785,20785,20833,10738
311,0,5312,15812,15812,12651,15816
312,0,24772,36764,36764,35854,12873
313,0,3470,13970,13970,10679,15541
314,0,21631,38015,38015,12468,20240
315,0,6848,17348,17348,10605,10783
316,0,4365,14865,14865,16665,17146
317,0,10356,20856,20856,37350,19663
318,0,1195,11695,11695,19073,35413
319,0,23979,36042,36042,34842,13481
320,0,1423,11923,11923,37266,18170
321,0,5477,15977,15977,35137,35742
322,0,256,10756,10756,34642,15763
323,0,22976,36593,36593,16854,16447
324,0,22129,37240,37240,13124,16162
325,0,288,10788,10788,38328,37740
326,0,8412,18912,18912,19837,36520
327,0,23392,38429,38429,37494,20919
328,0,8919,19419,19419,18596,16503
329,0,10089,20589,20589,12224,18172
330,0,21831,36904,36904,11415,12918
331,0,4484,14984,14984,38115,35166
332,0,22295,38251,38251,12482,14918
333,0,7515,18015,18015,12460,16800
334,0,7070,17570,17570,17718,19755
335,0,1232,11732,11732,35349,35286
336,0,9366,19866,19866,37559,36615
337,0,5553,16053,16053,34910,20801
338,0,2675,13175,13175,14310,36060
339,2,1112,11612,14661,11881,11612
340,1,4919,15419,16237,15419,16887
341,0,25448,36451,36451,35844,19369
342,0,267,10767,10767,12679,34895
343,0,24895,34699,34699,12996,15476
344,0,6497,16997,16997,15855,15945
345,0,5318,15818,15818,18385,16499
346,0,24663,36124,36124,20405,15232
347,0,7672,18172,18172,15939,13663
348,0,3048,13548,13548,15404,14097
349,0,6167,16667,16667,36954,16699
350,0,8117,18617,18617,37844,12026
351,0,1379,11879,11879,14371,10548
352,0,21668,35785,35785,36829,19609
353,0,24070,35480,35480,18609,14292
354,0,9606,20106,20106,12209,35385
355,0,4759,15259,15259,18323,15354
356,0,9574,20074,20074,17304,14954
357,0,5502,16002,16002,16582,18349
358,0,24504,37880,37880,11369,16913
359,0,3790,14290,14290,15670,35032
360,0,620,11120,11120,19174,35164
361,0,652,11152,11152,19350,35542
362,0,5723,16223,16223,36283,20042
363,0,21132,36734,36734,14996,36468
364,0,3473,13973,13973,38752,20045
365,0,21143,36296,36296,20783,37337
366,0,5028,15528,15528,14057,37047
367,0,6836,17336,17336,12924,20175
368,0,6271,16771,16771,37399,20120
369,0,24754,35710,35710,13857,16220
370,0,2516,13016,13016,20071,13312
371,0,21442,35979,35979,13416,35804
372,1,25099,35441,11401,35441,11387
373,0,7076,17576,17576,18127,16231
374,0,21912,37263,37263,13174,18258
375,0,8223,18723,18723,38310,12129
376,0,24141,34751,34751,15492,16086
377,0,24468,38529,38529,11453,36834
378,0,3603,14103,14103,19280,15832
379,0,22626,35703,35703,14345,14514
380,0,23339,38213,38213,37297,17175
381,0,5458,15958,15958,35198,11859
382,0,21304,35936,35936,15819,11380
383,0,1506,12006,12006,37337,17052
384,0,8336,18836,18836,13323,18701
385,0,24058,36956,36956,36237,10847
386,0,25468,38684,38684,11246,15035
387,1,21037,34886,13874,34886,35876
388,0,21913,36336,36336,19854,15722
389,0,22275,38118,38118,15675,18439
390,0,23770,38588,38588,38241,38710
391,0,4890,15390,15390,11122,12597
392,0,730,11230,11230,37495,11239
393,0,7021,17521,17521,20258,15727
394,0,22972,37451,37451,35915,15945
395,0,8470,18970,18970,15207,17762
396,0,8534,19034,19034,20164,17677
397,0,1745,12245,12245,34783,38434
398,0,3853,14353,14353,19054,37241
399,0,25451,36369,36369,15557,38391
400,0,23556,38597,38597,36963,13867
401,0,2709,13209,13209,38524,36444
402,0,9761,20261,20261,15085,18170
403,0,3388,13888,13888,12026,37844
404,0,24570,38647,38647,15477,15758
405,0,21939,36067,36067,11125,35374
406,0,21447,38680,38680,36248,20843
407,0,5640,16140,16140,15973,16672
408,0,8314,18814,18814,19314,38065
409,0,3126,13626,13626,11003,12394
410,0,1156,11656,11656,34487,15126
411,0,9825,20325,20325,37795,11809
412,0,32,10532,10532,20098,14425
413,0,10122,20622,20622,14249,16104
414,0,22417,35590,35590,15748,11711
415,0,1336,11836,11836,12504,13458
416,0,23882,37494,37494,14779,14140
417,0,21239,34759,34759,12017,16491
418,0,24659,36802,36802,13509,37407
419,0,8824,19324,19324,38518,37518
420,0,1610,12110,12110,12323,36659
421,0,939,11439,11439,10728,19367
422,0,5381,15881,15881,13701,13953
423,0,4023,14523,14523,36059,37727
424,0,6243,16743,16743,15987,35581
425,0,23723,37179,37179,14293,18215
426,0,21201,34992,34992,19820,13688
427,0,745,11245,11245,35781,17221
428,0,4083,14583,14583,34827,35956
429,0,9640,20140,20140,19736,34989
430,0,2877,13377,13377,20582,17727
431,0,4963,15463,15463,13993,15998
432,0,4701,15201,15201,37775,36039
433,0,1741,12241,12241,36949,12193
434,0,9271,19771,19771,34952,35839
435,0,2651,13151,13151,20919,10545
436,0,5665,16165,16165,10882,18662
437,0,3002,13502,13502,36764,35854
438,0,1821,12321,12321,12406,17221
439,0,24398,37343,37343,36633,11554
440,0,1330,11830,11830,38232,10557
441,0,21384,38843,38843,18889,38924
442,0,957,11457,11457,13490,35649
443,0,2110,12610,12610,13692,18588
444,0,5399,15899,15899,35792,17873
445,0,4691,15191,15191,18936,18839
446,1,1660,12160,20360,12160,18846
447,0,24626,37762,37762,10963,15707
448,0,5106,15606,15606,18398,35875
449,0,21577,37313,37313,19258,18497
450,0,655,11155,11155,17441,19897
451,0,22794,36004,36004,34847,15736
452,1,21665,38804,15181,38804,13240
453,0,23380,37945,37945,18727,19326
454,0,7974,18474,18474,10612,17552
455,0,8612,19112,19112,19837,15718
456,0,6883,17383,17383,13103,15708
457,0,2199,12699,12699,15852,12756
458,0,2960,13460,13460,11900,15051
459,0,4640,15140,15140,19627,15018
460,0,9164,19664,19664,17721,35559
461,0,23274,37000,37000,37977,20169
462,0,23960,35383,35383,35382,12424
463,0,5868,16368,16368,12182,36880
464,0,22363,35509,35509,17708,37894
465,0,1405,11905,11905,16253,16241
466,0,24443,34663,34663,12149,14718
467,0,2625,13125,13125,10691,18225
468,0,9132,19632,19632,11888,11733
469,0,5206,15706,15706,18470,17346
470,0,6084,16584,16584,11834,36489
471,0,4972,15472,15472,13729,38955
472,0,3148,13648,13648,19647,15494
473,0,8944,19444,19444,17362,13932
474,0,2873,13373,13373,10771,36461
475,0,3916,14416,14416,15356,20050
476,0,5267,15767,15767,34498,15729
477,0,6400,16900,16900,35609,17465
478,0,6561,17061,17061,17293,34558
479,0,8021,18521,18521,16493,15466
480,0,76,10576,10576,11303,19033
481,0,23813,35328,35328,11852,34562
482,0,9015,19515,19515,13779,35012
483,0,24869,37893,37893,11257,11862
484,0,4947,15447,15447,18109,13171
485,0,7822,18322,18322,36200,36688
486,0,2260,12760,12760,18476,37832
487,0,1775,12275,12275,13808,13519
488,0,5117,15617,15617,11020,10589
489,0,7248,17748,17748,18452,15154
490,0,93,10593,10593,14613,36094
491,0,23177,37235,37235,12259,11841
492,0,4007,14507,14507,37208,13308
493,0,7407,17907,17907,14250,20742
494,0,23350,34864,34864,11067,35047
495,0,6529,17029,17029,12292,12902
496,0,4810,15310,15310,19699,13819
497,0,3181,13681,13681,14785,14613
498,0,22034,38350,38350,37829,37722
499,0,1076,11576,11576,37924,12176
500,0,2338,12838,12838,35767,12697
501,0,5799,16299,16299,38546,12658
502,0,1885,12385,12385,37091,34971
503,0,5912,16412,16412,16161,38064
504,0,9875,20375,20375,16837,12865
505,0,4323,14823,14823,17567,37161
506,47,4949,15449,19588,12140,37729
507,0,5859,16359,16359,11634,11756
508,0,10000,20500,20500,20515,34506
509,0,6903,17403,17403,18427,19133
510,0,2759,13259,13259,36801,14457
511,3,25378,38894,19456,12400,11182
512,0,7885,18385,18385,15818,12112
513,0,4030,14530,14530,35900,36115
514,0,3352,13852,13852,36458,12664
515,0,1437,11937,11937,17201,18413
516,0,1233,11733,11733,19632,17220
517,0,8351,18851,18851,18896,17703
518,1,4281,14781,20297,14781,37917
519,0,5066,15566,15566,37680,12805
520,0,6728,17228,17228,15249,14299
521,0,3102,13602,13602,14364,37690
522,0,2465,12965,12965,36430,16968
523,0,7768,18268,18268,16325,16274
524,0,6929,17429,17429,37392,38924
525,0,449,10949,10949,12245,11415
526,0,5239,15739,15739,15347,36184
527,0,21629,36898,36898,20388,38450
528,0,3621,14121,14121,34984,20463
529,0,2317,12817,12817,35163,18977
530,0,6071,16571,16571,16574,35704
531,0,2185,12685,12685,17825,16746
532,0,4477,14977,14977,13284,36583
533,0,1890,12390,12390,38160,35575
534,0,1155,11655,11655,35649,18410
535,0,6061,16561,16561,38145,15614
536,0,7953,18453,18453,11226,34811
537,0,22077,37489,37489,38548,37258
538,0,1728,12228,12228,11929,19022
539,0,5151,15651,15651,20769,18664
540,0,25201,37202,37202,16175,36167
541,0,7685,18185,18185,14474,17648
542,0,21656,34817,34817,14315,13426
543,0,21365,35199,35199,19266,13102
544,0,10481,20981,20981,12910,16946
545,0,4392,14892,14892,18413,15281
546,0,8495,18995,18995,20770,18297
547,0,2503,13003,13003,36747,13550
548,0,9498,19998,19998,12101,35007
549,0,2463,12963,12963,16925,11423
550,0,5715,16215,16215,15583,34919
551,0,2846,13346,13346,17940,12395
552,0,9535,20035,20035,18080,12565
553,0,24311,36430,36430,37431,16968
554,0,1612,12112,12112,20382,16232
555,0,6234,16734,16734,19086,14675
556,0,2191,12691,12691,34590,17117
557,0,1729,12229,12229,36160,37655
558,0,24971,37800,37800,38606,35947
559,0,23787,35512,35512,17040,12717
560,0,10427,20927,20927,19807,37549
561,0,8176,18676,18676,20833,10738
562,0,9623,20123,20123,16558,20737
563,1,21922,36563,13172,36563,13250
564,0,21972,38638,38638,38675,18238
565,0,25061,37233,37233,14646,11555
566,0,24478,37886,37886,20477,12568
567,0,4047,14547,14547,36489,13785
568,0,5687,16187,16187,18461,10542
569,0,8296,18796,18796,14140,36443
570,0,7676,18176,18176,17074,10766
571,0,22161,34919,34919,15443,12566
572,0,4240,14740,14740,18625,18220
573,0,6670,17170,17170,15393,38073
574,0,7306,17806,17806,13764,37591
575,0,2755,13255,13255,14052,16172
576,0,2492,12992,12992,18567,12015
577,0,3139,13639,13639,17670,15198
578,0,8544,19044,19044,14477,17655
579,0,22464,37193,37193,37993,15708
580,0,21623,37154,37154,16061,14968
581,0,3272,13772,13772,35877,37600
582,0,24033,36729,36729,36730,35888
583,0,8408,18908,18908,19337,18434
584,0,2889,13389,13389,37555,16743
585,0,24213,35130,35130,17083,13238
586,0,788,11288,11288,14242,34889
587,1,22437,36920,17256,36920,17926
588,0,9818,20318,20318,17591,13038
589,0,7841,18341,18341,16992,16228
590,0,7301,17801,17801,14773,20221
591,0,7466,17966,17966,38832,15353
592,0,5678,16178,16178,36985,18690
593,0,9517,20017,20017,37706,37188
594,0,3377,13877,13877,18189,34855
595,0,4527,15027,15027,15758,35688
596,0,25272,36982,36982,19873,19180
597,0,1780,12280,12280,15764,13863
598,1,6756,17256,36920,17256,37479
599,0,2959,13459,13459,38491,15410
600,0,25074,38912,38912,35150,10772
601,0,22334,34906,34906,36137,37336
602,0,349,10849,10849,37099,38006
603,0,22832,37819,37819,38113,36818
604,0,5843,16343,16343,16957,13450
605,0,3349,13849,13849,12221,16654
606,0,42,10542,10542,16187,18461
607,0,801,11301,11301,35747,15236
608,0,3529,14029,14029,38193,17023
609,0,22526,35691,35691,19567,13930
610,0,981,11481,11481,38526,10672
611,0,3458,13958,13958,14669,35610
612,0,6451,16951,16951,38647,15477
613,0,24526,38723,38723,14107,11920
614,0,7590,18090,18090,11537,18561
615,0,8009,18509,18509,37481,16354
616,0,6714,17214,17214,18038,16005
617,0,8507,19007,19007,11714,13860
618,0,23884,34879,34879,13375,37955
619,0,8366,18866,18866,18077,10628
620,0,25035,35645,35645,11703,35989
621,0,2756,13256,13256,38064,13800
622,0,7188,17688,17688,15387,18679
623,0,916,11416,11416,20292,16951
624,1,4617,15117,17652,15117,13705
625,0,1616,12116,12116,18747,19266
626,0,22293,34562,34562,35328,12407
627,0,21994,37289,37289,11816,16858
628,0,2146,12646,12646,15845,17763
629,0,7191,17691,17691,20732,14493
630,0,1833,12333,12333,37043,11981
631,0,5964,16464,16464,10625,36606
632,0,25098,38344,38344,36308,13678
633,0,5508,16008,16008,38436,37350
634,0,7405,17905,17905,37805,19908
635,0,4714,15214,15214,15992,13060
636,0,5714,16214,16214,35469,12302
637,0,9699,20199,20199,16020,17126
638,0,22573,34734,34734,35204,14638
639,0,782,11282,11282,16920,12658
640,0,6173,16673,16673,16042,17653
641,0,7523,18023,18023,36222,17685
642,0,5396,15896,15896,37526,16718
643,0,24973,38523,38523,10689,12951
644,0,24695,36479,36479,20417,38458
645,0,9035,19535,19535,18230,17736
646,0,4838,15338,15338,16200,17139
647,0,2401,12901,12901,16516,16148
648,0,7663,18163,18163,11447,12014
649,0,4205,14705,14705,11558,14768
650,0,4641,15141,15141,12467,18210
651,0,2152,12652,12652,18724,12662
652,0,5550,16050,16050,15048,17238
653,0,2947,13447,13447,14652,13927
654,0,9564,20064,20064,18325,19218
655,0,8028,18528,18528,11186,35037
656,0,3878,14378,14378,18175,20008
657,0,5936,16436,16436,35827,16901
658,0,7207,17707,17707,19259,12592
659,0,5364,15864,15864,36572,14974
660,0,21931,34826,34826,15694,18317
661,0,7255,17755,17755,17135,13901
662,0,24060,38561,38561,14681,36412
663,0,8063,18563,18563,16079,14373
664,0,3023,13523,13523,12384,36300
665,0,24664,34808,34808,19055,37643
666,0,3541,14041,14041,36005,20549
667,0,3279,13779,13779,17850,13883
668,0,8423,18923,18923,10622,35961
669,0,6740,17240,17240,11142,11946
670,0,23354,38242,38242,12817,37253
671,0,8753,19253,19253,12379,12315
672,0,21513,34771,34771,16927,11436
673,0,2804,13304,13304,11172,15507
674,0,2211,12711,12711,14114,37724
675,0,21834,36502,36502,36166,15262
676,0,8237,18737,18737,35676,36835
677,0,25054,34941,34941,14057,13723
678,0,3133,13633,13633,17631,11684
679,0,7132,17632,17632,38021,37555
680,0,8842,19342,19342,14758,16479
681,0,7781,18281,18281,37249,19538
682,0,4320,14820,14820,17594,18396
683,0,6853,17353,17353,11373,20246
684,0,2107,12607,12607,37557,37558
685,0,5128,15628,15628,12157,13847
686,0,9648,20148,20148,16972,15992
687,0,25486,35280,35280,19538,35221
688,0,3973,14473,14473,16624,37308
689,0,23253,34823,34823,37098,15065
690,0,3034,13534,13534,37105,13430
691,0,21448,34774,34774,34773,38036
692,0,9734,20234,20234,15791,17382
693,0,4663,15163,15163,36586,18550
694,0,8394,18894,18894,14906,35076
695,0,3286,13786,13786,12065,18959
696,0,2367,12867,12867,36811,13221
697,0,9698,20198,20198,18199,12053
698,0,21127,35483,35483,15170,35775
699,0,440,10940,10940,17838,17535
700,0,23648,36594,36594,17659,35673
701,0,24384,36014,36014,15840,34951
702,0,7887,18387,18387,36370,36005
703,0,4692,15192,15192,34678,36299
704,0,22108,37383,37383,20739,19507
705,0,9315,19815,19815,13636,20982
706,0,9845,20345,20345,37519,10743
707,0,1224,11724,11724,13171,18109
708,0,8541,19041,19041,34526,14103
709,0,2592,13092,13092,11327,36854
710,0,3247,13747,13747,11379,38599
711,0,2812,13312,13312,13016,19766
712,0,22950,38650,38650,16690,11231
713,0,6857,17357,17357,16574,14064
714,0,8233,18733,18733,34896,16761
715,0,2691,13191,13191,12573,13418
716,0,4132,14632,14632,14758,11253
717,0,6745,17245,17245,36623,11707
718,0,6779,17279,17279,35922,14923
719,0,2249,12749,12749,17183,38678
720,0,2552,13052,13052,35993,11938
721,0,8674,19174,19174,11120,14932
722,0,22483,34508,34508,15970,12297
723,0,10067,20567,20567,16215,17284
724,0,7342,17842,17842,15380,37468
725,0,3649,14149,14149,35136,12120
726,0,380,10880,10880,36780,11017
727,0,24593,35324,35324,13267,18489
728,0,5749,16249,16249,36756,15368
729,0,7210,17710,17710,35083,14997
730,0,21785,38375,38375,20138,15331
731,0,8015,18515,18515,15390,12597
732,0,1360,11860,11860,14249,18886
733,0,3196,13696,13696,20727,34767
734,0,2037,12537,12537,13504,16132
735,0,486,10986,10986,17799,18220
736,0,9935,20435,20435,12928,36171
737,0,21564,35976,35976,36267,20711
738,0,783,11283,11283,18402,16552
739,0,8126,18626,18626,16010,35344
740,0,7034,17534,17534,35480,18609
741,0,10100,20600,20600,20852,38585
742,0,21772,38757,38757,11632,17087
743,0,3238,13738,13738,18654,17968
744,0,6369,16869,16869,11155,11007
745,0,9755,20255,20255,12487,10723
746,0,24737,35313,35313,18168,20374
747,0,10252,20752,20752,12743,18382
748,0,24579,38921,38921,17505,37665
749,0,8355,18855,18855,15486,17157
750,0,6590,17090,17090,38554,34827
751,0,8198,18698,18698,17351,12336
752,0,25066,37270,37270,36995,35815
753,0,1915,12415,12415,36436,37601
754,0,8543,19043,19043,17112,15035
755,0,9718,20218,20218,36784,17770
756,0,7582,18082,18082,13737,18443
757,0,21276,34590,34590,14465,12691
758,0,24520,35965,35965,12273,13847
759,0,3464,13964,13964,34900,12755
760,0,2138,12638,12638,37567,37617
761,0,21390,37487,37487,15603,37259
762,0,23794,35944,35944,36133,14418
763,0,742,11242,11242,17962,13519
764,0,8568,19068,19068,15244,35992
765,1,21842,35489,38636,35489,38813
766,0,9774,20274,20274,12759,16198
767,0,6759,17259,17259,16034,14643
768,0,21416,38028,38028,16165,38427
769,1,21094,37821,38169,37821,36150
770,0,4480,14980,14980,34790,38308
771,0,3442,13942,13942,15406,35936
772,0,21357,35820,35820,20193,19757
773,0,4521,15021,15021,11891,15642
774,9,2847,13347,20926,34872,15274
775,0,23705,38025,38025,38659,20456
776,0,23302,36868,36868,12414,11663
777,0,7018,17518,17518,10639,13383
778,0,9178,19678,19678,16504,17612
779,0,24562,38563,38563,16554,14392
780,0,6865,17365,17365,38260,10628
781,0,6698,17198,17198,17175,35494
782,0,21484,38181,38181,17266,16295
783,0,23778,37443,37443,12673,34680
784,4,6355,16855,11995,36135,19858
785,0,1834,12334,12334,35216,19464
786,0,9684,20184,20184,14021,37392
787,0,8897,19397,19397,36687,14318
788,0,24506,36543,36543,19492,20579
789,0,23314,38823,38823,20908,38470
790,0,5703,16203,16203,17969,14000
791,0,4801,15301,15301,13645,37954
792,0,9303,19803,19803,15988,16395
793,0,24464,34737,34737,17924,34661
794,0,24111,37381,37381,36966,13530
795,0,9436,19936,19936,35005,13160
796,0,3003,13503,13503,19829,13475
797,0,23,10523,10523,36452,17386
798,0,23308,35964,35964,35374,15340
799,0,3524,14024,14024,16989,12921
800,0,23189,34916,34916,14066,18735
801,0,22033,36120,36120,20381,19540
802,0,9629,20129,20129,14991,15684
803,0,1309,11809,11809,20325,37795
804,0,24861,38377,38377,37453,18566
805,0,8395,18895,18895,18217,35938
806,0,3475,13975,13975,34649,11925
807,0,789,11289,11289,17065,15552
808,0,23756,35844,35844,36451,19369
809,0,24150,35866,35866,15262,38458
810,0,7015,17515,17515,13000,16210
811,0,3284,13784,13784,17024,35130
812,0,6463,16963,16963,35436,19524
813,0,2514,13014,13014,16519,16711
814,0,6145,16645,16645,36199,15557
815,0,4385,14885,14885,16058,17922
816,0,22308,34917,34917,12215,35999
817,0,4905,15405,15405,19676,15086
818,0,8732,19232,19232,12802,15981
819,0,21307,36988,36988,10795,35471
820,0,23150,38285,38285,12676,12623
821,0,5446,15946,15946,14935,17888
822,0,9419,19919,19919,13647,38630
823,0,3688,14188,14188,13518,37547
824,0,1395,11895,11895,37031,35905
825,0,23495,38699,38699,36905,17525
826,0,21762,34831,34831,14764,12297
827,3,5006,15506,13066,16006,14127
828,1,5357,15857,38229,15857,37020
829,4,21193,38879,16283,37836,17560
830,0,7864,18364,18364,17996,36816
831,0,5257,15757,15757,35072,14849
832,0,5632,16132,16132,20957,13278
833,0,6805,17305,17305,12406,36711
834,0,9581,20081,20081,20275,19097
835,0,23710,37792,37792,34632,36016
836,0,5434,15934,15934,12746,37559
837,0,7416,17916,17916,36874,35380
838,0,10333,20833,20833,10738,20785
839,0,8128,18628,18628,20885,34755
840,1,22991,37191,38918,37191,14945
841,0,5883,16383,16383,14183,35689
842,0,9487,19987,19987,13011,36326
843,0,3301,13801,13801,34468,16168
844,0,25019,36770,36770,12469,12163
845,0,10284,20784,20784,15626,13183
846,0,22043,34755,34755,13159,18628
847,0,23650,38531,38531,14468,35726
848,0,712,11212,11212,34528,15422
849,0,4279,14779,14779,14671,37494
850,0,23769,38396,38396,36045,10733
851,0,8763,19263,19263,14775,13765
852,0,24507,35276,35276,34975,20758
853,0,10424,20924,20924,38164,11434
854,0,1822,12322,12322,38743,18194
855,4,9411,19911,11129,35534,36061
856,0,6245,16745,16745,11980,38431
857,0,7525,18025,18025,19560,14310
858,0,21274,38006,38006,38518,13883
859,0,23374,37636,37636,36196,15829
860,0,8420,18920,18920,35152,20023
861,0,1977,12477,12477,37834,38498
862,0,24596,35862,35862,35649,15712
863,0,3264,13764,13764,13763,37591
864,0,22592,35144,35144,13024,16365
865,0,4834,15334,15334,12189,16009
866,0,5061,15561,15561,18694,38916
867,0,252,10752,10752,34921,17394
868,0,22413,38308,38308,14965,38068
869,0,2098,12598,12598,16354,18977
870,0,6244,16744,16744,15551,19335
871,0,21322,37445,37445,13662,15392
872,0,3671,14171,14171,15178,12412
873,0,23845,34758,34758,13912,37531
874,0,24387,34592,34592,17696,15087
875,0,7613,18113,18113,38803,11048
876,0,23017,37759,37759,38020,37665
877,0,4416,14916,14916,12318,12876
878,0,21076,38099,38099,11760,15386
879,0,10113,20613,20613,11136,16261
880,0,5857,16357,16357,11878,14479
881,0,8645,19145,19145,19517,14064
882,0,6415,16915,16915,13518,10746
883,0,6914,17414,17414,37393,12526
884,0,21157,35832,35832,15353,36069
885,0,2934,13434,13434,12027,11206
886,0,6017,16517,16517,18462,36812
887,0,8229,18729,18729,11771,14673
888,0,9294,19794,19794,10629,13519
889,0,8360,18860,18860,17163,11237
890,0,6562,17062,17062,13761,13311
891,0,23912,38863,38863,36858,35294
892,0,24275,36094,36094,16096,14332
893,0,8344,18844,18844,19416,14490
894,0,21342,37237,37237,37402,12063
895,0,21530,36903,36903,15065,13739
896,0,7073,17573,17573,13093,35299
897,0,56,10556,10556,15775,18679
898,0,3412,13912,13912,34758,11335
899,0,5584,16084,16084,36573,19095
900,0,2855,13355,13355,17889,34587
901,0,6209,16709,16709,15548,36002
902,0,2986,13486,13486,35654,38015
903,0,9553,20053,20053,35535,11382
904,0,5999,16499,16499,15818,36417
905,0,24334,36398,36398,19251,13520
906,0,22699,36763,36763,36037,10632
907,0,6189,16689,16689,17158,36272
908,0,9943,20443,20443,17088,38565
909,0,8348,18848,18848,11388,14316
910,0,21730,35746,35746,14993,12190
911,0,4722,15222,15222,38241,17112
912,0,8292,18792,18792,36710,16977
913,0,7425,17925,17925,19308,11138
914,0,4472,14972,14972,37834,38498
915,0,8781,19281,19281,35742,13858
916,0,22163,35009,35009,14190,11288
917,0,2188,12688,12688,12177,37433
918,0,6461,16961,16961,19634,15219
919,0,4049,14549,14549,10723,37050
920,0,24601,37534,37534,17756,35062
921,0,25287,37222,37222,12438,13045
922,0,24950,37474,37474,38362,38330
923,0,7391,17891,17891,20781,20293
924,0,3544,14044,14044,11031,18543
925,0,519,11019,11019,11154,34536
926,0,7689,18189,18189,34855,13877
927,0,4508,15008,15008,18204,11207
928,0,23330,35889,35889,13112,35888
929,0,6641,17141,17141,14974,38067
930,0,5263,15763,15763,38840,10756
931,0,8139,18639,18639,38525,14719
932,0,6916,17416,17416,11309,14758
933,0,227,10727,10727,38550,20151
934,0,8741,19241,19241,10574,19780
935,1,23768,35683,17527,35683,13891
936,0,8147,18647,18647,11779,12524
937,0,7621,18121,18121,18877,19977
938,0,8127,18627,18627,38626,35726
939,0,24853,37969,37969,17181,38580
940,0,24197,37955,37955,14199,17427
941,0,10125,20625,20625,37505,16053
942,0,1699,12199,12199,38228,19203
943,0,23503,38871,38871,36943,38125
944,0,25077,36972,36972,38068,18065
945,0,1877,12377,12377,11297,13585
946,0,513,11013,11013,11523,13637
947,0,8046,18546,18546,13289,19692
948,0,9246,19746,19746,34824,11360
949,1,24340,35049,37852,35049,36999
950,0,9612,20112,20112,35059,12473
951,0,6886,17386,17386,36243,18108
952,0,6119,16619,16619,18146,20810
953,0,24038,34473,34473,20203,19846
954,0,22096,37536,37536,18867,16825
955,0,7899,18399,18399,35726,36202
956,0,10310,20810,20810,20772,16619
957,0,24988,37949,37949,16041,34804
958,0,2916,13416,13416,11353,14418
959,0,24505,38011,38011,20681,16382
960,0,480,10980,10980,14261,18236
961,0,21059,34870,34870,20839,11834
962,0,9603,20103,20103,36363,12822
963,0,2577,13077,13077,16276,14848
964,0,5804,16304,16304,35318,16177
965,0,24788,37553,37553,17683,15575
966,0,8364,18864,18864,13319,19959
967,0,5858,16358,16358,35614,15311
968,0,23062,38085,38085,18694,10805
969,0,5272,15772,15772,36740,37765
970,0,9932,20432,20432,18036,14509
971,0,8651,19151,19151,35920,10566
972,0,1596,12096,12096,37748,16831
973,0,21298,37264,37264,16351,37788
974,0,3896,14396,14396,13752,11435
975,0,22420,34518,34518,35481,34671
976,0,1349,11849,11849,12177,16411
977,0,9072,19572,19572,36881,35451
978,0,10092,20592,20592,37869,12757
979,0,3777,14277,14277,10975,15154
980,0,25372,35036,35036,12058,15741
981,0,23586,35290,35290,14121,16901
982,0,24001,38540,38540,37409,12548
983,0,4050,14550,14550,15120,19897
984,0,22375,34474,34474,35095,11378
985,0,23517,35587,35587,19464,17431
986,0,23025,36413,36413,36410,18056
987,0,21883,38732,38732,37525,15729
988,0,2762,13262,13262,14576,12158
989,0,23393,38702,38702,38810,20408
990,0,6387,16887,16887,35274,16237
991,0,3685,14185,14185,19111,35043
992,0,5062,15562,15562,35540,36745
993,0,3602,14102,14102,11438,37946
994,0,23570,35725,35725,34736,35956
995,1,23405,38737,15265,38737,13901
996,0,1446,11946,11946,17240,13055
997,0,9373,19873,19873,19180,36982
998,0,1020,11520,11520,37109,38241
999,0,705,11205,11205,38417,15048
1000,0,6427,16927,16927,38485,37056
1001,0,1866,12366,12366,17043,17655
1002,0,22481,36790,36790,38228,17746
1003,0,7487,17987,17987,18980,13522
1004,0,6939,17439,17439,19267,12524
1005,0,21845,35679,35679,35111,36567
1006,0,2574,13074,13074,36428,14924
1007,0,21590,36060,36060,13175,14310
1008,0,2956,13456,13456,35028,10558
1009,0,8054,18554,18554,36142,13009
1010,0,3742,14242,14242,34889,37605
1011,0,3914,14414,14414,36740,15772
1012,0,9320,19820,19820,17970,34992
1013,0,23190,34871,34871,34901,35740
1014,0,1419,11919,11919,16736,38031
1015,0,1103,11603,11603,13729,18964
1016,0,6699,17199,17199,14934,15555
1017,0,25360,36331,36331,12829,36743
1018,0,7839,18339,18339,15924,15189
1019,0,10358,20858,20858,12113,16486
1020,0,1558,12058,12058,35036,15877
1021,0,6556,17056,17056,34746,17411
1022,0,7091,17591,17591,20318,17496
1023,0,8441,18941,18941,15413,15178
1024,0,22615,36778,36778,16778,36777
1025,0,3523,14023,14023,35749,19577
1026,0,4542,15042,15042,18634,11758
1027,0,34,10534,10534,38241,10845
1028,0,3400,13900,13900,18380,11191
1029,0,24287,38481,38481,13981,18674
1030,0,5605,16105,16105,15466,18521
1031,11,8821,19321,36550,17076,37130
1032,0,22669,38849,38849,37833,20266
1033,0,7233,17733,17733,12658,17279
1034,0,2652,13152,13152,11492,19189
1035,0,5328,15828,15828,17175,19536
1036,0,5905,16405,16405,35801,20508
1037,0,5945,16445,16445,14509,19741
1038,1,21335,37312,37473,37312,37377
1039,0,21537,36154,36154,15537,38253
1040,2,23263,36202,11167,38414,36202
1041,0,24068,35957,35957,18659,17637
1042,0,292,10792,10792,13846,10750
1043,0,2836,13336,13336,20520,36829
1044,0,23915,34904,34904,12151,16697
1045,0,23027,37228,37228,37089,17835
1046,0,21561,35510,35510,18556,35511
1047,0,2870,13370,13370,15058,36019
1048,0,7677,18177,18177,11503,15147
1049,0,8249,18749,18749,12371,19335
1050,0,10317,20817,20817,37619,20385
1051,0,21826,34497,34497,18259,10933
1052,0,9119,19619,19619,16213,18754
1053,0,7567,18067,18067,19152,15451
1054,0,23599,38071,38071,11476,17930
1055,0,1318,11818,11818,15805,18147
1056,0,2730,13230,13230,19420,34825
1057,0,10221,20721,20721,12277,12343
1058,0,6290,16790,16790,36817,14533
1059,0,23926,34632,34632,37792,16697
1060,0,21247,37167,37167,19673,12281
1061,0,4879,15379,15379,13360,18370
1062,0,10423,20923,20923,11505,14103
1063,0,9088,19588,19588,16813,11894
1064,0,24021,35366,35366,10840,10715
1065,0,21635,37647,37647,38608,14508
1066,0,2228,12728,12728,20317,36663
1067,0,2641,13141,13141,17461,16150
1068,0,4418,14918,14918,12980,13880
1069,0,9460,19960,19960,13927,36051
1070,0,6505,17005,17005,13896,15115
1071,0,6194,16694,16694,18038,16949
1072,0,5921,16421,16421,11925,13700
1073,0,6872,17372,17372,16384,10886
1074,1,356,10856,34584,10856,19412
1075,0,8076,18576,18576,14783,18704
1076,0,22725,35121,35121,19948,18964
1077,0,22995,37765,37765,36740,36561
1078,0,8444,18944,18944,17143,20327
1079,0,4584,15084,15084,19343,12200
1080,0,837,11337,11337,38309,37095
1081,0,266,10766,10766,13319,18129
1082,1,2006,12506,38841,12506,16468
1083,0,8803,19303,19303,20647,16007
1084,0,21810,34795,34795,35413,16757
1085,0,2362,12862,12862,13573,14109
1086,0,22404,35909,35909,19375,37324
1087,0,21254,36829,36829,13336,14417
1088,0,21620,38127,38127,13876,11456
1089,0,25282,38550,38550,36248,10727
1090,0,10283,20783,20783,15489,36296
1091,0,9736,20236,20236,36402,35410
1092,0,826,11326,11326,20750,16031
1093,0,9754,20254,20254,16454,16011
1094,0,4253,14753,14753,15801,18436
1095,0,6053,16553,16553,13519,17813
1096,0,25312,37315,37315,15952,20170
1097,0,8283,18783,18783,35461,17248
1098,0,1441,11941,11941,15901,37623
1099,0,3066,13566,13566,12708,37544
1100,0,22423,35363,35363,20956,37089
1101,0,2748,13248,13248,37393,13146
1102,0,7388,17888,17888,38191,11472
1103,0,9034,19534,19534,38358,17842
1104,0,3061,13561,13561,17187,14568
1105,0,889,11389,11389,11574,12406
1106,0,23825,37444,37444,20628,17028
1107,0,25230,36512,36512,36811,37195
1108,0,25406,38141,38141,14234,35826
1109,0,1963,12463,12463,15174,14973
1110,0,3125,13625,13625,37201,14935
1111,0,24271,35766,35766,17632,38021
1112,0,6101,16601,16601,12954,37225
1113,0,1127,11627,11627,10810,18938
1114,0,21769,35449,35449,37691,19992
1115,0,25053,35750,35750,37659,14822
1116,0,6385,16885,16885,14832,14583
1117,0,9724,20224,20224,10863,36319
1118,0,21173,34815,34815,38858,18445
1119,0,7488,17988,17988,38822,18755
1120,0,6203,16703,16703,38580,17894
1121,0,1543,12043,12043,17989,18163
1122,0,3263,13763,13763,18496,13764
1123,0,8762,19262,19262,38524,38526
1124,0,9775,20275,20275,11892,10618
1125,0,2268,12768,12768,19401,13234
1126,0,3770,14270,14270,10838,11920
1127,0,7025,17525,17525,38699,11174
1128,0,23165,36052,36052,14432,12040
1129,0,132,10632,10632,18151,36763
1130,0,9357,19857,19857,38816,36301
1131,0,23103,35649,35649,35862,11655
1132,0,603,11103,11103,15755,38808
1133,0,6425,16925,16925,38196,17104
1134,0,843,11343,11343,14090,17042
1135,0,393,10893,10893,10819,17270
1136,0,21906,37688,37688,13499,18091
1137,0,9849,20349,20349,17909,35293
1138,0,22254,36526,36526,35879,11409
1139,0,4989,15489,15489,20783,13746
1140,0,3928,14428,14428,17006,13289
1141,0,5511,16011,16011,37118,20489
1142,0,6927,17427,17427,37955,14199
1143,0,5909,16409,16409,11783,18972
1144,1,25393,36963,12297,36963,36520
1145,0,22795,37180,37180,10882,11718
1146,0,24249,38358,38358,14896,19534
1147,0,2277,12777,12777,35800,15589
1148,0,6417,16917,16917,20558,13235
1149,0,3234,13734,13734,38420,11661
1150,0,22012,36213,36213,14100,12899
1151,0,3498,13998,13998,19678,10530
1152,0,21807,38728,38728,16684,16489
1153,0,4613,15113,15113,12690,36227
1154,0,25489,36405,36405,11104,16387
1155,0,10008,20508,20508,17915,19876
1156,0,401,10901,10901,12951,17053
1157,0,24948,38918,38918,37191,14945
1158,0,25315,36360,36360,12175,38801
1159,0,24586,35772,35772,13555,11856
1160,0,23797,34550,34550,18344,38015
1161,0,23737,35422,35422,10841,11104
1162,0,4680,15180,15180,12832,12784
1163,0,5008,15508,15508,16871,19250
1164,0,25356,36295,36295,37568,13061
1165,0,3403,13903,13903,36496,20276
1166,0,25218,36107,36107,12580,18907
1167,0,3883,14383,14383,15166,38233
1168,0,6307,16807,16807,16333,15044
1169,0,9423,19923,19923,16462,19877
1170,0,10021,20521,20521,11075,17696
1171,0,23205,38616,38616,20388,10608
1172,0,1573,12073,12073,10944,34918
1173,0,23358,37917,37917,14432,14781
1174,0,9329,19829,19829,13503,35318
1175,0,2423,12923,12923,18185,14637
1176,0,8759,19259,19259,17707,16930
1177,0,5264,15764,15764,18260,37091
1178,0,7231,17731,17731,38667,19783
1179,0,3548,14048,14048,36681,11981
1180,0,8999,19499,19499,15365,11595
1181,0,8911,19411,19411,18370,15949
1182,0,25114,35250,35250,15199,14374
1183,0,7738,18238,18238,19730,38638
1184,0,21721,35355,35355,35443,11528
1185,0,5826,16326,16326,18808,20220
1186,0,22095,36934,36934,20612,35327
1187,0,7881,18381,18381,14069,14220
1188,0,24479,38371,38371,18681,19834
1189,0,809,11309,11309,17950,12724
1190,0,23624,34956,34956,35637,15055
1191,0,24965,35152,35152,18920,17628
1192,0,2650,13150,13150,19954,20049
1193,0,22010,36086,36086,17447,19678
1194,0,22500,38822,38822,17988,14761
1195,0,23594,35606,35606,36504,15956
1196,0,3190,13690,13690,11367,13743
1197,0,3620,14120,14120,16280,18665
1198,0,1702,12202,12202,36774,34483
1199,0,24744,35688,35688,15758,15027
1200,0,8231,18731,18731,10923,11416
1201,0,3650,14150,14150,13148,11917
1202,0,23433,38439,38439,12637,37032
1203,0,7666,18166,18166,11824,15966
1204,0,22093,38362,38362,37474,38368
1205,0,8876,19376,19376,37271,15671
1206,0,23413,36619,36619,36229,19460
1207,0,3370,13870,13870,38864,17296
1208,0,23178,38057,38057,20681,13392
1209,0,6291,16791,16791,13512,34674
1210,0,22158,34972,34972,19137,12762
1211,0,10476,20976,20976,35517,16804
1212,0,9297,19797,19797,35525,11306
1213,0,22924,36819,36819,36820,12217
1214,0,10148,20648,20648,20579,14982
1215,0,21607,37797,37797,17937,20400
1216,0,22914,36024,36024,36293,16611
1217,0,8062,18562,18562,14578,12938
1218,0,664,11164,11164,36957,14309
1219,0,10337,20837,20837,10612,37881
1220,0,8962,19462,19462,38818,35533
1221,0,23520,37614,37614,36454,38200
1222,0,1736,12236,12236,16542,35313
1223,0,5259,15759,15759,37083,20248
1224,0,3347,13847,13847,12273,15628
1225,0,1568,12068,12068,20461,15428
1226,0,462,10962,10962,38293,14918
1227,0,743,11243,11243,18716,35372
1228,0,222,10722,10722,36773,35115
1229,0,22212,36422,36422,34572,36522
1230,0,3994,14494,14494,12069,17216
1231,0,1979,12479,12479,17748,38608
1232,0,7682,18182,18182,20600,38585
1233,0,625,11125,11125,38089,36895
1234,0,25206,34602,34602,16560,17248
1235,0,9773,20273,20273,16087,15676
1236,0,7202,17702,17702,11889,19536
1237,0,23798,35951,35951,14262,15261
1238,0,344,10844,10844,11769,14925
1239,0,5494,15994,15994,18163,18845
1240,0,7945,18445,18445,18076,38858
1241,0,8772,19272,19272,36711,19142
1242,0,1004,11504,11504,14436,16088
1243,0,4449,14949,14949,14170,37477
1244,0,2280,12780,12780,35384,13317
1245,0,456,10956,10956,18465,38535
1246,0,23051,35978,35978,12763,19347
1247,0,9209,19709,19709,18106,20732
1248,0,4335,14835,14835,17107,34601
1249,0,2621,13121,13121,37841,38144
1250,0,24338,34597,34597,34485,10506
1251,0,6325,16825,16825,16707,35085
1252,0,25426,35287,35287,36210,15835
1253,0,5756,16256,16256,11633,20350
1254,0,9683,20183,20183,19445,38047
1255,0,22306,38410,38410,18967,16001
1256,0,5114,15614,15614,18060,17059
1257,0,9544,20044,20044,11056,34793
1258,0,5212,15712,15712,13651,35862
1259,0,21751,36659,36659,12323,12110
1260,0,1760,12260,12260,18287,17412
1261,0,842,11342,11342,20354,17694
1262,0,21360,37138,37138,35909,37324
1263,0,22279,36687,36687,19397,16165
1264,0,6492,16992,16992,18341,35078
1265,0,5199,15699,15699,18409,12089
1266,0,4803,15303,15303,11939,15229
1267,0,2902,13402,13402,19399,16312
1268,0,22040,36483,36483,17582,37902
1269,0,5987,16487,16487,17998,15614
1270,0,24298,38622,38622,18592,36998
1271,0,24605,36032,36032,14506,15757
1272,0,6165,16665,16665,15021,18327
1273,0,8875,19375,19375,35909,15634
1274,0,24922,36395,36395,12042,18197
1275,0,8918,19418,19418,35134,18699
1276,0,23932,37020,37020,35975,18234
1277,0,3431,13931,13931,35895,37670
1278,0,22902,38103,38103,38363,14621
1279,0,9038,19538,19538,18481,12018
1280,0,21918,38809,38809,37437,12571
1281,0,7795,18295,18295,37392,37376
1282,0,8971,19471,19471,15920,17153
1283,0,23771,38278,38278,37676,11450
1284,0,4725,15225,15225,17868,34862
1285,0,7897,18397,18397,15799,15905
1286,0,5130,15630,15630,18913,37517
1287,0,24493,38797,38797,12725,15639
1288,0,6945,17445,17445,38272,38154
1289,0,23682,38645,38645,14786,36187
1290,0,9173,19673,19673,36810,13829
1291,0,9128,19628,19628,16892,17949
1292,0,10078,20578,20578,12459,11602
1293,0,23953,34649,34649,13700,12635
1294,0,368,10868,10868,13101,19093
1295,0,23458,36530,36530,11128,17663
1296,0,3593,14093,14093,14222,12485
1297,0,1415,11915,11915,11464,35970
1298,0,22561,35078,35078,17801,34832
1299,0,8061,18561,18561,18662,14318
1300,0,21987,38833,38833,35883,16659
1301,0,21904,36110,36110,15890,20441
1302,0,8939,19439,19439,15318,16035
1303,0,22888,35937,35937,17133,19385
1304,0,25037,36825,36825,14994,20056
1305,0,8587,19087,19087,36284,36176
1306,0,9319,19819,19819,35663,38784
1307,0,1721,12221,12221,36332,38006
1308,0,8826,19326,19326,19911,19167
1309,0,5324,15824,15824,17638,38605
1310,1,4060,14560,38807,14560,18625
1311,0,22063,38416,38416,20644,12921
1312,0,1824,12324,12324,10779,10794
1313,0,23390,37624,37624,18976,36134
1314,0,22412,36658,36658,14447,20603
1315,0,22386,36010,36010,11300,13084
1316,0,9395,19895,19895,13274,17919
1317,0,3232,13732,13732,19578,18630
1318,0,1918,12418,12418,14979,10844
1319,0,24294,37470,37470,14586,14436
1320,0,1569,12069,12069,14494,34534
1321,0,1831,12331,12331,16191,38086
1322,0,347,10847,10847,15832,12635
1323,0,1242,11742,11742,37887,19920
1324,2,7720,18220,38807,18625,18220
1325,0,22148,37658,37658,12550,14812
1326,0,21822,35248,35248,19783,13449
1327,0,22702,38683,38683,15685,16943
1328,0,25148,35185,35185,19558,13939
1329,0,23287,37150,37150,14787,36909
1330,0,23244,35394,35394,37714,14832
1331,0,23850,35855,35855,34905,14472
1332,0,24862,37045,37045,16447,36948
1333,0,7930,18430,18430,15074,14561
1334,0,6466,16966,16966,36298,16844
1335,0,10415,20915,20915,13425,37815
1336,0,7593,18093,18093,35399,10870
1337,0,22576,35251,35251,18278,37525
1338,0,7182,17682,17682,18945,15533
1339,0,24685,36400,36400,19068,16841
1340,1,22488,37101,17463,37101,37102
1341,1,24569,38841,12506,38841,16468
1342,0,21020,37304,37304,36966,37172
1343,0,5847,16347,16347,20076,34640
1344,0,23283,36458,36458,18665,15557
1345,0,24814,37035,37035,14666,12110
1346,0,1222,11722,11722,37327,11316
1347,0,6473,16973,16973,19914,13663
1348,0,2134,12634,12634,15252,14806
1349,0,8953,19453,19453,16074,13860
1350,0,8083,18583,18583,17216,12511
1351,0,23952,38632,38632,12526,34783
1352,0,6741,17241,17241,18553,16318
1353,0,21556,36063,36063,11684,11386
1354,0,509,11009,11009,38270,11999
1355,0,10452,20952,20952,15191,38946
1356,0,3986,14486,14486,37115,18474
1357,0,748,11248,11248,18945,17674
1358,0,5246,15746,15746,18214,14328
1359,0,1259,11759,11759,12679,38630
1360,0,4718,15218,15218,18589,19428
1361,0,1888,12388,12388,20616,37719
1362,0,711,11211,11211,36048,10891
1363,0,24399,37118,37118,16011,38615
1364,0,21585,37659,37659,12809,13101
1365,0,7856,18356,18356,11197,14658
1366,0,5833,16333,16333,16807,15044
1367,0,23572,38120,38120,19685,20514
1368,0,23955,37110,37110,14318,36299
1369,0,7562,18062,18062,20744,12832
1370,0,4808,15308,15308,17857,38040
1371,0,3329,13829,13829,19673,11515
1372,0,3293,13793,13793,18141,13589
1373,0,8485,18985,18985,20665,13742
1374,0,24152,35759,35759,37431,14350
1375,0,6148,16648,16648,11528,17900
1376,0,22343,37022,37022,17197,36041
1377,0,10045,20545,20545,37507,12726
1378,0,4865,15365,15365,35496,19499
1379,0,5551,16051,16051,13241,15282
1380,0,9253,19753,19753,18713,18487
1381,0,8855,19355,19355,11821,17274
1382,0,104,10604,10604,37189,37190
1383,0,1794,12294,12294,19283,35558
1384,0,10463,20963,20963,18724,12652
1385,0,2386,12886,12886,18104,11771
1386,0,21273,36041,36041,17197,37022
1387,0,4847,15347,15347,15739,19471
1388,0,6650,17150,17150,19032,20598
1389,0,5837,16337,16337,11819,20335
1390,0,8247,18747,18747,12116,11555
1391,0,1658,12158,12158,14576,13262
1392,0,212,10712,10712,18531,12806
1393,0,8241,18741,18741,11978,17745
1394,0,5886,16386,16386,16235,34552
1395,0,4419,14919,14919,12458,38478
1396,0,23857,38107,38107,14364,11463
1397,0,5193,15693,15693,16881,13784
1398,0,5735,16235,16235,12681,13329
1399,0,1359,11859,11859,35196,17986
1400,0,334,10834,10834,18259,34497
1401,0,8077,18577,18577,18627,13010
1402,0,3110,13610,13610,19209,20224
1403,0,5709,16209,16209,16354,18509
1404,0,792,11292,11292,37651,38239
1405,0,233,10733,10733,19650,38396
1406,0,8515,19015,19015,17655,13896
1407,0,9289,19789,19789,38271,18915
1408,0,1064,11564,11564,20853,38374
1409,0,209,10709,10709,15813,16526
1410,0,23529,35393,35393,10525,20549
1411,0,24686,34770,34770,11472,15152
1412,1,24344,37360,36804,37360,37442
1413,0,9525,20025,20025,38654,11285
1414,0,4498,14998,14998,36895,38089
1415,0,6664,17164,17164,16476,12211
1416,0,2413,12913,12913,35605,36220
1417,0,9595,20095,20095,36129,20310
1418,0,9431,19931,19931,37934,15228
1419,0,22349,36606,36606,16464,34510
1420,0,7139,17639,17639,19608,18990
1421,0,871,11371,11371,38171,38311
1422,0,1263,11763,11763,38393,14807
1423,0,1618,12118,12118,13008,34851
1424,0,4345,14845,14845,15895,17537
1425,0,10076,20576,20576,16231,12177
1426,0,2414,12914,12914,34484,11877
1427,0,21275,37476,37476,18320,35902
1428,0,25401,37465,37465,12009,35421
1429,0,21579,35702,35702,19715,16840
1430,0,1220,11720,11720,18672,38126
1431,0,25286,34559,34559,12497,11060
1432,0,1765,12265,12265,19653,35590
1433,0,25387,35984,35984,38316,19234
1434,0,8493,18993,18993,16504,38891
1435,0,23981,37321,37321,36350,19357
1436,0,2001,12501,12501,17465,35609
1437,0,5609,16109,16109,17643,14209
1438,0,25438,34530,34530,16302,35453
1439,0,4581,15081,15081,18974,36676
1440,0,8885,19385,19385,15429,19264
1441,0,1485,11985,11985,11905,18455
1442,0,3582,14082,14082,36706,15335
1443,0,2523,13023,13023,12179,20588
1444,0,24791,37119,37119,20979,36906
1445,0,6332,16832,16832,34465,18672
1446,0,3078,13578,13578,34873,11041
1447,0,4833,15333,15333,17661,18664
1448,0,23315,35607,35607,20152,37635
1449,0,1305,11805,11805,15064,16564
1450,0,4782,15282,15282,36870,15025
1451,0,8255,18755,18755,17988,38822
1452,0,4381,14881,14881,37345,12374
1453,0,22780,38570,38570,10740,17064
1454,0,6224,16724,16724,15432,12173
1455,0,21278,37115,37115,11715,18049
1456,0,9562,20062,20062,36885,37639
1457,0,2165,12665,12665,12403,17634
1458,0,617,11117,11117,12704,17777
1459,0,22535,38507,38507,20770,20096
1460,0,7277,17777,17777,16751,15089
1461,0,7855,18355,18355,14678,35125
1462,0,8518,19018,19018,37525,11559
1463,0,10240,20740,20740,37505,15199
1464,0,9097,19597,19597,17239,13229
1465,0,25256,38188,38188,38947,18305
1466,0,2163,12663,12663,15688,14443
1467,0,4770,15270,15270,12049,16942
1468,0,22985,35946,35946,15707,15777
1469,0,25192,38659,38659,38025,11431
1470,0,2004,12504,12504,11836,13458
1471,0,24680,38297,38297,17276,38225
1472,0,3047,13547,13547,12986,36473
1473,0,7771,18271,18271,19031,14225
1474,0,24552,37254,37254,38549,19982
1475,0,24859,35625,35625,18063,11652
1476,7,9425,19925,16491,11894,18522
1477,0,9139,19639,19639,13752,18428
1478,0,8201,18701,18701,37349,14193
1479,0,9118,19618,19618,19751,17136
1480,0,3095,13595,13595,20192,13297
1481,0,21738,35311,35311,18932,14482
1482,0,3285,13785,13785,19676,14336
1483,0,24819,38518,38518,13883,19324
1484,0,9462,19962,19962,19734,20075
1485,0,7315,17815,17815,11429,12077
1486,0,1313,11813,11813,20800,11668
1487,0,6994,17494,17494,12078,13657
1488,0,7113,17613,17613,17545,14035
1489,0,8379,18879,18879,35420,37697
1490,0,2903,13403,13403,19696,19362
1491,0,7959,18459,18459,35795,38290
1492,0,3333,13833,13833,16109,14209
1493,0,23034,36026,36026,15085,14848
1494,0,3053,13553,13553,35855,34713
1495,0,23743,35044,35044,34616,37754
1496,0,5072,15572,15572,13926,37432
1497,0,8678,19178,19178,16670,20173
1498,0,21964,35004,35004,18180,17579
1499,0,8868,19368,19368,20068,37326
1500,0,2269,12769,12769,37223,12186
1501,0,8020,18520,18520,34698,17706
1502,0,8165,18665,18665,36458,16070
1503,0,21815,36084,36084,38030,36463
1504,0,9963,20463,20463,35290,14121
1505,0,9376,19876,19876,20894,20726
1506,0,22771,34479,34479,17660,34467
1507,0,24612,36375,36375,20264,17889
1508,0,22240,36165,36165,11650,35571
1509,0,22400,37225,37225,37548,37100
1510,0,7955,18455,18455,18928,19949
1511,0,4707,15207,15207,12655,14782
1512,0,24236,37333,37333,38076,12762
1513,0,2114,12614,12614,37885,18829
1514,0,7267,17767,17767,18313,35164
1515,0,1541,12041,12041,15077,38430
1516,0,6141,16641,16641,13441,10704
1517,0,2602,13102,13102,34983,16559
1518,0,22833,36831,36831,35043,13273
1519,0,4607,15107,15107,38740,35005
1520,0,10446,20946,20946,18138,10805
1521,0,9180,19680,19680,11799,13321
1522,0,23254,34763,34763,15257,17313
1523,0,4756,15256,15256,37698,36481
1524,0,6444,16944,16944,35004,18227
1525,0,5538,16038,16038,12458,11897
1526,0,9082,19582,19582,37823,36913
1527,0,520,11020,11020,10574,38068
1528,0,10460,20960,20960,10734,15155
1529,0,7163,17663,17663,16118,35660
1530,0,9427,19927,19927,13781,19547
1531,0,8877,19377,19377,18896,14412
1532,0,1092,11592,11592,19364,37134
1533,0,23383,36418,36418,18117,12843
1534,0,24655,37684,37684,15137,17825
1535,0,4913,15413,15413,18941,15178
1536,0,9531,20031,20031,17066,17838
1537,0,3771,14271,14271,11359,11648
1538,0,6346,16846,16846,20939,36531
1539,0,1109,11609,11609,17736,34512
1540,0,4655,15155,15155,11504,35757
1541,0,9974,20474,20474,11616,15803
1542,0,1038,11538,11538,35432,34753
1543,0,9412,19912,19912,38580,20286
1544,0,20,10520,10520,17635,14287
1545,0,8377,18877,18877,18121,35660
1546,0,23614,35513,35513,18738,20554
1547,0,5531,16031,16031,20750,16593
1548,0,9066,19566,19566,37612,14644
1549,0,934,11434,11434,20924,14243
1550,0,10417,20917,20917,15684,20129
1551,0,6551,17051,17051,19184,12696
1552,0,22654,37524,37524,15554,38116
1553,0,22872,38134,38134,17276,38297
1554,0,1726,12226,12226,15502,11551
1555,0,4490,14990,14990,37296,11513
1556,0,21329,34727,34727,34515,17257
1557,0,9722,20222,20222,20165,16810
1558,0,1737,12237,12237,16555,35787
1559,0,6438,16938,16938,19802,17560
1560,0,561,11061,11061,38146,34976
1561,0,23734,37981,37981,20091,11179
1562,0,23839,37799,37799,38060,37674
1563,0,21686,35826,35826,34778,13169
1564,1,1162,11662,15742,11662,19946
1565,0,8866,19366,19366,37073,12180
1566,0,10018,20518,20518,19886,11354
1567,0,6930,17430,17430,36528,36749
1568,0,8067,18567,18567,37200,37810
1569,0,1527,12027,12027,13434,36605
1570,0,7733,18233,18233,37662,35380
1571,0,22534,38776,38776,35303,34696
1572,0,2930,13430,13430,11347,13534
1573,0,22565,37114,37114,12279,37832
1574,0,58,10558,10558,14031,12469
1575,0,8748,19248,19248,12251,16046
1576,0,24550,34685,34685,18612,12412
1577,0,21733,36748,36748,15383,35475
1578,0,4483,14983,14983,18070,38821
1579,0,2291,12791,12791,16547,19339
1580,0,7383,17883,17883,15376,13940
1581,0,24302,36824,36824,35830,20266
1582,0,8218,18718,18718,16162,35402
1583,0,9577,20077,20077,15988,16395
1584,0,9470,19970,19970,35182,17466
1585,0,23909,35505,35505,36508,17714
1586,0,1649,12149,12149,34663,14718
1587,0,22617,38762,38762,19245,37110
1588,0,9652,20152,20152,35006,35607
1589,0,2724,13224,13224,15552,38619
1590,0,21752,36215,36215,17582,16073
1591,0,938,11438,11438,35653,36194
1592,0,4510,15010,15010,11239,14987
1593,0,22852,36820,36820,36819,14301
1594,0,24987,38216,38216,36888,19448
1595,0,4694,15194,15194,14748,37217
1596,0,7238,17738,17738,37701,11024
1597,0,9619,20119,20119,37079,16894
1598,1,998,11498,20498,11498,19469
1599,0,8771,19271,19271,19920,37887
1600,0,4528,15028,15028,19850,18219
1601,0,3870,14370,14370,14430,11242
1602,0,23336,36905,36905,38699,16374
1603,0,5354,15854,15854,13226,17384
1604,1,23661,38229,15857,38229,37020
1605,0,2907,13407,13407,34661,10724
1606,0,24704,34721,34721,17261,12430
1607,0,9782,20282,20282,18853,15295
1608,0,3538,14038,14038,12809,17555
1609,0,5993,16493,16493,11185,18521
1610,0,25119,38133,38133,15296,37330
1611,0,915,11415,11415,36904,13773
1612,0,24081,37519,37519,10942,20684
1613,0,4415,14915,14915,11420,11674
1614,0,10280,20780,20780,12775,19280
1615,0,10126,20626,20626,13656,14743
1616,0,1817,12317,12317,11177,12446
1617,0,21043,38606,38606,37800,20111
1618,0,9893,20393,20393,16034,15303
1619,0,3949,14449,14449,35637,15055
1620,0,337,10837,10837,18851,37363
1621,0,2072,12572,12572,13585,38654
1622,0,25144,38868,38868,16488,19051
1623,0,5822,16322,16322,16898,18497
1624,0,22171,38230,38230,20170,38329
1625,0,5143,15643,15643,16731,19783
1626,0,8200,18700,18700,20537,10787
1627,0,3513,14013,14013,15506,16282
1628,0,2815,13315,13315,12196,19237
1629,0,22432,38877,38877,35587,35992
1630,0,21936,38605,38605,17638,18298
1631,0,25195,37798,37798,11966,15263
1632,0,24835,34822,34822,11629,14595
1633,0,8422,18922,18922,38046,17445
1634,0,766,11266,11266,12516,19702
1635,0,3782,14282,14282,18139,36612
1636,0,24941,38310,38310,11298,36109
1637,0,1144,11644,11644,16916,14220
1638,1,24841,36192,10829,36192,37572
1639,0,2510,13010,13010,14468,18577
1640,0,7379,17879,17879,17378,35122
1641,0,2273,12773,12773,20121,11335
1642,0,2860,13360,13360,15379,18370
1643,0,1221,11721,11721,13753,35466
1644,0,24429,34772,34772,19188,20565
1645,0,4864,15364,15364,12130,12376
1646,0,22023,38500,38500,17855,17680
1647,0,7310,17810,17810,38063,20415
1648,0,22921,35479,35479,19314,38065
1649,0,22493,37855,37855,11862,37893
1650,0,6757,17257,17257,34515,34727
1651,0,4924,15424,15424,17483,17762
1652,0,4532,15032,15032,17918,18993
1653,0,6392,16892,16892,17949,19628
1654,0,1672,12172,12172,36680,15232
1655,0,25204,35428,35428,37936,38579
1656,0,7699,18199,18199,20198,16259
1657,0,8870,19370,19370,37286,18157
1658,0,4055,14555,14555,15099,37371
1659,0,21288,38018,38018,18569,17277
1660,0,1808,12308,12308,19079,34546
1661,0,2275,12775,12775,20780,36279
1662,0,3761,14261,14261,18236,10980
1663,0,23846,36623,36623,11707,17245
1664,0,23029,34524,34524,20042,13624
1665,0,22507,38146,38146,11061,34976
1666,0,6489,16989,16989,14024,12921
1667,0,2045,12545,12545,17043,12366
1668,0,9301,19801,19801,17945,19052
1669,0,21788,37468,37468,17842,14423
1670,0,5113,15613,15613,38765,19960
1671,0,1295,11795,11795,14995,12071
1672,0,24535,36099,36099,15191,38867
1673,0,4687,15187,15187,14418,35964
1674,0,3952,14452,14452,11661,17434
1675,0,6558,17058,17058,34678,36299
1676,0,4317,14817,14817,19783,15320
1677,0,24048,37573,37573,16967,36879
1678,0,444,10944,10944,14212,13072
1679,0,5519,16019,16019,14341,38059
1680,0,858,11358,11358,17014,13950
1681,0,7717,18217,18217,35227,14852
1682,0,4439,14939,14939,35076,10831
1683,0,5321,15821,15821,19574,14132
1684,0,841,11341,11341,13279,15613
1685,0,24545,36097,36097,17382,36993
1686,0,21763,35524,35524,18479,15932
1687,0,22605,37848,37848,13352,15028
1688,0,21119,35507,35507,20589,18139
1689,0,994,11494,11494,15467,17733
1690,0,23143,38807,38807,18625,14560
1691,0,9001,19501,19501,12681,12610
1692,0,1554,12054,12054,35968,13205
1693,0,23920,38470,38470,17186,18427
1694,0,1973,12473,12473,35059,20112
1695,0,1951,12451,12451,17153,20596
1696,0,21921,38102,38102,38363,38103
1697,0,9494,19994,19994,15733,15834
1698,0,24717,38296,38296,12104,17168
1699,0,10275,20775,20775,15163,36586
1700,0,2513,13013,13013,16610,35339
1701,0,5559,16059,16059,15939,12160
1702,0,25418,35112,35112,14464,36614
1703,0,2835,13335,13335,18744,11102
1704,0,4700,15200,15200,15539,37326
1705,0,2445,12945,12945,34525,17156
1706,0,2233,12733,12733,18477,15447
1707,0,3050,13550,13550,17330,36747
1708,0,10024,20524,20524,16998,15950
1709,0,400,10900,10900,14035,11266
1710,0,9264,19764,19764,37224,16876
1711,0,7589,18089,18089,19039,17138
1712,0,5198,15698,15698,15500,15278
1713,0,7719,18219,18219,19850,37848
1714,0,9858,20358,20358,12976,17511
1715,0,1023,11523,11523,11013,16849
1716,0,3298,13798,13798,20041,36261
1717,0,6494,16994,16994,14790,11008
1718,0,9069,19569,19569,35994,12032
1719,0,21934,38607,38607,19411,18697
1720,0,6912,17412,17412,17957,12260
1721,0,7968,18468,18468,19863,14283
1722,1,8140,18640,36039,18640,15201
1723,0,4241,14741,14741,37070,13321
1724,0,5424,15924,15924,18339,15189
1725,0,7364,17864,17864,17305,17942
1726,0,7745,18245,18245,11579,36539
1727,0,6498,16998,16998,20524,18108
1728,0,23261,36251,36251,19675,35891
1729,0,4080,14580,14580,15105,11455
1730,0,803,11303,11303,10576,19033
1731,0,1550,12050,12050,13690,11367
1732,6,1009,11509,18402,17754,38245
1733,0,21449,38920,38920,14303,37813
1734,0,8677,19177,19177,17239,20600
1735,0,2737,13237,13237,16080,12826
1736,0,6247,16747,16747,19921,10639
1737,0,5095,15595,15595,34903,35209
1738,0,648,11148,11148,18695,16373
1739,0,8810,19310,19310,36924,13838
1740,0,2862,13362,13362,14328,11332
1741,0,4975,15475,15475,20807,36184
1742,0,7134,17634,17634,20307,35441
1743,0,23161,37224,37224,10948,19764
1744,0,7811,18311,18311,37184,19167
1745,0,550,11050,11050,19819,15902
1746,0,23203,35188,35188,13236,38322
1747,12,5617,16117,10742,35876,17562
1748,0,7757,18257,18257,16721,12363
1749,1,22313,38250,13306,38250,18116
1750,0,211,10711,10711,38663,36542
1751,0,24694,36492,36492,35454,20638
1752,0,23793,35584,35584,17090,16902
1753,0,1781,12281,12281,12115,37167
1754,0,23353,34902,34902,19924,12113
1755,0,3543,14043,14043,10655,13396
1756,0,7477,17977,17977,11212,37571
1757,0,1438,11938,11938,35993,13052
1758,0,2515,13015,13015,11298,34921
1759,0,2868,13368,13368,13342,20623
1760,0,2434,12934,12934,36714,10557
1761,0,5045,15545,15545,17043,17655
1762,0,4792,15292,15292,17089,37541
1763,0,22451,34833,34833,34604,16456
1764,0,9265,19765,19765,18131,17340
1765,0,9485,19985,19985,16475,14669
1766,0,1314,11814,11814,10555,14365
1767,0,22859,38815,38815,37944,11213
1768,0,6515,17015,17015,13627,15259
1769,0,24918,36702,36702,19726,16060
1770,0,3979,14479,14479,15262,38458
1771,0,12,10512,10512,15297,35722
1772,0,6510,17010,17010,37211,10865
1773,0,818,11318,11318,11159,20422
1774,0,2784,13284,13284,36583,14363
1775,0,22506,34953,34953,34549,20030
1776,0,21149,36941,36941,20992,12631
1777,0,453,10953,10953,18203,12267
1778,0,1049,11549,11549,18917,12822
1779,0,25188,38495,38495,16497,15714
1780,0,1656,12156,12156,20332,16654
1781,0,3457,13957,13957,11665,34573
1782,0,24914,35120,35120,12601,35121
1783,0,21970,37065,37065,11057,37305
1784,0,25254,36070,36070,16932,38735
1785,0,24745,37139,37139,11943,11867
1786,0,5139,15639,15639,38797,11290
1787,0,2908,13408,13408,17924,13407
1788,0,22746,36402,36402,35410,20236
1789,0,940,11440,11440,14417,36829
1790,0,9727,20227,20227,20674,13023
1791,0,8466,18966,18966,38137,13462
1792,0,21050,36406,36406,34947,34742
1793,0,7631,18131,18131,19765,35113
1794,0,7969,18469,18469,13564,35335
1795,0,9568,20068,20068,19368,15865
1796,0,4634,15134,15134,36219,14038
1797,0,8260,18760,18760,20886,20214
1798,0,7317,17817,17817,34503,11562
1799,0,21671,36261,36261,14131,16635
1800,0,1400,11900,11900,13460,35016
1801,0,9703,20203,20203,13270,12186
1802,0,30,10530,10530,38042,13998
1803,0,6258,16758,16758,15071,10932
1804,0,24602,37281,37281,16839,12681
1805,0,3677,14177,14177,13216,10654
1806,0,672,11172,11172,11257,13304
1807,0,9240,19740,19740,14200,17835
1808,0,9711,20211,20211,13959,16594
1809,0,6323,16823,16823,14536,34877
1810,0,24582,38240,38240,35791,37083
1811,0,5466,15966,15966,18166,11824
1812,0,21167,35579,35579,16742,16131
1813,0,21464,38444,38444,11485,20010
1814,0,22559,34703,34703,14257,12969
1815,0,1108,11608,11608,20773,19607
1816,0,22660,35397,35397,34719,16909
1817,0,21340,37548,37548,36957,37225
1818,0,3229,13729,13729,15472,11603
1819,0,7584,18084,18084,13317,12394
1820,0,9450,19950,19950,16796,15197
1821,0,8138,18638,18638,19202,12385
1822,1,3319,13819,15947,13819,15310
1823,0,24477,36370,36370,12139,18387
1824,0,5835,16335,16335,14800,14055
1825,0,7496,17996,17996,34724,16304
1826,0,9228,19728,19728,19266,12177
1827,0,23552,36952,36952,17034,37872
1828,0,10245,20745,20745,19591,15532
1829,5,2553,13053,14781,18315,37917
1830,0,4775,15275,15275,15331,34783
1831,0,6341,16841,16841,12376,15561
1832,0,2686,13186,13186,34850,14730
1833,0,7553,18053,18053,12615,35240
1834,0,24688,35868,35868,37158,17029
1835,0,1563,12063,12063,37237,36096
1836,0,9707,20207,20207,15501,19415
1837,0,21147,34711,34711,10642,18391
1838,0,3071,13571,13571,18076,20313
1839,0,21868,36830,36830,36831,35043
1840,0,25157,36523,36523,20286,38580
1841,0,4474,14974,14974,34549,20903
1842,0,24679,36022,36022,17854,10658
1843,0,24167,35809,35809,15258,36136
1844,0,25043,36677,36677,34781,35181
1845,0,4856,15356,15356,13159,34755
1846,0,5268,15768,15768,11829,17002
1847,0,2853,13353,13353,13287,20343
1848,0,6576,17076,17076,36550,38708
1849,0,7639,18139,18139,17693,14282
1850,0,21511,35349,35349,11732,38091
1851,0,22419,37920,37920,12879,12936
1852,0,8109,18609,18609,14292,16546
1853,0,4601,15101,15101,11661,35101
1854,0,23021,36987,36987,19300,13824
1855,0,7886,18386,18386,36616,17861
1856,0,23681,37795,37795,20325,11809
1857,0,2213,12713,12713,11956,16079
1858,0,4929,15429,15429,10770,35387
1859,0,25331,34868,34868,17715,10904
1860,0,23048,38678,38678,16898,34776
1861,0,23987,35902,35902,16291,14006
1862,0,25370,36635,36635,11507,36636
1863,0,2111,12611,12611,15461,18734
1864,0,24412,36741,36741,20758,35276
1865,0,23337,37178,37178,19870,10805
1866,0,6632,17132,17132,17465,12501
1867,1,24518,37571,34975,37571,12297
1868,0,7800,18300,18300,20777,20993
1869,1,8956,19456,12400,19456,11182
1870,0,7153,17653,17653,16752,16673
1871,0,4446,14946,14946,11266,19702
1872,0,23789,37526,37526,13236,20294
1873,0,23039,35186,35186,12341,37931
1874,0,7642,18142,18142,11410,37549
1875,0,5026,15526,15526,15932,35524
1876,0,28,10528,10528,36139,15432
1877,0,22367,38166,38166,34636,12972
1878,1,21705,36521,37683,36521,37740
1879,0,10210,20710,20710,17760,37775
1880,0,10027,20527,20527,11910,20733
1881,0,355,10855,10855,11592,19364
1882,0,1429,11929,11929,36311,12228
1883,0,25456,35024,35024,16145,16045
1884,0,22818,34850,34850,14730,13186
1885,0,25237,37630,37630,10734,20960
1886,0,22378,36222,36222,18023,15883
1887,0,24719,36299,36299,35989,20141
1888,0,332,10832,10832,11221,37124
1889,0,5643,16143,16143,37543,36699
1890,0,24372,36122,36122,19662,34851
1891,0,21129,37054,37054,12966,14517
1892,0,23050,37371,37371,35701,14555
1893,0,4224,14724,14724,36186,12499
1894,0,964,11464,11464,11915,35922
1895,0,24972,34799,34799,17821,16010
1896,0,120,10620,10620,17678,37344
1897,0,4930,15430,15430,14375,37489
1898,0,6482,16982,16982,35951,14262
1899,0,5579,16079,16079,18563,12713
1900,0,10187,20687,20687,37970,37968
1901,0,7752,18252,18252,13913,10504
1902,0,4710,15210,15210,35626,17923
1903,0,3281,13781,13781,14144,19547
1904,0,2370,12870,12870,11365,17360
1905,0,5522,16022,16022,34585,36653
1906,0,2544,13044,13044,14810,20141
1907,0,21092,35241,35241,12081,36324
1908,0,21420,35767,35767,12838,12697
1909,0,2885,13385,13385,20705,13591
1910,0,10042,20542,20542,16913,35252
1911,0,2178,12678,12678,17428,36117
1912,0,8940,19440,19440,37774,20960
1913,0,4898,15398,15398,15022,11488
1914,0,5153,15653,15653,37925,13508
1915,0,1209,11709,11709,12015,13465
1916,0,8404,18904,18904,13449,16424
1917,0,8798,19298,19298,35802,38859
1918,0,9599,20099,20099,16147,13002
1919,0,7583,18083,18083,13736,19372
1920,0,3123,13623,13623,17604,38631
1921,0,24486,35969,35969,20491,12811
1922,0,1544,12044,12044,16085,14640
1923,0,21780,35824,35824,12035,18689
1924,0,23592,38232,38232,11830,10557
1925,0,21995,34686,34686,14712,11246
1926,0,25044,37796,37796,34912,18044
1927,0,24099,35238,35238,13824,34608
1928,0,9622,20122,20122,19632,11733
1929,0,10114,20614,20614,11843,34543
1930,0,22064,37628,37628,10806,19471
1931,0,945,11445,11445,12148,35244
1932,0,23009,34656,34656,38510,14621
1933,0,4550,15050,15050,12658,17840
1934,0,25278,37442,37442,36804,16722
1935,0,22882,36167,36167,16175,34693
1936,0,7889,18389,18389,13936,12990
1937,0,24734,36137,36137,11760,14075
1938,0,9058,19558,19558,35185,13939
1939,0,23247,38244,38244,13057,11765
1940,0,1675,12175,12175,19545,14415
1941,1,22351,36508,38283,36508,35505
1942,0,1561,12061,12061,16254,13567
1943,0,25436,35547,35547,14166,35169
1944,0,22153,38424,38424,11735,12621
1945,0,22053,34539,34539,13724,14365
1946,0,6213,16713,16713,10761,35777
1947,0,23831,34806,34806,37987,38552
1948,0,6044,16544,16544,34532,16327
1949,0,4541,15041,15041,12679,20150
1950,0,1782,12282,12282,17405,15084
1951,0,7159,17659,17659,15126,36594
1952,10,21548,38555,13832,19524,19836
1953,0,1095,11595,11595,19499,35472
1954,0,7111,17611,17611,11069,10725
1955,0,21469,34616,34616,35044,35246
1956,0,7627,18127,18127,16100,13619
1957,0,3287,13787,13787,37208,18392
1958,0,22335,36350,36350,37321,36351
1959,0,677,11177,11177,12317,12446
1960,0,6193,16693,16693,19995,11405
1961,0,2605,13105,13105,20771,38630
1962,0,1392,11892,11892,20081,20275
1963,0,6967,17467,17467,11879,16990
1964,0,24708,36933,36933,36194,12312
1965,0,752,11252,11252,18245,17566
1966,0,1711,12211,12211,17164,16476
1967,0,3737,14237,14237,11672,38233
1968,0,23128,38635,38635,18158,17890
1969,1,22288,36766,14323,36766,38874
1970,0,3215,13715,13715,18734,15461
1971,0,797,11297,11297,13585,35476
1972,0,25353,36374,36374,14673,16307
1973,0,1777,12277,12277,12343,20721
1974,0,4113,14613,14613,10593,14309
1975,0,1770,12270,12270,14644,18315
1976,0,22133,37615,37615,13991,11751
1977,0,10175,20675,20675,35047,34864
1978,0,23075,36739,36739,11718,18483
1979,0,6975,17475,17475,34912,35819
1980,0,6412,16912,16912,19032,17150
1981,0,3022,13522,13522,17987,16697
1982,0,4228,14728,14728,35899,12540
1983,0,25065,37757,37757,18806,15466
1984,0,3012,13512,13512,17315,11798
1985,0,21101,38735,38735,36070,16932
1986,0,9957,20457,20457,37938,13282
1987,0,5764,16264,16264,12355,37733
1988,0,21044,38955,38955,15472,18964
1989,0,4619,15119,15119,11369,34720
1990,5,24126,34955,36508,19445,38283
1991,0,6753,17253,17253,35124,35489
1992,0,9396,19896,19896,12605,18101
1993,0,9933,20433,20433,13980,13470
1994,0,527,11027,11027,15201,36039
1995,0,366,10866,10866,15596,15800
1996,0,6098,16598,16598,38475,14654
1997,0,23688,37729,37729,11596,36135
1998,0,4264,14764,14764,34831,14666
1999,0,4262,14762,14762,14651,13241
2000,0,22204,35711,35711,14655,10952
2001,0,1919,12419,12419,35743,12112
2002,0,701,11201,11201,17873,35792
2003,0,6170,16670,16670,20672,20073
2004,0,9251,19751,19751,19618,17674
2005,0,9406,19906,19906,37102,37558
2006,0,5018,15518,15518,13572,36978
2007,0,7303,17803,17803,37926,15150
2008,0,4423,14923,14923,35510,18977
2009,0,24219,35808,35808,11480,19176
2010,0,4868,15368,15368,17572,16249
2011,0,1298,11798,11798,13512,17954
2012,0,10127,20627,20627,37301,13671
2013,0,1352,11852,11852,12185,35328
2014,0,2926,13426,13426,34817,12407
2015,0,7874,18374,18374,17811,16885
2016,0,21886,35595,35595,20154,18147
2017,0,1287,11787,11787,19956,12648
2018,0,6598,17098,17098,36368,14256
2019,0,24522,35246,35246,14052,17067
2020,0,24755,36225,36225,20780,37967
2021,0,4350,14850,14850,36533,35596
2022,0,10138,20638,20638,36492,36852
2023,0,3697,14197,14197,11658,20390
2024,0,2013,12513,12513,34692,13907
2025,0,22581,37549,37549,20927,18142
2026,0,4373,14873,14873,35142,17401
2027,0,9029,19529,19529,17569,16468
2028,0,5677,16177,16177,16110,35318
2029,0,23243,38299,38299,34519,37960
2030,0,8482,18982,18982,11890,35365
2031,0,2147,12647,12647,18981,35813
2032,0,8416,18916,18916,36163,17306
2033,0,2705,13205,13205,19996,19189
2034,0,5473,15973,15973,37238,11029
2035,0,9124,19624,19624,14339,13867
2036,0,2570,13070,13070,17730,14366
2037,0,25318,36245,36245,15933,19430
2038,0,9226,19726,19726,36702,18772
2039,0,9660,20160,20160,12852,10787
2040,0,23670,37386,37386,12177,36179
2041,0,24954,34946,34946,36575,16391
2042,0,23436,37986,37986,36478,34519
2043,0,810,11310,11310,36637,13542
2044,0,23023,38215,38215,18452,17493
2045,0,5684,16184,16184,11387,18876
2046,0,8250,18750,18750,10861,10671
2047,0,312,10812,10812,11144,15094
2048,0,2073,12573,12573,13191,19980
2049,0,10419,20919,20919,17884,15987
2050,0,24864,35227,35227,14852,35228
2051,0,24916,34938,34938,35987,17655
2052,0,885,11385,11385,38393,38064
2053,0,1477,11977,11977,38024,17175
2054,0,1790,12290,12290,37675,18170
2055,0,8115,18615,18615,36207,11004
2056,0,25175,34947,34947,36406,20968
2057,0,2008,12508,12508,14862,18151
2058,0,3454,13954,13954,17979,34477
2059,0,682,11182,11182,12503,19456
2060,0,3895,14395,14395,36564,11292
2061,0,21689,38497,38497,12365,36685
2062,0,8793,19293,19293,13450,16957
2063,0,6660,17160,17160,14420,35482
2064,0,57,10557,10557,11830,17922
2065,0,21343,34985,34985,16093,14807
2066,0,22686,37500,37500,38346,15689
2067,0,6765,17265,17265,12085,11802
2068,0,2399,12899,12899,14100,11034
2069,0,9693,20193,20193,19757,35820
2070,3,21333,38404,36516,16296,13573
2071,0,4126,14626,14626,10990,14136
2072,0,8819,19319,19319,12680,18911
2073,0,9287,19787,19787,12342,10813
2074,0,1468,11968,11968,18410,13651
2075,0,5761,16261,16261,11136,11705
2076,0,1416,11916,11916,36342,20419
2077,0,470,10970,10970,36880,20209
2078,0,2358,12858,12858,17273,17106
2079,0,2722,13222,13222,20660,13030
2080,0,7047,17547,17547,38186,37544
2081,0,8191,18691,18691,37675,12869
2082,0,21013,36747,36747,13003,13550
2083,0,22772,36675,36675,13137,17880
2084,0,8814,19314,19314,35479,37764
2085,0,4525,15025,15025,15282,18504
2086,0,4610,15110,15110,34476,19430
2087,0,21232,35030,35030,35475,37388
2088,0,22999,36039,36039,18640,37205
2089,0,6041,16541,16541,35741,18363
2090,0,24304,35530,35530,11784,13453
2091,0,3869,14369,14369,18924,36314
2092,0,9392,19892,19892,34980,34915
2093,0,21481,38349,38349,38316,38716
2094,0,25434,36876,36876,12877,36696
2095,0,23240,37407,37407,36802,13509
2096,0,6817,17317,17317,13831,16065
2097,0,21281,34506,34506,20500,20878
2098,0,22389,35741,35741,16541,18363
2099,0,4674,15174,15174,14973,12463
2100,0,1055,11555,11555,37468,37835
2101,0,2281,12781,12781,36559,15031
2102,0,24134,36743,36743,36331,12829
2103,24,24628,38390,15419,10945,12681
2104,0,24471,35502,35502,35503,14293
2105,0,1924,12424,12424,38123,38745
2106,0,6379,16879,16879,34885,38267
2107,0,4907,15407,15407,20676,34918
2108,0,23617,37409,37409,38540,19097
2109,0,25252,37520,37520,35343,35631
2110,0,1075,11575,11575,18454,36337
2111,0,1115,11615,11615,37606,14751
2112,0,3936,14436,14436,16088,20561
2113,0,3533,14033,14033,17283,18928
2114,0,23868,35426,35426,16365,16191
2115,0,460,10960,10960,34508,14696
2116,0,3032,13532,13532,15893,18660
2117,0,4207,14707,14707,36104,19311
2118,0,23790,37332,37332,13980,11563
2119,0,6398,16898,16898,38678,36567
2120,0,5841,16341,16341,10905,36393
2121,0,6625,17125,17125,14336,35199
2122,0,1452,11952,11952,15836,11373
2123,0,2149,12649,12649,11580,11180
2124,0,319,10819,10819,10893,17100
2125,0,9048,19548,19548,15464,18401
2126,0,7518,18018,18018,18416,34968
2127,0,1922,12422,12422,35429,19424
2128,0,10393,20893,20893,13142,15112
2129,0,21189,37290,37290,35165,11275
2130,0,9638,20138,20138,10840,36423
2131,0,22724,36053,36053,15714,38495
2132,0,7458,17958,17958,17327,20317
2133,0,8743,19243,19243,11097,19710
2134,0,21188,38123,38123,12424,11508
2135,0,2129,12629,12629,15464,19684
2136,0,6403,16903,16903,14021,20184
2137,0,7556,18056,18056,36410,36413
2138,0,6478,16978,16978,12766,17882
2139,0,6300,16800,16800,37361,17667
2140,0,8663,19163,19163,19874,15016
2141,0,23982,35169,35169,37432,19950
2142,0,23569,35905,35905,38462,38340
2143,0,22668,36268,36268,34501,38580
2144,0,2509,13009,13009,36142,20676
2145,0,1052,11552,11552,11216,35405
2146,0,6152,16652,16652,16147,13002
2147,0,1681,12181,12181,15860,38404
2148,0,10282,20782,20782,20983,36326
2149,0,4067,14567,14567,37777,13159
2150,7,5024,15524,20428,18948,14328
2151,0,1456,11956,11956,12713,16079
2152,0,8214,18714,18714,20782,19819
2153,1,361,10861,35882,10861,10671
2154,0,8668,19168,19168,18537,18660
2155,0,24453,38345,38345,14770,34525
2156,0,24546,36964,36964,14083,20069
2157,0,22167,38763,38763,19819,15902
2158,0,3145,13645,13645,15301,37954
2159,0,22894,37422,37422,13634,19354
2160,0,22966,34731,34731,15822,14638
2161,0,505,11005,11005,19137,14392
2162,0,10418,20918,20918,35482,13234
2163,0,6847,17347,17347,35796,18685
2164,0,21476,38417,38417,37921,20372
2165,0,22069,38693,38693,17488,14167
2166,0,25310,36256,36256,34594,11028
2167,0,25212,35941,35941,17313,17536
2168,0,540,11040,11040,36745,17985
2169,0,4235,14735,14735,36681,11686
2170,0,5507,16007,16007,38504,14968
2171,0,22764,36660,36660,35446,34611
2172,0,23698,34885,34885,18116,16879
2173,0,9850,20350,20350,11633,18552
2174,0,24438,37507,37507,12726,15155
2175,0,754,11254,11254,13983,36933
2176,0,9355,19855,19855,14608,16519
2177,0,2003,12503,12503,11182,19456
2178,0,2542,13042,13042,10797,14872
2179,0,6073,16573,16573,37530,15910
2180,0,2918,13418,13418,16312,19980
2181,0,21451,38005,38005,10624,37944
2182,0,5218,15718,15718,19775,12761
2183,0,8045,18545,18545,38467,12037
2184,0,4271,14771,14771,11387,18876
2185,0,5875,16375,16375,37414,17358
2186,0,7039,17539,17539,34919,36912
2187,0,100,10600,10600,14972,35475
2188,0,21110,34761,34761,37197,19093
2189,0,21162,38114,38114,34830,20468
2190,0,6862,17362,17362,19444,34691
2191,0,5362,15862,15862,11116,17675
2192,0,4766,15266,15266,11821,19355
2193,0,7753,18253,18253,18325,20064
2194,0,4880,15380,15380,14832,37468
2195,0,9252,19752,19752,13698,36667
2196,0,601,11101,11101,14493,38353
2197,0,9542,20042,20042,34524,13624
2198,0,23672,37345,37345,14881,14681
2199,0,6182,16682,16682,19358,17183
2200,0,7020,17520,17520,16195,11677
2201,0,22425,38952,38952,38521,17272
2202,0,2431,12931,12931,17754,18456
2203,0,8526,19026,19026,14036,12638
2204,0,1044,11544,11544,35386,18712
2205,0,21792,35556,35556,17979,20617
2206,0,1557,12057,12057,16878,36189
2207,0,5009,15509,15509,17957,13826
2208,0,1487,11987,11987,15969,13149
2209,0,6577,17077,17077,14930,12007
2210,0,10497,20997,20997,10777,17172
2211,0,23867,37758,37758,14869,36895
2212,0,23269,37559,37559,19866,20273
2213,0,2115,12615,12615,18053,35240
2214,0,5795,16295,16295,19768,13102
2215,0,24235,37285,37285,35212,11044
2216,0,7030,17530,17530,17915,35286
2217,0,8773,19273,19273,37253,17048
2218,0,5491,15991,15991,38208,16510
2219,0,25051,34489,34489,38047,17267
2220,0,618,11118,11118,38279,38446
2221,0,23759,35440,35440,37121,35025
2222,0,8341,18841,18841,18110,35101
2223,0,7645,18145,18145,14502,16453
2224,0,22536,38633,38633,19806,38045
2225,1,3396,13896,10966,13896,19015
2226,0,1600,12100,12100,19540,36304
2227,0,23751,36890,36890,14354,36582
2228,0,10474,20974,20974,15121,34671
2229,0,1615,12115,12115,12281,15488
2230,0,1752,12252,12252,16526,10709
2231,0,25209,34657,34657,34658,38367
2232,0,2040,12540,12540,14728,35899
2233,0,2083,12583,12583,11374,34888
2234,0,8983,19483,19483,35387,17823
2235,0,21085,37273,37273,12671,15820
2236,0,6199,16699,16699,38697,16667
2237,0,25258,34701,34701,20821,19991
2238,0,9570,20070,20070,36288,17509
2239,0,24040,35223,35223,34542,38855
2240,0,5147,15647,15647,16233,35092
2241,0,23210,35135,35135,38829,34519
2242,0,675,11175,11175,36330,17814
2243,0,2545,13045,13045,12769,20203
2244,0,4371,14871,14871,11483,15919
2245,0,25409,36436,36436,12415,37601
2246,0,3999,14499,14499,16130,36947
2247,0,23709,38211,38211,12551,15995
2248,0,6014,16514,16514,14278,14905
2249,0,5096,15596,15596,10866,17849
2250,0,175,10675,10675,12845,17554
2251,0,21419,38248,38248,14241,17460
2252,0,2208,12708,12708,13566,37544
2253,0,3609,14109,14109,13990,13907
2254,0,21575,35689,35689,18537,16383
2255,0,23425,38718,38718,17712,35124
2256,0,3787,14287,14287,35090,10520
2257,0,21341,36440,36440,36441,16317
2258,0,21565,34645,34645,38186,35744
2259,0,6458,16958,16958,34908,11287
2260,0,2225,12725,12725,17467,38797
2261,0,3049,13549,13549,16147,13225
2262,0,296,10796,10796,14633,14533
2263,0,1126,11626,11626,35567,14832
2264,0,8414,18914,18914,35145,38132
2265,9,23193,38241,35697,17730,16724
2266,0,21383,35837,35837,37430,35468
2267,0,2441,12941,12941,18292,15470
2268,0,22893,36846,36846,35269,17655
2269,0,7033,17533,17533,16702,35568
2270,0,1322,11822,11822,14157,10735
2271,0,1603,12103,12103,13832,11055
2272,0,4210,14710,14710,36304,34842
2273,0,23563,37675,37675,12853,17994
2274,0,24268,36878,36878,12310,14061
2275,0,25030,35271,35271,36139,14343
2276,0,4065,14565,14565,36101,20563
2277,0,1294,11794,11794,38793,10814
2278,2,5007,15507,18927,35942,15507
2279,0,6069,16569,16569,38948,19430
2280,0,6386,16886,16886,38326,19843
2281,0,24426,37987,37987,38552,35911
2282,0,23862,37079,37079,12374,20119
2283,0,23951,37906,37906,13689,17770
2284,0,4071,14571,14571,16385,36428
2285,0,1507,12007,12007,14930,17352
2286,0,23837,35707,35707,36076,11284
2287,0,1559,12059,12059,19238,14819
2288,0,8904,19404,19404,20166,17541
2289,0,5577,16077,16077,11348,38743
2290,0,6860,17360,17360,37747,16398
2291,0,9666,20166,20166,19404,17767
2292,0,24065,36620,36620,10690,36951
2293,0,7744,18244,18244,37092,35729
2294,0,1836,12336,12336,36943,10922
2295,0,5611,16111,16111,15560,38295
2296,0,7660,18160,18160,11248,38504
2297,0,24739,34725,34725,38888,14870
2298,0,5335,15835,15835,36210,35287
2299,0,1354,11854,11854,16030,19841
2300,0,4141,14641,14641,13548,14097
2301,0,9030,19530,19530,17664,12785
2302,0,10278,20778,20778,15076,14118
2303,0,22510,37196,37196,14174,36003
2304,0,4844,15344,15344,35445,17509
2305,0,4723,15223,15223,18850,37149
2306,0,6260,16760,16760,15586,18080
2307,0,23430,37399,37399,16771,20120
2308,0,3280,13780,13780,38872,13334
2309,0,4032,14532,14532,16543,15836
2310,0,6720,17220,17220,11733,38915
2311,0,1235,11735,11735,38424,14106
2312,0,24259,37568,37568,13061,35728
2313,0,9597,20097,20097,13023,16522
2314,0,22127,34522,34522,13892,19543
2315,0,22588,37331,37331,13889,38133
2316,0,10200,20700,20700,17009,17967
2317,0,2251,12751,12751,14433,36113
2318,0,1025,11525,11525,16837,20375
2319,0,21880,35621,35621,12354,14007
2320,0,8396,18896,18896,19377,18851
2321,0,6649,17149,17149,11373,18038
2322,0,25445,38262,38262,37868,13249
2323,0,8074,18574,18574,16920,36481
2324,0,7019,17519,17519,20284,17457
2325,0,3397,13897,13897,17741,37575
2326,0,313,10813,10813,19787,10598
2327,0,636,11136,11136,16261,37001
2328,0,6149,16649,16649,11044,35212
2329,0,8574,19074,19074,18809,17641
2330,0,25112,35216,35216,12334,18995
2331,0,9571,20071,20071,19766,13016
2332,0,22837,36719,36719,15457,35881
2333,0,8086,18586,18586,17137,14580
2334,0,8066,18566,18566,36911,37478
2335,0,8131,18631,18631,16265,17847
2336,0,2970,13470,13470,35771,37843
2337,0,8473,18973,18973,38161,11604
2338,0,2584,13084,13084,13141,36010
2339,0,8639,19139,19139,35534,35636
2340,0,3885,14385,14385,37019,34732
2341,0,21716,38376,38376,38892,36997
2342,0,23282,36386,36386,20196,11190
2343,0,4771,15271,15271,20959,10870
2344,0,21293,37591,37591,34922,13764
2345,0,21392,34674,34674,14982,16791
2346,0,6697,17197,17197,36041,37022
2347,0,6942,17442,17442,18892,12681
2348,0,22642,35173,35173,15740,12796
2349,0,23142,36598,36598,36399,35705
2350,0,8689,19189,19189,13205,13378
2351,0,23571,35659,35659,14924,13074
2352,0,6058,16558,16558,36208,20123
2353,0,1840,12340,12340,19289,35301
2354,0,22809,37600,37600,10586,13772
2355,0,1564,12064,12064,18629,12761
2356,0,3673,14173,14173,19292,10975
2357,0,23367,34781,34781,36677,14884
2358,0,21574,36946,36946,13395,35128
2359,0,4698,15198,15198,17670,13639
2360,0,24256,38923,38923,36891,12590
2361,5,3320,13820,37267,15039,13469
2362,0,5192,15692,15692,37424,13603
2363,0,2272,12772,12772,34951,36014
2364,0,24904,38056,38056,38106,12494
2365,0,6157,16657,16657,36787,14797
2366,0,4254,14754,14754,16220,16542
2367,0,4773,15273,15273,13761,36928
2368,0,6575,17075,17075,12174,14640
2369,0,10087,20587,20587,20848,36868
2370,0,4709,15209,15209,35920,16131
2371,0,847,11347,11347,19780,13430
2372,0,7580,18080,18080,12565,20035
2373,1,5544,16044,13202,16044,38894
2374,0,5526,16026,16026,16861,16993
2375,0,838,11338,11338,10875,14084
2376,0,5461,15961,15961,14030,20805
2377,0,9809,20309,20309,12175,17028
2378,0,8545,19045,19045,19944,35754
2379,0,7457,17957,17957,18069,15509
2380,0,4597,15097,15097,19690,18354
2381,0,5916,16416,16416,11929,38317
2382,0,1417,11917,11917,14150,13702
2383,0,5785,16285,16285,11302,16364
2384,0,25329,37142,37142,13820,14751
2385,0,3848,14348,14348,12748,15146
2386,0,604,11104,11104,36405,35189
2387,0,9365,19865,19865,12168,17428
2388,0,22324,37141,37141,18897,18220
2389,0,2078,12578,12578,38285,16739
2390,0,9712,20212,20212,37336,17920
2391,0,2311,12811,12811,20491,35546
2392,0,9071,19571,19571,14896,13293
2393,0,4343,14843,14843,20628,18068
2394,0,1471,11971,11971,37897,18433
2395,0,1982,12482,12482,38251,14918
2396,0,8522,19022,19022,19299,12228
2397,0,4466,14966,14966,16484,18400
2398,0,199,10699,10699,17360,37623
2399,0,6676,17176,17176,17137,19879
2400,0,485,10985,10985,35585,11158
2401,0,3270,13770,13770,16395,20077
2402,0,4724,15224,15224,15173,11977
2403,0,5728,16228,16228,19556,34832
2404,0,2823,13323,13323,18836,37349
2405,0,4551,15051,15051,14541,19577
2406,0,25040,36966,36966,37381,37913
2407,0,5336,15836,15836,11952,14532
2408,0,3245,13745,13745,13804,11769
2409,0,4453,14953,14953,19016,38806
2410,0,10217,20717,20717,35401,20954
2411,0,5817,16317,16317,38644,19972
2412,0,10219,20719,20719,12753,16616
2413,0,3749,14249,14249,11860,20622
2414,0,2202,12702,12702,35786,37649
2415,0,8293,18793,18793,38739,10988
2416,0,21108,36182,36182,18825,10935
2417,0,2794,13294,13294,35371,38035
2418,0,7259,17759,17759,35661,18643
2419,0,21856,36205,36205,36442,20219
2420,0,24825,35961,35961,35439,18923
2421,0,524,11024,11024,12475,10715
2422,0,10499,20999,20999,35000,16085
2423,1,23869,37841,38568,37841,38144
2424,0,947,11447,11447,18163,12128
2425,0,23902,35517,35517,16804,20976
2426,0,24016,38615,38615,16011,37118
2427,0,21954,35822,35822,15732,18022
2428,0,1280,11780,11780,38883,10629
2429,0,9234,19734,19734,16621,19962
2430,0,122,10622,10622,37920,16773
2431,0,4366,14866,14866,35520,17480
2432,0,5885,16385,16385,36428,14571
2433,0,7068,17568,17568,38689,16560
2434,0,7917,18417,18417,38204,36253
2435,0,2302,12802,12802,19232,34637
2436,0,23671,37501,37501,16234,37886
2437,0,21316,37607,37607,17351,17139
2438,0,9414,19914,19914,13169,34778
2439,0,5820,16320,16320,15654,13709
2440,0,10311,20811,20811,20200,12511
2441,6,1005,11505,36963,17071,20294
2442,0,3460,13960,13960,12297,20169
2443,0,8211,18711,18711,19556,14314
2444,0,24667,36404,36404,18438,17040
2445,0,24293,37440,37440,35046,35755
2446,0,3055,13555,13555,35772,18467
2447,0,3566,14066,14066,34916,18555
2448,0,7066,17566,17566,19001,17007
2449,0,2132,12632,12632,15567,35674
2450,0,501,11001,11001,36184,13595
2451,0,22332,37241,37241,19367,14353
2452,0,3185,13685,13685,15727,20258
2453,0,6153,16653,16653,16988,19344
2454,0,8129,18629,18629,13258,20252
2455,0,229,10729,10729,10762,34546
2456,0,8881,19381,19381,14374,18935
2457,0,4001,14501,14501,13695,19774
2458,0,24898,36248,36248,38550,38680
2459,0,23317,37669,37669,35819,34912
2460,0,21563,34460,34460,37449,14522
2461,0,9202,19702,19702,13854,14035
2462,0,3007,13507,13507,35288,19039
2463,0,9383,19883,19883,18313,36208
2464,0,4587,15087,15087,13257,34592
2465,0,4221,14721,14721,13213,11789
2466,0,4305,14805,14805,34665,17629
2467,0,23497,38406,38406,19745,13993
2468,0,7571,18071,18071,16150,15032
2469,0,2750,13250,13250,13172,37053
2470,0,8992,19492,19492,36543,20579
2471,0,8857,19357,19357,37321,19453
2472,0,4376,14876,14876,18375,20436
2473,0,2944,13444,13444,11673,13596
2474,0,24746,34622,34622,13750,20914
2475,0,22519,38959,38959,14282,36612
2476,0,2718,13218,13218,16335,18852
2477,0,3362,13862,13862,17248,11024
2478,0,21666,35143,35143,14175,14376
2479,0,8459,18959,18959,13786,12147
2480,0,5824,16324,16324,20429,36175
2481,0,21371,35857,35857,17483,37015
2482,0,22743,38573,38573,37801,35065
2483,0,5230,15730,15730,16124,13888
2484,0,9792,20292,20292,11738,11416
2485,0,6746,17246,17246,20331,19312
2486,1,4161,14661,11881,14661,14772
2487,0,23528,36742,36742,38261,10890
2488,0,25215,35484,35484,12467,11577
2489,0,6878,17378,17378,17879,35122
2490,0,8608,19108,19108,18991,37771
2491,0,24496,37890,37890,19651,16086
2492,0,5322,15822,15822,13203,34731
2493,0,5561,16061,16061,13890,37154
2494,0,8928,19428,19428,11037,15218
2495,0,10298,20798,20798,35839,12010
2496,119,22445,37134,36588,18284,37760
2497,0,21525,37247,37247,18545,12749
2498,0,25133,35676,35676,11132,18737
2499,0,7463,17963,17963,15867,16693
2500,0,4867,15367,15367,20178,12395
2501,0,8742,19242,19242,38353,16366
2502,0,1017,11517,11517,19676,13486
2503,0,7949,18449,18449,19502,19033
2504,0,7646,18146,18146,18648,16619
2505,0,9627,20127,20127,19310,36924
2506,0,1928,12428,12428,12063,16399
2507,0,350,10850,10850,18968,15776
2508,0,6703,17203,17203,38933,12039
2509,0,23201,37155,37155,11119,20766
2510,0,223,10723,10723,37050,14549
2511,0,6030,16530,16530,10958,14172
2512,0,23732,37980,37980,15047,17122
2513,0,21529,36985,36985,16178,18690
2514,0,23567,38339,38339,38340,37372
2515,0,9174,19674,19674,38135,38097
2516,0,2500,13000,13000,17515,16210
2517,0,10328,20828,20828,14603,19747
2518,0,24200,35095,35095,34474,20773
2519,0,564,11064,11064,12037,11742
2520,0,1582,12082,12082,37851,17338
2521,0,5545,16045,16045,20373,36428
2522,0,2175,12675,12675,15244,36684
2523,0,9924,20424,20424,36916,19295
2524,0,22330,36414,36414,18345,12410
2525,0,23649,38930,38930,36968,17858
2526,0,3933,14433,14433,12751,38041
2527,0,24475,35904,35904,17472,15666
2528,0,2707,13207,13207,35754,10509
2529,0,24652,38774,38774,38652,20542
2530,0,9976,20476,20476,15587,14383
2531,0,5211,15711,15711,35870,37994
2532,0,21359,38545,38545,17368,37867
2533,0,9210,19710,19710,11097,19243
2534,0,23499,35886,35886,19617,16332
2535,0,3535,14035,14035,13091,12516
2536,0,8265,18765,18765,14971,18555
2537,0,24064,38360,38360,14326,10625
2538,0,2397,12897,12897,36101,20563
2539,6,6657,17157,12887,19321,36817
2540,0,3739,14239,14239,13884,10889
2541,0,22184,35661,35661,17759,18643
2542,0,821,11321,11321,11139,17216
2543,0,2063,12563,12563,15306,38824
2544,0,24850,37790,37790,18497,38694
2545,0,10120,20620,20620,18581,14324
2546,0,81,10581,10581,10977,16507
2547,0,5419,15919,15919,19300,36987
2548,0,23752,38592,38592,19164,14302
2549,0,21028,37857,37857,16738,35574
2550,0,9904,20404,20404,13167,19668
2551,0,2697,13197,13197,12967,11901
2552,0,831,11331,11331,20301,15583
2553,0,4574,15074,15074,18430,13103
2554,0,3826,14326,14326,38360,15127
2555,0,5924,16424,16424,34518,35481
2556,0,22734,34677,34677,16156,11163
2557,0,1397,11897,11897,19608,16038
2558,0,10251,20751,20751,10678,20933
2559,0,2833,13333,13333,11084,38225
2560,0,9921,20421,20421,13333,34886
2561,0,24115,37908,37908,19209,20067
2562,0,24909,38260,38260,38152,17365
2563,0,22560,37091,37091,20650,19135
2564,0,24264,37227,37227,35690,37384
2565,0,25421,35558,35558,19283,36249
2566,0,48,10548,10548,34574,15341
2567,0,9156,19656,19656,11112,36342
2568,0,8550,19050,19050,38907,34724
2569,0,24102,36854,36854,13092,18731
2570,0,6512,17012,17012,37910,12854
2571,0,24613,35396,35396,34779,15103
2572,0,7335,17835,17835,17730,18675
2573,0,24258,35201,35201,36208,17375
2574,0,6357,16857,16857,19676,17175
2575,0,4095,14595,14595,11245,19142
2576,0,2689,13189,13189,14157,13996
2577,0,1189,11689,11689,36793,11796
2578,0,21180,35442,35442,16524,18369
2579,0,4845,15345,15345,36076,17867
2580,0,5210,15710,15710,36013,20445
2581,0,3990,14490,14490,18844,35167
2582,0,2373,12873,12873,36764,35854
2583,0,23466,34999,34999,10912,11093
2584,0,5676,16176,16176,10581,10977
2585,0,21884,35998,35998,13071,35362
2586,0,2758,13258,13258,18629,34506
2587,0,9936,20436,20436,36293,15701
2588,0,6607,17107,17107,19880,11313
2589,0,9747,20247,20247,17209,35960
2590,0,9639,20139,20139,18389,18054
2591,0,2488,12988,12988,12580,18907
2592,0,2579,13079,13079,37811,20294
2593,0,21528,36699,36699,18369,11973
2594,0,22728,36093,36093,37763,15110
2595,0,3880,14380,14380,17378,36699
2596,0,24942,38421,38421,19159,15593
2597,0,8854,19354,19354,37422,13634
2598,0,9527,20027,20027,37272,17321
2599,0,4934,15434,15434,19636,36616
2600,0,21624,37731,37731,38021,17552
2601,0,8145,18645,18645,10936,16117
2602,0,2209,12709,12709,12346,20823
2603,0,5235,15735,15735,34484,35858
2604,0,3945,14445,14445,38953,34559
2605,0,23669,35777,35777,12679,19919
2606,0,9694,20194,20194,38572,19635
2607,0,2164,12664,12664,14057,13852
2608,0,2886,13386,13386,37472,20098
2609,0,7852,18352,18352,15932,14293
2610,0,21152,34780,34780,18815,11093
2611,0,23404,38866,38866,38862,36456
2612,0,516,11016,11016,11202,15304
2613,0,22135,35627,35627,34853,18974
2614,0,22320,36103,36103,13322,19283
2615,0,5666,16166,16166,37510,15340
2616,0,172,10672,10672,17224,37748
2617,0,639,11139,11139,36587,19350
2618,0,9863,20363,20363,13267,18489
2619,0,8935,19435,19435,13044,14664
2620,0,21758,38361,38361,16289,20259
2621,0,7690,18190,18190,11602,19683
2622,0,5065,15565,15565,12943,12209
2623,0,1143,11643,11643,12088,13211
2624,0,24488,34729,34729,38630,10591
2625,0,22578,37625,37625,36087,38116
2626,0,22076,36513,36513,16362,15142
2627,0,9946,20446,20446,38935,37500
2628,0,1832,12332,12332,10801,11484
2629,0,25268,38741,38741,20540,16332
2630,0,8862,19362,19362,13403,19696
2631,0,3686,14186,14186,16435,20970
2632,0,6227,16727,16727,15908,35402
2633,0,5700,16200,16200,15338,13347
2634,0,23055,35306,35306,35990,34963
2635,0,23754,37535,37535,13883,19324
2636,0,4537,15037,15037,17168,20185
2637,0,3515,14015,14015,37542,20033
2638,0,9668,20168,20168,14678,16382
2639,0,834,11334,11334,11448,14770
2640,0,2486,12986,12986,36473,36261
2641,0,24910,35919,35919,12672,14236
2642,0,8539,19039,19039,18089,13507
2643,0,9286,19786,19786,18796,14461
2644,0,23578,36757,36757,11760,34906
2645,0,21319,37189,37189,10604,37190
2646,0,9316,19816,19816,14832,35394
2647,0,5467,15967,15967,38733,14634
2648,0,4915,15415,15415,15915,15963
2649,0,65,10565,10565,19675,36251
2650,0,8037,18537,18537,35689,11715
2651,0,8405,18905,18905,11198,10652
2652,0,23300,37031,37031,14172,11895
2653,4,2024,12524,17253,11779,18647
2654,0,1872,12372,12372,19747,15773
2655,0,354,10854,10854,35032,20284
2656,0,5360,15860,15860,12181,16296
2657,0,1767,12267,12267,18203,10953
2658,0,23512,36349,36349,19716,37632
2659,0,9394,19894,19894,37687,20546
2660,0,6405,16905,16905,18576,14783
2661,0,4762,15262,15262,36502,38458
2662,0,1164,11664,11664,20294,16569
2663,0,22137,36098,36098,34943,17647
2664,0,23810,37148,37148,14905,16152
2665,0,3395,13895,13895,14457,13259
2666,0,8285,18785,18785,20761,14551
2667,0,23746,36663,36663,17327,11087
2668,0,4568,15068,15068,16277,14234
2669,0,9308,19808,19808,35056,35783
2670,0,3127,13627,13627,17015,14087
2671,0,22689,37542,37542,14015,16540
2672,1,6946,17446,12357,17446,19048
2673,0,309,10809,10809,15770,36263
2674,0,7203,17703,17703,18896,37363
2675,0,8593,19093,19093,15942,10868
2676,0,21265,38045,38045,19806,38633
2677,0,22029,34589,34589,11920,14107
2678,0,23965,35577,35577,17373,17946
2679,0,4354,14854,14854,34900,17665
2680,0,8893,19393,19393,13728,13636
2681,0,10444,20944,20944,34683,13037
2682,0,8204,18704,18704,18576,14783
2683,0,3587,14087,14087,13712,17709
2684,0,7223,17723,17723,18276,11866
2685,0,2583,13083,13083,17154,34882
2686,0,7420,17920,17920,20212,38179
2687,0,2770,13270,13270,20203,18428
2688,0,4812,15312,15312,36921,20767
2689,0,22784,34742,34742,36296,37157
2690,0,10203,20703,20703,11519,16755
2691,0,5087,15587,15587,20476,14383
2692,0,324,10824,10824,36394,37973
2693,0,5171,15671,15671,38780,37271
2694,0,5648,16148,16148,18322,18185
2695,0,6743,17243,17243,13244,11769
2696,0,3209,13709,13709,20217,16320
2697,0,9307,19807,19807,20927,18764
2698,0,3905,14405,14405,15235,16557
2699,0,24162,36321,36321,16801,17341
2700,0,1292,11792,11792,12712,13333
2701,0,5638,16138,16138,11355,14547
2702,0,22270,38393,38393,11763,11385
2703,0,8499,18999,18999,38183,35668
2704,0,8899,19399,19399,13402,19980
2705,0,2379,12879,12879,37920,12936
2706,0,10431,20931,20931,19513,16564
2707,0,9497,19997,19997,38417,19675
2708,0,3634,14134,14134,20164,15098
2709,0,4169,14669,14669,11945,19985
2710,0,8687,19187,19187,14122,36283
2711,0,6658,17158,17158,16689,36272
2712,0,22102,36711,36711,19272,17305
2713,0,22017,38675,38675,12367,17810
2714,0,3428,13928,13928,38704,35892
2715,0,4421,14921,14921,20189,15375
2716,0,1101,11601,11601,37923,12433
2717,0,21161,36753,36753,20546,37687
2718,0,7900,18400,18400,38613,34853
2719,0,22454,38267,38267,16879,12105
2720,0,3250,13750,13750,34622,38011
2721,0,4409,14909,14909,37656,38031
2722,0,4140,14640,14640,17144,12044
2723,0,3557,14057,14057,12664,37369
2724,0,709,11209,11209,11085,34618
2725,0,118,10618,10618,20275,35228
2726,0,2022,12522,12522,34620,19204
2727,1,4598,15098,37397,15098,14134
2728,0,7286,17786,17786,12073,10648
2729,0,6130,16630,16630,14170,14949
2730,0,24465,34907,34907,19136,20082
2731,0,6952,17452,17452,11955,13228
2732,0,22589,37457,37457,17033,15012
2733,0,2374,12874,12874,20506,18113
2734,0,21824,38409,38409,14973,12737
2735,0,23320,34707,34707,38620,19059
2736,0,9354,19854,19854,36336,37061
2737,0,5227,15727,15727,17521,20258
2738,0,23984,35768,35768,20251,15980
2739,0,6606,17106,17106,13327,11172
2740,0,4681,15181,15181,38804,14743
2741,0,21197,37651,37651,11292,36564
2742,0,8375,18875,18875,35529,18953
2743,0,5003,15503,15503,10964,12289
2744,0,9363,19863,19863,18468,16397
2745,0,24633,36883,36883,18499,36882
2746,0,10354,20854,20854,37909,19777
2747,0,4273,14773,14773,20221,11234
2748,0,5739,16239,16239,12051,20107
2749,0,23501,36559,36559,12781,15031
2750,0,9115,19615,19615,36175,12025
2751,0,23046,37699,37699,11497,12778
2752,0,5470,15970,15970,34508,15783
2753,0,5816,16316,16316,14400,16317
2754,0,1158,11658,11658,38082,12118
2755,0,24564,37319,37319,17296,35183
2756,0,8892,19392,19392,35126,18980
2757,0,87,10587,10587,38326,18390
2758,0,7702,18202,18202,15572,34467
2759,0,3382,13882,13882,35980,18552
2760,0,22272,37392,37392,20184,17429
2761,0,24979,35448,35448,17144,12120
2762,0,403,10903,10903,15183,15447
2763,0,22613,38560,38560,13761,17062
2764,0,3350,13850,13850,36653,20044
2765,0,21523,36442,36442,36205,20219
2766,0,7591,18091,18091,13499,18711
2767,0,22602,38899,38899,36223,20630
2768,0,6378,16878,16878,12057,38927
2769,0,2241,12741,12741,14645,38668
2770,0,24366,34636,34636,38166,37106
2771,0,6552,17052,17052,18289,12006
2772,0,7559,18059,18059,16773,19952
2773,0,24415,37599,37599,12577,35230
2774,0,6310,16810,16810,20222,20165
2775,0,1027,11527,11527,13245,14552
2776,0,25447,38690,38690,36603,34563
2777,0,3803,14303,14303,38854,17770
2778,0,5517,16017,16017,13749,36175
2779,0,2436,12936,12936,18442,10622
2780,0,4689,15189,15189,15924,18339
2781,0,10124,20624,20624,18428,19181
2782,0,5298,15798,15798,11505,17525
2783,0,1278,11778,11778,19270,19540
2784,0,9236,19736,19736,20140,34989
2785,0,6856,17356,17356,17274,19355
2786,0,2042,12542,12542,11748,20515
2787,0,24801,38572,38572,12852,19635
2788,0,6654,17154,17154,13083,38436
2789,0,6074,16574,16574,15621,35704
2790,0,5157,15657,15657,34596,34776
2791,0,1425,11925,11925,16421,13975
2792,0,5027,15527,15527,16522,34531
2793,0,5281,15781,15781,11594,12740
2794,0,9216,19716,19716,36349,37632
2795,0,1502,12002,12002,17037,14882
2796,0,22712,38571,38571,14825,15916
2797,0,22763,36805,36805,35491,20777
2798,0,22492,36235,36235,13153,16603
2799,0,9675,20175,20175,17336,36902
2800,0,21756,36828,36828,20835,20510
2801,0,6064,16564,16564,17073,36294
2802,0,678,11178,11178,15082,36287
2803,0,6673,17173,17173,16947,11491
2804,0,5851,16351,16351,37264,37788
2805,0,7194,17694,17694,11342,37699
2806,0,10414,20914,20914,36217,20449
2807,0,5265,15765,15765,35735,36493
2808,0,7551,18051,18051,19072,13755
2809,0,22325,37295,37295,13618,11676
2810,0,23349,35028,35028,12422,35429
2811,0,5053,15553,15553,11107,14712
2812,0,5215,15715,15715,20124,35667
2813,0,1850,12350,12350,36176,13322
2814,0,6522,17022,17022,36303,36993
2815,0,1070,11570,11570,36779,14296
2816,0,7934,18434,18434,15416,18279
2817,0,6784,17284,17284,14652,34637
2818,0,7406,17906,17906,18540,17885
2819,0,2480,12980,12980,14918,12482
2820,0,23764,36421,36421,14919,12347
2821,0,3392,13892,13892,14683,12152
2822,0,1099,11599,11599,18965,34501
2823,0,5484,15984,15984,11015,34634
2824,0,9103,19603,19603,36813,16065
2825,0,21461,35566,35566,16055,18084
2826,0,418,10918,10918,16636,15997
2827,0,9469,19969,19969,11393,13840
2828,0,5819,16319,16319,16220,20683
2829,0,7890,18390,18390,13490,15095
2830,0,1947,12447,12447,35423,17509
2831,0,8450,18950,18950,14856,14244
2832,0,3336,13836,13836,14064,37037
2833,0,2299,12799,12799,15622,11922
2834,0,9162,19662,19662,38161,12118
2835,0,24085,34867,34867,34894,34731
2836,0,24017,38629,38629,35991,18192
2837,0,208,10708,10708,38109,18255
2838,0,8288,18788,18788,36520,14985
2839,1,3682,14182,38867,14182,38851
2840,0,24386,37640,37640,15593,19159
2841,0,8222,18722,18722,15659,15662
2842,0,22081,38532,38532,15709,38898
2843,0,528,11028,11028,38203,36256
2844,0,5329,15829,15829,36337,18454
2845,0,779,11279,11279,10647,38883
2846,0,722,11222,11222,14254,15802
2847,0,7428,17928,17928,17946,17259
2848,0,9511,20011,20011,19280,19831
2849,0,7313,17813,17813,16553,38107
2850,0,1860,12360,12360,38836,10959
2851,0,24543,36680,36680,10852,12172
2852,0,25058,38301,38301,10779,35286
2853,0,21199,36662,36662,16591,13080
2854,0,23394,37575,37575,13897,19900
2855,0,1992,12492,12492,38333,11663
2856,0,2332,12832,12832,15180,12836
2857,2,10324,20824,14182,38867,20824
2858,0,6339,16839,16839,13914,19208
2859,0,9913,20413,20413,36005,14719
2860,0,22503,37673,37673,37512,11330
2861,0,6117,16617,16617,34888,34821
2862,0,3459,13959,13959,20211,13243
2863,0,7614,18114,18114,37568,19074
2864,0,6567,17067,17067,14325,10640
2865,0,24943,35228,35228,35227,14852
2866,0,8297,18797,18797,12705,35528
2867,0,22089,35726,35726,38626,18399
2868,0,9336,19836,19836,12103,13832
2869,0,5492,15992,15992,20536,35967
2870,0,22328,37472,37472,13386,20098
2871,0,4518,15018,15018,14539,15140
2872,0,23399,34951,34951,12772,36014
2873,0,8197,18697,18697,18370,15295
2874,0,5138,15638,15638,35685,18743
2875,0,6755,17255,17255,19633,37674
2876,0,21664,35155,35155,15547,19014
2877,0,23646,38088,38088,14760,17602
2878,0,257,10757,10757,10706,15608
2879,0,23008,38909,38909,17486,16776
2880,0,23113,37190,37190,10604,37189
2881,0,24714,36882,36882,18499,18777
2882,0,24317,35921,35921,18945,20504
2883,0,6931,17431,17431,37691,35449
2884,0,9601,20101,20101,38649,38215
2885,0,23264,38340,38340,38462,35905
2886,0,3625,14125,14125,18160,37628
2887,0,702,11202,11202,15304,11016
2888,0,3189,13689,13689,37906,38007
2889,0,503,11003,11003,13626,18084
2890,0,22744,35744,35744,36061,19326
2891,0,24536,37192,37192,36733,12238
2892,0,5441,15941,15941,14465,34590
2893,0,2556,13056,13056,13267,12560
2894,0,848,11348,11348,16077,14114
2895,0,2248,12748,12748,35536,14348
2896,0,5616,16116,16116,12412,15413
2897,0,9452,19952,19952,16898,34659
2898,0,372,10872,10872,11307,35745
2899,0,23595,37249,37249,14654,17795
2900,0,5317,15817,15817,19189,11492
2901,2,22289,34584,10856,19412,34584
2902,0,5487,15987,15987,20919,35900
2903,0,5303,15803,15803,19933,11616
2904,0,4052,14552,14552,19805,20894
2905,0,3937,14437,14437,15505,37962
2906,0,6252,16752,16752,18584,35554
2907,0,23604,38800,38800,19201,17658
2908,0,9546,20046,20046,12259,20047
2909,0,25006,36187,36187,38645,18116
2910,0,22397,36522,36522,36422,19003
2911,0,4076,14576,14576,13262,12158
2912,0,997,11497,11497,12778,17795
2913,1,4332,14832,36184,14832,19816
2914,0,8610,19110,19110,13087,12015
2915,0,1176,11676,11676,13618,38266
2916,0,23400,38491,38491,37410,15845
2917,0,551,11051,11051,10648,12073
2918,0,4840,15340,15340,35367,16166
2919,0,24702,36399,36399,36598,14051
2920,0,4372,14872,14872,13042,11309
2921,0,3497,13997,13997,15443,36006
2922,0,24733,38832,38832,17966,15353
2923,0,22782,38534,38534,11712,11197
2924,0,24133,38749,38749,12097,13673
2925,0,1407,11907,11907,12607,14718
2926,0,21718,36434,36434,35509,37894
2927,0,24559,36564,36564,35198,37651
2928,0,5176,15676,15676,20032,19586
2929,0,5829,16329,16329,11628,20441
2930,0,6062,16562,16562,20832,19775
2931,0,7792,18292,18292,12941,15470
2932,0,25291,36810,36810,16911,18733
2933,0,6775,17275,17275,12824,11560
2934,0,3588,14088,14088,17927,19927
2935,0,22061,38655,38655,13195,17454
2936,1,10266,20766,37155,20766,13381
2937,0,693,11193,11193,38515,19309
2938,0,2533,13033,13033,38254,15584
2939,0,5011,15511,15511,11746,17436
2940,0,3443,13943,13943,12107,13324
2941,0,982,11482,11482,18777,18499
2942,0,9372,19872,19872,18497,12936
2943,0,5943,16443,16443,20612,19144
2944,0,21246,38091,38091,35022,35286
2945,0,4222,14722,14722,36620,34802
2946,0,91,10591,10591,17850,34729
2947,0,5652,16152,16152,15753,20889
2948,0,2266,12766,12766,14798,19772
2949,0,21855,34683,34683,20944,13037
2950,0,8031,18531,18531,10712,36891
2951,0,9512,20012,20012,17128,20540
2952,0,9573,20073,20073,20173,20672
2953,0,261,10761,10761,16713,35777
2954,0,24817,38619,38619,19133,20063
2955,0,3337,13837,13837,14469,14122
2956,0,5497,15997,15997,17619,10918
2957,0,21045,38752,38752,13973,18220
2958,0,4016,14516,14516,18964,19835
2959,0,3626,14126,14126,16071,18934
2960,0,22979,34523,34523,38498,37834
2961,12,445,10945,35124,38636,10567
2962,0,6752,17252,17252,17327,11512
2963,0,5111,15611,15611,11712,11197
2964,0,5965,16465,16465,12270,11677
2965,0,3555,14055,14055,16335,17498
2966,0,2194,12694,12694,19928,14943
2967,0,9598,20098,20098,13386,10532
2968,0,7338,17838,17838,10940,20031
2969,0,23291,36776,36776,16947,18609
2970,0,3367,13867,13867,10945,20003
2971,0,9952,20452,20452,11202,38518
2972,0,2867,13367,13367,19586,37250
2973,0,2526,13026,13026,35340,36104
2974,0,21518,36043,36043,18129,11997
2975,3,7563,18063,20213,13861,38174
2976,0,8291,18791,18791,35395,11116
2977,0,10223,20723,20723,17588,16318
2978,0,1168,11668,11668,11813,13440
2979,0,4144,14644,14644,12270,18315
2980,0,5149,15649,15649,16366,14806
2981,0,84,10584,10584,14354,13286
2982,0,3149,13649,13649,14787,20070
2983,0,23295,36588,36588,16668,11023
2984,0,880,11380,11380,11406,19362
2985,0,6747,17247,17247,11453,34478
2986,0,24711,38325,38325,34862,17516
2987,0,6535,17035,17035,18233,17916
2988,0,22658,38293,38293,10962,19039
2989,0,9056,19556,19556,16228,18711
2990,0,1467,11967,11967,11780,11279
2991,0,24392,34896,34896,18733,13229
2992,0,5641,16141,16141,36322,16865
2993,0,6537,17037,17037,17978,12002
2994,0,9418,19918,19918,19213,16186
2995,0,452,10952,10952,35711,14655
2996,0,4326,14826,14826,17965,13390
2997,0,4044,14544,14544,16773,11392
2998,0,21699,35535,35535,20053,35536
2999,0,4137,14637,14637,13397,36561
3000,0,3039,13539,13539,17082,16534
3001,0,9096,19596,19596,14121,17811
3002,0,22377,37234,37234,17341,16535
3003,0,8413,18913,18913,38331,15630
3004,4,5825,16325,37821,38169,36150
3005,0,7796,18296,18296,16983,35267
3006,0,579,11079,11079,14951,10518
3007,0,5236,15736,15736,34848,36004
3008,0,6571,17071,17071,35523,36963
3009,0,10493,20993,20993,10703,34627
3010,0,7174,17674,17674,38504,36444
3011,0,7467,17967,17967,12586,20700
3012,0,24728,34964,34964,19084,14996
3013,0,9922,20422,20422,15672,11159
3014,0,22670,34986,34986,18139,14282
3015,0,5587,16087,16087,20032,15627
3016,0,21291,35737,35737,16664,20028
3017,0,2467,12967,12967,13197,12259
3018,0,4157,14657,14657,19097,18968
3019,0,6349,16849,16849,12161,17019
3020,0,9176,19676,19676,36184,13416
3021,0,413,10913,10913,18793,20162
3022,0,402,10902,10902,15078,18170
3023,0,4428,14928,14928,35639,17210
3024,0,2084,12584,12584,13896,18220
3025,0,3057,13557,13557,37888,35022
3026,0,22824,37007,37007,18640,18220
3027,0,22967,35158,35158,19750,16683
3028,0,7060,17560,17560,16283,38879
3029,0,164,10664,10664,19959,16669
3030,0,8692,19192,19192,14680,15419
3031,0,10044,20544,20544,20533,11353
3032,0,24984,37351,37351,34927,34676
3033,0,4302,14802,14802,35620,12962
3034,0,22998,36913,36913,19582,38697
3035,0,24459,35139,35139,18117,17083
3036,0,3317,13817,13817,17678,37413
3037,0,21659,35966,35966,11968,34955
3038,0,9941,20441,20441,17764,17109
3039,0,3934,14434,14434,11665,18052
3040,0,6851,17351,17351,19637,37607
3041,0,1847,12347,12347,20330,35701
3042,0,24610,36210,36210,15835,35287
3043,0,1334,11834,11834,34852,14336
3044,0,23560,35458,35458,16594,14878
3045,0,21969,37188,37188,20017,14136
3046,0,10296,20796,20796,16703,20286
3047,0,8807,19307,19307,19191,19188
3048,0,753,11253,11253,14509,14632
3049,0,3064,13564,13564,18469,35335
3050,0,25263,36960,36960,12933,34896
3051,0,6997,17497,17497,11505,16373
3052,0,7536,18036,18036,14509,20432
3053,0,23744,35585,35585,34705,16209
3054,0,706,11206,11206,13674,13434
3055,0,3491,13991,13991,37615,11751
3056,0,9575,20075,20075,14260,17579
3057,0,24216,37523,37523,38544,16703
3058,0,4573,15073,15073,38750,34860
3059,0,22054,35574,35574,37857,16738
3060,0,7054,17554,17554,19146,18837
3061,0,5580,16080,16080,13237,35528
3062,0,24257,36599,36599,16362,19798
3063,0,6840,17340,17340,17165,14905
3064,0,3151,13651,13651,15712,18410
3065,0,23162,38334,38334,37537,17689
3066,0,6523,17023,17023,17261,12430
3067,0,24148,38803,38803,18113,20506
3068,0,3799,14299,14299,15249,17228
3069,0,4022,14522,14522,34460,37449
3070,0,8871,19371,19371,18018,19116
3071,0,1074,11574,11574,19310,17942
3072,0,10020,20520,20520,17900,36790
3073,0,10383,20883,20883,38261,13420
3074,0,3438,13938,13938,34689,17216
3075,0,22955,38330,38330,18368,14805
3076,0,22138,37376,37376,16547,37392
3077,0,9962,20462,20462,14727,19730
3078,0,2429,12929,12929,36035,16876
3079,0,246,10746,10746,37547,14422
3080,0,3815,14315,14315,34817,12407
3081,0,25326,35081,35081,18215,14642
3082,0,3632,14132,14132,35498,20730
3083,0,9990,20490,20490,12911,11825
3084,0,2262,12762,12762,13377,20582
3085,0,2246,12746,12746,15934,13464
3086,1,835,11335,17297,11335,11169
3087,0,5064,15564,15564,11122,15592
3088,0,6202,16702,16702,36453,35863
3089,0,432,10932,10932,16758,12004
3090,0,7960,18460,18460,15633,36737
3091,0,1173,11673,11673,13444,19215
3092,0,8374,18874,18874,38305,34526
3093,0,6437,16937,16937,13604,38836
3094,0,8823,19323,19323,19665,17282
3095,0,4656,15156,15156,34542,19606
3096,0,8654,19154,19154,15336,10882
3097,0,5289,15789,15789,17769,36867
3098,0,3757,14257,14257,34703,12969
3099,0,10061,20561,20561,19943,14436
3100,0,9880,20380,20380,12425,17930
3101,0,250,10750,10750,14830,13846
3102,0,7671,18171,18171,37574,12538
3103,0,23488,38639,38639,11604,14845
3104,0,7334,17834,17834,20536,17103
3105,0,23020,36880,36880,10970,16368
3106,0,7952,18452,18452,13158,20101
3107,0,8018,18518,18518,15244,12675
3108,3,21060,38169,16325,16274,13220
3109,0,3407,13907,13907,38190,20259
3110,0,2729,13229,13229,34896,19597
3111,1,24532,38813,38664,38813,17843
3112,0,8948,19448,19448,36888,38216
3113,0,433,10933,10933,34497,18259
3114,0,21930,36065,36065,13343,11423
3115,0,7422,17922,17922,16058,10557
3116,0,7592,18092,18092,13935,19615
3117,0,21890,35286,35286,38301,38091
3118,0,23214,37604,37604,17818,19639
3119,0,23724,38455,38455,19531,13035
3120,0,23696,38533,38533,13839,36891
3121,0,24414,37424,37424,15692,13603
3122,0,24181,37865,37865,37085,34669
3123,0,24890,35129,35129,10524,16339
3124,0,5629,16129,16129,18610,34641
3125,0,4002,14502,14502,18145,16453
3126,0,10455,20955,20955,19058,12573
3127,0,4753,15253,15253,12227,14696
3128,0,1332,11832,11832,15152,36607
3129,0,9854,20354,20354,11342,17694
3130,0,8101,18601,18601,13895,13259
3131,0,4196,14696,14696,35508,36239
3132,0,1443,11943,11943,11867,37139
3133,0,3681,14181,14181,17424,19215
3134,0,21458,36027,36027,38364,38098
3135,0,4310,14810,14810,13044,19061
3136,0,7448,17948,17948,36287,12610
3137,0,4899,15399,15399,35440,15015
3138,0,8272,18772,18772,19726,16060
3139,0,3985,14485,14485,19396,38415
3140,0,24123,38537,38537,14297,15951
3141,0,22202,37298,37298,19778,36359
3142,0,23603,35776,35776,34753,37379
3143,0,8784,19284,19284,14347,37472
3144,0,2569,13069,13069,10501,11491
3145,0,24043,34672,34672,34716,14865
3146,0,4277,14777,14777,13385,13664
3147,0,3666,14166,14166,18502,11457
3148,0,21282,35735,35735,15765,36493
3149,0,22732,38817,38817,38673,16660
3150,0,2446,12946,12946,17647,37768
3151,0,6821,17321,17321,37272,12623
3152,0,25293,37095,37095,38309,38046
3153,0,6520,17020,17020,36091,20063
3154,0,5802,16302,16302,34530,17321
3155,0,3657,14157,14157,13664,10735
3156,0,25115,37403,37403,37402,12024
3157,0,23863,36048,36048,11211,10945
3158,2,3172,13672,12140,20093,13672
3159,0,1223,11723,11723,12523,12723
3160,0,7272,17772,17772,12781,15768
3161,0,3639,14139,14139,37475,13650
3162,0,4166,14666,14666,37035,13602
3163,1,544,11044,35212,11044,37285
3164,0,1204,11704,11704,38347,11259
3165,0,24594,36877,36877,14551,35129
3166,0,8816,19316,19316,13552,12436
3167,0,25116,37627,37627,20973,17651
3168,0,7242,17742,17742,38692,14806
3169,0,2637,13137,13137,36675,18223
3170,0,22075,38485,38485,37056,16927
3171,0,8839,19339,19339,13366,11227
3172,0,21022,37359,37359,38690,38657
3173,0,22182,37275,37275,19042,17921
3174,0,6758,17258,17258,35041,36722
3175,0,21750,37040,37040,19202,15808
3176,0,7838,18338,18338,12821,14049
3177,0,877,11377,11377,35231,14767
3178,0,24851,36326,36326,13011,19987
3179,0,196,10696,10696,15707,37641
3180,0,21223,38579,38579,14785,17726
3181,0,3383,13883,13883,38518,10886
3182,0,4379,14879,14879,38057,13478
3183,0,24390,36678,36678,38057,16231
3184,0,21289,34681,34681,34682,11084
3185,0,2997,13497,13497,34895,12901
3186,0,3908,14408,14408,15899,15700
3187,0,2571,13071,13071,35998,37091
3188,0,7688,18188,18188,12042,19446
3189,0,1755,12255,12255,20953,12209
3190,0,6496,16996,16996,36537,19091
3191,0,21097,36902,36902,37635,36621
3192,0,21527,38024,38024,11977,15173
3193,0,24210,38326,38326,10587,17307
3194,0,5721,16221,16221,18055,11373
3195,0,6443,16943,16943,15632,17666
3196,0,24827,38104,38104,16818,11654
3197,0,4969,15469,15469,18569,18829
3198,0,6964,17464,17464,35072,15133
3199,0,6814,17314,17314,15841,11323
3200,0,6479,16979,16979,13351,38308
3201,0,4711,15211,15211,16784,36271
3202,0,4163,14663,14663,18492,16501
3203,0,23776,36562,36562,12466,19219
3204,0,9084,19584,19584,34705,10985
3205,0,23939,35197,35197,11435,14396
3206,0,22854,36351,36351,35551,19935
3207,1,2682,13182,20684,13182,16645
3208,0,21715,37922,37922,17470,36072
3209,0,2508,13008,13008,17517,12118
3210,0,8075,18575,18575,37387,38579
3211,0,1510,12010,12010,35839,20798
3212,0,4314,14814,14814,13727,15088
3213,0,9445,19945,19945,15359,17189
3214,0,8483,18983,18983,20725,38016
3215,0,5356,15856,15856,38236,11817
3216,0,6639,17139,17139,15823,37607
3217,0,5972,16472,16472,12254,35704
3218,0,1244,11744,11744,36660,36012
3219,0,3734,14234,14234,15483,14278
3220,0,8863,19363,19363,11303,35806
3221,0,22648,37187,37187,16732,37186
3222,0,4121,14621,14621,38510,14122
3223,0,24480,36755,36755,20018,35469
3224,0,4995,15495,15495,18343,34518
3225,0,21268,34804,34804,37949,20089
3226,0,8318,18818,18818,13352,17655
3227,0,1876,12376,12376,16841,18442
3228,0,23192,38667,38667,14651,17731
3229,0,5262,15762,15762,16953,36087
3230,0,254,10754,10754,36807,37091
3231,0,8146,18646,18646,35506,10982
3232,0,4511,15011,15011,16234,11075
3233,0,9266,19766,19766,20071,13312
3234,0,5159,15659,15659,18722,19605
3235,0,22983,36325,36325,38730,18736
3236,0,7764,18264,18264,16386,10705
3237,0,759,11259,11259,38347,11704
3238,0,5481,15981,15981,19232,18201
3239,0,654,11154,11154,11019,34536
3240,0,5297,15797,15797,15592,12597
3241,0,9386,19886,19886,16797,11354
3242,0,5812,16312,16312,13418,18718
3243,0,5288,15788,15788,34945,11342
3244,0,2892,13392,13392,38057,15032
3245,3,3401,13901,13940,17106,11562
3246,0,7626,18126,18126,35275,17079
3247,0,5636,16136,16136,14937,14567
3248,3,1420,11920,14107,38723,19916
3249,0,3044,13544,13544,20617,19601
3250,0,2830,13330,13330,13637,10769
3251,0,22817,35122,35122,17879,17378
3252,0,328,10828,10828,37268,18277
3253,0,10480,20980,20980,37873,15619
3254,0,253,10753,10753,13350,18587
3255,0,25225,37491,37491,19802,10697
3256,0,7318,17818,17818,16814,18428
3257,0,6159,16659,16659,38833,35883
3258,0,5323,15823,15823,15308,11762
3259,0,8665,19165,19165,18317,16512
3260,0,22666,35115,35115,10722,20210
3261,0,4377,14877,14877,17500,19384
3262,0,6022,16522,16522,15527,16817
3263,0,5092,15592,15592,15797,12597
3264,0,9257,19757,19757,20193,35820
3265,0,5377,15877,15877,15741,12681
3266,0,3019,13519,13519,38107,36791
3267,0,3029,13529,13529,16600,18506
3268,0,9740,20240,20240,15589,19676
3269,0,2636,13136,13136,11225,12533
3270,0,22156,37137,37137,19075,37904
3271,0,9532,20032,20032,18374,14776
3272,0,1131,11631,11631,14908,10882
3273,0,3018,13518,13518,34841,19706
3274,0,2945,13445,13445,35471,10795
3275,0,3659,14159,14159,11684,35375
3276,0,25113,37737,37737,19252,20501
3277,0,24627,34851,34851,13549,13532
3278,0,23864,35756,35756,34714,36582
3279,0,8703,19203,19203,12199,14542
3280,0,2663,13163,13163,16844,20661
3281,0,25089,37696,37696,36041,19739
3282,0,5378,15878,15878,20039,38835
3283,0,8359,18859,18859,12312,37946
3284,0,1362,11862,11862,37855,37893
3285,1,7180,17680,12884,17680,17843
3286,0,25292,34706,34706,11844,37107
3287,0,5533,16033,16033,17674,17136
3288,0,3481,13981,13981,38481,11605
3289,0,25419,38411,38411,37764,19728
3290,0,6255,16755,16755,11807,11519
3291,0,25186,37003,37003,16090,34555
3292,0,8747,19247,19247,16901,14121
3293,0,25104,36668,36668,18945,37837
3294,0,5112,15612,15612,35489,37207
3295,0,5940,16440,16440,20151,16125
3296,0,7981,18481,18481,34550,20240
3297,0,25371,35351,35351,35875,13585
3298,0,10144,20644,20644,38416,18452
3299,1,2880,13380,12951,13380,17053
3300,0,5839,16339,16339,10655,35129
3301,0,3381,13881,13881,18021,20190
3302,0,23144,36510,36510,37486,13686
3303,0,1302,11802,11802,12085,13123
3304,0,21901,38172,38172,18936,13581
3305,0,7442,17942,17942,17305,11574
3306,0,4957,15457,15457,36719,11083
3307,0,4836,15336,15336,19154,34513
3308,0,21710,34608,34608,20028,35238
3309,0,8704,19204,19204,10800,20642
3310,0,22567,37435,37435,38753,37300
3311,0,5720,16220,16220,35710,14754
3312,0,8188,18688,18688,18318,18350
3313,0,9618,20118,20118,11570,11489
3314,0,942,11442,11442,16217,18607
3315,0,24672,36176,36176,12350,35763
3316,0,3235,13735,13735,34810,36698
3317,0,25381,38789,38789,38915,15346
3318,0,3257,13757,13757,36931,11589
3319,0,22898,35282,35282,19625,36177
3320,0,24957,35037,35037,11186,18528
3321,0,176,10676,10676,17664,17618
3322,0,435,10935,10935,36182,35837
3323,0,23925,35314,35314,17438,14018
3324,0,7049,17549,17549,16941,19752
3325,0,308,10808,10808,15261,17028
3326,0,1565,12065,12065,13786,18959
3327,0,3964,14464,14464,10971,35112
3328,0,6727,17227,17227,18388,38411
3329,0,2135,12635,12635,34649,13975
3330,0,9060,19560,19560,18025,12005
3331,0,21960,37131,37131,14311,38065
3332,0,21854,34828,34828,14926,16719
3333,0,25147,35983,35983,20896,19080
3334,0,4977,15477,15477,38647,16951
3335,0,8664,19164,19164,38592,14302
3336,0,24976,37569,37569,18812,19264
3337,0,595,11095,11095,35515,36448
3338,0,7393,17893,17893,14626,15445
3339,0,2276,12776,12776,11698,13097
3340,0,7072,17572,17572,15368,36787
3341,0,6830,17330,17330,12515,13550
3342,0,4625,15125,15125,12658,35002
3343,0,9245,19745,19745,38406,13993
3344,0,5332,15832,15832,10847,36956
3345,0,23041,35492,35492,16222,35430
3346,0,5351,15851,15851,37507,36548
3347,0,23948,36423,36423,17168,10840
3348,0,2623,13123,13123,20198,18199
3349,0,9628,20128,20128,11192,20271
3350,0,4572,15072,15072,11443,35819
3351,0,22517,35302,35302,35303,38776
3352,0,24783,37691,37691,34556,37365
3353,0,231,10731,10731,20465,11101
3354,0,179,10679,10679,11431,17834
3355,0,7882,18382,18382,17511,19207
3356,0,737,11237,11237,12487,17163
3357,4,23877,38382,17727,20157,20582
3358,0,10264,20764,20764,36869,13349
3359,0,23861,34915,34915,19892,34980
3360,0,3865,14365,14365,34538,34539
3361,0,5865,16365,16365,35426,35144
3362,0,25155,34847,34847,15736,16020
3363,0,6057,16557,16557,17189,18813
3364,0,9199,19699,19699,34920,15310
3365,0,22388,35103,35103,34594,34651
3366,0,109,10609,10609,20514,16970
3367,3,5705,16205,12480,14462,11223
3368,0,8481,18981,18981,12647,38628
3369,0,1321,11821,11821,19355,15266
3370,0,5935,16435,16435,14186,11941
3371,0,1995,12495,12495,13139,11096
3372,0,6495,16995,16995,14053,38883
3373,0,755,11255,11255,12442,36732
3374,0,8650,19150,19150,12829,14858
3375,0,25164,38033,38033,14183,36615
3376,0,5137,15637,15637,10511,13311
3377,0,24813,36914,36914,35292,18107
3378,0,800,11300,11300,36010,11742
3379,0,24371,35281,35281,13942,34679
3380,0,2086,12586,12586,17967,14576
3381,0,5501,16001,16001,18967,38410
3382,0,6200,16700,16700,13873,35481
3383,0,9549,20049,20049,17659,19954
3384,0,69,10569,10569,16413,20948
3385,0,5367,15867,15867,19995,12919
3386,0,9636,20136,20136,35113,20226
3387,0,24840,37001,37001,37369,11136
3388,0,10274,20774,20774,36268,38580
3389,0,5682,16182,16182,11026,15346
3390,0,8873,19373,19373,35530,34945
3391,0,22080,35148,35148,10874,34803
3392,0,10149,20649,20649,12493,35529
3393,0,5170,15670,15670,35489,13366
3394,0,1680,12180,12180,12729,13047
3395,0,25344,35191,35191,19650,34570
3396,0,377,10877,10877,37336,20516
3397,0,1469,11969,11969,20353,18655
3398,0,24689,35034,35034,10858,17372
3399,0,5961,16461,16461,37217,12560
3400,0,2603,13103,13103,38221,15708
3401,0,4181,14681,14681,38561,37345
3402,0,9272,19772,19772,12766,10630
3403,0,7868,18368,18368,36777,38330
3404,0,8827,19327,19327,11125,36895
3405,0,24168,35581,35581,16743,36115
3406,0,23596,38154,38154,16538,38272
3407,0,4505,15005,15005,11099,11740
3408,0,23301,38858,38858,34815,18445
3409,0,7048,17548,17548,20384,19877
3410,0,4230,14730,14730,34850,13186
3411,2,9024,19524,37567,35436,19524
3412,0,22369,37563,37563,19757,20193
3413,0,3091,13591,13591,35728,20070
3414,0,2726,13226,13226,20619,15854
3415,0,477,10977,10977,10581,16176
3416,0,1329,11829,11829,17002,36559
3417,0,2283,12783,12783,12614,15469
3418,0,3732,14232,14232,13354,35288
3419,0,24802,38431,38431,18651,16745
3420,0,9676,20176,20176,16939,18087
3421,0,5873,16373,16373,16132,17497
3422,0,5557,16057,16057,38165,15830
3423,0,751,11251,11251,17191,13239
3424,0,22358,38077,38077,17685,12226
3425,0,2300,12800,12800,17011,13091
3426,0,23389,36577,36577,17935,13207
3427,0,873,11373,11373,17149,18055
3428,0,6620,17120,17120,37337,34947
3429,0,8847,19347,19347,12763,35978
3430,0,5127,15627,15627,20894,20486
3431,0,9810,20310,20310,11696,17152
3432,0,21547,37464,37464,10501,36720
3433,0,4564,15064,15064,11805,13470
3434,0,1545,12045,12045,36645,14825
3435,0,739,11239,11239,11230,16391
3436,0,23782,36799,36799,37015,36362
3437,0,2683,13183,13183,14130,12785
3438,0,22223,37777,37777,11598,14567
3439,0,23092,34984,34984,20463,14121
3440,0,24198,35016,35016,35638,34897
3441,0,5121,15621,15621,16571,16574
3442,0,6984,17484,17484,34732,34987
3443,0,6795,17295,17295,35174,20793
3444,0,9966,20466,20466,38916,20946
3445,0,7608,18108,18108,17386,15313
3446,0,3518,14018,14018,34846,34769
3447,0,10496,20996,20996,37746,11440
3448,0,2354,12854,12854,11808,11693
3449,0,25196,36616,36616,16654,36012
3450,0,21829,37305,37305,11057,37065
3451,0,773,11273,11273,11604,15052
3452,0,7965,18465,18465,36302,17826
3453,0,22883,37185,37185,37006,36784
3454,0,5200,15700,15700,20577,14408
3455,0,22612,35796,35796,35377,17347
3456,0,641,11141,11141,19171,16016
3457,0,10079,20579,20579,36875,19492
3458,0,22945,36551,36551,35117,19746
3459,0,8727,19227,19227,15810,12864
3460,0,3203,13703,13703,15320,38667
3461,0,7288,17788,17788,11203,34744
3462,0,4309,14809,14809,36080,14267
3463,0,5204,15704,15704,19441,38126
3464,0,6249,16749,16749,19644,11801
3465,0,865,11365,11365,12870,10699
3466,0,5516,16016,16016,18179,11141
3467,0,9617,20117,20117,19033,16218
3468,0,23038,38311,38311,38171,11371
3469,0,22426,38073,38073,18186,17170
3470,0,6923,17423,17423,36448,18710
3471,0,24591,38791,38791,20859,19646
3472,0,10364,20864,20864,38628,12647
3473,0,9415,19915,19915,10772,12408
3474,0,25295,35136,35136,16419,17933
3475,0,962,11462,11462,11280,20390
3476,0,22410,38753,38753,35505,19627
3477,0,22100,35059,35059,12473,20112
3478,0,21749,35375,35375,17924,14159
3479,0,24291,38323,38323,18207,14635
3480,0,10477,20977,20977,14866,13333
3481,1,25367,37099,17821,37099,38787
3482,0,3309,13809,13809,12782,35988
3483,0,2166,12666,12666,18630,35916
3484,0,363,10863,10863,20224,15605
3485,0,21773,35408,35408,35413,19049
3486,0,3723,14223,14223,20060,38263
3487,0,2825,13325,13325,20565,16461
3488,0,5133,15633,15633,36737,18460
3489,0,7670,18170,18170,20261,10902
3490,0,3597,14097,14097,34989,13548
3491,0,4726,15226,15226,10713,13339
3492,0,546,11046,11046,20275,17283
3493,0,2940,13440,13440,20800,38493
3494,0,471,10971,10971,36614,14464
3495,0,1641,12141,12141,15578,14340
3496,0,23616,36895,36895,14998,37758
3497,0,3338,13838,13838,12406,17305
3498,0,8216,18716,18716,12353,11243
3499,0,1172,11672,11672,15483,14278
3500,0,6983,17483,17483,12778,37699
3501,0,9401,19901,19901,11119,34998
3502,0,5273,15773,15773,19747,12372
3503,0,6672,17172,17172,20933,20997
3504,0,6085,16585,16585,38089,11504
3505,0,24697,34558,34558,17061,17293
3506,0,8014,18514,18514,14404,15499
3507,0,22232,36844,36844,19484,12639
3508,0,23579,38440,38440,36290,38366
3509,0,3364,13864,13864,18542,11397
3510,0,22687,38687,38687,12507,18731
3511,0,8309,18809,18809,19074,17641
3512,0,6724,17224,17224,10672,18993
3513,0,22646,36787,36787,17572,14797
3514,0,1410,11910,11910,20527,20733
3515,0,9440,19940,19940,12399,38894
3516,0,10036,20536,20536,15992,17834
3517,0,6666,17166,17166,19099,11104
3518,0,8276,18776,18776,13225,17915
3519,0,23627,36319,36319,19869,15605
3520,0,2694,13194,13194,18218,38816
3521,0,815,11315,11315,12561,20019
3522,4,6500,17000,38144,13705,17652
3523,0,6762,17262,17262,38187,17918
3524,0,24063,34723,34723,16926,17638
3525,1,7322,17822,19395,17822,15595
3526,0,2131,12631,12631,20992,36941
3527,1,1797,12297,35523,12297,17071
3528,3,22467,34585,10861,16862,35882
3529,0,7727,18227,18227,16621,16944
3530,0,4575,15075,15075,14501,13695
3531,0,5190,15690,15690,17782,20232
3532,0,3122,13622,13622,19150,15007
3533,0,7540,18040,18040,20058,16477
3534,0,5853,16353,16353,19631,17155
3535,0,5365,15865,15865,20068,19368
3536,0,9043,19543,19543,14492,15532
3537,0,4275,14775,14775,13765,19263
3538,0,23712,37851,37851,12082,17338
3539,0,3089,13589,13589,18141,13793
3540,0,23568,37053,37053,15047,37980
3541,0,21468,36670,36670,19492,12743
3542,0,24654,38935,38935,38346,20446
3543,0,9609,20109,20109,14588,15583
3544,0,5253,15753,15753,16152,14827
3545,0,237,10737,10737,14678,13750
3546,0,1532,12032,12032,35994,12899
3547,0,22723,38097,38097,11956,35490
3548,0,8402,18902,18902,36786,14411
3549,0,3410,13910,13910,18187,35202
3550,0,2831,13331,13331,17175,16494
3551,0,23375,37632,37632,19716,36349
3552,0,7779,18279,18279,10864,15416
3553,0,1535,12035,12035,35824,19991
3554,0,21774,37724,37724,36190,13423
3555,0,3879,14379,14379,13440,13281
3556,0,7435,17935,17935,36577,35754
3557,0,5302,15802,15802,17093,15901
3558,0,8909,19409,19409,36295,15793
3559,0,22139,36816,36816,35914,37060
3560,0,9407,19907,19907,19921,13383
3561,0,1299,11799,11799,19680,38270
3562,0,6739,17239,17239,19597,14060
3563,0,6273,16773,16773,14390,38467
3564,0,5499,15999,15999,17986,35486
3565,0,9230,19730,19730,38197,37372
3566,1,25103,38929,11501,38929,18161
3567,0,10046,20546,20546,17031,36753
3568,0,6934,17434,17434,37859,14452
3569,0,8183,18683,18683,19077,16473
3570,0,21109,34661,34661,13407,10724
3571,0,22368,35962,35962,12679,20150
3572,0,1480,11980,11980,16745,35830
3573,0,2793,13293,13293,10612,13102
3574,0,1601,12101,12101,19998,35652
3575,0,24961,38634,38634,15830,17488
3576,0,5091,15591,15591,18972,11875
3577,0,7983,18483,18483,11718,14794
3578,0,7067,17567,17567,37790,35111
3579,0,6804,17304,17304,14954,20074
3580,0,2329,12829,12829,36331,36743
3581,0,8552,19052,19052,16471,19801
3582,0,8337,18837,18837,17554,10675
3583,0,9247,19747,19747,12372,15773
3584,0,24172,34741,34741,14672,15388
3585,0,3661,14161,14161,20403,35647
3586,0,8437,18937,18937,19414,17529
3587,0,23080,36227,36227,15113,12690
3588,0,555,11055,11055,35485,19836
3589,0,4825,15325,15325,38696,38373
3590,0,1163,11663,11663,36868,12414
3591,0,5680,16180,16180,37994,16530
3592,0,9589,20089,20089,37949,34804
3593,0,4715,15215,15215,20576,14248
3594,0,397,10897,10897,16025,20949
3595,0,22314,35591,35591,14977,20794
3596,0,2506,13006,13006,17885,17135
3597,0,23975,37162,37162,17407,12592
3598,0,3836,14336,14336,17125,34852
3599,0,24472,37985,37985,37529,37582
3600,0,9193,19693,19693,38931,15754
3601,0,3010,13510,13510,17845,16744
3602,0,10226,20726,20726,38672,19876
3603,0,723,11223,11223,16205,12480
3604,0,300,10800,10800,10802,19204
3605,10,22143,36550,17157,37130,17076
3606,0,8908,19408,19408,14655,35711
3607,0,7328,17828,17828,20762,20650
3608,0,4294,14794,14794,11718,18483
3609,0,8113,18613,18613,19090,38290
3610,0,4185,14685,14685,35071,14840
3611,0,22681,37448,37448,16021,12182
3612,0,6954,17454,17454,36873,13195
3613,3,8269,18769,15799,15905,18397
3614,0,21473,38710,38710,13602,15226
3615,0,3142,13642,13642,35155,15547
3616,0,9939,20439,20439,12658,38209
3617,0,21315,38287,38287,18473,38450
3618,0,23970,35166,35166,14984,38115
3619,0,3205,13705,13705,38144,15117
3620,0,4955,15455,15455,38012,20704
3621,0,4582,15082,15082,36834,11178
3622,0,23511,37561,37561,18337,20200
3623,0,7367,17867,17867,36076,15345
3624,0,21808,38905,38905,14572,35046
3625,0,9770,20270,20270,38477,19680
3626,0,24893,38651,38651,11745,15773
3627,0,22122,37201,37201,13625,35653
3628,0,7433,17933,17933,18958,35136
3629,0,7704,18204,18204,15008,34786
3630,0,22637,36239,36239,35508,11802
3631,0,1152,11652,11652,18063,20213
3632,0,25439,38946,38946,15947,20952
3633,0,6965,17465,17465,11866,35609
3634,0,1212,11712,11712,38534,15611
3635,0,4503,15003,15003,15776,19725
3636,0,7055,17555,17555,10545,14038
3637,0,10118,20618,20618,34675,11729
3638,0,23227,36257,36257,12535,16223
3639,0,22856,38513,38513,15563,13143
3640,0,5894,16394,16394,19679,17266
3641,0,25359,36087,36087,37625,38116
3642,0,8637,19137,19137,34972,11005
3643,0,23575,37888,37888,13557,10963
3644,0,5427,15927,15927,12552,35171
3645,0,23101,37657,37657,18457,15881
3646,0,22109,34894,34894,34867,15822
3647,0,665,11165,11165,14706,37399
3648,0,25382,37493,37493,15368,11833
3649,0,7216,17716,17716,36393,16341
3650,0,5994,16494,16494,19839,17393
3651,0,642,11142,11142,14074,18856
3652,0,22783,37834,37834,34523,12477
3653,0,3767,14267,14267,14809,36080
3654,0,4272,14772,14772,11612,36664
3655,0,21231,38306,38306,20057,37571
3656,0,23899,38467,38467,18545,10735
3657,0,6123,16623,16623,13056,20028
3658,0,8331,18831,18831,36147,13551
3659,0,786,11286,11286,36519,35597
3660,0,2857,13357,13357,20112,12707
3661,0,6112,16612,16612,38184,10798
3662,0,22072,34572,34572,36422,36522
3663,0,3202,13702,13702,11917,36521
3664,2,21646,36891,18531,10712,36891
3665,0,8916,19416,19416,10768,18844
3666,0,10315,20815,20815,19375,38737
3667,0,7600,18100,18100,14292,19624
3668,0,4187,14687,14687,38059,11330
3669,0,7853,18353,18353,14422,11021
3670,0,25234,37216,37216,13609,10594
3671,0,22604,36391,36391,16735,15802
3672,0,4824,15324,15324,36267,18187
3673,0,8332,18832,18832,37911,12073
3674,0,6067,16567,16567,16449,15422
3675,0,2905,13405,13405,11926,15355
3676,0,4626,15126,15126,17659,11656
3677,0,9635,20135,20135,37145,12660
3678,0,996,11496,11496,10797,18763
3679,0,7131,17631,17631,11684,13633
3680,1,25130,37473,37312,37473,37377
3681,0,23641,38473,38473,11620,17686
3682,0,7246,17746,17746,12533,38561
3683,0,24400,34662,34662,37511,17005
3684,0,6408,16908,16908,14506,37662
3685,0,7787,18287,18287,12260,14742
3686,0,6250,16750,16750,20040,19256
3687,0,9205,19705,19705,14927,34957
3688,0,8055,18555,18555,18735,14066
3689,0,21140,38256,38256,37225,13636
3690,0,5523,16023,16023,20210,10722
3691,0,22186,37049,37049,14110,10663
3692,0,7505,18005,18005,17892,17381
3693,0,156,10656,10656,20816,17122
3694,0,9868,20368,20368,36272,19799
3695,0,3085,13585,13585,11297,35476
3696,0,10425,20925,20925,37662,37902
3697,0,1552,12052,12052,38136,20631
3698,0,8774,19274,19274,20602,35943
3699,0,25034,38558,38558,16362,36520
3700,0,495,10995,10995,36488,38118
3701,0,2321,12821,12821,11558,18338
3702,0,912,11412,11412,11117,14711
3703,0,9044,19544,19544,15168,38241
3704,0,151,10651,10651,37801,13157
3705,0,23249,37230,37230,11096,14227
3706,0,23373,35339,35339,16610,16629
3707,0,10243,20743,20743,15419,17839
3708,0,1738,12238,12238,37192,15437
3709,0,3001,13501,13501,37113,13459
3710,0,9263,19763,19763,19942,11074
3711,0,6961,17461,17461,38672,16150
3712,0,21929,37483,37483,37296,18429
3713,0,2883,13383,13383,10639,19907
3714,0,3720,14220,14220,16916,11644
3715,0,7127,17627,17627,12209,16091
3716,0,888,11388,11388,18848,14316
3717,0,5471,15971,15971,38382,38383
3718,0,3201,13701,13701,15881,14697
3719,0,9696,20196,20196,36386,38406
3720,0,4823,15323,15323,11838,18967
3721,0,4704,15204,15204,15795,19180
3722,0,343,10843,10843,11490,38375
3723,0,4136,14636,14636,17660,35300
3724,0,25361,34750,34750,34674,38241
3725,0,3188,13688,13688,37623,16486
3726,0,4522,15022,15022,15398,11488
3727,0,2223,12723,12723,36497,11723
3728,0,2121,12621,12621,11735,14106
3729,0,6858,17358,17358,16375,37414
3730,0,10385,20885,20885,18628,20709
3731,22,9669,20169,14174,38306,16404
3732,0,8913,19413,19413,34734,35204
3733,0,24274,35819,35819,11443,15072
3734,0,7366,17866,17866,20019,11315
3735,0,23141,38884,38884,36858,35294
3736,0,4734,15234,15234,16828,13542
3737,0,1465,11965,11965,13225,38161
3738,0,4593,15093,15093,12315,11008
3739,0,3565,14065,14065,35438,35865
3740,0,5840,16340,16340,19454,16554
3741,0,283,10783,10783,17853,15834
3742,0,21091,37869,37869,20592,12757
3743,0,6175,16675,16675,15426,16610
3744,0,10290,20790,20790,16964,18313
3745,0,4151,14651,14651,38667,14440
3746,0,22806,38461,38461,37194,17091
3747,0,8998,19498,19498,34609,13720
3748,0,7376,17876,17876,14824,19180
3749,0,8542,19042,19042,37275,17921
3750,0,23898,37892,37892,13322,34786
3751,0,8764,19264,19264,19851,18590
3752,0,3161,13661,13661,14079,20502
3753,0,2630,13130,13130,37089,37258
3754,0,22009,35810,35810,12353,16741
3755,0,21515,36725,36725,11509,16552
3756,0,10394,20894,20894,19876,35801
3757,0,1203,11703,11703,35645,37361
3758,0,22296,37638,37638,16559,19768
3759,0,10165,20665,20665,18985,11143
3760,0,616,11116,11116,35043,18791
3761,0,3114,13614,13614,17268,38607
3762,0,24254,36085,36085,35546,16046
3763,0,7481,17981,17981,37409,12548
3764,0,9330,19830,19830,11830,14195
3765,0,2728,13228,13228,16117,34886
3766,0,21680,36101,36101,20563,12897
3767,1,24375,37397,15098,37397,35108
3768,0,9895,20395,20395,17857,38218
3769,0,1357,11857,11857,37525,36147
3770,0,9567,20067,20067,36950,19209
3771,0,7798,18298,18298,11681,17638
3772,0,22105,35520,35520,17033,14866
3773,0,22302,37372,37372,38197,19730
3774,0,1590,12090,12090,35992,12402
3775,0,24411,38526,38526,11481,10789
3776,0,3140,13640,13640,15399,13263
3777,0,5338,15838,15838,35550,17796
3778,0,547,11047,11047,10798,12940
3779,0,7118,17618,17618,10676,15241
3780,0,23409,35551,35551,35087,19935
3781,0,22160,37843,37843,10744,19119
3782,0,26,10526,10526,16754,36621
3783,0,1067,11567,11567,12885,35465
3784,0,3918,14418,14418,13416,17266
3785,0,6604,17104,17104,38196,11423
3786,0,5529,16029,16029,17237,12997
3787,0,6678,17178,17178,34776,34812
3788,0,5398,15898,15898,20989,10864
3789,0,8642,19142,19142,19272,11245
3790,0,8081,18581,18581,20620,14539
3791,0,9608,20108,20108,36033,34727
3792,0,21731,38175,38175,16331,20220
3793,0,437,10937,10937,37935,13845
3794,0,24224,38053,38053,15203,36597
3795,0,5269,15769,15769,12259,36418
3796,0,1861,12361,12361,15290,37922
3797,0,10442,20942,20942,15942,16582
3798,0,24462,36602,36602,38685,17556
3799,0,2706,13206,13206,16163,14161
3800,0,21345,36631,36631,15180,13588
3801,0,5325,15825,15825,10978,14451
3802,0,6957,17457,17457,36075,36576
3803,0,22975,35487,35487,18183,10516
3804,0,21112,37720,37720,36944,17693
3805,0,21560,35856,35856,36503,13678
3806,0,9125,19625,19625,35175,36177
3807,0,4011,14511,14511,19663,37602
3808,0,23232,37385,37385,16669,14195
3809,0,534,11034,11034,12899,14100
3810,0,22827,35226,35226,35643,15470
3811,0,585,11085,11085,11209,13403
3812,0,24409,35901,35901,13818,14390
3813,0,8715,19215,19215,16474,13099
3814,0,22172,36392,36392,17730,11513
3815,0,25213,35390,35390,11824,34710
3816,0,8559,19059,19059,14393,34707
3817,0,6464,16964,16964,20790,12428
3818,0,21226,35701,35701,17099,35340
3819,0,23509,37937,37937,19947,14758
3820,0,1916,12416,12416,35700,16538
3821,0,22473,37203,37203,14724,12499
3822,0,8107,18607,18607,11442,14371
3823,0,23153,38214,38214,20083,38818
3824,0,1910,12410,12410,38049,14131
3825,0,8856,19356,19356,17845,13773
3826,0,8710,19210,19210,19569,20906
3827,0,1133,11633,11633,16256,20350
3828,0,21555,35874,35874,12473,13357
3829,0,24852,34713,34713,14472,35831
3830,0,1317,11817,11817,19027,12817
3831,0,4368,14868,14868,35919,14236
3832,0,8313,18813,18813,15359,17189
3833,0,23838,35416,35416,36158,19432
3834,0,8653,19153,19153,36413,11431
3835,0,7325,17825,17825,12685,35937
3836,0,6080,16580,16580,18064,34825
3837,0,23068,38276,38276,19008,11740
3838,0,2601,13101,13101,12809,19093
3839,0,6568,17068,17068,20293,15043
3840,0,2173,12673,12673,37443,14849
3841,0,3605,14105,14105,11456,15157
3842,0,6429,16929,16929,16199,14187
3843,0,7995,18495,18495,36919,17811
3844,0,3768,14268,14268,37316,14305
3845,0,5077,15577,15577,19847,20451
3846,0,8274,18774,18774,17083,13792
3847,0,4631,15131,15131,19365,20794
3848,0,8756,19256,19256,20040,16750
3849,0,240,10740,10740,38570,16639
3850,0,8812,19312,19312,17246,20593
3851,0,8421,18921,18921,17983,17955
3852,0,7602,18102,18102,11191,13243
3853,0,22790,35911,35911,37987,34806
3854,0,1867,12367,12367,37994,16530
3855,0,9416,19916,19916,14107,38410
3856,0,21602,38831,38831,14820,20977
3857,0,2521,13021,13021,13414,35146
3858,0,9876,20376,20376,38546,16937
3859,0,1820,12320,12320,34504,34505
3860,0,2410,12910,12910,16946,20981
3861,0,8243,18743,18743,15638,35685
3862,0,6637,17137,17137,17176,17769
3863,0,5187,15687,15687,35648,17674
3864,0,10054,20554,20554,12393,18738
3865,0,4565,15065,15065,19080,36903
3866,0,7942,18442,18442,12936,35903
3867,0,21401,36292,36292,13411,18931
3868,0,6391,16891,16891,19208,10890
3869,0,2118,12618,12618,38853,15339
3870,0,3779,14279,14279,13087,19110
3871,0,4961,15461,15461,18734,13715
3872,0,2809,13309,13309,11260,15760
3873,0,498,10998,10998,15045,36607
3874,0,23110,37805,37805,17905,11394
3875,0,10022,20522,20522,37187,38546
3876,0,4284,14784,14784,19713,14312
3877,0,10191,20691,20691,18120,19528
3878,0,8969,19469,19469,11498,14479
3879,0,228,10728,10728,11439,35742
3880,0,8761,19261,19261,36013,20445
3881,0,22427,35412,35412,38191,37095
3882,0,2741,13241,13241,16051,11089
3883,0,25174,36529,36529,38595,13676
3884,0,6001,16501,16501,11391,14663
3885,0,5718,16218,16218,17895,11303
3886,0,10220,20720,20720,18623,16590
3887,0,5583,16083,16083,16582,12038
3888,0,22796,36793,36793,11689,11796
3889,0,21691,36681,36681,14735,14048
3890,0,8719,19219,19219,37707,12396
3891,0,1128,11628,11628,16329,17109
3892,0,10405,20905,20905,15820,34956
3893,0,1706,12206,12206,34893,20639
3894,0,7450,17950,17950,11309,19608
3895,0,3153,13653,13653,19067,37823
3896,2,9482,19982,38549,14714,19982
3897,0,23947,34631,34631,14439,15935
3898,0,21817,38374,38374,19595,14141
3899,0,6240,16740,16740,13592,37279
3900,0,7104,17604,17604,38631,19593
3901,2,9464,19964,13380,12951,19964
3902,0,2721,13221,13221,15823,36891
3903,0,7445,17945,17945,19801,13658
3904,0,7893,18393,18393,35683,38458
3905,0,23936,38422,38422,37152,18104
3906,0,21063,35382,35382,35383,19923
3907,0,8042,18542,18542,10572,36160
3908,0,9144,19644,19644,11801,16749
3909,0,9402,19902,19902,36275,17743
3910,0,21926,35542,35542,36382,15169
3911,0,22564,35138,35138,12031,37581
3912,2,24461,37932,37182,20204,37932
3913,0,23416,36899,36899,10545,12811
3914,0,9985,20485,20485,38168,13168
3915,0,6054,16554,16554,38563,35051
3916,0,10107,20607,20607,13420,12566
3917,0,24420,36129,36129,17924,36845
3918,5,2550,13050,36013,15710,20445
3919,0,7440,17940,17940,13346,12395
3920,0,6768,17268,17268,13614,34467
3921,0,23107,38259,38259,16345,13341
3922,0,21571,37259,37259,15603,16253
3923,0,6449,16949,16949,37001,13944
3924,13,10359,20859,14307,11894,18846
3925,0,21586,38544,38544,37523,16703
3926,0,2644,13144,13144,13290,38048
3927,0,23407,37073,37073,36720,11189
3928,0,4487,14987,14987,11230,13311
3929,0,2061,12561,12561,11315,11521
3930,0,4645,15145,15145,37952,16603
3931,0,24319,38042,38042,16381,19655
3932,0,21230,36919,36919,36288,18495
3933,0,24176,38903,38903,36850,13806
3934,0,23537,37459,37459,10660,20807
3935,0,7265,17765,17765,20410,17839
3936,0,4174,14674,14674,14148,38548
3937,0,25193,36445,36445,14968,10637
3938,0,25241,36671,36671,20681,14678
3939,0,25307,35903,35903,13431,13664
3940,0,983,11483,11483,14835,35005
3941,0,10171,20671,20671,37983,11468
3942,0,5480,15980,15980,35768,20251
3943,0,21597,35704,35704,16571,16574
3944,0,4797,15297,15297,12096,10512
3945,0,9632,20132,20132,20866,20465
3946,0,3662,14162,14162,19631,38241
3947,0,24117,37764,37764,38411,35575
3948,0,6947,17447,17447,16381,37714
3949,0,4657,15157,15157,14105,11456
3950,0,6414,16914,16914,36356,20449
3951,0,3150,13650,13650,36596,36302
3952,0,22994,36504,36504,35606,37461
3953,0,21301,35011,35011,38593,34747
3954,0,4813,15313,15313,18108,18664
3955,0,5969,16469,16469,13831,18340
3956,0,2939,13439,13439,11712,15611
3957,0,1340,11840,11840,37790,35898
3958,0,1391,11891,11891,15021,19315
3959,0,9673,20173,20173,19178,20073
3960,0,23229,37827,37827,16606,17202
3961,0,9255,19755,19755,37093,17718
3962,0,22951,37824,37824,11709,19872
3963,0,22110,38314,38314,15458,15616
3964,0,9025,19525,19525,14017,17155
3965,0,6146,16646,16646,38689,16560
3966,0,1412,11912,11912,16110,15796
3967,0,2256,12756,12756,15152,38013
3968,0,21474,38904,38904,38176,11269
3969,0,24723,34691,34691,17362,19929
3970,0,6120,16620,16620,20374,20683
3971,0,2212,12712,12712,20977,13333
3972,0,5603,16103,16103,12758,37477
3973,0,6004,16504,16504,19678,18993
3974,0,5417,15917,15917,14411,35934
3975,0,4938,15438,15438,16376,12719
3976,0,3624,14124,14124,12288,19444
3977,0,3158,13658,13658,19788,19801
3978,0,4267,14767,14767,35231,18089
3979,0,463,10963,10963,37762,36906
3980,0,1754,12254,12254,16472,12204
3981,0,24036,35960,35960,20247,17209
3982,0,9023,19523,19523,18810,16226
3983,0,6380,16880,16880,11834,38610
3984,0,3829,14329,14329,18544,17382
3985,0,378,10878,10878,15682,17785
3986,0,23175,35546,35546,12811,36085
3987,0,1335,11835,11835,20385,15212
3988,0,23171,38498,38498,14972,37834
3989,0,2716,13216,13216,14177,10654
3990,0,9611,20111,20111,19943,12559
3991,0,21187,37286,37286,18157,19370
3992,0,24401,37506,37506,17410,37505
3993,2,9704,20204,37932,37182,20204
3994,0,6322,16822,16822,34651,35784
3995,0,9225,19725,19725,20252,34506
3996,0,9801,20301,20301,11331,18368
3997,0,1894,12394,12394,13451,13626
3998,0,4661,15161,15161,38776,34696
3999,0,9690,20190,20190,18021,13881
4000,0,7769,18269,18269,17159,10526
4001,0,7090,17590,17590,13063,35849
4002,0,6221,16721,16721,12363,18257
4003,0,9147,19647,19647,13648,37049
4004,0,21366,36408,36408,15000,15506
4005,0,7037,17537,17537,14845,11273
4006,0,8613,19113,19113,13125,13919
4007,0,9545,20045,20045,38752,13973
4008,1,22957,37993,12349,37993,20633
4009,1,25023,37267,13820,37267,15039
4010,0,10323,20823,20823,12709,12346
4011,0,23236,35109,35109,37755,35108
4012,0,3992,14492,14492,19543,20793
4013,0,6691,17191,17191,36531,37409
4014,0,1030,11530,11530,35921,18945
4015,0,2220,12720,12720,37571,16394
4016,0,23887,35550,35550,15838,36371
4017,0,21100,37761,37761,18298,16926
4018,0,3793,14293,14293,15392,37445
4019,0,24292,34893,34893,12206,18407
4020,0,10483,20983,20983,20782,19987
4021,0,4327,14827,14827,17993,16726
4022,0,21761,36773,36773,35331,11409
4023,0,8302,18802,18802,19591,20745
4024,0,21546,38193,38193,12430,14029
4025,0,21178,37145,37145,20135,15968
4026,0,5731,16231,16231,37520,16382
4027,0,2917,13417,13417,15486,20712
4028,0,5586,16086,16086,34751,19651
4029,0,22703,35970,35970,11915,11464
4030,0,6326,16826,16826,34653,35244
4031,0,1515,12015,12015,20949,19110
4032,0,21770,38799,38799,34596,36910
4033,0,24270,37558,37558,37102,37557
4034,0,22671,36561,36561,17495,37765
4035,0,2263,12763,12763,35978,19347
4036,0,4479,14979,14979,12418,14079
4037,0,4239,14739,14739,13837,15913
4038,0,24742,36698,36698,37300,20160
4039,0,24020,36539,36539,18245,17526
4040,0,893,11393,11393,19969,13840
4041,0,1490,11990,11990,37389,12227
4042,0,22889,35967,35967,15992,19888
4043,0,9657,20157,20157,17727,38382
4044,0,8516,19016,19016,14953,38806
4045,0,2933,13433,13433,12590,37507
4046,0,24184,37744,37744,14749,17904
4047,0,1129,11629,11629,19272,11245
4048,0,731,11231,11231,14863,12398
4049,0,3084,13584,13584,16222,19489
4050,0,7297,17797,17797,15383,12422
4051,0,4588,15088,15088,14814,12475
4052,1,2795,13295,18835,13295,38886
4053,5,7601,18101,11838,15323,16205
4054,0,798,11298,11298,16153,13015
4055,0,6232,16732,16732,37186,37187
4056,0,734,11234,11234,14773,20221
4057,0,8688,19188,19188,34772,19307
4058,0,2244,12744,12744,14301,36820
4059,0,178,10678,10678,20751,20933
4060,0,1174,11674,11674,17918,38891
4061,0,790,11290,11290,18719,15605
4062,0,23687,35986,35986,35220,18428
4063,0,198,10698,10698,16459,10738
4064,0,10239,20739,20739,19507,37383
4065,0,7675,18175,18175,14378,20008
4066,0,548,11048,11048,18113,13194
4067,0,3339,13839,13839,37448,38533
4068,0,9213,19713,19713,14784,14312
4069,0,7465,17965,17965,14826,13390
4070,0,8699,19199,19199,11620,38473
4071,0,25341,37238,37238,15973,12485
4072,0,25045,36311,36311,11929,19454
4073,0,7533,18033,18033,34494,38612
4074,0,66,10566,10566,16131,17443
4075,0,4712,15212,15212,11835,19275
4076,0,5214,15714,15714,38495,36053
4077,0,23632,35955,35955,20746,20458
4078,0,5033,15533,15533,18945,17682
4079,0,24964,37754,37754,35044,16832
4080,0,2572,13072,13072,37152,14212
4081,0,10241,20741,20741,14195,17922
4082,0,21812,38511,38511,13094,38561
4083,0,622,11122,11122,15390,12597
4084,0,6222,16722,16722,12217,14301
4085,0,787,11287,11287,15072,35819
4086,0,3332,13832,13832,19524,19691
4087,0,23854,38401,38401,14112,34665
4088,0,6008,16508,16508,35206,36342
4089,0,24889,34934,34934,36176,19087
4090,0,8334,18834,18834,20279,17628
4091,0,21517,37083,37083,15759,38282
4092,0,23973,34485,34485,13449,34597
4093,0,8696,19196,19196,13020,10578
4094,0,515,11015,11015,15984,37954
4095,0,478,10978,10978,15825,10778
4096,0,4476,14976,14976,38365,11499
4097,0,22298,36237,36237,36956,10847
4098,0,8818,19318,19318,36020,11271
4099,0,6899,17399,17399,19206,15760
4100,0,1033,11533,11533,12211,38362
4101,0,22433,36118,36118,13831,17919
4102,0,2598,13098,13098,37936,19214
4103,0,1514,12014,12014,18163,12024
4104,0,6191,16691,16691,20055,37982
4105,0,23347,34824,34824,34753,11538
4106,0,7237,17737,17737,13956,38816
4107,0,5753,16253,16253,11905,37259
4108,0,25152,38113,38113,13540,38019
4109,0,21616,36857,36857,36856,16125
4110,0,8236,18736,18736,14163,36325
4111,0,8536,19036,19036,17415,17153
4112,0,5521,16021,16021,37448,13839
4113,0,1462,11962,11962,20356,14361
4114,0,7915,18415,18415,12264,20368
4115,0,1871,12371,12371,18749,13602
4116,0,23993,36346,36346,36679,36444
4117,0,7209,17709,17709,19606,14096
4118,0,10072,20572,20572,16816,15069
4119,0,7349,17849,17849,37644,15800
4120,0,4623,15123,15123,35928,18484
4121,1,23855,36947,16130,36947,14470
4122,0,4818,15318,15318,14933,36016
4123,0,220,10720,10720,12289,35465
4124,0,21550,36618,36618,38312,11472
4125,0,9002,19502,19502,35901,14390
4126,0,2476,12976,12976,12695,18382
4127,0,4248,14748,14748,13325,37217
4128,0,24457,35401,35401,16780,20954
4129,0,23426,37697,37697,18879,35420
4130,0,24911,36524,36524,15471,35832
4131,0,6487,16987,16987,20434,36759
4132,0,9420,19920,19920,19271,18120
4133,0,9717,20217,20217,36750,13709
4134,0,5650,16150,16150,14010,18071
4135,0,24789,37608,37608,17911,11485
4136,0,21174,34766,34766,11225,19758
4137,0,8052,18552,18552,20350,11633
4138,0,24807,37743,37743,15589,12777
4139,0,2881,13381,13381,20766,37155
4140,0,1677,12177,12177,17552,11849
4141,0,6060,16560,16560,34602,12636
4142,0,901,11401,11401,35441,11387
4143,0,23022,36448,36448,35515,11095
4144,0,22042,38252,38252,15910,14990
4145,0,2296,12796,12796,35173,15740
4146,0,8809,19309,19309,11193,11669
4147,0,8488,18988,18988,20335,14288
4148,0,9004,19504,19504,12228,34757
4149,1,24041,37740,37683,37740,36521
4150,0,22274,36583,36583,20517,13284
4151,0,22786,35032,35032,10854,14290
4152,0,6772,17272,17272,12326,38952
4153,0,22073,35804,35804,35979,14418
4154,0,7257,17757,17757,14977,15136
4155,0,2580,13080,13080,36662,15443
4156,0,7966,18466,18466,37872,34467
4157,0,24700,38190,38190,16289,13907
4158,0,22696,35518,35518,12275,38810
4159,0,23566,38750,38750,15073,34860
4160,0,9780,20280,20280,11637,15517
4161,0,9351,19851,19851,18590,10824
4162,0,5254,15754,15754,38145,13597
4163,0,681,11181,11181,37567,19836
4164,0,24778,37933,37933,17983,14700
4165,0,3159,13659,13659,14133,11097
4166,0,25377,34829,34829,38478,15155
4167,0,2987,13487,13487,36495,12737
4168,0,4908,15408,15408,19729,37824
4169,0,1882,12382,12382,38914,19547
4170,0,24050,34665,34665,17629,14805
4171,0,1940,12440,12440,14553,11948
4172,0,3296,13796,13796,12054,35968
4173,0,3534,14034,14034,14655,19408
4174,0,5974,16474,16474,13099,19215
4175,0,3729,14229,14229,12613,14162
4176,0,490,10990,10990,14626,19047
4177,0,5708,16208,16208,11040,36794
4178,0,1181,11681,11681,18298,16926
4179,0,1375,11875,11875,38334,37577
4180,0,5014,15514,15514,16789,20075
4181,0,626,11126,11126,37851,37769
4182,0,4758,15258,15258,36136,35809
4183,0,10336,20836,20836,35437,12236
4184,0,21662,35409,35409,37114,37832
4185,0,23321,37107,37107,11844,34706
4186,0,4180,14680,14680,15419,17814
4187,0,22839,35273,35273,17763,11376
4188,0,8778,19278,19278,20484,14362
4189,0,2887,13387,13387,37718,15274
4190,0,4539,15039,15039,14585,37267
4191,0,21694,34651,34651,12235,11170
4192,0,6671,17171,17171,17167,38165
4193,0,6453,16953,16953,16092,15762
4194,0,1366,11866,11866,17465,17132
4195,0,2639,13139,13139,12495,11096
4196,0,21217,38164,38164,20924,19775
4197,0,5602,16102,16102,19147,18582
4198,0,25126,37518,37518,12543,17850
4199,0,5730,16230,16230,19986,15737
4200,0,7204,17704,17704,11984,20783
4201,0,5296,15796,15796,15998,20878
4202,0,10351,20851,20851,12705,15308
4203,0,2938,13438,13438,18686,19033
4204,0,10237,20737,20737,35602,20123
4205,0,24321,36948,36948,12975,15168
4206,0,5979,16479,16479,19342,14509
4207,0,4534,15034,15034,20202,11271
4208,0,10119,20619,20619,12028,13226
4209,0,7669,18169,18169,20978,10825
4210,0,7607,18107,18107,35292,36914
4211,0,22675,35972,35972,18643,15855
4212,0,9853,20353,20353,35605,11969
4213,0,21027,35175,35175,19625,35174
4214,0,24330,38543,38543,18148,38063
4215,0,6681,17181,17181,37969,16394
4216,0,5428,15928,15928,10666,34556
4217,0,5266,15766,15766,37260,19780
4218,0,22570,34503,34503,17817,16839
4219,0,21819,38672,38672,17461,20748
4220,0,1784,12284,12284,37620,13791
4221,0,7116,17616,17616,14671,15000
4222,0,494,10994,10994,18461,19784
4223,0,9758,20258,20258,15727,17521
4224,0,8776,19276,19276,13986,19536
4225,0,2038,12538,12538,37967,38548
4226,0,4041,14541,14541,15051,14023
4227,0,2897,13397,13397,13011,19667
4228,0,8558,19058,19058,20955,12573
4229,0,9803,20303,20303,17596,13575
4230,0,9844,20344,20344,20370,14119
4231,0,24261,35858,35858,18443,34484
4232,0,2653,13153,13153,36235,18451
4233,0,10316,20816,20816,17122,37980
4234,0,8514,19014,19014,13642,14265
4235,0,2031,12531,12531,14474,15605
4236,0,5089,15589,15589,37743,38515
4237,0,813,11313,11313,19880,17107
4238,0,7235,17735,17735,11765,13057
4239,0,6280,16780,16780,35401,35291
4240,0,23204,38223,38223,16036,38592
4241,0,1079,11579,11579,18245,17526
4242,0,2226,12726,12726,14686,20513
4243,0,22781,35640,35640,19638,10959
4244,0,21746,37672,37672,16301,10692
4245,0,24930,35147,35147,12186,12769
4246,0,3261,13761,13761,38560,17062
4247,0,5649,16149,16149,19571,17968
4248,0,3862,14362,14362,20484,13446
4249,0,2936,13436,13436,15920,12562
4250,0,24066,36016,36016,16615,35500
4251,0,7080,17580,17580,34472,18517
4252,0,3917,14417,14417,17654,11440
4253,0,24710,36156,36156,35176,11163
4254,0,305,10805,10805,38085,35794
4255,0,4056,14556,14556,19133,18381
4256,0,23811,38233,38233,17165,17340
4257,0,2999,13499,13499,18091,37688
4258,0,9541,20041,20041,13798,36261
4259,0,1231,11731,11731,18517,34472
4260,0,2313,12813,12813,38058,13123
4261,0,25231,35733,35733,36387,37475
4262,0,10269,20769,20769,15651,13677
4263,0,25460,37606,37606,11615,37081
4264,0,4321,14821,14821,12878,35514
4265,0,21105,38835,38835,20039,15878
4266,0,6470,16970,16970,12288,14332
4267,0,22550,38853,38853,12618,34650
4268,0,7500,18000,18000,38466,36321
4269,0,21865,36936,36936,36689,17372
4270,0,3899,14399,14399,35708,17796
4271,0,3567,14067,14067,14114,16858
4272,0,5452,15952,15952,15262,37315
4273,0,8022,18522,18522,18838,16491
4274,0,24380,36930,36930,10575,11704
4275,0,22154,35816,35816,19518,15074
4276,0,4270,14770,14770,36732,19975
4277,0,8531,19031,19031,18271,13752
4278,0,4086,14586,14586,20047,37470
4279,0,6663,17163,17163,18860,35729
4280,0,21558,36136,36136,15803,35809
4281,0,588,11088,11088,13617,16790
4282,0,3365,13865,13865,16104,20622
4283,0,2670,13170,13170,17110,15815
4284,0,5515,16015,16015,11801,18905
4285,0,22345,38883,38883,11780,11279
4286,0,25482,36860,36860,20013,37929
4287,0,2395,12895,12895,15624,13407
4288,0,5506,16006,16006,12603,16762
4289,0,2170,12670,12670,12178,17634
4290,0,24698,38032,38032,20194,19635
4291,0,8134,18634,18634,11758,11942
4292,0,9334,19834,19834,38371,35771
4293,0,25002,38064,38064,11385,18066
4294,0,9045,19545,19545,12175,14415
4295,1,24606,36460,37383,36460,19507
4296,0,5673,16173,16173,36191,19250
4297,0,2774,13274,13274,19895,34536
4298,0,7620,18120,18120,35308,20508
4299,0,6559,17059,17059,18060,15614
4300,0,21908,38654,38654,11285,20025
4301,0,8456,18956,18956,36102,17612
4302,0,22052,36850,36850,38903,13806
4303,0,25132,38008,38008,11768,12196
4304,0,5798,16298,16298,16117,14820
4305,0,5982,16482,16482,16289,13990
4306,0,5882,16382,16382,14678,16231
4307,0,9443,19943,19943,20561,20111
4308,0,23645,35423,35423,19217,12447
4309,24,2181,12681,37207,13908,16106
4310,0,25395,35132,35132,11049,18061
4311,0,1473,11973,11973,36699,10966
4312,0,6103,16603,16603,36235,15145
4313,0,25351,35294,35294,36858,38884
4314,0,9150,19650,19650,35191,13724
4315,0,8925,19425,19425,16977,17858
4316,0,421,10921,10921,11052,17794
4317,0,2306,12806,12806,10712,20395
4318,0,22136,36762,36762,20360,18838
4319,0,171,10671,10671,35882,36653
4320,0,3956,14456,14456,13900,35856
4321,2,5606,16106,18346,10567,16106
4322,0,21202,37825,37825,17954,14755
4323,0,8462,18962,18962,37901,17726
4324,0,1725,12225,12225,36867,36269
4325,0,10215,20715,20715,37010,35518
4326,0,24121,37991,37991,10608,37360
4327,0,23265,36139,36139,10528,15432
4328,0,904,11404,11404,17919,14723
4329,0,3494,13994,13994,14259,12692
4330,0,8346,18846,18846,19925,14307
4331,0,9728,20228,20228,19071,36986
4332,0,7797,18297,18297,18995,19464
4333,0,7396,17896,17896,38854,16493
4334,0,23304,37029,37029,18961,11376
4335,0,2080,12580,12580,12988,18907
4336,0,7928,18428,18428,13752,19031
4337,0,22901,37531,37531,34758,13912
4338,0,7933,18433,18433,11971,19578
4339,0,9856,20356,20356,11962,14361
4340,0,21395,34610,34610,34609,19156
4341,0,7211,17711,17711,11693,12854
4342,0,4677,15177,15177,14868,11141
4343,1,6533,17033,17503,17033,35520
4344,0,5209,15709,15709,38532,38898
4345,0,2646,13146,13146,38528,13248
4346,0,24806,35410,35410,36402,35763
4347,0,24753,34905,34905,13187,12460
4348,0,24222,35603,35603,34866,37271
4349,0,21748,37173,37173,38049,37875
4350,0,24944,34510,34510,15768,36606
4351,0,6365,16865,16865,16141,10571
4352,0,21437,35540,35540,15562,36745
4353,0,2155,12655,12655,11620,19199
4354,0,21933,37525,37525,19018,35251
4355,0,7370,17870,17870,34819,14814
4356,0,21287,37300,37300,38572,36698
4357,0,7837,18337,18337,37561,12069
4358,0,3715,14215,14215,16008,14793
4359,0,8111,18611,18611,11074,17481
4360,0,22569,34900,34900,13964,13292
4361,0,24179,36387,36387,35733,14128
4362,0,3622,14122,14122,19187,36868
4363,0,4516,15016,15016,35102,19163
4364,0,7354,17854,17854,36022,10658
4365,0,8750,19250,19250,17472,16085
4366,0,1436,11936,11936,10823,37140
4367,0,507,11007,11007,11160,34914
4368,0,5275,15775,15775,10556,35209
4369,0,5663,16163,16163,12439,16499
4370,0,5402,15902,15902,19819,16519
4371,0,5930,16430,16430,36168,36837
4372,0,2339,12839,12839,38712,15115
4373,0,9870,20370,20370,20344,14119
4374,0,4386,14886,14886,11488,20901
4375,0,22497,35610,35610,14669,13958
4376,0,7680,18180,18180,35004,19314
4377,0,24467,35486,35486,12722,15999
4378,0,8693,19193,19193,13876,12919
4379,0,643,11143,11143,17680,11026
4380,1,1539,12039,17312,12039,17271
4381,0,1211,11711,11711,12259,36603
4382,0,21991,34987,34987,34732,19848
4383,0,21888,37649,37649,36463,16382
4384,0,8864,19364,19364,10855,11592
4385,0,6106,16606,16606,17180,37827
4386,0,5615,16115,16115,34614,17812
4387,0,22598,37149,37149,18850,18435
4388,0,1464,11964,11964,14314,34832
4389,0,1192,11692,11692,17033,38225
4390,0,3590,14090,14090,11343,12909
4391,0,9697,20197,20197,34513,37817
4392,0,6360,16860,16860,38241,37488
4393,0,8697,19197,19197,17690,14142
4394,0,23344,36147,36147,18223,13551
4395,0,6719,17219,17219,18682,36423
4396,0,506,11006,11006,37262,11573
4397,0,22390,35046,35046,37440,10945
4398,0,9249,19749,19749,11703,19668
4399,0,24703,36353,36353,16871,20481
4400,0,22816,35636,35636,14043,13396
4401,0,1773,12273,12273,13847,35892
4402,0,272,10772,10772,19915,38912
4403,0,23922,36190,36190,37724,20963
4404,0,3618,14118,14118,20778,15076
4405,0,2381,12881,12881,37717,10529
4406,0,7008,17508,17508,37997,19764
4407,0,21435,38116,38116,15762,36087
4408,0,4633,15133,15133,17464,18732
4409,0,8504,19004,19004,16265,18631
4410,0,746,11246,11246,38684,34686
4411,0,7707,18207,18207,38323,38852
4412,0,3569,14069,14069,18381,15887
4413,0,23576,36262,36262,15942,19093
4414,0,8557,19057,19057,10725,11069
4415,0,6448,16948,16948,20167,37574
4416,0,5599,16099,16099,10770,17823
4417,0,25427,34937,34937,34560,13698
4418,0,24897,34726,34726,11037,17654
4419,0,8572,19072,19072,18051,34956
4420,0,22874,34526,34526,19041,18874
4421,0,1912,12412,12412,16116,14171
4422,0,9258,19758,19758,15432,34766
4423,0,599,11099,11099,11282,15005
4424,0,3892,14392,14392,14818,12049
4425,0,5540,16040,16040,36461,13716
4426,0,1652,12152,12152,38061,12373
4427,0,8106,18606,18606,34601,16664
4428,0,1893,12393,12393,19976,20554
4429,0,25305,35086,35086,34881,20773
4430,0,6502,17002,17002,11829,15768
4431,0,4362,14862,14862,36114,12508
4432,0,24191,38618,38618,18584,12861
4433,0,375,10875,10875,15197,11338
4434,0,1966,12466,12466,37707,19219
4435,0,3957,14457,14457,35053,13259
4436,0,22553,37809,37809,37810,13441
4437,0,5696,16196,16196,12930,35421
4438,0,1243,11743,11743,12097,13673
4439,0,23913,36478,36478,37986,12371
4440,0,23011,36211,36211,35881,17207
4441,0,9142,19642,19642,38933,10683
4442,0,941,11441,11441,18786,38475
4443,0,10347,20847,20847,13300,17874
4444,0,3346,13846,13846,10792,10750
4445,0,2657,13157,13157,10651,10848
4446,0,22984,38628,38628,20864,12647
4447,0,21562,34841,34841,13518,14188
4448,0,5326,15826,15826,18878,16282
4449,0,24378,37618,37618,35967,12078
4450,0,6578,17078,17078,10982,10694
4451,0,2799,13299,13299,37381,13530
4452,0,4306,14806,14806,15649,38692
4453,0,23715,34802,34802,14722,12199
4454,0,21244,35485,35485,14470,11055
4455,0,7244,17744,17744,16061,16397
4456,0,298,10798,10798,11047,19707
4457,0,25475,36189,36189,12057,17287
4458,1,3823,14323,36766,14323,38874
4459,0,9934,20434,20434,16987,19715
4460,0,7977,18477,18477,12733,14263
4461,0,2035,12535,12535,36257,12141
4462,0,4039,14539,14539,14324,15018
4463,0,9807,20307,20307,17634,20984
4464,0,22911,36007,36007,14766,15995
4465,0,1499,11999,11999,11009,17686
4466,0,3512,14012,14012,37747,13344
4467,0,21986,38840,38840,14566,15763
4468,0,8844,19344,19344,16653,20294
4469,1,8362,18862,38449,18862,20605
4470,0,6828,17328,17328,10935,36085
4471,0,7130,17630,17630,12570,37106
4472,0,22244,36383,36383,38362,37474
4473,0,9192,19692,19692,13289,18546
4474,0,4085,14585,14585,13820,37267
4475,5,242,10742,34887,13228,13193
4476,0,24303,36706,36706,14082,16016
4477,0,1644,12144,12144,20509,13459
4478,0,7371,17871,17871,19601,14054
4479,0,24484,34821,34821,35945,16617
4480,0,5594,16094,16094,15654,36750
4481,0,21820,35196,35196,11292,11859
4482,0,10272,20772,20772,20810,16619
4483,0,5231,15731,15731,17686,20377
4484,0,2076,12576,12576,36433,15556
4485,0,4103,14603,14603,20828,15773
4486,0,7493,17993,17993,14827,16726
4487,0,5968,16468,16468,38841,12506
4488,0,21703,36485,36485,17888,35594
4489,0,24417,35792,35792,17873,15899
4490,0,3966,14466,14466,35244,34653
4491,0,23621,36150,36150,38169,37821
4492,0,21942,38643,38643,16144,37699
4493,0,23593,38030,38030,36084,13154
4494,0,6754,17254,17254,13544,20617
4495,0,9948,20448,20448,16882,20389
4496,0,24490,37727,37727,36059,11434
4497,0,22968,36426,36426,18576,14783
4498,0,4078,14578,14578,18562,12938
4499,0,7754,18254,18254,19406,15935
4500,0,8832,19332,19332,13125,17285
4501,0,2778,13278,13278,12537,20957
4502,0,4603,15103,15103,35396,17660
4503,0,4932,15432,15432,10528,11076
4504,0,1985,12485,12485,12367,37994
4505,0,3861,14361,14361,14150,20356
4506,0,7774,18274,18274,16369,14456
4507,0,325,10825,10825,20638,20978
4508,0,23532,38617,38617,20302,18416
4509,0,6394,16894,16894,20119,37420
4510,0,22867,35190,35190,11376,35721
4511,0,4054,14554,14554,38456,38717
4512,0,2237,12737,12737,36495,13487
4513,0,5229,15729,15729,34498,20297
4514,0,4571,15071,15071,18100,18609
4515,0,8976,19476,19476,14521,36275
4516,0,7454,17954,17954,37825,11798
4517,0,1268,11768,11768,12196,38008
4518,0,864,11364,11364,38562,16776
4519,0,4942,15442,15442,10842,13124
4520,0,2253,12753,12753,20719,20930
4521,0,6010,16510,16510,38208,15991
4522,0,6911,17411,17411,34746,17056
4523,0,9815,20315,20315,16329,11278
4524,0,6998,17498,17498,37460,12932
4525,0,371,10871,10871,36142,13009
4526,0,24639,34692,34692,12513,34594
4527,0,7940,18440,18440,16859,20012
4528,0,609,11109,11109,16242,13554
4529,0,4651,15151,15151,20711,19282
4530,0,23930,36501,36501,10616,19718
4531,0,8872,19372,19372,13562,36833
4532,0,24023,35648,35648,12449,15687
4533,0,24440,38434,38434,38746,19782
4534,0,25224,35471,35471,13445,36988
4535,0,2364,12864,12864,19227,15810
4536,0,7766,18266,18266,13301,17597
4537,0,7148,17648,17648,10521,14474
4538,0,3789,14289,14289,12827,12257
4539,0,22443,34897,34897,34601,34468
4540,0,5581,16081,16081,35905,11895
4541,0,9239,19739,19739,37696,36041
4542,0,5060,15560,15560,19176,12543
4543,0,24884,38669,38669,13081,20733
4544,0,21324,37160,37160,16260,19201
4545,0,8671,19171,19171,11141,18179
4546,0,662,11162,11162,36744,17962
4547,0,24999,36900,36900,14400,10618
4548,0,10172,20672,20672,16670,20073
4549,0,2776,13276,13276,11734,38137
4550,0,4535,15035,15035,35674,38684
4551,0,7189,17689,17689,36566,37577
4552,0,9720,20220,20220,20470,13894
4553,0,5573,16073,16073,37902,12653
4554,0,6135,16635,16635,36261,14131
4555,0,4427,14927,14927,34957,19705
4556,0,5247,15747,15747,13673,38749
4557,0,10392,20892,20892,35413,19049
4558,0,3981,14481,14481,14018,12836
4559,0,7825,18325,18325,20064,19218
4560,0,2669,13169,13169,34778,19914
4561,0,3977,14477,14477,17655,19044
4562,0,279,10779,10779,10794,12324
4563,0,22986,35072,35072,17464,15757
4564,0,8718,19218,19218,20064,18325
4565,0,7452,17952,17952,16171,13725
4566,0,5197,15697,15697,17289,37518
4567,0,22992,37337,37337,16540,17120
4568,0,23332,37935,37935,10937,13845
4569,0,4155,14655,14655,19408,35711
4570,0,24812,35614,35614,17744,14911
4571,0,4883,15383,15383,17797,35028
4572,0,5807,16307,16307,14673,36374
4573,0,3809,14309,14309,14613,13681
4574,0,8713,19213,19213,19918,16186
4575,0,21159,35778,35778,36069,19002
4576,0,4683,15183,15183,10903,36891
4577,0,10194,20694,20694,14167,38693
4578,0,23267,36578,36578,36308,18237
4579,0,25413,37042,37042,19873,19180
4580,0,5593,16093,16093,16370,38484
4581,0,23577,34767,34767,34675,16697
4582,0,6897,17397,17397,13398,13685
4583,0,4563,15063,15063,14094,14563
4584,0,8376,18876,18876,11387,35441
4585,0,9284,19784,19784,10994,18461
4586,0,9434,19934,19934,20840,38073
4587,0,1269,11769,11769,14925,13745
4588,0,2350,12850,12850,10622,16773
4589,0,8745,19245,19245,38762,19786
4590,0,1384,11884,11884,19136,18675
4591,0,9379,19879,19879,17677,36867
4592,0,9036,19536,19536,12488,15647
4593,0,5856,16356,16356,37939,17006
4594,0,297,10797,10797,37999,20805
4595,0,8635,19135,19135,37091,35362
4596,0,25041,37157,37157,11984,34742
4597,0,23921,35559,35559,18184,20079
4598,0,9835,20335,20335,14288,16337
4599,0,2077,12577,12577,37599,20942
4600,0,9377,19877,19877,17548,20384
4601,0,21532,35920,35920,19151,16131
4602,0,2229,12729,12729,12180,15536
4603,0,2842,13342,13342,36191,13368
4604,0,2537,13037,13037,20944,18574
4605,0,194,10694,10694,35506,17319
4606,0,21350,36389,36389,35111,14809
4607,0,7362,17862,17862,15767,15691
4608,0,6636,17136,17136,38504,19618
4609,0,7498,17998,17998,15614,16487
4610,0,21940,34814,34814,14960,20416
4611,0,4042,14542,14542,19203,36036
4612,0,6553,17053,17053,10662,12951
4613,0,5505,16005,16005,18038,13275
4614,0,6854,17354,17354,16757,19073
4615,0,6761,17261,17261,12430,17023
4616,0,5300,15800,15800,10866,17849
4617,0,24092,35529,35529,18875,18953
4618,0,320,10820,10820,13759,38753
4619,0,7135,17635,17635,12841,10520
4620,0,1371,11871,11871,13210,36163
4621,0,24921,38685,38685,36602,19152
4622,0,2654,13154,13154,15986,37306
4623,0,9099,19599,19599,36520,15174
4624,0,25373,35800,35800,13612,12777
4625,0,3398,13898,13898,11600,13597
4626,0,8532,19032,19032,16912,17150
4627,0,9593,20093,20093,12140,19925
4628,0,22821,35224,35224,20083,19924
4629,0,22084,36997,36997,20447,12256
4630,1,24828,36549,37227,36549,18219
4631,0,926,11426,11426,20032,18075
4632,0,244,10744,10744,37843,35771
4633,0,7469,17969,17969,19862,16203
4634,0,8207,18707,18707,11656,34487
4635,0,143,10643,10643,12309,13265
4636,0,5983,16483,16483,35073,17196
4637,0,8151,18651,18651,38431,15116
4638,0,2363,12863,12863,38542,13371
4639,0,21229,34930,34930,18031,17375
4640,0,129,10629,10629,36791,38883
4641,0,1161,11661,11661,35101,15101
4642,0,10398,20898,20898,16242,11109
4643,0,25140,38653,38653,17908,14775
4644,0,5953,16453,16453,14502,37965
4645,0,287,10787,10787,12616,18333
4646,0,9380,19880,19880,17107,14835
4647,0,5308,15808,15808,13644,19672
4648,0,8681,19181,19181,20101,10540
4649,0,1170,11670,11670,12881,34699
4650,0,24455,36996,36996,38135,12713
4651,0,9191,19691,19691,16963,13832
4652,0,6792,17292,17292,13700,15092
4653,0,25004,38063,38063,17810,20415
4654,0,1859,12359,12359,14347,17355
4655,0,24539,34650,34650,13319,36976
4656,0,9910,20410,20410,17765,17839
4657,0,6781,17281,17281,12275,12163
4658,0,21877,35055,35055,10653,17632
4659,0,23611,37087,37087,37315,20983
4660,0,3121,13621,13621,13821,12147
4661,0,8579,19079,19079,12308,34546
4662,0,1311,11811,11811,11572,16874
4663,0,1032,11532,11532,14762,19548
4664,0,8339,18839,18839,15191,13581
4665,0,10012,20512,20512,35041,14588
4666,0,6382,16882,16882,20448,12228
4667,0,7910,18410,18410,11968,13651
4668,0,931,11431,11431,10679,15992
4669,0,691,11191,11191,13900,18102
4670,0,22680,36867,36867,36269,15789
4671,0,6364,16864,16864,13635,15650
4672,0,1909,12409,12409,34695,34696
4673,0,9021,19521,19521,15441,11325
4674,0,23886,37335,37335,14890,13564
4675,0,24449,38136,38136,20631,14164
4676,0,44,10544,10544,37698,15256
4677,0,3939,14439,14439,34631,13148
4678,0,23893,38510,38510,14621,34656
4679,0,7108,17608,17608,12326,19212
4680,0,9241,19741,19741,38957,16479
4681,0,4319,14819,14819,12059,19238
4682,0,2965,13465,13465,17046,18018
4683,0,3969,14469,14469,17282,15807
4684,0,21023,38829,38829,35135,34519
4685,0,22958,36158,36158,15219,38066
4686,0,22357,36869,36869,13181,20764
4687,0,7478,17978,17978,17037,12002
4688,0,6308,16808,16808,11640,18450
4689,0,4159,14659,14659,20640,19113
4690,0,3092,13592,13592,16740,37279
4691,0,23401,37755,37755,36596,35109
4692,0,7954,18454,18454,36459,11575
4693,0,5555,16055,16055,35566,19940
4694,0,3982,14482,14482,35311,18932
4695,0,9929,20429,20429,16324,19655
4696,0,6940,17440,17440,18524,15949
4697,0,1404,11904,11904,20974,34518
4698,0,3195,13695,13695,14501,15075
4699,0,25442,37585,37585,14424,20018
4700,0,22620,35295,35295,34563,37060
4701,0,9746,20246,20246,12921,18038
4702,0,969,11469,11469,11976,16949
4703,0,24367,36119,36119,16817,19626
4704,0,6543,17043,17043,12366,15545
4705,0,9117,19617,19617,35886,16332
4706,0,2843,13343,13343,36065,17932
4707,0,2851,13351,13351,16979,15617
4708,0,23085,36304,36304,14710,11648
4709,0,24095,36722,36722,17258,35041
4710,0,5956,16456,16456,34833,34604
4711,0,24299,34569,34569,13472,20459
4712,0,21058,35916,35916,12666,12896
4713,0,4471,14971,14971,18765,37867
4714,0,10133,20633,20633,12349,37993
4715,0,23534,35991,35991,38629,18192
4716,0,1789,12289,12289,10720,13193
4717,0,21627,36362,36362,16061,36656
4718,0,2059,12559,12559,18330,20111
4719,0,7143,17643,17643,16109,36390
4720,0,9362,19862,19862,17969,17244
4721,0,1902,12402,12402,35216,12582
4722,0,4686,15186,15186,16704,34914
4723,0,10143,20643,20643,35005,34518
4724,0,8090,18590,18590,19851,19264
4725,0,4922,15422,15422,16567,11429
4726,0,6785,17285,17285,20903,19332
4727,0,22213,37301,37301,13671,20627
4728,0,75,10575,10575,11259,38347
4729,0,2345,12845,12845,10675,18755
4730,0,6447,16947,16947,17173,15593
4731,0,8430,18930,18930,35898,11840
4732,0,8622,19122,19122,17801,36211
4733,0,4586,15086,15086,35797,18049
4734,0,23927,38400,38400,18296,11624
4735,0,9656,20156,20156,15349,38584
4736,0,9341,19841,19841,11278,11854
4737,0,23564,36576,36576,38167,34744
4738,0,1553,12053,12053,34838,16259
4739,0,5874,16374,16374,16122,36905
4740,0,8432,18932,18932,14482,35311
4741,0,8975,19475,19475,37176,35331
4742,0,23049,38504,38504,16007,14968
4743,0,24229,38594,38594,38810,38702
4744,0,9169,19669,19669,14223,16264
4745,0,21156,35164,35164,17767,19883
4746,0,5695,16195,16195,37426,17520
4747,0,2941,13441,13441,11695,16641
4748,0,9975,20475,20475,11308,12528
4749,0,10010,20510,20510,20294,14799
4750,0,7381,17881,17881,16021,20209
4751,0,25369,36037,36037,10632,36763
4752,0,1620,12120,12120,11450,14968
4753,0,21626,38947,38947,38188,34951
4754,0,7905,18405,18405,13536,20466
4755,0,24212,34513,34513,20197,37817
4756,0,23492,37113,37113,13501,19430
4757,0,6782,17282,17282,14469,19323
4758,0,25352,36206,36206,13741,17231
4759,0,23722,37129,37129,16389,20045
4760,0,21169,37266,37266,11923,12869
4761,0,1609,12109,12109,12202,18719
4762,0,3096,13596,13596,13444,18407
4763,0,2415,12915,12915,37803,17851
4764,0,22549,34922,34922,37591,13764
4765,0,2017,12517,12517,37573,37692
4766,0,2971,13471,13471,20953,16459
4767,0,24290,38663,38663,10711,36542
4768,0,3246,13746,13746,37337,11984
4769,0,124,10624,10624,38005,38815
4770,0,1106,11606,11606,12148,35281
4771,0,1814,12314,12314,37415,34481
4772,0,24955,38076,38076,20582,37333
4773,0,24049,37702,37702,36346,11248
4774,0,8790,19290,19290,11303,19033
4775,0,2123,12623,12623,17906,34765
4776,0,22168,38048,38048,13144,13290
4777,0,25274,36885,36885,37639,20062
4778,0,22585,34675,34675,17391,34767
4779,0,8970,19470,19470,12989,36787
4780,0,21755,38460,38460,15994,13697
4781,0,2197,12697,12697,12838,35767
4782,0,4051,14551,14551,18727,36877
4783,0,1216,11716,11716,11880,38505
4784,0,7701,18201,18201,16417,38020
4785,0,725,11225,11225,34766,19758
4786,0,9170,19670,19670,10890,35562
4787,0,808,11308,11308,20475,12528
4788,0,22290,35184,35184,36928,15397
4789,0,10438,20938,20938,37322,20390
4790,0,4906,15406,15406,13942,16526
4791,0,23910,37839,37839,20679,18747
4792,0,21098,37517,37517,17619,15997
4793,0,3962,14462,14462,16205,11223
4794,0,23969,36342,36342,36034,11864
4795,0,2671,13171,13171,19909,15447
4796,0,9530,20030,20030,11790,34953
4797,0,1764,12264,12264,18415,19799
4798,0,22217,34671,34671,34518,35481
4799,0,607,11107,11107,15553,37257
4800,0,9438,19938,19938,36407,11796
4801,0,9709,20209,20209,10970,36520
4802,0,3217,13717,13717,12807,34965
4803,0,5737,16237,16237,12610,35274
4804,0,8479,18979,18979,34576,18408
4805,0,2053,12553,12553,19682,20978
4806,0,3164,13664,13664,13431,18405
4807,0,22057,34468,34468,34897,13801
4808,0,22988,38089,38089,11125,14998
4809,0,21743,38748,38748,11422,16158
4810,0,1657,12157,12157,15628,13847
4811,0,8069,18569,18569,18829,37885
4812,0,8644,19144,19144,16443,12615
4813,0,2710,13210,13210,11871,36163
4814,0,21678,37708,37708,19583,37724
4815,0,7549,18049,18049,37466,15086
4816,0,4266,14766,14766,36007,15995
4817,0,6715,17215,17215,36863,15234
4818,0,422,10922,10922,12336,34573
4819,0,5316,15816,15816,12651,15812
4820,0,8849,19349,19349,38869,36993
4821,0,2845,13345,13345,11025,20372
4822,0,4066,14566,14566,38840,11050
4823,0,21963,37169,37169,36581,16222
4824,0,5244,15744,15744,16399,16597
4825,1,1001,11501,38929,11501,18161
4826,0,4198,14698,14698,35058,37853
4827,0,2418,12918,12918,11266,19702
4828,0,24616,35667,35667,14264,15715
4829,0,3575,14075,14075,34525,37336
4830,0,6726,17226,17226,15321,14992
4831,0,3847,14347,14347,19284,12359
4832,0,961,11461,11461,37361,14940
4833,0,9621,20121,20121,12773,11335
4834,0,10439,20939,20939,19415,16846
4835,0,22355,38844,38844,13203,15822
4836,0,757,11257,11257,11172,20815
4837,0,5313,15813,15813,12533,13959
4838,0,2284,12784,12784,37371,15180
4839,0,23239,38184,38184,36025,16612
4840,0,4827,15327,15327,14004,13958
4841,0,25290,37239,37239,38724,11909
4842,0,807,11307,11307,10872,35745
4843,0,3907,14407,14407,35141,37238
4844,0,7023,17523,17523,37032,12637
4845,0,1956,12456,12456,12413,11501
4846,0,9343,19843,19843,17854,36495
4847,0,10259,20759,20759,13675,20230
4848,0,24082,36177,36177,19625,35175
4849,0,2402,12902,12902,20294,11520
4850,0,24357,34732,34732,11391,34987
4851,0,1073,11573,11573,11006,37262
4852,0,6524,17024,17024,15693,13784
4853,1,21875,36714,12934,36714,10557
4854,0,21400,38951,38951,37994,14727
4855,0,8095,18595,18595,34716,34672
4856,2,23230,35124,37318,13405,35124
4857,0,25111,36533,36533,17009,35596
4858,0,24094,35162,35162,17878,20400
4859,0,21695,35926,35926,19391,34786
4860,0,1003,11503,11503,15147,38075
4861,0,7658,18158,18158,17890,38635
4862,0,23702,37613,37613,38691,19949
4863,0,7566,18066,18066,36297,10665
4864,0,23629,37811,37811,38937,13079
4865,0,5368,15868,15868,35809,35157
4866,1,22004,36062,16906,36062,20352
4867,0,6289,16789,16789,36684,35836
4868,0,9970,20470,20470,20220,16331
4869,0,24986,38456,38456,14554,20948
4870,0,21538,36984,36984,12836,35756
4871,0,985,11485,11485,17288,20010
4872,0,22930,34722,34722,15559,13453
4873,0,6169,16669,16669,20552,16495
4874,0,23905,35429,35429,12422,19424
4875,0,7384,17884,17884,36115,20919
4876,0,23066,34903,34903,18413,15595
4877,0,25091,37662,37662,20925,35380
4878,0,9726,20226,20226,35617,19752
4879,0,24131,38013,38013,15852,12699
4880,0,2462,12962,12962,37032,17523
4881,0,268,10768,10768,14490,19416
4882,0,7962,18462,18462,10663,16517
4883,0,3580,14080,14080,35052,17628
4884,0,71,10571,10571,36322,35820
4885,0,22273,36134,36134,38925,18976
4886,0,21409,38253,38253,11711,36603
4887,0,2821,13321,13321,35881,11904
4888,0,25289,37418,37418,37814,19862
4889,0,589,11089,11089,13241,16836
4890,0,10467,20967,20967,10831,11081
4891,0,9871,20371,20371,34873,14626
4892,0,22255,35014,35014,20705,38467
4893,0,24230,38945,38945,14970,38885
4894,0,23894,34779,34779,18540,14892
4895,0,3758,14258,14258,37205,36108
4896,0,6845,17345,17345,18202,17279
4897,0,2028,12528,12528,11308,20475
4898,0,8869,19369,19369,35844,36451
4899,0,22749,36200,36200,36688,17357
4900,0,5454,15954,15954,18193,15154
4901,0,9906,20406,20406,11707,18005
4902,0,21873,35629,35629,36866,12056
4903,0,9830,20330,20330,12347,37271
4904,0,21126,37944,37944,38815,11213
4905,0,2432,12932,12932,37460,17498
4906,0,4647,15147,15147,38075,11503
4907,0,8469,18969,18969,12414,15957
4908,0,25056,37183,37183,18175,11685
4909,0,896,11396,11396,20372,20612
4910,0,24900,36293,36293,14091,35208
4911,0,1587,12087,12087,34693,19423
4912,0,6686,17186,17186,38470,15877
4913,0,1719,12219,12219,16165,19077
4914,0,6100,16600,16600,13529,19008
4915,0,3806,14306,14306,16879,36709
4916,32,8806,19306,37729,16855,11596
4917,0,21759,35461,35461,19587,18783
4918,0,3961,14461,14461,18662,16165
4919,0,22678,38210,38210,12486,19541
4920,0,7036,17536,17536,20363,35941
4921,0,22198,38668,38668,18525,12741
4922,0,890,11390,11390,18967,19364
4923,0,25135,37478,37478,36911,18566
4924,0,4006,14506,14506,36032,16908
4925,0,4939,15439,15439,37283,15331
4926,0,21651,38162,38162,37812,35090
4927,1,9713,20213,18063,20213,38174
4928,0,5898,16398,16398,11365,37747
4929,0,23152,37384,37384,36549,12681
4930,0,23163,35922,35922,17279,37028
4931,0,23278,35264,35264,18206,12202
4932,0,584,11084,11084,13333,11974
4933,0,3932,14432,14432,36892,18315
4934,0,1260,11760,11760,20516,13051
4935,0,10456,20956,20956,35363,35162
4936,0,310,10810,10810,11627,20602
4937,0,1716,12216,12216,12792,10923
4938,0,6009,16509,16509,11463,17937
4939,0,2052,12552,12552,15927,36853
4940,0,23104,34548,34548,15706,18470
4941,0,4668,15168,15168,19544,36948
4942,0,4298,14798,14798,12766,16978
4943,0,6646,17146,17146,14865,15642
4944,0,3783,14283,14283,18468,19651
4945,1,1008,11508,38745,11508,38123
4946,0,7347,17847,17847,36646,18631
4947,0,23061,36463,36463,14390,18075
4948,0,22741,38017,38017,34983,17316
4949,0,8383,18883,18883,15632,14200
4950,0,22321,35051,35051,14392,38317
4951,0,4059,14559,14559,14057,14902
4952,0,8721,19221,19221,19512,34717
4953,0,90,10590,10590,11739,19970
4954,0,1987,12487,12487,11237,17140
4955,0,22582,36566,36566,17689,20309
4956,0,24759,38126,38126,11720,15704
4957,0,7279,17779,17779,14957,20853
4958,0,23693,35993,35993,13052,11938
4959,0,23531,34810,34810,13735,11422
4960,0,24466,36977,36977,10505,38769
4961,0,22438,38199,38199,19574,19542
4962,0,21196,36975,36975,15566,12805
4963,0,23944,36864,36864,13739,38873
4964,0,2925,13425,13425,20915,37815
4965,0,9981,20481,20481,16871,18258
4966,0,8185,18685,18685,35551,17347
4967,0,5884,16384,16384,17372,36936
4968,0,2341,12841,12841,17635,37225
4969,0,24681,36998,36998,36284,34934
4970,0,23151,34609,34609,34610,36208
4971,0,627,11127,11127,15315,13566
4972,0,10065,20565,20565,13325,13553
4973,0,7545,18045,18045,20265,35239
4974,0,21720,35994,35994,12032,19569
4975,1,4765,15265,38737,15265,38489
4976,0,21439,38368,38368,17218,38362
4977,0,22239,36617,36617,16392,11284
4978,0,128,10628,10628,18866,38152
4979,0,21693,37253,37253,19273,38242
4980,0,10411,20911,20911,38394,10522
4981,0,4182,14682,14682,35740,17315
4982,0,7299,17799,17799,10986,37377
4983,0,6995,17495,17495,36740,19211
4984,0,2398,12898,12898,35381,16126
4985,0,25109,37391,37391,16977,36710
4986,0,1186,11686,11686,35987,14735
4987,0,23652,35763,35763,18251,36176
4988,0,25228,38535,38535,13642,10956
4989,0,5314,15814,15814,36597,20738
4990,0,9220,19720,19720,20294,13758
4991,0,4247,14747,14747,12476,14187
4992,0,25073,38289,38289,38290,18459
4993,0,9107,19607,19607,18046,35095
4994,4,1096,11596,37312,36202,37729
4995,0,6653,17153,17153,12855,13461
4996,0,1273,11773,11773,14870,38888
4997,0,5698,16198,16198,11417,20214
4998,0,24204,37939,37939,16356,10994
4999,0,8728,19228,19228,14612,36365
5000,1,6797,17297,12773,17297,18453
5001,0,6615,17115,17115,15082,17814
5002,0,3358,13858,13858,10529,19281
5003,0,7755,18255,18255,19905,13720
5004,0,183,10683,10683,19642,12039
5005,0,21917,35806,35806,14440,13449
5006,0,23598,35275,35275,17795,18126
5007,0,6513,17013,17013,20602,35943
5008,0,4567,15067,15067,11212,37279
5009,0,6603,17103,17103,16972,11056
5010,0,22342,36394,36394,10824,14159
5011,0,1961,12461,12461,38359,38306
5012,0,4992,15492,15492,19442,34751
5013,0,4891,15391,15391,13896,10848
5014,0,8039,18539,18539,38407,11047
5015,0,5869,16369,16369,14582,36980
5016,0,23842,38187,38187,19346,17262
5017,0,6226,16726,16726,11039,14827
5018,0,21096,35225,35225,15029,14818
5019,0,23851,34570,34570,35191,10733
5020,0,1251,11751,11751,13991,37615
5021,0,3176,13676,13676,36529,38595
5022,0,3359,13859,13859,19598,15225
5023,0,10305,20805,20805,15961,10797
5024,0,9624,20124,20124,15715,18322
5025,0,23086,35560,35560,11019,11154
5026,0,21210,37453,37453,17522,11967
5027,0,7411,17911,17911,37608,17288
5028,0,7538,18038,18038,16005,20246
5029,0,1051,11551,11551,15502,12226
5030,0,9221,19721,19721,12501,17465
5031,0,8464,18964,18964,12202,14516
5032,0,4763,15263,15263,37798,11966
5033,0,22146,38785,38785,17625,14802
5034,0,1874,12374,12374,37079,20119
5035,0,9278,19778,19778,37298,36359
5036,0,7282,17782,17782,15690,16255
5037,0,9008,19508,19508,13680,15505
5038,0,24322,35372,35372,12353,18716
5039,0,4322,14822,14822,12809,13101
5040,0,9448,19948,19948,37144,13179
5041,0,5831,16331,16331,17757,13403
5042,0,25138,36780,36780,11017,10880
5043,0,10098,20598,20598,36710,17150
5044,0,9730,20230,20230,35828,13118
5045,0,23612,37105,37105,13534,11347
5046,0,21849,35619,35619,19569,19210
5047,0,4485,14985,14985,18122,34955
5048,0,8615,19115,19115,13190,17931
5049,0,3924,14424,14424,37585,16966
5050,0,22200,38179,38179,20212,34483
5051,0,9563,20063,20063,13274,17020
5052,0,24373,35025,35025,35440,37121
5053,0,7850,18350,18350,18318,18688
5054,0,21682,36069,36069,37028,35778
5055,0,3113,13613,13613,36955,34549
5056,0,3303,13803,13803,38627,15735
5057,0,9536,20036,20036,12153,10702
5058,0,1690,12190,12190,14231,38047
5059,0,9634,20134,20134,13920,11752
5060,0,5048,15548,15548,18654,16709
5061,0,10097,20597,20597,38277,18317
5062,0,3308,13808,13808,16415,12275
5063,0,1504,12004,12004,10932,17534
5064,0,1806,12306,12306,13486,37233
5065,0,3871,14371,14371,11879,16990
5066,0,9967,20467,20467,15095,11192
5067,0,3791,14291,14291,37441,13832
5068,0,24370,38245,38245,18402,11283
5069,0,24561,35552,35552,11455,20357
5070,0,23076,35475,35475,20552,35030
5071,1,1717,12217,17621,12217,14301
5072,0,2696,13196,13196,19066,13347
5073,0,1848,12348,12348,37839,12177
5074,0,4512,15012,15012,10945,36552
5075,0,23045,35093,35093,20882,18283
5076,0,6622,17122,17122,20816,37980
5077,0,3435,13935,13935,16017,13749
5078,0,10151,20651,20651,18690,13843
5079,0,142,10642,10642,19577,34711
5080,0,23908,34462,34462,12057,16878
5081,0,6992,17492,17492,12345,37947
5082,0,21168,37342,37342,18019,17730
5083,0,9878,20378,20378,16616,12753
5084,0,1117,11617,11617,37643,13552
5085,0,1756,12256,12256,11179,37981
5086,0,497,10997,10997,18818,35274
5087,0,6751,17251,17251,16224,15117
5088,0,870,11370,11370,11765,37110
5089,0,3357,13857,13857,35710,13528
5090,0,9104,19604,19604,36000,14275
5091,0,7678,18178,18178,14736,15815
5092,0,721,11221,11221,10832,17812
5093,0,886,11386,11386,19773,36063
5094,0,22714,38364,38364,36027,14137
5095,0,21860,34948,34948,15966,17411
5096,0,24057,36411,36411,36954,16667
5097,0,8347,18847,18847,20520,17928
5098,0,8102,18602,18602,19728,13478
5099,0,21753,37002,37002,13826,14805
5100,0,24630,35934,35934,20636,18934
5101,0,314,10814,10814,11794,12425
5102,0,25478,38956,38956,17208,13086
5103,0,24333,38696,38696,15325,35866
5104,0,4204,14704,14704,14133,36954
5105,0,5850,16350,16350,38011,14876
5106,0,6129,16629,16629,35339,36051
5107,1,5447,15947,13819,15947,15310
5108,0,3129,13629,13629,11814,37379
5109,0,1996,12496,12496,18071,17684
5110,0,24929,35077,35077,19718,10616
5111,0,3968,14468,14468,14174,13010
5112,0,22015,35801,35801,16405,20508
5113,0,336,10836,10836,15707,35946
5114,0,25412,35802,35802,14209,12174
5115,0,22541,36514,36514,16099,35387
5116,0,10384,20884,20884,14350,36430
5117,0,2985,13485,13485,17576,14429
5118,0,4620,15120,15120,14550,36197
5119,0,6531,17031,17031,13350,18587
5120,0,9857,20357,20357,11455,36454
5121,0,3558,14058,14058,37691,16976
5122,0,21957,37635,37635,36902,19710
5123,0,3416,13916,13916,17219,18705
5124,0,307,10807,10807,13728,18393
5125,0,22145,38852,38852,10577,19582
5126,0,24072,35330,35330,14890,37335
5127,0,348,10848,10848,13889,17557
5128,0,5918,16418,16418,13906,15848
5129,0,23155,37140,37140,10823,11936
5130,0,7243,17743,17743,19476,19902
5131,0,22848,38219,38219,12822,11429
5132,0,4482,14982,14982,34674,36244
5133,0,9421,19921,19921,19907,13383
5134,0,8263,18763,18763,17248,16944
5135,0,23464,35462,35462,16331,15463
5136,0,6855,17355,17355,12359,11007
5137,0,23477,36856,36856,36857,16125
5138,0,23026,34678,34678,36299,17058
5139,0,24385,36171,36171,14831,18015
5140,0,21038,34746,34746,17411,17056
5141,0,1666,12166,12166,19863,35445
5142,0,7579,18079,18079,13494,10848
5143,0,5570,16070,16070,18665,36458
5144,0,52,10552,10552,37763,17827
5145,0,9965,20465,20465,20132,10731
5146,0,6263,16763,16763,37369,38350
5147,0,1445,11945,11945,16475,14669
5148,0,9843,20343,20343,13287,13353
5149,1,10184,20684,13182,20684,18074
5150,0,1695,12195,12195,20600,20852
5151,0,1574,12074,12074,10933,37237
5152,0,24056,35065,35065,13329,16235
5153,0,4405,14905,14905,17340,13826
5154,0,1630,12130,12130,15364,19564
5155,0,22707,37694,37694,12868,35653
5156,0,1881,12381,12381,37944,35453
5157,0,5074,15574,15574,15918,15894
5158,0,5509,16009,16009,38204,15334
5159,0,24590,37200,37200,18567,19093
5160,0,21064,34496,34496,34679,11270
5161,0,9040,19540,19540,12100,18781
5162,0,22868,34606,34606,13672,15030
5163,0,23200,36841,36841,12146,11102
5164,0,186,10686,10686,15870,37781
5165,0,5558,16058,16058,17922,10557
5166,0,7185,17685,17685,38077,18023
5167,1,23777,37833,20266,37833,11980
5168,0,23309,35469,35469,16214,18397
5169,0,6587,17087,17087,38757,16981
5170,0,1234,11734,11734,13276,19773
5171,0,10479,20979,20979,37888,37119
5172,0,3915,14415,14415,38801,12175
5173,0,446,10946,10946,10645,18348
5174,0,844,11344,11344,15136,37461
5175,0,5201,15701,15701,20826,35550
5176,0,22486,37328,37328,36342,19977
5177,0,24540,35514,35514,14821,20746
5178,0,2440,12940,12940,11047,15968
5179,0,3103,13603,13603,15692,16929
5180,0,7692,18192,18192,35991,38629
5181,0,4774,15274,15274,17446,19048
5182,0,6974,17474,17474,37681,35797
5183,0,6094,16594,16594,35458,20211
5184,0,9486,19986,19986,36536,35582
5185,0,2153,12653,12653,11887,16073
5186,0,5518,16018,16018,13075,15737
5187,0,22060,35968,35968,12054,13378
5188,0,5067,15567,15567,12632,10824
5189,0,24784,36614,36614,10971,35112
5190,0,23931,35506,35506,18646,10694
5191,0,21652,36446,36446,13742,38500
5192,0,776,11276,11276,36861,14449
5193,0,8417,18917,18917,11549,36267
5194,0,22909,37904,37904,19075,13060
5195,0,6324,16824,16824,38085,11790
5196,0,4920,15420,15420,11806,35305
5197,0,24201,37012,37012,38855,36253
5198,0,9182,19682,19682,35176,18875
5199,0,24144,38208,38208,16510,15991
5200,0,23093,35300,35300,14636,13636
5201,0,3136,13636,13636,19815,34877
5202,0,22065,36587,36587,11139,12069
5203,0,5462,15962,15962,13740,18699
5204,0,3183,13683,13683,19196,11101
5205,0,23642,37005,37005,37962,15505
5206,0,7522,18022,18022,20167,18769
5207,0,23872,35860,35860,34977,20145
5208,0,3199,13699,13699,35720,20311
5209,0,24393,35301,35301,37032,12340
5210,0,1289,11789,11789,13165,20970
5211,0,24821,38236,38236,11661,15856
5212,0,23638,38279,38279,11118,38446
5213,0,24349,36676,36676,18974,15081
5214,0,7542,18042,18042,19002,12328
5215,0,1879,12379,12379,19253,12315
5216,0,22170,37921,37921,16762,38417
5217,0,10003,20503,20503,17475,37669
5218,0,5457,15957,15957,36416,15111
5219,0,2148,12648,12648,16043,11787
5220,0,4131,14631,14631,13060,19476
5221,0,1036,11536,11536,18610,16129
5222,0,8828,19328,19328,17517,20214
5223,0,24779,38255,38255,15703,13719
5224,0,4134,14634,14634,34830,20468
5225,0,649,11149,11149,17284,12658
5226,0,9275,19775,19775,20832,38164
5227,0,6711,17211,17211,20149,17842
5228,0,861,11361,11361,35219,37695
5229,0,9095,19595,19595,38374,11564
5230,0,191,10691,10691,18225,36745
5231,0,8301,18801,18801,19815,20982
5232,0,6026,16526,16526,10709,12252
5233,0,1942,12442,12442,36732,11290
5234,0,4331,14831,14831,14760,19677
5235,0,25047,38351,38351,36466,38952
5236,0,8775,19275,19275,15212,13622
5237,0,7972,18472,18472,11100,14081
5238,0,24989,35554,35554,36229,16752
5239,1,21734,38059,14687,38059,11330
5240,0,25168,35074,35074,12259,37659
5241,0,2775,13275,13275,19846,20203
5242,0,4145,14645,14645,18525,12741
5243,0,22697,36866,36866,12056,35629
5244,0,2617,13117,13117,14035,19702
5245,0,2411,12911,12911,20490,11825
5246,0,1094,11594,11594,16391,11239
5247,0,6065,16565,16565,36872,20411
5248,0,1546,12046,12046,37394,20209
5249,0,4589,15089,15089,16751,17777
5250,0,6034,16534,16534,13539,17082
5251,0,10154,20654,20654,37391,17194
5252,0,6953,17453,17453,35514,19943
5253,0,3135,13635,13635,18070,14983
5254,0,3856,14356,14356,16486,12438
5255,0,21007,37791,37791,35786,10735
5256,0,6419,16919,16919,34600,34708
5257,0,3805,14305,14305,37316,14268
5258,0,22572,37034,37034,12491,19068
5259,0,9919,20419,20419,16698,36342
5260,0,7431,17931,17931,12505,19115
5261,0,6774,17274,17274,17356,19355
5262,0,21339,37136,37136,14678,10737
5263,0,464,10964,10964,15503,37584
5264,0,1257,11757,11757,18179,19171
5265,0,2259,12759,12759,34738,20274
5266,2,5630,16130,38555,19524,16130
5267,0,24529,38492,38492,19849,19476
5268,0,6231,16731,16731,10506,15643
5269,0,7382,17882,17882,38318,16978
5270,0,21454,35047,35047,20675,34864
5271,0,25028,36330,36330,20110,36756
5272,0,1262,11762,11762,12705,35528
5273,0,21500,37466,37466,18049,38057
5274,0,7212,17712,17712,38718,15661
5275,0,975,11475,11475,35929,34735
5276,0,21905,34682,34682,34681,15641
5277,0,5866,16366,16366,14806,15649
5278,1,9133,19633,37674,19633,17255
5279,0,6582,17082,17082,13539,16534
5280,7,2387,12887,16790,14533,11088
5281,0,24766,38552,38552,37987,34806
5282,0,5021,15521,15521,12940,15931
5283,0,7129,17629,17629,14805,34665
5284,0,22264,36488,36488,10995,15498
5285,0,3882,14382,14382,17502,17275
5286,0,6055,16555,16555,12237,13182
5287,0,22114,37593,37593,36636,36635
5288,0,21011,34630,34630,11380,15943
5289,0,3875,14375,14375,35465,15430
5290,0,2789,13289,13289,18546,19692
5291,0,9136,19636,19636,15434,11744
5292,0,21270,37291,37291,12161,16849
5293,0,1857,12357,12357,17446,34477
5294,0,21980,36965,36965,37381,13634
5295,0,4108,14608,14608,19855,14704
5296,0,5213,15713,15713,20107,20974
5297,0,8281,18781,18781,19616,13481
5298,0,3255,13755,13755,14449,15055
5299,0,7323,17823,17823,19483,10770
5300,0,2690,13190,13190,18037,19115
5301,0,7389,17889,17889,13355,34587
5302,0,4627,15127,15127,14326,19700
5303,0,24379,35125,35125,12436,12133
5304,0,1319,11819,11819,13347,36114
5305,0,21034,36909,36909,34876,17474
5306,0,23739,38782,38782,36450,18119
5307,0,5162,15662,15662,15659,18722
5308,0,21747,34832,34832,14314,11964
5309,0,10360,20860,20860,36087,15194
5310,0,1135,11635,11635,35133,19740
5311,0,4529,15029,15029,35225,14818
5312,0,3505,14005,14005,12565,20035
5313,0,4749,15249,15249,14299,16836
5314,0,7086,17586,17586,20886,36373
5315,0,9947,20447,20447,36997,12256
5316,0,23444,38764,38764,18735,11276
5317,0,6336,16836,16836,38404,13241
5318,0,25494,34899,34899,20727,34675
5319,0,6982,17482,17482,15321,12883
5320,0,25242,36726,36726,36117,35907
5321,0,2505,13005,13005,36579,37235
5322,0,2904,13404,13404,15357,15838
5323,1,570,11070,37685,11070,35087
5324,0,1448,11948,11948,16729,34664
5325,0,3414,13914,13914,16839,14011
5326,2,23625,38786,10582,17159,38786
5327,0,22923,34736,34736,35725,17931
5328,0,9290,19790,19790,15756,35962
5329,0,24142,38608,38608,15901,34543
5330,0,6837,17337,17337,36290,38366
5331,0,3226,13726,13726,15723,11424
5332,0,22382,38576,38576,20924,13920
5333,0,4383,14883,14883,38369,11067
5334,0,9229,19729,19729,15408,10982
5335,0,7845,18345,18345,12986,36414
5336,0,3539,14039,14039,19528,12060
5337,0,24996,34546,34546,10729,12308
5338,0,22140,37405,37405,14162,17155
5339,0,2827,13327,13327,14831,17106
5340,0,5780,16280,16280,14120,37047
5341,0,4996,15496,15496,19677,35573
5342,0,1338,11838,11838,15323,11223
5343,0,3262,13762,13762,14984,36812
5344,0,7876,18376,18376,36881,19572
5345,0,22315,34769,34769,14018,16585
5346,0,6838,17338,17338,12082,37851
5347,0,5741,16241,16241,11905,18455
5348,0,650,11150,11150,37700,38519
5349,0,6039,16539,16539,16487,17826
5350,0,2258,12758,12758,16103,37477
5351,0,5395,15895,15895,12272,11965
5352,0,21396,37061,37061,14368,20374
5353,0,7082,17582,17582,38331,17966
5354,0,25165,35602,35602,20737,20123
5355,0,3521,14021,14021,37392,20184
5356,0,24558,38527,38527,10980,37814
5357,0,4478,14978,14978,12606,16958
5358,0,5660,16160,16160,19782,12245
5359,0,22176,37014,37014,36441,36440
5360,0,67,10567,10567,16106,35690
5361,0,21799,38023,38023,11379,37376
5362,0,23539,35836,35836,37772,16789
5363,0,7609,18109,18109,15447,19909
5364,0,1258,11758,11758,18634,17168
5365,0,23735,35923,35923,37859,13369
5366,0,21978,36736,36736,34531,17152
5367,0,991,11491,11491,10501,34862
5368,0,3504,14004,14004,13958,15327
5369,0,8305,18805,18805,34783,20169
5370,0,919,11419,11419,34862,37640
5371,0,165,10665,10665,36297,16161
5372,0,9877,20377,20377,14447,15731
5373,0,22954,36772,36772,16453,38551
5374,0,9141,19641,19641,12285,38863
5375,0,4594,15094,15094,10812,11144
5376,0,24583,36108,36108,14331,14258
5377,0,2850,13350,13350,10753,17031
5378,0,22755,34855,34855,13877,18189
5379,0,21015,38928,38928,34926,12506
5380,0,23297,36130,36130,10522,38063
5381,0,4460,14960,14960,11376,34814
5382,0,22527,38186,38186,37544,34645
5383,0,6623,17123,17123,14428,34630
5384,0,9306,19806,19806,38633,38045
5385,0,22630,36534,36534,11304,10686
5386,0,8490,18990,18990,36095,14345
5387,0,9867,20367,20367,20260,36731
5388,0,2735,13235,13235,12849,16193
5389,0,5669,16169,16169,37168,38079
5390,0,4988,15488,15488,20548,15632
5391,0,23028,37462,37462,37963,38556
5392,0,2378,12878,12878,14821,14219
5393,1,10402,20902,13053,20902,18652
5394,0,4172,14672,14672,34741,11440
5395,0,8092,18592,18592,38622,19421
5396,0,23087,35945,35945,34821,11505
5397,0,2103,12603,12603,16006,12281
5398,0,3759,14259,14259,19489,38951
5399,0,24634,35639,35639,14928,15043
5400,0,1837,12337,12337,20671,19143
5401,0,23260,35990,35990,34963,35521
5402,0,21670,36412,36412,15445,14681
5403,0,24347,36188,36188,14840,35263
5404,0,5710,16210,16210,13000,17515
5405,0,8799,19299,19299,19022,35148
5406,0,4500,15000,15000,20796,38580
5407,0,1093,11593,11593,20433,16849
5408,0,10017,20517,20517,36583,14363
5409,0,6718,17218,17218,16215,38368
5410,0,24899,34720,34720,14368,34493
5411,0,8960,19460,19460,36619,36229
5412,0,160,10660,10660,13456,12259
5413,0,203,10703,10703,20993,18300
5414,0,6483,16983,16983,18296,14880
5415,0,3940,14440,14440,38667,14651
5416,1,21844,38745,11508,38745,38736
5417,0,4933,15433,15433,20133,13831
5418,0,7647,18147,18147,11818,17545
5419,0,1230,11730,11730,35397,19019
5420,0,9166,19666,19666,17271,38933
5421,0,3046,13546,13546,12276,16150
5422,0,7957,18457,18457,16002,37657
5423,0,2915,13415,13415,36590,10964
5424,0,24297,37584,37584,34968,11438
5425,0,4251,14751,14751,11615,37267
5426,0,6111,16611,16611,36024,36293
5427,0,6204,16704,16704,14237,15186
5428,0,2725,13225,13225,18776,11965
5429,0,4290,14790,14790,16994,15015
5430,0,4334,14834,14834,20676,16215
5431,0,383,10883,10883,13663,20855
5432,0,7485,17985,17985,17584,16208
5433,0,4886,15386,15386,12745,34600
5434,0,857,11357,11357,17337,35405
5435,0,370,10870,10870,18093,18769
5436,0,6539,17039,17039,19001,17007
5437,0,2561,13061,13061,20705,18138
5438,0,3801,14301,14301,36819,36820
5439,0,5455,15955,15955,10884,15691
5440,0,10162,20662,20662,19155,34964
5441,0,23994,37817,37817,20197,34513
5442,0,6859,17359,17359,10652,11198
5443,0,10212,20712,20712,15486,18480
5444,0,23123,37271,37271,19376,15671
5445,0,25415,38366,38366,17337,36290
5446,0,5944,16444,16444,34864,10523
5447,0,615,11115,11115,11495,20857
5448,0,2575,13075,13075,16018,19947
5449,0,53,10553,10553,12000,20648
5450,0,24722,37379,37379,13629,15456
5451,0,3340,13840,13840,11393,19969
5452,0,21444,35310,35310,10917,36019
5453,0,9897,20397,20397,18335,34671
5454,0,24575,37557,37557,12607,14718
5455,0,10099,20599,20599,34830,20468
5456,0,10052,20552,20552,16669,37388
5457,0,23115,37766,37766,12556,15847
5458,0,5876,16376,16376,15438,12719
5459,0,10196,20696,20696,19950,16796
5460,0,8995,19495,19495,38909,14999
5461,0,1812,12312,12312,18859,37946
5462,0,990,11490,11490,10843,37986
5463,0,10389,20889,20889,20944,16152
5464,0,22248,36537,36537,19091,16996
5465,0,8411,18911,18911,35568,19319
5466,0,2942,13442,13442,36934,18105
5467,0,9480,19980,19980,19399,13418
5468,0,3163,13663,13663,20855,18172
5469,0,4678,15178,15178,14171,15413
5470,0,2618,13118,13118,36445,36017
5471,0,3612,14112,14112,38401,14919
5472,0,8235,18735,18735,15480,18555
5473,0,7871,18371,18371,11450,15770
5474,1,21816,35942,15507,35942,18927
5475,0,3792,14292,14292,18609,18494
5476,0,9695,20195,20195,36343,20028
5477,0,10130,20630,20630,20930,15227
5478,0,3439,13939,13939,16172,19558
5479,0,1892,12392,12392,34483,37510
5480,3,23428,38423,38404,13573,16836
5481,0,21478,37958,37958,15011,12568
5482,0,5255,15755,15755,35573,11103
5483,0,5167,15667,15667,10940,17838
5484,0,6460,16960,16960,19577,19880
5485,0,1505,12005,12005,13301,19407
5486,0,10355,20855,20855,13663,18172
5487,0,670,11170,11170,12235,34651
5488,0,9471,19971,19971,11055,15358
5489,0,23487,35326,35326,34779,38737
5490,0,897,11397,11397,12865,35331
5491,0,3306,13806,13806,18603,10526
5492,0,8026,18526,18526,12610,38927
5493,0,6239,16739,16739,15066,18679
5494,0,2890,13390,13390,17965,13830
5495,0,6003,16503,16503,19592,19419
5496,0,7739,18239,18239,11271,17405
5497,0,23293,35377,35377,35796,20502
5498,0,24209,35593,35593,16845,19348
5499,0,8397,18897,18897,38692,14806
5500,0,2,10502,10502,38291,34786
5501,0,9961,20461,20461,12068,10687
5502,0,23540,36710,36710,20598,16977
5503,1,6079,16579,20016,16579,15658
5504,0,531,11031,11031,14044,18543
5505,0,25177,36892,36892,20902,14432
5506,0,8181,18681,18681,38371,10532
5507,0,23180,36938,36938,35613,35591
5508,0,6476,16976,16976,16698,35449
5509,0,24648,37344,37344,10620,20648
5510,0,22221,36669,36669,18011,13962
5511,0,8923,19423,19423,38583,12087
5512,0,3406,13906,13906,16418,15848
5513,13,5991,16491,12160,38816,18846
5514,0,6328,16828,16828,12156,11138
5515,0,10374,20874,20874,18755,14854
5516,0,2565,13065,13065,10564,37502
5517,0,2581,13081,13081,38669,20733
5518,0,24314,36730,36730,35888,36729
5519,0,8385,18885,18885,17033,37693
5520,0,2607,13107,13107,13930,35951
5521,0,10484,20984,20984,12403,20307
5522,0,22379,38176,38176,38386,38904
5523,0,9447,19947,19947,17950,14758
5524,0,2104,12604,12604,17929,36342
5525,0,21510,37913,37913,36966,37381
5526,0,23881,34640,34640,16347,20076
5527,0,22006,37690,37690,16171,13602
5528,0,4994,15494,15494,13648,12838
5529,0,23983,35163,35163,12817,18977
5530,0,5057,15557,15557,36369,20451
5531,0,658,11158,11158,34705,10985
5532,0,4434,14934,14934,17199,14291
5533,0,21261,38209,38209,36333,15471
5534,0,3816,14316,14316,11388,18848
5535,0,6773,17273,17273,12858,17660
5536,0,22411,38027,38027,36207,18615
5537,0,9813,20313,20313,13571,20375
5538,0,24351,38108,38108,35929,17804
5539,1,7260,17760,37775,17760,15201
5540,0,3904,14404,14404,12496,17780
5541,0,25055,35170,35170,38445,35171
5542,0,21402,37318,37318,15355,12574
5543,0,9288,19788,19788,20798,35839
5544,0,6811,17311,17311,36002,12402
5545,0,24609,37543,37543,16143,13896
5546,0,9359,19859,19859,38692,15649
5547,0,3700,14200,14200,19740,19673
5548,0,23098,35879,35879,36526,14401
5549,0,1788,12288,12288,35254,16970
5550,0,21836,36695,36695,19295,37785
5551,0,6314,16814,16814,17818,13752
5552,0,3645,14145,14145,35433,17541
5553,0,1776,12276,12276,13546,17090
5554,9,192,10692,15972,19306,38867
5555,0,9012,19512,19512,11776,19221
5556,0,10261,20761,20761,12596,18785
5557,0,24339,36861,36861,11276,12332
5558,0,21051,38312,38312,36618,37618
5559,0,5388,15888,15888,14498,15473
5560,0,10307,20807,20807,19928,18220
5561,0,4951,15451,15451,17556,11089
5562,0,2687,13187,13187,34905,12460
5563,0,4390,14890,14890,35330,37335
5564,0,4927,15427,15427,15847,18065
5565,0,5552,16052,16052,36219,35507
5566,0,22408,38292,38292,11446,15999
5567,0,238,10738,10738,20833,18676
5568,0,24245,37868,37868,38262,20331
5569,0,24083,38489,38489,38737,15265
5570,0,6901,17401,17401,19162,35547
5571,0,23870,34911,34911,16548,18405
5572,0,23362,38824,38824,15306,36676
5573,0,9137,19637,19637,17351,10578
5574,0,22218,36273,36273,37418,16203
5575,0,8640,19140,19140,19706,18980
5576,0,5097,15597,15597,14401,36526
5577,0,21032,34786,34786,19391,18204
5578,0,21025,35133,35133,11635,12538
5579,0,10335,20835,20835,36828,13946
5580,0,3552,14052,14052,13255,35544
5581,0,21494,38915,38915,38789,15346
5582,0,3360,13860,13860,12936,19453
5583,0,8328,18828,18828,19185,17500
5584,1,5628,16128,12217,16128,17621
5585,0,7751,18251,18251,35763,10782
5586,0,5783,16283,16283,37836,17560
5587,0,4507,15007,15007,35002,19150
5588,0,23140,37072,37072,38410,10897
5589,0,146,10646,10646,37782,14167
5590,0,24118,35002,35002,20260,15007
5591,0,2294,12794,12794,13110,18186
5592,0,7178,17678,17678,10620,37413
5593,2,9928,20428,13362,16515,20428
5594,0,24845,38266,38266,11676,37295
5595,0,23379,34724,34724,11045,19050
5596,0,24725,38183,38183,18999,11165
5597,0,23608,36403,36403,34825,19420
5598,0,8690,19190,19190,38698,17516
5599,0,7081,17581,17581,35833,35146
5600,0,4733,15233,15233,13453,35530
5601,0,8912,19412,19412,10856,34584
5602,0,4384,14884,14884,34781,37439
5603,0,22067,38065,38065,16233,37131
5604,0,25270,37719,37719,11088,13617
5605,0,21962,35533,35533,38889,10638
5606,0,4545,15045,15045,10998,17073
5607,0,596,11096,11096,37230,14227
5608,0,21318,37602,37602,14511,14793
5609,1,23453,34498,15767,34498,15729
5610,0,5164,15664,15664,19839,17285
5611,0,22028,37709,37709,18093,18397
5612,0,1647,12147,12147,12852,20703
5613,0,6815,17315,17315,13512,14682
5614,0,2700,13200,13200,38252,17730
5615,0,1700,12200,12200,19343,19509
5616,0,2773,13273,13273,35043,36831
5617,0,6968,17468,17468,11628,18337
5618,0,8143,18643,18643,17759,35661
5619,0,6219,16719,16719,34828,14926
5620,0,86,10586,10586,12499,37773
5621,0,22701,36243,36243,17386,10756
5622,0,21990,36212,36212,38391,36369
5623,0,22953,37092,37092,17736,37564
5624,0,2594,13094,13094,38511,13327
5625,0,1029,11529,11529,13233,20826
5626,0,136,10636,10636,13278,12537
5627,0,6972,17472,17472,35000,18388
5628,0,23415,35218,35218,10992,38505
5629,0,7024,17524,17524,20403,18210
5630,0,2854,13354,13354,14232,13679
5631,0,1200,11700,11700,18175,11505
5632,0,6121,16621,16621,19962,35631
5633,0,9763,20263,20263,18609,34504
5634,0,8758,19258,19258,13824,16168
5635,0,23802,35497,35497,18540,35326
5636,0,6296,16796,16796,19950,20696
5637,0,3927,14427,14427,20417,16973
5638,1,10105,20605,38449,20605,11949
5639,0,24007,37208,37208,14507,13308
5640,0,8468,18968,18968,19415,12719
5641,0,3606,14106,14106,11735,38424
5642,0,24775,37338,37338,38068,36972
5643,0,2330,12830,12830,16035,16859
5644,0,2187,12687,12687,14266,19053
5645,0,195,10695,10695,18351,17085
5646,0,5059,15559,15559,34722,37265
5647,0,802,11302,11302,16285,16364
5648,0,2668,13168,13168,38168,20485
5649,0,241,10741,10741,17617,11748
5650,0,2068,12568,12568,20477,37886
5651,2,23721,37477,14170,16630,37477
5652,0,23179,37089,37089,37228,35363
5653,0,644,11144,11144,10812,15094
5654,0,9116,19616,19616,18781,15752
5655,0,5103,15603,15603,37259,37487
5656,0,1637,12137,12137,13029,18311
5657,0,7552,18052,18052,10606,37156
5658,0,8312,18812,18812,37569,14104
5659,0,3074,13574,13574,14023,16482
5660,0,9014,19514,19514,11359,14236
5661,0,7296,17796,17796,15838,16048
5662,0,3278,13778,13778,37131,18339
5663,0,8003,18503,18503,14127,16282
5664,0,4970,15470,15470,18292,12941
5665,0,23901,34614,34614,18286,16115
5666,0,8326,18826,18826,35200,16579
5667,0,6915,17415,17415,19348,37649
5668,0,10468,20968,20968,34947,14015
5669,0,7829,18329,18329,12926,11072
5670,0,62,10562,10562,16896,37736
5671,0,22085,35813,35813,12647,20709
5672,0,24647,35867,35867,17438,14018
5673,0,23833,37915,37915,14799,14703
5674,0,22853,34912,34912,14452,17434
5675,0,21615,34803,34803,35148,38295
5676,0,679,11179,11179,12256,37981
5677,0,2041,12541,12541,19173,16974
5678,0,8933,19433,19433,37434,10787
5679,0,5307,15807,15807,34802,15855
5680,0,25102,35083,35083,17710,14697
5681,0,3641,14141,14141,38689,38873
5682,0,24635,36332,36332,12221,20150
5683,0,22643,36162,36162,38516,13983
5684,0,3258,13758,13758,36603,18188
5685,0,1873,12373,12373,38061,12152
5686,0,4744,15244,15244,12675,16789
5687,0,9909,20409,20409,15409,17926
5688,0,2912,13412,13412,12611,17338
5689,0,4027,14527,14527,35479,11831
5690,0,5488,15988,15988,20077,16395
5691,0,22546,36912,36912,17539,12901
5692,0,8024,18524,18524,17440,15379
5693,0,7786,18286,18286,34614,16115
5694,0,23368,37844,37844,12026,38115
5695,0,6864,17364,17364,34501,38544
5696,0,489,10989,10989,11087,36663
5697,0,8685,19185,19185,18828,17019
5698,0,690,11190,11190,13993,19745
5699,0,602,11102,11102,36841,12146
5700,0,10103,20603,20603,36658,36689
5701,0,1014,11514,11514,14943,37258
5702,0,869,11369,11369,37880,15119
5703,0,1993,12493,12493,12259,38083
5704,0,7610,18110,18110,20520,18847
5705,0,5283,15783,15783,15970,11802
5706,0,4370,14870,14870,38888,11773
5707,0,22347,35291,35291,15578,12141
5708,0,1361,11861,11861,38198,37927
5709,0,10489,20989,20989,15898,17852
5710,0,1526,12026,12026,37844,13888
5711,0,22926,36459,36459,18454,18626
5712,0,1629,12129,12129,35181,18387
5713,0,1551,12051,12051,15121,16239
5714,0,21003,34669,34669,37086,20350
5715,0,24441,38493,38493,11813,13440
5716,0,1337,11837,11837,38681,16272
5717,0,3901,14401,14401,15597,36526
5718,0,5041,15541,15541,13970,12050
5719,0,8252,18752,18752,34723,17638
5720,0,22211,34901,34901,34871,16791
5721,0,5039,15539,15539,37326,15200
5722,0,2346,12846,12846,18605,17946
5723,0,25459,37897,37897,11971,19883
5724,0,5485,15985,15985,16494,19839
5725,0,24931,37268,37268,10828,15498
5726,0,5694,16194,16194,35745,10865
5727,0,5119,15619,15619,20980,37873
5728,0,5166,15666,15666,19728,17543
5729,0,1134,11634,11634,11756,16359
5730,0,8342,18842,18842,18450,11026
5731,0,10401,20901,20901,11488,14886
5732,0,4017,14517,14517,11266,12516
5733,0,21633,34502,34502,38241,36963
5734,0,2424,12924,12924,18054,16209
5735,0,4138,14638,14638,12927,17640
5736,0,859,11359,11359,19514,14271
5737,0,2962,13462,13462,38137,13276
5738,0,8089,18589,18589,15218,15818
5739,0,21376,37936,37936,35428,13098
5740,0,21932,35544,35544,14052,13255
5741,0,23630,36800,36800,38733,37827
5742,0,24159,36683,36683,37546,16401
5743,0,1364,11864,11864,14218,36342
5744,0,24444,38729,38729,15676,16620
5745,1,1779,12279,20496,12279,37114
5746,0,10397,20897,20897,11718,14794
5747,0,2101,12601,12601,35120,35121
5748,0,1818,12318,12318,20511,14916
5749,0,369,10869,10869,38600,19335
5750,0,4937,15437,15437,12238,37192
5751,0,5285,15785,15785,12761,12064
5752,0,8367,18867,18867,37597,37536
5753,0,24646,36102,36102,38143,18735
5754,0,7071,17571,17571,14679,35590
5755,0,2093,12593,12593,13680,19508
5756,0,7817,18317,18317,38277,15694
5757,0,1920,12420,12420,16234,12568
5758,0,82,10582,10582,17159,14226
5759,0,7331,17831,17831,20945,15609
5760,0,7304,17804,17804,38108,34829
5761,0,816,11316,11316,11722,15641
5762,0,25084,35570,35570,15713,12560
5763,0,4396,14896,14896,38358,37714
5764,0,8475,18975,18975,12105,14306
5765,0,6124,16624,16624,14473,16853
5766,0,4120,14620,14620,12497,13865
5767,0,23218,35880,35880,15846,16615
5768,0,25017,37269,37269,19775,15614
5769,0,1813,12313,12313,15299,35718
5770,0,1271,11771,11771,18729,11315
5771,0,8751,19251,19251,36398,13520
5772,0,2994,13494,13494,20380,10814
5773,0,21707,35369,35369,16044,13202
5774,0,6409,16909,16909,34719,19019
5775,0,22458,35571,35571,11650,36165
5776,0,2642,13142,13142,20893,15112
5777,0,9280,19780,19780,15766,11347
5778,0,22929,35012,35012,17850,19515
5779,0,2305,12805,12805,36975,37680
5780,0,24629,34872,34872,20069,20926
5781,3,21006,36520,37683,36521,14681
5782,0,4195,14695,14695,20294,38241
5783,0,24928,36481,36481,15256,14616
5784,0,3849,14349,14349,36072,36172
5785,0,24567,38733,38733,15967,36800
5786,0,24406,36538,36538,16284,12779
5787,0,25022,38321,38321,15333,38904
5788,0,3554,14054,14054,10750,10792
5789,0,2195,12695,12695,20372,11205
5790,1,2600,13100,36999,13100,35049
5791,0,6163,16663,16663,36191,34814
5792,0,1518,12018,12018,19074,36909
5793,0,25309,34505,34505,11116,18791
5794,0,22348,34942,34942,38585,16911
5795,0,6309,16809,16809,20794,13894
5796,0,5755,16255,16255,11742,17782
5797,0,5633,16133,16133,15055,14030
5798,0,8399,18899,18899,35343,20596
5799,1,22650,37927,38198,37927,11861
5800,0,7162,17662,17662,37833,13586
5801,0,22920,36858,36858,35294,38863
5802,0,22524,34971,34971,37091,12385
5803,0,1988,12488,12488,19728,18537
5804,0,9533,20033,20033,18289,14015
5805,0,7737,18237,18237,13520,19251
5806,0,517,11017,11017,36780,18675
5807,0,6160,16660,16660,38817,35007
5808,0,24492,36045,36045,36673,15008
5809,0,21252,37589,37589,11327,12469
5810,0,22621,36049,36049,34958,37126
5811,0,22861,34790,34790,38068,14980
5812,0,9607,20107,20107,15713,20643
5813,0,4456,14956,14956,19341,17083
5814,0,2761,13261,13261,16507,10581
5815,0,6481,16981,16981,38757,20316
5816,0,5911,16411,16411,11849,14336
5817,0,25009,38007,38007,13689,38735
5818,0,6547,17047,17047,13314,20530
5819,0,4855,15355,15355,11926,12574
5820,0,7644,18144,18144,36091,19580
5821,0,22287,37255,37255,35505,20669
5822,0,24563,38490,38490,37727,38453
5823,0,6358,16858,16858,20895,14067
5824,0,9741,20241,20241,16954,35637
5825,0,2438,12938,12938,18562,14578
5826,0,3765,14265,14265,19014,34661
5827,0,6432,16932,16932,19182,36769
5828,0,8643,19143,19143,13217,37254
5829,13,7846,18346,36549,37384,16386
5830,0,22020,34627,34627,14616,20993
5831,0,9665,20165,20165,20222,10646
5832,0,22036,37426,37426,16195,17520
5833,0,6340,16840,16840,19715,12813
5834,0,4821,15321,15321,14992,17226
5835,0,18,10518,10518,16783,35006
5836,0,3560,14060,14060,17239,38811
5837,0,3951,14451,14451,15825,18408
5838,0,49,10549,10549,35184,17089
5839,0,23174,38808,38808,11103,18554
5840,0,887,11387,11387,35441,11401
5841,0,6261,16761,16761,18733,36810
5842,0,7236,17736,17736,19535,37092
5843,0,6989,17489,17489,34838,13123
5844,0,6043,16543,16543,13158,14532
5845,0,8708,19208,19208,12681,16839
5846,0,3168,13668,13668,34913,37839
5847,0,2949,13449,13449,34960,19936
5848,0,1424,11924,11924,14110,11298
5849,0,139,10639,10639,13383,11080
5850,0,10116,20616,20616,12388,12605
5851,0,3197,13697,13697,37533,38460
5852,0,5131,15631,15631,20294,20003
5853,0,112,10612,10612,17266,20837
5854,0,8160,18660,18660,19168,16231
5855,0,22512,36976,36976,34650,13319
5856,0,4559,15059,15059,19622,15743
5857,0,4595,15095,15095,20382,20467
5858,0,4690,15190,15190,18441,36382
5859,0,7951,18451,18451,13153,36235
5860,0,24595,35141,35141,11029,14407
5861,0,3277,13777,13777,36630,15706
5862,0,4068,14568,14568,17187,11359
5863,0,4408,14908,14908,11036,11631
5864,0,24855,34578,34578,19002,18042
5865,0,24445,38055,38055,36768,10661
5866,1,9729,20229,14000,20229,16203
5867,0,451,10951,10951,37716,14406
5868,0,7262,17762,17762,11499,15424
5869,0,3731,14231,14231,12190,37100
5870,0,7256,17756,17756,37534,35006
5871,0,21704,37393,37393,17414,13248
5872,0,4986,15486,15486,17157,37130
5873,0,3663,14163,14163,17428,12168
5874,0,2763,13263,13263,15949,15379
5875,0,8850,19350,19350,11152,15169
5876,0,25036,34980,34980,19892,34915
5877,0,1855,12355,12355,17256,16264
5878,0,999,11499,11499,17762,14976
5879,0,389,10889,10889,17730,35951
5880,1,6426,16926,34723,16926,11681
5881,0,1476,11976,11976,11469,16949
5882,0,2240,12740,12740,11230,15781
5883,0,22709,37854,37854,35151,36181
5884,0,8112,18612,18612,34685,12412
5885,0,992,11492,11492,13152,19189
5886,0,7032,17532,17532,17414,35927
5887,0,4997,15497,15497,38085,18120
5888,0,3922,14422,14422,12091,18353
5889,0,2972,13472,13472,20459,34569
5890,0,6871,17371,17371,11309,12724
5891,0,23238,35254,35254,35174,12288
5892,0,4769,15269,15269,20680,16791
5893,0,1293,11793,11793,15260,17077
5894,0,21490,38012,38012,18836,11459
5895,0,4173,14673,14673,36374,16307
5896,0,2535,13035,13035,38455,20707
5897,0,24887,37665,37665,19698,38020
5898,0,1907,12407,12407,36036,34562
5899,0,24870,36382,36382,35542,15190
5900,0,25288,38207,38207,19018,37946
5901,0,8560,19060,19060,12884,34879
5902,0,6033,16533,16533,12019,16965
5903,0,7619,18119,18119,38782,36450
5904,0,1151,11651,11651,13770,16395
5905,0,1567,12067,12067,37825,14755
5906,0,3171,13671,13671,20627,18198
5907,0,9689,20189,20189,15375,14921
5908,0,7106,17606,17606,38599,36448
5909,0,4160,14660,14660,34868,34914
5910,0,4287,14787,14787,16144,13649
5911,0,2230,12730,12730,19074,36906
5912,0,24104,35058,35058,14698,20546
5913,0,174,10674,10674,14453,37222
5914,0,1903,12403,12403,12665,20984
5915,0,9291,19791,19791,16568,13152
5916,0,8752,19252,19252,20501,37737
5917,0,21221,34954,34954,11475,34735
5918,0,3408,13908,13908,37207,11451
5919,0,1538,12038,12038,16083,10578
5920,0,2292,12792,12792,10923,12216
5921,0,9523,20023,20023,18920,17628
5922,0,1363,11863,11863,16020,13895
5923,0,4357,14857,14857,15349,36258
5924,0,5260,15760,15760,13309,11260
5925,0,21208,35140,35140,14549,13802
5926,0,22756,38468,38468,38052,19949
5927,1,680,11180,11580,11180,12649
5928,0,25308,35793,35793,19080,14861
5929,0,3664,14164,14164,18413,15595
5930,0,1661,12161,12161,37291,17019
5931,0,508,11008,11008,16535,15093
5932,0,166,10666,10666,15928,37365
5933,0,21653,36373,36373,14832,37714
5934,0,9198,19698,19698,37665,35888
5935,0,22472,36461,36461,11451,20153
5936,0,7365,17865,17865,10831,20967
5937,0,1914,12414,12414,18969,36868
5938,0,7263,17763,17763,14097,35273
5939,0,23044,38418,38418,14464,17490
5940,0,24502,38585,38585,34942,20600
5941,0,7361,17861,17861,15636,35178
5942,0,1104,11604,11604,11273,38161
5943,0,21588,35697,35697,38121,18972
5944,0,9944,20444,20444,11512,35403
5945,0,5310,15810,15810,19227,12864
5946,0,22831,35261,35261,18933,13161
5947,0,5754,16254,16254,13567,12061
5948,0,152,10652,10652,17359,18905
5949,0,23335,38317,38317,35051,16416
5950,0,5679,16179,16179,13641,17892
5951,0,21026,37670,37670,18077,35895
5952,0,3551,14051,14051,36602,36598
5953,0,3722,14222,14222,14093,18277
5954,0,23958,34995,34995,36717,14013
5955,0,24318,36777,36777,36778,16778
5956,0,4538,15038,15038,38555,19524
5957,0,24638,36199,36199,15557,34927
5958,0,10014,20514,20514,19626,38120
5959,0,8463,18963,18963,37056,38485
5960,0,1991,12491,12491,37172,37438
5961,0,23772,37174,37174,11741,35771
5962,0,8501,19001,19001,17039,10589
5963,0,5141,15641,15641,13874,11316
5964,0,3811,14311,14311,13404,36362
5965,0,23047,37038,37038,12433,12778
5966,0,3450,13950,13950,11540,20627
5967,0,4591,15091,15091,36661,17116
5968,0,7352,17852,17852,13892,20989
5969,0,205,10705,10705,12217,20006
5970,0,9327,19827,19827,10958,14172
5971,0,6680,17180,17180,14988,16762
5972,0,2749,13249,13249,37511,11476
5973,0,8497,18997,18997,19676,35061
5974,3,1849,12349,37993,37193,15708
5975,0,22121,37567,37567,12638,14036
5976,0,10180,20680,20680,37111,15269
5977,0,3240,13740,13740,14366,20294
5978,0,24709,35845,35845,38156,35846
5979,0,3109,13609,13609,37216,12215
5980,0,10179,20679,20679,15762,35654
5981,0,5934,16434,16434,14213,19783
5982,0,22694,36223,36223,38899,20378
5983,0,5810,16310,16310,12449,34556
5984,2,8575,19075,15088,14476,19075
5985,0,5634,16134,16134,18573,15511
5986,0,4307,14807,14807,11763,13256
5987,0,3156,13656,13656,20626,10905
5988,0,6534,17034,17034,36952,15163
5989,0,25337,37680,37680,15566,36975
5990,0,24497,36994,36994,36993,17382
5991,0,24966,36379,36379,36565,11947
5992,0,8891,19391,19391,34786,10502
5993,0,3832,14332,14332,13943,36094
5994,0,21457,37028,37028,36069,35922
5995,0,4776,15276,15276,15568,35354
5996,0,7997,18497,18497,36080,19872
5997,0,4276,14776,14776,37520,16144
5998,0,25124,38583,38583,20414,19423
5999,0,22841,34595,34595,13691,37422
6000,0,23036,38359,38359,12461,36150
6001,0,278,10778,10778,35623,10978
6002,0,6771,17271,17271,12039,17312
6003,0,7415,17915,17915,12060,15690
6004,0,3252,13752,13752,17093,16814
6005,0,24902,36173,36173,11696,12663
6006,0,23059,38067,38067,15562,35540
6007,0,289,10789,10789,38526,15770
6008,0,3075,13575,13575,19162,20303
6009,0,23255,36852,36852,20638,10825
6010,0,9582,20082,20082,20548,37545
6011,0,21054,34556,34556,37691,10666
6012,0,270,10770,10770,16099,17823
6013,0,4570,15070,15070,19351,13339
6014,0,21083,38612,38612,11447,12024
6015,0,9583,20083,20083,38214,36816
6016,0,6696,17196,17196,17282,12085
6017,0,4316,14816,14816,19080,12992
6018,0,3180,13680,13680,12593,19508
6019,1,1422,11922,15622,11922,12799
6020,0,8275,18775,18775,36465,18945
6021,0,9065,19565,19565,16122,16971
6022,0,22037,35781,35781,11245,15516
6023,0,4557,15057,15057,36207,14525
6024,0,7812,18312,18312,19954,34710
6025,0,6297,16797,16797,19886,15913
6026,0,22442,37666,37666,16756,14452
6027,0,21783,35460,35460,35461,11505
6028,0,24137,38882,38882,14413,14087
6029,0,1132,11632,11632,38757,34894
6030,0,21470,34481,34481,12314,37415
6031,0,6242,16742,16742,36268,35579
6032,0,23615,35318,35318,16304,16177
6033,0,22128,38019,38019,13540,38113
6034,0,7423,17923,17923,20131,15210
6035,0,22305,37747,37747,13344,14012
6036,0,10152,20652,20652,12941,15470
6037,0,22649,34744,34744,20547,36576
6038,0,5520,16020,16020,34847,17126
6039,0,9408,19908,19908,18724,12652
6040,0,24331,37015,37015,12778,11497
6041,0,25233,35182,35182,19970,11739
6042,0,9256,19756,19756,14686,14981
6043,0,3786,14286,14286,18553,12990
6044,0,22362,35100,35100,35099,18793
6045,0,8345,18845,18845,12024,11447
6046,0,2161,12661,12661,16718,11876
6047,0,3008,13508,13508,15653,14850
6048,0,1105,11605,11605,11106,11351
6049,0,23753,35007,35007,35008,19998
6050,0,692,11192,11192,20128,20271
6051,0,25083,35690,35690,35489,10567
6052,0,4956,15456,15456,37379,34732
6053,0,8307,18807,18807,35695,16896
6054,0,4369,14869,14869,37758,36895
6055,0,2765,13265,13265,10643,14560
6056,0,3929,14429,14429,17537,17702
6057,0,25217,35387,35387,15429,19483
6058,0,25194,38867,38867,14182,19306
6059,0,7778,18278,18278,35251,37525
6060,0,22469,38818,38818,13280,12690
6061,0,628,11128,11128,20416,36353
6062,0,2451,12951,12951,19964,13380
6063,0,23950,34652,34652,16665,34494
6064,0,3824,14324,14324,20620,18581
6065,0,22952,37433,37433,12177,17552
6066,0,25416,38900,38900,20642,38241
6067,0,3743,14243,14243,18380,11434
6068,0,2176,12676,12676,38285,11806
6069,0,6689,17189,17189,18813,15359
6070,0,8858,19358,19358,16682,35714
6071,0,3318,13818,13818,14390,35901
6072,0,24231,34825,34825,36403,19420
6073,0,9653,20153,20153,11691,36461
6074,0,7432,17932,17932,14860,11269
6075,0,2787,13287,13287,13353,20343
6076,0,1196,11696,11696,36173,20310
6077,0,1676,12176,12176,20110,15832
6078,0,3947,14447,14447,13779,12560
6079,0,7618,18118,18118,16228,35643
6080,0,4444,14944,14944,17218,35166
6081,0,5722,16222,16222,13584,35492
6082,0,24975,35631,35631,16621,12090
6083,0,22579,36672,36672,20001,13165
6084,0,2369,12869,12869,20261,12853
6085,0,4967,15467,15467,11494,20372
6086,2,2217,12717,17040,35512,12717
6087,0,8148,18648,18648,18146,16619
6088,0,10410,20910,20910,20697,35183
6089,0,3326,13826,13826,15509,37002
6090,0,23224,35075,35075,36047,35719
6091,0,3583,14083,14083,36964,13347
6092,0,24034,38627,38627,13803,11940
6093,0,23785,38698,38698,17516,19190
6094,0,3619,14119,14119,14852,20344
6095,0,6217,16717,16717,20842,11228
6096,0,2468,12968,12968,38119,37454
6097,0,8277,18777,18777,11482,18499
6098,0,21477,36649,36649,12153,16951
6099,0,5973,16473,16473,16641,18683
6100,0,3667,14167,14167,17926,38693
6101,0,5158,15658,15658,20016,16579
6102,0,7594,18094,18094,20606,35490
6103,0,6976,17476,17476,16179,11445
6104,0,10211,20711,20711,15151,35976
6105,0,3423,13923,13923,35766,36198
6106,0,8199,18699,18699,19418,35134
6107,0,2409,12909,12909,17042,14090
6108,0,3212,13712,13712,14087,19606
6109,0,22147,38331,38331,10707,17966
6110,0,5366,15866,15866,34698,18520
6111,0,21483,35101,35101,11661,18841
6112,0,6593,17093,17093,13752,18055
6113,0,2895,13395,13395,36946,35128
6114,0,21534,37086,37086,34669,37865
6115,0,23213,37785,37785,36695,36844
6116,0,3642,14142,14142,11672,13746
6117,0,23135,35062,35062,13821,12065
6118,0,22399,34991,34991,13837,13068
6119,0,24022,36536,36536,35582,11145
6120,0,9475,19975,19975,36950,11422
6121,0,10193,20693,20693,37164,16956
6122,0,23699,36879,36879,16967,37573
6123,0,9061,19561,19561,35256,36833
6124,0,23058,38494,38494,17468,16483
6125,0,21485,37413,37413,13817,17678
6126,0,8548,19048,19048,17446,15274
6127,0,24485,38825,38825,38780,16038
6128,0,5451,15951,15951,11685,38537
6129,0,7160,17660,17660,34479,17273
6130,0,7866,18366,18366,16302,12052
6131,1,2743,13243,37567,13243,12638
6132,0,23659,38854,38854,36963,37897
6133,0,10082,20582,20582,17727,38076
6134,1,9797,20297,12040,20297,14432
6135,0,4958,15458,15458,38314,15616
6136,0,22708,37090,37090,19167,19326
6137,0,21177,34532,34532,16646,12636
6138,0,6474,16974,16974,12541,12187
6139,0,7888,18388,18388,17227,35000
6140,0,8811,19311,19311,16904,14707
6141,0,492,10992,10992,11880,35218
6142,0,1116,11616,11616,15369,20474
6143,0,5637,16137,16137,18745,11117
6144,0,25350,37135,37135,16871,20481
6145,0,22737,38768,38768,37709,18769
6146,0,23749,35052,35052,14080,17962
6147,0,25469,37537,37537,38334,37577
6148,0,21222,36874,36874,17916,37902
6149,0,6589,17089,17089,13311,15292
6150,0,22729,37574,37574,18730,18171
6151,0,7557,18057,18057,17392,35274
6152,0,23001,35947,35947,37800,38513
6153,0,5241,15741,15741,34553,37195
6154,0,22021,37832,37832,37114,35409
6155,0,2783,13283,13283,17189,19945
6156,0,25150,34977,34977,35860,11061
6157,0,1696,12196,12196,11768,38008
6158,0,5685,16185,16185,15092,19824
6159,0,2295,12795,12795,17990,34679
6160,0,5939,16439,16439,19216,38375
6161,0,7763,18263,18263,19133,20167
6162,0,10244,20744,20744,18062,11793
6163,0,9968,20468,20468,14634,34830
6164,0,3313,13813,13813,34560,35511
6165,0,4781,15281,15281,14892,17885
6166,0,8350,18850,18850,37149,14634
6167,0,23329,35113,35113,20136,18131
6168,0,9784,20284,20284,17519,10854
6169,0,9915,20415,20415,38063,17810
6170,0,7605,18105,18105,11396,13442
6171,0,215,10715,10715,12475,37630
6172,0,6707,17207,17207,34888,38394
6173,0,24981,36303,36303,12353,16741
6174,0,8682,19182,19182,16932,38735
6175,0,21977,37668,37668,11487,12938
6176,0,3483,13983,13983,11254,18315
6177,0,7006,17506,17506,37562,16366
6178,0,5102,15602,15602,38737,13901
6179,0,6599,17099,17099,35701,11897
6180,0,3764,14264,14264,35667,38331
6181,0,23998,35843,35843,36360,12175
6182,0,6410,16910,16910,16469,13285
6183,0,21463,35303,35303,38776,35302
6184,0,25,10525,10525,35393,18313
6185,0,22751,34561,34561,34560,12125
6186,0,7659,18159,18159,15777,37641
6187,0,22283,37037,37037,10913,10764
6188,0,9744,20244,20244,36342,11916
6189,0,22178,37772,37772,35836,36684
6190,0,24906,36888,36888,38216,19448
6191,0,6683,17183,17183,16682,12749
6192,0,9171,19671,19671,37190,38206
6193,0,10039,20539,20539,38551,16453
6194,0,21576,38235,38235,15942,19093
6195,0,8584,19084,19084,14996,34964
6196,0,24560,35525,35525,19797,11306
6197,0,24751,36848,36848,35825,14762
6198,0,22850,35451,35451,19572,36881
6199,0,21113,38438,38438,19859,19204
6200,0,21672,36368,36368,15432,17098
6201,0,1102,11602,11602,18190,20578
6202,0,3276,13776,13776,13917,16203
6203,0,5345,15845,15845,12646,13090
6204,0,24267,37582,37582,38448,37985
6205,0,24451,37161,37161,38916,11161
6206,0,8386,18886,18886,13239,34914
6207,0,8835,19335,19335,16744,18749
6208,0,24189,34830,34830,14634,38114
6209,0,24120,38948,38948,15933,19430
6210,0,2207,12707,12707,13357,20112
6211,0,4552,15052,15052,35066,11273
6212,0,4402,14902,14902,14057,12664
6213,0,7395,17895,17895,16218,20192
6214,0,3718,14218,14218,11864,35206
6215,0,972,11472,11472,34715,12173
6216,0,4579,15079,15079,20305,13522
6217,0,6516,17016,17016,20295,20597
6218,0,719,11219,11219,20822,37959
6219,0,6155,16655,16655,19181,18428
6220,0,21717,38121,38121,16409,11072
6221,0,2803,13303,13303,17309,15145
6222,0,2566,13066,13066,15738,15506
6223,0,4025,14525,14525,18730,11004
6224,0,6198,16698,16698,17929,20419
6225,0,8224,18724,18724,12652,19908
6226,0,24787,37214,37214,17598,20260
6227,0,4063,14563,14563,16170,11848
6228,0,9889,20389,20389,36464,11454
6229,0,2792,13292,13292,20853,17779
6230,0,2222,12722,12722,35486,15999
6231,0,5818,16318,16318,38620,16374
6232,0,3866,14366,14366,20294,13070
6233,0,24405,34793,34793,17103,20044
6234,0,21041,37336,37336,10877,34906
6235,0,21984,37601,37601,36436,12415
6236,0,23904,35347,35347,36612,14282
6237,0,3227,13727,13727,14814,13899
6238,1,4214,14714,19982,14714,13660
6239,0,3923,14423,14423,18075,10513
6240,0,10469,20969,20969,12871,14958
6241,0,24332,35137,35137,15977,35742
6242,0,1401,11901,11901,13197,12793
6243,0,8931,19431,19431,36739,11529
6244,0,7703,18203,18203,12267,10953
6245,0,4979,15479,15479,19905,16115
6246,0,3253,13753,13753,11721,13219
6247,0,24306,38524,38524,13209,19262
6248,0,2661,13161,13161,18933,35261
6249,0,2158,12658,12658,14954,17304
6250,0,8578,19078,19078,11112,35136
6251,0,8088,18588,18588,12279,12610
6252,0,674,11174,11174,37343,36633
6253,0,23397,35352,35352,12387,13258
6254,0,7011,17511,17511,19148,18382
6255,0,22803,34957,34957,14927,19705
6256,0,10197,20697,20697,20910,17296
6257,0,3841,14341,14341,37512,16019
6258,0,1815,12315,12315,19253,35357
6259,0,22041,38109,38109,10708,19005
6260,0,21165,38720,38720,14436,37420
6261,0,2100,12600,12600,35367,16919
6262,0,21042,37182,37182,37932,20204
6263,1,6708,17208,13086,17208,11167
6264,0,1673,12173,12173,36703,15543
6265,0,10293,20793,20793,35174,17295
6266,0,4213,14713,14713,13956,36301
6267,0,22946,35252,35252,38652,16149
6268,0,23294,34852,34852,11849,16880
6269,0,1548,12048,12048,11360,38784
6270,0,21393,36444,36444,13209,36346
6271,0,8547,19047,19047,15995,13863
6272,0,5184,15684,15684,20917,12225
6273,0,1461,11961,11961,16842,17858
6274,0,25141,38047,38047,34489,19445
6275,0,3220,13720,13720,35454,16232
6276,0,23665,36605,36605,16245,20196
6277,0,24508,37707,37707,12466,19219
6278,0,7170,17670,17670,13639,15198
6279,0,7430,17930,17930,38071,20380
6280,0,22414,38271,38271,18915,19789
6281,0,1751,12251,12251,14638,10545
6282,0,3976,14476,14476,38218,20395
6283,0,8353,18853,18853,20282,18697
6284,0,1772,12272,12272,13453,36356
6285,0,9388,19888,19888,35967,18643
6286,0,10070,20570,20570,14782,18605
6287,0,2016,12516,12516,13091,11266
6288,0,2005,12505,12505,17931,11022
6289,0,3893,14393,14393,19059,19214
6290,0,3237,13737,13737,12029,35138
6291,0,4424,14924,14924,35659,13074
6292,0,10270,20770,20770,38507,11426
6293,0,8588,19088,19088,13638,37300
6294,0,2257,12757,12757,20592,37869
6295,0,4072,14572,14572,38905,35046
6296,0,5574,16074,16074,19453,36179
6297,0,9083,19583,19583,37708,35469
6298,0,21736,38228,38228,12199,12078
6299,0,5355,15855,15855,16997,34802
6300,0,8418,18918,18918,17656,36405
6301,0,6093,16593,16593,20750,16031
6302,0,7935,18435,18435,18850,37149
6303,0,21988,36096,36096,20519,15298
6304,0,1519,12019,12019,16533,16965
6305,0,22917,36207,36207,15057,38027
6306,0,1378,11878,11878,35336,38458
6307,0,5672,16172,16172,13939,13255
6308,0,9215,19715,19715,16840,35702
6309,0,2587,13087,13087,19110,14279
6310,0,21893,38610,38610,16880,34852
6311,0,5621,16121,16121,17033,37457
6312,0,21961,35783,35783,19808,38524
6313,0,24062,36301,36301,14713,19857
6314,0,5842,16342,16342,12085,35927
6315,0,7122,17622,17622,13653,19067
6316,0,5832,16332,16332,19617,38741
6317,0,9821,20321,20321,11039,14451
6318,0,4888,15388,15388,36221,34741
6319,0,5904,16404,16404,14666,17730
6320,0,522,11022,11022,12505,19115
6321,0,8043,18543,18543,11031,14044
6322,3,3607,14107,18967,38410,19916
6323,0,9120,19620,19620,12961,11507
6324,0,234,10734,10734,20960,37630
6325,0,3796,14296,14296,36779,11570
6326,0,6318,16818,16818,38104,14777
6327,0,7094,17594,17594,14820,18396
6328,0,10202,20702,20702,15078,37675
6329,0,1948,12448,12448,35875,17794
6330,0,6361,16861,16861,11723,12523
6331,0,23363,38068,38068,11020,38308
6332,0,21425,35719,35719,36047,35718
6333,0,6091,16591,16591,36662,19147
6334,0,24154,37597,37597,18867,38303
6335,0,2224,12724,12724,11309,14872
6336,0,9298,19798,19798,20405,36124
6337,0,22201,37533,37533,13697,14588
6338,0,9010,19510,19510,12417,37917
6339,0,5571,16071,16071,14126,36239
6340,0,4523,15023,15023,14365,11814
6341,0,5793,16293,16293,36891,20512
6342,0,23941,38365,38365,14976,13612
6343,0,5738,16238,16238,38052,11968
6344,0,2624,13124,13124,37240,10842
6345,0,4728,15228,15228,12327,12257
6346,0,7818,18318,18318,18350,18688
6347,0,8859,19359,19359,17583,15094
6348,0,24985,38836,38836,16937,20826
6349,0,24786,37644,37644,17849,35808
6350,0,9080,19580,19580,17020,36091
6351,0,22187,35102,35102,15016,19163
6352,0,2437,12937,12937,20516,16919
6353,0,6056,16556,16556,14931,13412
6354,0,9009,19509,19509,12200,17405
6355,0,6352,16852,16852,14010,12928
6356,0,23524,34493,34493,13154,37306
6357,0,3167,13667,13667,36216,35577
6358,0,1809,12309,12309,38336,10643
6359,0,21852,36091,36091,17020,19580
6360,0,7161,17661,17661,16030,15333
6361,0,9456,19956,19956,11787,17372
6362,0,5086,15586,15586,16760,16842
6363,0,22048,36034,36034,36342,11864
6364,0,7016,17516,17516,38698,19190
6365,0,23109,35634,35634,36955,16902
6366,0,4945,15445,15445,36412,17893
6367,0,6046,16546,16546,14292,18609
6368,0,22530,38399,38399,35582,16377
6369,0,25283,37859,37859,17434,35923
6370,0,6919,17419,17419,11148,18695
6371,0,5590,16090,16090,34555,37003
6372,0,7226,17726,17726,13728,13588
6373,0,1228,11728,11728,12863,13957
6374,0,24067,37546,37546,34576,16401
6375,0,6846,17346,17346,15168,15706
6376,0,8244,18744,18744,13335,12146
6377,0,25433,38652,38652,38774,20720
6378,0,6555,17055,17055,18550,20185
6379,0,159,10659,10659,37883,35336
6380,0,8851,19351,19351,15070,35518
6381,0,9779,20279,20279,18389,12990
6382,0,1589,12089,12089,18111,36863
6383,0,23711,38724,38724,11909,37239
6384,0,22740,38196,38196,16925,17104
6385,0,22905,38173,38173,34834,20283
6386,0,22049,37967,37967,12538,14846
6387,0,6687,17187,17187,13561,16016
6388,0,22126,37982,37982,16691,20055
6389,0,22906,35230,35230,36219,15440
6390,0,22537,34536,34536,11019,11154
6391,0,21925,35828,35828,35445,20230
6392,0,7480,17980,17980,16735,13347
6393,0,23221,37862,37862,35489,11779
6394,0,1556,12056,12056,38443,36866
6395,0,2828,13328,13328,18364,19925
6396,0,436,10936,10936,18645,17787
6397,0,5789,16289,16289,38190,11155
6398,1,24866,36184,37714,36184,17842
6399,0,1588,12088,12088,13211,11643
6400,0,7398,17898,17898,17961,12250
6401,0,2780,13280,13280,38818,19462
6402,0,21358,37438,37438,19750,37172
6403,0,9242,19742,19742,17391,20170
6404,0,5686,16186,16186,19213,19918
6405,0,3965,14465,14465,15941,34590
6406,0,4727,15227,15227,20930,20630
6407,0,9165,19665,19665,19323,10630
6408,0,1238,11738,11738,15074,19518
6409,0,2951,13451,13451,11003,19088
6410,0,21070,34494,34494,18033,20973
6411,0,22849,34888,34888,16617,12583
6412,0,21367,36688,36688,13004,36200
6413,0,24323,37769,37769,19035,11126
6414,0,1497,11997,11997,12498,37285
6415,0,6465,16965,16965,16533,20555
6416,0,7355,17855,17855,14420,17160
6417,0,7823,18323,18323,15354,17133
6418,0,7547,18047,18047,34710,35390
6419,0,7913,18413,18413,34903,11937
6420,0,21290,34574,34574,14376,10548
6421,0,21643,36801,36801,16746,19826
6422,0,5185,15685,15685,38683,11800
6423,0,5647,16147,16147,20099,13549
6424,1,24026,38060,19633,38060,19292
6425,0,5242,15742,15742,11662,19946
6426,0,2130,12630,12630,18674,10626
6427,0,2092,12592,12592,36769,16446
6428,0,5409,15909,15909,16087,18481
6429,0,10207,20707,20707,17485,37676
6430,0,187,10687,10687,20461,15428
6431,0,25276,35176,35176,36156,34677
6432,0,7938,18438,18438,36404,17040
6433,0,3655,14155,14155,38802,38564
6434,0,3426,13926,13926,15572,20636
6435,0,23747,35927,35927,16342,17532
6436,15,1381,11881,12755,11718,14957
6437,0,25064,35653,35653,11438,12868
6438,0,8605,19105,19105,11729,17391
6439,0,7427,17927,17927,14088,19927
6440,0,5037,15537,15537,36154,16947
6441,0,4897,15397,15397,10511,35184
6442,0,3175,13675,13675,16109,20759
6443,0,23704,37088,37088,19097,35846
6444,0,21175,35906,35906,18422,35443
6445,1,8448,18948,15524,18948,13362
6446,0,22327,38811,38811,14060,13229
6447,0,24849,38389,38389,37690,37733
6448,0,2235,12735,12735,35607,10959
6449,0,8068,18568,18568,35645,35159
6450,0,9959,20459,20459,34569,13472
6451,0,4236,14736,14736,18178,15815
6452,0,23338,38226,38226,16444,11067
6453,0,25172,37872,37872,18466,36952
6454,0,9764,20264,20264,36375,13355
6455,0,24,10524,10524,35129,20761
6456,0,3363,13863,13863,15995,19047
6457,0,1088,11588,11588,35624,35500
6458,0,21103,34846,34846,37711,14018
6459,0,8733,19233,19233,35342,11404
6460,0,22844,37700,37700,11150,20347
6461,0,2841,13341,13341,16345,38259
6462,0,25096,34463,34463,12693,38083
6463,0,7537,18037,18037,35158,13190
6464,0,7470,17970,17970,19820,34992
6465,0,24432,38821,38821,38854,14983
6466,0,4152,14652,14652,13447,34637
6467,0,9501,20001,20001,36672,16394
6468,0,695,11195,11195,17678,12172
6469,0,23145,37736,37736,16896,35695
6470,0,6337,16837,16837,11525,20375
6471,0,1227,11727,11727,36104,16585
6472,0,1999,12499,12499,36186,10586
6473,0,276,10776,10776,19740,14846
6474,0,21712,35344,35344,13833,16033
6475,0,5929,16429,16429,17074,13740
6476,0,2953,13453,13453,15233,12272
6477,0,3637,14137,14137,13411,17217
6478,0,3906,14406,14406,10951,37716
6479,0,4778,15278,15278,17740,13730
6480,0,5845,16345,16345,13341,38259
6481,0,23346,38506,38506,20481,16871
6482,0,4117,14617,14617,37996,17415
6483,0,24253,35305,35305,11806,12747
6484,0,1137,11637,11637,13670,20280
6485,0,2767,13267,13267,35324,13056
6486,0,8182,18682,18682,17219,20024
6487,0,24248,36208,36208,34609,35201
6488,0,22665,35839,35839,34952,12010
6489,1,7661,18161,38674,18161,13980
6490,0,9134,19634,19634,38739,36239
6491,0,24206,35094,35094,35066,14915
6492,0,2490,12990,12990,14286,18553
6493,0,23655,38484,38484,16370,16093
6494,0,7742,18242,18242,19338,34777
6495,0,3935,14435,14435,38308,11020
6496,0,2384,12884,12884,17680,17522
6497,0,8016,18516,18516,14325,17067
6498,0,7084,17584,17584,36794,17985
6499,0,115,10615,10615,19982,14714
6500,0,1863,12363,12363,16721,18257
6501,0,24368,34710,34710,18047,35390
6502,0,3119,13619,13619,18127,16914
6503,0,4258,14758,14758,17950,19342
6504,0,24247,37813,37813,14882,36521
6505,0,23198,36646,36646,17847,34614
6506,0,2819,13319,13319,34650,18176
6507,0,22005,35378,35378,38310,20372
6508,0,21775,35202,35202,13910,18439
6509,0,22447,37598,37598,14932,13720
6510,0,4699,15199,15199,35147,35250
6511,0,3802,14302,14302,10785,38592
6512,0,6068,16568,16568,35043,35480
6513,0,3536,14036,14036,38098,12638
6514,0,3825,14325,14325,17067,18516
6515,0,6642,17142,17142,18146,16619
6516,0,22775,36928,36928,35184,36107
6517,0,1946,12446,12446,12317,11177
6518,0,24933,37056,37056,38485,18963
6519,0,22798,35389,35389,15331,16379
6520,0,25458,36456,36456,16323,37541
6521,0,9802,20302,20302,38617,37694
6522,0,7269,17769,17769,17137,15789
6523,0,22753,35646,35646,17966,38331
6524,0,7929,18429,18429,37296,16813
6525,0,7166,17666,17666,16943,11816
6526,0,6963,17463,17463,37101,37558
6527,0,5867,16367,16367,36142,20676
6528,0,22062,34819,34819,37904,13060
6529,0,4761,15261,15261,12894,20957
6530,0,10386,20886,20886,18760,12118
6531,0,882,11382,11382,20053,35535
6532,0,557,11057,11057,37305,37065
6533,0,23461,36113,36113,38656,14626
6534,0,1207,11707,11707,20406,36623
6535,0,23967,37350,37350,20856,16008
6536,0,7684,18184,18184,35559,34495
6537,0,21790,35536,35536,35535,20459
6538,0,9702,20202,20202,15034,11271
6539,0,6538,17038,17038,13686,36510
6540,0,10485,20985,20985,14913,38245
6541,0,3211,13711,13711,14789,16190
6542,0,3630,14130,14130,13183,12785
6543,0,1708,12208,12208,17690,18289
6544,0,24283,36324,36324,12081,36313
6545,0,8458,18958,18958,17933,38526
6546,0,1140,11640,11640,16808,19523
6547,0,3162,13662,13662,37445,15392
6548,0,6207,16707,16707,16825,35085
6549,0,21711,36579,36579,15432,17746
6550,0,3730,14230,14230,15345,36076
6551,0,10101,20601,20601,13528,17079
6552,0,23874,35534,35534,19139,35636
6553,0,2660,13160,13160,34485,19783
6554,0,8848,19348,19348,37949,17415
6555,0,1307,11807,11807,16755,11519
6556,0,2567,13067,13067,17496,20901
6557,0,9190,19690,19690,15097,18354
6558,0,2834,13334,13334,15614,16507
6559,0,23717,38318,38318,17882,36275
6560,0,9429,19929,19929,20738,38535
6561,0,2151,12651,12651,15816,15812
6562,0,22271,35643,35643,35226,35078
6563,0,3835,14335,14335,13993,11190
6564,0,21608,38502,38502,13688,37623
6565,0,24080,35438,35438,35865,14065
6566,0,25246,36271,36271,10882,16784
6567,0,10378,20878,20878,10917,12470
6568,0,9326,19826,19826,36801,17601
6569,0,5004,15504,15504,11163,16990
6570,0,6626,17126,17126,17369,20262
6571,1,9495,19995,36798,19995,17963
6572,0,1627,12127,12127,38898,36907
6573,0,21084,38445,38445,35170,37205
6574,0,9714,20214,20214,19328,18760
6575,0,23949,38673,38673,38817,11878
6576,0,358,10858,10858,35034,17372
6577,0,138,10638,10638,38889,35533
6578,0,8491,18991,18991,19108,35123
6579,0,9748,20248,20248,15759,38282
6580,0,382,10882,10882,12893,15616
6581,0,21965,38953,38953,14445,34726
6582,0,4857,15357,15357,36121,13404
6583,0,21647,37910,37910,17012,18467
6584,0,1439,11939,11939,15303,20275
6585,0,9569,20069,20069,34872,16022
6586,0,946,11446,11446,38292,14350
6587,0,24767,36380,36380,16126,12898
6588,0,5498,15998,15998,15463,15796
6589,0,4916,15416,15416,20989,18434
6590,0,8556,19056,19056,16355,19066
6591,0,24469,34873,34873,13578,20371
6592,0,1932,12432,12432,34556,18958
6593,0,2352,12852,12852,38572,20160
6594,0,3236,13736,13736,18083,20512
6595,0,9493,19993,19993,37254,38549
6596,0,22857,36696,36696,36876,12877
6597,0,3807,14307,14307,19588,12140
6598,0,22603,37771,37771,19108,13373
6599,0,1936,12436,12436,18225,20030
6600,0,21899,38689,38689,15175,14141
6601,0,4154,14654,14654,16598,20979
6602,0,8988,19488,19488,37351,12641
6603,0,2416,12916,12916,34513,37817
6604,0,21418,35420,35420,18879,10587
6605,0,6139,16639,16639,10740,38570
6606,0,785,11285,11285,38654,20025
6607,0,6789,17289,17289,19067,18406
6608,0,8036,18536,18536,15650,18144
6609,0,8315,18815,18815,34780,11093
6610,0,21164,38163,38163,18610,16129
6611,0,5668,16168,16168,15007,20117
6612,0,2172,12672,12672,14236,35919
6613,0,2169,12669,12669,11275,38137
6614,0,6628,17128,17128,16046,20012
6615,0,4009,14509,14509,17371,11253
6616,0,4340,14840,14840,36188,35071
6617,0,910,11410,11410,18142,37463
6618,0,6268,16768,16768,18834,35131
6619,0,2309,12809,12809,14822,35750
6620,0,10033,20533,20533,20544,17552
6621,0,9449,19949,19949,16110,18455
6622,0,6591,17091,17091,37194,37849
6623,0,4458,14958,14958,20969,12871
6624,0,7597,18097,18097,18075,14368
6625,0,9370,19870,19870,17782,38335
6626,0,24042,35472,35472,11595,35815
6627,0,22594,37968,37968,37970,20687
6628,0,4652,15152,15152,12756,36109
6629,0,6218,16718,16718,12661,11876
6630,0,442,10942,10942,37829,36143
6631,0,3415,13915,13915,12259,11637
6632,0,9591,20091,20091,37981,11179
6633,1,24998,37077,37490,37077,11671
6634,0,21832,35437,35437,20836,18168
6635,0,9649,20149,20149,17211,20914
6636,0,22754,38303,38303,37597,36833
6637,0,5744,16244,16244,36166,35674
6638,1,1054,11554,36633,11554,37343
6639,0,23623,37044,37044,11600,20832
6640,0,3699,14199,14199,37955,17427
6641,0,929,11429,11429,38309,38219
6642,0,6468,16968,16968,37431,36430
6643,0,8767,19267,19267,17439,15982
6644,0,1829,12329,12329,37475,18605
6645,0,22027,37717,37717,12881,14912
6646,0,21549,35543,35543,34592,15087
6647,0,21309,36152,36152,10608,37991
6648,0,2011,12511,12511,34534,18337
6649,0,913,11413,11413,18912,19837
6650,0,7611,18111,18111,12089,15234
6651,0,22209,36294,36294,14347,19284
6652,0,24073,35498,35498,14132,17386
6653,0,2606,13106,13106,17708,37894
6654,0,4928,15428,15428,20461,10687
6655,0,9783,20283,20283,36244,34834
6656,0,6564,17064,17064,15235,15252
6657,0,23841,36155,36155,13880,16355
6658,0,6,10506,10506,13449,19783
6659,0,7835,18335,18335,34671,20974
6660,0,6583,17083,17083,18774,19341
6661,0,3361,13861,13861,20213,38174
6662,0,10135,20635,20635,38797,16265
6663,0,24408,35638,35638,35016,11900
6664,0,1635,12135,12135,18913,15175
6665,0,1141,11641,11641,37676,36974
6666,0,21297,37051,37051,36673,38236
6667,0,359,10859,10859,18253,16961
6668,0,2070,12570,12570,13193,17452
6669,0,3134,13634,13634,37422,36965
6670,0,5160,15660,15660,38891,11601
6671,0,6990,17490,17490,14464,38418
6672,0,3243,13743,13743,35328,12185
6673,0,2242,12742,12742,10656,17122
6674,0,1474,11974,11974,11084,13333
6675,0,24588,36838,36838,36837,16430
6676,0,10081,20581,20581,35088,20669
6677,0,3259,13759,13759,35897,37300
6678,0,10213,20713,20713,20639,17116
6679,0,4020,14520,14520,11324,13972
6680,0,22112,37213,37213,19467,19843
6681,0,8566,19066,19066,13196,19184
6682,1,3500,14000,20229,14000,16203
6683,0,2658,13158,13158,18452,16543
6684,0,24125,36630,36630,14570,13777
6685,0,1130,11630,11630,17424,12319
6686,0,22591,37746,37746,20996,16126
6687,0,1819,12319,12319,11630,17424
6688,0,7461,17961,17961,16486,17898
6689,0,24061,35708,35708,14399,17796
6690,0,21145,35668,35668,18999,19782
6691,0,24439,36191,36191,15508,14459
6692,0,7064,17564,17564,10966,18659
6693,0,4318,14818,14818,11005,14373
6694,0,9342,19842,19842,38035,35371
6695,0,4669,15169,15169,18441,35542
6696,0,9428,19928,19928,12694,20807
6697,0,5476,15976,15976,35708,36371
6698,0,24431,38716,38716,38349,38593
6699,0,21330,37121,37121,35440,35025
6700,0,1856,12356,12356,16856,34481
6701,0,2282,12782,12782,35771,13809
6702,0,23015,38119,38119,12968,37454
6703,0,4008,14508,14508,20203,14607
6704,0,6401,16901,16901,34984,19247
6705,0,21728,38851,38851,14182,38867
6706,0,21272,38712,38712,12839,35269
6707,0,386,10886,10886,35749,13883
6708,0,1628,12128,12128,35244,18573
6709,0,21637,34866,34866,12784,35603
6710,0,23574,35421,35421,37465,16342
6711,0,22509,36590,36590,13415,17460
6712,0,23391,37954,37954,13645,15301
6713,0,7718,18218,18218,16549,13194
6714,0,24592,35465,35465,14375,35342
6715,0,22529,38914,38914,12382,19547
6716,0,9101,19601,19601,17871,13544
6717,0,22635,37260,37260,15766,38677
6718,0,10058,20558,20558,16917,13414
6719,0,1842,12342,12342,19787,11909
6720,0,2497,12997,12997,16029,17237
6721,0,201,10701,10701,12551,37706
6722,0,23262,35992,35992,34738,35631
6723,0,3868,14368,14368,34720,13392
6724,0,5054,15554,15554,14678,37524
6725,0,5889,16389,16389,37129,20045
6726,0,2702,13202,13202,16044,35369
6727,0,7922,18422,18422,35443,10693
6728,0,331,10831,10831,17865,20967
6729,0,3808,14308,14308,13476,37239
6730,0,935,11435,11435,35197,14396
6731,0,22511,34611,34611,36660,34514
6732,0,1774,12274,12274,37057,13411
6733,0,24129,37620,37620,12284,37947
6734,0,8611,19111,19111,14185,10918
6735,0,24237,34838,34838,17489,16259
6736,0,25236,37687,37687,20546,19894
6737,0,989,11489,11489,20118,14296
6738,0,5443,15943,15943,19564,15786
6739,0,21952,36454,36454,20347,37614
6740,0,6993,17493,17493,18055,34910
6741,0,21111,37701,37701,17738,15353
6742,0,5806,16306,16306,34622,37061
6743,0,23924,37070,37070,14741,36552
6744,0,24653,37018,37018,11528,15280
6745,0,6574,17074,17074,14269,18176
6746,0,3052,13552,13552,18822,11853
6747,0,22245,36921,36921,17897,15312
6748,0,8365,18865,18865,20645,17919
6749,0,4615,15115,15115,13896,17005
6750,0,3321,13821,13821,13621,37571
6751,0,21179,38582,38582,11530,37837
6752,0,6246,16746,16746,36801,13895
6753,0,6048,16548,16548,18405,19442
6754,0,3311,13811,13811,19705,34957
6755,0,21732,36689,36689,36936,20603
6756,0,21249,35742,35742,19281,11394
6757,0,24190,38036,38036,10732,36733
6758,0,21374,35156,35156,11566,11315
6759,0,8210,18710,18710,20184,17429
6760,0,3628,14128,14128,18378,36387
6761,0,21938,37258,37258,11514,18699
6762,0,10366,20866,20866,20132,37035
6763,0,1356,11856,11856,13555,35772
6764,0,5002,15502,15502,11551,12226
6765,0,21106,35594,35594,36130,38118
6766,0,5823,16323,16323,36456,17089
6767,0,24868,38220,38220,12664,14057
6768,0,5670,16170,16170,14563,11848
6769,0,3112,13612,13612,35800,12777
6770,0,182,10682,10682,36161,20729
6771,0,21378,37252,37252,17481,11335
6772,0,10004,20504,20504,36465,18160
6773,0,855,11355,11355,16138,12177
6774,0,21030,36597,36597,15203,38053
6775,0,4912,15412,15412,14970,14655
6776,0,21801,36769,36769,12592,16446
6777,0,1800,12300,12300,14266,35364
6778,0,21696,37852,37852,35049,13603
6779,0,23866,34581,34581,17437,17510
6780,0,5482,15982,15982,19580,18144
6781,0,25162,36452,36452,10523,35498
6782,0,1968,12468,12468,18997,38015
6783,0,22814,36443,36443,15929,18796
6784,0,22873,36163,36163,18916,13210
6785,0,4697,15197,15197,14084,10875
6786,0,4987,15487,15487,13599,10945
6787,0,4650,15150,15150,37926,12393
6788,0,1159,11659,11659,37134,10838
6789,0,9405,19905,19905,15479,18255
6790,0,24970,35557,35557,35138,13065
6791,0,1325,11825,11825,12911,20490
6792,0,10288,20788,20788,15678,13651
6793,0,23223,37111,37111,20680,10852
6794,0,4796,15296,15296,38133,10848
6795,0,6796,17296,17296,35183,20697
6796,0,5808,16308,16308,13272,20056
6797,0,22733,38765,38765,15613,13279
6798,0,1455,11955,11955,17452,13193
6799,0,5410,15910,15910,16573,38252
6800,0,8333,18833,18833,13267,20363
6801,0,2800,13300,13300,37076,13279
6802,0,9836,20336,20336,11454,14483
6803,0,10332,20832,20832,19775,13920
6804,0,7616,18116,18116,36187,34885
6805,0,23209,37390,37390,12044,18388
6806,0,7815,18315,18315,14432,14781
6807,0,4378,14878,14878,13004,13885
6808,0,8921,19421,19421,18592,36284
6809,0,24100,35870,35870,15711,17913
6810,0,6716,17216,17216,18583,14494
6811,0,10128,20628,20628,37444,20309
6812,0,3736,14236,14236,12672,35919
6813,0,2261,12761,12761,15785,20252
6814,0,7429,17929,17929,12604,14037
6815,0,4005,14505,14505,18218,13194
6816,0,9302,19802,19802,37491,16938
6817,0,24015,37454,37454,12968,38119
6818,0,24547,35150,35150,38912,10772
6819,0,2394,12894,12894,15261,20548
6820,0,1185,11685,11685,15951,14297
6821,0,2007,12507,12507,38687,12792
6822,0,193,10693,10693,38483,20162
6823,0,21414,37322,37322,36184,34607
6824,0,8770,19270,19270,11778,18851
6825,1,5525,16025,11920,16025,16468
6826,0,771,11271,11271,15034,36020
6827,0,23351,34547,34547,18962,37548
6828,0,1478,11978,11978,18741,15935
6829,0,1846,12346,12346,12709,20823
6830,0,3740,14240,14240,13073,35967
6831,0,21638,36569,36569,35441,11401
6832,0,7986,18486,18486,16862,35998
6833,0,405,10905,10905,37316,14305
6834,0,23272,38270,38270,11202,11999
6835,0,10265,20765,20765,35647,35655
6836,0,10088,20588,20588,12179,13023
6837,0,22552,36784,36784,37185,14888
6838,0,6317,16817,16817,36119,16522
6839,0,6581,17081,17081,11679,34698
6840,0,23395,34531,34531,36736,15527
6841,0,1447,11947,11947,36565,15723
6842,0,342,10842,10842,15442,13124
6843,0,7468,17968,17968,16149,13738
6844,0,22262,38010,38010,11509,36725
6845,0,23398,34679,34679,35281,34496
6846,0,727,11227,11227,17276,13070
6847,0,4577,15077,15077,38430,12041
6848,0,9168,19668,19668,13167,15309
6849,0,9250,19750,19750,35158,37438
6850,0,3516,14016,14016,38450,35065
6851,0,23215,37302,37302,38856,35860
6852,0,23333,36047,36047,35075,35719
6853,0,7156,17656,17656,36405,18918
6854,0,7851,18351,18351,10695,17085
6855,0,10178,20678,20678,14165,34477
6856,0,9491,19991,19991,12035,20821
6857,0,1348,11848,11848,16170,18106
6858,0,660,11160,11160,19897,17715
6859,0,1492,11992,11992,19237,10525
6860,0,22840,36229,36229,36619,16752
6861,0,22692,36749,36749,36528,17430
6862,0,5154,15654,15654,36750,16094
6863,0,23731,34467,34467,18202,34506
6864,0,9885,20385,20385,37619,11835
6865,0,22939,38541,38541,11609,34512
6866,0,9277,19777,19777,37909,16988
6867,0,2524,13024,13024,16365,35144
6868,0,21894,35495,35495,16145,16045
6869,0,24418,36664,36664,11612,14772
6870,0,5374,15874,15874,18990,13772
6871,0,3198,13698,13698,19752,12009
6872,0,5717,16217,16217,11442,36753
6873,0,21958,35365,35365,15284,11890
6874,0,24442,37617,37617,12638,37567
6875,0,24199,36279,36279,12775,36853
6876,0,8259,18759,18759,11530,17311
6877,0,22936,36363,36363,18277,38675
6878,0,40,10540,10540,19181,13339
6879,0,10461,20961,20961,37571,11895
6880,0,23974,36531,36531,17191,16846
6881,0,24874,35562,35562,20006,19670
6882,0,23079,37223,37223,12769,11373
6883,0,6816,17316,17316,38017,16559
6884,0,22778,34519,34519,38829,35135
6885,0,23402,35468,35468,35837,37430
6886,0,21039,36183,36183,11598,35990
6887,0,23843,34664,34664,16729,17025
6888,0,2723,13223,13223,20591,37068
6889,0,23207,37748,37748,14248,12096
6890,0,21068,36818,36818,10808,20167
6891,0,9335,19835,19835,34708,14516
6892,0,25281,38562,38562,11364,35883
6893,0,7155,17655,17655,19044,14477
6894,0,21184,35463,35463,16881,12843
6895,0,24762,37801,37801,15115,10651
6896,0,22931,35724,35724,36684,17474
6897,0,7230,17730,17730,11505,20169
6898,0,10412,20912,20912,20425,17748
6899,0,5075,15575,15575,17683,37553
6900,0,22459,34483,34483,38179,12392
6901,0,7880,18380,18380,13900,18102
6902,0,5394,15894,15894,17068,36033
6903,0,9641,20141,20141,13044,34678
6904,0,24963,36786,36786,18902,14710
6905,0,7789,18289,18289,17052,36406
6906,0,21136,37977,37977,37000,20169
6907,0,4088,14588,14588,36069,37028
6908,0,1967,12467,12467,11577,17601
6909,0,21839,37449,37449,34460,14522
6910,0,23999,37172,37172,12491,37438
6911,0,22104,38354,38354,11665,18129
6912,0,6999,17499,17499,37424,13603
6913,0,423,10923,10923,12216,18731
6914,0,23154,37873,37873,20980,15619
6915,0,10096,20596,20596,18899,18150
6916,0,25405,38224,38224,15044,19802
6917,0,25007,36822,36822,10758,20661
6918,0,6142,16642,16642,10656,12511
6919,0,5661,16161,16161,16412,38064
6920,0,9031,19531,19531,38455,18538
6921,0,4596,15096,15096,38304,13369
6922,0,2659,13159,13159,15356,34755
6923,0,141,10641,10641,38844,19564
6924,0,2597,13097,13097,11698,12776
6925,0,6701,17201,17201,11937,15050
6926,0,1377,11877,11877,19075,20277
6927,26,3674,14174,20421,36437,16724
6928,0,9658,20158,20158,18507,11314
6929,0,24946,38805,38805,11705,19181
6930,0,6362,16862,16862,10861,13850
6931,0,23194,38509,38509,37324,35909
6932,0,4741,15241,15241,14894,17618
6933,0,1138,11638,11638,18026,15260
6934,0,10449,20949,20949,12015,19110
6935,0,7374,17874,17874,38331,20061
6936,0,1787,12287,12287,13130,11816
6937,0,21019,35989,35989,35645,36299
6938,0,4646,15146,15146,14348,12748
6939,0,7568,18068,18068,14843,34963
6940,0,459,10959,10959,35640,17821
6941,0,6115,16615,16615,15846,35105
6942,0,8179,18679,18679,16739,15066
6943,0,948,11448,11448,34600,15386
6944,0,9528,20028,20028,34608,13824
6945,0,6370,16870,16870,36688,37293
6946,0,4628,15128,15128,14426,36184
6947,0,7358,17858,17858,14883,38930
6948,0,5925,16425,16425,34634,15301
6949,0,6040,16540,16540,18289,37337
6950,0,441,10941,10941,13994,38394
6951,0,6659,17159,17159,14226,10582
6952,24,9794,20294,12524,35124,17253
6953,0,10430,20930,20930,15227,20630
6954,0,8831,19331,19331,37693,11636
6955,0,9046,19546,19546,19136,14723
6956,0,3830,14330,14330,35332,12271
6957,0,22449,38061,38061,12152,16534
6958,0,6144,16644,16644,13809,35988
6959,0,23270,37547,37547,10746,14188
6960,0,6344,16844,16844,13163,20661
6961,0,22403,36393,36393,17716,16341
6962,0,1958,12458,12458,16038,14919
6963,0,9262,19762,19762,15660,16494
6964,0,155,10655,10655,13396,14043
6965,0,10487,20987,20987,19635,11138
6966,0,25487,35891,35891,10565,36251
6967,0,4578,15078,15078,37675,20702
6968,0,1089,11589,11589,36931,13757
6969,0,6049,16549,16549,18218,14505
6970,0,22016,35092,35092,13154,15647
6971,0,22748,37703,37703,36962,34642
6972,0,9122,19622,19622,15743,15059
6973,0,7950,18450,18450,18842,16808
6974,0,23311,35061,35061,18747,18997
6975,0,1674,12174,12174,17075,15610
6976,0,6763,17263,17263,34861,34907
6977,0,22233,36519,36519,11286,35597
6978,0,6416,16916,16916,14220,11644
6979,0,24205,38305,38305,18874,34526
6980,0,25171,35399,35399,15799,15905
6981,0,2326,12826,12826,18070,19075
6982,0,7096,17596,17596,20303,13575
6983,0,21077,36961,36961,36691,17615
6984,0,23139,35740,35740,14682,34871
6985,0,6450,16950,16950,14361,14688
6986,0,23467,37896,37896,36586,13372
6987,0,1715,12215,12215,34917,13716
6988,0,9890,20390,20390,38891,14197
6989,0,9172,19672,19672,15808,15877
6990,0,8381,18881,18881,11189,14705
6991,0,9433,19933,19933,15803,15369
6992,0,3831,14331,14331,36108,15201
6993,0,6299,16799,16799,16307,37969
6994,0,3348,13848,13848,11055,14291
6995,0,23479,38243,38243,10510,38802
6996,0,9177,19677,19677,15496,14760
6997,0,10013,20513,20513,14981,14686
6998,0,587,11087,11087,36663,11512
6999,0,9346,19846,19846,34473,13275
7000,0,25354,34924,34924,34660,16456
7001,0,21915,38247,38247,37621,35802
7002,0,10091,20591,20591,13223,37068
7003,0,2990,13490,13490,13651,18390
7004,0,21040,37894,37894,13106,17708
7005,0,22485,35791,35791,38240,38282
7006,0,24873,37272,37272,20027,17321
7007,0,9587,20087,20087,38010,14582
7008,0,264,10764,10764,15748,35590
7009,0,22191,36613,36613,14889,36626
7010,0,6788,17288,17288,38665,17911
7011,0,22568,38268,38268,15324,18187
7012,0,22543,36727,36727,35988,11013
7013,0,10131,20631,20631,38136,11937
7014,0,3864,14364,14364,12401,38107
7015,0,10435,20935,20935,20747,11371
7016,0,25182,34552,34552,16386,35065
7017,0,6274,16774,16774,16784,16536
7018,0,23844,36980,36980,12365,16369
7019,1,24010,38664,17843,38664,38813
7020,0,3711,14211,14211,16392,35335
7021,0,8438,18938,18938,34760,17013
7022,0,9786,20286,20286,20796,38580
7023,0,1529,12029,12029,13737,35138
7024,0,24483,36253,36253,18417,17770
7025,0,923,11423,11423,17104,12963
7026,0,22846,36758,36758,37491,15170
7027,0,7329,17829,17829,37320,20766
7028,0,4364,14864,14864,17263,10891
7029,0,669,11169,11169,35236,11335
7030,0,3604,14104,14104,37911,17119
7031,0,5108,15608,15608,15749,10757
7032,0,10102,20602,20602,35943,19274
7033,0,22711,37480,37480,16073,12653
7034,0,5248,15748,15748,35590,19653
7035,0,7183,17683,17683,37553,15575
7036,0,23917,34848,34848,14763,34847
7037,0,2591,13091,13091,11500,17011
7038,0,5906,16406,16406,37740,36521
7039,0,9973,20473,20473,12257,18691
7040,0,6509,17009,17009,20700,20901
7041,0,22189,35165,35165,37290,11275
7042,0,7133,17633,17633,15083,37178
7043,0,2307,12807,12807,13717,34965
7044,0,8804,19304,19304,38041,20650
7045,0,3690,14190,14190,37605,34889
7046,0,687,11187,11187,20743,17580
7047,0,612,11112,11112,38859,36342
7048,0,7167,17667,17667,16671,19668
7049,0,22157,35786,35786,16787,11822
7050,0,3200,13700,13700,15092,17292
7051,0,10459,20959,20959,15271,12662
7052,0,22278,35128,35128,13395,36946
7053,0,6629,17129,17129,12789,38741
7054,0,4135,14635,14635,15066,11743
7055,0,1898,12398,12398,14863,11231
7056,0,282,10782,10782,35763,36249
7057,0,258,10758,10758,36822,20661
7058,0,22514,35076,35076,37624,37437
7059,0,25260,38810,38810,38594,35518
7060,0,4943,15443,15443,17119,14588
7061,0,2822,13322,13322,17559,12350
7062,0,23106,35491,35491,36805,10544
7063,0,3525,14025,14025,18819,37106
7064,0,22858,38453,38453,15496,38614
7065,0,5223,15723,15723,13726,11947
7066,0,2285,12785,12785,14130,13183
7067,0,6063,16563,16563,14131,34504
7068,0,8078,18578,18578,17634,20307
7069,0,4654,15154,15154,10975,18193
7070,0,5000,15500,15500,13730,15278
7071,0,6710,17210,17210,12427,34908
7072,0,21074,37960,37960,10798,19181
7073,0,8676,19176,19176,15560,35808
7074,0,10403,20903,20903,17285,14974
7075,0,5416,15916,15916,36645,14825
7076,0,475,10975,10975,15154,14277
7077,0,2555,13055,13055,17240,11946
7078,0,8087,18587,18587,17031,20546
7079,0,7,10507,10507,13926,36863
7080,0,6411,16911,16911,10626,36810
7081,0,22418,37716,37716,10951,14406
7082,0,23296,37341,37341,13972,13149
7083,0,5546,16046,16046,35546,36085
7084,0,2426,12926,12926,18329,17395
7085,0,6744,17244,17244,19862,17969
7086,0,10006,20506,20506,38803,18113
7087,0,22323,38408,38408,38932,13223
7088,0,2274,12774,12774,37882,13773
7089,0,9203,19703,19703,13766,15551
7090,0,1577,12077,12077,17815,11429
7091,0,7264,17764,17764,20441,17109
7092,0,9259,19759,19759,19166,13210
7093,0,10183,20683,20683,13118,16913
7094,0,3970,14470,14470,11055,36947
7095,0,5879,16379,16379,38110,15331
7096,0,21639,36582,36582,35756,36890
7097,0,24611,37965,37965,16453,14502
7098,0,7193,17693,17693,14761,37720
7099,0,3867,14367,14367,18495,18538
7100,0,22422,38098,38098,36027,15679
7101,0,6823,17323,17323,13551,13682
7102,0,23480,35200,35200,16579,18826
7103,0,7548,18048,18048,14044,12870
7104,0,781,11281,11281,18363,35741
7105,0,22285,38730,38730,36325,35162
7106,0,1749,12249,12249,20814,36745
7107,0,21723,34943,34943,36098,17647
7108,0,6519,17019,17019,16849,12161
7109,0,5774,16274,16274,16325,37821
7110,0,9283,19783,19783,14817,13160
7111,0,9369,19869,19869,16305,12202
7112,0,2324,12824,12824,17275,11560
7113,0,10271,20771,20771,35777,35962
7114,0,5055,15555,15555,38623,15679
7115,0,23943,34760,34760,18938,11627
7116,0,23542,37495,37495,18012,11230
7117,0,10482,20982,20982,17217,18801
7118,0,1727,12227,12227,15253,35508
7119,0,610,11110,11110,15963,19772
7120,0,4666,15166,15166,14383,38233
7121,0,5413,15913,15913,14739,17476
7122,0,8103,18603,18603,13806,10526
7123,0,8174,18674,18674,12630,38481
7124,0,8535,19035,19035,37769,19385
7125,0,23074,35309,35309,18261,11081
7126,0,3750,14250,14250,17907,20742
7127,0,24641,35367,35367,15340,34495
7128,0,97,10597,10597,37475,18802
7129,0,6985,17485,17485,37559,36974
7130,0,3137,13637,13637,13330,11013
7131,0,1537,12037,12037,18545,12060
7132,0,3648,14148,14148,14674,38548
7133,0,23631,37293,37293,16941,36688
7134,2,1517,12017,34606,12368,12017
7135,0,23286,37996,37996,14617,35593
7136,0,4624,15124,15124,12658,34846
7137,0,6566,17066,17066,20031,17838
7138,0,2090,12590,12590,38923,19075
7139,0,7097,17597,17597,19301,18266
7140,0,6171,16671,16671,17667,19401
7141,0,7521,18021,18021,20190,13881
7142,0,572,11072,11072,17419,34885
7143,0,22190,38238,38238,11978,19358
7144,0,23423,37577,37577,37537,38334
7145,0,3062,13562,13562,19372,35256
7146,0,597,11097,11097,13659,19243
7147,0,6633,17133,17133,15636,35937
7148,0,25014,38115,38115,14984,35166
7149,0,7875,18375,18375,11573,37262
7150,0,7345,17845,17845,13510,19356
7151,0,6304,16804,16804,35517,20976
7152,0,24839,35988,35988,18408,20944
7153,0,25189,38135,38135,19674,36996
7154,0,22478,38347,38347,11259,11704
7155,0,5976,16476,16476,17164,12211
7156,0,8562,19062,19062,17214,18369
7157,0,1938,12438,12438,19639,37623
7158,0,23242,36544,36544,12449,19188
7159,0,8100,18600,18600,14035,13117
7160,0,1753,12253,12253,11718,20897
7161,0,3670,14170,14170,37477,14949
7162,0,21545,35995,35995,19969,36389
7163,0,2361,12861,12861,38618,15610
7164,0,4260,14760,14760,14831,17602
7165,0,5432,15932,15932,15526,35649
7166,0,6285,16785,16785,11559,13682
7167,0,25105,35753,35753,11654,12746
7168,0,25300,38171,38171,38311,11371
7169,0,23822,35695,35695,18807,16896
7170,0,25018,36794,36794,17584,17985
7171,0,24617,36381,36381,16494,19078
7172,0,5591,16091,16091,12209,17627
7173,0,1171,11671,11671,37490,37077
7174,0,7927,18427,18427,17403,19133
7175,0,24875,36019,36019,10917,17024
7176,0,9614,20114,20114,36735,35166
7177,0,24269,35293,35293,17909,20349
7178,0,23697,37997,37997,17508,10948
7179,0,24018,36078,36078,15556,36392
7180,0,22547,37714,37714,14832,14896
7181,0,874,11374,11374,12583,34888
7182,0,2297,12797,12797,17990,12795
7183,0,24752,37926,37926,15150,17803
7184,0,2643,13143,13143,15563,38513
7185,0,21381,37874,37874,12943,20627
7186,0,5347,15847,15847,15427,37766
7187,1,9032,19532,15813,19532,11076
7188,0,21950,38865,38865,11337,20462
7189,0,581,11081,11081,20967,20128
7190,0,204,10704,10704,11001,37685
7191,0,7896,18396,18396,17594,14820
7192,0,9833,20333,20333,36201,18603
7193,0,2014,12514,12514,15811,13344
7194,0,21657,35405,35405,11357,11216
7195,0,24668,35623,35623,10778,13340
7196,0,905,11405,11405,19995,16693
7197,0,631,11131,11131,20093,20859
7198,0,8461,18961,18961,37029,18457
7199,0,22228,36455,36455,14527,18180
7200,0,1974,12474,12474,36012,16861
7201,0,162,10662,10662,17053,13380
7202,0,4998,15498,15498,36488,37268
7203,0,25298,36314,36314,14369,37856
7204,0,9557,20057,20057,11636,19331
7205,0,21243,37098,37098,34823,38235
7206,0,4713,15213,15213,11463,36330
7207,0,9067,19567,19567,35691,18675
7208,0,1431,11931,11931,36337,16033
7209,0,6868,17368,17368,38545,37867
7210,3,24215,37674,38060,19633,17255
7211,0,7710,18210,18210,12467,34901
7212,0,7736,18236,18236,14261,10980
7213,0,4283,14783,14783,18576,18704
7214,0,7531,18031,18031,34930,36875
7215,0,22031,35877,35877,13772,15874
7216,0,22964,35008,35008,35007,19998
7217,0,10053,20553,20553,19283,18840
7218,0,24576,34811,34811,18453,11074
7219,0,3384,13884,13884,18220,14176
7220,0,23090,38309,38309,37095,19730
7221,0,21257,36313,36313,36500,36324
7222,0,23422,36453,36453,16702,35863
7223,0,7462,17962,17962,11162,11242
7224,0,3331,13831,13831,14364,16469
7225,0,25107,38269,38269,37803,16475
7226,0,24666,34555,34555,16090,37003
7227,0,6404,16904,16904,19311,16317
7228,0,8895,19395,19395,17822,17135
7229,0,2096,12596,12596,16339,20761
7230,0,10195,20695,20695,16932,17753
7231,0,23519,36575,36575,18907,34946
7232,0,7999,18499,18499,36882,36883
7233,0,5017,15517,15517,13159,20280
7234,0,8738,19238,19238,12059,14819
7235,0,1449,11949,11949,20605,38449
7236,0,6900,17400,17400,16932,34934
7237,0,2610,13110,13110,12794,18186
7238,0,1900,12400,12400,19456,11182
7239,0,8186,18686,18686,13438,20800
7240,0,3920,14420,14420,35482,17855
7241,0,2757,13257,13257,15087,36016
7242,0,6397,16897,16897,17363,19605
7243,0,10077,20577,20577,15700,13110
7244,0,22173,36962,36962,37703,16779
7245,0,2097,12597,12597,11122,15797
7246,0,8329,18829,18829,18569,37885
7247,0,21605,38147,38147,13014,12658
7248,0,5624,16124,16124,15730,16265
7249,0,9028,19528,19528,38335,19920
7250,0,3471,13971,13971,12429,11922
7251,0,8266,18766,18766,13366,15661
7252,0,2171,12671,12671,37273,15820
7253,0,23127,37815,37815,20915,13425
7254,0,21200,37745,37745,18811,34823
7255,0,8590,19090,19090,18613,38289
7256,0,2010,12510,12510,15848,35967
7257,0,24124,38649,38649,20101,18428
7258,0,1283,11783,11783,16409,19831
7259,0,24573,36745,36745,15562,35540
7260,0,10028,20528,20528,34514,34995
7261,0,24173,38370,38370,17126,16020
7262,0,1019,11519,11519,16755,20703
7263,0,9518,20018,20018,37585,13423
7264,0,21742,34962,34962,16623,16664
7265,4,8667,19167,19911,37945,19326
7266,0,2810,13310,13310,11625,19121
7267,0,22855,36907,36907,38898,36155
7268,0,1651,12151,12151,13292,20853
7269,0,23000,38391,38391,36212,36369
7270,0,1169,11669,11669,19309,38042
7271,0,24422,34680,34680,37443,13873
7272,0,9398,19898,19898,20100,14799
7273,0,6256,16756,16756,37666,37796
7274,0,5469,15969,15969,12251,12811
7275,0,24052,37060,37060,36816,35295
7276,0,10258,20758,20758,36741,35276
7277,0,867,11367,11367,12050,36036
7278,0,24446,35126,35126,19392,35388
7279,0,5093,15593,15593,19159,37640
7280,0,5433,15933,15933,36245,17531
7281,0,541,11041,11041,15764,13578
7282,0,9324,19824,19824,20895,10626
7283,0,24882,38717,38717,20948,14554
7284,0,6354,16854,16854,36593,16447
7285,0,25259,37973,37973,10824,19708
7286,0,3390,13890,13890,19962,11804
7287,0,21002,35114,35114,13690,13743
7288,0,25078,35411,35411,38587,35014
7289,0,23900,37641,37641,35946,18159
7290,0,22498,38864,38864,35183,17296
7291,0,22238,34735,34735,11475,35929
7292,0,21572,34965,34965,12807,13717
7293,0,3959,14459,14459,20481,17663
7294,0,22406,37875,37875,13273,37173
7295,0,6643,17143,17143,18944,20327
7296,0,6841,17341,17341,37234,17330
7297,0,24880,36371,36371,18258,14459
7298,0,3586,14086,14086,11890,37985
7299,0,24706,36057,36057,12164,36058
7300,0,2563,13063,13063,17590,35849
7301,0,21283,34782,34782,13353,34765
7302,0,21809,37334,37334,19938,11689
7303,0,23377,35892,35892,38704,13928
7304,0,5036,15536,15536,12180,12729
7305,1,1080,11580,11180,11580,12649
7306,0,5891,16391,16391,11594,11239
7307,0,10277,20777,20777,18300,35491
7308,0,24286,34604,34604,13512,34833
7309,0,4966,15466,15466,18806,37757
7310,0,2023,12523,12523,19815,11723
7311,0,22371,37446,37446,11228,37931
7312,0,7909,18409,18409,11406,15699
7313,0,24809,37050,37050,14549,10723
7314,0,7321,17821,17821,14023,36679
7315,0,226,10726,10726,11199,17338
7316,0,1013,11513,11513,38261,12215
7317,0,1929,12429,12429,13971,11922
7318,0,21857,36528,36528,17430,36749
7319,0,5251,15751,15751,10861,16862
7320,0,9596,20096,20096,38507,35216
7321,0,2179,12679,12679,35962,19790
7322,0,697,11197,11197,18356,15611
7323,0,1124,11624,11624,18296,38400
7324,0,7378,17878,17878,35162,37574
7325,0,21592,36244,36244,20283,14982
7326,0,5110,15610,15610,20596,12861
7327,14,7902,18402,11509,38245,16552
7328,0,1778,12278,12278,19205,38306
7329,0,24581,35897,35897,13759,20407
7330,2,2634,13134,35600,19254,13134
7331,0,7544,18044,18044,11817,15856
7332,0,7604,18104,18104,35761,12886
7333,0,3489,13989,13989,38082,20390
7334,0,1037,11537,11537,18090,10882
7335,0,10448,20948,20948,38717,14554
7336,0,22765,36198,36198,35221,13923
7337,0,24720,38873,38873,36864,18623
7338,0,8505,19005,19005,18197,19660
7339,0,2649,13149,13149,37341,37076
7340,0,10473,20973,20973,37627,13867
7341,0,2979,13479,13479,35722,38030
7342,0,2547,13047,13047,12180,15536
7343,0,5132,15632,15632,18883,20548
7344,0,2159,12659,12659,19029,14848
7345,0,25407,35289,35289,12326,17135
7346,0,9114,19614,19614,13556,37927
7347,0,6445,16945,16945,12903,20944
7348,0,3967,14467,14467,18673,11735
7349,0,1428,11928,11928,17098,37184
7350,0,21658,36570,36570,11376,34814
7351,0,2520,13020,13020,10578,19196
7352,0,25490,35938,35938,10919,11170
7353,0,8033,18533,18533,16805,18102
7354,0,24705,36814,36814,11698,35629
7355,0,23181,36910,36910,38799,13586
7356,0,23729,38769,38769,36893,36977
7357,0,448,10948,10948,17508,37997
7358,0,23089,36684,36684,12675,35836
7359,0,9476,19976,19976,12393,20554
7360,0,5995,16495,16495,38014,16669
7361,0,22243,38234,38234,36613,12862
7362,0,3727,14227,14227,11096,12495
7363,0,7353,17853,17853,10783,15733
7364,0,8553,19053,19053,20912,20425
7365,0,6279,16779,16779,36962,38840
7366,0,24300,37375,37375,17976,14269
7367,0,7295,17795,17795,20374,35275
7368,0,9496,19996,19996,13205,35968
7369,0,6251,16751,16751,17777,15089
7370,0,5926,16426,16426,15426,18805
7371,0,2460,12960,12960,37279,16740
7372,0,22,10522,10522,16672,36130
7373,0,2066,12566,12566,34919,16597
7374,0,1653,12153,12153,10702,20036
7375,0,8894,19394,19394,20289,12324
7376,0,8706,19206,19206,17399,35597
7377,0,21636,34895,34895,13497,20942
7378,0,1376,11876,11876,12661,36976
7379,0,1724,12224,12224,20589,18716
7380,0,22001,34620,34620,14214,12522
7381,0,3754,14254,14254,11222,20861
7382,0,25026,34477,34477,19048,17446
7383,0,8652,19152,19152,18067,17556
7384,0,4183,14683,14683,13892,10864
7385,0,4082,14582,14582,13106,17569
7386,0,9678,20178,20178,13346,17940
7387,0,23675,35830,35830,36824,11135
7388,0,8474,18974,18974,36676,20631
7389,0,6579,17079,17079,18126,20601
7390,0,4558,15058,15058,13370,11844
7391,0,3537,14037,14037,12562,11769
7392,0,7003,17503,17503,11084,20421
7393,0,23725,34733,34733,11381,14812
7394,0,9560,20060,20060,12897,36101
7395,0,24423,38178,38178,19353,20776
7396,0,22636,38449,38449,20605,18862
7397,0,8789,19289,19289,12340,14894
7398,0,9951,20451,20451,15577,19847
7399,0,646,11146,11146,20952,15191
7400,0,6381,16881,16881,15693,35463
7401,0,7527,18027,18027,37244,12297
7402,0,24824,38505,38505,11880,10992
7403,0,21351,36033,36033,17654,16209
7404,0,7165,17665,17665,34767,15786
7405,0,22301,35620,35620,35076,35619
7406,0,24603,35907,35907,20167,38548
7407,0,7697,18197,18197,19005,36395
7408,0,25176,35142,35142,14873,17401
7409,0,25197,38079,38079,15631,36485
7410,0,4875,15375,15375,20189,14921
7411,0,21368,34696,34696,12835,38776
7412,0,24458,36845,36845,19929,14265
7413,0,5341,15841,15841,17314,35878
7414,0,22026,36756,36756,16249,14797
7415,0,7031,17531,17531,15933,36245
7416,0,2160,12660,12660,20135,11435
7417,0,685,11185,11185,16493,38592
7418,0,21722,38713,38713,13169,19914
7419,0,24336,35395,35395,35244,18791
7420,0,2461,12961,12961,19620,11507
7421,0,21323,34989,34989,19736,14097
7422,0,21182,35849,35849,36531,37409
7423,0,7128,17628,17628,17962,14080
7424,0,6267,16767,16767,14708,14541
7425,0,4941,15441,15441,19521,38478
7426,0,5946,16446,16446,12592,36769
7427,0,4583,15083,15083,17633,35950
7428,0,5784,16284,16284,19029,14064
7429,0,10422,20922,20922,18220,11548
7430,0,7569,18069,18069,17957,17340
7431,0,23972,36737,36737,15633,18460
7432,0,24770,34472,34472,17580,11731
7433,0,521,11021,11021,18353,14422
7434,0,8714,19214,19214,14393,37387
7435,0,21683,37158,37158,16988,19507
7436,0,23806,37366,37366,36742,20006
7437,0,3983,14483,14483,11454,20336
7438,0,23918,38304,38304,15096,13369
7439,1,25410,37685,11070,37685,34812
7440,0,780,11280,11280,11462,16769
7441,0,21536,34573,34573,13957,18650
7442,0,21467,38447,38447,18304,36835
7443,0,5607,16107,16107,15236,11301
7444,0,5978,16478,16478,13084,19208
7445,0,8843,19343,19343,15084,12200
7446,0,3747,14247,14247,13390,17965
7447,0,2196,12696,12696,17051,19184
7448,0,8561,19061,19061,19668,14810
7449,0,25392,38787,38787,17821,37099
7450,0,4285,14785,14785,13681,38579
7451,0,8569,19069,19069,36843,19752
7452,0,10408,20908,20908,38823,13711
7453,0,9832,20332,20332,12156,13542
7454,0,9805,20305,20305,15079,16276
7455,0,6979,17479,17479,19764,16876
7456,0,1827,12327,12327,15228,19780
7457,0,22495,35784,35784,12235,34692
7458,0,9154,19654,19654,20058,12864
7459,0,23683,38161,38161,19662,11965
7460,0,23892,38475,38475,16598,18786
7461,0,2376,12876,12876,12318,14916
7462,0,8551,19051,19051,15464,38868
7463,0,3839,14339,14339,19624,36621
7464,0,23801,38152,38152,38260,10628
7465,0,1246,11746,11746,15511,35352
7466,0,7504,18004,18004,34732,15164
7467,0,21170,35443,35443,35355,18422
7468,0,6511,17011,17011,12800,13091
7469,0,22183,35846,35846,13252,35845
7470,0,22018,37693,37693,11636,13771
7471,0,5439,15939,15939,16059,11143
7472,0,23387,34719,34719,16909,19019
7473,0,22971,35575,35575,12390,14968
7474,0,10229,20729,20729,10682,36161
7475,0,22115,37836,37836,16283,17560
7476,0,8964,19464,19464,12334,18297
7477,0,21814,34641,34641,18610,16129
7478,0,24735,35714,35714,12187,16682
7479,0,21486,38538,38538,14862,18988
7480,0,25198,38277,38277,18317,20597
7481,0,5510,16010,16010,19751,18160
7482,0,5330,15830,15830,38634,36920
7483,0,4531,15031,15031,36559,12781
7484,0,9866,20366,20366,17373,15815
7485,0,365,10865,10865,35745,16194
7486,0,23689,36077,36077,20962,15428
7487,0,21879,38933,38933,19642,17203
7488,0,147,10647,10647,11279,37331
7489,0,1668,12168,12168,14163,18736
7490,0,24530,35240,35240,12081,18053
7491,0,22679,37232,37232,17104,11423
7492,0,7650,18150,18150,20596,37015
7493,0,8599,19099,19099,17166,37045
7494,0,25050,35658,35658,18087,20176
7495,0,7788,18288,18288,20271,18390
7496,0,3456,13956,13956,14713,17737
7497,5,24211,35728,15492,16378,13061
7498,0,3271,13771,13771,17033,38225
7499,0,4940,15440,15440,37200,11947
7500,0,9223,19723,19723,36060,20757
7501,0,25219,36061,36061,19326,37090
7502,0,6230,16730,16730,17532,34497
7503,0,24365,37326,37326,15200,15539
7504,0,25428,36466,36466,38351,17217
7505,0,9047,19547,19547,13781,38914
7506,0,3926,14426,14426,15128,16383
7507,0,23095,36774,36774,12202,11290
7508,0,8080,18580,18580,12858,16067
7509,0,78,10578,10578,19196,13020
7510,0,7088,17588,17588,20723,36637
7511,0,2247,12747,12747,35829,38285
7512,0,24712,36315,36315,19341,14956
7513,0,23816,38885,38885,14655,38945
7514,0,22195,38373,38373,15325,38475
7515,0,22886,36365,36365,37363,19228
7516,0,7451,17951,17951,17504,14940
7517,0,8980,19480,19480,14933,13522
7518,0,2279,12779,12779,16034,20393
7519,0,8123,18623,18623,38873,13004
7520,0,3897,14397,14397,35098,13908
7521,0,22532,36023,36023,36022,19432
7522,0,7177,17677,17677,11275,37290
7523,0,9312,19812,19812,20867,13497
7524,0,22477,38156,38156,35845,16756
7525,0,3631,14131,14131,36261,12410
7526,0,24243,36893,36893,38769,14888
7527,0,6272,16772,16772,14763,37663
7528,0,8616,19116,19116,18416,12868
7529,0,392,10892,10892,10849,20452
7530,0,3191,13691,13691,37422,34595
7531,0,16,10516,10516,18183,16030
7532,0,4200,14700,14700,34513,37933
7533,1,2672,13172,36563,13172,13250
7534,0,22205,38282,38282,19427,35791
7535,0,6164,16664,16664,36768,35211
7536,0,21798,36252,36252,20579,16456
7537,0,3493,13993,13993,14335,11190
7538,0,9651,20151,20151,20688,16440
7539,0,24599,36667,36667,19394,36843
7540,0,7394,17894,17894,16703,15588
7541,0,4839,15339,15339,16675,12618
7542,0,593,11093,11093,34780,10912
7543,0,21914,35987,35987,11686,14735
7544,0,23986,37942,37942,19542,38199
7545,0,8737,19237,19237,11992,16156
7546,0,5827,16327,16327,16544,34976
7547,0,21830,34709,34709,20723,14906
7548,0,7961,18461,18461,10994,15573
7549,0,5887,16387,16387,36405,17656
7550,0,2355,12855,12855,17153,14677
7551,0,6036,16536,16536,16774,16284
7552,0,4798,15298,15298,20519,36096
7553,0,22575,34594,34594,12235,36256
7554,0,21903,38096,38096,34684,19204
7555,0,4592,15092,15092,16185,13700
7556,0,23167,35194,35194,36952,16318
7557,0,8656,19156,19156,34919,12072
7558,0,163,10663,10663,18462,14110
7559,0,25491,37867,37867,37882,17368
7560,0,21122,38125,38125,12618,38871
7561,0,24947,38631,38631,17604,19593
7562,0,7380,17880,17880,13137,36675
7563,0,22309,38897,38897,12658,18143
7564,0,10201,20701,20701,13390,16188
7565,0,6356,16856,16856,12356,34665
7566,0,22641,35236,35236,11169,37740
7567,0,9092,19592,19592,16503,12429
7568,0,5542,16042,16042,16673,16623
7569,0,6007,16507,16507,16561,13261
7570,0,7993,18493,18493,35389,15331
7571,0,7638,18138,18138,11767,20946
7572,0,6793,17293,17293,17061,34558
7573,0,22175,34860,34860,37325,37371
7574,0,7758,18258,18258,35000,13479
7575,0,4837,15337,15337,17624,15619
7576,0,2293,12793,12793,12163,12967
7577,0,6548,17048,17048,19273,35785
7578,0,7898,18398,18398,35875,12448
7579,0,4481,14981,14981,12726,19756
7580,0,3716,14216,14216,37559,16773
7581,0,23871,34797,34797,20456,18056
7582,0,6140,16640,16640,37736,18807
7583,0,9956,20456,20456,34797,35915
7584,0,1549,12049,12049,15270,14922
7585,0,23173,35181,35181,12993,12129
7586,0,10331,20831,20831,18929,12189
7587,0,2044,12544,12544,11680,35871
7588,0,767,11267,11267,19031,13339
7589,0,5693,16193,16193,12849,36924
7590,0,7870,18370,18370,15379,19411
7591,0,9700,20200,20200,20811,37561
7592,0,7857,18357,18357,34956,15055
7593,0,3302,13802,13802,12994,35140
7594,0,4517,15017,15017,36683,36492
7595,0,22885,37810,37810,37809,37110
7596,0,22267,37106,37106,12972,34636
7597,0,3292,13792,13792,18774,19341
7598,0,9011,19511,19511,36040,12119
7599,0,1403,11903,11903,14297,12285
7600,0,1382,11882,11882,16650,19808
7601,0,10340,20840,20840,19934,15393
7602,0,6928,17428,17428,14163,12678
7603,0,5671,16171,16171,17952,13725
7604,0,1638,12138,12138,14473,13347
7605,0,23442,38656,38656,36113,17840
7606,0,6907,17407,17407,37162,16446
7607,0,8591,19091,19091,36537,38921
7608,1,6406,16906,36062,16906,20352
7609,0,9074,19574,19574,38199,15821
7610,0,24430,35717,35717,14488,17570
7611,0,1179,11679,11679,17081,17706
7612,0,5448,15948,15948,38122,35626
7613,0,10322,20822,20822,37959,38645
7614,0,5078,15578,15578,12141,14340
7615,0,8648,19148,19148,17511,34492
7616,0,5175,15675,15675,38118,18439
7617,0,10142,20642,20642,15842,20294
7618,0,689,11189,11189,37073,18881
7619,0,25269,37245,37245,16930,37808
7620,0,6525,17025,17025,11132,10981
7621,0,23536,38691,38691,20917,20129
7622,0,6488,16988,16988,16653,19507
7623,0,10145,20645,20645,17919,18865
7624,0,7154,17654,17654,36033,14417
7625,0,24404,36572,36572,20731,15864
7626,0,6610,17110,17110,13170,15815
7627,0,21008,34862,34862,38325,15225
7628,9,25358,36804,16128,37442,12217
7629,0,24632,36837,36837,16430,36838
7630,0,4349,14849,14849,17007,15630
7631,0,1884,12384,12384,13523,36300
7632,0,21521,36924,36924,19310,13838
7633,0,2494,12994,12994,13802,14549
7634,0,5947,16447,16447,37045,16854
7635,0,3036,13536,13536,18405,36694
7636,0,5777,16277,16277,15068,14278
7637,0,21766,35755,35755,19463,15410
7638,0,845,11345,11345,16088,14436
7639,0,8734,19234,19234,35984,38316
7640,0,23518,35876,35876,10742,13874
7641,0,24604,35831,35831,34713,36794
7642,0,7967,18467,18467,35772,37910
7643,0,23275,36679,36679,36346,17598
7644,0,7340,17840,17840,15050,19312
7645,0,23176,37479,37479,14167,17926
7646,0,23348,36359,36359,11466,19778
7647,0,7137,17637,17637,18659,38609
7648,0,2964,13464,13464,12746,15934
7649,0,2529,13029,13029,12137,10505
7650,0,5772,16272,16272,19416,11837
7651,0,1048,11548,11548,14056,35032
7652,0,7045,17545,17545,17613,11818
7653,0,1960,12460,12460,14810,18015
7654,0,2530,13030,13030,38598,15256
7655,0,23767,35098,35098,14397,20153
7656,0,8429,18929,18929,20831,15219
7657,0,4917,15417,15417,20842,14760
7658,0,9325,19825,19825,14248,15215
7659,0,5901,16401,16401,37546,17900
7660,0,8286,18786,18786,11441,38475
7661,0,4259,14759,14759,34935,20047
7662,0,23707,36812,36812,37124,16517
7663,0,24894,37461,37461,15956,36504
7664,0,5656,16156,16156,19237,34677
7665,0,6097,16597,16597,15744,12566
7666,0,5907,16407,16407,19092,16126
7667,0,7373,17873,17873,35792,11201
7668,0,2978,13478,13478,14879,16087
7669,0,21796,37257,37257,37581,36533
7670,0,21104,37923,37923,15722,20576
7671,0,6721,17221,17221,11245,15516
7672,0,7842,18342,18342,16894,20119
7673,0,8264,18764,18764,19807,20927
7674,0,24883,37126,37126,36049,15567
7675,0,21902,36071,36071,12549,14812
7676,0,3138,13638,13638,20407,10698
7677,0,8325,18825,18825,17667,19749
7678,0,21443,38856,38856,37302,35860
7679,0,23216,37814,37814,38527,14173
7680,0,25069,35381,35381,16126,12898
7681,0,1826,12326,12326,35289,17608
7682,0,5548,16048,16048,17796,13404
7683,0,8785,19285,19285,12396,18710
7684,0,22656,34877,34877,13636,16823
7685,0,560,11060,11060,34931,34559
7686,0,23327,37330,37330,38133,13603
7687,0,8435,18935,18935,19833,15199
7688,0,5435,15935,15935,34631,18254
7689,0,4437,14937,14937,16136,13729
7690,0,10382,20882,20882,35466,35093
7691,0,8597,19097,19097,37088,16376
7692,0,1442,11942,11942,18634,11758
7693,0,8453,18953,18953,20973,35529
7694,0,4406,14906,14906,16462,19923
7695,0,21596,38263,38263,38463,14778
7696,0,1689,12189,12189,15334,36891
7697,0,21595,38767,38767,38753,34765
7698,0,9917,20417,20417,36479,14427
7699,0,24557,37458,37458,37664,17162
7700,0,5962,16462,16462,19923,14906
7701,0,2496,12996,12996,34699,15476
7702,0,24436,38566,38566,14013,16282
7703,0,340,10840,10840,17168,36423
7704,0,2408,12908,12908,38322,13236
7705,0,9793,20293,20293,17891,36663
7706,0,21787,36471,36471,37414,17358
7707,0,5782,16282,16282,14013,15738
7708,1,4576,15076,20778,15076,34766
7709,0,3725,14225,14225,11941,14508
7710,1,24487,38886,13295,38886,18835
7711,0,2785,13285,13285,16910,20133
7712,0,9715,20215,20215,12316,38418
7713,0,22224,36862,36862,16472,12254
7714,0,25010,38062,38062,15543,38367
7715,0,1012,11512,11512,20444,36663
7716,0,5280,15780,15780,12762,38076
7717,0,4895,15395,15395,13839,16021
7718,0,9958,20458,20458,14219,35955
7719,0,7121,17621,17621,36820,12217
7720,0,6549,17049,17049,13060,38492
7721,0,4037,14537,14537,11886,12681
7722,0,148,10648,10648,36397,11051
7723,0,285,10785,10785,14302,38592
7724,6,22624,38623,15679,15624,38098
7725,0,8555,19055,19055,34808,37643
7726,0,25391,36095,36095,18990,18117
7727,0,21967,36552,36552,37642,15012
7728,0,9732,20232,20232,15690,17782
7729,0,6770,17270,17270,10893,10819
7730,0,4443,14943,14943,12694,11514
7731,0,7446,17946,17946,13667,18934
7732,0,236,10736,10736,20187,35157
7733,0,21741,38353,38353,13117,37106
7734,0,25079,34714,34714,35756,19008
7735,0,7123,17623,17623,36000,19604
7736,0,24512,36468,36468,36734,37060
7737,0,25316,38300,38300,17680,17287
7738,0,3083,13583,13583,15446,13212
7739,0,21228,38336,38336,12309,36814
7740,0,10294,20794,20794,19365,15131
7741,0,632,11132,11132,35213,35676
7742,0,6813,17313,17313,35941,13267
7743,0,2493,12993,12993,35181,16712
7744,0,2665,13165,13165,20970,11789
7745,0,21784,36691,36691,36961,17615
7746,0,23364,36775,36775,20973,13483
7747,0,23355,36573,36573,12656,16084
7748,0,21102,34486,34486,20650,35757
7749,0,10060,20560,20560,20688,10727
7750,0,24673,35771,35771,13470,13980
7751,0,21475,36035,36035,12929,18484
7752,0,24024,36657,36657,34676,18074
7753,0,4211,14711,14711,15089,11412
7754,0,9686,20186,20186,17403,18427
7755,0,22225,34553,34553,19562,15741
7756,0,3874,14374,14374,35220,19381
7757,0,9424,19924,19924,12113,17952
7758,0,21388,34813,34813,36241,18942
7759,0,2817,13317,13317,18084,12780
7760,0,23988,37722,37722,37829,13944
7761,0,21501,38274,38274,20067,19209
7762,0,23114,38681,38681,11837,35167
7763,0,24335,37437,37437,38809,35077
7764,0,7426,17926,17926,14167,20694
7765,0,23626,37621,37621,38247,14209
7766,0,24847,36661,36661,17116,15091
7767,0,21061,35213,35213,36835,11170
7768,0,23708,37773,37773,10586,12499
7769,0,9777,20277,20277,17753,12766
7770,0,1735,12235,12235,34651,34594
7771,0,7397,17897,17897,36921,18322
7772,0,22730,34975,34975,38536,13321
7773,0,4255,14755,14755,37825,35740
7774,0,22429,37835,37835,17842,17211
7775,0,2475,12975,12975,15760,17654
7776,0,23418,34716,34716,34672,35789
7777,0,25145,38934,38934,36694,19501
7778,0,3713,14213,14213,13703,34485
7779,0,23256,37434,37434,19433,10787
7780,0,1804,12304,12304,17119,15048
7781,0,707,11207,11207,36673,36045
7782,0,23005,35198,35198,36564,35152
7783,0,24116,37760,37760,36151,18284
7784,0,5189,15689,15689,14275,37496
7785,0,25127,37013,37013,34945,17694
7786,2,5472,15972,37377,19306,15972
7787,0,72,10572,10572,18542,35331
7788,0,7843,18343,18343,16239,15121
7789,0,5101,15601,15601,17391,17665
7790,0,6764,17264,17264,36700,36703
7791,0,9382,19882,19882,35962,19790
7792,0,25420,34753,34753,11538,34824
7793,0,1125,11625,11625,13310,19121
7794,0,1241,11741,11741,37174,18335
7795,0,21438,36300,36300,18382,12328
7796,0,23359,38128,38128,18763,10844
7797,0,2349,12849,12849,16193,35146
7798,0,22359,35503,35503,35854,35502
7799,0,6602,17102,17102,15808,10701
7800,0,24143,36160,36160,15998,37655
7801,0,6780,17280,17280,36851,11190
7802,0,9769,20269,20269,36978,38269
7803,0,24276,36058,36058,36666,12164
7804,0,21320,35881,35881,11894,15990
7805,0,4358,14858,14858,20260,19150
7806,0,1343,11843,11843,20614,20861
7807,0,24871,38940,38940,11325,19521
7808,0,25484,36986,36986,19071,20228
7809,0,23963,38328,38328,10788,36521
7810,0,8632,19132,19132,19633,19292
7811,0,6652,17152,17152,20310,36736
7812,0,1100,11600,11600,13898,20832
7813,0,23796,34789,34789,36121,19676
7814,0,9160,19660,19660,15325,38484
7815,0,8841,19341,19341,13792,17083
7816,0,9738,20238,20238,13572,17337
7817,0,7327,17827,17827,38880,10552
7818,0,7622,18122,18122,19445,14985
7819,0,987,11487,11487,37668,18562
7820,0,25059,34618,34618,11209,35318
7821,0,2852,13352,13352,17655,18818
7822,0,25323,35655,35655,20765,35647
7823,0,8853,19353,19353,20776,38178
7824,0,630,11130,11130,17517,16382
7825,0,1249,11749,11749,37930,13593
7826,0,3179,13679,13679,15543,12407
7827,0,482,10982,10982,17078,19729
7828,0,9776,20276,20276,13290,36496
7829,0,9654,20154,20154,11818,15805
7830,0,3040,13540,13540,11622,38113
7831,0,5010,15510,15510,37441,18575
7832,0,21227,38859,38859,11112,19298
7833,0,7000,17500,17500,19384,14877
7834,0,3273,13773,13773,12292,35629
7835,3,7227,17727,38382,15971,20157
7836,0,3683,14183,14183,12746,16383
7837,0,6674,17174,17174,35655,34492
7838,0,6807,17307,17307,36076,17867
7839,0,21813,36297,36297,10665,18066
7840,0,22877,38564,38564,38802,14155
7841,0,1316,11816,11816,37289,12287
7842,0,3225,13725,13725,11306,17952
7843,0,1072,11572,11572,16874,11811
7844,0,4815,15315,15315,11127,37997
7845,1,24608,36633,11554,36633,37343
7846,0,23600,34783,34783,15222,12245
7847,0,9852,20352,20352,16803,16906
7848,0,5752,16252,16252,19137,37441
7849,0,22618,34577,34577,35082,18904
7850,0,23601,37683,37683,18111,12089
7851,0,4616,15116,15116,36824,13586
7852,0,3097,13597,13597,13898,13520
7853,0,24084,36128,36128,18583,14494
7854,0,22150,38122,38122,14734,15948
7855,0,6869,17369,17369,20262,17126
7856,0,1300,11800,11800,15685,38683
7857,0,7285,17785,17785,15682,35123
7858,0,6284,16784,16784,16774,36271
7859,0,22633,36586,36586,37896,15163
7860,0,21375,37265,37265,15559,12604
7861,0,5495,15995,15995,19047,13863
7862,0,5291,15791,15791,20234,34986
7863,1,9600,20100,19898,20100,15331
7864,0,10037,20537,20537,10787,11812
7865,0,1798,12298,12298,37857,13268
7866,0,25208,36109,36109,12139,19883
7867,0,9667,20167,20167,16948,18263
7868,0,5203,15703,15703,13719,38255
7869,0,8227,18727,18727,14551,37945
7870,0,5047,15547,15547,35155,13642
7871,0,6441,16941,16941,17549,37293
7872,0,8636,19136,19136,11884,20548
7873,0,8105,18605,18605,20771,18962
7874,0,2359,12859,12859,36485,15214
7875,0,23938,38040,38040,37137,19476
7876,0,3654,14154,14154,19639,19216
7877,0,7052,17552,17552,37433,37731
7878,0,25317,35331,35331,36773,37176
7879,0,1286,11786,11786,12345,12940
7880,0,21593,37654,37654,35755,16417
7881,2,4445,14945,37191,38918,14945
7882,0,24773,35568,35568,17533,16589
7883,0,2137,12637,12637,37032,17523
7884,0,6787,17287,17287,37384,12524
7885,0,23581,34788,34788,37195,19182
7886,0,25334,36168,36168,16430,36837
7887,0,25221,38692,38692,14806,18897
7888,0,9873,20373,20373,35263,19835
7889,0,23406,38587,38587,10735,35411
7890,0,23814,38546,38546,16299,12901
7891,0,23388,37415,37415,18409,12314
7892,0,6894,17394,17394,10752,34921
7893,0,9884,20384,20384,34757,19877
7894,0,24358,37698,37698,10544,15256
7895,0,22531,34693,34693,12087,37202
7896,0,24194,35787,35787,13182,20684
7897,0,8564,19064,19064,14172,16180
7898,0,7151,17651,17651,37627,15269
7899,0,963,11463,11463,16509,15213
7900,0,6012,16512,16512,19165,14177
7901,0,4882,15382,15382,17625,38785
7902,0,140,10640,10640,17067,14325
7903,0,22925,36006,36006,36069,13997
7904,0,21882,37511,37511,13249,20294
7905,0,8906,19406,19406,18254,19358
7906,0,6936,17436,17436,19819,18913
7907,0,6542,17042,17042,12909,11343
7908,0,5243,15743,15743,19622,17830
7909,0,21959,35340,35340,36104,11727
7910,1,10030,20530,13314,20530,17047
7911,0,4431,14931,14931,11326,36258
7912,0,24782,36484,36484,36542,10711
7913,0,406,10906,10906,18204,36673
7914,0,8212,18712,18712,35386,11544
7915,0,9196,19696,19696,13403,17753
7916,0,24671,36500,36500,35516,36313
7917,0,23343,34563,34563,35295,38690
7918,0,24105,34697,34697,12571,19849
7919,0,25304,37695,37695,11361,35219
7920,0,21057,34542,34542,35223,38855
7921,0,9135,19635,19635,20194,38032
7922,0,8234,18734,18734,15461,13715
7923,0,25340,34982,34982,12209,17627
7924,0,25299,35523,35523,11505,37327
7925,0,21910,35174,35174,17295,35254
7926,0,23695,35516,35516,36500,36324
7927,0,4399,14899,14899,20244,19068
7928,0,5252,15752,15752,12720,19616
7929,0,11,10511,10511,15397,15637
7930,0,4760,15260,15260,11638,17077
7931,0,1177,11677,11677,18315,14432
7932,0,10139,20639,20639,17116,36661
7933,0,24320,34653,34653,14466,35244
7934,0,2863,13363,13363,12664,16006
7935,0,6471,16971,16971,16122,19565
7936,0,23357,36017,36017,16542,15722
7937,0,6228,16728,16728,14952,34955
7938,0,9218,19718,19718,18976,10616
7939,0,23352,36000,36000,17623,19604
7940,0,2989,13489,13489,10841,15678
7941,0,9153,19653,19653,12265,15748
7942,0,22194,35041,35041,17258,36722
7943,0,7117,17617,17617,10741,14139
7944,0,21767,35167,35167,18844,38681
7945,0,7010,17510,17510,17437,34581
7946,0,21974,35490,35490,37871,18094
7947,0,23676,36791,36791,13519,10651
7948,0,23840,35720,35720,13699,35147
7949,0,8927,19427,19427,38282,38240
7950,0,1440,11940,11940,10781,20782
7951,0,23217,38580,38580,34501,19912
7952,0,2875,13375,13375,34879,36694
7953,0,22132,36138,36138,16694,11705
7954,0,9108,19608,19608,14924,17636
7955,0,25184,37612,37612,19566,38536
7956,0,24355,37156,37156,10606,18052
7957,0,23691,36241,36241,38714,16245
7958,0,23322,35299,35299,13093,17573
7959,0,7232,17732,17732,36192,10829
7960,0,3726,14226,14226,38786,17159
7961,0,2772,13272,13272,36825,14994
7962,0,9816,20316,20316,14127,15506
7963,0,454,10954,10954,10569,13309
7964,0,9013,19513,19513,20931,11565
7965,0,8189,18689,18689,35824,12340
7966,0,1367,11867,11867,11943,37139
7967,0,3712,14212,14212,15975,13072
7968,0,22977,38743,38743,12322,35364
7969,0,1388,11888,11888,19632,13914
7970,0,9042,19542,19542,37942,18466
7971,0,1000,11500,11500,13091,12800
7972,0,7761,18261,18261,35309,11680
7973,0,3553,14053,14053,37852,37424
7974,0,4114,14614,14614,11997,34992
7975,0,9829,20329,20329,34576,14214
7976,0,1667,12167,12167,18406,37560
7977,0,3173,13673,13673,15747,38749
7978,0,24885,36993,36993,36994,17382
7979,0,9539,20039,20039,15878,38835
7980,0,23118,38066,38066,36934,14919
7981,0,488,10988,10988,20738,18793
7982,0,3230,13730,13730,15278,17740
7983,1,3828,14328,37354,14328,11332
7984,0,24153,34784,34784,35435,18586
7985,0,24272,36940,36940,17438,35314
7986,0,5208,15708,15708,38221,37993
7987,0,7848,18348,18348,15426,14225
7988,0,25211,35384,35384,12780,19119
7989,0,5704,16204,16204,12285,11134
7990,0,24993,38427,38427,35825,37494
7991,0,8133,18633,18633,18198,18382
7992,0,703,11203,11203,17788,34744
7993,0,5105,15605,15605,11290,19611
7994,0,24285,37306,37306,13154,15986
7995,0,3291,13791,13791,37947,20970
7996,3,8125,18625,14740,15568,15276
7997,0,24953,35825,35825,36848,38427
7998,0,22865,34560,34560,34937,13813
7999,0,9519,20019,20019,12257,34897
8000,0,21001,38414,38414,19306,37377
8001,0,21356,37496,37496,37500,15689
8002,0,4909,15409,15409,20409,12989
8003,0,4440,14940,14940,11461,19668
8004,0,24397,37623,37623,13688,10699
8005,0,986,11486,11486,37824,17888
8006,0,22677,38225,38225,38297,17276
8007,0,24251,37823,37823,19582,36913
8008,0,22307,38329,38329,36533,14679
8009,0,7705,18205,18205,34945,14010
8010,0,25432,36201,36201,20333,10526
8011,0,6257,16757,16757,34795,11695
8012,0,24388,35637,35637,16954,34956
8013,0,6089,16589,16589,17424,11630
8014,0,22862,34626,34626,19609,17114
8015,0,5238,15738,15738,34719,16909
8016,0,24217,36025,36025,38184,12275
8017,0,1198,11698,11698,12776,13097
8018,0,22496,36333,36333,38209,36111
8019,0,9710,20210,20210,16023,35115
8020,0,23403,37572,37572,10829,36192
8021,0,7519,18019,18019,37342,14176
8022,1,6812,17312,12039,17312,17203
8023,0,9991,20491,20491,35969,12811
8024,0,9206,19706,19706,19140,20623
8025,0,8320,18820,18820,13811,14262
8026,0,9556,20056,20056,14994,36825
8027,0,10225,20725,20725,18983,38016
8028,0,7175,17675,17675,15862,35480
8029,0,4470,14970,14970,38945,15412
8030,0,891,11391,11391,34732,16501
8031,0,22199,34945,34945,15788,37013
8032,0,1969,12469,12469,37589,36770
8033,0,5757,16257,16257,38885,12017
8034,0,6527,17027,17027,15245,37460
8035,0,6294,16794,16794,20260,13280
8036,0,22022,38819,38819,15821,38239
8037,0,7595,18095,18095,12673,38308
8038,0,9110,19610,19610,12598,16354
8039,0,3249,13749,13749,13935,16017
8040,0,6570,17070,17070,12128,14739
8041,0,6638,17138,17138,35288,19039
8042,0,7351,17851,17851,11357,35610
8043,0,23889,37726,37726,38390,37384
8044,0,9400,19900,19900,19315,17741
8045,0,25253,36020,36020,11271,15034
8046,0,7473,17973,17973,16075,11428
8047,0,23199,36464,36464,20389,20336
8048,0,25183,36217,36217,16901,19679
8049,0,23620,37781,37781,10686,36534
8050,0,22580,37820,37820,13123,18199
8051,0,1239,11739,11739,19970,10590
8052,0,2289,12789,12789,17129,38741
8053,0,2740,13240,13240,13656,38804
8054,10,8467,18967,16025,16813,10897
8055,0,4585,15085,15085,36026,11729
8056,0,9227,19727,19727,37450,38675
8057,0,1229,11729,11729,19105,20618
8058,0,9200,19700,19700,15984,11015
8059,0,6980,17480,17480,16441,37100
8060,0,5178,15678,15678,20788,13651
8061,0,21685,35980,35980,13882,11633
8062,0,23543,34684,34684,38096,15099
8063,0,4293,14793,14793,37602,14511
8064,0,1058,11558,11558,17030,12821
8065,0,6262,16762,16762,37921,16006
8066,0,24096,34996,34996,36283,18142
8067,0,281,10781,10781,11940,10845
8068,0,9235,19735,19735,37416,11581
8069,0,9508,20008,20008,18175,19041
8070,0,968,11468,11468,20671,37983
8071,0,23233,34533,34533,36841,12146
8072,0,3953,14453,14453,37222,10674
8073,0,1939,12439,12439,16163,16499
8074,0,24952,36641,36641,11808,13396
8075,0,1274,11774,11774,12133,12496
8076,0,619,11119,11119,34998,37155
8077,0,22704,36709,36709,34885,14306
8078,0,1742,12242,12242,14396,20189
8079,0,1390,11890,11890,18982,35365
8080,0,2203,12703,12703,36636,36157
8081,0,9771,20271,20271,20128,18288
8082,0,9847,20347,20347,37614,37700
8083,1,3568,14068,35270,14068,37914
8084,0,23805,34504,34504,12320,20263
8085,0,10404,20904,20904,34971,34829
8086,0,6116,16616,16616,20378,37488
8087,0,21299,38916,38916,15561,35903
8088,0,6052,16552,16552,11509,38010
8089,0,3178,13678,13678,35856,36503
8090,0,3192,13692,13692,12610,17814
8091,0,9499,19999,19999,38006,13779
8092,0,6099,16599,16599,35682,10998
8093,0,7029,17529,17529,18937,18367
8094,0,575,11075,11075,20521,15011
8095,0,24103,34512,34512,11609,17736
8096,0,6656,17156,17156,18026,12945
8097,0,7115,17615,17615,16820,36961
8098,0,22761,38037,38037,13051,14174
8099,0,6276,16776,16776,38909,35883
8100,0,9472,19972,19972,38644,35374
8101,0,22628,37441,37441,15510,19347
8102,0,23660,35043,35043,14185,13273
8103,0,5897,16397,16397,12447,19863
8104,0,5724,16224,16224,17251,15117
8105,0,10185,20685,20685,15098,17826
8106,0,24391,34791,34791,18091,12712
8107,0,269,10769,10769,19384,12161
8108,6,629,11129,37531,34758,18484
8109,0,21081,35930,35930,35761,11475
8110,0,3081,13581,13581,15191,18839
8111,0,3466,13966,13966,34604,13950
8112,0,6430,16930,16930,37245,19259
8113,0,22312,37940,37940,18732,13351
8114,1,7062,17562,34886,17562,11084
8115,0,23211,36548,36548,13997,15851
8116,0,25403,36175,36175,13749,16017
8117,0,25086,38609,38609,10629,11044
8118,0,5543,16043,16043,12648,11787
8119,0,10238,20738,20738,10988,15814
8120,0,4356,14856,14856,18950,15112
8121,0,23455,37639,37639,36885,20062
8122,0,2113,12613,12613,14229,36582
8123,0,8219,18719,18719,11346,12109
8124,0,10232,20732,20732,18805,17573
8125,0,22123,36080,36080,18497,35111
8126,0,25262,38198,38198,18346,11861
8127,0,3216,13716,13716,10594,12215
8128,0,3814,14314,14314,11964,34832
8129,0,8321,18821,18821,11145,13541
8130,0,24088,36836,36836,18840,20553
8131,0,2278,12778,12778,34945,37015
8132,0,4599,15099,15099,14555,34684
8133,0,13,10513,10513,15380,14423
8134,0,21052,37806,37806,13286,34574
8135,0,1525,12025,12025,37812,19855
8136,0,2365,12865,12865,18542,11397
8137,0,4648,15148,15148,17730,38134
8138,0,23316,35204,35204,34734,14638
8139,0,22770,36157,36157,36635,12703
8140,0,23730,34492,34492,20268,19148
8141,0,374,10874,10874,19594,38295
8142,0,24913,36733,36733,37192,12238
8143,0,6477,16977,16977,37391,19425
8144,0,525,11025,11025,13345,12993
8145,0,9131,19631,19631,14162,16353
8146,0,21046,38620,38620,34707,13258
8147,0,6895,17395,17395,13224,12297
8148,0,10339,20839,20839,34870,35728
8149,0,3591,14091,14091,35208,36024
8150,0,21779,35066,35066,35094,14235
8151,0,7904,18404,18404,19207,11298
8152,0,2958,13458,13458,12504,11836
8153,0,23992,35775,35775,11616,15803
8154,0,529,11029,11029,35141,15973
8155,0,3714,14214,14214,34620,14588
8156,0,4732,15232,15232,12698,36124
8157,0,9461,19961,19961,14356,17628
8158,0,22919,36433,36433,12576,12681
8159,1,1394,11894,12160,11894,19925
8160,0,23985,36161,36161,10682,20729
8161,0,24822,36542,36542,36484,10711
8162,0,9989,20489,20489,37118,16011
8163,0,25057,35131,35131,17679,12342
8164,0,9633,20133,20133,13285,15433
8165,0,22286,34534,34534,12511,12069
8166,0,22997,38754,38754,37545,20082
8167,0,25322,35963,35963,15456,17467
8168,0,5631,16131,16131,10566,35920
8169,0,9465,19965,19965,38725,19042
8170,0,6563,17063,17063,34487,11656
8171,0,4703,15203,15203,38053,36597
8172,0,1712,12212,12212,12055,14133
8173,0,24077,38595,38595,36529,13676
8174,0,955,11455,11455,20357,35552
8175,0,6675,17175,17175,12468,11977
8176,0,3453,13953,13953,15881,37657
8177,0,9579,20079,20079,35559,36286
8178,0,22528,38046,38046,19730,37095
8179,0,8595,19095,19095,14896,37835
8180,0,2071,12571,12571,15751,34697
8181,1,23996,38568,37841,38568,38144
8182,0,10169,20669,20669,20581,35088
8183,0,158,10658,10658,13880,36022
8184,0,7005,17505,17505,18201,38921
8185,0,21016,36040,36040,12119,19511
8186,0,9094,19594,19594,38295,10874
8187,0,352,10852,10852,36680,13679
8188,0,6078,16578,16578,17522,35489
8189,0,6236,16736,16736,38031,11919
8190,0,22805,36282,36282,34622,19962
8191,0,8946,19446,19446,35440,18188
8192,0,22252,35123,35123,17785,36461
8193,0,24376,38924,38924,17429,18710
8194,0,2920,13420,13420,20607,20883
8195,0,8503,19003,19003,16565,36422
8196,0,4644,15144,15144,11376,35190
8197,0,661,11161,11161,12060,13664
8198,0,7057,17557,17557,38045,37330
8199,0,10181,20681,20681,14678,36671
8200,0,3665,14165,14165,20678,15274
8201,0,7979,18479,18479,35649,35524
8202,0,306,10806,10806,18809,14500
8203,0,24544,34487,34487,11656,17063
8204,0,4790,15290,15290,12361,37922
8205,0,2356,12856,12856,15710,13050
8206,0,21850,35854,35854,35503,12873
8207,0,23895,35956,35956,11022,18822
8208,0,1927,12427,12427,17210,36313
8209,0,21927,37970,37970,37968,20687
8210,0,3427,13927,13927,13447,16629
8211,0,8941,19441,19441,15704,38126
8212,0,3638,14138,14138,18640,37007
8213,0,23637,36720,36720,37464,10501
8214,0,1266,11766,11766,12590,11270
8215,0,1560,12060,12060,35995,19969
8216,0,23212,38031,38031,11919,16736
8217,0,21698,35747,35747,15236,11301
8218,0,10326,20826,20826,15320,11529
8219,0,7179,17679,17679,35131,12387
8220,0,4109,14609,14609,11134,38863
8221,0,7867,18367,18367,17529,19414
8222,0,4904,15404,15404,13548,17763
8223,0,7294,17794,17794,11052,11285
8224,0,514,11014,11014,35619,37032
8225,0,894,11394,11394,35742,19054
8226,2,8601,19101,37134,11659,19101
8227,0,21,10521,10521,17648,35655
8228,0,22965,35537,35537,17275,12824
8229,0,24912,38874,38874,14323,36766
8230,0,899,11399,11399,11842,16282
8231,0,207,10707,10707,38331,17966
8232,0,458,10958,10958,19827,14172
8233,0,10246,20746,20746,35955,18558
8234,0,2430,12930,12930,16196,12085
8235,0,8442,18942,18942,15768,34813
8236,0,22489,36358,36358,10820,16318
8237,0,9299,19799,19799,36272,20368
8238,0,3389,13889,13889,10848,10891
8239,0,9905,20405,20405,36124,19798
8240,0,3911,14411,14411,20821,15917
8241,0,5383,15883,15883,35178,36773
8242,0,8907,19407,19407,13301,12005
8243,0,552,11052,11052,17794,10921
8244,0,9631,20131,20131,17923,15210
8245,0,10462,20962,20962,36077,20117
8246,0,3144,13644,13644,15808,19202
8247,0,6917,17417,17417,16319,17474
8248,0,2056,12556,12556,19001,14965
8249,0,1925,12425,12425,20380,17961
8250,0,634,11134,11134,14609,18183
8251,0,6082,16582,16582,16002,20942
8252,0,8508,19008,19008,19848,34987
8253,0,22870,37881,37881,36489,12177
8254,0,24403,38483,38483,10693,37972
8255,0,8619,19119,19119,35771,38005
8256,0,22661,36843,36843,19069,13880
8257,0,105,10605,10605,17348,12225
8258,0,3041,13541,13541,11145,18821
8259,0,21526,36390,36390,17643,14209
8260,0,10361,20861,20861,10713,20203
8261,0,1709,12209,12209,34982,17627
8262,0,89,10589,10589,15617,17566
8263,0,7014,17514,17514,11306,37220
8264,0,10433,20933,20933,20751,10678
8265,0,3174,13674,13674,11206,13434
8266,0,917,11417,11417,16198,15838
8267,0,7833,18333,18333,12852,20987
8268,0,6732,17232,17232,20295,10808
8269,0,1949,12449,12449,36544,12096
8270,0,23783,36196,36196,37636,11882
8271,0,25280,35000,35000,16085,18388
8272,0,6368,16868,16868,37383,20739
8273,0,1,10501,10501,11886,11491
8274,0,8032,18532,18532,19863,17517
8275,0,23102,36489,36489,12177,37881
8276,0,6047,16547,16547,37376,12791
8277,2,9127,19627,15140,38753,19627
8278,4,24353,37788,37099,14061,12310
8279,0,2720,13220,13220,37821,38169
8280,0,8783,19283,19283,20553,35558
8281,0,22720,38677,38677,37260,37528
8282,0,3117,13617,13617,11088,16790
8283,0,24233,35088,35088,20581,20669
8284,0,22261,38174,38174,20213,13861
8285,0,23191,34600,34600,11448,35541
8286,0,9768,20268,20268,34492,17375
8287,0,3762,14262,14262,18820,35951
8288,0,213,10713,10713,10848,15391
8289,0,778,11278,11278,16795,19841
8290,0,3496,13996,13996,18138,20946
8291,0,22928,37195,37195,34788,15741
8292,0,2043,12543,12543,10591,34729
8293,0,8920,19420,19420,34825,36403
8294,0,5420,15920,15920,13436,19471
8295,0,6154,16654,16654,12156,36616
8296,0,9759,20259,20259,13907,38526
8297,0,8357,18857,18857,38862,38866
8298,0,24726,35718,35718,35719,15299
8299,0,24675,37032,37032,12637,17523
8300,0,22847,36585,36585,36703,12104
8301,0,10205,20705,20705,35014,35794
8302,0,8465,18965,18965,11599,36523
8303,0,21837,36012,36012,12474,11744
8304,0,4167,14667,14667,19562,34553
8305,0,21183,34920,34920,19699,36588
8306,0,3788,14288,14288,20335,13347
8307,0,8586,19086,19086,14675,16734
8308,0,583,11083,11083,36719,15457
8309,0,21035,38830,38830,38695,37496
8310,0,25479,38936,38936,18746,18295
8311,0,116,10616,10616,36501,19718
8312,0,6644,17144,17144,20481,36191
8313,0,23273,37512,37512,37673,20239
8314,0,24510,38888,38888,14870,34725
8315,0,21861,38614,38614,38453,37010
8316,0,21541,37402,37402,37403,38930
8317,0,8712,19212,19212,17608,16510
8318,0,1763,12263,12263,18147,15805
8319,0,1875,12375,12375,14553,12359
8320,0,25346,36117,36117,36726,11154
8321,0,24482,35496,35496,15365,35815
8322,0,10445,20945,20945,17831,15609
8323,0,3224,13724,13724,34539,34538
8324,3,526,11026,38390,37726,19670
8325,0,7725,18225,18225,36745,15562
8326,0,2946,13446,13446,20484,18991
8327,0,4473,14973,14973,15174,12463
8328,0,25081,36051,36051,20321,13927
8329,0,5655,16155,16155,16043,37458
8330,0,8884,19384,19384,17500,10769
8331,0,6059,16559,16559,20988,13102
8332,0,959,11459,11459,20704,12711
8333,0,22647,36596,36596,37755,10956
8334,0,6342,16842,16842,15586,17714
8335,0,3633,14133,14133,13659,12212
8336,0,1050,11550,11550,16419,36034
8337,0,8782,19282,19282,37400,15151
8338,0,8711,19211,19211,17495,37765
8339,0,3380,13880,13880,36155,10658
8340,0,3676,14176,14176,11505,18220
8341,0,5776,16276,16276,14848,13077
8342,0,25499,37529,37529,37985,19511
8343,0,6573,17073,17073,16564,15045
8344,2,5179,15679,38623,15555,15679
8345,0,1607,12107,12107,36258,11326
8346,0,3610,14110,14110,10663,37049
8347,0,24690,38598,38598,13030,13222
8348,0,6635,17135,17135,35209,13006
8349,0,21445,38957,38957,10560,19741
8350,0,10001,20501,20501,19252,37737
8351,0,791,11291,11291,37599,20896
8352,0,8984,19484,19484,36844,19123
8353,0,3056,13556,13556,37927,19614
8354,0,10047,20547,20547,34744,36576
8355,0,1980,12480,12480,11223,16205
8356,0,21630,35385,35385,14763,17954
8357,0,3598,14098,14098,20530,18027
8358,0,933,11433,11433,19352,16399
8359,0,21213,36115,36115,35581,17884
8360,0,21125,36853,36853,11800,12552
8361,0,7424,17924,17924,34661,34737
8362,0,5626,16126,16126,35381,12898
8363,0,1682,12182,12182,16368,36880
8364,0,4179,14679,14679,17571,12265
8365,0,24926,36178,36178,19290,16646
8366,0,6446,16946,16946,12910,20981
8367,0,4116,14616,14616,36481,34627
8368,0,988,11488,11488,14886,15022
8369,0,22193,35663,35663,19819,35001
8370,0,22638,35605,35605,20353,12913
8371,0,2896,13396,13396,14043,10655
8372,0,3778,14278,14278,11672,14234
8373,0,5658,16158,16158,35521,35990
8374,0,24846,35682,35682,16599,11969
8375,0,3093,13593,13593,11749,10742
8376,0,3155,13655,13655,38049,34505
8377,0,22801,35353,35353,11811,16874
8378,0,1823,12323,12323,12110,36659
8379,0,23780,38405,38405,15199,17952
8380,0,1098,11598,11598,36183,14219
8381,0,10396,20896,20896,35983,17555
8382,0,2844,13344,13344,37747,18473
8383,0,9078,19578,19578,13732,18433
8384,0,3342,13842,13842,15688,14443
8385,0,38,10538,10538,13347,12751
8386,0,6540,17040,17040,35512,12717
8387,0,23427,37994,37994,14172,38638
8388,0,8707,19207,19207,18720,18382
8389,0,3356,13856,13856,13670,14712
8390,0,9645,20145,20145,35860,34977
8391,0,24614,35705,35705,36598,37087
8392,0,24246,35761,35761,18104,35930
8393,0,23158,36817,36817,14533,34926
8394,0,25013,34658,34658,38367,34657
8395,0,22491,35146,35146,12849,35833
8396,0,23012,36151,36151,37760,36202
8397,0,7813,18313,18313,17767,11832
8398,0,23019,38551,38551,36772,20539
8399,0,9098,19598,19598,10554,11742
8400,0,8220,18720,18720,12328,19207
8401,0,22056,37808,37808,10569,35934
8402,0,21237,34659,34659,14468,38571
8403,0,2428,12928,12928,20435,16852
8404,0,5043,15543,15543,13679,38062
8405,0,5346,15846,15846,35880,16615
8406,1,8954,19454,16340,19454,12228
8407,0,23836,35899,35899,14728,18484
8408,0,4811,15311,15311,15508,37135
8409,0,8476,18976,18976,36134,37624
8410,0,686,11186,11186,35037,18528
8411,0,4799,15299,15299,12313,35718
8412,0,7437,17937,17937,37797,35162
8413,0,2353,12853,12853,37675,14762
8414,0,6353,16853,16853,12280,37420
8415,0,21407,37365,37365,37691,19774
8416,0,4569,15069,15069,20572,16816
8417,0,8213,18713,18713,19753,20897
8418,0,2752,13252,13252,35846,37088
8419,0,9077,19577,19577,10642,35016
8420,0,8073,18573,18573,16134,16984
8421,0,9109,19609,19609,17114,13734
8422,0,1040,11540,11540,20283,13950
8423,0,7491,17991,17991,18578,16685
8424,0,1265,11765,11765,17735,11370
8425,0,24857,36731,36731,11667,20367
8426,0,25450,37871,37871,35490,38135
8427,0,7059,17559,17559,13322,19421
8428,0,277,10777,10777,20997,10567
8429,0,5084,15584,15584,12527,15615
8430,0,10276,20776,20776,38178,19353
8431,0,9437,19937,19937,36337,11654
8432,0,2382,12882,12882,14052,16832
8433,0,571,11071,11071,17547,35534
8434,0,1435,11935,11935,18402,20952
8435,0,21135,36054,36054,38270,35087
8436,0,9439,19939,19939,20687,37970
8437,0,5352,15852,15852,38013,12699
8438,0,22802,36833,36833,35256,13562
8439,0,22826,35678,35678,15892,20413
8440,0,24174,34666,34666,19168,35640
8441,0,5445,15945,15945,16997,15855
8442,0,1007,11507,11507,19620,12961
8443,0,4543,15043,15043,11528,38898
8444,0,25396,37715,37715,15428,20701
8445,0,24621,37876,37876,37921,12695
8446,0,2064,12564,12564,16702,35076
8447,0,1136,11636,11636,37693,19331
8448,0,9882,20382,20382,15095,12112
8449,0,21998,37849,37849,37194,17091
8450,0,5343,15843,15843,17629,10871
8451,0,10177,20677,20677,15015,35650
8452,0,294,10794,10794,37119,10779
8453,0,9739,20239,20239,37512,14341
8454,0,10204,20704,20704,11459,15455
8455,0,8780,19280,19280,12262,12775
8456,0,22505,35481,35481,34518,16424
8457,0,2403,12903,12903,16945,15353
8458,0,10321,20821,20821,19991,34701
8459,0,3998,14498,14498,15888,13652
8460,0,24541,37959,37959,20822,11219
8461,0,3741,14241,14241,38248,16992
8462,0,24607,35660,35660,18877,35614
8463,0,23589,38082,38082,11658,13989
8464,0,2719,13219,13219,13753,17660
8465,0,25335,37774,37774,36807,19440
8466,0,25181,36673,36673,19391,11207
8467,0,5150,15650,15650,18536,38107
8468,0,2808,13308,13308,14507,37208
8469,0,9017,19517,19517,19145,38858
8470,0,556,11056,11056,20044,17834
8471,5,23185,37354,18214,11171,35418
8472,0,4795,15295,15295,16827,20282
8473,0,2469,12969,12969,14257,37355
8474,0,3738,14238,14238,35239,36481
8475,0,4286,14786,14786,38549,14714
8476,0,22479,36603,36603,11711,38253
8477,0,9908,20408,20408,38512,38702
8478,0,2604,13104,13104,19683,36345
8479,0,362,10862,10862,10945,20294
8480,0,6924,17424,17424,11630,14181
8481,0,1704,12204,12204,36862,12254
8482,0,2139,12639,12639,36844,19484
8483,0,3239,13739,13739,15473,36864
8484,0,2383,12883,12883,17482,12899
8485,0,7314,17814,17814,14680,10537
8486,0,4311,14811,14811,13779,13946
8487,0,9477,19977,19977,36342,20070
8488,0,1312,11812,11812,11947,16582
8489,0,23474,38110,38110,16379,17100
8490,0,3930,14430,14430,14370,38720
8491,0,6183,16683,16683,35634,35158
8492,0,23137,37541,37541,13761,15781
8493,0,1591,12091,12091,14422,13368
8494,0,22622,38049,38049,37875,37173
8495,0,2162,12662,12662,20959,12652
8496,0,2396,12896,12896,35916,34915
8497,0,317,10817,10817,34472,11731
8498,1,9516,20016,16579,20016,35200
8499,0,22398,35263,35263,20373,35264
8500,0,5233,15733,15733,19994,10783
8501,0,23590,37320,37320,17829,37155
8502,0,5068,15568,15568,18220,14740
8503,0,4036,14536,14536,14137,16823
8504,0,8987,19487,19487,18401,10954
8505,0,3020,13520,13520,18237,19251
8506,0,9903,20403,20403,14161,17524
8507,0,23557,35539,35539,17738,15005
8508,0,8228,18728,18728,10760,18635
8509,0,22797,36701,36701,11577,37663
8510,0,9105,19605,19605,17363,15659
8511,0,5295,15795,15795,15204,19873
8512,0,3972,14472,14472,35734,14010
8513,0,5370,15870,15870,10686,35962
8514,0,4133,14633,14633,10796,14533
8515,0,974,11474,11474,13762,13865
8516,0,7291,17791,17791,12579,17952
8517,0,9175,19675,19675,36251,10565
8518,1,954,11454,14483,11454,20336
8519,0,9610,20110,20110,36330,12176
8520,0,9752,20252,20252,19725,13258
8521,0,23459,36287,36287,17948,11178
8522,0,22078,37308,37308,14473,18056
8523,0,23510,36417,36417,15818,16499
8524,0,9547,20047,20047,34935,20046
8525,0,23635,38083,38083,34463,12693
8526,0,5016,15516,15516,17221,11245
8527,0,25136,38554,38554,34827,17090
8528,0,9179,19679,19679,36217,16531
8529,0,22231,34834,34834,38173,20283
8530,0,7490,17990,17990,12797,12795
8531,2,1640,12140,19588,14307,12140
8532,0,1290,11790,11790,20030,16824
8533,0,22269,35833,35833,17581,13150
8534,0,1380,11880,11880,38505,10992
8535,0,1933,12433,12433,37038,11601
8536,0,4675,15175,15175,38689,12135
8537,0,23544,37671,37671,19751,13367
8538,0,21373,35312,35312,19301,17597
8539,0,10222,20722,20722,14263,12733
8540,0,892,11392,11392,14157,18514
8541,0,7287,17787,17787,16117,34886
8542,0,4876,15376,15376,17883,20560
8543,0,25284,36221,36221,15388,14672
8544,0,7906,18406,18406,37560,12167
8545,0,24019,36407,36407,11796,19938
8546,0,8194,18694,18694,20946,11393
8547,0,22566,38039,38039,11593,20433
8548,0,10301,20801,20801,37369,16053
8549,0,9041,19541,19541,38210,13073
8550,0,23978,34889,34889,37605,14242
8551,0,2466,12966,12966,37054,14517
8552,0,7657,18157,18157,37286,19370
8553,0,10106,20606,20606,18094,13490
8554,0,9788,20288,20288,37247,35728
8555,3,1913,12413,18161,11501,38674
8556,0,22659,35322,35322,19064,13083
8557,0,2736,13236,13236,11166,36330
8558,0,726,11226,11226,18453,14518
8559,0,7214,17714,17714,38283,35505
8560,0,8245,18745,18745,16137,11412
8561,0,1796,12296,12296,17690,12208
8562,0,3845,14345,14345,18990,17083
8563,0,6402,16902,16902,35584,14659
8564,0,23548,34705,34705,35585,18279
8565,0,24519,34952,34952,19771,35839
8566,0,936,11436,11436,34771,16927
8567,0,2265,12765,12765,37755,35109
8568,0,824,11324,11324,14520,17582
8569,0,25455,36473,36473,13547,12986
8570,0,7274,17774,17774,15443,15583
8571,0,22521,35553,35553,17090,34827
8572,0,1389,11889,11889,17702,18814
8573,0,3564,14064,14064,15085,20261
8574,0,9076,19576,19576,35824,18689
8575,0,5429,15929,15929,36443,34894
8576,0,7827,18327,18327,16665,14865
8577,0,5690,16190,16190,14789,13711
8578,0,22739,37019,37019,14385,35143
8579,0,7878,18378,18378,14128,38440
8580,1,1868,12368,34606,12368,15030
8581,0,8202,18702,18702,35304,37835
8582,0,24718,35567,35567,37714,19816
8583,0,7486,17986,17986,14918,11859
8584,0,9655,20155,20155,37250,35753
8585,0,806,11306,11306,19797,17514
8586,0,4805,15305,15305,17862,37946
8587,1,22922,37207,16106,37207,10567
8588,0,24177,36220,36220,12913,15756
8589,0,10300,20800,20800,13440,11668
8590,0,22600,37692,37692,19638,10831
8591,0,21911,38896,38896,34919,38478
8592,2,10426,20926,17446,19048,20926
8593,0,9155,19655,19655,34841,19453
8594,0,7511,18011,18011,36669,13962
8595,0,8056,18556,18556,35511,35510
8596,0,4494,14994,14994,20056,13272
8597,0,2632,13132,13132,36950,36428
8598,0,24343,37316,37316,14268,14305
8599,0,8896,19396,19396,14485,13083
8600,0,8623,19123,19123,19484,12639
8601,0,7832,18332,18332,11012,17674
8602,0,4388,14888,14888,36893,37006
8603,0,145,10645,10645,10946,18348
8604,0,6467,16967,16967,36879,37573
8605,1,2033,12533,37378,12533,35739
8606,0,24945,37655,37655,18542,12229
8607,0,1165,11665,11665,14434,18650
8608,0,24837,35652,35652,12101,13231
8609,0,2050,12550,12550,20271,11192
8610,0,3760,14260,14260,17579,20075
8611,0,22836,34776,34776,17178,15449
8612,0,23471,36636,36636,12703,36635
8613,0,4435,14935,14935,11559,15946
8614,0,3430,13930,13930,35691,12207
8615,0,8190,18690,18690,13843,36985
8616,0,21220,37109,37109,11520,38241
8617,0,7069,17569,17569,38198,19529
8618,0,4361,14861,14861,36565,11947
8619,0,24584,34576,34576,20329,37546
8620,0,9454,19954,19954,13150,18312
8621,0,1771,12271,12271,37256,15510
8622,0,3511,14011,14011,15419,12681
8623,0,271,10771,10771,13373,11451
8624,0,24499,36944,36944,37720,35934
8625,0,21690,38927,38927,16878,12610
8626,0,8436,18936,18936,38172,15191
8627,0,21966,36565,36565,11947,14861
8628,0,23506,36724,36724,11201,17873
8629,0,2032,12532,12532,11026,38664
8630,0,21661,36276,36276,35685,18743
8631,0,9005,19505,19505,10549,15010
8632,0,22484,38463,38463,38263,14778
8633,0,3810,14310,14310,13175,36060
8634,0,21584,37430,37430,35837,17608
8635,1,9996,20496,12279,20496,37114
8636,0,24433,38793,38793,11794,10814
8637,0,4346,14846,14846,10776,37967
8638,0,21881,34613,34613,37256,35037
8639,0,545,11045,11045,36423,34724
8640,0,3241,13741,13741,36206,17231
8641,0,8930,19430,19430,16569,15110
8642,0,8502,19002,19002,20973,35778
8643,0,22007,35673,35673,16291,17659
8644,0,9323,19823,19823,36184,13461
8645,0,23361,38838,38838,18057,16106
8646,0,24345,36263,36263,38104,15770
8647,0,24053,34921,34921,10752,17394
8648,0,7564,18064,18064,16580,11558
8649,0,920,11420,11420,14915,37306
8650,0,25464,37643,37643,19055,34808
8651,0,24221,35739,35739,12533,37378
8652,0,6640,17140,17140,10723,11237
8653,0,24289,36111,36111,36333,15471
8654,0,7694,18194,18194,35364,12300
8655,0,8230,18730,18730,14525,37574
8656,0,22164,36611,36611,13588,12836
8657,0,7126,17626,17626,18550,36586
8658,0,4278,14778,14778,38463,38263
8659,0,2983,13483,13483,15313,16367
8660,0,130,10630,10630,37181,19772
8661,0,7980,18480,18480,17076,19321
8662,0,2667,13167,13167,15309,20404
8663,0,7138,17638,17638,38605,18298
8664,0,3223,13723,13723,35250,15521
8665,0,9374,19874,19874,19163,35102
8666,0,7693,18193,18193,15154,15954
8667,0,5392,15892,15892,35678,35778
8668,0,614,11114,11114,14952,36434
8669,0,24637,38816,38816,20824,17737
8670,0,1466,11966,11966,37798,15263
8671,0,4497,14997,14997,13441,16641
8672,1,3042,13542,12579,13542,15288
8673,0,9126,19626,19626,36119,20514
8674,2,2419,12919,19995,11405,12919
8675,0,5085,15585,15585,19676,12688
8676,0,3294,13794,13794,37914,35270
8677,0,6737,17237,17237,12997,16029
8678,0,1500,12000,12000,10553,35192
8679,0,21544,36974,36974,37676,13479
8680,0,9018,19518,19518,20292,35816
8681,0,1521,12021,12021,14749,14778
8682,0,21163,37642,37642,19561,36552
8683,0,22405,35082,35082,34518,34577
8684,0,4232,14732,14732,18283,35286
8685,0,7686,18186,18186,13110,38073
8686,0,8820,19320,19320,18052,11665
8687,0,4430,14930,14930,12007,17077
8688,0,23372,36005,36005,14041,20413
8689,0,390,10890,10890,16891,19670
8690,0,25399,36497,36497,12723,11723
8691,0,23997,38756,38756,15554,10737
8692,0,7124,17624,17624,15337,14049
8693,0,5913,16413,16413,10569,19051
8694,0,23964,36142,36142,10871,20676
8695,0,8592,19092,19092,16407,10801
8696,0,4806,15306,15306,38824,12563
8697,0,24474,37394,37394,12046,34542
8698,0,25423,35511,35511,18556,13813
8699,0,8238,18738,18738,35513,20554
8700,0,8044,18544,18544,11505,12177
8701,1,25325,38636,38813,38636,38664
8702,0,3993,14493,14493,11101,17186
8703,0,22281,35794,35794,20705,35728
8704,0,24649,35878,35878,11049,35132
8705,0,22845,38290,38290,18459,35795
8706,0,6609,17109,17109,17764,20441
8707,0,5319,15819,15819,35936,37100
8708,0,25032,38725,38725,19965,20843
8709,0,7119,17619,17619,37517,15997
8710,0,2421,12921,12921,20246,38416
8711,0,5604,16104,16104,13865,37866
8712,0,1750,12250,12250,12793,17952
8713,0,24004,38695,38695,38830,37500
8714,1,24503,37490,37077,37490,11671
8715,0,23662,36214,36214,14486,15194
8716,0,21048,38536,38536,37612,35643
8717,0,338,10838,10838,11659,19101
8718,0,8407,18907,18907,36575,37857
8719,0,23088,35815,35815,37270,35496
8720,0,1341,11841,11841,37235,20929
8721,0,22933,38281,38281,14588,13997
8722,0,7982,18482,18482,19448,36888
8723,0,24619,36046,36046,12824,11560
8724,0,3640,14140,14140,18796,16641
8725,1,329,10829,36192,10829,17732
8726,0,21524,37211,37211,17010,14641
8727,0,3004,13504,13504,14824,12537
8728,0,6960,17460,17460,13415,17862
8729,0,4090,14590,14590,19768,16497
8730,0,23533,35267,35267,16983,18296
8731,0,9828,20328,20328,16867,35660
8732,0,2322,12822,12822,38309,19730
8733,0,6667,17167,17167,17171,20694
8734,0,7009,17509,17509,10637,13890
8735,0,4197,14697,14697,35190,15144
8736,0,3549,14049,14049,17624,14768
8737,0,9650,20150,20150,35962,37781
8738,0,8363,18863,18863,20801,37722
8739,0,4203,14703,14703,14586,36744
8740,0,25339,37938,37938,20457,15939
8741,0,24990,35721,35721,11376,35190
8742,0,25005,36378,36378,20168,11894
8743,0,21520,37369,37369,14057,35987
8744,0,22097,38363,38363,14487,38103
8745,0,6185,16685,16685,17991,19593
8746,0,1639,12139,12139,18617,36370
8747,0,9130,19630,19630,18244,34512
8748,0,60,10560,10560,38957,17950
8749,0,1240,11740,11740,19075,36891
8750,0,5760,16260,16260,37160,19201
8751,0,5136,15636,15636,17861,10782
8752,0,2343,12843,12843,15693,36418
8753,0,2120,12620,12620,20681,14678
8754,0,1524,12024,12024,18845,37403
8755,0,7617,18117,18117,36418,36095
8756,0,153,10653,10653,35551,35055
8757,0,481,10981,10981,16351,13332
8758,0,6122,16622,16622,38763,37387
8759,0,23342,36612,36612,35347,14282
8760,0,7674,18174,18174,11776,19512
8761,0,7101,17601,17601,12467,19826
8762,0,22684,36072,36072,36172,14349
8763,0,1762,12262,12262,12195,18182
8764,0,8942,19442,19442,34911,16548
8765,0,7715,18215,18215,14642,35081
8766,0,9977,20477,20477,12568,15011
8767,0,24636,37588,37588,15068,16277
8768,0,7479,17979,17979,35556,13954
8769,0,6212,16712,16712,12993,13060
8770,1,21487,36653,34585,36653,10671
8771,0,4853,15353,15353,17958,38331
8772,0,2711,13211,13211,12088,11643
8773,0,6766,17266,17266,38181,12348
8774,0,4150,14650,14650,15606,35351
8775,0,25485,36345,36345,13104,19683
8776,0,1333,11833,11833,14262,37493
8777,0,23761,38084,38084,35621,12354
8778,0,22595,35006,35006,10518,20152
8779,0,8378,18878,18878,15826,17996
8780,0,9328,19828,19828,14096,38855
8781,0,24450,38052,38052,16238,18455
8782,0,24785,38519,38519,15098,14134
8783,0,10250,20750,20750,16593,16031
8784,0,22421,38734,38734,19358,18855
8785,0,3850,14350,14350,20884,35759
8786,0,8340,18840,18840,20553,36836
8787,0,4124,14624,14624,18654,17485
8788,0,24549,37041,37041,34477,19048
8789,0,24956,37410,37410,38491,34476
8790,0,23733,35515,35515,36448,11095
8791,0,4788,15288,15288,17791,12579
8792,0,2866,13366,13366,18766,35489
8793,0,24025,35928,35928,15123,18484
8794,0,1386,11886,11886,10501,37464
8795,0,5941,16441,16441,17480,12297
8796,0,3067,13567,13567,16254,12061
8797,0,23935,37555,37555,35900,20919
8798,0,3629,14129,14129,36520,16876
8799,0,23706,38159,38159,17882,15338
8800,0,24003,36949,36949,12241,38787
8801,0,23551,37387,37387,18575,19214
8802,0,3028,13528,13528,13857,20374
8803,0,2969,13469,13469,37267,14585
8804,0,22166,35624,35624,11588,35543
8805,0,9900,20400,20400,35162,17937
8806,0,22718,35105,35105,14848,16276
8807,0,8646,19146,19146,18837,17554
8808,0,6136,16636,16636,10918,17619
8809,0,8801,19301,19301,35312,17597
8810,0,4263,14763,14763,34847,34848
8811,0,23340,36978,36978,15518,20269
8812,0,645,11145,11145,13541,18821
8813,0,23934,38450,38450,34552,38287
8814,0,2074,12574,12574,37318,15355
8815,0,24748,36204,36204,16434,19783
8816,0,341,10841,10841,13489,35422
8817,0,8041,18541,18541,35771,13470
8818,0,1622,12122,12122,14806,34618
8819,0,24410,36835,36835,35213,11132
8820,0,7141,17641,17641,35961,11999
8821,0,5796,16296,16296,38404,16836
8822,0,7184,17684,17684,35654,35221
8823,0,22256,37962,37962,15505,14437
8824,0,8232,18732,18732,38308,15427
8825,0,5475,15975,15975,13090,14212
8826,0,10281,20781,20781,17891,35163
8827,0,23169,36076,36076,35707,17867
8828,0,10367,20867,20867,19812,14350
8829,0,21795,37853,37853,14698,38444
8830,0,74,10574,10574,19241,11020
8831,0,21241,38802,38802,14155,38564
8832,0,23289,38855,38855,35223,34542
8833,0,21514,34809,34809,35294,16204
8834,0,22710,35332,35332,14330,12375
8835,0,10268,20768,20768,15037,20678
8836,0,8633,19133,19133,18263,16264
8837,0,21692,37812,37812,38162,12025
8838,0,2051,12551,12551,38211,10701
8839,0,2541,13041,13041,35528,16080
8840,0,1301,11801,11801,19644,16015
8841,0,5877,16377,16377,38399,35582
8842,0,7368,17868,17868,15225,16226
8843,0,22875,35582,35582,36536,19986
8844,0,1304,11804,11804,13890,19734
8845,0,8428,18928,18928,18455,14033
8846,0,22789,37605,37605,34889,14242
8847,1,2599,13099,16474,13099,19215
8848,0,24000,36768,36768,16664,35211
8849,0,2573,13073,13073,14240,19541
8850,0,23318,35432,35432,11538,36688
8851,0,3186,13686,13686,17038,36510
8852,0,21314,36105,36105,18743,36276
8853,0,2768,13268,13268,11625,16738
8854,0,4831,15331,15331,15275,35389
8855,0,4223,14723,14723,19136,19546
8856,0,23228,38443,38443,12056,35629
8857,0,2106,12606,12606,14978,17327
8858,0,2679,13179,13179,37144,19948
8859,0,24924,34913,34913,37681,15666
8860,0,24642,36840,36840,16100,13008
8861,0,1387,11887,11887,35832,15353
8862,0,22159,38477,38477,35389,20270
8863,0,24665,38206,38206,13229,17239
8864,0,25146,37361,37361,11703,11461
8865,0,24220,38458,38458,11498,11878
8866,0,7083,17583,17583,19359,10802
8867,0,23792,37324,37324,38509,35909
8868,0,21587,37152,37152,13072,10944
8869,0,1279,11779,11779,12524,37862
8870,0,22024,37181,37181,10630,36655
8871,0,804,11304,11304,36534,15835
8872,0,1555,12055,12055,12212,35186
8873,0,24937,38200,38200,19879,10605
8874,0,21841,35342,35342,19233,13130
8875,0,4566,15066,15066,18679,16739
8876,0,23763,36954,36954,14704,16667
8877,0,22518,38471,38471,38720,14164
8878,0,4841,15341,15341,36895,19091
8879,0,3594,14094,14094,15063,11848
8880,0,6035,16535,16535,11008,16279
8881,0,6852,17352,17352,14930,12007
8882,0,10112,20612,20612,35327,36934
8883,0,8705,19205,19205,12278,37675
8884,0,4177,14677,14677,38278,34607
8885,0,1308,11808,11808,36641,14043
8886,0,9106,19606,19606,17709,15156
8887,0,3452,13952,13952,35650,16801
8888,0,3695,14195,14195,37388,37385
8889,0,4242,14742,14742,18287,12260
8890,0,22284,35308,35308,18120,10554
8891,0,2198,12698,12698,36963,37162
8892,0,8966,19466,19466,34697,35246
8893,0,4425,14925,14925,17243,11769
8894,0,6150,16650,16650,19962,15244
8895,0,943,11443,11443,35819,17048
8896,0,822,11322,11322,18852,11447
8897,0,5005,15505,15505,37962,14437
8898,0,6612,17112,17112,15035,14536
8899,0,23508,36429,36429,11904,17417
8900,0,8356,18856,18856,11142,14074
8901,0,5619,16119,16119,37124,37140
8902,0,4547,15047,15047,37980,37053
8903,6,23692,36135,37312,36202,37473
8904,0,2538,13038,13038,14920,20318
8905,0,22401,38593,38593,34747,35011
8906,0,9503,20003,20003,20294,13867
8907,0,5207,15707,15707,35946,10836
8908,0,21644,38239,38239,11292,17194
8909,0,21993,37481,37481,15536,17070
8910,0,3054,13554,13554,16242,11109
8911,0,3675,14175,14175,14376,35143
8912,0,7776,18276,18276,35609,16900
8913,0,7218,17718,17718,19755,37093
8914,0,6722,17222,17222,37664,19807
8915,0,3300,13800,13800,13256,11385
8916,0,3310,13810,13810,16489,12991
8917,0,7221,17721,17721,19664,35559
8918,0,8519,19019,19019,16909,11730
8919,0,22614,34642,34642,10756,37703
8920,0,5954,16454,16454,20254,20489
8921,0,23653,34958,34958,36049,37126
8922,0,25120,36560,36560,18405,17762
8923,0,832,11332,11332,16311,15746
8924,0,21300,35231,35231,11377,14767
8925,0,3462,13962,13962,36669,18011
8926,0,21255,37963,37963,38556,37462
8927,0,7643,18143,18143,38897,36268
8928,0,54,10554,10554,38335,11742
8929,0,24903,36216,36216,13667,11207
8930,0,3451,13951,13951,20762,17828
8931,0,6305,16805,16805,18533,18102
8932,0,10093,20593,20593,19312,15050
8933,0,1481,11981,11981,15519,37455
8934,0,4873,15373,15373,15386,17156
8935,0,24692,37047,37047,13944,16763
8936,0,8038,18538,18538,14367,19866
8937,0,24514,36302,36302,18465,17826
8938,0,3335,13835,13835,38526,20601
8939,0,6016,16516,16516,13503,34753
8940,0,4926,15426,15426,16675,36311
8941,0,9138,19638,19638,37692,35747
8942,0,5797,16297,16297,16793,17056
8943,0,21851,35445,35445,15344,10637
8944,0,10353,20853,20853,10882,11718
8945,0,24892,38708,38708,17076,19699
8946,0,5083,15583,15583,14588,20109
8947,0,6645,17145,17145,11834,17266
8948,0,21552,36441,36441,37014,17438
8949,0,23719,35209,35209,15775,15595
8950,0,5490,15990,15990,15457,11083
8951,0,768,11268,11268,16466,35353
8952,0,2065,12565,12565,18080,20035
8953,0,21328,38218,38218,14476,20395
8954,0,24170,35647,35647,20765,12756
8955,0,7311,17811,17811,18374,14776
8956,0,8477,18977,18977,12598,14923
8957,0,22767,38869,38869,19349,36994
8958,0,4524,15024,15024,12661,34650
8959,0,23053,35528,35528,13041,17857
8960,0,23234,34484,34484,12914,15735
8961,0,2717,13217,13217,37254,19143
8962,0,2079,12579,12579,15288,17791
8963,0,23451,35541,35541,34600,19974
8964,0,8914,19414,19414,18937,17529
8965,0,951,11451,11451,36461,16040
8966,0,8058,18558,18558,11422,12531
8967,0,2482,12982,12982,34784,12658
8968,0,10454,20954,20954,35401,20717
8969,0,9181,19681,19681,19275,20707
8970,0,25101,35364,35364,12300,18194
8971,0,1759,12259,12259,17628,36891
8972,0,9984,20484,20484,13446,14362
8973,0,4422,14922,14922,16942,12049
8974,0,6704,17204,17204,37495,11230
8975,0,9916,20416,20416,37714,11128
8976,0,5182,15682,15682,17785,10878
8977,0,8533,19033,19033,11303,14023
8978,0,3701,14201,14201,36823,37057
8979,0,4243,14743,14743,13240,20626
8980,0,688,11188,11188,20365,38417
8981,0,3432,13932,13932,14243,11940
8982,0,24701,37355,37355,14257,12651
8983,0,4944,15444,15444,37063,18341
8984,0,966,11466,11466,36359,19778
8985,0,24878,38520,38520,18889,36562
8986,0,23156,38197,38197,37372,38394
8987,0,10395,20895,20895,19824,34649
8988,0,2713,13213,13213,11789,37623
8989,0,4757,15257,15257,13056,34763
8990,0,22593,37250,37250,20155,16867
8991,0,22470,36310,36310,35424,35900
8992,9,23124,38283,19627,15140,14324
8993,0,6320,16820,16820,17615,36691
8994,0,22416,37432,37432,20696,35169
8995,0,5975,16475,16475,12991,19985
8996,0,3572,14072,14072,36632,16704
8997,0,22258,36957,36957,11164,19990
8998,1,5299,15799,15905,15799,18769
8999,0,1990,12490,12490,12927,11569
9000,0,23607,36272,36272,20368,16689
9001,0,21543,36911,36911,37478,18566
9002,0,1205,11705,11705,38805,18428
9003,0,24538,37450,37450,19727,11429
9004,0,25348,37010,37010,20715,36520
9005,0,4971,15471,15471,35832,36524
9006,0,23742,38548,38548,37967,14148
9007,0,25143,37186,37186,16732,37187
9008,0,6783,17283,17283,35227,14033
9009,0,3600,14100,14100,36213,11034
9010,0,6490,16990,16990,17467,15504
9011,0,8609,19109,19109,12909,15800
9012,0,22174,38925,38925,37624,36134
9013,0,24936,37530,37530,16573,12021
9014,0,8070,18570,18570,36192,37572
9015,0,8577,19077,19077,18683,11718
9016,0,7973,18473,18473,13344,34502
9017,0,25492,37934,37934,19931,15353
9018,0,1625,12125,12125,20857,34561
9019,0,536,11036,11036,14908,13441
9020,0,8766,19266,19266,19728,17175
9021,0,7970,18470,18470,15706,17346
9022,0,24938,37184,37184,17299,18311
9023,0,4212,14712,14712,34686,13856
9024,0,6456,16956,16956,20693,37164
9025,0,3507,14007,14007,38084,35621
9026,0,8393,18893,18893,18694,36295
9027,0,9524,20024,20024,17989,18682
9028,0,7112,17612,17612,15380,14832
9029,0,24295,35654,35654,16559,13486
9030,0,2708,13208,13208,35344,13422
9031,0,5031,15531,15531,15154,16261
9032,0,6514,17014,17014,11358,34833
9033,0,4662,15162,15162,11654,18075
9034,0,4021,14521,14521,19476,36275
9035,0,1854,12354,12354,35621,14007
9036,0,21669,38112,38112,18524,13360
9037,0,2872,13372,13372,37896,36586
9038,0,3030,13530,13530,37381,35806
9039,0,9397,19897,19897,11160,17715
9040,0,1645,12145,12145,35494,17692
9041,0,3417,13917,13917,13776,16203
9042,0,3476,13976,13976,38086,12331
9043,0,21153,38291,38291,10502,18044
9044,0,23673,35013,35013,14878,16797
9045,0,1792,12292,12292,13773,12774
9046,0,3797,14297,14297,38537,11903
9047,0,3368,13868,13868,38241,36959
9048,0,23305,35519,35519,34518,13233
9049,0,21012,35685,35685,15638,36276
9050,0,7196,17696,17696,34592,20521
9051,0,23923,38430,38430,14697,15077
9052,0,5109,15609,15609,17831,20945
9053,0,6024,16524,16524,35442,15112
9054,0,21507,35601,35601,19439,15011
9055,0,8795,19295,19295,36916,36695
9056,0,25480,35208,35208,14091,36024
9057,0,21349,37911,37911,18832,14104
9058,0,126,10626,10626,12630,16911
9059,0,5959,16459,16459,10698,37300
9060,0,3876,14376,14376,34574,14175
9061,0,21280,35087,35087,35551,34894
9062,0,4451,14951,14951,11079,16528
9063,0,7147,17647,17647,16967,34943
9064,0,3531,14031,14031,10558,38184
9065,0,24768,34882,34882,15252,34528
9066,0,827,11327,11327,13092,37589
9067,0,9831,20331,20331,17246,19203
9068,0,7790,18290,18290,15556,35354
9069,0,984,11484,11484,36033,12332
9070,0,23382,35433,35433,14145,17847
9071,0,23685,35157,35157,10736,20187
9072,0,7783,18283,18283,14732,35093
9073,1,10380,20880,19049,20880,35408
9074,0,23514,38335,38335,19528,19870
9075,0,2443,12943,12943,15565,37874
9076,0,8554,19054,19054,14353,37241
9077,0,21466,34501,34501,38580,36268
9078,0,345,10845,10845,12681,37384
9079,0,814,11314,11314,18507,20158
9080,0,6166,16666,16666,10812,11144
9081,0,23478,36959,36959,38241,20169
9082,0,24183,35357,35357,12315,19253
9083,0,23835,37581,37581,37257,12031
9084,0,21729,38630,38630,19919,13647
9085,0,21242,35477,35477,19610,36528
9086,0,25398,36258,36258,11326,14931
9087,0,5779,16279,16279,16535,12379
9088,0,2116,12616,12616,10787,17548
9089,0,10026,20526,20526,20747,14033
9090,0,793,11293,11293,17958,15353
9091,0,23417,38880,38880,17827,10552
9092,0,6898,17398,17398,20016,15658
9093,0,2674,13174,13174,37263,20999
9094,0,94,10594,10594,15682,13716
9095,0,4225,14725,14725,13357,20112
9096,0,3756,14256,14256,38918,14945
9097,0,2891,13391,13391,13672,38791
9098,0,2371,12871,12871,20969,14958
9099,0,24669,35380,35380,37902,37662
9100,0,24585,38050,38050,38295,16304
9101,0,3228,13728,13728,10807,19393
9102,0,7863,18363,18363,11281,35741
9103,0,6359,16859,16859,20540,19564
9104,0,23490,38706,38706,12902,37001
9105,0,22249,37062,37062,10794,36906
9106,0,7326,17826,17826,16539,36302
9107,0,6028,16528,16528,14951,10518
9108,0,21876,35005,35005,15249,14835
9109,0,22577,37389,37389,11990,36862
9110,0,24831,35064,35064,18056,36410
9111,0,1865,12365,12365,38497,36685
9112,0,4612,15112,15112,38217,12500
9113,0,10049,20549,20549,12139,19997
9114,0,2645,13145,13145,13528,15119
9115,0,2243,12743,12743,36670,20752
9116,0,5373,15873,15873,36626,18258
9117,0,2336,12836,12836,36984,35340
9118,0,950,11450,11450,18620,14218
9119,0,24757,35220,35220,14374,20624
9120,0,1120,11620,11620,12655,19199
9121,0,22910,34749,34749,12495,13139
9122,0,2204,12704,12704,11117,14711
9123,0,419,10919,10919,35938,18541
9124,0,922,11422,11422,19975,38748
9125,0,9446,19946,19946,10624,12494
9126,0,8669,19169,19169,19339,15082
9127,0,10227,20727,20727,34899,13696
9128,0,5408,15908,15908,16727,17064
9129,0,5788,16288,16288,37077,37490
9130,0,5742,16242,16242,20898,11109
9131,0,7667,18167,18167,17796,15838
9132,0,5567,16067,16067,37138,18580
9133,0,8135,18635,18635,11842,18728
9134,0,1202,11702,11702,19142,13838
9135,0,23498,34778,34778,13169,35826
9136,0,5765,16265,16265,19004,18631
9137,0,8389,18889,18889,38843,37707
9138,0,1970,12470,12470,20878,34506
9139,0,22453,35262,35262,20502,13661
9140,0,4018,14518,14518,11080,11226
9141,0,10343,20843,20843,38680,36248
9142,0,3687,14187,14187,16199,16929
9143,0,23072,37068,37068,20591,13223
9144,0,1997,12497,12497,34931,19599
9145,0,4033,14533,14533,14633,10796
9146,0,24030,38806,38806,17830,14953
9147,0,24587,35206,35206,14218,36342
9148,0,1248,11748,11748,12542,16539
9149,0,2192,12692,12692,13994,17046
9150,0,2712,13212,13212,38104,14777
9151,0,9184,19684,19684,15464,19548
9152,0,2190,12690,12690,15113,36227
9153,0,4670,15170,15170,14906,16462
9154,0,5142,15642,15642,17146,14865
9155,0,5984,16484,16484,14966,38613
9156,0,6565,17065,17065,11289,18329
9157,0,7804,18304,18304,36800,19435
9158,0,24521,35914,35914,37548,36816
9159,0,6943,17443,17443,15588,16742
9160,0,22891,35749,35749,10886,14023
9161,0,23583,36863,36863,12267,18203
9162,0,9510,20010,20010,11485,37187
9163,0,10055,20555,20555,16965,20826
9164,0,23369,34495,34495,18184,16145
9165,0,21234,34601,34601,35048,18606
9166,0,2136,12636,12636,38689,16646
9167,0,1065,11565,11565,19682,19765
9168,0,600,11100,11100,20618,16697
9169,0,4227,14727,14727,38951,14259
9170,0,21655,34773,34773,10732,34774
9171,0,7577,18077,18077,18866,37670
9172,0,77,10577,10577,38852,14635
9173,0,7546,18046,18046,11378,19607
9174,0,2898,13398,13398,17397,34943
9175,0,4820,15320,15320,34960,14817
9176,0,9506,20006,20006,37366,36742
9177,0,21332,37925,37925,15653,37856
9178,0,6413,16913,16913,16220,37061
9179,0,9444,19944,19944,19045,38333
9180,0,9064,19564,19564,15943,10641
9181,0,24534,36002,36002,15548,36974
9182,0,8007,18507,18507,11314,20158
9183,0,5468,15968,15968,12940,19639
9184,0,5951,16451,16451,34860,14869
9185,0,22879,38613,38613,18400,16484
9186,0,25457,35117,35117,36551,10865
9187,0,3391,13891,13891,17527,35683
9188,0,5415,15915,15915,15963,19145
9189,0,2560,13060,13060,14631,19476
9190,0,21195,38796,38796,37256,34613
9191,0,8162,18662,18662,18561,16165
9192,0,2635,13135,13135,17486,15553
9193,0,5256,15756,15756,19790,36220
9194,0,3530,14030,14030,13837,16133
9195,0,8567,19067,19067,13653,15387
9196,0,1908,12408,12408,11138,15170
9197,0,24749,36581,36581,37169,16222
9198,0,21310,37866,37866,16104,34770
9199,0,235,10735,10735,16773,37791
9200,0,21190,36179,36179,15585,37386
9201,0,1604,12104,12104,38296,13005
9202,0,7984,18484,18484,36035,35899
9203,0,9310,19810,19810,16060,18772
9204,0,21088,35829,35829,12747,12578
9205,0,3490,13990,13990,14109,16482
9206,0,24834,38740,38740,15107,10882
9207,0,25328,35110,35110,36521,35236
9208,0,1994,12494,12494,15222,38056
9209,0,2824,13324,13324,18944,20327
9210,0,25495,37901,37901,18962,20448
9211,0,22051,34528,34528,11212,15422
9212,0,1342,11842,11842,11399,17180
9213,0,8512,19012,19012,34745,35151
9214,0,1619,12119,12119,36040,19511
9215,0,25251,35865,35865,35438,14065
9216,0,5287,15787,15787,12510,36776
9217,0,2060,12560,12560,19577,16168
9218,0,23820,38892,38892,38376,36426
9219,0,2219,12719,12719,20207,12548
9220,0,9865,20365,20365,11188,38417
9221,0,6038,16538,16538,38154,35700
9222,0,260,10760,10760,18728,18635
9223,0,21146,38020,38020,37665,37759
9224,0,10231,20731,20731,20640,36572
9225,0,22876,36937,36937,12975,35926
9226,0,9093,19593,19593,16685,17604
9227,0,3744,14244,14244,18950,14856
9228,0,2026,12526,12526,10693,16984
9229,0,6988,17488,17488,14167,20694
9230,0,4234,14734,14734,38122,35626
9231,0,1917,12417,12417,19510,17460
9232,0,1828,12328,12328,18720,19207
9233,0,9765,20265,20265,18045,35239
9234,0,23666,36567,36567,34812,18930
9235,0,23954,36901,36901,37917,36892
9236,0,6233,16733,16733,16399,34918
9237,0,24416,37972,37972,20667,38483
9238,0,22251,36806,36806,20294,10862
9239,0,6283,16783,16783,10518,35006
9240,0,4208,14708,14708,20701,16767
9241,0,23807,36779,36779,11570,14296
9242,0,224,10724,10724,34661,13407
9243,0,8915,19415,19415,15501,20207
9244,0,10002,20502,20502,13522,35001
9245,0,9333,19833,19833,14532,18935
9246,0,21945,37681,37681,35797,17474
9247,0,6469,16969,16969,34768,38394
9248,0,22222,38095,38095,14862,18151
9249,0,21496,37706,37706,20017,37188
9250,0,24721,38556,38556,37963,37462
9251,0,24132,34914,34914,18886,11007
9252,0,846,11346,11346,18719,18206
9253,0,4289,14789,14789,13711,16190
9254,0,5560,16060,16060,19810,36702
9255,0,24732,37194,37194,37849,17091
9256,0,2551,13051,13051,11760,38037
9257,0,23299,35080,35080,18215,35081
9258,0,117,10617,10617,19679,35221
9259,0,8837,19337,19337,18908,36606
9260,0,5966,16466,16466,11572,11268
9261,0,8195,18695,18695,11148,17419
9262,0,23956,36322,36322,16141,35820
9263,0,8659,19159,19159,15593,38421
9264,0,7489,17989,17989,12043,34467
9265,0,5,10505,10505,36977,13029
9266,0,5342,15842,15842,20642,15631
9267,0,9111,19611,19611,15605,19974
9268,0,23284,34747,34747,35011,38593
9269,0,4324,14824,14824,13504,17876
9270,0,1063,11563,11563,11217,18586
9271,0,2590,13090,13090,15975,14457
9272,0,8434,18934,18934,12979,17946
9273,0,22475,37006,37006,37185,14888
9274,0,9352,19852,19852,12078,37891
9275,0,21005,35022,35022,38091,37119
9276,0,3735,14235,14235,17780,14915
9277,0,25336,34549,34549,14974,36745
9278,0,3517,14017,14017,19525,35071
9279,0,6986,17486,17486,38909,13135
9280,0,21735,35573,35573,15755,13327
9281,0,22810,34715,34715,17813,37706
9282,0,6767,17267,17267,19445,34489
9283,0,5622,16122,16122,16971,19565
9284,0,1605,12105,12105,18975,38267
9285,0,1733,12233,12233,15615,17351
9286,0,24157,34476,34476,15110,36093
9287,0,24765,34861,34861,17263,14114
9288,0,24107,37983,37983,20671,11468
9289,0,9504,20004,20004,15842,37695
9290,0,22434,35600,35600,19254,13134
9291,0,3812,14312,14312,14784,19713
9292,0,25131,38407,38407,18539,38649
9293,0,24463,34514,34514,35298,35446
9294,0,10167,20667,20667,16971,37972
9295,0,22504,35666,35666,35999,34917
9296,0,1761,12261,12261,34897,18304
9297,0,5401,15901,15901,38608,17093
9298,0,2739,13239,13239,18886,11251
9299,0,24226,38415,38415,38118,18439
9300,0,2472,12972,12972,37106,38166
9301,0,6738,17238,17238,12312,37946
9302,0,6891,17391,17391,34675,19742
9303,0,25296,36159,36159,13730,18177
9304,0,7943,18443,18443,38635,17890
9305,0,22907,36870,36870,15282,16051
9306,0,9685,20185,20185,35592,15037
9307,0,4206,14706,14706,11165,18026
9308,0,6371,16871,16871,15508,14911
9309,0,10350,20850,20850,20381,36120
9310,0,9361,19861,19861,36655,16342
9311,0,10348,20848,20848,20587,11663
9312,0,232,10732,10732,38036,34773
9313,0,8258,18758,18758,38104,14777
9314,0,7561,18061,18061,35132,35878
9315,0,9795,20295,20295,17016,35032
9316,0,6168,16668,16668,38029,36588
9317,0,23674,35435,35435,34784,13542
9318,0,3596,14096,14096,19828,17709
9319,0,6288,16788,16788,17599,14807
9320,0,4632,15132,15132,38029,11390
9321,0,125,10625,10625,19700,16464
9322,0,7641,18141,18141,13793,10917
9323,0,6229,16729,16729,11948,34664
9324,0,24958,37502,37502,13065,10564
9325,0,1296,11796,11796,36407,11689
9326,0,1976,12476,12476,14747,13091
9327,0,24796,38191,38191,16195,35412
9328,0,23990,38130,38130,37265,19373
9329,0,10267,20767,20767,15312,36921
9330,0,24830,36732,36732,14770,12442
9331,0,5750,16250,16250,36184,17474
9332,0,8152,18652,18652,13053,20902
9333,0,23288,38521,38521,38952,18366
9334,0,3086,13586,13586,20266,15116
9335,0,21916,37887,37887,11742,20894
9336,0,6882,17382,17382,14329,36097
9337,0,25075,37929,37929,14057,12664
9338,0,7673,18173,18173,18930,34867
9339,0,3345,13845,13845,10937,12625
9340,0,8172,18672,18672,13247,11720
9341,0,23656,38106,38106,38168,20485
9342,0,5870,16370,16370,16093,38484
9343,1,6506,17006,14428,17006,13289
9344,0,2797,13297,13297,20192,13595
9345,0,918,11418,11418,38693,14167
9346,0,1646,12146,12146,36841,34533
9347,1,5122,15622,11922,15622,12799
9348,0,5126,15626,15626,20784,13183
9349,0,23823,37130,37130,17157,36550
9350,0,24389,37583,37583,35813,20709
9351,0,4621,15121,15121,20974,12051
9352,0,6809,17309,17309,13303,10922
9353,0,364,10864,10864,13892,14683
9354,0,22815,35439,35439,35961,19074
9355,0,2125,12625,12625,11595,35076
9356,0,8150,18650,18650,11665,13957
9357,0,21786,36275,36275,19476,14631
9358,0,21944,36721,36721,12395,15367
9359,0,8717,19217,19217,35423,18332
9360,0,23132,36973,36973,11378,20773
9361,0,55,10555,10555,11814,15023
9362,0,638,11138,11138,15234,14033
9363,0,302,10802,10802,17583,10800
9364,0,23450,34918,34918,12073,18832
9365,0,5811,16311,16311,15746,11332
9366,0,1276,11776,11776,19512,18174
9367,0,23281,36872,36872,16565,20411
9368,0,10247,20747,20747,20935,20526
9369,0,23195,37528,37528,38677,34870
9370,0,21706,37297,37297,38213,17692
9371,0,4432,14932,14932,37598,19174
9372,0,3644,14144,14144,13781,19547
9373,0,4143,14643,14643,18261,17259
9374,0,2878,13378,13378,19189,11492
9375,0,23446,36354,36354,17053,10901
9376,0,6493,16993,16993,12474,18101
9377,0,24867,37327,37327,34886,10742
9378,0,10478,20978,20978,14153,13506
9379,0,10453,20953,20953,36915,12255
9380,0,5240,15740,15740,35173,12796
9381,0,25169,38080,38080,12413,38088
9382,0,10488,20988,20988,15589,16559
9383,0,6937,17437,17437,17510,34581
9384,0,7240,17740,17740,13730,15278
9385,0,9945,20445,20445,19261,36013
9386,0,24241,37349,37349,18701,11966
9387,0,10160,20660,20660,13222,13030
9388,0,2593,13093,13093,35299,17573
9389,0,23516,35269,35269,13723,38712
9390,0,2393,12893,12893,10882,36739
9391,0,523,11023,11023,36588,16668
9392,0,6376,16876,16876,17479,12854
9393,0,6981,17481,17481,37252,18611
9394,0,23043,37676,37676,14216,36974
9395,0,6677,17177,17177,17187,14568
9396,0,3900,14400,14400,16316,16317
9397,0,22465,38420,38420,13734,18847
9398,0,24743,36851,36851,17280,37270
9399,0,5585,16085,16085,35000,15508
9400,0,23765,38014,38014,16495,19830
9401,0,7956,18456,18456,18402,15947
9402,0,7570,18070,18070,14983,12826
9403,0,22431,35274,35274,18346,16237
9404,0,6777,17277,17277,38018,18569
9405,0,21609,36308,36308,36578,38344
9406,0,10161,20661,20661,36822,37128
9407,0,671,11171,11171,18214,35418
9408,0,4188,14688,14688,35627,34479
9409,0,666,11166,11166,13236,36325
9410,0,3266,13766,13766,15551,19703
9411,0,1887,12387,12387,35352,17679
9412,0,24301,35418,35418,18948,20428
9413,0,8472,18972,18972,38334,37537
9414,0,9911,20411,20411,36872,16565
9415,0,22014,35099,35099,35100,18793
9416,0,21238,36607,36607,11832,10998
9417,0,9091,19591,19591,20745,18802
9418,0,7687,18187,18187,15324,13910
9419,0,6031,16531,16531,17530,20914
9420,0,24476,38714,38714,36241,36521
9421,0,6090,16590,16590,20720,15297
9422,0,6238,16738,16738,19121,35184
9423,0,7350,17850,17850,10591,37518
9424,0,7830,18330,18330,12559,20111
9425,0,760,11260,11260,15760,13309
9426,0,6254,16754,16754,10526,20333
9427,0,1906,12406,12406,17305,13838
9428,0,24877,36194,36194,36933,15729
9429,0,23117,35975,35975,37020,18234
9430,0,23800,36290,36290,38440,17337
9431,0,3818,14318,14318,19397,16320
9432,0,6269,16769,16769,15838,11280
9433,0,4300,14800,14800,11447,11322
9434,0,5569,16069,16069,15259,17770
9435,0,7941,18441,18441,17386,18108
9436,0,24074,34745,34745,19012,35151
9437,0,4164,14664,14664,19435,11461
9438,0,21892,35183,35183,38864,17296
9439,0,5971,16471,16471,19052,19801
9440,0,3579,14079,14079,13661,14979
9441,0,2832,13332,13332,37518,11059
9442,0,5449,15949,15949,13263,15437
9443,0,3472,13972,13972,38331,17874
9444,0,6327,16827,16827,13767,15295
9445,0,137,10637,10637,35445,17509
9446,0,7043,17543,17543,18474,15666
9447,0,4892,15392,15392,13662,14293
9448,0,2180,12680,12680,19319,18911
9449,0,10320,20820,20820,17100,38110
9450,0,7730,18230,18230,19535,17736
9451,0,3177,13677,13677,20769,16977
9452,0,4854,15354,15354,18323,15259
9453,0,4637,15137,15137,37684,17133
9454,0,5115,15615,15615,12233,15584
9455,0,24670,38165,38165,16057,10646
9456,0,7648,18148,18148,38543,38896
9457,0,4261,14761,14761,18755,17693
9458,0,24495,36496,36496,13903,20276
9459,0,1331,11831,11831,17236,14527
9460,0,10209,20709,20709,20885,35813
9461,0,24810,36694,36694,38934,13375
9462,0,25319,34634,34634,16425,15984
9463,0,7002,17502,17502,14382,17301
9464,0,9550,20050,20050,35813,20885
9465,0,6941,17441,17441,17715,16869
9466,0,8017,18517,18517,17580,11731
9467,0,6241,16741,16741,12353,35810
9468,0,9521,20021,20021,12873,36764
9469,0,22551,38937,38937,37811,13079
9470,0,6881,17381,17381,18005,17892
9471,0,22619,37011,37011,13650,11138
9472,0,10342,20842,20842,15417,15824
9473,17,4530,15030,13672,11131,20859
9474,0,10314,20814,20814,35734,12249
9475,0,4673,15173,15173,15224,38024
9476,0,21203,36133,36133,35944,15714
9477,0,6996,17496,17496,13067,14920
9478,0,1252,11752,11752,20134,13920
9479,0,25222,35430,35430,35492,37169
9480,11,3374,13874,17562,34886,38225
9481,1,2814,13314,20530,13314,17047
9482,0,4719,15219,15219,20158,16232
9483,0,6544,17044,17044,11473,36282
9484,0,10040,20540,20540,16859,35900
9485,0,4858,15358,15358,36798,19995
9486,0,7901,18401,18401,19487,16096
9487,0,21452,35189,35189,11104,11787
9488,0,8580,19080,19080,15065,15134
9489,1,8427,18927,35942,18927,15507
9490,0,1077,11577,11577,12439,36701
9491,0,10176,20676,20676,15407,36142
9492,0,4363,14863,14863,12398,11231
9493,0,24792,36114,36114,14862,18988
9494,0,770,11270,11270,17164,16476
9495,0,10357,20857,20857,11115,12125
9496,0,21676,36685,36685,38497,12365
9497,0,8865,19365,19365,15131,16809
9498,0,249,10749,10749,12945,15260
9499,1,9766,20266,37833,20266,38849
9500,0,7239,17739,17739,35819,18841
9501,0,3419,13919,13919,20030,19113
9502,0,10273,20773,20773,35095,19607
9503,0,10015,20515,20515,20500,12542
9504,0,21757,38367,38367,34658,38062
9505,0,4976,15476,15476,34699,12996
9506,0,4544,15044,15044,38224,16807
9507,0,5565,16065,16065,17317,19603
9508,0,7939,18439,18439,17154,38415
9509,0,716,11216,11216,20238,11552
9510,0,25277,38448,38448,37582,37529
9511,0,23279,36298,36298,16966,37901
9512,0,2048,12548,12548,20207,12719
9513,0,5997,16497,16497,36489,12177
9514,0,6600,17100,17100,10819,15890
9515,0,7245,17745,17745,18741,11978
9516,0,24089,37416,37416,19735,11581
9517,0,4178,14678,14678,20681,10737
9518,0,4809,15309,15309,13167,19668
9519,0,23819,34876,34876,35654,20837
9520,0,22557,38195,38195,35090,34972
9521,0,7140,17640,17640,12251,14638
9522,0,7190,17690,17690,12208,34946
9523,0,1460,11960,11960,35024,35071
9524,0,5989,16489,16489,35610,20269
9525,2,9860,20360,18838,18522,20360
9526,0,23911,34908,34908,16958,18934
9527,0,2000,12500,12500,15112,38217
9528,0,22046,36723,36723,10509,14642
9529,0,23146,36765,36765,12172,15232
9530,0,8175,18675,18675,19060,11017
9531,0,404,10904,10904,11007,38423
9532,0,384,10884,10884,15767,15955
9533,0,21754,38145,38145,16561,16176
9534,0,25142,38201,38201,12187,19321
9535,0,10344,20844,20844,19273,36045
9536,0,1633,12133,12133,16086,19651
9537,0,23013,38295,38295,16111,15575
9538,0,22370,37732,37732,14163,18736
9539,0,4784,15284,15284,35365,37563
9540,0,21024,38160,38160,35252,16048
9541,0,6970,17470,17470,20753,37922
9542,0,3925,14425,14425,20098,13386
9543,0,24848,37488,37488,16616,16860
9544,0,4158,14658,14658,13826,11197
9545,0,7449,17949,17949,16892,19628
9546,0,21554,37100,37100,16369,35523
9547,0,24165,37510,37510,16166,34483
9548,0,8415,18915,18915,38271,19789
9549,0,2193,12693,12693,18360,34463
9550,0,24997,35288,35288,13507,17138
9551,0,22259,36621,36621,10996,16765
9552,0,10016,20516,20516,11760,10877
9553,0,1015,11515,11515,13829,13107
9554,0,5124,15624,15624,12895,35298
9555,0,24238,37124,37124,20076,10832
9556,0,7418,17918,17918,19346,10622
9557,0,7409,17909,17909,20349,35293
9558,0,8989,19489,19489,19663,13994
9559,0,2871,13371,13371,15375,13723
9560,0,9,10509,10509,36723,18215
9561,0,10136,20636,20636,35934,36944
9562,0,1838,12338,12338,17301,18317
9563,0,4804,15304,15304,11202,11016
9564,0,255,10755,10755,35535,35536
9565,0,7026,17526,17526,36539,11579
9566,0,5713,16213,16213,19619,18754
9567,0,22476,36637,36637,16689,17588
9568,0,3324,13824,13824,16168,19258
9569,3,7714,18214,18948,13362,16515
9570,0,1581,12081,12081,35241,36324
9571,0,22086,35108,35108,37397,17769
9572,0,924,11424,11424,15942,36565
9573,0,2779,13279,13279,11341,13300
9574,0,23720,34660,34660,34924,16456
9575,0,7891,18391,18391,34711,20028
9576,0,6132,16632,16632,14719,36005
9577,0,23591,37176,37176,19475,35331
9578,0,5320,15820,15820,37273,12671
9579,0,7312,17812,17812,16115,10832
9580,0,7102,17602,17602,14760,38080
9581,0,6042,16542,16542,12236,14754
9582,0,3775,14275,14275,15689,37496
9583,0,4835,15335,15335,36706,14082
9584,0,21137,36288,36288,20070,36919
9585,0,4964,15464,15464,12629,19548
9586,0,24151,34931,34931,11060,12497
9587,0,539,11039,11039,20321,13279
9588,0,7483,17983,17983,18921,37933
9589,0,2745,13245,13245,11527,38085
9590,0,3719,14219,14219,20458,11598
9591,0,24860,38272,38272,17445,38154
9592,0,6819,17319,17319,17078,19927
9593,0,23370,37619,37619,20385,34547
9594,0,9337,19837,19837,19112,35244
9595,0,22834,37279,37279,13592,16740
9596,0,4468,14968,14968,36444,38504
9597,0,667,11167,11167,17208,13086
9598,0,7575,18075,18075,15380,37714
9599,0,23962,35171,35171,17835,12933
9600,1,8549,19049,20880,19049,35408
9601,0,5063,15563,15563,38513,35813
9602,0,22742,34983,34983,38017,13102
9603,0,24643,34935,34935,14759,20047
9604,0,1353,11853,11853,35956,18822
9605,0,23741,37283,37283,15439,13221
9606,0,7114,17614,17614,13794,37914
9607,0,25229,38626,38626,18627,35726
9608,0,8662,19162,19162,17401,13575
9609,0,2703,13203,13203,15822,34894
9610,0,3330,13830,13830,13390,17965
9611,0,8053,18553,18553,14286,20279
9612,0,25076,35789,35789,34716,34672
9613,0,9588,20088,20088,38399,35582
9614,0,3584,14084,14084,11338,10875
9615,0,21713,38137,38137,18966,13462
9616,0,21641,37414,37414,16375,36471
9617,0,5645,16145,16145,35495,35024
9618,0,3376,13876,13876,38127,19193
9619,0,1256,11756,11756,11634,16359
9620,0,6190,16690,16690,38650,12398
9621,0,21236,35664,35664,12672,35919
9622,0,21326,37803,37803,12915,16489
9623,0,23196,37930,37930,11749,14988
9624,0,9442,19942,19942,19763,18611
9625,0,22436,37947,37947,17492,37647
9626,0,5348,15848,15848,16418,12510
9627,0,24832,34963,34963,35990,35306
9628,0,22280,36450,36450,38782,18119
9629,0,21267,35436,35436,13832,16963
9630,0,25042,35085,35085,38523,12951
9631,0,4175,14675,14675,19086,16734
9632,0,21250,37420,37420,16894,38136
9633,0,4910,15410,15410,35755,13459
9634,0,1852,12352,12352,34919,38108
9635,0,6316,16816,16816,20572,15069
9636,0,21312,36932,36932,38241,37664
9637,0,24364,38746,38746,38434,12245
9638,0,2105,12605,12605,19896,16790
9639,0,133,10633,10633,16666,10812
9640,0,22366,37388,37388,14195,20552
9641,0,5029,15529,15529,19776,35617
9642,0,928,11428,11428,16075,17973
9643,0,823,11323,11323,17314,12265
9644,0,7576,18076,18076,18445,13571
9645,0,21266,35592,35592,20185,18634
9646,0,1531,12031,12031,35138,37581
9647,0,1214,11714,11714,19007,35304
9648,0,504,11004,11004,14174,37100
9649,0,23159,36437,36437,16724,37327
9650,0,10188,20688,20688,20151,10727
9651,0,6530,17030,17030,11558,19562
9652,0,3072,13572,13572,15518,35405
9653,0,10150,20650,20650,37091,19135
9654,0,9576,20076,20076,34640,16347
9655,0,9086,19586,19586,13367,15676
9656,0,22693,37076,37076,13300,18233
9657,0,8647,19147,19147,16102,20294
9658,0,6619,17119,17119,15443,38108
9659,0,21488,37931,37931,37446,11228
9660,0,9273,19773,19773,11386,11734
9661,0,3709,14209,14209,17643,16109
9662,0,24315,38346,38346,37500,38285
9663,0,4849,15349,15349,20156,14857
9664,0,4748,15248,15248,12403,20984
9665,0,4268,14768,14768,14705,12821
9666,0,21334,35674,35674,15035,11246
9667,0,24039,36286,36286,20079,20567
9668,0,24978,35754,35754,13207,36723
9669,0,21540,38780,38780,38825,15671
9670,0,8905,19405,19405,16034,19214
9671,0,4186,14686,14686,19756,12726
9672,0,10406,20906,20906,20260,19210
9673,0,5301,15801,15801,18436,14762
9674,0,2923,13423,13423,20018,37585
9675,0,6588,17088,17088,38565,20443
9676,0,1810,12310,12310,37099,14061
9677,0,3486,13986,13986,14845,19276
9678,0,7419,17919,17919,20645,18865
9679,0,3141,13641,13641,16179,35237
9680,0,10019,20519,20519,15298,36096
9681,0,9347,19847,19847,15577,20451
9682,0,1324,11824,11824,18166,15966
9683,0,4312,14812,14812,11381,34733
9684,0,7494,17994,17994,18691,37675
9685,0,8702,19202,19202,18638,13644
9686,0,9872,20372,20372,15467,15152
9687,0,8691,19191,19191,19307,34904
9688,0,24090,38221,38221,17383,15708
9689,0,10048,20548,20548,15488,15632
9690,0,9580,20080,20080,17293,11288
9691,0,24139,37767,37767,16571,15621
9692,0,24171,35871,35871,12544,11680
9693,0,25497,34538,34538,34539,15023
9694,0,5541,16041,16041,37949,20089
9695,0,24027,35388,35388,17437,35105
9696,0,6172,16672,16672,19399,10522
9697,1,1540,12040,13134,12040,35600
9698,0,9409,19909,19909,13171,18109
9699,0,2681,13181,13181,36869,20764
9700,0,24149,38784,38784,19819,37196
9701,0,24113,35145,35145,18914,38132
9702,0,24147,37664,37664,17222,37458
9703,13,6313,16813,38414,19306,15972
9704,0,1191,11691,11691,20153,36461
9705,0,21073,37924,37924,11576,36078
9706,0,5293,15793,15793,14404,18514
9707,0,1542,12042,12042,36395,36105
9708,0,24917,35453,35453,34530,17384
9709,0,21344,35476,35476,11297,13585
9710,0,7056,17556,17556,36602,15451
9711,0,2539,13039,13039,13091,14013
9712,0,953,11453,11453,34478,17247
9713,0,7241,17741,17741,19900,13897
9714,0,6731,17231,17231,36206,13741
9715,0,4846,15346,15346,11002,38789
9716,0,6801,17301,17301,12338,12504
9717,0,8010,18510,18510,14849,14827
9718,0,4330,14830,14830,10750,13846
9719,0,8924,19424,19424,35429,12422
9720,0,5334,15834,15834,10783,15733
9721,0,7330,17830,17830,38806,19622
9722,0,9348,19848,19848,34987,19008
9723,0,4729,15229,15229,38579,15303
9724,0,21660,35446,35446,34514,36660
9725,0,6541,17041,17041,35264,12601
9726,0,23033,35134,35134,19418,14943
9727,0,5305,15805,15805,11818,20154
9728,0,5161,15661,15661,19287,17522
9729,0,7860,18360,18360,12693,34463
9730,0,2156,12656,12656,15277,16084
9731,0,1062,11562,11562,13901,34779
9732,0,22083,34768,34768,16969,17046
9733,0,1167,11667,11667,36731,20367
9734,0,23745,35374,35374,35964,19972
9735,0,3636,14136,14136,37188,14626
9736,0,7651,18151,18151,12508,14862
9737,0,5588,16088,16088,14436,11345
9738,0,22676,35090,35090,38195,14287
9739,0,7192,17692,17692,17175,13461
9740,0,4491,14991,14991,20129,15471
9741,0,7266,17766,17766,15353,17958
9742,0,23493,35292,35292,36914,18107
9743,0,4980,15480,15480,18735,18176
9744,0,8335,18835,18835,13295,38886
9745,0,21776,38889,38889,10638,35533
9746,0,24844,35729,35729,17163,18244
9747,0,4946,15446,15446,13583,18454
9748,0,2782,13282,13282,14164,37938
9749,0,717,11217,11217,11563,14580
9750,0,10011,20511,20511,14916,12318
9751,0,2502,13002,13002,16147,20099
9752,0,4360,14860,14860,17932,19470
9753,0,4171,14671,14671,18561,35213
9754,0,8082,18582,18582,18746,16102
9755,0,21142,38601,38601,15547,13642
9756,0,395,10895,10895,16896,37736
9757,0,24676,37883,37883,10659,14479
9758,0,7186,17686,17686,35749,36054
9759,0,21245,38694,38694,37790,35411
9760,0,4492,14992,14992,15321,17226
9761,0,1365,11865,11865,16683,17504
9762,0,23448,38254,38254,13033,12527
9763,0,22586,38151,38151,20203,13275
9764,0,8787,19287,19287,12524,15661
9765,0,23525,36104,36104,14707,13026
9766,0,22892,37544,37544,19764,15315
9767,0,5917,16417,16417,37654,18201
9768,0,4968,15468,15468,15956,36504
9769,0,2914,13414,13414,13021,20558
9770,0,22008,34478,34478,17247,11453
9771,0,5644,16144,16144,38643,17509
9772,0,3766,14266,14266,12687,12300
9773,2,3440,13940,13901,15602,13940
9774,0,25090,36003,36003,37196,38531
9775,0,25068,36284,36284,19087,36176
9776,0,7357,17857,17857,35528,38040
9777,0,6806,17306,17306,36163,13210
9778,0,9879,20379,20379,10809,20533
9779,0,2143,12643,12643,12297,36963
9780,0,5104,15604,15604,14500,16397
9781,0,5073,15573,15573,18461,10994
9782,0,1571,12071,12071,11795,12028
9783,0,4079,14579,14579,16494,12120
9784,0,1122,11622,11622,13540,35312
9785,0,2786,13286,13286,37806,35071
9786,0,2967,13467,13467,36051,37934
9787,0,2504,13004,13004,18623,36175
9788,0,5988,16488,16488,38868,11811
9789,0,23431,35617,35617,15529,11672
9790,0,8867,19367,19367,37241,11439
9791,0,24811,34960,34960,15320,13449
9792,0,7164,17664,17664,19530,11545
9793,0,25481,35500,35500,36016,11588
9794,0,728,11228,11228,37446,37931
9795,0,7587,18087,18087,35658,20176
9796,0,7543,18043,18043,10754,36007
9797,0,412,10912,10912,37320,11093
9798,0,24413,35298,35298,34514,12085
9799,0,9708,20208,20208,20192,13233
9800,0,5745,16245,16245,36605,36386
9801,0,7668,18168,18168,35313,20374
9802,0,825,11325,11325,38940,19521
9803,0,3267,13767,13767,16827,15295
9804,0,3974,14474,14474,17648,18185
9805,0,8808,19308,19308,17925,20219
9806,0,8306,18806,18806,37757,15466
9807,0,417,10917,10917,36019,18141
9808,0,23396,35221,35221,36198,10617
9809,0,9817,20317,20317,12728,13168
9810,0,6748,17248,17248,18783,35461
9811,0,8967,19467,19467,37213,18390
9812,0,21600,36337,36337,11575,18454
9813,0,22055,35048,35048,34601,34897
9814,0,24435,38433,38433,14324,18581
9815,0,2082,12582,12582,37699,36288
9816,0,8945,19445,19445,20183,38047
9817,0,24687,34698,34698,18520,15866
9818,0,21055,36121,36121,34789,15357
9819,0,3373,13873,13873,20019,11579
9820,0,5726,16226,16226,15225,34862
9821,0,4107,14607,14607,14508,34473
9822,0,21056,34596,34596,15657,38799
9823,0,4380,14880,14880,15747,38749
9824,0,7723,18223,18223,36162,38516
9825,0,1066,11566,11566,12827,10574
9826,0,3913,14413,14413,36985,38882
9827,0,21553,37439,37439,19088,16011
9828,0,5536,16036,16036,38223,11185
9829,0,8002,18502,18502,14166,15161
9830,0,5387,15887,15887,12349,14069
9831,0,5732,16232,16232,20781,12112
9832,0,25321,35650,35650,15015,15437
9833,0,2738,13238,13238,13505,35130
9834,0,5052,15552,15552,13224,35907
9835,0,4000,14500,14500,15604,12778
9836,0,9760,20260,20260,16765,10996
9837,0,2427,12927,12927,14638,12490
9838,0,23071,35898,35898,11840,17567
9839,0,6833,17333,17333,12887,15486
9840,0,10123,20623,20623,19706,13368
9841,0,1687,12187,12187,38201,35714
9842,0,851,11351,11351,38585,11106
9843,0,25402,35698,35698,13342,12608
9844,0,6303,16803,16803,36062,16906
9845,0,9087,19587,19587,35461,11046
9846,0,22987,36744,36744,11162,14586
9847,0,5878,16378,16378,35786,13431
9848,0,8527,19027,19027,11817,19273
9849,0,2839,13339,13339,14607,10629
9850,0,25158,35239,35239,14616,20265
9851,0,4611,15111,15111,15957,36416
9852,0,9540,20040,20040,19256,16750
9853,0,9207,19707,19707,10798,18428
9854,0,24729,34968,34968,37584,37525
9855,0,9823,20323,20323,10824,37225
9856,0,2489,12989,12989,20409,17028
9857,4,21687,35882,36653,10671,34585
9858,0,6905,17405,17405,19509,12200
9859,0,7390,17890,17890,18158,38635
9860,0,21412,35403,35403,20444,10693
9861,0,2849,13349,13349,19541,20764
9862,0,21235,38029,38029,15132,16668
9863,0,6665,17165,17165,38233,17340
9864,0,5881,16381,16381,17447,20379
9865,0,10262,20762,20762,17828,13951
9866,0,4452,14952,14952,11114,16728
9867,0,9949,20449,20449,37731,17530
9868,0,7421,17921,17921,37275,19042
9869,0,23449,37560,37560,18406,12167
9870,0,9827,20327,20327,18944,17143
9871,3,23166,36798,12919,17963,15867
9872,0,6484,16984,16984,12526,12979
9873,0,2479,12979,12979,18934,16984
9874,0,6617,17117,17117,13505,12691
9875,0,10457,20957,20957,16132,13278
9876,0,23119,35111,35111,18497,36080
9877,0,22785,37475,37475,14139,35733
9878,0,21121,38528,38528,19685,11859
9879,0,23852,35211,35211,16664,36768
9880,0,25226,37205,37205,14258,36108
9881,0,21185,38021,38021,17632,37731
9882,0,2141,12641,12641,19488,11981
9883,0,24793,37256,37256,38796,34613
9884,0,23903,35270,35270,14068,13794
9885,0,5188,15688,15688,14443,13842
9886,0,24310,38516,38516,36162,18223
9887,0,23667,36197,36197,15331,13321
9888,0,23481,35508,35508,14696,36239
9889,0,2744,13244,13244,34722,17694
9890,0,7253,17753,17753,13403,11380
9891,0,21031,37244,37244,18027,11692
9892,0,3506,14006,14006,35230,18349
9893,0,1679,12179,12179,13023,20588
9894,0,4249,14749,14749,37744,12021
9895,0,3147,13647,13647,20771,11759
9896,0,8130,18630,18630,12666,19578
9897,0,10486,20986,20986,37510,16166
9898,0,7004,17504,17504,34827,11865
9899,0,580,11080,11080,10639,13383
9900,0,9662,20162,20162,10693,38483
9901,0,24265,36951,36951,36620,35068
9902,0,4070,14570,14570,12414,36630
9903,0,22727,37460,37460,36735,15245
9904,0,3343,13843,13843,18690,20651
9905,0,22610,37144,37144,13179,19948
9906,0,7404,17904,17904,14749,37744
9907,0,23069,36735,36735,20114,37460
9908,0,3672,14172,14172,10958,37031
9909,0,559,11059,11059,13332,12310
9910,0,5237,15737,15737,19986,16230
9911,0,7805,18305,18305,35830,38188
9912,0,22860,37367,37367,10651,17952
9913,0,22000,35001,35001,10618,20502
9914,0,512,11012,11012,18332,37702
9915,0,21673,36881,36881,19572,18376
9916,0,1081,11581,11581,19735,37416
9917,0,1664,12164,12164,36057,36058
9918,0,9204,19704,19704,11353,17266
9919,0,1931,12431,12431,17444,11659
9920,0,21394,38466,38466,18000,36321
9921,0,1150,11650,11650,36165,35571
9922,0,2838,13338,13338,16939,12598
9923,0,5949,16449,16449,15422,16567
9924,0,8308,18808,18808,16326,13894
9925,0,8932,19432,19432,36023,19184
9926,0,23435,38644,38644,19972,16317
9927,0,22165,38222,38222,34771,19990
9928,0,5177,15677,15677,16051,13325
9929,0,22360,35827,35827,16436,38507
9930,0,24045,38058,38058,18852,12813
9931,0,830,11330,11330,14687,38059
9932,0,8311,18811,18811,15969,14822
9933,0,4752,15252,15252,34882,38692
9934,0,25216,38599,38599,17606,36448
9935,0,21053,38674,38674,18161,11501
9936,0,25049,38872,38872,13780,13334
9937,0,635,11135,11135,18305,35830
9938,0,4465,14965,14965,12556,15766
9939,0,23610,36516,36516,13573,38404
9940,0,6799,17299,17299,37184,18311
9941,0,7987,18487,18487,13292,10882
9942,0,7079,17579,17579,19962,14260
9943,0,6966,17466,17466,35182,19970
9944,0,4142,14642,14642,35081,18215
9945,0,7027,17527,17527,35683,13891
9946,0,9183,19683,19683,13104,36345
9947,0,876,11376,11376,35273,36570
9948,0,4869,15369,15369,35775,11616
9949,0,5315,15815,15815,13170,17110
9950,0,5222,15722,15722,20374,16310
9951,0,4,10504,10504,38786,18269
9952,0,3051,13551,13551,36147,17323
9953,0,5691,16191,16191,35426,16365
9954,0,3124,13624,13624,20042,34524
9955,0,24992,34812,34812,36567,34776
9956,0,2491,12991,12991,35610,16475
9957,0,25366,37325,37325,34860,12459
9958,0,3854,14354,14354,36890,10584
9959,0,23605,37085,37085,37865,37086
9960,0,4777,15277,15277,12656,19571
9961,0,9907,20407,20407,13638,35897
9962,0,7509,18009,18009,12343,12277
9963,0,6457,16957,16957,16343,19293
9964,0,6293,16793,16793,16297,35673
9965,0,1148,11648,11648,14271,36304
9966,0,24727,35413,35413,35408,19049
9967,0,574,11074,11074,34811,18611
9968,0,3769,14269,14269,10766,17074
9969,0,24571,35888,35888,35889,13112
9970,0,4146,14646,14646,37233,20555
9971,0,853,11353,11353,13416,10612
9972,0,10174,20674,20674,20227,35718
9973,0,21258,34926,34926,38928,37072
9974,0,5919,16419,16419,11550,17929
9975,0,24932,37081,37081,14585,14751
9976,0,22587,37363,37363,18896,18851
9977,0,9358,19858,19858,11995,11596
9978,0,6614,17114,17114,19609,13734
9979,0,6002,16502,16502,11824,18166
9980,0,9163,19663,19663,14511,15151
9981,0,23002,34853,34853,35627,10935
9982,0,4495,14995,14995,11795,15854
9983,0,8173,18673,18673,14467,14699
9984,0,6655,17155,17155,16353,10584
9985,0,24051,35999,35999,35124,34917
9986,0,2368,12868,12868,37694,35653
9987,0,25441,36267,36267,35976,15324
9988,0,4780,15280,15280,37018,15386
9989,0,21581,36283,36283,35704,16223
9990,0,7992,18492,18492,14663,17351
9991,0,2950,13450,13450,19293,16957
9992,0,5625,16125,16125,36856,36857
9993,0,6971,17471,17471,18011,10842
9994,0,8716,19216,19216,16439,18038
9995,0,22090,34607,34607,38033,14677
9996,0,21372,37168,37168,16169,37562
9997,0,1841,12341,12341,35186,12259
9998,0,5986,16486,16486,17961,14356
9999,0,537,11037,11037,19428,34726
10000,0,2806,13306,13306,38250,18116
10001,0,5801,16301,16301,37672,10692
10002,0,5596,16096,16096,11711,36094
10003,0,7206,17706,17706,18520,34698
10004,19,7343,17843,35489,35690,12532
10005,0,21708,36493,36493,35735,15765
10006,0,7560,18060,18060,17059,15614
10007,0,8096,18596,18596,19419,11335
10008,0,21067,35327,35327,20612,15163
10009,0,784,11284,11284,36617,35707
10010,0,22982,36209,36209,36659,12323
10011,0,1409,11909,11909,37239,38724
10012,0,22214,34689,34689,13938,17216
10013,0,154,10654,10654,13216,14177
10014,0,7806,18306,18306,37028,13915
10015,0,3009,13509,13509,36802,35496
10016,0,1686,12186,12186,35147,34473
10017,0,21612,35053,35053,14457,34847
10018,0,4014,14514,14514,36186,12499
10019,0,7455,17955,17955,18921,37933
10020,0,21557,36873,36873,17454,16767
10021,0,3863,14363,14363,20517,13284
10022,0,2733,13233,13233,15357,20826
10023,0,1895,12395,12395,20178,13346
10024,0,5442,15942,15942,11424,38235
10025,0,569,11069,11069,17611,10725
10026,0,6709,17209,17209,20247,35960
10027,0,5854,16354,16354,16209,18509
10028,0,1816,12316,12316,20215,36510
10029,0,10257,20757,20757,13175,14310
10030,0,8319,18819,18819,14025,12972
10031,0,3394,13894,13894,18808,20220
10032,0,3327,13827,13827,20414,14699
10033,0,22501,38932,38932,20591,13223
10034,0,6102,16602,16602,17293,20080
10035,0,2975,13475,13475,13056,18811
10036,0,980,11480,11480,35808,17849
10037,0,10492,20992,20992,12631,20329
10038,0,190,10690,10690,38025,35068
10039,0,9331,19831,19831,16409,13711
10040,0,5088,15588,15588,35579,16742
10041,0,699,11199,11199,10726,37851
10042,0,22103,38600,38600,10869,19335
10043,0,606,11106,11106,11605,11351
10044,0,21806,36428,36428,16385,13132
10045,0,301,10801,10801,12332,11484
10046,0,3420,13920,13920,20832,20134
10047,0,21997,38665,38665,17288,17911
10048,0,1060,11560,11560,17275,12824
10049,0,21346,38016,38016,20725,18983
10050,0,21207,38801,38801,36360,12175
10051,0,22013,34717,34717,19221,19512
10052,0,3444,13944,13944,37047,14057
10053,0,1069,11569,11569,12078,11367
10054,0,24982,34676,34676,34927,37351
10055,0,2205,12705,12705,35528,11762
10056,0,9435,19935,19935,18685,35551
10057,0,7339,17839,17839,17765,20410
10058,0,8208,18708,18708,14988,19242
10059,0,7679,18179,18179,16016,11757
10060,0,22887,35272,35272,34927,37351
10061,0,23622,37463,37463,18472,11410
10062,0,4642,15142,15142,36700,36513
10063,0,7683,18183,18183,35487,10516
10064,0,21219,36906,36906,37119,37888
10065,1,9007,19507,37383,19507,20739
10066,0,7996,18496,18496,17806,13763
10067,0,21440,35219,35219,11361,37695
10068,0,24014,36700,36700,15142,17264
10069,0,5600,16100,16100,36840,18127
10070,0,9151,19651,19651,16086,19872
10071,4,7022,17522,35052,18892,17442
10072,0,4893,15393,15393,20840,17170
10073,0,225,10725,10725,19057,11069
10074,0,22099,38322,38322,35188,17428
10075,0,3354,13854,13854,19702,13456
10076,0,5895,16395,16395,20077,15988
10077,0,22716,34637,34637,14652,12802
10078,0,8754,19254,19254,35600,13134
10079,0,3436,13936,13936,18389,20279
10080,0,23384,38525,38525,18639,11205
10081,0,22074,38333,38333,19944,12492
10082,0,1693,12193,12193,11759,20150
10083,0,6893,17393,17393,12688,12177
10084,0,1045,11545,11545,10722,17664
10085,0,3446,13946,13946,11202,14811
10086,0,22981,36717,36717,34995,16282
10087,0,8050,18550,18550,17055,36586
10088,0,9146,19646,19646,38791,13391
10089,0,21920,38931,38931,19693,38145
10090,0,25149,34887,34887,11316,11722
10091,0,24424,35256,35256,36833,13562
10092,0,4735,15235,15235,17064,14405
10093,0,4496,14996,14996,19084,36734
10094,0,1218,11718,11718,14794,18483
10095,0,22963,37406,37406,16035,11075
10096,0,22890,37663,37663,11577,12565
10097,0,6015,16515,16515,13362,18948
10098,0,9719,20219,20219,19308,18087
10099,0,3987,14487,14487,38363,38103
10100,0,4911,15411,15411,34742,35332
10101,0,9492,19992,19992,35449,35323
10102,0,4493,14993,14993,35746,14243
10103,0,6944,17444,17444,12431,11659
10104,0,5699,16199,16199,16929,19806
10105,0,8352,18852,18852,11322,13218
10106,0,23385,36219,36219,16052,35230
10107,0,23386,37952,37952,15145,13303
10108,0,956,11456,11456,14105,15157
10109,0,21191,35943,35943,20602,17013
10110,0,25306,35386,35386,18712,11544
10111,0,2869,13369,13369,17946,38236
10112,0,24678,35929,35929,38108,11475
10113,0,4433,14933,14933,15318,34581
10114,0,4973,15473,15473,13739,15601
10115,0,24939,38167,38167,34744,37384
10116,0,2961,13461,13461,35797,13147
10117,0,22071,38132,38132,35145,18914
10118,0,2200,12700,12700,12610,16578
10119,0,98,10598,10598,10813,11909
10120,0,25210,38739,38739,19634,18793
10121,0,2557,13057,13057,17735,11765
10122,0,21949,35335,35335,16392,36617
10123,0,8445,18945,18945,15533,35921
10124,0,22236,36075,36075,36576,17457
10125,0,4199,14699,14699,18673,14467
10126,0,9637,20137,20137,37234,17341
10127,0,5539,16039,16039,37724,18724
10128,0,1648,12148,12148,11445,11606
10129,0,22691,36834,36834,15082,38259
10130,0,24764,36875,36875,20579,17375
10131,0,25357,36143,36143,10942,36657
10132,0,9888,20388,20388,13329,35065
10133,0,23740,35343,35343,16944,18899
10134,0,6197,16697,16697,34904,15846
10135,0,6295,16795,16795,11278,17386
10136,0,4499,14999,14999,19495,38909
10137,0,1154,11654,11654,35722,15801
10138,0,2255,12755,12755,14957,11718
10139,0,9874,20374,20374,17795,35275
10140,0,3170,13670,13670,11637,13856
10141,0,7400,17900,17900,20520,18763
10142,0,10248,20748,20748,11064,38672
10143,0,7158,17658,17658,19201,38800
10144,0,21036,36242,36242,11104,35189
10145,0,24327,38759,38759,16945,20944
10146,0,3108,13608,13608,11139,36587
10147,0,4548,15048,15048,12304,20642
10148,0,21302,35875,35875,18398,35351
10149,1,22373,38549,14714,38549,19982
10150,0,5423,15923,15923,20210,17656
10151,0,2049,12549,12549,36071,11381
10152,0,23235,37128,37128,20661,36822
10153,0,23378,35795,35795,18459,38290
10154,0,9208,19708,19708,37973,35938
10155,0,8815,19315,19315,13897,19900
10156,0,21000,38657,38657,19776,15529
10157,0,24804,38035,38035,35371,11243
10158,0,262,10762,10762,10729,34546
10159,0,21078,37882,37882,37867,12774
10160,0,24568,35521,35521,16158,35990
10161,0,4061,14561,14561,35816,18430
10162,0,5534,16034,16034,17259,20393
10163,0,21838,38446,38446,11118,38279
10164,0,22777,38217,38217,15112,12500
10165,0,6616,17116,17116,15091,36661
10166,0,8120,18620,18620,19078,17933
10167,0,8155,18655,18655,15233,38244
10168,0,1802,12302,12302,13831,16469
10169,0,4736,15236,15236,35747,11301
10170,0,24395,38943,38943,20581,35088
10171,0,2385,12885,12885,11567,35465
10172,0,6694,17194,17194,15821,38239
10173,0,5759,16259,16259,18199,34838
10174,0,1959,12459,12459,17438,20578
10175,0,2976,13476,13476,38295,19594
10176,0,8680,19180,19180,19873,17876
10177,0,1843,12343,12343,18009,12277
10178,0,1734,12234,12234,35076,20344
10179,0,2911,13411,13411,14137,17217
10180,0,24329,35371,35371,38035,13294
10181,1,8338,18838,20360,18838,18522
10182,0,22393,37782,37782,10646,38165
10183,0,1986,12486,12486,38210,19541
10184,0,9561,20061,20061,17874,38331
10185,0,6546,17046,17046,12692,13465
10186,0,21426,38203,38203,11028,36256
10187,0,7098,17598,17598,18332,36679
10188,0,2811,13311,13311,17062,17089
10189,0,659,11159,11159,15672,20422
10190,0,9986,20486,20486,15627,38672
10191,0,2511,13011,13011,36326,19987
10192,0,23437,35549,35549,34989,19736
10193,0,4282,14782,14782,20570,15207
10194,0,9339,19839,19839,12145,17198
10195,0,23371,35424,35424,36310,19248
10196,0,8800,19300,19300,15919,36987
10197,0,6287,16787,16787,18138,35786
10198,0,21519,35734,35734,20814,14472
10199,0,1930,12430,12430,17261,38193
10200,0,7125,17625,17625,38785,15382
10201,0,197,10697,10697,38879,37491
10202,0,7777,18277,18277,36363,14222
10203,0,2931,13431,13431,13664,35903
10204,0,8004,18504,18504,15025,15282
10205,0,2327,12827,12827,12257,11566
10206,0,4389,14889,14889,14968,11530
10207,0,8958,19458,19458,15112,20893
10208,0,24509,36648,36648,13989,13532
10209,0,4218,14718,14718,12149,37557
10210,0,24428,35407,35407,20010,10548
10211,0,202,10702,10702,12153,20036
10212,0,3510,14010,14010,16852,35734
10213,0,4931,15431,15431,35158,16683
10214,0,23860,38542,38542,17351,18698
10215,0,5535,16035,16035,12830,37406
10216,0,9925,20425,20425,19053,20912
10217,0,5791,16291,16291,35902,35673
10218,0,24456,34929,34929,17375,36208
10219,0,1707,12207,12207,13930,37258
10220,0,5172,15672,15672,11159,20422
10221,0,5249,15749,15749,15608,10757
10222,0,21719,37909,37909,20854,19777
10223,0,21305,35626,35626,15948,15210
10224,0,6528,17028,17028,12989,10808
10225,3,21578,38736,10953,18203,12267
10226,0,5855,16355,16355,19056,19066
10227,0,8164,18664,18664,15651,20769
10228,0,854,11354,11354,14007,19886
10229,0,21296,37837,37837,20647,16007
10230,0,21369,38515,38515,15589,17266
10231,0,4737,15237,15237,37697,14873
10232,0,22235,36249,36249,35558,36103
10233,0,10352,20852,20852,11106,20600
10234,0,698,11198,11198,18905,10652
10235,0,24006,35304,35304,14832,36184
10236,0,22884,35151,35151,37854,36181
10237,0,3696,14196,14196,37605,16175
10238,0,1636,12136,12136,38616,12681
10239,0,7280,17780,17780,14235,14426
10240,0,7554,18054,18054,12924,20139
10241,0,22257,35609,35609,16900,17465
10242,0,3581,14081,14081,36635,36157
10243,0,1291,11791,11791,17372,16384
10244,0,24682,36811,36811,12867,36512
10245,0,6585,17085,17085,18351,10695
10246,0,21895,37768,37768,12946,20258
10247,0,1853,12353,12353,36303,16741
10248,0,5232,15732,15732,10856,34584
10249,0,3763,14263,14263,20722,18477
10250,0,3304,13804,13804,13745,15244
10251,2,1495,11995,36135,11596,11995
10252,0,24554,37879,37879,38241,35914
10253,0,25167,35895,35895,13931,37670
10254,0,21285,35597,35597,36519,11286
10255,0,7994,18494,18494,14292,18609
10256,0,1998,12498,12498,11997,37285
10257,0,663,11163,11163,34677,35176
10258,0,22685,36931,36931,13757,11589
10259,0,21953,37505,37505,14374,35250
10260,0,3748,14248,14248,19166,19825
10261,0,4413,14913,14913,38245,20985
10262,0,22961,36896,36896,38805,15802
10263,0,5530,16030,16030,11854,10516
10264,0,5575,16075,16075,11428,17973
10265,0,8901,19401,19401,13234,12768
10266,0,7526,18026,18026,17156,19974
10267,0,9474,19974,19974,35541,19869
10268,0,5864,16364,16364,11302,16285
10269,0,22466,37220,37220,17514,19797
10270,0,25266,34827,34827,38554,12276
10271,0,6776,17276,17276,38297,38134
10272,0,23494,36181,36181,37854,34581
10273,0,1306,11806,11806,15420,35305
10274,0,24907,37648,37648,13149,14761
10275,0,23440,37656,37656,14909,12156
10276,0,7392,17892,17892,18005,18754
10277,0,10429,20929,20929,11638,18026
10278,0,24528,35454,35454,36492,18723
10279,0,5592,16092,16092,14547,12177
10280,0,10230,20730,20730,15651,14132
10281,0,9721,20221,20221,14773,11234
10282,0,1663,12163,12163,12793,12967
10283,0,5450,15950,15950,20524,16998
10284,0,24481,38862,38862,38866,18857
10285,0,23030,38891,38891,18993,36647
10286,1,3627,14127,18503,14127,15506
10287,0,23821,37891,37891,19711,11367
10288,0,24383,37299,37299,11002,15346
10289,0,21065,37043,37043,12333,13182
10290,0,2693,13193,13193,11955,34681
10291,0,22562,35212,35212,11044,37285
10292,0,9789,20289,20289,35286,37119
10293,0,22554,34881,34881,35086,11378
10294,0,22107,34777,34777,19338,18242
10295,0,5915,16415,16415,13808,10629
10296,0,3157,13657,13657,35915,17494
10297,0,22047,35466,35466,20882,11721
10298,0,9914,20414,20414,38583,13827
10299,0,21284,37431,37431,36430,35759
10300,6,6668,17168,20775,14954,12658
10301,0,1059,11559,11559,19018,18416
10302,0,4636,15136,15136,17757,35591
10303,0,3242,13742,13742,17135,37384
10304,0,1678,12178,12178,12670,17634
10305,0,6892,17392,17392,38838,18057
10306,0,6374,16874,16874,11811,11572
10307,0,7574,18074,18074,37829,13182
10308,0,1757,12257,12257,15228,14289
10309,0,6019,16519,16519,14608,13014
10310,0,21124,36343,36343,20195,12869
10311,0,5116,15616,15616,38314,16641
10312,0,8755,19255,19255,19693,38931
10313,0,7408,17908,17908,38653,14775
10314,0,2790,13290,13290,13144,20276
10315,0,863,11363,11363,14650,35351
10316,0,7858,18358,18358,20974,16623
10317,0,1484,11984,11984,37157,16540
10318,0,7035,17535,17535,10940,17838
10319,0,7721,18221,18221,37336,10877
10320,0,5977,16477,16477,16332,20058
10321,0,5134,15634,15634,19375,10542
10322,0,206,10706,10706,10757,36161
10323,0,4488,14988,14988,18708,17180
10324,0,6938,17438,17438,35340,35314
10325,0,9062,19562,19562,14667,17030
10326,0,23897,36645,36645,12045,15916
10327,0,6910,17410,17410,37506,17149
10328,0,502,11002,11002,38915,15346
10329,0,7385,17885,17885,35497,13006
10330,0,1028,11528,11528,37018,16648
10331,0,3840,14340,14340,12141,15578
10332,0,24309,34842,34842,14710,19540
10333,0,22082,37733,37733,16264,37479
10334,0,8110,18610,18610,16129,34641
10335,0,5056,15556,15556,18290,14220
10336,0,9762,20262,20262,17369,17126
10337,0,8154,18654,18654,15548,13738
10338,0,21117,34925,34925,14460,18254
10339,0,25240,38143,38143,36102,11728
10340,0,2731,13231,13231,35652,35007
10341,0,21508,38394,38394,38197,38063
10342,0,8996,19496,19496,15905,15799
10343,0,24658,37999,37999,10797,20805
10344,0,22124,35797,35797,37681,17474
10345,0,2454,12954,12954,16601,37225
10346,0,22752,36750,36750,15654,16094
10347,0,7215,17715,17715,11160,34868
10348,0,3104,13604,13604,16937,13475
10349,0,23991,37027,37027,17648,18185
10350,0,25380,38111,38111,16711,15855
10351,1,8392,18892,17442,18892,10814
10352,0,6278,16778,16778,36778,36777
10353,0,3099,13599,13599,15487,18818
10354,0,6184,16684,16684,38728,38269
10355,0,10470,20970,20970,13165,11789
10356,0,3561,14061,14061,37788,12310
10357,0,5892,16392,16392,36617,35335
10358,0,23504,36626,36626,18258,16663
10359,0,22652,38584,38584,15349,20156
10360,0,23865,36666,36666,12164,12694
10361,0,21559,37946,37946,12312,16325
10362,0,391,10891,10891,11211,14508
10363,0,6736,17236,17236,37764,11831
10364,0,5618,16118,16118,17663,14640
10365,0,5258,15758,15758,38647,15477
10366,0,9687,20187,20187,10736,35157
10367,0,2695,13195,13195,17454,38655
10368,0,2027,12527,12527,15584,15615
10369,0,22522,37400,37400,19282,16530
10370,0,5463,15963,15963,11110,15915
10371,0,2568,13068,13068,13837,34991
10372,0,8006,18506,18506,13529,17031
10373,0,64,10564,10564,13065,37502
10374,0,23804,36036,36036,38312,34562
10375,0,2062,12562,12562,14776,11769
10376,0,5276,15776,15776,15003,10850
10377,0,7208,17708,17708,13106,37894
10378,0,8684,19184,19184,17051,12696
10379,0,8571,19071,19071,20228,36986
10380,0,6331,16831,16831,12449,12096
10381,0,4859,15359,15359,18813,19945
10382,0,25379,38512,38512,20408,12250
10383,0,23306,36145,36145,13867,10945
10384,0,4887,15387,15387,17688,19067
10385,0,9268,19768,19768,16295,37638
10386,0,878,11378,11378,36973,35095
10387,0,8529,19029,19029,12659,15786
10388,0,7916,18416,18416,13682,37694
10389,0,6863,17363,17363,19605,16897
10390,0,7892,18392,18392,15694,34826
10391,0,6439,16939,16939,13338,20176
10392,0,7869,18369,18369,20203,10629
10393,0,1016,11516,11516,17583,10800
10394,0,9467,19967,19967,20832,19775
10395,0,25190,35950,35950,13084,11300
10396,0,7629,18129,18129,15634,20167
10397,0,21151,36703,36703,12173,16997
10398,0,23562,35494,35494,12145,17198
10399,0,21976,37063,37063,15444,16992
10400,0,23738,38565,38565,17088,20443
10401,0,995,11495,11495,11115,20857
10402,0,10173,20673,20673,18650,36963
10403,0,4297,14797,14797,36787,17427
10404,0,161,10661,10661,19188,38055
10405,0,5675,16175,16175,37202,36167
10406,0,6873,17373,17373,35577,20366
10407,0,22830,38697,38697,16699,36913
10408,0,22326,36950,36950,19975,13132
10409,0,9692,20192,20192,13297,13595
10410,0,7989,18489,18489,34962,20974
10411,0,3843,14343,14343,34766,34765
10412,0,23485,37377,37377,37312,37473
10413,0,24308,34765,34765,11225,15076
10414,0,24054,35613,35613,36938,14363
10415,0,1021,11521,11521,12561,20019
10416,0,3073,13573,13573,36516,38404
10417,0,7555,18055,18055,17093,17493
10418,0,3943,14443,14443,15688,12663
10419,0,1585,12085,12085,17265,11802
10420,0,10147,20647,20647,37837,19303
10421,0,3152,13652,13652,17415,18160
10422,0,24524,38501,38501,19095,17485
10423,0,8226,18726,18726,36758,12579
10424,0,24969,36166,36166,16244,36502
10425,0,775,11275,11275,17677,37290
10426,0,24108,34708,34708,19835,16919
10427,0,9670,20170,20170,19742,12586
10428,0,7099,17599,17599,35355,16788
10429,0,5486,15986,15986,37764,14527
10430,0,6235,16735,16735,36391,36896
10431,0,9555,20055,20055,37982,16691
10432,0,7041,17541,17541,14145,13060
10433,0,2612,13112,13112,35889,35888
10434,0,7513,18013,18013,35635,35702
10435,0,25052,34976,34976,34977,38146
10436,0,10233,20733,20733,11910,13081
10437,1,8433,18933,35261,18933,13161
10438,0,10253,20753,20753,17470,37922
10439,0,21259,34515,34515,34727,17257
10440,0,8792,19292,19292,38060,37674
10441,0,24028,34587,34587,13355,20264
10442,0,5393,15893,15893,20075,17918
10443,0,24974,38462,38462,38340,35905
10444,0,25199,35040,35040,15855,34802
10445,0,22940,38316,38316,38349,35984
10446,0,8838,19338,19338,34777,18242
10447,0,3890,14390,14390,13818,36463
10448,0,3556,14056,14056,11548,37574
10449,0,24683,35354,35354,15568,18625
10450,0,1528,12028,12028,20619,13226
10451,0,1267,11767,11767,18138,20946
10452,0,7734,18234,18234,17476,37020
10453,0,1899,12399,12399,19940,38912
10454,0,4658,15158,15158,37571,11749
10455,0,3005,13505,13505,17117,13238
10456,0,2734,13234,13234,16671,19401
10457,0,189,10689,10689,38523,19964
10458,1,9998,20498,11498,20498,19469
10459,0,9167,19667,19667,13397,10571
10460,0,2747,13247,13247,18672,38466
10461,0,2047,12547,12547,15693,18117
10462,0,7849,18349,18349,15440,36899
10463,0,2558,13058,13058,36342,19656
10464,0,9274,19774,19774,13695,14501
10465,0,8666,19166,19166,14248,19759
10466,0,22539,35056,35056,12390,19808
10467,0,24278,36995,36995,37270,15883
10468,0,6396,16896,16896,37736,10562
10469,0,23929,36269,36269,36867,12225
10470,0,3385,13885,13885,14878,16342
10471,0,4555,15055,15055,13755,14449
10472,0,1184,11684,11684,17631,13276
10473,0,6420,16920,16920,18574,35539
10474,0,5051,15551,15551,16744,13766
10475,0,5311,15811,15811,12514,13344
10476,0,2433,12933,12933,36960,18674
10477,0,6949,17449,17449,11922,36500
10478,0,24566,37763,37763,10552,36093
10479,0,22651,34543,34543,20614,38608
10480,0,769,11269,11269,17932,13343
10481,0,1685,12185,12185,12407,11852
10482,0,8322,18822,18822,11853,35956
10483,0,23186,35071,35071,14685,13286
10484,0,21010,35323,35323,19992,19774
10485,0,21133,35596,35596,14850,17009
10486,0,24352,38383,38383,15971,38382
10487,0,5578,16078,16078,34671,18904
10488,0,4426,14926,14926,34828,16719
10489,0,21082,37486,37486,36510,12316
10490,0,466,10966,10966,17564,36999
10491,0,6265,16765,16765,10996,20260
10492,0,5734,16234,16234,37501,35601
10493,0,25343,35244,35244,35395,34991
10494,0,24163,35924,35924,20596,14654
10495,0,5191,15691,15691,17862,15955
10496,0,23121,37378,37378,35271,35739
10497,0,5390,15890,15890,17100,10819
10498,0,860,11360,11360,12048,12901
10499,0,7270,17770,17770,37906,36253
