idx,rank,query_id,gt_id,ret1,ret2,ret3
0,0,24543,36391,36391,35196,36054
1,0,5899,16399,16399,39327,36159
2,0,9513,20013,20013,38801,12758
3,0,1572,12072,12072,36704,17648
4,1,22224,37589,17114,37589,11480
5,0,879,11379,11379,13803,17187
6,0,1578,12078,12078,35335,15210
7,0,6472,16972,16972,10836,39289
8,0,1509,12009,12009,11292,14943
9,1,1896,12396,14102,12396,18210
10,0,8963,19463,19463,16169,16436
11,0,4112,14612,14612,38753,13512
12,1,10140,20640,11938,20640,39281
13,0,1845,12345,12345,17173,12180
14,0,24629,38536,38536,14852,20315
15,1,9751,20251,38981,20251,14239
16,0,9282,19782,19782,14488,15091
17,0,7565,18065,18065,10586,16966
18,0,5194,15694,15694,37516,19671
19,0,5418,15918,15918,15747,17165
20,0,24149,38490,38490,37577,15932
21,0,23975,37727,37727,37861,13927
22,0,7413,17913,17913,16001,19592
23,0,21871,38709,38709,16514,36557
24,5,5405,15905,14257,19363,39268
25,0,8310,18810,18810,17258,16671
26,0,3614,14114,14114,12395,19208
27,0,2108,12608,12608,20176,39176
28,0,25035,37031,37031,16544,12176
29,0,8248,18748,18748,10806,38158
30,6,21554,39541,12385,15198,35325
31,0,22478,35970,35970,37927,15689
32,0,24139,38720,38720,18455,20514
33,0,7759,18259,18259,20010,11109
34,13,22006,37289,11394,14004,14240
35,0,5653,16153,16153,39431,37441
36,1,25387,37804,15458,37804,37707
37,0,8431,18931,18931,13510,11705
38,0,6827,17327,17327,17109,37721
39,0,21916,39338,39338,20679,37373
40,1,4325,14825,17804,14825,13453
41,2,3219,13719,13234,12390,13719
42,0,9642,20142,20142,35378,14555
43,0,6345,16845,16845,19267,38285
44,0,6884,17384,17384,11318,37003
45,0,1193,11693,11693,11361,38040
46,0,45,10545,10545,13561,19937
47,0,23174,38548,38548,11937,16693
48,0,976,11476,11476,12805,37428
49,0,24107,36484,36484,11242,20012
50,0,2963,13463,13463,13753,17926
51,0,1584,12084,12084,37952,39401
52,0,9459,19959,19959,36933,36164
53,0,4515,15015,15015,19924,17502
54,0,21059,37393,37393,14659,39074
55,0,24044,35632,35632,17923,36150
56,0,1975,12475,12475,14232,12687
57,1,3912,14412,14021,14412,13270
58,0,9811,20311,20311,16691,12096
59,0,6717,17217,17217,15063,36820
60,0,4411,14911,14911,13831,39498
61,0,22553,37457,37457,37636,16810
62,0,8994,19494,19494,13250,19454
63,1,22858,37249,19830,37249,12064
64,0,25443,35544,35544,14722,18651
65,2,24632,36269,14299,20843,36269
66,0,22360,36474,36474,11219,11889
67,0,2840,13340,13340,11145,37967
68,0,7908,18408,18408,17924,16769
69,0,8084,18584,18584,38247,15335
70,0,7976,18476,18476,35260,13461
71,0,6211,16711,16711,10587,10660
72,0,25143,37050,37050,10664,35602
73,0,24565,36517,36517,19396,18178
74,0,9620,20120,20120,37893,38822
75,0,24750,37044,37044,13806,36861
76,0,24793,35561,35561,37606,14925
77,0,7907,18407,18407,12704,10675
78,4,10132,20632,12852,11496,36036
79,0,37,10537,10537,14314,15649
80,0,576,11076,11076,11625,36117
81,0,4822,15322,15322,10772,13602
82,0,3988,14488,14488,19782,14734
83,0,713,11213,11213,15117,13662
84,0,25111,39003,39003,15758,38557
85,0,24085,39532,39532,18947,17002
86,0,8251,18751,18751,12182,20152
87,0,2335,12835,12835,12933,15813
88,0,4745,15245,15245,39174,38845
89,0,4420,14920,14920,17606,18283
90,0,22210,38778,38778,13811,18312
91,0,24513,39020,39020,17224,18791
92,0,881,11381,11381,20135,14268
93,0,567,11067,11067,16610,15003
94,0,24999,38838,38838,11796,39403
95,0,4983,15483,15483,38621,16155
96,1,2245,12745,15990,12745,14860
97,0,5270,15770,15770,39441,11616
98,0,4165,14665,14665,36111,19774
99,0,8156,18656,18656,15469,36229
100,0,7820,18320,18320,35633,37645
101,0,10071,20571,20571,19987,11034
102,0,8655,19155,19155,11119,16166
103,0,239,10739,10739,20959,17638
104,0,23691,37374,37374,20108,38945
105,0,6454,16954,16954,35389,38786
106,0,6662,17162,17162,19742,14946
107,0,1597,12097,12097,20996,18466
108,2,9664,20164,39045,15709,20164
109,1,22261,36116,35924,36116,36977
110,0,1901,12401,12401,15142,19411
111,0,1180,11680,11680,15170,13808
112,0,23609,37736,37736,37549,10795
113,0,24096,37798,37798,14079,20444
114,0,8573,19073,19073,20677,19015
115,7,3006,13506,10617,10553,10764
116,0,9453,19953,19953,15718,12651
117,0,2781,13281,13281,36651,12722
118,2,9558,20058,36412,35875,20058
119,0,6110,16610,16610,11067,15003
120,0,5733,16233,16233,13846,20154
121,0,9185,19685,19685,36390,38043
122,6,21818,36978,17888,15980,11599
123,0,8846,19346,19346,20800,19418
124,0,2829,13329,13329,36550,37102
125,0,21414,35329,35329,14153,19250
126,0,9350,19850,19850,20275,16652
127,0,5277,15777,15777,15527,37691
128,0,8254,18754,18754,20354,38136
129,0,4219,14719,14719,12780,20485
130,1,23083,36036,37304,36036,11313
131,0,21368,37441,37441,39431,16153
132,0,22742,38387,38387,36079,38574
133,0,5431,15931,15931,36905,19879
134,0,3413,13913,13913,35865,37015
135,0,25167,36299,36299,37636,17794
136,0,906,11406,11406,37598,11552
137,0,7760,18260,18260,13389,18686
138,0,3693,14193,14193,38486,19916
139,1,22409,38519,36301,38519,35614
140,0,3118,13618,13618,12490,18927
141,0,23912,37099,37099,17089,38931
142,0,24467,35159,35159,15144,11435
143,1,21069,37930,37129,37930,13069
144,0,8621,19121,19121,18617,17979
145,0,23007,35996,35996,19292,35817
146,0,7706,18206,18206,17628,14957
147,0,7017,17517,17517,20400,38144
148,0,9305,19805,19805,14931,13781
149,0,295,10795,10795,37549,37736
150,0,23742,38463,38463,12932,17311
151,0,1785,12285,12285,18071,11491
152,0,4382,14882,14882,15828,38459
153,0,6507,17007,17007,35641,18729
154,0,21632,35099,35099,35228,13148
155,0,1284,11784,11784,16383,15475
156,0,7784,18284,18284,13780,16331
157,0,22138,35793,35793,12343,38535
158,0,23314,37266,37266,16761,15713
159,0,4454,14954,14954,13141,17967
160,0,21383,39112,39112,12367,39266
161,0,549,11049,11049,36444,12639
162,0,5340,15840,15840,17890,37492
163,2,21270,37137,18878,36338,37137
164,0,3574,14074,14074,12146,38599
165,2,24911,37129,13069,37930,37129
166,0,4352,14852,14852,38536,38365
167,0,6831,17331,17331,37934,16259
168,0,2648,13148,13148,35228,17937
169,0,2586,13086,13086,15557,37504
170,1,5862,16362,20429,16362,35162
171,0,3160,13660,13660,13793,35427
172,0,7152,17652,17652,13485,14869
173,0,3182,13682,13682,38794,12225
174,24,3480,13980,20927,16204,20088
175,0,2377,12877,12877,18068,39436
176,0,24345,35702,35702,37038,14972
177,6,21249,36647,10556,17893,20933
178,0,21990,38784,38784,19502,14005
179,0,8205,18705,18705,13940,14952
180,1,7698,18198,20605,18198,13478
181,0,10009,20509,20509,13950,12705
182,0,21054,36990,36990,12167,12180
183,0,5688,16188,16188,16636,36525
184,0,22660,39070,39070,17961,12190
185,0,22219,38190,38190,39058,13876
186,0,21097,35707,35707,35816,18315
187,0,8480,18980,18980,17357,35734
188,0,21503,38089,38089,15981,36011
189,0,8159,18659,18659,17173,13821
190,0,10117,20617,20617,16102,11112
191,0,8025,18525,18525,14492,12576
192,0,23438,37633,37633,14539,12975
193,0,21770,38409,38409,12160,12407
194,0,21573,36806,36806,35551,18711
195,0,1613,12113,12113,13692,37611
196,0,9997,20497,20497,18932,17706
197,0,8153,18653,18653,39188,15660
198,0,7936,18436,18436,18378,36813
199,0,8447,18947,18947,39532,17002
200,1,2015,12515,15258,12515,17685
201,0,9505,20005,20005,15260,13074
202,0,22650,39304,39304,36073,20134
203,0,7844,18344,18344,20093,36163
204,0,6442,16942,16942,17559,35586
205,0,2981,13481,13481,20241,12990
206,0,7606,18106,18106,39051,13586
207,0,22739,35391,35391,15417,12037
208,0,23944,37691,37691,16765,13070
209,0,243,10743,10743,37949,17591
210,339,5032,15532,11496,12852,13821
211,0,106,10606,10606,12460,37435
212,0,8709,19209,19209,35927,39183
213,7,6734,17234,15045,11901,15700
214,0,21653,37851,37851,18540,36300
215,0,22505,38352,38352,35928,17419
216,0,21151,37896,37896,20131,38524
217,0,9211,19711,19711,15821,18107
218,0,21424,37281,37281,18537,15676
219,17,9881,20381,15763,17741,11521
220,0,4605,15105,15105,12744,12174
221,0,8424,18924,18924,14303,19827
222,0,21626,36101,36101,38859,14079
223,0,5286,15786,15786,16103,12368
224,0,3960,14460,14460,11819,11580
225,0,3873,14373,14373,37482,37595
226,0,7854,18354,18354,38006,36876
227,0,22496,38198,38198,19515,11978
228,0,25303,37350,37350,14083,13675
229,0,8246,18746,18746,37568,36653
230,0,8852,19352,19352,13930,12945
231,1,21220,38196,37357,38196,17025
232,0,24095,35871,35871,18517,37252
233,0,7512,18012,18012,11843,35800
234,6,25461,38345,11780,20186,16117
235,0,29,10529,10529,20169,37366
236,0,2801,13301,13301,15916,17630
237,0,6875,17375,17375,38737,13920
238,0,8116,18616,18616,35291,20074
239,0,2922,13422,13422,36637,16208
240,0,4664,15164,15164,17525,16110
241,0,24106,37447,37447,15528,19196
242,0,8040,18540,18540,37851,13391
243,2,22297,38895,39222,12997,38895
244,1,1245,11745,36571,11745,39430
245,1,7136,17636,36736,17636,38437
246,0,4053,14553,14553,13349,16454
247,3,25187,37577,15932,38564,18840
248,0,4412,14912,14912,35585,15785
249,2,108,10608,15419,13066,10608
250,0,21400,36549,36549,16502,36207
251,0,6301,16801,16801,15896,16274
252,0,9276,19776,19776,17760,18298
253,0,22174,35826,35826,17522,35904
254,0,22817,35372,35372,12921,36545
255,0,21685,38147,38147,19003,17534
256,0,8673,19173,19173,39065,19980
257,0,4394,14894,14894,35581,18950
258,0,22859,37549,37549,10795,37736
259,0,23213,37290,37290,35113,35546
260,0,25135,36379,36379,15866,19424
261,0,10063,20563,20563,17446,16831
262,0,4348,14848,14848,17845,19857
263,0,24630,35812,35812,12926,19143
264,0,23595,38802,38802,20258,36604
265,0,7476,17976,17976,10788,35568
266,0,7254,17754,17754,11070,15957
267,0,7840,18340,18340,18075,16582
268,0,5001,15501,15501,13946,16304
269,0,5610,16110,16110,16429,36169
270,1,6367,16867,39566,16867,20251
271,0,973,11473,11473,15586,10852
272,0,4999,15499,15499,13210,38840
273,0,4299,14799,14799,19401,13390
274,9,5019,15519,37294,15266,15612
275,0,3653,14153,14153,35329,19250
276,0,24983,36820,36820,16368,15063
277,0,10242,20742,20742,17527,18295
278,0,3088,13588,13588,37739,19971
279,0,5456,15956,15956,17197,35385
280,2,5662,16162,20721,37178,16162
281,0,8701,19201,19201,12664,16712
282,0,5805,16305,16305,15504,17683
283,2,24665,38675,20999,19745,38675
284,0,10,10510,10510,19232,15533
285,0,2647,13147,13147,39262,39402
286,0,25360,36377,36377,13023,15219
287,0,1426,11926,11926,37706,13730
288,0,21418,36693,36693,16194,16992
289,0,3265,13765,13765,12366,13701
290,0,22990,36356,36356,11195,10805
291,0,22316,36534,36534,38902,20266
292,0,25350,37550,37550,14946,20042
293,0,21801,37831,37831,10756,12217
294,0,1215,11715,11715,15052,19924
295,0,22891,36334,36334,19185,11760
296,0,22382,38484,38484,39263,13252
297,0,22878,38179,38179,20740,13336
298,0,9490,19990,19990,20122,13093
299,0,6702,17202,17202,18905,17797
300,0,323,10823,10823,11013,16340
301,0,1344,11844,11844,13647,38163
302,0,4457,14957,14957,18206,17628
303,0,25128,36497,36497,10630,36526
304,9,909,11409,12564,20389,14852
305,0,10141,20641,20641,14544,13342
306,0,3399,13899,13899,12209,37925
307,0,496,10996,10996,38225,35507
308,0,9349,19849,19849,12469,18080
309,0,23376,37602,37602,19532,18897
310,0,10285,20785,20785,19367,38269
311,1,5312,15812,12695,15812,15222
312,0,24460,37398,37398,11185,17051
313,0,3470,13970,13970,19571,20688
314,0,24369,38649,38649,18179,10903
315,0,6848,17348,17348,38486,38540
316,0,4365,14865,14865,15128,37448
317,0,10356,20856,20856,17838,35522
318,0,1195,11695,11695,36191,19466
319,0,21718,36676,36676,16808,11423
320,8,1423,11923,17445,11822,16526
321,0,5477,15977,15977,39244,38058
322,0,256,10756,10756,37831,12993
323,0,21713,37227,37227,12104,38111
324,8,23156,37874,11692,11443,39325
325,0,288,10788,10788,16017,12331
326,3,8412,18912,17615,20318,35158
327,0,21831,39063,39063,35571,39185
328,0,8919,19419,19419,14747,19969
329,0,10089,20589,20589,35422,19414
330,0,21307,37538,37538,38701,16673
331,0,4484,14984,14984,18484,14552
332,0,23999,38885,38885,18985,20178
333,0,7515,18015,18015,15586,10852
334,0,7070,17570,17570,13930,14933
335,0,1232,11732,11732,18965,38908
336,0,9366,19866,19866,18157,37835
337,9,5553,16053,20930,20752,12753
338,0,2675,13175,13175,37656,17806
339,1,1112,11612,15047,11612,14010
340,0,4919,15419,15419,13066,10608
341,0,24539,37085,37085,11705,11841
342,0,267,10767,10767,14362,12242
343,0,23113,35333,35333,35410,11704
344,0,6497,16997,16997,15042,39410
345,0,5318,15818,15818,35290,39330
346,0,21866,36758,36758,20788,19655
347,0,7672,18172,18172,15928,37791
348,0,3048,13548,13548,16354,18171
349,0,6167,16667,16667,13529,18494
350,0,8117,18617,18617,12215,14054
351,0,1379,11879,11879,13499,13856
352,4,23883,36419,36494,14824,16409
353,0,24710,36114,36114,14283,14785
354,0,9606,20106,20106,38151,17012
355,0,4759,15259,15259,39166,11882
356,0,9574,20074,20074,18616,35291
357,0,5502,16002,16002,19332,16675
358,0,21050,38514,38514,10636,12789
359,0,3790,14290,14290,12318,14250
360,0,620,11120,11120,13470,37436
361,0,652,11152,11152,19347,20315
362,0,5723,16223,16223,16579,16025
363,0,23800,37368,37368,13309,37512
364,0,3473,13973,13973,19964,11698
365,0,21754,36930,36930,35687,11629
366,0,5028,15528,15528,37447,19035
367,0,6836,17336,17336,37250,18018
368,0,6271,16771,16771,14080,14068
369,0,25065,36344,36344,15942,35947
370,0,2516,13016,13016,35208,20370
371,0,22022,36613,36613,20208,10523
372,0,22169,36075,36075,11894,14866
373,0,7076,17576,17576,14624,17619
374,0,25034,37897,37897,17340,36152
375,0,8223,18723,18723,35219,14978
376,0,25023,35385,35385,16689,15893
377,0,21457,39163,39163,19150,13901
378,0,3603,14103,14103,18786,10859
379,0,24014,36337,36337,11480,13024
380,0,23191,38847,38847,10917,37468
381,0,5458,15958,15958,12606,13333
382,0,22379,36570,36570,19802,15069
383,10,1506,12006,12045,38756,11616
384,0,8336,18836,18836,19727,16979
385,0,24280,37590,37590,12943,20238
386,0,23064,39318,39318,37291,36548
387,0,24805,35520,35520,13703,19901
388,0,22241,36970,36970,19370,12994
389,0,25087,38752,38752,38760,16709
390,0,21310,39222,39222,10569,12997
391,0,4890,15390,15390,16180,12670
392,0,730,11230,11230,12496,11734
393,0,7021,17521,17521,37434,13505
394,0,23115,38085,38085,37154,19965
395,0,8470,18970,18970,38258,38694
396,0,8534,19034,19034,37026,17588
397,0,1745,12245,12245,15127,13323
398,0,3853,14353,14353,13324,17163
399,0,25276,37003,37003,17384,11318
400,0,22917,39231,39231,13679,20897
401,0,2709,13209,13209,11490,39554
402,0,9761,20261,20261,11809,20271
403,0,3388,13888,13888,17718,38405
404,0,24191,39281,39281,35371,20640
405,1,23308,36701,17079,36701,18287
406,0,22193,39314,39314,36967,13800
407,0,5640,16140,16140,36012,37004
408,0,8314,18814,18814,20726,37092
409,8,3126,13626,17128,11802,11767
410,0,1156,11656,11656,20363,18013
411,0,9825,20325,20325,16615,20162
412,0,32,10532,10532,11661,36272
413,0,10122,20622,20622,12381,39077
414,0,22641,36224,36224,36522,35371
415,1,1336,11836,14476,11836,36029
416,0,25205,38128,38128,15082,39319
417,0,24803,35393,35393,35394,39109
418,0,21394,37436,37436,37947,11120
419,0,8824,19324,19324,14809,15606
420,0,1610,12110,12110,19471,16147
421,0,939,11439,11439,38483,18737
422,1,5381,15881,15204,15881,18539
423,0,4023,14523,14523,36596,14664
424,0,6243,16743,16743,17897,37778
425,0,21233,37813,37813,15313,20219
426,1,24308,35626,13776,35626,18147
427,0,745,11245,11245,20695,35561
428,0,4083,14583,14583,20771,11555
429,0,9640,20140,20140,35504,36560
430,0,2877,13377,13377,16826,13791
431,0,4963,15463,15463,15405,39175
432,2,4701,15201,11165,35553,15201
433,1,1741,12241,11394,12241,38868
434,0,9271,19771,19771,35284,18592
435,0,2651,13151,13151,38857,14332
436,1,5665,16165,37432,16165,15373
437,0,3002,13502,13502,15397,11609
438,43,1821,12321,17283,16312,18110
439,0,25486,37977,37977,13861,14590
440,0,1330,11830,11830,19001,14905
441,0,21461,39477,39477,19605,16735
442,3,957,11457,16070,38538,11107
443,0,2110,12610,12610,11239,36526
444,0,5399,15899,15899,12043,37539
445,0,4691,15191,15191,13989,18327
446,2,1660,12160,20193,14773,12160
447,0,24105,38396,38396,37292,38691
448,0,5106,15606,15606,11413,19324
449,0,22536,37947,37947,37436,13207
450,0,655,11155,11155,16655,38461
451,0,21529,36638,36638,38738,19680
452,0,25320,39438,39438,35942,19418
453,8,24147,38579,10805,11195,35957
454,0,7974,18474,18474,36134,14949
455,0,8612,19112,19112,15083,15125
456,0,6883,17383,17383,38563,17246
457,0,2199,12699,12699,14835,13002
458,0,2960,13460,13460,17482,35824
459,0,4640,15140,15140,20969,39328
460,0,9164,19664,19664,12088,36640
461,8,21007,37634,18005,17234,19310
462,0,23267,36017,36017,10705,20747
463,0,5868,16368,16368,36820,14405
464,0,24653,36143,36143,38334,11943
465,0,1405,11905,11905,35706,35705
466,0,22315,35297,35297,18558,16712
467,0,2625,13125,13125,35878,15562
468,0,9132,19632,19632,36598,17312
469,0,5206,15706,15706,16145,39252
470,0,6084,16584,16584,18735,37942
471,0,4972,15472,15472,37446,20697
472,1,3148,13648,17484,13648,18673
473,0,8944,19444,19444,13839,14185
474,0,2873,13373,13373,37749,20502
475,0,3916,14416,14416,19759,39331
476,1,5267,15767,15296,15767,16960
477,0,6400,16900,16900,20587,20459
478,1,6561,17061,11322,17061,37219
479,0,8021,18521,18521,19328,17489
480,1,76,10576,16419,10576,38690
481,0,23590,35962,35962,36558,17107
482,0,9015,19515,19515,38198,11978
483,0,22842,38527,38527,12275,19580
484,0,4947,15447,15447,35791,38169
485,0,7822,18322,18322,39591,35890
486,0,2260,12760,12760,36302,11890
487,0,1775,12275,12275,18382,19211
488,1,5117,15617,14576,15617,14044
489,0,7248,17748,17748,37361,10796
490,0,93,10593,10593,13231,16896
491,2,22211,37869,20088,19492,37869
492,0,4007,14507,14507,16138,16316
493,0,7407,17907,17907,37964,10840
494,0,24864,35498,35498,38692,19730
495,0,6529,17029,17029,12158,16208
496,0,4810,15310,15310,35147,13891
497,0,3181,13681,13681,15711,35579
498,1,23487,38984,19670,38984,37283
499,0,1076,11576,11576,37526,19115
500,10,2338,12838,10959,19935,11600
501,0,5799,16299,16299,36841,13908
502,1,1885,12385,15198,12385,35664
503,0,5912,16412,16412,19316,39478
504,0,9875,20375,20375,36614,36992
505,0,4323,14823,14823,12751,20087
506,0,4949,15449,15449,37988,38065
507,4,5859,16359,18051,16061,35212
508,0,10000,20500,20500,15066,14311
509,0,6903,17403,17403,13686,38700
510,0,2759,13259,13259,20240,13572
511,0,24504,39528,39528,13645,18982
512,13,7885,18385,14723,35840,12136
513,0,4030,14530,14530,13794,18929
514,0,3352,13852,13852,18934,14231
515,1,1437,11937,38548,11937,16693
516,0,1233,11733,11733,19510,20428
517,0,8351,18851,18851,37311,39366
518,0,4281,14781,14781,38168,18417
519,0,5066,15566,15566,15963,14058
520,10,6728,17228,19144,19824,11665
521,0,3102,13602,13602,15322,12398
522,0,2465,12965,12965,11389,17891
523,0,7768,18268,18268,14266,17591
524,0,6929,17429,17429,20757,38238
525,0,449,10949,10949,36033,19399
526,0,5239,15739,15739,16752,38930
527,0,22279,37532,37532,19690,13148
528,0,3621,14121,14121,20581,36796
529,0,2317,12817,12817,16332,12663
530,0,6071,16571,16571,19411,16144
531,1,2185,12685,12122,12685,17566
532,0,4477,14977,14977,38662,11498
533,11,1890,12390,13489,18054,11426
534,0,1155,11655,11655,18812,10504
535,0,6061,16561,16561,20083,14595
536,0,7953,18453,18453,16042,35406
537,0,25256,38123,38123,17279,37392
538,0,1728,12228,12228,37894,15406
539,0,5151,15651,15651,17398,35316
540,0,24894,37836,37836,13449,18999
541,0,7685,18185,18185,15406,13809
542,0,22255,35451,35451,19171,15793
543,0,24622,35833,35833,20055,18434
544,0,10481,20981,20981,14018,20310
545,0,4392,14892,14892,15764,10512
546,1,8495,18995,17714,18995,38011
547,0,2503,13003,13003,20638,20277
548,0,9498,19998,19998,20837,11752
549,0,2463,12963,12963,36732,14291
550,0,5715,16215,16215,36006,13652
551,0,2846,13346,13346,19729,38761
552,0,9535,20035,20035,36106,20395
553,0,22194,37064,37064,18040,11080
554,0,1612,12112,12112,38092,35864
555,0,6234,16734,16734,12927,15044
556,0,2191,12691,12691,15505,19413
557,0,1729,12229,12229,17911,18896
558,0,25195,38434,38434,10578,12629
559,0,25470,36146,36146,38182,18675
560,0,10427,20927,20927,16375,20719
561,0,8176,18676,18676,38756,39441
562,0,9623,20123,20123,18054,11426
563,0,24810,37197,37197,15966,13009
564,0,23277,39272,39272,16682,10781
565,0,24523,37867,37867,38483,11439
566,0,23575,38520,38520,16339,19921
567,0,4047,14547,14547,17296,18783
568,0,5687,16187,16187,12308,17715
569,0,8296,18796,18796,11278,20988
570,0,7676,18176,18176,16039,36057
571,1,24846,35553,17564,35553,11165
572,0,4240,14740,14740,20680,13375
573,0,6670,17170,17170,17199,38050
574,0,7306,17806,17806,18281,15156
575,0,2755,13255,13255,37496,20276
576,0,2492,12992,12992,20794,17237
577,0,3139,13639,13639,15939,19787
578,0,8544,19044,19044,38325,14860
579,2,25327,37827,18479,11654,37827
580,0,22364,37788,37788,38661,20732
581,0,3272,13772,13772,16369,11044
582,0,22570,37363,37363,11338,17556
583,0,8408,18908,18908,35977,15997
584,0,2889,13389,13389,20175,18686
585,0,22111,35764,35764,11145,17865
586,0,788,11288,11288,13953,14854
587,0,23776,37554,37554,11354,37555
588,0,9818,20318,20318,17615,35158
589,0,7841,18341,18341,15340,12943
590,1,7301,17801,13328,17801,20057
591,0,7466,17966,17966,14878,39235
592,0,5678,16178,16178,16669,15446
593,0,9517,20017,20017,20933,19271
594,1,3377,13877,20196,13877,19510
595,0,4527,15027,15027,20935,39253
596,0,23628,37616,37616,17297,18672
597,0,1780,12280,12280,38219,19362
598,1,6756,17256,15698,17256,19418
599,0,2959,13459,13459,38039,11603
600,0,24536,39546,39546,18634,38463
601,0,23596,35540,35540,13152,12348
602,0,349,10849,10849,35415,16542
603,36,22867,38453,20878,13926,15740
604,0,5843,16343,16343,20089,11221
605,0,3349,13849,13849,11492,37627
606,0,42,10542,10542,35265,10590
607,0,801,11301,11301,11292,17810
608,0,3529,14029,14029,18063,35530
609,0,25069,36325,36325,38817,17981
610,1,981,11481,38611,11481,19595
611,0,3458,13958,13958,13793,18862
612,0,6451,16951,16951,37095,38177
613,0,24800,39357,39357,11401,39112
614,0,7590,18090,18090,37382,37245
615,1,8009,18509,37094,18509,16965
616,0,6714,17214,17214,17991,14140
617,2,8507,19007,14412,14021,19007
618,0,23639,35513,35513,19409,12274
619,0,8366,18866,18866,11807,17280
620,0,21113,36279,36279,15337,19971
621,0,2756,13256,13256,17152,13243
622,0,7188,17688,17688,39350,12309
623,0,916,11416,11416,13716,13705
624,0,4617,15117,15117,18439,11213
625,4,1616,12116,39016,20046,20232
626,0,25382,35196,35196,14527,19348
627,1,24291,37923,18385,37923,18801
628,0,2146,12646,12646,39232,14751
629,0,7191,17691,17691,19199,38696
630,0,1833,12333,12333,13986,13334
631,0,5964,16464,16464,16939,20117
632,0,23129,38978,38978,14376,19638
633,0,5508,16008,16008,13084,18312
634,0,7405,17905,17905,36001,20581
635,0,4714,15214,15214,38516,39104
636,0,5714,16214,16214,37079,10647
637,0,9699,20199,20199,37774,18380
638,0,25332,35368,35368,38095,38887
639,0,782,11282,11282,20473,16510
640,0,6173,16673,16673,20597,11378
641,0,7523,18023,18023,36492,36609
642,12,5396,15896,17666,19883,38837
643,0,23131,39157,39157,14554,13206
644,0,24825,37113,37113,14843,10985
645,0,9035,19535,19535,13912,10709
646,0,4838,15338,15338,36121,15633
647,0,2401,12901,12901,20711,36458
648,0,7663,18163,18163,38019,35779
649,0,4205,14705,14705,11472,15075
650,0,4641,15141,15141,17909,18375
651,1,2152,12652,36012,12652,17797
652,3,5550,16050,20356,36393,13362
653,0,2947,13447,13447,39362,14732
654,0,9564,20064,20064,13056,18015
655,0,8028,18528,18528,17013,12916
656,0,3878,14378,14378,18011,36815
657,0,5936,16436,16436,19463,16169
658,0,7207,17707,17707,15333,19666
659,0,5364,15864,15864,13819,11679
660,0,22696,35460,35460,12501,37629
661,1,7255,17755,13623,17755,11139
662,0,22494,39195,39195,12902,11302
663,0,8063,18563,18563,37399,19192
664,0,3023,13523,13523,17653,36460
665,0,24283,35442,35442,11825,37434
666,6,3541,14041,18374,20497,39414
667,0,3279,13779,13779,14329,37060
668,0,8423,18923,18923,35347,20852
669,0,6740,17240,17240,14998,11609
670,0,25449,38876,38876,36043,38998
671,0,8753,19253,19253,35987,12807
672,1,22724,35405,20465,35405,11679
673,0,2804,13304,13304,17496,11219
674,0,2211,12711,12711,38569,37446
675,0,23417,37136,37136,37042,36733
676,0,8237,18737,18737,37381,11439
677,0,22407,35575,35575,16885,13896
678,0,3133,13633,13633,16298,20444
679,0,7132,17632,17632,36215,19653
680,0,8842,19342,19342,10693,18902
681,0,7781,18281,18281,17806,17393
682,21,4320,14820,17755,12666,19627
683,0,6853,17353,17353,12474,16474
684,0,2107,12607,12607,14661,18454
685,0,5128,15628,15628,12531,37792
686,0,9648,20148,20148,16199,16322
687,0,23574,35914,35914,20959,19280
688,0,3973,14473,14473,36543,12468
689,0,21268,35457,35457,13826,13336
690,0,3034,13534,13534,17029,16208
691,0,21016,35408,35408,36576,16099
692,0,9734,20234,20234,11387,14413
693,0,4663,15163,15163,37023,38181
694,0,8394,18894,18894,17035,36625
695,20,3286,13786,10959,19935,38827
696,0,2367,12867,12867,18716,36822
697,0,9698,20198,20198,19624,10598
698,0,24608,36117,36117,11625,11076
699,0,440,10940,10940,15444,11461
700,6,23559,37228,15667,35816,38353
701,0,24415,36648,36648,20268,20643
702,0,7887,18387,18387,19193,12522
703,0,4692,15192,15192,20832,12675
704,0,23205,38017,38017,12583,12467
705,0,9315,19815,19815,14945,10698
706,0,9845,20345,20345,19448,12208
707,0,1224,11724,11724,15276,10600
708,0,8541,19041,19041,19676,18254
709,0,2592,13092,13092,14655,10704
710,0,3247,13747,13747,13991,14632
711,0,2812,13312,13312,20397,16079
712,0,25136,39284,39284,39327,37514
713,0,6857,17357,17357,18980,35734
714,0,8233,18733,18733,13593,15892
715,5,2691,13191,14424,35642,12742
716,0,4132,14632,14632,36580,15597
717,0,6745,17245,17245,18398,38020
718,0,6779,17279,17279,38123,11892
719,0,2249,12749,12749,16528,16945
720,0,2552,13052,13052,39165,18878
721,0,8674,19174,19174,13487,37827
722,0,21950,35142,35142,39119,19097
723,0,10067,20567,20567,14100,18727
724,1,7342,17842,12313,17842,39186
725,0,3649,14149,14149,17457,38068
726,0,380,10880,10880,18840,16453
727,0,21010,35958,35958,20903,17273
728,1,5749,16249,39168,16249,12024
729,0,7210,17710,17710,39336,16162
730,1,23024,39009,14148,39009,35576
731,0,8015,18515,18515,37600,11197
732,0,1360,11860,11860,16746,16090
733,0,3196,13696,13696,20884,39297
734,0,2037,12537,12537,17215,17716
735,0,486,10986,10986,18517,36731
736,0,9935,20435,20435,19273,36606
737,0,23429,36610,36610,17590,15470
738,1,783,11283,38469,11283,18205
739,0,8126,18626,18626,19716,18093
740,0,7034,17534,17534,20502,38147
741,0,10100,20600,20600,19699,15422
742,1,24104,39391,20860,39391,10651
743,0,3238,13738,13738,16649,19534
744,0,6369,16869,16869,13487,19267
745,0,9755,20255,20255,35555,14074
746,0,22961,35947,35947,38842,14072
747,28,10252,20752,11095,11990,17457
748,0,22358,39555,39555,16250,36922
749,0,8355,18855,18855,20935,39253
750,0,6590,17090,17090,38121,37492
751,0,8198,18698,18698,13055,16796
752,0,24383,37904,37904,17153,14685
753,0,1915,12415,12415,38998,38876
754,0,8543,19043,19043,12582,11179
755,0,9718,20218,20218,37500,17044
756,0,7582,18082,18082,35940,19218
757,0,23441,35224,35224,12004,38160
758,0,23700,36599,36599,20474,39077
759,0,3464,13964,13964,15281,17655
760,1,2138,12638,14222,12638,16010
761,0,23477,38121,38121,38034,37492
762,0,25232,36578,36578,38468,11920
763,6,742,11242,14719,12780,19487
764,1,8568,19068,20626,19068,13289
765,0,24675,36123,36123,38858,13135
766,0,9774,20274,20274,14183,19831
767,1,6759,17259,16602,17259,11627
768,1,23271,38662,14977,38662,11498
769,2,21924,38455,11083,18337,38455
770,0,4480,14980,14980,20929,15259
771,2,3442,13942,16257,16161,13942
772,6,21341,36454,11723,15249,16709
773,0,4521,15021,15021,16784,20857
774,0,2847,13347,13347,36184,19233
775,0,24349,38659,38659,36918,14411
776,0,23611,37502,37502,15011,38521
777,0,7018,17518,17518,18060,16603
778,0,9178,19678,19678,39198,14932
779,0,25126,39197,39197,37130,13377
780,0,6865,17365,17365,10576,15437
781,0,6698,17198,17198,38874,20979
782,1,24839,38815,13854,38815,37635
783,1,25408,38077,35985,38077,35986
784,0,6355,16855,16855,10785,19488
785,0,1834,12334,12334,15089,11141
786,2,9684,20184,18033,13168,20184
787,0,8897,19397,19397,37490,36011
788,0,22419,37177,37177,20536,16145
789,0,23365,39457,39457,38475,19218
790,0,5703,16203,16203,39054,38064
791,35,4801,15301,12216,11985,12082
792,0,9303,19803,19803,38561,13322
793,0,24673,35371,35371,39281,18967
794,0,22749,38015,38015,15347,17656
795,0,9436,19936,19936,16461,19498
796,0,3003,13503,13503,19245,15682
797,0,23,10523,10523,15444,19835
798,0,21559,36598,36598,19632,17312
799,0,3524,14024,14024,38757,19646
800,0,25100,35550,35550,12125,10953
801,0,24102,36754,36754,39577,15736
802,0,9629,20129,20129,10814,38741
803,0,1309,11809,11809,38114,20261
804,0,23215,39011,39011,19050,35132
805,0,8395,18895,18895,16902,20447
806,6,3475,13975,18679,20917,17315
807,0,789,11289,11289,15393,37879
808,0,21971,36478,36478,12941,38336
809,0,21740,36500,36500,15299,15905
810,0,7015,17515,17515,11422,12740
811,1,3284,13784,37501,13784,36449
812,0,6463,16963,16963,35846,36897
813,0,2514,13014,13014,35224,35746
814,0,6145,16645,16645,18495,11809
815,0,4385,14885,14885,12611,38270
816,1,22560,35551,18711,35551,19145
817,0,4905,15405,15405,15463,39175
818,0,8732,19232,19232,10510,15533
819,0,24374,37622,37622,13057,36873
820,0,21036,38919,38919,19510,20428
821,0,5446,15946,15946,11148,16196
822,0,9419,19919,19919,13900,15662
823,0,3688,14188,14188,11205,14299
824,0,1395,11895,11895,16387,15260
825,6,21196,39333,14165,11358,35485
826,0,22815,35465,35465,36289,11129
827,1,5006,15506,19354,15506,14934
828,0,5357,15857,15857,14311,14308
829,0,22532,39513,39513,35449,19169
830,2,7864,18364,36685,38835,18364
831,0,5257,15757,15757,19996,37408
832,0,5632,16132,16132,17932,36334
833,0,6805,17305,17305,13469,20149
834,0,9581,20081,20081,37283,38984
835,0,25296,38426,38426,36810,20502
836,0,5434,15934,15934,11641,20560
837,0,7416,17916,17916,14316,11545
838,0,10333,20833,20833,12052,14542
839,0,8128,18628,18628,15551,39554
840,7,25209,37825,19854,36966,11388
841,0,5883,16383,16383,11784,20381
842,0,9487,19987,19987,14167,20451
843,0,3301,13801,13801,17861,39196
844,0,23346,37404,37404,12176,36763
845,0,10284,20784,20784,39109,12252
846,0,21174,35389,35389,16954,38786
847,0,23623,39165,39165,13052,39539
848,0,712,11212,11212,38955,39398
849,0,4279,14779,14779,35177,35582
850,0,25462,39030,39030,17922,16141
851,1,8763,19263,20908,19263,14935
852,0,23460,35910,35910,19283,18601
853,0,10424,20924,20924,15437,18517
854,0,1822,12322,12322,36921,19314
855,0,9411,19911,19911,14159,36762
856,0,6245,16745,16745,37648,35998
857,0,7525,18025,18025,17238,11912
858,0,21346,38640,38640,15092,13962
859,0,22165,38270,38270,14885,12272
860,0,8420,18920,18920,37879,14870
861,0,1977,12477,12477,35751,38673
862,0,23446,36496,36496,16571,36659
863,0,3264,13764,13764,14138,19475
864,0,23849,35778,35778,14953,12490
865,0,4834,15334,15334,17854,37319
866,0,5061,15561,15561,19802,19790
867,0,252,10752,10752,35996,19252
868,0,24587,38942,38942,38108,14536
869,0,2098,12598,12598,20358,39057
870,1,6244,16744,14486,16744,39092
871,0,22162,38079,38079,15776,20068
872,1,3671,14171,12438,14171,16736
873,0,24338,35392,35392,19630,12277
874,4,23745,35226,12910,15619,13147
875,0,7613,18113,18113,38048,14260
876,0,23765,38393,38393,36461,11800
877,0,4416,14916,14916,38707,14374
878,0,22769,38733,38733,37672,14939
879,0,10113,20613,20613,14479,13658
880,1,5857,16357,18038,16357,36244
881,0,8645,19145,19145,18711,35551
882,0,6415,16915,16915,35748,37581
883,0,6914,17414,17414,13873,11040
884,0,22707,36466,36466,38283,12503
885,0,2934,13434,13434,36461,18461
886,0,6017,16517,16517,19667,35442
887,0,8229,18729,18729,35640,35641
888,0,9294,19794,19794,35937,15152
889,1,8360,18860,19433,18860,11285
890,0,6562,17062,17062,19806,13641
891,0,22728,39497,39497,36254,14719
892,0,23850,36728,36728,20370,36727
893,0,8344,18844,18844,36752,16659
894,0,24421,37871,37871,20598,12420
895,4,22348,37537,12538,38095,16984
896,0,7073,17573,17573,15150,14363
897,0,56,10556,10556,14086,14283
898,0,3412,13912,13912,19535,10709
899,0,5584,16084,16084,38583,36071
900,0,2855,13355,13355,19927,12966
901,2,6209,16709,14318,11838,16709
902,0,2986,13486,13486,13990,15071
903,0,9553,20053,20053,13091,39205
904,0,5999,16499,16499,19205,35268
905,0,24919,37032,37032,12128,38670
906,0,23727,37397,37397,20458,12908
907,0,6189,16689,16689,35385,20902
908,12,9943,20443,13544,11429,12762
909,0,8348,18848,18848,37826,20867
910,0,23933,36380,36380,39383,37710
911,1,4722,15222,15812,15222,12695
912,0,8292,18792,18792,13571,19071
913,0,7425,17925,17925,37525,18061
914,0,4472,14972,14972,37038,12765
915,0,8781,19281,19281,14096,37533
916,0,23046,35643,35643,19321,36540
917,0,2188,12688,12688,10954,19956
918,0,6461,16961,16961,20753,18507
919,0,4049,14549,14549,14908,38134
920,0,23296,38168,38168,18938,14781
921,0,21037,37856,37856,11055,39139
922,0,22737,38108,38108,14536,38942
923,0,7391,17891,17891,11389,11910
924,0,3544,14044,14044,38863,15617
925,0,519,11019,11019,36030,12156
926,0,7689,18189,18189,36801,18497
927,0,4508,15008,15008,39081,16584
928,0,22629,36523,36523,35754,19918
929,0,6641,17141,17141,11181,37112
930,194,5263,15763,12697,14509,10512
931,0,8139,18639,18639,17648,18623
932,0,6916,17416,17416,16483,20811
933,0,227,10727,10727,16059,11369
934,0,8741,19241,19241,12427,36653
935,0,23394,36317,36317,39180,18252
936,0,8147,18647,18647,15847,11790
937,1,7621,18121,10889,18121,37599
938,0,8127,18627,18627,15376,19902
939,0,23683,38603,38603,36411,15689
940,0,22323,38589,38589,15813,12933
941,2,10125,20625,39118,17011,20625
942,4,1699,12199,36853,16077,17100
943,0,21468,39505,39505,13174,10863
944,0,22834,37606,37606,12887,35561
945,0,1877,12377,12377,12940,38470
946,0,513,11013,11013,10823,16544
947,0,8046,18546,18546,13562,19928
948,0,9246,19746,19746,35186,11126
949,0,24625,35683,35683,20436,15984
950,0,9612,20112,20112,12943,37590
951,0,6886,17386,17386,15692,35353
952,1,6119,16619,13506,16619,14681
953,0,21913,35107,35107,15856,38948
954,0,23881,38170,38170,16772,14880
955,2,7899,18399,14971,36077,18399
956,0,10310,20810,20810,17895,18388
957,0,21142,38583,38583,13966,36071
958,0,2916,13416,13416,38676,37536
959,0,25129,38645,38645,35244,13081
960,0,480,10980,10980,15057,36419
961,0,23519,35504,35504,20140,17946
962,0,9603,20103,20103,39094,16254
963,0,2577,13077,13077,36742,19214
964,0,5804,16304,16304,20618,15501
965,0,23212,38187,38187,39324,38579
966,1,8364,18864,15234,18864,19375
967,0,5858,16358,16358,18510,16434
968,0,24829,38719,38719,13523,37135
969,0,5272,15772,15772,13808,13200
970,0,9932,20432,20432,14753,15408
971,1,8651,19151,17543,19151,13906
972,0,1596,12096,12096,20311,37495
973,0,22655,37898,37898,19592,12613
974,0,3896,14396,14396,19518,20790
975,0,23476,35152,35152,37037,17119
976,0,1349,11849,11849,13442,19074
977,0,9072,19572,19572,14559,13597
978,0,10092,20592,20592,15740,19710
979,0,3777,14277,14277,17919,16276
980,0,22238,35670,35670,38974,20767
981,2,24984,35924,12652,14783,35924
982,1,21219,39174,39319,39174,38128
983,0,4050,14550,14550,12799,36141
984,0,23318,35108,35108,15998,15467
985,0,23785,36221,36221,12542,13700
986,0,24080,37047,37047,38098,37765
987,0,24860,39366,39366,37837,19217
988,0,2762,13262,13262,17463,14423
989,0,23114,39336,39336,16162,13431
990,0,6387,16887,16887,35402,11729
991,0,3685,14185,14185,19444,13839
992,0,5062,15562,15562,35878,18159
993,2,3602,14102,18210,12396,14102
994,0,22637,36359,36359,11509,16797
995,0,21141,39371,39371,20685,39434
996,0,1446,11946,11946,36095,14509
997,0,9373,19873,19873,10858,14939
998,2,1020,11520,15572,38573,11520
999,0,705,11205,11205,14188,11533
1000,0,6427,16927,16927,13917,18166
1001,0,1866,12366,12366,13765,14424
1002,0,23898,37424,37424,36846,37753
1003,0,7487,17987,17987,11175,38942
1004,0,6939,17439,17439,15970,17892
1005,0,21812,36313,36313,16416,38911
1006,0,2574,13074,13074,35270,20005
1007,0,24484,36694,36694,37674,37345
1008,0,2956,13456,13456,12059,14451
1009,0,8054,18554,18554,18018,37250
1010,0,3742,14242,14242,11945,13250
1011,0,3914,14414,14414,12967,15660
1012,0,9320,19820,19820,14620,20854
1013,0,25066,35505,35505,18392,20539
1014,29,1419,11919,17924,18408,17825
1015,0,1103,11603,11603,13440,19392
1016,0,6699,17199,17199,39433,13020
1017,0,24935,36965,36965,20241,36037
1018,1,7839,18339,17962,18339,19283
1019,0,10358,20858,20858,13453,12288
1020,1,1558,12058,13621,12058,16623
1021,1,6556,17056,38232,17056,12371
1022,0,7091,17591,17591,38979,10743
1023,0,8441,18941,18941,39363,36788
1024,0,24019,37412,37412,15079,14365
1025,0,3523,14023,14023,17622,36945
1026,79,4542,15042,19093,11521,20726
1027,0,34,10534,10534,39228,10989
1028,0,3400,13900,13900,20416,11126
1029,0,21661,39115,39115,15868,17431
1030,0,5605,16105,16105,38834,11686
1031,0,8821,19321,19321,35643,37495
1032,0,23892,39483,39483,38960,15103
1033,0,7233,17733,17733,14139,20198
1034,0,2652,13152,13152,35540,12348
1035,0,5328,15828,15828,38459,14882
1036,0,5905,16405,16405,12759,18201
1037,3,5945,16445,11228,38485,20100
1038,0,23984,37946,37946,10985,35211
1039,0,22826,36788,36788,18941,14083
1040,0,21111,36836,36836,35901,16828
1041,0,23621,36591,36591,13858,17954
1042,0,292,10792,10792,18930,39388
1043,0,2836,13336,13336,17827,20740
1044,0,23359,35538,35538,13750,12488
1045,3,22154,37862,14132,13150,20618
1046,0,21372,36144,36144,19756,17264
1047,1,2870,13370,18775,13370,12055
1048,0,7677,18177,18177,39150,19897
1049,2,8249,18749,37301,36596,18749
1050,0,10317,20817,20817,37377,37376
1051,0,23049,35131,35131,15133,35936
1052,0,9119,19619,19619,14021,14412
1053,0,7567,18067,18067,13327,11813
1054,0,22542,38705,38705,15041,11443
1055,0,1318,11818,11818,14683,12673
1056,0,2730,13230,13230,35360,35240
1057,19,10221,20721,13431,11134,16162
1058,0,6290,16790,16790,16997,10576
1059,0,21467,35266,35266,14068,38273
1060,0,22642,37801,37801,13938,37088
1061,0,4879,15379,15379,39214,19577
1062,0,10423,20923,20923,13102,18429
1063,0,9088,19588,19588,35580,14161
1064,0,25028,36000,36000,19633,13021
1065,0,24718,38281,38281,19441,14927
1066,0,2228,12728,12728,35594,17891
1067,0,2641,13141,13141,14954,17967
1068,0,4418,14918,14918,37171,37824
1069,0,9460,19960,19960,10895,12058
1070,0,6505,17005,17005,12225,13252
1071,0,6194,16694,16694,20047,20301
1072,0,5921,16421,16421,37041,13885
1073,0,6872,17372,17372,17346,15455
1074,0,356,10856,10856,13773,39541
1075,0,8076,18576,18576,36996,39533
1076,0,24995,35755,35755,35350,18979
1077,0,21248,38399,38399,12261,38398
1078,0,8444,18944,18944,35936,12961
1079,0,4584,15084,15084,36628,36886
1080,0,837,11337,11337,36064,19828
1081,1,266,10766,14136,10766,20885
1082,0,2006,12506,12506,12911,39453
1083,4,8803,19303,17304,19998,11752
1084,82,22031,35429,39522,14870,12068
1085,0,2362,12862,12862,12982,14997
1086,0,23263,36543,36543,14473,12468
1087,0,22095,37463,37463,39087,15483
1088,2,23347,38761,19729,13346,38761
1089,1,23524,39184,18369,39184,14390
1090,0,10283,20783,20783,17472,36194
1091,0,9736,20236,20236,18883,18958
1092,0,826,11326,11326,14066,35344
1093,0,9754,20254,20254,11862,14261
1094,0,4253,14753,14753,15408,20432
1095,0,6053,16553,16553,19142,36515
1096,0,22354,37949,37949,38979,10743
1097,0,8283,18783,18783,14547,12865
1098,0,1441,11941,11941,12334,36930
1099,0,3066,13566,13566,37690,39549
1100,0,21330,35997,35997,14039,10958
1101,0,2748,13248,13248,20187,37581
1102,9,7388,17888,10720,36057,15980
1103,0,9034,19534,19534,13738,16649
1104,0,3061,13561,13561,35840,10545
1105,0,889,11389,11389,17891,35594
1106,0,21416,38078,38078,11234,18815
1107,0,23375,37146,37146,19384,37147
1108,1,25282,38775,16145,38775,39252
1109,0,1963,12463,12463,19371,37600
1110,0,3125,13625,13625,14873,18021
1111,1,23430,36400,10959,36400,38827
1112,0,6101,16601,16601,18254,10772
1113,2,1127,11627,16602,17259,11627
1114,4,25299,36083,16994,14724,14261
1115,3,22047,36384,11643,17362,17222
1116,0,6385,16885,16885,35575,13896
1117,2,9724,20224,37791,18172,20224
1118,1,24038,35449,19169,35449,39513
1119,0,7488,17988,17988,18143,16245
1120,1,6203,16703,37102,16703,39506
1121,1,1543,12043,37270,12043,15899
1122,0,3263,13763,13763,38332,12161
1123,0,8762,19262,19262,14461,15684
1124,0,9775,20275,20275,36332,19850
1125,2,2268,12768,14075,15671,12768
1126,0,3770,14270,14270,15503,17472
1127,0,7025,17525,17525,15164,15710
1128,0,22160,36686,36686,12822,39227
1129,0,132,10632,10632,38997,13817
1130,0,9357,19857,19857,18881,14848
1131,0,23610,36283,36283,38614,13171
1132,0,603,11103,11103,19680,13838
1133,0,6425,16925,16925,16302,13931
1134,0,843,11343,11343,36436,20632
1135,0,393,10893,10893,17098,37735
1136,1,23740,38322,20642,38322,39145
1137,2,9849,20349,16067,12432,20349
1138,0,25431,37160,37160,20220,39171
1139,1,4989,15489,36902,15489,11889
1140,0,3928,14428,14428,16611,38036
1141,0,5511,16011,16011,12061,35585
1142,3,6927,17427,16077,36853,17100
1143,1,5909,16409,35537,16409,36494
1144,0,23555,37597,37597,12795,11574
1145,2,21441,37814,14237,37397,37814
1146,0,23163,38992,38992,35286,16331
1147,0,2277,12777,12777,37355,19598
1148,0,6417,16917,16917,35399,18774
1149,0,3234,13734,13734,14854,38599
1150,0,24704,36847,36847,11106,35123
1151,0,3498,13998,13998,15611,35189
1152,3,21447,39362,39317,20447,10742
1153,3,4613,15113,38611,19595,11481
1154,0,22462,37039,37039,38561,10604
1155,0,10008,20508,20508,17445,16526
1156,0,401,10901,10901,13863,11099
1157,0,22755,39552,39552,15055,12864
1158,2,22901,36994,15415,37471,36994
1159,0,21709,36406,36406,38842,17839
1160,0,21450,35184,35184,19494,35365
1161,0,23493,36056,36056,15175,15845
1162,0,4680,15180,15180,16704,13661
1163,0,5008,15508,15508,10744,19632
1164,0,25302,36929,36929,10859,12025
1165,0,3403,13903,13903,37122,15718
1166,0,21463,36741,36741,13551,37964
1167,0,3883,14383,14383,16788,35897
1168,0,6307,16807,16807,11676,20553
1169,0,9423,19923,19923,11774,37474
1170,0,10021,20521,20521,12824,16635
1171,0,22117,39250,39250,20788,20468
1172,0,1573,12073,12073,16904,35698
1173,0,21356,38551,38551,37564,15480
1174,0,9329,19829,19829,11351,19489
1175,0,2423,12923,12923,14846,36764
1176,0,8759,19259,19259,19799,15626
1177,8,5264,15764,37257,15477,17234
1178,0,7231,17731,17731,20196,35708
1179,0,3548,14048,14048,12748,17969
1180,0,8999,19499,19499,15132,15349
1181,0,8911,19411,19411,12401,16571
1182,0,24722,35884,35884,15991,10682
1183,0,7738,18238,18238,11175,36255
1184,0,22427,35989,35989,18338,18700
1185,0,5826,16326,16326,20030,39375
1186,0,21640,37568,37568,15537,18746
1187,0,7881,18381,18381,39074,36295
1188,0,23862,39005,39005,38141,38120
1189,0,809,11309,11309,10690,20315
1190,0,21777,35590,35590,17114,15183
1191,0,23942,35786,35786,11640,19276
1192,0,2650,13150,13150,14132,36875
1193,0,22976,36720,36720,12941,36478
1194,0,25446,39456,39456,20491,16277
1195,0,24909,36240,36240,36239,39459
1196,0,3190,13690,13690,16827,39520
1197,0,3620,14120,14120,17417,10858
1198,0,1702,12202,12202,35495,19858
1199,0,21453,36322,36322,20413,13293
1200,0,8231,18731,18731,38642,12807
1201,0,3650,14150,14150,13286,20957
1202,0,21734,39073,39073,35576,39009
1203,5,7666,18166,17436,38054,39327
1204,0,21319,38996,38996,38913,35736
1205,0,8876,19376,19376,13612,15957
1206,0,24754,37253,37253,17394,35295
1207,0,3370,13870,13870,17104,13742
1208,0,21423,38691,38691,38396,38326
1209,0,6291,16791,16791,16531,12273
1210,0,22369,35606,35606,35835,17868
1211,0,10476,20976,20976,13414,20764
1212,2,9297,19797,13564,35475,19797
1213,0,22134,37453,37453,37572,12394
1214,0,10148,20648,20648,13403,14708
1215,0,21769,38431,38431,37628,11008
1216,0,21778,36658,36658,18820,11169
1217,0,8062,18562,18562,11391,35480
1218,0,664,11164,11164,36410,35219
1219,0,10337,20837,20837,19998,20138
1220,0,8962,19462,19462,16182,37892
1221,0,23965,38248,38248,17048,16916
1222,0,1736,12236,12236,16337,11758
1223,0,5259,15759,15759,15146,18629
1224,0,3347,13847,13847,13651,36764
1225,24,1568,12068,36978,15980,19763
1226,1,462,10962,20325,10962,16615
1227,0,743,11243,11243,16200,13739
1228,0,222,10722,10722,13297,16867
1229,0,23847,37056,37056,14104,13441
1230,0,3994,14494,14494,39287,18069
1231,0,1979,12479,12479,14675,18353
1232,0,7682,18182,18182,17980,19939
1233,0,625,11125,11125,35164,14456
1234,0,22632,35236,35236,35777,17786
1235,0,9773,20273,20273,38549,36237
1236,0,7202,17702,17702,17159,15093
1237,0,23196,36585,36585,35215,35854
1238,0,344,10844,10844,18366,18332
1239,2,5494,15994,36450,35589,15994
1240,0,7945,18445,18445,37428,36419
1241,1,8772,19272,20363,19272,11656
1242,0,1004,11504,11504,37343,11569
1243,0,4449,14949,14949,18405,39445
1244,7,2280,12780,17360,20517,19487
1245,0,456,10956,10956,14090,16005
1246,0,24813,36612,36612,11948,15263
1247,0,9209,19709,19709,35581,16789
1248,3,4335,14835,19119,11234,14269
1249,0,2621,13121,13121,14760,11084
1250,0,22855,35231,35231,36096,35805
1251,8,6325,16825,15661,37293,17769
1252,0,22187,35921,35921,35560,36188
1253,0,5756,16256,16256,38631,39000
1254,0,9683,20183,20183,19109,11304
1255,0,22667,39044,39044,19048,12376
1256,0,5114,15614,15614,15516,37420
1257,0,9544,20044,20044,14982,17772
1258,13,5212,15712,39483,15458,15103
1259,0,24624,37293,37293,16825,17769
1260,0,1760,12260,12260,35727,15924
1261,0,842,11342,11342,39581,36298
1262,0,23013,37772,37772,15404,16096
1263,0,21222,37321,37321,36890,16104
1264,0,6492,16992,16992,11198,20103
1265,0,5199,15699,15699,12384,12693
1266,0,4803,15303,15303,16340,16813
1267,2,2902,13402,11456,36102,13402
1268,0,21408,37117,37117,35331,36714
1269,0,5987,16487,16487,36390,17873
1270,119,23908,39256,18064,17239,10502
1271,0,21185,36666,36666,16018,20676
1272,0,6165,16665,16665,13881,15972
1273,1,8875,19375,37215,19375,15234
1274,0,22519,37029,37029,20295,17581
1275,0,8918,19418,19418,15698,17256
1276,0,24952,37654,37654,12476,20616
1277,3,3431,13931,13202,16302,12707
1278,0,22115,38737,38737,39323,13920
1279,0,9038,19538,19538,14703,19513
1280,1,21687,39443,15495,39443,12782
1281,0,7795,18295,18295,17527,20742
1282,0,8971,19471,19471,11856,20553
1283,0,21302,38912,38912,35943,39061
1284,0,4725,15225,15225,16982,17319
1285,0,7897,18397,18397,18175,11392
1286,1,5130,15630,11131,15630,37444
1287,0,24433,39431,39431,37441,16153
1288,8,6945,17445,16359,16990,39564
1289,0,23834,39279,39279,18031,11393
1290,0,9173,19673,19673,18581,14624
1291,0,9128,19628,19628,16365,19385
1292,0,10078,20578,20578,15358,20132
1293,0,24891,35283,35283,35211,35140
1294,0,368,10868,10868,15615,35348
1295,0,21507,37164,37164,36022,38378
1296,0,3593,14093,14093,13835,20631
1297,0,1415,11915,11915,37025,37024
1298,0,22425,35712,35712,36427,36211
1299,0,8061,18561,18561,10504,11655
1300,4,21133,39467,15934,11641,35947
1301,0,22287,36744,36744,14401,14259
1302,0,8939,19439,19439,35404,11865
1303,1,22295,36571,11745,36571,39430
1304,0,24017,37459,37459,16683,35619
1305,0,8587,19087,19087,37420,15614
1306,0,9319,19819,19819,13649,17874
1307,0,1721,12221,12221,37470,11459
1308,0,8826,19326,19326,37314,17876
1309,0,5324,15824,15824,15235,18533
1310,0,4060,14560,14560,37034,35775
1311,0,24767,39050,39050,38796,15636
1312,0,1824,12324,12324,20373,10738
1313,0,24109,38258,38258,18970,11670
1314,0,24766,37292,37292,38396,13919
1315,0,22264,36644,36644,38566,11191
1316,0,9395,19895,19895,15575,15312
1317,5,3232,13732,12962,18492,39508
1318,0,1918,12418,12418,35636,11029
1319,0,24775,38104,38104,37985,38965
1320,0,1569,12069,12069,10922,19147
1321,0,1831,12331,12331,12032,16017
1322,0,347,10847,10847,17428,14058
1323,0,1242,11742,11742,36496,10758
1324,0,7720,18220,18220,19593,11779
1325,0,21455,38292,38292,18506,16447
1326,0,21074,35882,35882,18953,37334
1327,3,22365,39317,39362,19536,13447
1328,0,22020,35819,35819,16516,12655
1329,7,21712,37784,13103,14818,19609
1330,16,23828,36028,10655,11170,14930
1331,0,23771,36489,36489,18710,18469
1332,0,22772,37679,37679,36641,19727
1333,0,7930,18430,18430,11738,20700
1334,0,6466,16966,16966,12500,10586
1335,0,10415,20915,20915,36833,13339
1336,0,7593,18093,18093,37176,18626
1337,2,24101,35885,11909,16977,35885
1338,0,7182,17682,17682,20918,16331
1339,0,24530,37034,37034,35988,14560
1340,0,22886,37735,37735,35381,14565
1341,0,21318,39475,39475,20425,38196
1342,0,23838,37938,37938,17965,38039
1343,0,5847,16347,16347,17838,38025
1344,0,22675,37092,37092,12556,36699
1345,1,24259,37669,35530,37669,14029
1346,0,1222,11722,11722,37600,18515
1347,0,6473,16973,16973,14687,37760
1348,0,2134,12634,12634,11976,12625
1349,0,8953,19453,19453,35538,15722
1350,0,8083,18583,18583,19347,39218
1351,2,23537,39266,14091,36050,39266
1352,1,6741,17241,38130,17241,11315
1353,0,23517,36697,36697,17438,13042
1354,20,509,11009,16878,36979,11006
1355,0,10452,20952,20952,18788,19067
1356,1,3986,14486,16744,14486,39092
1357,0,748,11248,11248,16100,36660
1358,0,5246,15746,15746,38548,11041
1359,4,1259,11759,14201,17378,36797
1360,0,4718,15218,15218,20449,17691
1361,0,1888,12388,12388,38939,14382
1362,0,711,11211,11211,18318,36956
1363,0,24438,37752,37752,14348,17721
1364,1,24686,38293,35646,38293,15777
1365,0,7856,18356,18356,12482,16025
1366,0,5833,16333,16333,35101,12697
1367,1,22876,38754,20443,38754,35431
1368,0,21934,37744,37744,38440,38317
1369,1,7562,18062,35195,18062,11257
1370,1,4808,15308,18918,15308,18215
1371,0,3329,13829,13829,17481,17497
1372,0,3293,13793,13793,13958,18862
1373,0,8485,18985,18985,38885,35311
1374,0,24560,36393,36393,20356,38897
1375,4,6148,16648,11159,39386,18150
1376,0,22776,37656,37656,35418,12780
1377,0,10045,20545,20545,36369,37107
1378,0,4865,15365,15365,16515,11663
1379,0,5551,16051,16051,36633,15787
1380,0,9253,19753,19753,20919,13118
1381,0,8855,19355,19355,17087,17735
1382,0,104,10604,10604,18504,35832
1383,0,1794,12294,12294,16459,17040
1384,0,10463,20963,20963,18805,17351
1385,0,2386,12886,12886,19561,35801
1386,0,25440,36675,36675,18289,17594
1387,0,4847,15347,15347,38015,19852
1388,0,6650,17150,17150,14325,35832
1389,0,5837,16337,16337,10919,12236
1390,1,8247,18747,19122,18747,17693
1391,0,1658,12158,12158,16208,17029
1392,0,212,10712,10712,37195,36575
1393,0,8241,18741,18741,38848,10665
1394,0,5886,16386,16386,12883,16535
1395,0,4419,14919,14919,17453,14754
1396,0,22059,38741,38741,20129,18145
1397,16,5193,15693,37935,37864,39194
1398,0,5735,16235,16235,13736,15422
1399,0,1359,11859,11859,11965,36192
1400,0,334,10834,10834,17704,37649
1401,0,8077,18577,18577,15382,10869
1402,0,3110,13610,13610,12675,38215
1403,4,5709,16209,11466,39590,11072
1404,0,792,11292,11292,11301,19900
1405,0,233,10733,10733,39169,37317
1406,0,8515,19015,19015,12211,19105
1407,1,9289,19789,11348,19789,14951
1408,9,1064,11564,11724,10600,15276
1409,0,209,10709,10709,19535,13912
1410,0,25413,36027,36027,12504,38104
1411,0,23627,35404,35404,19439,13160
1412,0,23301,37994,37994,37595,36556
1413,0,9525,20025,20025,11720,37015
1414,0,4498,14998,14998,17240,16546
1415,0,6664,17164,17164,15067,16086
1416,0,2413,12913,12913,13423,18382
1417,0,9595,20095,20095,15034,20938
1418,0,9431,19931,19931,16373,37743
1419,0,22467,37240,37240,38488,16020
1420,0,7139,17639,17639,20477,17211
1421,0,871,11371,11371,11251,12327
1422,0,1263,11763,11763,38756,15890
1423,0,1618,12118,12118,11279,17104
1424,0,4345,14845,14845,37130,19371
1425,0,10076,20576,20576,10638,19597
1426,0,2414,12914,12914,17919,36877
1427,0,24050,38110,38110,13994,11676
1428,0,24006,38099,38099,16929,12065
1429,0,25083,36336,36336,15920,14439
1430,3,1220,11720,37015,18570,35333
1431,0,23008,35193,35193,38084,15380
1432,2,1765,12265,37247,19578,12265
1433,0,21579,36618,36618,17871,10736
1434,670,8493,18993,39522,14870,12068
1435,0,22887,37955,37955,39233,19156
1436,0,2001,12501,12501,35460,37629
1437,0,5609,16109,16109,18821,18811
1438,0,24277,35164,35164,11515,11125
1439,0,4581,15081,15081,11136,37934
1440,0,8885,19385,19385,19628,13235
1441,0,1485,11985,11985,36231,15301
1442,0,3582,14082,14082,35948,38879
1443,0,2523,13023,13023,10740,36377
1444,0,23287,37753,37753,36845,36846
1445,2,6332,16832,15473,12333,16832
1446,0,3078,13578,13578,11029,17660
1447,0,4833,15333,15333,20202,38510
1448,0,23603,36241,36241,19393,16307
1449,1,1305,11805,37872,11805,17058
1450,2,4782,15282,20582,39396,15282
1451,1,8255,18755,15789,18755,20200
1452,2,4381,14881,36747,17692,14881
1453,0,23448,39204,39204,19995,13659
1454,0,6224,16724,16724,10982,18697
1455,0,22705,37749,37749,19003,13373
1456,2,9562,20062,16071,18279,20062
1457,0,2165,12665,12665,35515,35415
1458,1,617,11117,38877,11117,18019
1459,3,24792,39141,37182,13332,17703
1460,0,7277,17777,17777,39063,37126
1461,0,7855,18355,18355,11831,15992
1462,0,8518,19018,19018,16984,36553
1463,0,10240,20740,20740,38179,13336
1464,0,9097,19597,19597,16503,35597
1465,1,23176,38822,13436,38822,37893
1466,0,2163,12663,12663,13105,12817
1467,0,4770,15270,15270,17486,16729
1468,0,23581,36580,36580,14632,15802
1469,0,21149,39293,39293,37858,11980
1470,0,2004,12504,12504,20778,14551
1471,0,24227,38931,38931,37099,17089
1472,0,3047,13547,13547,36136,12649
1473,0,7771,18271,18271,20284,11171
1474,0,24204,37888,37888,10918,39232
1475,0,22514,36259,36259,36644,38006
1476,0,9425,19925,19925,38759,36219
1477,237,9139,19639,18173,13363,35629
1478,0,8201,18701,18701,35719,20012
1479,2,9118,19618,38531,35472,19618
1480,1,3095,13595,18582,13595,39123
1481,0,24443,35945,35945,13658,36105
1482,0,3285,13785,13785,16125,17022
1483,0,24156,39152,39152,15753,17051
1484,0,9462,19962,19962,19937,37037
1485,0,7315,17815,17815,13010,20726
1486,2,1313,11813,39593,20217,11813
1487,0,6994,17494,17494,12028,12081
1488,0,7113,17613,17613,12570,16995
1489,3,8379,18879,39467,11641,13683
1490,0,2903,13403,13403,13433,16599
1491,0,7959,18459,18459,14973,39054
1492,0,3333,13833,13833,12621,14094
1493,0,24011,36660,36660,16100,11248
1494,0,3053,13553,13553,10801,16163
1495,0,21500,35678,35678,17082,20238
1496,0,5072,15572,15572,11520,38573
1497,0,8678,19178,19178,18935,13169
1498,1,24236,35638,38262,35638,18345
1499,1,8868,19368,20710,19368,37872
1500,0,2269,12769,12769,12560,19213
1501,0,8020,18520,18520,16103,18781
1502,0,8165,18665,18665,13906,16856
1503,2,24181,36718,19137,11424,36718
1504,4,9963,20463,38487,35609,12565
1505,0,9376,19876,19876,12873,10941
1506,0,24329,35113,35113,38644,37290
1507,2,21543,37009,14987,14465,37009
1508,0,23485,36799,36799,17855,15058
1509,0,24642,37859,37859,39587,36834
1510,0,7955,18455,18455,38720,15357
1511,0,4707,15207,15207,37028,15524
1512,0,22730,37967,37967,18566,38215
1513,0,2114,12614,12614,18832,17535
1514,0,7267,17767,17767,36186,19662
1515,0,1541,12041,12041,36405,14951
1516,0,6141,16641,16641,36151,19829
1517,0,2602,13102,13102,20923,18429
1518,0,23363,37465,37465,11513,11015
1519,1,4607,15107,10988,15107,20150
1520,0,10446,20946,20946,11436,18177
1521,0,9180,19680,19680,36638,11103
1522,0,23398,35397,35397,36286,16425
1523,0,4756,15256,15256,37365,17571
1524,0,6444,16944,16944,37251,36120
1525,0,5538,16038,16038,19723,16660
1526,0,9082,19582,19582,11029,36294
1527,0,520,11020,11020,15027,20935
1528,0,10460,20960,20960,38475,19218
1529,0,7163,17663,17663,35468,36074
1530,0,9427,19927,19927,13355,36817
1531,0,8877,19377,19377,14678,13743
1532,1,1092,11592,14133,11592,36739
1533,0,25489,37052,37052,39420,37446
1534,0,21374,38318,38318,18533,15824
1535,1,4913,15413,16282,15413,19112
1536,0,9531,20031,20031,12887,12741
1537,0,3771,14271,14271,13174,17209
1538,0,6346,16846,16846,15098,11503
1539,0,1109,11609,11609,16370,15262
1540,0,4655,15155,15155,19667,35442
1541,0,9974,20474,20474,11180,35482
1542,0,1038,11538,11538,12412,15042
1543,0,9412,19912,19912,38392,18492
1544,0,20,10520,10520,17870,35765
1545,0,8377,18877,18877,20593,12692
1546,0,21869,36147,36147,20640,11938
1547,0,5531,16031,16031,35719,13240
1548,0,9066,19566,19566,35445,15830
1549,0,934,11434,11434,20087,12751
1550,0,10417,20917,20917,15094,16896
1551,0,6551,17051,17051,38959,19464
1552,0,22401,38158,38158,19187,35472
1553,0,21872,38768,38768,37311,17351
1554,0,1726,12226,12226,38335,39441
1555,0,4490,14990,14990,38616,19001
1556,0,21577,35361,35361,20741,18037
1557,0,9722,20222,20222,37869,17220
1558,3,1737,12237,14005,19502,38784
1559,0,6438,16938,16938,16553,38439
1560,0,561,11061,11061,17641,16226
1561,0,22573,38615,38615,36029,14476
1562,0,22669,38433,38433,20822,12456
1563,0,24688,36460,36460,17653,37674
1564,0,1162,11662,11662,35999,12357
1565,0,8866,19366,19366,35933,10590
1566,0,10018,20518,20518,38114,11809
1567,0,6930,17430,17430,36584,18322
1568,0,8067,18567,18567,11257,16426
1569,0,1527,12027,12027,37768,10534
1570,4,7733,18233,12783,37676,17034
1571,0,23459,39410,39410,16997,20303
1572,0,2930,13430,13430,35929,16719
1573,0,25008,37748,37748,20432,38411
1574,0,58,10558,10558,14924,13604
1575,0,8748,19248,19248,11413,17282
1576,0,23823,35319,35319,19959,36164
1577,1,23866,37382,18090,37382,37245
1578,0,4483,14983,14983,18442,14977
1579,0,2291,12791,12791,10884,18543
1580,0,7383,17883,17883,17509,19501
1581,0,24368,37458,37458,17799,38926
1582,0,8218,18718,18718,11661,20903
1583,0,9577,20077,20077,15747,17016
1584,0,9470,19970,19970,11636,19708
1585,0,24143,36139,36139,16578,11853
1586,1,1649,12149,39571,12149,10933
1587,29,23746,39396,39266,36050,12367
1588,6,9652,20152,38832,20599,15957
1589,0,2724,13224,13224,37297,16143
1590,1,22513,36849,16397,36849,36669
1591,0,938,11438,11438,20056,37649
1592,0,4510,15010,15010,16021,13333
1593,0,22690,37454,37454,14107,17599
1594,0,25476,38850,38850,18144,19258
1595,0,4694,15194,15194,38747,16758
1596,0,7238,17738,17738,36997,15005
1597,0,9619,20119,20119,38058,12493
1598,0,998,11498,11498,17232,38662
1599,6,8771,19271,16282,15413,12601
1600,2,4528,15028,10715,17232,15028
1601,0,3870,14370,14370,37318,37745
1602,16,23546,37539,35276,36502,11474
1603,0,5354,15854,15854,17091,16909
1604,0,25358,38863,38863,14044,15617
1605,0,2907,13407,13407,12448,17438
1606,0,21580,35355,35355,12160,15433
1607,0,9782,20282,20282,36632,12060
1608,0,3538,14038,14038,17454,15772
1609,0,5993,16493,16493,13398,17466
1610,0,25141,38767,38767,35756,20294
1611,0,915,11415,11415,36838,13311
1612,0,25039,38153,38153,14923,36459
1613,0,4415,14915,14915,20874,20190
1614,0,10280,20780,20780,17391,12583
1615,1,10126,20626,13160,20626,14307
1616,0,1817,12317,12317,35295,15274
1617,0,24656,39240,39240,19496,20336
1618,0,9893,20393,20393,15017,36426
1619,0,3949,14449,14449,14462,13507
1620,0,337,10837,10837,37441,18170
1621,11,2072,12572,35407,36657,16382
1622,0,25433,39502,39502,13603,37095
1623,0,5822,16322,16322,12298,16199
1624,0,22399,38864,38864,12261,38399
1625,1,5143,15643,15157,15643,14069
1626,0,8200,18700,18700,18338,35989
1627,0,3513,14013,14013,20069,39175
1628,0,2815,13315,13315,38925,18845
1629,0,23344,39511,39511,38848,39159
1630,0,22801,39239,39239,13552,11681
1631,0,23786,38432,38432,17504,20612
1632,0,22940,35456,35456,15560,20264
1633,0,8422,18922,18922,14881,13297
1634,0,766,11266,11266,16858,37775
1635,0,3782,14282,14282,12326,38767
1636,70,24789,38944,13889,12829,16171
1637,1,1144,11644,10744,11644,15508
1638,0,22545,36826,36826,11856,18486
1639,0,2510,13010,13010,17815,19603
1640,0,7379,17879,17879,35648,37515
1641,0,2273,12773,12773,12081,17494
1642,0,2860,13360,13360,39144,37539
1643,0,1221,11721,11721,13225,38094
1644,0,22248,35406,35406,15457,16042
1645,0,4864,15364,15364,13167,13857
1646,0,22626,39134,39134,20329,12277
1647,0,7310,17810,17810,18306,19150
1648,0,21530,36113,36113,37694,35270
1649,0,22039,38489,38489,12694,19799
1650,0,6757,17257,17257,35634,20238
1651,0,4924,15424,15424,35724,37322
1652,0,4532,15032,15032,19633,15410
1653,0,6392,16892,16892,12173,17564
1654,0,1672,12172,12172,15584,36762
1655,0,21348,36062,36062,38282,19698
1656,0,7699,18199,18199,35898,18672
1657,0,8870,19370,19370,20333,36970
1658,0,4055,14555,14555,35340,16732
1659,27,23721,38652,38341,15144,19144
1660,0,1808,12308,12308,19300,19936
1661,0,2275,12775,12775,20077,19462
1662,0,3761,14261,14261,36083,14724
1663,0,21814,37257,37257,18785,11606
1664,0,23671,35158,35158,18912,16894
1665,32,21737,38780,14060,15857,14860
1666,0,6489,16989,16989,17662,35330
1667,0,2045,12545,12545,16639,17810
1668,0,9301,19801,19801,14007,16221
1669,5,23824,38102,16010,36633,14222
1670,0,5113,15613,15613,36767,39178
1671,0,1295,11795,11795,18214,36017
1672,0,23950,36733,36733,19994,36126
1673,0,4687,15187,15187,11548,19440
1674,0,3952,14452,14452,36816,38665
1675,0,6558,17058,17058,10530,11805
1676,0,4317,14817,14817,12212,20162
1677,0,22744,38207,38207,13700,12603
1678,0,444,10944,10944,17756,17262
1679,0,5519,16019,16019,13518,14214
1680,49,858,11358,14797,20152,13942
1681,0,7717,18217,18217,36163,15434
1682,0,4439,14939,14939,35455,20332
1683,0,5321,15821,15821,36183,19711
1684,0,841,11341,11341,38037,18807
1685,1,24336,36731,39149,36731,38251
1686,0,21695,36158,36158,20520,20436
1687,0,21224,38482,38482,17721,11507
1688,0,25073,36141,36141,14550,17839
1689,0,994,11494,11494,12387,35489
1690,0,23817,39441,39441,18777,35716
1691,0,9001,19501,19501,17309,12021
1692,3,1554,12054,15986,17727,15817
1693,0,22631,39104,39104,38516,10622
1694,0,1973,12473,12473,20983,15994
1695,0,1951,12451,12451,11956,18589
1696,0,23877,38736,38736,37696,11440
1697,0,9494,19994,19994,36733,14349
1698,0,21160,38930,38930,19242,16752
1699,0,10275,20775,20775,38980,20906
1700,0,2513,13013,13013,12937,10922
1701,0,5559,16059,16059,10727,11369
1702,0,24330,35746,35746,35542,13014
1703,0,2835,13335,13335,19385,16264
1704,0,4700,15200,15200,15494,37814
1705,0,2445,12945,12945,11842,35194
1706,0,2233,12733,12733,18555,39396
1707,0,3050,13550,13550,16007,36168
1708,0,10024,20524,20524,39132,20727
1709,0,400,10900,10900,12257,14876
1710,0,9264,19764,19764,18343,11521
1711,0,7589,18089,18089,18450,16367
1712,1,5198,15698,17256,15698,19418
1713,0,7719,18219,18219,11361,36035
1714,1,9858,20358,39057,20358,12598
1715,0,1023,11523,11523,37677,13980
1716,0,3298,13798,13798,18526,19836
1717,0,6494,16994,16994,14724,14361
1718,0,9069,19569,19569,36541,35295
1719,5,23148,39241,35274,38762,35429
1720,0,6912,17412,17412,37147,10702
1721,0,7968,18468,18468,17685,12576
1722,0,8140,18640,18640,37868,37959
1723,0,4241,14741,14741,10906,10586
1724,0,5424,15924,15924,38970,17847
1725,0,7364,17864,17864,18203,11692
1726,0,7745,18245,18245,37025,37024
1727,0,6498,16998,16998,12719,17279
1728,0,24975,36885,36885,36137,13065
1729,0,4080,14580,14580,37743,19931
1730,0,803,11303,11303,20627,36106
1731,0,1550,12050,12050,17405,15007
1732,0,1009,11509,11509,15846,14707
1733,5,22928,39554,36773,38579,16031
1734,0,8677,19177,19177,17128,39557
1735,0,2737,13237,13237,18507,38419
1736,0,6247,16747,16747,35405,11679
1737,0,5095,15595,15595,11968,15539
1738,0,648,11148,11148,15946,12168
1739,0,8810,19310,19310,37697,12630
1740,3,2862,13362,16050,11254,20864
1741,0,4975,15475,15475,11519,11784
1742,1,7134,17634,15359,17634,17664
1743,1,22692,37858,13300,37858,11980
1744,0,7811,18311,18311,15471,37315
1745,0,550,11050,11050,37171,37094
1746,0,22167,35822,35822,36237,39184
1747,2,5617,16117,11780,20186,16117
1748,0,7757,18257,18257,19080,13928
1749,1,22584,38884,16440,38884,37282
1750,0,211,10711,10711,17766,14797
1751,0,23014,37126,37126,36791,17777
1752,5,23289,36218,12321,12729,13986
1753,0,1781,12281,12281,11768,12647
1754,0,23772,35536,35536,16531,12249
1755,0,3543,14043,14043,19454,20283
1756,0,7477,17977,17977,16260,39557
1757,0,1438,11938,11938,15151,20640
1758,0,2515,13015,13015,16749,13077
1759,0,2868,13368,13368,11110,36162
1760,0,2434,12934,12934,11995,16762
1761,0,5045,15545,15545,39129,36800
1762,0,4792,15292,15292,19351,37343
1763,0,25384,35467,35467,14864,15409
1764,0,9265,19765,19765,38771,39196
1765,0,9485,19985,19985,12719,20732
1766,0,1314,11814,11814,13859,39501
1767,0,21566,39449,39449,20675,38743
1768,0,6515,17015,17015,16996,12500
1769,8,23583,37336,38873,18005,13344
1770,0,3979,14479,14479,20613,13658
1771,2,12,10512,15764,11521,10512
1772,0,6510,17010,17010,18517,36477
1773,0,818,11318,11318,17384,37003
1774,0,2784,13284,13284,16567,19531
1775,0,22550,35587,35587,16530,15573
1776,0,24270,37575,37575,38319,37032
1777,0,453,10953,10953,12125,35550
1778,0,1049,11549,11549,15467,18748
1779,5,24310,39129,12337,36921,38671
1780,0,1656,12156,12156,35606,12704
1781,0,3457,13957,13957,16640,18388
1782,1,24583,35754,12572,35754,19274
1783,0,22249,37699,37699,14237,17209
1784,0,23775,36704,36704,12072,16065
1785,0,23586,37773,37773,18646,16598
1786,1,5139,15639,20343,15639,39427
1787,0,2908,13408,13408,15382,10869
1788,0,21456,37036,37036,20570,36213
1789,0,940,11440,11440,37696,38736
1790,0,9727,20227,20227,39408,39081
1791,0,8466,18966,18966,15605,13378
1792,0,22385,37040,37040,20134,12160
1793,0,7631,18131,18131,13216,12854
1794,1,7969,18469,19495,18469,18710
1795,0,9568,20068,20068,38079,16009
1796,0,4634,15134,15134,37156,17485
1797,0,8260,18760,18760,14777,12661
1798,0,7317,17817,17817,20327,36270
1799,0,22741,36895,36895,11904,35597
1800,0,1400,11900,11900,37609,16254
1801,0,9703,20203,20203,36426,38303
1802,0,30,10530,10530,17058,15260
1803,0,6258,16758,16758,38747,15194
1804,0,24224,37915,37915,39260,12261
1805,0,3677,14177,14177,10562,16200
1806,0,672,11172,11172,35395,17382
1807,0,9240,19740,19740,11484,11969
1808,0,9711,20211,20211,19799,12077
1809,0,6323,16823,16823,39030,16141
1810,0,23120,38874,38874,17198,16407
1811,0,5466,15966,15966,37197,15641
1812,0,24301,36213,36213,20570,36283
1813,10,25092,39078,38754,18345,11127
1814,0,22444,35337,35337,16945,18859
1815,0,1108,11608,11608,16957,15920
1816,0,23840,36031,36031,20190,14613
1817,0,23818,38182,38182,38559,38905
1818,0,3229,13729,13729,18575,10548
1819,1,7584,18084,16767,18084,17667
1820,0,9450,19950,19950,13689,37186
1821,0,8138,18638,18638,35572,18748
1822,0,3319,13819,13819,15864,14798
1823,0,24258,37004,37004,17306,16789
1824,0,5835,16335,16335,10805,13975
1825,0,7496,17996,17996,20914,12600
1826,10,9228,19728,15413,19112,19271
1827,0,21598,37586,37586,17400,11211
1828,0,10245,20745,20745,17777,15910
1829,0,2553,13053,13053,38209,10842
1830,0,4775,15275,15275,39138,39024
1831,0,6341,16841,16841,36589,17009
1832,0,2686,13186,13186,38206,16391
1833,0,7553,18053,18053,17548,36193
1834,0,21680,36502,36502,10753,14390
1835,0,1563,12063,12063,18277,12242
1836,0,9707,20207,20207,39001,17038
1837,0,24393,35345,35345,11185,37398
1838,0,3071,13571,13571,18792,19071
1839,0,24015,37464,37464,19029,13464
1840,0,21277,37157,37157,35485,20815
1841,0,4474,14974,14974,15808,14136
1842,1,21426,36656,10616,36656,14749
1843,0,21489,36443,36443,17674,37370
1844,0,24042,37311,37311,20390,20815
1845,0,4856,15356,15356,15707,19435
1846,0,5268,15768,15768,17168,20073
1847,0,2853,13353,13353,38717,17857
1848,0,6576,17076,17076,35303,38381
1849,1,7639,18139,12485,18139,38690
1850,0,21843,35983,35983,35845,37582
1851,0,23447,38554,38554,36073,17321
1852,0,8109,18609,18609,10605,38448
1853,0,4601,15101,15101,11228,12141
1854,0,22362,37621,37621,37300,19855
1855,1,7886,18386,13954,18386,35983
1856,5,23012,38429,16318,16787,12576
1857,0,2213,12713,12713,15753,39152
1858,0,4929,15429,15429,11197,20962
1859,0,25344,35502,35502,14328,36712
1860,0,21471,39312,39312,17270,38761
1861,0,23124,36536,36536,36705,16016
1862,0,25198,37269,37269,12148,17347
1863,0,2111,12611,12611,17073,14885
1864,0,22013,37375,37375,39523,16311
1865,0,23109,37812,37812,39538,39543
1866,0,6632,17132,17132,10577,19675
1867,0,24842,38205,38205,13077,36742
1868,0,7800,18300,18300,37250,18018
1869,128,8956,19456,39348,18391,39472
1870,0,7153,17653,17653,36460,37345
1871,0,4446,14946,14946,12470,35119
1872,0,24360,38160,38160,36499,15690
1873,0,21867,35820,35820,19842,35510
1874,0,7642,18142,18142,37383,15817
1875,0,5026,15526,15526,35885,11909
1876,0,28,10528,10528,14241,19358
1877,0,25056,38800,38800,13931,15457
1878,0,24294,37155,37155,38663,14235
1879,1,10210,20710,19368,20710,39490
1880,0,10027,20527,20527,37725,15428
1881,0,355,10855,10855,14674,12052
1882,1,1429,11929,20643,11929,39111
1883,0,24423,35658,35658,19115,13218
1884,0,23804,35484,35484,11575,12189
1885,0,23713,38264,38264,13231,35231
1886,0,21739,36856,36856,38530,12460
1887,0,21206,36933,36933,19959,18061
1888,0,332,10832,10832,20378,38903
1889,0,5643,16143,16143,13224,37297
1890,0,22780,36756,36756,37733,17569
1891,0,21297,37688,37688,37172,20410
1892,0,23993,38005,38005,18948,20632
1893,2,4224,14724,36083,14261,14724
1894,0,964,11464,11464,12361,17765
1895,0,23122,35433,35433,18202,14764
1896,0,120,10620,10620,17189,37646
1897,2,4930,15430,39073,16424,15430
1898,0,6482,16982,16982,15225,19865
1899,0,5579,16079,16079,35436,17114
1900,0,10187,20687,20687,36624,35772
1901,0,7752,18252,18252,35594,37074
1902,0,4710,15210,15210,37237,10913
1903,0,3281,13781,13781,38921,19541
1904,0,2370,12870,12870,17251,38003
1905,0,5522,16022,16022,20101,36794
1906,0,2544,13044,13044,13311,11377
1907,20,21532,35875,37446,14825,17804
1908,0,24237,36401,36401,35218,37734
1909,0,2885,13385,13385,20033,15253
1910,0,10042,20542,20542,11627,39548
1911,0,2178,12678,12678,39285,16598
1912,0,8940,19440,19440,16451,15187
1913,0,4898,15398,15398,15204,15881
1914,1,5153,15653,36823,15653,15412
1915,0,1209,11709,11709,11382,36009
1916,0,8404,18904,18904,19749,38528
1917,0,8798,19298,19298,11189,12934
1918,0,9599,20099,20099,20822,12048
1919,0,7583,18083,18083,16200,11243
1920,1,3123,13623,17755,13623,11048
1921,1,25123,36603,13802,36603,10549
1922,0,1544,12044,12044,20635,15796
1923,1,25285,36458,13146,36458,12901
1924,0,22678,38866,38866,19207,19634
1925,0,21620,35320,35320,18290,36023
1926,0,22048,38430,38430,11029,15918
1927,0,24946,35872,35872,17177,37596
1928,0,9622,20122,20122,19990,13093
1929,0,10114,20614,20614,36623,12085
1930,1,25372,38262,35638,38262,18345
1931,19,945,11445,16559,10566,12353
1932,0,25041,35290,35290,15818,14109
1933,0,4550,15050,15050,13241,17661
1934,0,25267,38076,38076,12526,20607
1935,0,24260,36801,36801,18497,19002
1936,0,7889,18389,18389,35965,37741
1937,0,23520,36771,36771,39369,18339
1938,0,9058,19558,19558,14426,14638
1939,0,21466,38878,38878,13954,20576
1940,0,1675,12175,12175,11182,15101
1941,0,24749,37142,37142,18538,17670
1942,2,1561,12061,19749,18904,12061
1943,0,25202,36181,36181,19335,39368
1944,0,22735,39058,39058,35173,38190
1945,0,24431,35173,35173,39058,13876
1946,0,6213,16713,16713,39503,38114
1947,0,21072,35440,35440,11841,20091
1948,0,6044,16544,16544,37031,19320
1949,0,4541,15041,15041,38705,11443
1950,0,1782,12282,12282,11641,14072
1951,1,7159,17659,20974,17659,35355
1952,0,25274,39189,39189,38603,13644
1953,0,1095,11595,11595,39443,18305
1954,1,7111,17611,15651,17611,35316
1955,0,21825,35250,35250,11380,12656
1956,0,7627,18127,18127,11155,14509
1957,0,3287,13787,13787,38216,19588
1958,0,23889,36984,36984,12355,12826
1959,0,677,11177,11177,36387,39252
1960,0,6193,16693,16693,38548,11937
1961,0,2605,13105,13105,12663,19428
1962,0,1392,11892,11892,14624,17279
1963,0,6967,17467,17467,15823,14482
1964,0,22119,37567,37567,19801,11742
1965,0,752,11252,11252,10572,38378
1966,1,1711,12211,19105,12211,20677
1967,0,3737,14237,14237,38948,37699
1968,0,21480,39269,39269,18442,14983
1969,0,25475,37400,37400,15732,18630
1970,0,3215,13715,13715,36016,16600
1971,0,797,11297,11297,17906,14880
1972,0,23917,37008,37008,20118,19667
1973,0,1777,12277,12277,39134,19630
1974,0,4113,14613,14613,36031,20190
1975,0,1770,12270,12270,35909,11748
1976,0,25029,38249,38249,13599,15650
1977,1,10175,20675,39449,20675,14931
1978,0,23154,37373,37373,16837,17078
1979,0,6975,17475,17475,35620,17446
1980,0,6412,16912,16912,38167,14832
1981,0,3022,13522,13522,36859,17678
1982,0,4228,14728,14728,36202,37681
1983,0,23899,38391,38391,17973,16810
1984,0,3012,13512,13512,14612,38753
1985,0,24906,39369,39369,36771,18339
1986,0,9957,20457,20457,18258,35332
1987,0,5764,16264,16264,12516,37204
1988,0,23860,39589,39589,10964,17183
1989,0,4619,15119,15119,10783,38135
1990,0,25076,35589,35589,11559,20983
1991,0,6753,17253,17253,14139,15007
1992,0,9396,19896,19896,35809,15780
1993,0,9933,20433,20433,36861,17823
1994,0,527,11027,11027,17766,35554
1995,0,366,10866,10866,15765,14547
1996,0,6098,16598,16598,38950,37773
1997,0,22168,38363,38363,38009,38803
1998,0,4264,14764,14764,38881,35433
1999,25,4262,14762,17524,11802,16540
2000,0,25417,36345,36345,36368,12854
2001,0,1919,12419,12419,16449,12043
2002,0,701,11201,11201,17140,20980
2003,0,6170,16670,16670,13295,11116
2004,0,9251,19751,19751,13596,20408
2005,0,9406,19906,19906,20510,36510
2006,0,5018,15518,15518,11203,17904
2007,0,7303,17803,17803,35552,16840
2008,0,4423,14923,14923,16261,37758
2009,0,22663,36442,36442,38169,17020
2010,0,4868,15368,15368,35859,20867
2011,0,1298,11798,11798,16391,19163
2012,0,10127,20627,20627,11216,17623
2013,0,1352,11852,11852,38886,39186
2014,0,2926,13426,13426,17537,38903
2015,23,7874,18374,10540,20194,16636
2016,1,23693,36229,15469,36229,19146
2017,0,1287,11787,11787,37627,19234
2018,0,6598,17098,17098,10893,14565
2019,0,22343,35880,35880,20904,38956
2020,1,21611,36859,37546,36859,35864
2021,0,4350,14850,14850,39514,15136
2022,0,10138,20638,20638,13003,36614
2023,0,3697,14197,14197,11527,18889
2024,0,2013,12513,12513,37462,16960
2025,0,24546,38183,38183,12631,19653
2026,0,4373,14873,14873,10945,16413
2027,0,9029,19529,19529,18242,38536
2028,0,5677,16177,16177,11876,17787
2029,0,22846,38933,38933,17392,17850
2030,0,8482,18982,18982,39017,39528
2031,0,2147,12647,12647,12281,16842
2032,0,8416,18916,18916,35852,13508
2033,0,2705,13205,13205,19136,38999
2034,0,5473,15973,15973,11857,37729
2035,0,9124,19624,19624,20198,10598
2036,0,2570,13070,13070,15301,39452
2037,0,22503,36879,36879,11673,36600
2038,0,9226,19726,19726,20672,18934
2039,0,9660,20160,20160,19848,12227
2040,0,21098,38020,38020,12413,17245
2041,0,23489,35580,35580,37070,11170
2042,1,22015,38620,12187,38620,18040
2043,1,810,11310,13952,11310,19863
2044,0,23511,38849,38849,17531,17857
2045,0,5684,16184,16184,39100,19099
2046,0,8250,18750,18750,16964,13216
2047,0,312,10812,10812,10936,19995
2048,0,2073,12573,12573,11616,38117
2049,0,10419,20919,20919,19753,13118
2050,0,21698,35861,35861,12219,17372
2051,0,24061,35572,35572,15737,18638
2052,0,885,11385,11385,38140,10715
2053,0,1477,11977,11977,38072,38208
2054,0,1790,12290,12290,17034,12783
2055,0,8115,18615,18615,37209,11188
2056,18,23103,35581,17427,12676,35190
2057,0,2008,12508,12508,37506,11638
2058,6,3454,13954,17227,18056,35983
2059,0,682,11182,11182,12175,14616
2060,0,3895,14395,14395,13279,14766
2061,0,21774,39131,39131,36512,12264
2062,0,8793,19293,19293,19069,35805
2063,0,6660,17160,17160,14012,12864
2064,0,57,10557,10557,38419,11548
2065,0,23469,35619,35619,11069,18990
2066,0,22180,38134,38134,14908,13444
2067,1,6765,17265,14651,17265,13935
2068,2,2399,12899,11691,38068,12899
2069,1,9693,20193,14773,20193,16501
2070,3,24776,39038,11457,15086,14345
2071,0,4126,14626,14626,35791,14140
2072,0,8819,19319,19319,10708,37084
2073,0,9287,19787,19787,15358,19794
2074,0,1468,11968,11968,20733,15595
2075,0,5761,16261,16261,16331,14923
2076,0,1416,11916,11916,35203,11743
2077,0,470,10970,10970,13519,19270
2078,2,2358,12858,11300,12747,12858
2079,0,2722,13222,13222,11581,38202
2080,0,7047,17547,17547,38999,11270
2081,0,8191,18691,18691,20076,36019
2082,0,21095,37381,37381,18737,19071
2083,41,21850,37309,38345,18592,20771
2084,0,8814,19314,19314,12322,36921
2085,0,4525,15025,15025,17437,19691
2086,0,4610,15110,15110,10813,20616
2087,0,24769,35664,35664,37264,20158
2088,0,24593,36673,36673,39254,17696
2089,0,6041,16541,16541,12328,11267
2090,0,23458,36164,36164,19959,35319
2091,0,3869,14369,14369,10880,11056
2092,0,9392,19892,19892,16237,19967
2093,0,22710,38983,38983,38693,11253
2094,0,23819,37510,37510,18634,15793
2095,3,23810,38041,11159,18150,39386
2096,0,6817,17317,17317,18204,36730
2097,0,24755,35140,35140,12306,11093
2098,0,23480,36375,36375,16353,36374
2099,0,4674,15174,15174,35932,11346
2100,3,1055,11555,36420,36928,17053
2101,0,2281,12781,12781,39434,20343
2102,0,24214,37377,37377,20817,37376
2103,0,24201,39024,39024,39138,15275
2104,0,21153,36136,36136,13547,12649
2105,5,1924,12424,12565,11445,35609
2106,0,6379,16879,16879,15835,15431
2107,0,4907,15407,15407,35327,37789
2108,0,23385,38043,38043,14257,19685
2109,0,24098,38154,38154,11843,20853
2110,1,1075,11575,12189,11575,35484
2111,0,1115,11615,11615,38544,14335
2112,0,3936,14436,14436,19062,15685
2113,1,3533,14033,20588,14033,14849
2114,0,25077,36060,36060,20079,15024
2115,0,460,10960,10960,20497,17706
2116,0,3032,13532,13532,16657,16522
2117,0,4207,14707,14707,38129,13749
2118,0,24239,37966,37966,14145,38176
2119,0,6398,16898,16898,16005,37070
2120,12,5841,16341,39056,35400,14979
2121,0,6625,17125,17125,12267,19088
2122,0,1452,11952,11952,38453,16441
2123,0,2149,12649,12649,36136,35427
2124,0,319,10819,10819,18772,14218
2125,0,9048,19548,19548,16053,38578
2126,0,7518,18018,18018,37250,18554
2127,0,1922,12422,12422,36711,37848
2128,0,10393,20893,20893,13218,11576
2129,1,25206,37924,20367,37924,11087
2130,0,9638,20138,20138,17591,20837
2131,0,23431,36687,36687,38018,14960
2132,0,7458,17958,17958,16644,12334
2133,0,8743,19243,19243,15651,35316
2134,0,24844,38757,38757,14024,17710
2135,0,2129,12629,12629,16930,38434
2136,0,6403,16903,16903,13960,13289
2137,0,7556,18056,18056,17227,36556
2138,0,6478,16978,16978,15280,35444
2139,37,6300,16800,39561,38222,11095
2140,0,8663,19163,19163,11798,16391
2141,5,22828,35803,19710,16329,12290
2142,0,23844,36539,36539,36538,17763
2143,1,22640,36902,15489,36902,14890
2144,0,2509,13009,13009,15966,37197
2145,0,1052,11552,11552,36948,17952
2146,0,6152,16652,16652,19850,20275
2147,0,1681,12181,12181,17319,19991
2148,0,10282,20782,20782,39248,36807
2149,0,4067,14567,14567,11594,36988
2150,0,5024,15524,15524,12227,19848
2151,1,1456,11956,18589,11956,12451
2152,0,8214,18714,18714,11702,12040
2153,0,361,10861,10861,19255,36913
2154,5,8668,19168,12424,38487,35609
2155,27,24689,38979,17263,15763,39453
2156,0,23981,37598,37598,11406,10966
2157,6,24401,39397,11822,17445,16526
2158,0,3145,13645,13645,39528,18982
2159,0,24213,38056,38056,18363,17360
2160,0,21799,35365,35365,35184,20283
2161,18,505,11005,20903,38580,14209
2162,0,10418,20918,20918,17682,35306
2163,0,6847,17347,17347,37224,37269
2164,0,24582,39051,39051,18106,17039
2165,4,24552,39327,37619,19945,12058
2166,0,21905,36890,36890,37321,16104
2167,0,22585,36575,36575,35677,10712
2168,0,540,11040,11040,17414,13873
2169,0,4235,14735,14735,12930,15975
2170,0,5507,16007,16007,13550,36168
2171,20,24060,37294,12698,15349,38921
2172,0,24479,35519,35519,18788,19067
2173,0,9850,20350,20350,36080,36196
2174,0,22023,38141,38141,38120,39005
2175,0,754,11254,11254,16050,38691
2176,0,9355,19855,19855,35311,38885
2177,0,2003,12503,12503,13211,20748
2178,0,2542,13042,13042,38781,35944
2179,0,6073,16573,16573,19489,18819
2180,0,2918,13418,13418,39451,16444
2181,0,21751,38639,38639,20124,12297
2182,0,5218,15718,15718,12651,19953
2183,0,8045,18545,18545,20884,18825
2184,0,4271,14771,14771,37428,19311
2185,0,5875,16375,16375,20927,35872
2186,0,7039,17539,17539,13272,16486
2187,0,100,10600,10600,11724,15276
2188,0,22884,35395,35395,17382,11172
2189,0,21082,38748,38748,12643,37600
2190,0,6862,17362,17362,11643,17222
2191,0,5362,15862,15862,35956,38985
2192,0,4766,15266,15266,15612,19574
2193,0,7753,18253,18253,18296,20571
2194,2,4880,15380,12894,11154,15380
2195,0,9252,19752,19752,20855,14609
2196,1,601,11101,38617,11101,39096
2197,0,9542,20042,20042,14706,15898
2198,0,21512,37979,37979,18184,37850
2199,26,6182,16682,18895,36805,11017
2200,0,7020,17520,17520,17282,17630
2201,1,24791,39586,10555,39586,39518
2202,0,2431,12931,12931,14297,15227
2203,0,8526,19026,19026,17583,36695
2204,1,1044,11544,36781,11544,36243
2205,0,24469,36190,36190,16519,13395
2206,0,1557,12057,12057,16057,11325
2207,0,5009,15509,15509,18990,11118
2208,0,1487,11987,11987,39489,11967
2209,0,6577,17077,17077,20978,15273
2210,0,10497,20997,20997,20089,10760
2211,0,22924,38392,38392,18492,14748
2212,1,21752,38193,17566,38193,12685
2213,0,2115,12615,12615,13717,13857
2214,1,5795,16295,18842,16295,13712
2215,0,24521,37919,37919,11565,14340
2216,0,7030,17530,17530,39229,17867
2217,3,8773,19273,11935,35792,18777
2218,0,5491,15991,15991,35884,10682
2219,0,24922,35123,35123,36847,35929
2220,0,618,11118,11118,20605,18198
2221,0,24145,36074,36074,12765,35760
2222,0,8341,18841,18841,36471,18255
2223,0,7645,18145,18145,15354,17980
2224,0,24112,39267,39267,17523,20992
2225,0,3396,13896,13896,12881,14256
2226,0,1600,12100,12100,38862,19876
2227,0,24703,37524,37524,19777,18945
2228,22,10474,20974,15433,12288,17659
2229,1,1615,12115,18976,12115,15662
2230,0,1752,12252,12252,11021,35548
2231,0,22802,35291,35291,18616,11234
2232,0,2040,12540,12540,13542,15894
2233,0,2083,12583,12583,38017,12467
2234,2,8983,19483,37475,14173,19483
2235,0,21172,37907,37907,16796,12242
2236,0,6199,16699,16699,16276,12914
2237,0,24853,35335,35335,12078,36057
2238,0,9570,20070,20070,16568,13314
2239,0,23170,35857,35857,12006,38060
2240,0,5147,15647,15647,16284,11521
2241,0,21796,35769,35769,16879,19341
2242,0,675,11175,11175,36255,18238
2243,0,2545,13045,13045,17307,37571
2244,0,4371,14871,14871,17580,18473
2245,0,24296,37070,37070,35580,16898
2246,0,3999,14499,14499,37842,38795
2247,0,23060,38845,38845,39161,14816
2248,0,6014,16514,16514,38709,20750
2249,0,5096,15596,15596,38670,17712
2250,0,175,10675,10675,20902,14991
2251,0,22695,38882,38882,12543,14799
2252,0,2208,12708,12708,37820,19112
2253,0,3609,14109,14109,35290,39330
2254,1,25072,36323,17191,36323,36324
2255,44,24212,39352,36791,38794,39390
2256,0,3787,14287,14287,18027,35317
2257,0,22986,37074,37074,18252,35594
2258,0,24365,35279,35279,16970,14916
2259,0,6458,16958,16958,18290,11325
2260,0,2225,12725,12725,20169,37366
2261,0,3049,13549,13549,36300,17252
2262,1,296,10796,38073,10796,37361
2263,0,1126,11626,11626,11122,16187
2264,0,8414,18914,18914,10918,18776
2265,0,23991,38875,38875,19953,38844
2266,0,21498,36471,36471,17624,18990
2267,0,2441,12941,12941,36720,38336
2268,0,23443,37480,37480,36753,15309
2269,0,7033,17533,17533,20109,10892
2270,2,1322,11822,16526,12289,11822
2271,0,1603,12103,12103,37012,18556
2272,0,4210,14710,14710,37408,19996
2273,0,22284,38309,38309,12606,15958
2274,0,24734,37512,37512,13309,37368
2275,0,21896,35905,35905,38502,19854
2276,0,4065,14565,14565,35381,37735
2277,0,1294,11794,11794,39167,10886
2278,0,5007,15507,15507,20773,35686
2279,0,6069,16569,16569,18713,16722
2280,46,6386,16886,39469,10841,13050
2281,0,22206,38621,38621,15483,35989
2282,0,21294,37713,37713,37570,16703
2283,3,22557,38540,13980,20006,14483
2284,1,4071,14571,15803,14571,38692
2285,0,1507,12007,12007,14312,20288
2286,0,21315,36341,36341,36813,12778
2287,0,1559,12059,12059,14451,13456
2288,0,8904,19404,19404,13836,12038
2289,15,5577,16077,35190,17427,19191
2290,0,6860,17360,17360,20517,35418
2291,2,9666,20166,12561,14397,20166
2292,2,23165,37254,16619,11854,37254
2293,1,7744,18244,20727,18244,37211
2294,0,1836,12336,12336,36579,18031
2295,0,5611,16111,16111,16809,13383
2296,0,7660,18160,18160,16694,36047
2297,0,22073,35359,35359,14330,17244
2298,0,5335,15835,15835,15431,11968
2299,1,1354,11854,37254,11854,10905
2300,0,4141,14641,14641,17658,38336
2301,0,9030,19530,19530,35378,19292
2302,0,10278,20778,20778,14551,12504
2303,0,23274,37830,37830,38671,38841
2304,0,4844,15344,15344,39192,18234
2305,0,4723,15223,15223,13859,20301
2306,0,6260,16760,16760,14514,35643
2307,4,24770,38033,35472,38531,38158
2308,0,3280,13780,13780,18284,16331
2309,0,4032,14532,14532,37093,13345
2310,0,6720,17220,17220,37170,20222
2311,0,1235,11735,11735,16091,37514
2312,0,25173,38202,38202,12850,17930
2313,0,9597,20097,20097,38180,36405
2314,0,23187,35156,35156,15005,17738
2315,0,24533,37965,37965,17052,18045
2316,2,10200,20700,39517,18430,20700
2317,0,2251,12751,12751,20087,14823
2318,0,1025,11525,11525,38654,37545
2319,0,23063,36255,36255,11175,35659
2320,0,8396,18896,18896,17911,36169
2321,0,6649,17149,17149,35773,18382
2322,0,21034,38896,38896,17157,35422
2323,0,8074,18574,18574,17088,20515
2324,0,7019,17519,17519,17930,35922
2325,0,3397,13897,13897,35964,37668
2326,0,313,10813,10813,15110,17625
2327,1,636,11136,19140,11136,16117
2328,0,6149,16649,16649,13738,14162
2329,0,8574,19074,19074,13442,11849
2330,0,21727,35850,35850,38859,17443
2331,1,9571,20071,10841,20071,39469
2332,0,25103,37353,37353,18415,18233
2333,0,8086,18586,18586,13839,20572
2334,0,8066,18566,18566,36162,15511
2335,0,8131,18631,18631,19987,15514
2336,0,2970,13470,13470,13207,11120
2337,4,8473,18973,38855,10705,36176
2338,0,2584,13084,13084,16008,18312
2339,1,8639,19139,12722,19139,13281
2340,0,3885,14385,14385,14979,13709
2341,0,23970,39010,39010,12523,17930
2342,0,24851,37020,37020,20024,39302
2343,0,4771,15271,15271,15164,16429
2344,0,24991,38225,38225,10996,35507
2345,0,24837,35308,35308,18019,11117
2346,0,6697,17197,17197,15956,35385
2347,0,6942,17442,17442,38189,37970
2348,0,25383,35807,35807,13008,19647
2349,0,21927,37232,37232,38435,13644
2350,0,8689,19189,19189,19061,10769
2351,0,25322,36293,36293,35458,15539
2352,0,6058,16558,16558,35413,37881
2353,0,1840,12340,12340,12895,19627
2354,0,21691,38234,38234,18489,14055
2355,1,1564,12064,37249,12064,38815
2356,11,3673,14173,35130,36794,20101
2357,0,21214,35415,35415,16542,12056
2358,0,23647,37580,37580,15132,18948
2359,0,4698,15198,15198,35664,37264
2360,2,25415,39557,36932,39126,39557
2361,4,3320,13820,11481,18702,15113
2362,0,5192,15692,15692,17839,17386
2363,0,2272,12772,12772,35402,37933
2364,0,23952,38690,38690,16419,19736
2365,0,6157,16657,16657,13532,16522
2366,0,4254,14754,14754,17453,18818
2367,0,4773,15273,15273,20978,17077
2368,0,6575,17075,17075,35692,15676
2369,0,10087,20587,20587,20459,11835
2370,0,4709,15209,15209,37975,19664
2371,0,847,11347,11347,12141,11228
2372,0,7580,18080,18080,19849,17503
2373,0,5544,16044,16044,17828,13218
2374,0,5526,16026,16026,36456,15627
2375,0,838,11338,11338,10732,37363
2376,0,5461,15961,15961,18306,13901
2377,0,9809,20309,20309,12100,18746
2378,0,8545,19045,19045,19202,20811
2379,0,7457,17957,17957,13863,10901
2380,0,4597,15097,15097,20366,36443
2381,0,5916,16416,16416,38854,11504
2382,0,1417,11917,11917,19054,36480
2383,0,5785,16285,16285,14356,14743
2384,0,23465,37776,37776,13648,20259
2385,0,3848,14348,14348,37752,20197
2386,0,604,11104,11104,17845,17006
2387,0,9365,19865,19865,16982,16803
2388,0,23831,37775,37775,17461,11412
2389,0,2078,12578,12578,16822,14869
2390,0,9712,20212,20212,37398,20352
2391,0,2311,12811,12811,13765,14424
2392,0,9071,19571,19571,13970,11574
2393,0,4343,14843,14843,37500,37113
2394,0,1471,11971,11971,38389,14821
2395,0,1982,12482,12482,18356,16025
2396,0,8522,19022,19022,16179,17696
2397,0,4466,14966,14966,14459,11050
2398,0,199,10699,10699,16493,37927
2399,0,6676,17176,17176,35287,35378
2400,0,485,10985,10985,37946,19870
2401,0,3270,13770,13770,14551,36143
2402,0,4724,15224,15224,20776,17795
2403,0,5728,16228,16228,15161,14655
2404,0,2823,13323,13323,15226,15127
2405,0,4551,15051,15051,38470,16220
2406,1,24282,37600,18515,37600,11197
2407,1,5336,15836,18049,15836,16069
2408,0,3245,13745,13745,20194,35711
2409,0,4453,14953,14953,14755,11629
2410,0,10217,20717,20717,15738,35847
2411,10,5817,16317,39348,39472,18391
2412,0,10219,20719,20719,17635,20927
2413,1,3749,14249,18062,14249,35195
2414,0,2202,12702,12702,13864,11767
2415,0,8293,18793,18793,17991,20671
2416,3,23089,36816,16646,19543,39039
2417,0,2794,13294,13294,19772,16717
2418,0,7259,17759,17759,17493,17107
2419,0,22108,36839,36839,36308,36348
2420,0,23509,36595,36595,36679,11864
2421,0,524,11024,11024,36748,11096
2422,0,10499,20999,20999,19745,38675
2423,0,24344,38475,38475,19218,39457
2424,0,947,11447,11447,20232,12604
2425,0,23885,36151,36151,16641,19513
2426,0,24880,39249,39249,12679,13367
2427,0,23208,36456,36456,14487,16026
2428,1,1280,11780,20186,11780,16117
2429,1,9234,19734,36971,19734,19162
2430,0,122,10622,10622,12140,19708
2431,0,4366,14866,14866,36075,38790
2432,0,5885,16385,16385,17333,39265
2433,0,7068,17568,17568,13860,19274
2434,0,7917,18417,18417,13870,17104
2435,0,2302,12802,12802,38756,15676
2436,0,22132,38135,38135,11748,12270
2437,0,23179,38241,38241,17145,38515
2438,0,9414,19914,19914,17890,37158
2439,8,5820,16320,17993,13732,18492
2440,0,10311,20811,20811,19045,35888
2441,0,1005,11505,11505,19863,11310
2442,0,3460,13960,13960,16903,16010
2443,1,8211,18711,35551,18711,36806
2444,0,25148,37038,37038,35702,14972
2445,0,21227,38074,38074,13804,16130
2446,0,3055,13555,13555,17243,19487
2447,0,3566,14066,14066,13881,11326
2448,2,7066,17566,12685,12122,17566
2449,0,2132,12632,12632,12347,12937
2450,0,501,11001,11001,18902,19342
2451,0,25314,37875,37875,15929,16745
2452,0,3185,13685,13685,17071,18022
2453,0,6153,16653,16653,16477,13445
2454,0,8129,18629,18629,12090,15759
2455,0,229,10729,10729,37591,14257
2456,0,8881,19381,19381,36113,13372
2457,0,4001,14501,14501,39299,38777
2458,0,21333,36882,36882,38650,20098
2459,0,21603,38303,38303,39219,20405
2460,0,23222,35094,35094,19934,18207
2461,0,9202,19702,19702,12410,36926
2462,0,3007,13507,13507,36922,14449
2463,0,9383,19883,19883,17666,12039
2464,1,4587,15087,39083,15087,15537
2465,0,4221,14721,14721,19677,37070
2466,0,4305,14805,14805,16813,10977
2467,0,24128,39040,39040,16573,19489
2468,0,7571,18071,18071,12285,20896
2469,0,2750,13250,13250,14242,19494
2470,0,8992,19492,19492,20088,12356
2471,0,8857,19357,19357,39315,13485
2472,0,4376,14876,14876,15157,14069
2473,0,2944,13444,13444,38134,20135
2474,0,22963,35256,35256,19999,20151
2475,23,24434,39593,38292,17523,35978
2476,0,2718,13218,13218,20893,11303
2477,0,3362,13862,13862,13641,19806
2478,0,25411,35777,35777,35236,17786
2479,4,8459,18959,12604,17966,39235
2480,0,5824,16324,16324,19245,17616
2481,1,22645,36491,11635,36491,17963
2482,0,24524,39207,39207,39352,36045
2483,0,5230,15730,15730,16033,13813
2484,0,9792,20292,20292,37452,19492
2485,3,6746,17246,36896,20406,19315
2486,0,4161,14661,14661,12607,18454
2487,0,25381,37376,37376,37377,20817
2488,0,23846,36118,36118,16996,17015
2489,4,6878,17378,19935,10959,11600
2490,0,8608,19108,19108,37763,37196
2491,141,24875,38524,20451,19987,39268
2492,13,5322,15822,20731,15736,37293
2493,0,5561,16061,16061,18051,35212
2494,0,8928,19428,19428,13105,12663
2495,0,10298,20798,20798,38766,18037
2496,0,23688,37768,37768,12027,15218
2497,0,23259,37881,37881,11593,16558
2498,0,21970,36310,36310,14181,38769
2499,0,7463,17963,17963,36491,37165
2500,0,4867,15367,15367,20654,12756
2501,1,8742,19242,11324,19242,38006
2502,0,1017,11517,11517,18370,20083
2503,0,7949,18449,18449,17757,36795
2504,0,7646,18146,18146,39522,37645
2505,0,9627,20127,20127,14620,17753
2506,0,1928,12428,12428,16563,14058
2507,1,350,10850,38785,10850,20277
2508,0,6703,17203,17203,11716,36776
2509,11,25159,37789,39348,39472,16317
2510,0,223,10723,10723,16272,35247
2511,0,6030,16530,16530,16370,15262
2512,0,23651,38614,38614,38439,36283
2513,113,25045,37619,38302,35314,12839
2514,0,25006,38973,38973,14470,12719
2515,0,9174,19674,19674,15365,11663
2516,0,2500,13000,13000,17796,11783
2517,0,10328,20828,20828,39033,12163
2518,0,23039,35729,35729,36358,35308
2519,0,564,11064,11064,18893,13723
2520,3,1582,12082,36390,14432,15975
2521,0,5545,16045,16045,35832,13322
2522,0,2175,12675,12675,13610,15192
2523,0,9924,20424,20424,39519,11923
2524,0,25079,37048,37048,38968,39009
2525,0,21938,39564,39564,16359,16990
2526,1,3933,14433,20796,14433,37932
2527,0,23479,36538,36538,11630,36539
2528,0,2707,13207,13207,13470,37947
2529,0,22646,39408,39408,20227,39081
2530,0,9976,20476,20476,36562,11097
2531,0,5211,15711,15711,20197,20332
2532,0,23784,39179,39179,10975,12929
2533,21,9210,19710,20860,11017,39205
2534,0,21608,36520,36520,15148,19487
2535,0,3535,14035,14035,13591,37295
2536,0,8265,18765,18765,16081,17618
2537,0,23531,38994,38994,14427,35715
2538,0,2397,12897,12897,12215,20512
2539,0,6657,17157,17157,38896,37119
2540,0,3739,14239,14239,11817,12584
2541,0,21280,36295,36295,18956,11134
2542,0,821,11321,11321,35840,19064
2543,0,2063,12563,12563,19651,36196
2544,0,22341,38424,38424,37486,18097
2545,0,10120,20620,20620,17391,36126
2546,0,81,10581,10581,15697,18408
2547,0,5419,15919,15919,15659,20737
2548,0,23253,39226,39226,17640,17774
2549,0,21745,38491,38491,16704,35705
2550,0,9904,20404,20404,35341,38209
2551,22,2697,13197,15573,12809,18473
2552,0,831,11331,11331,12110,35942
2553,0,4574,15074,15074,37904,19217
2554,0,3826,14326,14326,38178,15331
2555,0,5924,16424,16424,38968,37048
2556,0,23909,35311,35311,18985,19855
2557,0,1397,11897,11897,12855,16742
2558,0,10251,20751,20751,14848,19857
2559,0,2833,13333,13333,20156,15958
2560,0,9921,20421,20421,36948,11552
2561,0,22080,38542,38542,13981,14118
2562,4,21574,38894,39348,16317,39472
2563,0,21342,37725,37725,20527,10845
2564,0,23716,37861,37861,37727,12160
2565,1,21635,36192,18013,36192,20150
2566,0,48,10548,10548,38314,16735
2567,0,9156,19656,19656,13575,18439
2568,0,8550,19050,19050,39011,12603
2569,0,24712,37488,37488,38443,11026
2570,0,6512,17012,17012,17870,18223
2571,0,21787,36030,36030,11019,15339
2572,36,7335,17835,20187,37581,38374
2573,0,21440,35835,35835,17868,35606
2574,0,6357,16857,16857,17146,13882
2575,0,4095,14595,14595,38616,14990
2576,70,2689,13189,38345,15321,37859
2577,0,1189,11689,11689,36045,39352
2578,1,24437,36076,39346,36076,36077
2579,0,4845,15345,15345,13504,12596
2580,0,5210,15710,15710,36381,17525
2581,0,3990,14490,14490,11496,14525
2582,0,2373,12873,12873,19876,37923
2583,0,23968,35633,35633,18320,17602
2584,0,5676,16176,16176,13100,37866
2585,0,22127,36632,36632,20057,20282
2586,0,2758,13258,13258,35489,16730
2587,0,9936,20436,20436,36158,15766
2588,0,6607,17107,17107,17759,17417
2589,0,9747,20247,20247,15769,20669
2590,0,9639,20139,20139,11762,38681
2591,0,2488,12988,12988,14127,18092
2592,37,2579,13079,12571,37165,19203
2593,1,22099,37333,13261,37333,15290
2594,0,21622,36727,36727,36728,17221
2595,0,3880,14380,14380,15084,35933
2596,0,23475,39055,39055,14790,16590
2597,0,8854,19354,19354,15506,17267
2598,0,9527,20027,20027,12968,10958
2599,0,4934,15434,15434,14705,18217
2600,0,24051,38365,38365,39043,19348
2601,0,8145,18645,18645,38109,39419
2602,0,2209,12709,12709,15895,20836
2603,0,5235,15735,15735,18467,14214
2604,0,3945,14445,14445,15780,19258
2605,0,22104,36411,36411,38603,15539
2606,0,9694,20194,20194,35711,13745
2607,0,2164,12664,12664,35946,19201
2608,0,2886,13386,13386,20415,19101
2609,0,7852,18352,18352,16973,13927
2610,0,21501,35414,35414,15168,15212
2611,6,24551,39500,36272,16956,20892
2612,0,516,11016,11016,15752,38579
2613,0,22765,36261,36261,18504,18664
2614,0,23667,36737,36737,15261,17041
2615,0,5666,16166,16166,14889,19155
2616,0,172,10672,10672,16528,12533
2617,0,639,11139,11139,13623,17369
2618,1,9863,20363,19272,20363,20098
2619,0,8935,19435,19435,15356,16483
2620,0,21841,38995,38995,14393,19289
2621,0,7690,18190,18190,19396,15902
2622,0,5065,15565,15565,11166,20662
2623,3,1143,11643,36384,17222,17362
2624,0,23545,35363,35363,13342,20641
2625,0,23718,38259,38259,35485,37157
2626,0,22540,37147,37147,17412,37146
2627,0,9946,20446,20446,13943,18193
2628,0,1832,12332,12332,37210,35316
2629,0,22157,39375,39375,20317,20030
2630,0,8862,19362,19362,12280,14784
2631,0,3686,14186,14186,20458,38834
2632,2,6227,16727,11685,39064,16727
2633,0,5700,16200,16200,11243,13739
2634,1,23766,35940,18082,35940,19218
2635,0,22346,38169,38169,36442,15447
2636,0,4537,15037,15037,38596,13942
2637,0,3515,14015,14015,15369,16757
2638,0,9668,20168,20168,14706,15898
2639,5,834,11334,19806,36390,13641
2640,0,2486,12986,12986,15304,19001
2641,0,24037,36553,36553,37537,16984
2642,0,8539,19039,19039,13528,17043
2643,0,9286,19786,19786,37427,12634
2644,1,22791,37391,35547,37391,15443
2645,0,21357,37823,37823,10671,16504
2646,0,9316,19816,19816,17500,13778
2647,0,5467,15967,15967,38113,17970
2648,1,4915,15415,36994,15415,37471
2649,0,65,10565,10565,16279,16436
2650,0,8037,18537,18537,17444,37281
2651,0,8405,18905,18905,17202,39568
2652,0,21926,37665,37665,16115,20167
2653,0,2024,12524,12524,36688,38847
2654,0,1872,12372,12372,36817,17608
2655,0,354,10854,10854,36463,12996
2656,0,5360,15860,15860,35890,11977
2657,0,1767,12267,12267,17125,19088
2658,0,23703,36983,36983,39256,11801
2659,0,9394,19894,19894,19780,15487
2660,0,6405,16905,16905,11922,18833
2661,0,4762,15262,15262,16530,16370
2662,1,1164,11664,11454,11664,18147
2663,0,24230,36732,36732,12963,13145
2664,0,22481,37782,37782,17019,37479
2665,0,3395,13895,13895,12488,19326
2666,1,8285,18785,35318,18785,13203
2667,0,22683,37297,37297,13224,16143
2668,0,4568,15068,15068,13688,37806
2669,0,9308,19808,19808,11601,16668
2670,0,3127,13627,13627,13450,19416
2671,0,25194,38176,38176,37966,36876
2672,0,6946,17446,17446,35620,17475
2673,0,309,10809,10809,35721,38219
2674,5,7203,17703,20137,19282,39141
2675,0,8593,19093,19093,14634,15335
2676,0,25149,38679,38679,15393,17122
2677,2,23142,35223,20713,38066,35223
2678,0,23339,36211,36211,35712,13278
2679,0,4354,14854,14854,13734,18052
2680,0,8893,19393,19393,36241,20948
2681,0,10444,20944,20944,15888,38876
2682,0,8204,18704,18704,37484,11681
2683,0,3587,14087,14087,11014,16675
2684,0,7223,17723,17723,12743,14762
2685,0,2583,13083,13083,12785,16226
2686,0,7420,17920,17920,15137,11076
2687,1,2770,13270,20204,13270,10769
2688,0,4812,15312,15312,19895,20874
2689,1,24720,35376,18502,35376,13692
2690,0,10203,20703,20703,38499,37890
2691,0,5087,15587,15587,13265,36802
2692,0,324,10824,10824,12927,19312
2693,1,5171,15671,20691,15671,12768
2694,1,5648,16148,17460,16148,14822
2695,0,6743,17243,17243,13555,17360
2696,0,3209,13709,13709,38306,15245
2697,0,9307,19807,19807,13784,18105
2698,0,3905,14405,14405,16368,19580
2699,0,21607,36955,36955,14196,36627
2700,0,1292,11792,11792,13104,14790
2701,0,5638,16138,16138,14507,17027
2702,0,22617,39027,39027,20461,15591
2703,0,8499,18999,18999,36779,37836
2704,0,8899,19399,19399,10949,36033
2705,0,2379,12879,12879,13506,14086
2706,0,10431,20931,20931,18486,37647
2707,0,9497,19997,19997,37955,39233
2708,0,3634,14134,14134,38239,36581
2709,0,4169,14669,14669,20954,17986
2710,0,8687,19187,19187,38158,14350
2711,0,6658,17158,17158,37469,39522
2712,0,21359,37345,37345,17653,15337
2713,0,23272,39309,39309,17968,13725
2714,0,3428,13928,13928,14159,19911
2715,0,4421,14921,14921,15074,37300
2716,0,1101,11601,11601,19808,16668
2717,0,25397,37387,37387,11433,38021
2718,0,7900,18400,18400,10707,39035
2719,0,22002,38901,38901,39202,15233
2720,0,3250,13750,13750,36430,11516
2721,0,4409,14909,14909,17913,38956
2722,0,4140,14640,14640,17314,10997
2723,6,3557,14057,19945,37619,12058
2724,0,709,11209,11209,15796,37547
2725,0,118,10618,10618,19790,14485
2726,10,2022,12522,16660,15565,17920
2727,0,4598,15098,15098,16846,16953
2728,0,7286,17786,17786,15507,35777
2729,0,6130,16630,16630,36764,10906
2730,0,22863,35541,35541,35904,35826
2731,0,6952,17452,17452,12054,20239
2732,0,25488,38091,38091,39159,19359
2733,1,2374,12874,11074,12874,39241
2734,0,23565,39043,39043,38365,19986
2735,0,21124,35341,35341,20404,18198
2736,0,9354,19854,19854,36966,14906
2737,0,5227,15727,15727,14125,17434
2738,1,21266,36402,37821,36402,20353
2739,0,6606,17106,17106,11039,16426
2740,37,4681,15181,11854,10905,37254
2741,0,22854,38285,38285,16845,36861
2742,0,8375,18875,18875,18404,13870
2743,0,5003,15503,15503,14270,36194
2744,0,9363,19863,19863,16556,13952
2745,0,22873,37517,37517,16932,37516
2746,0,10354,20854,20854,20127,19820
2747,0,4273,14773,14773,20193,16501
2748,0,5739,16239,16239,12792,36909
2749,0,23829,37193,37193,35797,13998
2750,0,9115,19615,19615,36529,19407
2751,0,24478,38333,38333,35714,38574
2752,0,5470,15970,15970,15228,17651
2753,0,5816,16316,16316,17027,14507
2754,0,1158,11658,11658,17735,19952
2755,0,21117,37953,37953,10687,10609
2756,0,8892,19392,19392,39097,11603
2757,0,87,10587,10587,35721,16711
2758,0,7702,18202,18202,35610,35433
2759,2,3382,13882,37814,15200,13882
2760,0,23332,38026,38026,16342,11330
2761,0,25495,36082,36082,38446,13278
2762,0,403,10903,10903,18179,16968
2763,1,21690,39194,37289,39194,16418
2764,0,3350,13850,13850,35379,35285
2765,0,23286,37076,37076,14105,18845
2766,0,7591,18091,18091,14154,10686
2767,0,23835,39533,39533,36996,18576
2768,0,6378,16878,16878,35973,16118
2769,0,2241,12741,12741,20031,12887
2770,1,23209,35270,37694,35270,36113
2771,0,6552,17052,17052,18045,37965
2772,0,7559,18059,18059,39160,38326
2773,0,21316,38233,38233,35516,12417
2774,7,6310,16810,11429,13544,12762
2775,0,1027,11527,11527,18889,14197
2776,0,24765,39324,39324,18026,20780
2777,1,3803,14303,18443,14303,17321
2778,2,5517,16017,39301,10788,16017
2779,5,2436,12936,17136,14590,35616
2780,0,4689,15189,15189,15954,12002
2781,0,10124,20624,20624,16832,38840
2782,0,5298,15798,15798,18853,14185
2783,0,1278,11778,11778,11431,17602
2784,0,9236,19736,19736,11306,38690
2785,1,6856,17356,16117,17356,20186
2786,0,2042,12542,12542,36221,38825
2787,0,24939,39206,39206,37564,17835
2788,0,6654,17154,17154,35363,14133
2789,0,6074,16574,16574,19880,19584
2790,0,5157,15657,15657,13951,11475
2791,0,1425,11925,11925,36042,18197
2792,0,5027,15527,15527,15777,16765
2793,0,5281,15781,15781,38777,13867
2794,0,9216,19716,19716,12262,18626
2795,0,1502,12002,12002,35455,20197
2796,2,22726,39205,12424,39420,39205
2797,0,21766,37439,37439,15201,13451
2798,0,22967,36869,36869,17067,15325
2799,0,9675,20175,20175,13389,18686
2800,0,25255,37462,37462,12513,14685
2801,0,6064,16564,16564,13226,38206
2802,0,678,11178,11178,15047,15190
2803,0,6673,17173,17173,18659,20912
2804,0,5851,16351,16351,11799,16773
2805,1,7194,17694,38915,17694,12862
2806,0,10414,20914,20914,17996,12600
2807,1,5265,15765,10866,15765,12865
2808,0,7551,18051,18051,35212,16061
2809,0,24785,37929,37929,15602,16768
2810,0,22435,35662,35662,16418,18595
2811,0,5053,15553,15553,10762,36828
2812,2,5215,15715,15433,35355,15715
2813,0,1850,12350,12350,16672,13777
2814,0,6522,17022,17022,17940,13467
2815,0,1070,11570,11570,13304,11219
2816,0,7934,18434,18434,19405,11961
2817,0,6784,17284,17284,16057,19857
2818,0,7406,17906,17906,36875,11297
2819,0,2480,12980,12980,38746,13960
2820,0,23774,37055,37055,20570,37036
2821,0,3392,13892,13892,37764,38025
2822,0,1099,11599,11599,20619,17888
2823,0,5484,15984,15984,20520,19556
2824,0,9103,19603,19603,12161,13010
2825,1,21055,36200,20625,36200,17011
2826,0,418,10918,10918,37888,13051
2827,0,9469,19969,19969,14747,20155
2828,1,5819,16319,20511,16319,13280
2829,0,7890,18390,18390,19405,11961
2830,0,1947,12447,12447,35712,36427
2831,23,8450,18950,17100,16077,36853
2832,0,3336,13836,13836,19404,36949
2833,0,2299,12799,12799,15480,38551
2834,0,9162,19662,19662,17767,15296
2835,0,24570,35501,35501,38903,35361
2836,0,23812,39263,39263,38484,17177
2837,0,208,10708,10708,17052,17381
2838,0,8288,18788,18788,19067,35519
2839,0,3682,14182,14182,37158,20395
2840,0,21099,38274,38274,20136,20850
2841,0,8222,18722,18722,13094,38340
2842,0,23488,39166,39166,15259,38048
2843,0,528,11028,11028,20040,35861
2844,1,5329,15829,37540,15829,20712
2845,0,779,11279,11279,12118,10779
2846,0,722,11222,11222,18493,14365
2847,0,7428,17928,17928,12982,14997
2848,0,9511,20011,20011,12951,35623
2849,0,7313,17813,17813,19267,11992
2850,1,1860,12360,37734,12360,35218
2851,0,21666,37314,37314,19326,17876
2852,3,22418,38935,18611,17888,17152
2853,0,25237,37296,37296,37082,36976
2854,0,24902,38209,38209,13053,11622
2855,0,1992,12492,12492,17135,11057
2856,0,2332,12832,12832,38755,36425
2857,1,10324,20824,38013,20824,38513
2858,7,6339,16839,14812,12403,19888
2859,2,9913,20413,36563,18589,20413
2860,0,22318,38307,38307,14230,17189
2861,0,6117,16617,16617,17591,19303
2862,0,3459,13959,13959,38658,12128
2863,0,7614,18114,18114,36224,38152
2864,0,6567,17067,17067,36869,17980
2865,0,21847,35862,35862,10628,37323
2866,0,8297,18797,18797,14502,20967
2867,1,21902,36360,14994,36360,39485
2868,0,9336,19836,19836,13149,13798
2869,20,5492,15992,18595,11165,16364
2870,0,22254,38106,38106,37618,19320
2871,0,4518,15018,15018,39251,12717
2872,1,24108,35585,11654,35585,17780
2873,1,8197,18697,10982,18697,16724
2874,0,5138,15638,15638,14138,35590
2875,0,6755,17255,17255,16141,16823
2876,0,21460,35789,35789,14884,16865
2877,0,22773,38722,38722,13727,16717
2878,0,257,10757,10757,38305,11370
2879,4,23956,39543,38510,20202,15333
2880,0,21312,37824,37824,14918,17368
2881,0,25339,37516,37516,19671,37517
2882,2,21198,36555,13030,19458,36555
2883,0,6931,17431,17431,11052,35535
2884,0,9601,20101,20101,16022,36794
2885,0,21369,38974,38974,12867,36822
2886,0,3625,14125,14125,15727,20956
2887,0,702,11202,11202,38444,14012
2888,0,3189,13689,13689,18433,19950
2889,0,503,11003,11003,12822,11563
2890,1,23202,36378,15213,36378,15866
2891,0,25366,37826,37826,20867,18848
2892,0,5441,15941,15941,12571,15383
2893,0,2556,13056,13056,20064,20632
2894,1,848,11348,19789,11348,14951
2895,0,2248,12748,12748,17969,14048
2896,0,5616,16116,16116,14727,12673
2897,0,9452,19952,19952,20452,19217
2898,0,372,10872,10872,19135,13292
2899,1,21805,37883,13190,37883,12690
2900,0,5317,15817,15817,17727,15986
2901,2,23416,35218,12360,37734,35218
2902,0,5487,15987,15987,36001,38604
2903,1,5303,15803,14571,15803,38692
2904,0,4052,14552,14552,14984,14830
2905,0,3937,14437,14437,16250,11563
2906,0,6252,16752,16752,15739,38930
2907,0,23075,39434,39434,20685,35635
2908,0,9546,20046,20046,39217,13208
2909,0,23384,36821,36821,20955,35781
2910,0,21030,37156,37156,15134,11672
2911,1,4076,14576,15617,14576,14044
2912,0,997,11497,11497,19071,20129
2913,0,4332,14832,14832,15432,38167
2914,0,8610,19110,19110,19027,38670
2915,0,1176,11676,11676,16807,16147
2916,0,21911,39125,39125,35165,35102
2917,0,551,11051,11051,20303,11485
2918,0,4840,15340,15340,18341,36270
2919,0,23366,37033,37033,17064,36755
2920,2,4372,14872,17503,10692,14872
2921,0,3497,13997,13997,36654,16722
2922,0,24121,39466,39466,37837,18934
2923,1,25151,39168,16249,39168,12024
2924,0,25022,39383,39383,36380,37710
2925,0,1407,11907,11907,20767,12791
2926,0,23906,37068,37068,19197,18881
2927,1,22906,37198,38805,37198,15704
2928,0,5176,15676,15676,12802,17075
2929,26,5829,16329,39162,19637,16825
2930,0,6062,16562,16562,13885,18541
2931,0,7792,18292,18292,17381,12802
2932,0,21650,37444,37444,11131,15630
2933,0,6775,17275,17275,38994,14427
2934,0,3588,14088,14088,35180,36263
2935,0,22152,39289,39289,10836,13724
2936,0,10266,20766,20766,36705,15412
2937,0,693,11193,11193,18283,14802
2938,0,2533,13033,13033,20305,37610
2939,0,5011,15511,15511,18566,20989
2940,0,3443,13943,13943,20446,20404
2941,0,982,11482,11482,35448,15805
2942,0,9372,19872,19872,11327,14827
2943,0,5943,16443,16443,15574,36458
2944,0,24377,38725,38725,12276,15708
2945,0,4222,14722,14722,35544,18651
2946,0,91,10591,10591,20506,10935
2947,1,5652,16152,36128,16152,19609
2948,0,2266,12766,12766,20801,37837
2949,0,21182,35317,35317,15762,35898
2950,0,8031,18531,18531,17730,16531
2951,0,9512,20012,20012,38699,13240
2952,0,9573,20073,20073,38718,12724
2953,0,261,10761,10761,16172,20540
2954,0,21462,39253,39253,15235,35115
2955,0,3337,13837,13837,19601,37248
2956,1,5497,15997,35367,15997,18908
2957,2,21880,39386,16648,11159,39386
2958,0,4016,14516,14516,38754,20443
2959,0,3626,14126,14126,19947,20456
2960,0,22472,35157,35157,15712,16149
2961,0,445,10945,10945,16413,20693
2962,0,6752,17252,17252,38684,18506
2963,2,5111,15611,17056,38232,15611
2964,0,5965,16465,16465,37413,15152
2965,1,3555,14055,18489,14055,38234
2966,0,2194,12694,12694,38489,38247
2967,0,9598,20098,20098,13197,19272
2968,0,7338,17838,17838,20856,35522
2969,3,22850,37410,14430,16615,20325
2970,0,3367,13867,13867,39474,14501
2971,0,9952,20452,20452,19952,19631
2972,0,2867,13367,13367,12679,39249
2973,0,2526,13026,13026,36737,11353
2974,0,24773,36677,36677,13387,19408
2975,0,7563,18063,18063,14029,14993
2976,18,8291,18791,36325,38817,36083
2977,0,10223,20723,20723,14678,19377
2978,0,1168,11668,11668,17140,13283
2979,0,4144,14644,14644,38012,13725
2980,0,5149,15649,15649,19162,14822
2981,0,84,10584,10584,36844,37584
2982,1,3149,13649,13272,13649,17539
2983,0,23026,37222,37222,13827,18278
2984,0,880,11380,11380,35250,13229
2985,0,6747,17247,17247,16864,11523
2986,2,23331,38959,17930,17051,38959
2987,0,6535,17035,17035,18894,36625
2988,0,21051,38927,38927,17931,17480
2989,0,9056,19556,19556,12651,35683
2990,0,1467,11967,11967,35234,19308
2991,0,23349,35530,35530,14029,12741
2992,0,5641,16141,16141,17255,13939
2993,0,6537,17037,17037,15154,37607
2994,0,9418,19918,19918,35754,10935
2995,0,452,10952,10952,37167,18630
2996,0,4326,14826,14826,35838,38400
2997,0,4044,14544,14544,20530,20641
2998,0,21747,36169,36169,18896,17525
2999,0,4137,14637,14637,20323,37321
3000,0,3039,13539,13539,15395,14685
3001,5,9096,19596,36609,18023,36492
3002,0,22383,37868,37868,18640,37959
3003,0,8413,18913,18913,17897,39453
3004,0,5825,16325,16325,36173,16543
3005,0,7796,18296,18296,18253,20036
3006,0,579,11079,11079,17014,16600
3007,0,5236,15736,15736,18376,36754
3008,0,6571,17071,17071,13685,18022
3009,0,10493,20993,20993,11255,36024
3010,0,7174,17674,17674,20050,16046
3011,0,7467,17967,17967,13141,14954
3012,1,22366,35598,38048,35598,14260
3013,3,9922,20422,39241,38744,35886
3014,0,24133,35620,35620,17446,17475
3015,0,5587,16087,16087,13843,39351
3016,2,21150,36371,18805,18819,36371
3017,0,2467,12967,12967,14414,20897
3018,0,4157,14657,14657,36729,37267
3019,5,6349,16849,19311,14771,16539
3020,0,9176,19676,19676,19041,10641
3021,1,413,10913,37237,10913,15210
3022,0,402,10902,10902,36599,39077
3023,0,4428,14928,14928,35535,17431
3024,0,2084,12584,12584,37969,11817
3025,0,3057,13557,13557,10558,20973
3026,0,22388,37641,37641,37195,35677
3027,0,22840,35792,35792,11935,17612
3028,7,7060,17560,20137,39141,17268
3029,0,164,10664,10664,37050,35602
3030,0,8692,19192,19192,37302,12850
3031,0,10044,20544,20544,13670,12376
3032,0,22214,37985,37985,36331,38104
3033,0,4302,14802,14802,11193,13499
3034,0,23591,37547,37547,38083,16048
3035,0,24561,35773,35773,35460,12501
3036,0,3317,13817,13817,36576,38997
3037,0,25326,36600,36600,35545,35506
3038,0,9941,20441,20441,13268,36727
3039,0,3934,14434,14434,38333,14921
3040,0,6851,17351,17351,36345,10771
3041,0,1847,12347,12347,12632,12937
3042,0,22718,36844,36844,10584,37584
3043,0,1334,11834,11834,36514,19532
3044,0,22186,36092,36092,17472,35358
3045,0,23364,37822,37822,15797,17762
3046,0,10296,20796,20796,14433,37932
3047,0,8807,19307,19307,38764,36997
3048,0,753,11253,11253,14858,35446
3049,2,3064,13564,36374,35475,13564
3050,0,22483,37594,37594,13357,11698
3051,0,6997,17497,17497,18969,13829
3052,1,7536,18036,14371,18036,12180
3053,0,22722,36219,36219,16979,38454
3054,0,706,11206,11206,36230,35168
3055,0,3491,13991,13991,13747,13541
3056,0,9575,20075,20075,36035,14307
3057,0,25379,38157,38157,11659,39268
3058,0,4573,15073,15073,11974,10665
3059,0,24179,36208,36208,20377,36207
3060,0,7054,17554,17554,12908,20458
3061,0,5580,16080,16080,18556,37012
3062,1,24032,37233,13404,37233,10807
3063,0,6840,17340,17340,37897,36152
3064,0,3151,13651,13651,13847,20880
3065,0,23974,38968,38968,37048,16424
3066,0,6523,17023,17023,19597,19372
3067,0,21358,39437,39437,39486,38122
3068,2,3799,14299,19204,18822,14299
3069,0,4022,14522,14522,16844,16175
3070,0,8871,19371,19371,14845,37600
3071,0,1074,11574,11574,19571,14213
3072,0,10020,20520,20520,36158,15984
3073,0,10383,20883,20883,14483,35861
3074,0,3438,13938,13938,37088,37801
3075,0,22204,38964,38964,38937,10850
3076,0,22778,38010,38010,18218,19206
3077,0,9962,20462,20462,18859,10800
3078,0,2429,12929,12929,39179,16735
3079,0,246,10746,10746,20347,16738
3080,0,3815,14315,14315,16129,11475
3081,0,22263,35715,35715,38994,14427
3082,4,3632,14132,36875,17906,13150
3083,0,9990,20490,20490,18809,19152
3084,24,2262,12762,13075,16810,38422
3085,0,2246,12746,12746,39101,38578
3086,0,835,11335,11335,12669,11110
3087,0,5064,15564,15564,36383,36415
3088,0,6202,16702,16702,17581,37113
3089,0,432,10932,10932,17070,13342
3090,0,7960,18460,18460,16606,35928
3091,0,1173,11673,11673,16912,11128
3092,0,8374,18874,18874,14074,20521
3093,0,6437,16937,16937,16820,16827
3094,0,8823,19323,19323,20173,35926
3095,0,4656,15156,15156,17806,20133
3096,0,8654,19154,19154,37936,36274
3097,1,5289,15789,18755,15789,36142
3098,65,3757,14257,38524,14824,36390
3099,2,10061,20561,12146,18286,20561
3100,0,9880,20380,20380,10995,20570
3101,0,250,10750,10750,17273,11661
3102,0,7671,18171,18171,16354,13548
3103,0,21118,39273,39273,14263,10537
3104,0,7334,17834,17834,12550,38652
3105,1,24318,37514,37784,37514,12440
3106,0,7952,18452,18452,18242,14155
3107,0,8018,18518,18518,20028,20612
3108,0,24684,38803,38803,17866,20215
3109,0,3407,13907,13907,16468,10659
3110,0,2729,13229,13229,11190,11380
3111,0,22026,39447,39447,18044,37062
3112,0,8948,19448,19448,20345,15755
3113,1,433,10933,39571,10933,13319
3114,0,25168,36699,36699,37092,16489
3115,0,7422,17922,17922,15608,39030
3116,0,7592,18092,18092,20744,12988
3117,0,21846,35920,35920,19372,13317
3118,0,23016,38238,38238,17429,19406
3119,0,23868,39089,39089,38557,17194
3120,0,24115,39167,39167,37932,37100
3121,0,21230,38058,38058,20119,15977
3122,0,23787,38499,38499,20703,16501
3123,0,25236,35763,35763,16155,17210
3124,0,5629,16129,16129,14315,11097
3125,0,4002,14502,14502,18797,14060
3126,4,10455,20955,19181,36821,13831
3127,0,4753,15253,15253,20033,39210
3128,1,1332,11832,12703,11832,19826
3129,0,9854,20354,20354,18754,38697
3130,0,8101,18601,18601,15637,18339
3131,4,4196,14696,12852,11496,36036
3132,0,1443,11943,11943,38334,36143
3133,0,3681,14181,14181,36310,38769
3134,0,25390,36661,36661,14776,38681
3135,0,4310,14810,14810,36840,14840
3136,11,7448,17948,36725,11308,17034
3137,0,4899,15399,15399,11187,18576
3138,0,8272,18772,18772,10819,17879
3139,0,3985,14485,14485,10618,20265
3140,0,23260,39171,39171,37160,12766
3141,24,24088,37932,12687,36342,14052
3142,0,21528,36410,36410,15976,11164
3143,0,8784,19284,19284,17785,35349
3144,1,2569,13069,37930,13069,37129
3145,0,22161,35306,35306,16331,20918
3146,0,4277,14777,14777,16620,20581
3147,0,3666,14166,14166,38196,38102
3148,0,24612,36369,36369,37683,17840
3149,0,24005,39451,39451,13418,14170
3150,0,2446,12946,12946,37720,14617
3151,0,6821,17321,17321,16539,38554
3152,0,24878,37729,37729,35283,15973
3153,0,6520,17020,17020,36088,14140
3154,0,5802,16302,16302,16925,13931
3155,0,3657,14157,14157,37976,19545
3156,0,23241,38037,38037,18052,39216
3157,0,23218,36682,36682,38890,35564
3158,0,3172,13672,13672,18679,13197
3159,0,1223,11723,11723,15249,38752
3160,0,7272,17772,17772,14982,20044
3161,0,3639,14139,14139,17405,17733
3162,0,4166,14666,14666,18470,15263
3163,0,544,11044,11044,13772,13725
3164,2,1204,11704,35333,11720,11704
3165,0,25184,37511,37511,35449,19169
3166,0,8816,19316,19316,20514,16412
3167,1,23240,38261,15917,38261,14436
3168,0,7242,17742,17742,15209,19467
3169,7,2637,13137,20357,36620,37224
3170,0,25269,39119,39119,35142,11928
3171,0,8839,19339,19339,39516,37115
3172,0,25272,37993,37993,18516,17918
3173,0,23841,37909,37909,18346,39207
3174,0,6758,17258,17258,18810,16671
3175,0,22038,37674,37674,36694,36460
3176,0,7838,18338,18338,35989,18700
3177,0,877,11377,11377,18481,17889
3178,3,22372,36960,35226,37724,16616
3179,0,196,10696,10696,19577,39214
3180,0,21202,39213,39213,13810,12238
3181,0,3383,13883,13883,18835,10828
3182,0,4379,14879,14879,11492,12610
3183,0,22124,37312,37312,12511,18623
3184,0,23033,35315,35315,35117,13308
3185,0,2997,13497,13497,20674,17110
3186,0,3908,14408,14408,16329,15740
3187,0,2571,13071,13071,38835,16816
3188,0,7688,18188,18188,10769,39299
3189,0,1755,12255,12255,16739,14809
3190,0,6496,16996,16996,17015,36118
3191,0,25112,37536,37536,13416,13740
3192,0,24683,38658,38658,13959,12128
3193,0,22942,38960,38960,11521,19791
3194,0,5721,16221,16221,19801,37566
3195,0,6443,16943,16943,14303,10518
3196,0,24588,38738,38738,36638,35528
3197,2,4969,15469,36229,19146,15469
3198,0,6964,17464,17464,13983,19721
3199,2,6814,17314,17208,10997,17314
3200,0,6479,16979,16979,36219,18836
3201,0,4711,15211,15211,14122,13008
3202,1,4163,14663,14563,14663,13405
3203,0,24948,37196,37196,19108,37763
3204,0,9084,19584,19584,17299,11838
3205,0,25452,35831,35831,36335,37098
3206,0,21013,36985,36985,12579,11741
3207,3,2682,13182,20080,18933,16395
3208,6,23273,38556,17611,35316,19545
3209,0,2508,13008,13008,11392,17683
3210,0,8075,18575,18575,13729,12681
3211,0,1510,12010,12010,18612,37450
3212,0,4314,14814,14814,36050,20214
3213,210,9445,19945,35314,20726,12839
3214,0,8483,18983,18983,38952,39581
3215,0,5356,15856,15856,35107,38948
3216,0,6639,17139,17139,16535,12651
3217,0,5972,16472,16472,19445,38377
3218,1,1244,11744,15927,11744,14511
3219,0,3734,14234,14234,13510,13137
3220,25,8863,19363,19391,38509,10980
3221,0,24164,37821,37821,36402,20353
3222,0,4121,14621,14621,35172,13508
3223,0,24838,37389,37389,39528,13645
3224,1,4995,15495,39443,15495,13309
3225,0,23057,35438,35438,12859,39537
3226,0,8318,18818,18818,14754,17453
3227,136,1876,12376,15354,14509,38741
3228,0,24636,39301,39301,35554,11027
3229,0,5262,15762,15762,20031,37589
3230,0,254,10754,10754,18148,17882
3231,0,8146,18646,18646,12605,37773
3232,0,4511,15011,15011,38521,37502
3233,0,9266,19766,19766,39159,19480
3234,0,5159,15659,15659,15919,37985
3235,0,24495,36959,36959,11191,38566
3236,1,7764,18264,14447,18264,17492
3237,0,759,11259,11259,37322,12458
3238,0,5481,15981,15981,38089,12537
3239,0,654,11154,11154,12894,17966
3240,0,5297,15797,15797,19299,37433
3241,0,9386,19886,19886,12153,17177
3242,0,5812,16312,16312,17283,36886
3243,0,5288,15788,15788,20768,37533
3244,0,2892,13392,13392,11036,15387
3245,0,3401,13901,13901,39163,15961
3246,0,7626,18126,18126,19986,36418
3247,0,5636,16136,16136,16104,36890
3248,0,1420,11920,11920,36578,12643
3249,111,3044,13544,12052,12175,10863
3250,0,2830,13330,13330,16552,15297
3251,0,23439,35756,35756,38767,38530
3252,1,328,10828,11813,10828,39453
3253,0,10480,20980,20980,18269,11201
3254,0,253,10753,10753,36924,39144
3255,0,22189,38125,38125,16653,16477
3256,0,7318,17818,17818,13130,11435
3257,4,6159,16659,11919,10726,10755
3258,0,5323,15823,15823,17467,14482
3259,0,8665,19165,19165,37176,17827
3260,0,21890,35749,35749,19787,20973
3261,0,4377,14877,14877,38439,38614
3262,0,6022,16522,16522,11748,16657
3263,0,5092,15592,15592,14797,39333
3264,1,9257,19757,13759,19757,11158
3265,0,5377,15877,15877,38319,39582
3266,0,3019,13519,13519,10970,36037
3267,0,3029,13529,13529,16667,18494
3268,0,9740,20240,20240,13572,13259
3269,0,2636,13136,13136,37213,11864
3270,6,21209,37771,16094,39463,17924
3271,1,9532,20032,19266,20032,16667
3272,0,1131,11631,11631,17030,35656
3273,0,3018,13518,13518,16019,14016
3274,0,2945,13445,13445,16653,38125
3275,0,3659,14159,14159,19911,35446
3276,2,23859,38371,16030,35565,38371
3277,128,24799,35485,18857,35215,16859
3278,0,21918,36390,36390,11371,16487
3279,0,8703,19203,19203,19211,35998
3280,0,2663,13163,13163,11536,37130
3281,0,24510,38330,38330,10778,10942
3282,0,5378,15878,15878,38601,10682
3283,0,8359,18859,18859,18416,38988
3284,0,1362,11862,11862,20254,13341
3285,0,7180,17680,17680,35445,36216
3286,0,25456,35340,35340,11651,16732
3287,0,5533,16033,16033,15730,13813
3288,0,3481,13981,13981,19877,38542
3289,1,22476,39045,20164,39045,15709
3290,0,6255,16755,16755,37008,12334
3291,0,23976,37637,37637,11999,37599
3292,0,8747,19247,19247,39261,16038
3293,7,21215,37302,12850,39090,38202
3294,0,5112,15612,15612,20650,15266
3295,1,5940,16440,14084,16440,16250
3296,0,7981,18481,18481,11377,17889
3297,2,24819,35985,38077,35986,35985
3298,0,10144,20644,20644,17466,16493
3299,0,2880,13380,13380,15050,13241
3300,0,5839,16339,16339,38520,19921
3301,0,3381,13881,13881,14066,37002
3302,0,22816,37144,37144,19894,14784
3303,5,1302,11802,13626,35890,39352
3304,0,23594,38806,38806,35742,11321
3305,0,7442,17942,17942,14881,18922
3306,0,4957,15457,15457,35406,38800
3307,0,4836,15336,15336,10702,37498
3308,0,25215,35242,35242,17541,18170
3309,1,8704,19204,18822,19204,11533
3310,0,25061,38069,38069,36021,12122
3311,0,5720,16220,16220,16479,10807
3312,1,8188,18688,17078,18688,37373
3313,0,9618,20118,20118,37008,38663
3314,0,942,11442,11442,12568,15500
3315,0,23569,36810,36810,35096,38426
3316,1,3235,13735,38044,13735,12635
3317,41,23370,39423,16800,35110,38698
3318,0,3257,13757,13757,36673,15870
3319,0,23238,35916,35916,17647,20408
3320,0,21755,35671,35671,14739,18856
3321,0,176,10676,10676,18492,14748
3322,2,435,10935,20506,10591,10935
3323,1,22607,35948,14082,35948,14292
3324,9,7049,17549,15225,19599,35110
3325,0,308,10808,10808,11351,37322
3326,0,1565,12065,12065,16929,38099
3327,0,3964,14464,14464,38191,38027
3328,10,6727,17227,18386,13954,37711
3329,1,2135,12635,16484,12635,38044
3330,0,9060,19560,19560,36187,36272
3331,0,23852,37765,37765,11834,19532
3332,6,21942,35462,37791,18172,13728
3333,0,24877,36617,36617,35353,35929
3334,1,4977,15477,37309,15477,16504
3335,2,8664,19164,38935,16911,19164
3336,0,24901,38203,38203,36992,12216
3337,0,595,11095,11095,38894,39561
3338,0,7393,17893,17893,37335,13041
3339,0,2276,12776,12776,20403,20632
3340,0,7072,17572,17572,14218,14467
3341,0,6830,17330,17330,39327,17239
3342,0,4625,15125,15125,19112,15083
3343,0,9245,19745,19745,14216,20999
3344,5,5332,15832,12379,14646,15500
3345,0,24185,36126,36126,36733,20620
3346,0,5351,15851,15851,16862,14291
3347,0,23953,37057,37057,38742,37612
3348,0,2623,13123,13123,17452,20239
3349,0,9628,20128,20128,19780,18514
3350,0,4572,15072,15072,18288,13450
3351,0,23435,35936,35936,18944,19879
3352,0,22317,38325,38325,19044,35264
3353,0,231,10731,10731,16565,12274
3354,0,179,10679,10679,20988,37216
3355,0,7882,18382,18382,17149,15587
3356,1,737,11237,38402,11237,17962
3357,0,22107,39016,39016,13208,20926
3358,0,10264,20764,20764,13414,20976
3359,0,24477,35549,35549,35548,12590
3360,0,3865,14365,14365,11222,16642
3361,0,5865,16365,16365,19628,14256
3362,0,21834,35481,35481,17016,20591
3363,0,6057,16557,16557,39574,35630
3364,0,9199,19699,19699,20600,15603
3365,0,21637,35737,35737,18606,11711
3366,0,109,10609,10609,37953,36147
3367,0,5705,16205,16205,18263,37148
3368,0,8481,18981,18981,16902,35820
3369,0,1321,11821,11821,35853,20323
3370,0,5935,16435,16435,37958,15685
3371,0,1995,12495,12495,13052,18878
3372,0,6495,16995,16995,36581,12570
3373,0,755,11255,11255,20993,36024
3374,0,8650,19150,19150,18441,17810
3375,0,23486,38667,38667,13137,37269
3376,0,5137,15637,15637,18601,35910
3377,0,21762,37548,37548,36784,37547
3378,3,800,11300,12747,12858,36857
3379,0,22978,35915,35915,36070,36806
3380,0,2086,12586,12586,38617,11101
3381,0,5501,16001,16001,17913,19592
3382,0,6200,16700,16700,14248,16814
3383,0,9549,20049,20049,37529,10656
3384,0,69,10569,10569,39222,12997
3385,0,5367,15867,15867,13239,15479
3386,0,9636,20136,20136,19996,38274
3387,1,22172,37635,38572,37635,12064
3388,0,10274,20774,20774,38455,19031
3389,0,5682,16182,16182,19462,13897
3390,0,8873,19373,19373,37236,20649
3391,0,25259,35782,35782,19812,19513
3392,0,10149,20649,20649,19373,39206
3393,0,5170,15670,15670,17817,36270
3394,0,1680,12180,12180,14371,36990
3395,1,23343,35825,13038,35825,36907
3396,0,377,10877,10877,39023,20652
3397,0,1469,11969,11969,19740,11484
3398,0,23002,35668,35668,35754,12572
3399,0,5961,16461,16461,14635,19498
3400,0,2603,13103,13103,14818,19609
3401,1,4181,14681,10553,14681,12449
3402,0,9272,19772,19772,13294,16717
3403,0,7868,18368,18368,36284,14164
3404,0,8827,19327,19327,16016,20851
3405,0,22774,36215,36215,12979,17632
3406,0,23404,38788,38788,15574,16443
3407,0,4505,15005,15005,35156,17738
3408,10,22857,39492,12698,15349,20632
3409,0,7048,17548,17548,18053,36193
3410,0,4230,14730,14730,11298,13352
3411,0,9024,19524,19524,14655,15161
3412,4,21293,38197,39136,17499,13370
3413,0,3091,13591,13591,14035,16190
3414,0,2726,13226,13226,16564,37562
3415,0,477,10977,10977,16813,17766
3416,0,1329,11829,11829,35119,20168
3417,23,2283,12783,39205,17034,39585
3418,1,3732,14232,16074,14232,15658
3419,0,24403,39065,39065,19173,19980
3420,0,9676,20176,20176,12608,13314
3421,0,5873,16373,16373,17911,19931
3422,0,5557,16057,16057,17284,12057
3423,0,751,11251,11251,10538,11371
3424,0,24907,38711,38711,12994,20333
3425,0,2300,12800,12800,36850,36308
3426,0,23869,37211,37211,18650,38192
3427,0,873,11373,11373,18605,12089
3428,0,6620,17120,17120,19039,14613
3429,0,8847,19347,19347,11152,18596
3430,0,5127,15627,15627,14487,16026
3431,0,9810,20310,20310,20981,15516
3432,0,24215,38098,38098,37047,35446
3433,0,4564,15064,15064,39135,38675
3434,0,1545,12045,12045,19273,20435
3435,0,739,11239,11239,15666,36526
3436,0,25004,37433,37433,14566,15797
3437,0,2683,13183,13183,38300,16828
3438,0,24579,38411,38411,37748,37504
3439,0,22200,35618,35618,14418,16891
3440,0,21539,35650,35650,20759,39518
3441,0,5121,15621,15621,37409,18065
3442,1,6984,17484,37862,17484,20618
3443,0,6795,17295,17295,16763,18942
3444,0,9966,20466,20466,10656,12004
3445,0,7608,18108,18108,14797,12730
3446,0,3518,14018,14018,20981,18660
3447,0,10496,20996,20996,11485,37719
3448,0,2354,12854,12854,18131,13216
3449,0,24021,37250,37250,18018,17336
3450,0,23197,37939,37939,13578,14051
3451,0,773,11273,11273,11080,14550
3452,0,7965,18465,18465,20581,37679
3453,0,24756,37819,37819,37931,12903
3454,0,5200,15700,15700,12621,20528
3455,0,22017,36430,36430,15722,19453
3456,0,641,11141,11141,17958,35153
3457,0,10079,20579,20579,15954,19015
3458,0,21633,37185,37185,11633,13804
3459,0,8727,19227,19227,39155,15748
3460,0,3203,13703,13703,19901,15084
3461,0,7288,17788,17788,11490,13209
3462,0,4309,14809,14809,19324,16739
3463,1,5204,15704,37198,15704,35605
3464,0,6249,16749,16749,13015,13746
3465,0,865,11365,11365,19301,14307
3466,0,5516,16016,16016,36536,19327
3467,0,9617,20117,20117,10902,14870
3468,0,21792,38945,38945,38946,20108
3469,0,22120,38707,38707,14374,14916
3470,0,6923,17423,17423,17315,14145
3471,0,23987,39425,39425,36395,37663
3472,0,10364,20864,20864,11254,16050
3473,0,9415,19915,19915,15883,20003
3474,7,25264,35770,36897,16963,35846
3475,0,962,11462,11462,37558,18769
3476,18,22336,39387,16341,36292,11536
3477,0,24760,35693,35693,13321,10575
3478,0,24465,36009,36009,11382,12671
3479,0,24183,38957,38957,17301,39161
3480,0,10477,20977,20977,36474,36902
3481,0,21662,37733,37733,17569,36756
3482,0,3309,13809,13809,18185,36236
3483,0,2166,12666,12666,36132,38602
3484,5,363,10863,39390,37122,13903
3485,0,23065,36042,36042,18197,11925
3486,0,3723,14223,14223,11167,13711
3487,0,2825,13325,13325,13381,14215
3488,0,5133,15633,15633,36121,15338
3489,1,7670,18170,19562,18170,10837
3490,0,3597,14097,14097,37358,16491
3491,0,4726,15226,15226,13323,15127
3492,1,546,11046,20107,11046,11605
3493,1,2940,13440,39097,13440,11603
3494,0,471,10971,10971,12552,36037
3495,1,1641,12141,11347,12141,11228
3496,0,21795,37529,37529,16128,20049
3497,0,3338,13838,13838,19680,12368
3498,34,8216,18716,15092,14291,13919
3499,0,1172,11672,11672,37156,15134
3500,1,6983,17483,17634,17483,17664
3501,0,9401,19901,19901,13703,35520
3502,0,5273,15773,15773,37334,35882
3503,0,6672,17172,17172,37935,38395
3504,0,6085,16585,16585,15147,38944
3505,0,21929,35192,35192,12216,11997
3506,0,8014,18514,18514,20128,36069
3507,1,22502,37478,12726,37478,36558
3508,0,23045,39074,39074,11134,18956
3509,4,3364,13864,14762,17723,12743
3510,0,23433,39321,39321,15158,39049
3511,0,8309,18809,18809,20490,12544
3512,0,6724,17224,17224,39020,37313
3513,0,23822,37421,37421,12468,17946
3514,0,1410,11910,11910,11389,17891
3515,0,9440,19940,19940,12250,10645
3516,0,10036,20536,20536,37177,36387
3517,0,6666,17166,17166,12884,18950
3518,0,8276,18776,18776,36824,20647
3519,0,23290,36953,36953,38024,15468
3520,0,2694,13194,13194,13363,36419
3521,0,815,11315,11315,17241,38130
3522,0,6500,17000,17000,20039,10871
3523,0,6762,17262,17262,17756,10944
3524,0,25240,35357,35357,38526,37732
3525,0,7322,17822,17822,11002,14279
3526,0,2131,12631,12631,38831,38183
3527,0,1797,12297,12297,17981,12882
3528,0,25233,35219,35219,14978,18723
3529,0,7727,18227,18227,18263,36073
3530,1,4575,15075,15693,15075,36157
3531,0,5190,15690,15690,36499,38160
3532,0,3122,13622,13622,36209,19421
3533,0,7540,18040,18040,38620,37064
3534,0,5853,16353,16353,36374,36375
3535,0,5365,15865,15865,36529,13766
3536,0,9043,19543,19543,10764,14283
3537,0,4275,14775,14775,35960,20953
3538,2,21676,38485,20100,11228,38485
3539,0,3089,13589,13589,19290,15078
3540,0,23676,37687,37687,20200,36142
3541,1,23401,37304,12852,37304,36036
3542,179,23023,39569,35854,17898,13884
3543,0,9609,20109,20109,18544,36790
3544,0,5253,15753,15753,39152,36709
3545,0,237,10737,10737,38679,12207
3546,0,1532,12032,12032,12331,10808
3547,15,25499,38731,18959,19144,38341
3548,0,8402,18902,18902,11001,19342
3549,0,3410,13910,13910,16366,19882
3550,0,2831,13331,13331,38163,11844
3551,1,21436,38266,16430,38266,14457
3552,0,7779,18279,18279,16071,20062
3553,1,1535,12035,18144,12035,14445
3554,0,24886,38358,38358,15492,12597
3555,0,3879,14379,14379,12911,12506
3556,0,7435,17935,17935,35803,10960
3557,0,5302,15802,15802,36580,14554
3558,0,8909,19409,19409,35513,16664
3559,0,23902,37450,37450,38567,18612
3560,0,9407,19907,19907,11419,37451
3561,1,1299,11799,16351,11799,35767
3562,0,6739,17239,17239,38749,20800
3563,4,6273,16773,36170,13186,13226
3564,0,5499,15999,15999,10525,14154
3565,1,9230,19730,38692,19730,14571
3566,0,21746,39563,39563,12561,20166
3567,0,10046,20546,20546,12784,15420
3568,2,6934,17434,15727,15845,17434
3569,0,8183,18683,18683,12267,36832
3570,0,23421,35295,35295,37253,12317
3571,2,22719,36596,37301,18749,36596
3572,0,1480,11980,11980,10683,13300
3573,0,2793,13293,13293,36322,16743
3574,0,1601,12101,12101,35372,36545
3575,60,23712,39268,11474,37212,19624
3576,0,5091,15591,15591,39027,20461
3577,0,7983,18483,18483,11863,36916
3578,0,7067,17567,17567,11700,37115
3579,3,6804,17304,11752,19303,20330
3580,0,2329,12829,12829,16171,13889
3581,0,8552,19052,19052,19908,15427
3582,0,8337,18837,18837,19075,20880
3583,0,9247,19747,19747,17133,36685
3584,0,22434,35375,35375,16238,17100
3585,1,3661,14161,14995,14161,16005
3586,0,8437,18937,18937,11378,38269
3587,0,23077,36861,36861,20433,13859
3588,0,555,11055,11055,37856,16369
3589,0,4825,15325,15325,36869,16289
3590,0,1163,11663,11663,14523,16515
3591,0,5680,16180,16180,15390,38314
3592,0,9589,20089,20089,11221,16343
3593,0,4715,15215,15215,36465,17628
3594,1,397,10897,17237,10897,12992
3595,0,21067,36225,36225,15708,39419
3596,0,2506,13006,13006,17586,14164
3597,0,24033,37796,37796,37968,36134
3598,0,3836,14336,14336,15751,12720
3599,1,23617,38619,13860,38619,17568
3600,0,9193,19693,19693,39101,18408
3601,0,3010,13510,13510,18931,14234
3602,4,10226,20726,10693,19342,11001
3603,0,723,11223,11223,12138,13249
3604,0,300,10800,10800,11355,16444
3605,0,24312,37184,37184,19384,38315
3606,0,8908,19408,19408,36677,10849
3607,0,7328,17828,17828,16044,18924
3608,0,4294,14794,14794,35444,17313
3609,0,8113,18613,18613,38122,37917
3610,14,4185,14685,17352,37102,38545
3611,0,24753,38082,38082,18304,14102
3612,0,6954,17454,17454,15772,14038
3613,3,8269,18769,37558,17746,11462
3614,0,24870,39344,39344,10594,14335
3615,0,3142,13642,13642,16173,13953
3616,0,9939,20439,20439,39398,11212
3617,0,24924,38921,38921,12432,20349
3618,0,25172,35800,35800,18012,38680
3619,0,3205,13705,13705,11416,13716
3620,0,4955,15455,15455,17372,17346
3621,3,4582,15082,13976,20810,15181
3622,0,22619,38195,38195,36272,15687
3623,2,7367,17867,17881,17530,17867
3624,0,23853,39539,39539,37137,39165
3625,0,9770,20270,20270,20516,39416
3626,0,21563,39285,39285,12678,16598
3627,0,23422,37835,37835,18157,14124
3628,0,7433,17933,17933,35834,39072
3629,0,7704,18204,18204,39433,36790
3630,0,23614,36873,36873,37622,16307
3631,0,1152,11652,11652,16785,17641
3632,36,23482,39580,15144,38341,35159
3633,15,6965,17465,10732,38630,20443
3634,0,1212,11712,11712,35252,14324
3635,0,4503,15003,15003,16610,36815
3636,0,7055,17555,17555,17474,15650
3637,0,10118,20618,20618,16304,18673
3638,2,23523,36891,36892,14129,36891
3639,3,22740,39147,20019,16860,11806
3640,0,5894,16394,16394,17488,12461
3641,0,24359,36721,36721,15145,11367
3642,1,8637,19137,36718,19137,20215
3643,0,22004,38522,38522,37418,35736
3644,1,5427,15927,11744,15927,14511
3645,2,21240,38291,15288,16417,38291
3646,0,22644,35528,35528,38738,37315
3647,0,665,11165,11165,15201,18595
3648,0,21431,38127,38127,37084,11488
3649,0,7216,17716,17716,17215,17709
3650,0,5994,16494,16494,36129,37402
3651,0,642,11142,11142,39340,37048
3652,0,25071,38468,38468,36578,12643
3653,10,3767,14267,12548,14812,16317
3654,0,4272,14772,14772,11833,16131
3655,0,23638,38940,38940,20055,18944
3656,0,24890,39101,39101,19693,12746
3657,0,6123,16623,16623,36153,11521
3658,0,8331,18831,18831,38627,14785
3659,0,786,11286,11286,18392,35505
3660,0,2857,13357,13357,37594,11698
3661,0,6112,16612,16612,36159,37325
3662,0,25040,35206,35206,16981,15982
3663,0,3202,13702,13702,12316,12641
3664,0,25459,37525,37525,17925,38813
3665,0,8916,19416,19416,13627,13450
3666,0,10315,20815,20815,37157,12854
3667,0,7600,18100,18100,38094,11721
3668,2,4187,14687,37816,37760,14687
3669,0,7853,18353,18353,16170,12479
3670,0,22521,37850,37850,37979,18184
3671,4,24895,37025,39364,11915,37639
3672,0,4824,15324,15324,10912,11637
3673,0,8332,18832,18832,12614,17535
3674,0,6067,16567,16567,36556,20297
3675,0,2905,13405,13405,39377,14663
3676,0,4626,15126,15126,12228,37894
3677,0,9635,20135,20135,13444,11381
3678,2,996,11496,20726,11521,11496
3679,0,7131,17631,17631,18734,35506
3680,0,22852,38107,38107,37630,18674
3681,0,24036,39107,39107,10674,14755
3682,8,7246,17746,36200,20625,18769
3683,0,25239,35296,35296,36933,16497
3684,0,6408,16908,16908,11036,10783
3685,0,7787,18287,18287,36701,37411
3686,7,6250,16750,39174,17301,39319
3687,0,9205,19705,19705,18141,12053
3688,0,8055,18555,18555,12733,11728
3689,0,23292,38890,38890,18879,38625
3690,0,5523,16023,16023,18312,38895
3691,1,24594,37683,17840,37683,36369
3692,0,7505,18005,18005,18695,14307
3693,0,156,10656,10656,20466,20049
3694,0,9868,20368,20368,39370,16818
3695,0,3085,13585,13585,16124,35343
3696,0,10425,20925,20925,11947,12692
3697,19,1552,12052,20088,18766,11686
3698,0,8774,19274,19274,19918,12572
3699,0,22838,39192,39192,10703,15344
3700,0,495,10995,10995,20380,20570
3701,0,2321,12821,12821,17803,35552
3702,0,912,11412,11412,37775,17461
3703,0,9044,19544,19544,38047,37647
3704,0,151,10651,10651,19897,39391
3705,0,24331,37864,37864,35828,38661
3706,0,21053,35973,35973,35974,18079
3707,0,10243,20743,20743,15115,18556
3708,0,1738,12238,12238,39213,13069
3709,1,3001,13501,17369,13501,17159
3710,0,9263,19763,19763,36978,10720
3711,0,6961,17461,17461,37775,11412
3712,0,22289,38117,38117,39474,39299
3713,0,2883,13383,13383,16111,16898
3714,2,3720,14220,14636,39410,14220
3715,0,7127,17627,17627,12474,13626
3716,0,888,11388,11388,38663,12976
3717,0,5471,15971,15971,17762,15543
3718,0,3201,13701,13701,12366,13765
3719,1,9696,20196,35708,20196,13877
3720,0,4823,15323,15323,20839,14126
3721,10,4704,15204,20422,13315,35126
3722,0,343,10843,10843,13956,13691
3723,0,4136,14636,14636,14220,37545
3724,0,22926,35384,35384,15500,18702
3725,0,3188,13688,13688,13275,15068
3726,0,4522,15022,15022,17894,35878
3727,0,2223,12723,12723,39199,14468
3728,0,2121,12621,12621,13833,12425
3729,0,6858,17358,17358,20067,14956
3730,0,10385,20885,20885,10766,14136
3731,0,9669,20169,20169,37366,10529
3732,1,8913,19413,16967,19413,14172
3733,0,22685,36453,36453,20397,35590
3734,2,7366,17866,38496,16703,17866
3735,0,23861,39518,39518,10555,35695
3736,1,4734,15234,19375,15234,37215
3737,0,1465,11965,11965,11942,20098
3738,0,4593,15093,15093,13193,16478
3739,0,3565,14065,14065,20618,12510
3740,0,5840,16340,16340,15303,10823
3741,0,283,10783,10783,15119,16908
3742,0,25222,38503,38503,11624,13989
3743,0,6175,16675,16675,11560,13494
3744,0,10290,20790,20790,39388,16169
3745,1,4151,14651,17265,14651,13935
3746,0,21035,39095,39095,36168,16007
3747,0,8998,19498,19498,16461,11554
3748,0,7376,17876,17876,37314,19326
3749,0,8542,19042,19042,16119,37831
3750,0,24166,38526,38526,35357,37732
3751,1,8764,19264,16779,19264,14509
3752,6,3161,13661,16224,38491,19946
3753,0,2630,13130,13130,17818,16141
3754,2,23407,36444,12639,11049,36444
3755,0,24917,37359,37359,15355,36601
3756,0,10394,20894,20894,19627,37675
3757,0,1203,11703,11703,16491,38748
3758,0,22714,38272,38272,18889,11527
3759,0,10165,20665,20665,11144,37893
3760,0,616,11116,11116,16670,16005
3761,0,3114,13614,13614,11100,12806
3762,0,21590,36719,36719,35250,11130
3763,0,7481,17981,17981,20124,12297
3764,0,9330,19830,19830,37249,12064
3765,0,2728,13228,13228,12784,15420
3766,0,24511,36735,36735,13727,19772
3767,0,24602,38031,38031,13219,17801
3768,22,9895,20395,39557,39342,19995
3769,1,1357,11857,11227,11857,20581
3770,0,9567,20067,20067,35933,15689
3771,0,7798,18298,18298,17760,14216
3772,0,23399,36154,36154,20445,16784
3773,0,21536,38006,38006,19943,38930
3774,0,1590,12090,12090,18629,18462
3775,0,21865,39160,39160,18059,38326
3776,0,3140,13640,13640,13804,35569
3777,0,5338,15838,15838,19837,18736
3778,0,547,11047,11047,36488,11031
3779,0,7118,17618,17618,20805,16081
3780,0,23206,36185,36185,37216,13301
3781,0,21221,38477,38477,20704,18846
3782,0,26,10526,10526,13520,39373
3783,0,1067,11567,11567,11114,13464
3784,0,3918,14418,14418,16891,35618
3785,13,6604,17104,35314,16078,18913
3786,0,5529,16029,16029,39470,15848
3787,0,6678,17178,17178,14586,19004
3788,0,5398,15898,15898,35119,20042
3789,0,8642,19142,19142,19905,36515
3790,0,8081,18581,18581,19673,39568
3791,0,9608,20108,20108,37374,36168
3792,7,22559,38809,19888,16317,12403
3793,0,437,10937,10937,37924,18261
3794,0,25178,38687,38687,35489,14506
3795,0,5269,15769,15769,15593,20247
3796,0,1861,12361,12361,11464,17765
3797,0,10442,20942,20942,37534,13586
3798,0,24245,37236,37236,19373,17740
3799,0,2706,13206,13206,39157,36580
3800,0,23692,37265,37265,16085,17937
3801,0,5325,15825,15825,20230,39198
3802,1,6957,17457,38068,17457,39170
3803,0,23127,36121,36121,15633,36421
3804,2,22499,38354,37825,35710,38354
3805,0,21411,36490,36490,20840,12737
3806,0,9125,19625,19625,12893,16241
3807,1,4011,14511,38525,14511,13993
3808,0,25127,38019,38019,18163,16861
3809,0,534,11034,11034,13614,17431
3810,0,23295,35860,35860,18393,37045
3811,0,585,11085,11085,19086,12141
3812,0,23010,36535,36535,37280,11881
3813,0,8715,19215,19215,13845,39308
3814,0,22994,37026,37026,17313,14794
3815,0,21984,36024,36024,11255,20993
3816,0,8559,19059,19059,37685,18044
3817,0,6464,16964,16964,10771,20390
3818,0,21947,36335,36335,14686,38290
3819,0,24247,38571,38571,36260,14141
3820,1,1916,12416,36792,12416,39009
3821,3,22106,37837,37869,17074,20222
3822,0,8107,18607,18607,38965,10883
3823,0,22523,38848,38848,39511,18741
3824,0,1910,12410,12410,36926,19702
3825,0,8856,19356,19356,20630,19270
3826,0,8710,19210,19210,12135,12846
3827,0,1133,11633,11633,37185,16210
3828,0,22082,36508,36508,14347,36906
3829,0,21434,35347,35347,18923,39205
3830,0,1317,11817,11817,37969,14239
3831,0,4368,14868,14868,14309,15567
3832,0,8313,18813,18813,17254,20719
3833,0,23540,36050,36050,14091,39266
3834,0,8653,19153,19153,15298,18610
3835,7,7325,17825,15081,37934,16259
3836,0,6080,16580,16580,13221,38852
3837,0,24965,38910,38910,18221,38144
3838,0,2601,13101,13101,39567,36763
3839,2,6568,17068,16462,35745,17068
3840,0,2173,12673,12673,14683,11939
3841,0,3605,14105,14105,37076,14527
3842,0,6429,16929,16929,38099,12065
3843,1,7995,18495,10625,18495,16645
3844,3,3768,14268,38619,11381,15144
3845,0,5077,15577,15577,20411,36620
3846,0,8274,18774,18774,16917,35380
3847,0,4631,15131,15131,39399,20269
3848,0,8756,19256,19256,20481,37469
3849,0,240,10740,10740,13023,17189
3850,0,8812,19312,19312,10824,38299
3851,0,8421,18921,18921,16813,11026
3852,0,7602,18102,18102,13181,10511
3853,0,22812,36545,36545,35372,35453
3854,3,1867,12367,12152,39112,38449
3855,4,9416,19916,12264,15301,38544
3856,0,21228,39465,39465,15321,19055
3857,0,2521,13021,13021,36000,17857
3858,0,9876,20376,20376,20694,20701
3859,0,1820,12320,12320,37710,36380
3860,3,2410,12910,39402,15619,15327
3861,0,8243,18743,18743,16788,12532
3862,2,6637,17137,36752,18844,17137
3863,0,5187,15687,15687,38195,11661
3864,0,10054,20554,20554,14061,12620
3865,0,4565,15065,15065,39525,11926
3866,0,7942,18442,18442,39269,14983
3867,0,22948,36926,36926,12410,19702
3868,0,6391,16891,16891,14418,35618
3869,0,2118,12618,12618,14429,19512
3870,1,3779,14279,14368,14279,17822
3871,0,4961,15461,15461,19683,18650
3872,0,2809,13309,13309,37512,39443
3873,0,498,10998,10998,15800,35293
3874,0,24823,38439,38439,14877,38614
3875,0,10022,20522,20522,18679,35529
3876,0,4284,14784,14784,19894,37144
3877,3,10191,20691,15671,14075,12768
3878,0,8969,19469,19469,13097,17362
3879,0,228,10728,10728,20266,19454
3880,1,8761,19261,36641,19261,38993
3881,0,22222,36046,36046,18076,11106
3882,0,2741,13241,13241,15050,12263
3883,0,24412,37163,37163,15380,12894
3884,0,6001,16501,16501,15805,11482
3885,0,5718,16218,16218,38088,35527
3886,0,10220,20720,20720,13106,12176
3887,0,5583,16083,16083,36626,20158
3888,0,21063,37427,37427,11976,19786
3889,0,21931,37315,37315,35528,18311
3890,0,8719,19219,19219,36205,39277
3891,0,1128,11628,11628,36777,11705
3892,0,10405,20905,20905,37790,13225
3893,1,1706,12206,15464,12206,16507
3894,0,7450,17950,17950,35349,20476
3895,0,3153,13653,13653,17948,36909
3896,0,9482,19982,19982,39329,37618
3897,0,22712,35265,35265,10542,19366
3898,0,24182,39008,39008,35804,16160
3899,1,6240,16740,37719,16740,20996
3900,0,7104,17604,17604,16549,36594
3901,0,9464,19964,19964,12287,13973
3902,0,2721,13221,13221,12916,16580
3903,0,7445,17945,17945,38422,37704
3904,0,7893,18393,18393,38544,36307
3905,9,23870,39056,36292,16341,11536
3906,8,23673,36016,10707,39035,18576
3907,0,8042,18542,18542,19820,14620
3908,0,9144,19644,19644,37582,35845
3909,0,9402,19902,19902,12043,37964
3910,0,22179,36176,36176,18973,38855
3911,0,24649,35772,35772,36624,16476
3912,0,23836,38566,38566,36959,11191
3913,0,21075,37533,37533,15788,37280
3914,0,9985,20485,20485,14719,35418
3915,0,6054,16554,16554,35555,12824
3916,0,10107,20607,20607,15609,38076
3917,0,21286,36763,36763,17239,18713
3918,0,2550,13050,13050,39469,35157
3919,0,7440,17940,17940,17022,37255
3920,3,6768,17268,13332,37182,39141
3921,1,22731,38893,15832,38893,37543
3922,2,21628,37893,38822,20120,37893
3923,0,6449,16949,16949,38674,19209
3924,0,10359,20859,20859,16860,11806
3925,0,22759,39178,39178,15613,35799
3926,0,2644,13144,13144,15799,11388
3927,0,22689,37707,37707,15458,37804
3928,1,4487,14987,37009,14987,17505
3929,1,2061,12561,20166,12561,13004
3930,0,4645,15145,15145,19012,11367
3931,0,24758,38676,38676,13416,13740
3932,0,21306,37553,37553,20722,16060
3933,0,22638,39537,39537,12492,37776
3934,0,25463,38093,38093,14277,14921
3935,0,7265,17765,17765,14137,12361
3936,0,4174,14674,14674,37178,11370
3937,0,21000,37079,37079,16214,15852
3938,0,22653,37305,37305,16989,17662
3939,0,22131,36537,36537,17295,16763
3940,4,983,11483,17499,13370,39136
3941,0,10171,20671,20671,17355,18793
3942,0,5480,15980,15980,18611,20209
3943,0,21419,36338,36338,18237,18878
3944,0,4797,15297,15297,39546,13330
3945,0,9632,20132,20132,37494,17624
3946,0,3662,14162,14162,16649,13738
3947,0,24874,38398,38398,20400,38399
3948,0,6947,17447,17447,38501,11804
3949,0,4657,15157,15157,14069,15643
3950,0,6414,16914,16914,17196,35762
3951,0,3150,13650,13650,37989,12025
3952,0,24680,37138,37138,15985,15954
3953,0,24311,35645,35645,10941,14965
3954,0,4813,15313,15313,37813,20219
3955,0,5969,16469,16469,20553,16823
3956,0,2939,13439,13439,10782,17194
3957,0,1340,11840,11840,15855,12323
3958,0,1391,11891,11891,37017,13051
3959,0,9673,20173,20173,14970,19323
3960,0,21085,38461,38461,16655,13573
3961,0,9255,19755,19755,17110,20581
3962,0,22055,38458,38458,38071,20558
3963,0,24219,38948,38948,14237,35720
3964,6,9025,19525,15107,20150,10988
3965,0,6146,16646,16646,19543,37669
3966,0,1412,11912,11912,18025,18401
3967,0,2256,12756,12756,15707,19462
3968,0,24516,39538,39538,37812,19721
3969,0,24300,35325,35325,12385,11014
3970,3,6120,16620,12375,20816,39554
3971,0,2212,12712,12712,12084,10734
3972,0,5603,16103,16103,15786,18520
3973,0,6004,16504,16504,14225,37823
3974,0,5417,15917,15917,38261,37958
3975,0,4938,15438,15438,39002,12692
3976,0,3624,14124,14124,18157,37835
3977,0,3158,13658,13658,35945,20613
3978,0,4267,14767,14767,15308,18918
3979,0,463,10963,10963,19337,14525
3980,1,1754,12254,13584,12254,36703
3981,0,23118,36594,36594,35204,17604
3982,0,9023,19523,19523,12049,36555
3983,0,6380,16880,16880,37213,14422
3984,0,3829,14329,14329,13779,13942
3985,0,378,10878,10878,13020,12139
3986,0,22569,36180,36180,12989,14236
3987,0,1335,11835,11835,20587,12643
3988,0,24618,39132,39132,20524,37211
3989,0,2716,13216,13216,38144,12854
3990,0,9611,20111,20111,35480,14896
3991,0,24293,37920,37920,37845,20422
3992,0,21586,38140,38140,38770,11385
3993,0,9704,20204,20204,13764,19475
3994,0,6322,16822,16822,12578,14869
3995,0,9225,19725,19725,18354,19961
3996,0,9801,20301,20301,15223,16694
3997,0,1894,12394,12394,37572,37453
3998,0,4661,15161,15161,16228,14655
3999,0,9690,20190,20190,36031,20874
4000,0,7769,18269,18269,20980,17140
4001,0,7090,17590,17590,15470,36610
4002,0,6221,16721,16721,17629,13771
4003,0,9147,19647,19647,35807,19074
4004,0,24956,37042,37042,20173,37136
4005,0,7037,17537,17537,13426,35361
4006,0,8613,19113,19113,17480,10509
4007,0,9545,20045,20045,17216,37905
4008,20,22128,38627,13283,20045,11201
4009,0,24669,37901,37901,11756,38858
4010,0,10323,20823,20823,20261,20271
4011,2,22415,35743,19525,17955,35743
4012,0,3992,14492,14492,18525,17685
4013,0,6691,17191,17191,36323,36324
4014,0,1030,11530,11530,36268,14680
4015,0,2220,12720,12720,35925,16594
4016,0,23265,36184,36184,14607,12459
4017,0,24138,38395,38395,38798,38164
4018,0,3793,14293,14293,19610,36696
4019,0,23056,35527,35527,17712,15855
4020,0,10483,20983,20983,14539,12473
4021,0,4327,14827,14827,19872,11327
4022,2,23646,37407,37287,16783,37407
4023,0,8302,18802,18802,14522,16175
4024,0,22757,38827,38827,19935,17378
4025,0,25412,37779,37779,35681,10706
4026,0,5731,16231,16231,18496,19775
4027,0,2917,13417,13417,15439,12937
4028,0,5586,16086,16086,18046,37329
4029,0,24535,36604,36604,19035,20258
4030,0,6326,16826,16826,20075,38588
4031,0,1515,12015,12015,15354,18327
4032,0,21771,39433,39433,17199,17170
4033,0,21515,38192,38192,37211,18650
4034,0,22535,37195,37195,35677,36575
4035,0,2263,12763,12763,38795,12177
4036,4,4479,14979,38306,15245,13709
4037,0,4239,14739,14739,35671,20826
4038,0,22761,37332,37332,19799,18584
4039,0,22989,37173,37173,11334,10589
4040,8,893,11393,17158,39522,37469
4041,18,1490,11990,38000,18681,39190
4042,0,25414,36601,36601,15355,37359
4043,0,9657,20157,20157,35928,18460
4044,0,8516,19016,19016,14349,35926
4045,0,2933,13433,13433,14761,36699
4046,0,22007,38378,38378,37164,11252
4047,0,1129,11629,11629,12334,16644
4048,0,731,11231,11231,16950,12110
4049,0,3084,13584,13584,36703,12254
4050,4,7297,17797,36977,35924,39568
4051,0,4588,15088,15088,14603,11226
4052,0,2795,13295,13295,16670,11116
4053,1,7601,18101,10598,18101,19624
4054,0,798,11298,11298,14730,13352
4055,0,6232,16732,16732,18116,35340
4056,0,734,11234,11234,38078,19119
4057,0,8688,19188,19188,38825,12542
4058,0,2244,12744,12744,15105,19862
4059,0,178,10678,10678,19668,37456
4060,0,1174,11674,11674,35858,15969
4061,0,790,11290,11290,36273,35456
4062,0,22512,36620,36620,14787,20357
4063,0,198,10698,10698,14945,17236
4064,0,10239,20739,20739,11856,11676
4065,0,7675,18175,18175,18397,15730
4066,0,548,11048,11048,17755,13623
4067,33,3339,13839,13919,17596,37292
4068,0,9213,19713,19713,19727,18836
4069,0,7465,17965,17965,37938,11424
4070,4,8699,19199,38136,14226,11323
4071,1,22247,37872,39490,37872,11805
4072,0,24871,36945,36945,13213,19359
4073,1,7533,18033,20184,18033,35121
4074,5,66,10566,12424,38487,12565
4075,0,4712,15212,15212,15168,17276
4076,0,5214,15714,15714,36942,15537
4077,0,22849,36589,36589,16841,17009
4078,0,5033,15533,15533,19232,10510
4079,0,21986,38388,38388,20145,18438
4080,0,2572,13072,13072,20985,10981
4081,0,10241,20741,20741,18335,20213
4082,2,22398,39145,20642,38322,39145
4083,0,622,11122,11122,11626,19167
4084,0,6222,16722,16722,18713,16569
4085,0,787,11287,11287,35602,37050
4086,0,3332,13832,13832,17549,12498
4087,8,22281,39035,13884,35854,35702
4088,0,6008,16508,16508,18313,37989
4089,0,23795,35568,35568,12458,10788
4090,0,8334,18834,18834,11302,37713
4091,0,23919,37717,37717,13002,17658
4092,0,23230,35119,35119,15898,12470
4093,0,8696,19196,19196,37447,17533
4094,0,515,11015,11015,11513,19060
4095,0,478,10978,10978,11059,17174
4096,0,4476,14976,14976,17438,36697
4097,0,24647,36871,36871,39200,20293
4098,0,8818,19318,19318,35791,17991
4099,0,6899,17399,17399,35776,13923
4100,0,1033,11533,11533,17490,11037
4101,1,24505,36752,17356,36752,18844
4102,1,2598,13098,39067,13098,14816
4103,0,1514,12014,12014,15672,38231
4104,0,6191,16691,16691,11135,18357
4105,0,22139,35458,35458,36141,39464
4106,0,7237,17737,17737,17364,17301
4107,0,5753,16253,16253,16968,37403
4108,0,23558,38747,38747,15194,16758
4109,0,22625,37491,37491,38240,37200
4110,0,8236,18736,18736,20110,16864
4111,0,8536,19036,19036,39175,20069
4112,1,5521,16021,13450,16021,18288
4113,0,1462,11962,11962,16191,36517
4114,0,7915,18415,18415,11431,37353
4115,0,1871,12371,12371,15624,11617
4116,14,24404,36980,38815,13854,38572
4117,0,7209,17709,17709,36011,37490
4118,0,10072,20572,20572,18586,13839
4119,0,7349,17849,17849,16560,13212
4120,0,4623,15123,15123,37131,11629
4121,0,23004,37581,37581,38374,20187
4122,0,4818,15318,15318,11924,14229
4123,0,220,10720,10720,38935,19763
4124,0,24648,37252,37252,35871,16244
4125,3,9002,19502,14005,12237,38568
4126,4,2476,12976,35420,16171,17368
4127,2,4248,14748,18492,17993,14748
4128,0,23094,36035,36035,14307,16034
4129,0,22697,38331,38331,18546,13219
4130,0,22797,37158,37158,19914,17890
4131,0,6487,16987,16987,10805,20388
4132,0,9420,19920,19920,18734,18351
4133,0,9717,20217,20217,39593,17523
4134,0,5650,16150,16150,19780,20612
4135,0,25396,38242,38242,15030,11114
4136,1,21703,35400,35401,35400,39056
4137,0,8052,18552,18552,18595,17622
4138,1,23091,38377,38353,38377,15667
4139,0,2881,13381,13381,13325,15237
4140,0,1677,12177,12177,12763,18738
4141,0,6060,16560,16560,17849,18712
4142,0,901,11401,11401,39357,18895
4143,0,25277,37082,37082,37296,17470
4144,1,21064,38886,12313,38886,16624
4145,0,2296,12796,12796,19622,14923
4146,0,8809,19309,19309,16198,38298
4147,0,8488,18988,18988,35403,18119
4148,0,9004,19504,19504,12774,10646
4149,0,23499,38374,38374,19060,37581
4150,0,22459,37217,37217,11346,13333
4151,0,22310,35666,35666,13375,12006
4152,0,6772,17272,17272,38507,11674
4153,0,22163,36438,36438,12755,12050
4154,0,7257,17757,17757,35415,35515
4155,0,2580,13080,13080,19928,38987
4156,0,7966,18466,18466,14268,12097
4157,0,23891,38824,38824,39090,12850
4158,0,24249,36152,36152,17340,37897
4159,0,23432,39384,39384,11242,19487
4160,0,9780,20280,20280,20957,14150
4161,0,9351,19851,19851,16106,15952
4162,0,5254,15754,15754,16970,20648
4163,0,681,11181,11181,13247,17141
4164,0,24459,38567,38567,18733,37450
4165,0,3159,13659,13659,12830,35803
4166,0,21839,35463,35463,11888,14456
4167,0,2987,13487,13487,38593,19174
4168,0,4908,15408,15408,13472,14753
4169,0,1882,12382,12382,17777,38794
4170,0,22506,35299,35299,38885,37300
4171,0,1940,12440,12440,37784,10590
4172,1,3296,13796,11041,13796,38573
4173,0,3534,14034,14034,15115,20512
4174,0,5974,16474,16474,17353,11496
4175,0,3729,14229,14229,19415,36876
4176,0,490,10990,10990,18936,20712
4177,1,5708,16208,36637,16208,12158
4178,0,1181,11681,11681,20992,18704
4179,0,1375,11875,11875,17586,38501
4180,12,5014,15514,39270,37634,36634
4181,0,626,11126,11126,35186,12317
4182,0,4758,15258,15258,12515,17685
4183,0,10336,20836,20836,15895,12709
4184,0,25157,36043,36043,38998,38876
4185,0,22304,37741,37741,37445,14555
4186,0,4180,14680,14680,11530,36768
4187,0,22754,35907,35907,14039,35997
4188,0,8778,19278,19278,20194,18964
4189,0,2887,13387,13387,36677,16542
4190,0,4539,15039,15039,19033,13404
4191,0,21123,35285,35285,13850,18975
4192,0,6671,17171,17171,10832,36876
4193,0,6453,16953,16953,15098,16846
4194,2,1366,11866,17441,11789,11866
4195,0,2639,13139,13139,10518,37971
4196,0,21684,38798,38798,14635,38395
4197,0,5602,16102,16102,20617,37027
4198,0,22498,38152,38152,19874,36224
4199,1,5730,16230,16035,16230,16896
4200,2,7204,17704,12019,13581,17704
4201,0,5296,15796,15796,11209,16785
4202,0,10351,20851,20851,20335,19327
4203,0,2938,13438,13438,18617,20190
4204,0,10237,20737,20737,20953,15919
4205,0,24157,37582,37582,35845,17227
4206,0,5979,16479,16479,16220,10571
4207,0,4534,15034,15034,39534,20938
4208,0,10119,20619,20619,11599,36966
4209,0,7669,18169,18169,35596,35340
4210,0,7607,18107,18107,19711,18990
4211,0,24399,36606,36606,19273,20435
4212,0,9853,20353,20353,37821,36402
4213,0,23152,35809,35809,19896,15780
4214,0,21239,39177,39177,20962,13542
4215,0,6681,17181,17181,11446,12876
4216,1,5428,15928,18172,15928,37791
4217,0,5266,15766,15766,36646,16401
4218,0,22936,35137,35137,18159,15439
4219,1,22477,39306,17929,39306,13530
4220,0,1784,12284,12284,37574,15905
4221,0,7116,17616,17616,19916,36419
4222,0,494,10994,10994,19839,16741
4223,0,9758,20258,20258,38802,36604
4224,0,8776,19276,19276,12877,35786
4225,3,2038,12538,38887,37537,38095
4226,0,4041,14541,14541,10951,37193
4227,0,2897,13397,13397,13522,14407
4228,3,8558,19058,38049,35842,11992
4229,0,9803,20303,20303,11485,11051
4230,0,9844,20344,20344,18348,18399
4231,1,21572,36492,17989,36492,36609
4232,1,2653,13153,37221,13153,16426
4233,0,10316,20816,20816,12375,18387
4234,0,8514,19014,19014,15585,14064
4235,0,2031,12531,12531,15628,37369
4236,0,5089,15589,15589,16598,12707
4237,2,813,11313,36036,37304,11313
4238,0,7235,17735,17735,11658,39327
4239,0,6280,16780,16780,16881,36683
4240,0,23599,38857,38857,13151,14332
4241,0,1079,11579,11579,19514,38547
4242,0,2226,12726,12726,37478,36558
4243,0,21003,36274,36274,15428,35898
4244,0,25307,38306,38306,13709,14385
4245,0,23173,35781,35781,15703,36821
4246,0,3261,13761,13761,12329,38674
4247,0,5649,16149,16149,13671,35157
4248,0,3862,14362,14362,12063,12242
4249,49,2936,13436,36647,38938,19728
4250,0,22133,36650,36650,20748,14908
4251,0,7080,17580,17580,14871,18473
4252,0,3917,14417,14417,17621,15739
4253,0,25163,36790,36790,20109,18204
4254,1,305,10805,11195,10805,35957
4255,0,4056,14556,14556,11840,12323
4256,0,21732,38867,38867,14031,36221
4257,0,2999,13499,13499,18283,11879
4258,0,9541,20041,20041,15288,16417
4259,0,1231,11731,11731,16799,36861
4260,93,2313,12813,12068,13741,37094
4261,0,23527,36367,36367,13338,14302
4262,0,10269,20769,20769,20704,38477
4263,0,25352,38240,38240,37200,37491
4264,0,4321,14821,14821,19304,11971
4265,0,24406,39469,39469,10841,20071
4266,0,6470,16970,16970,35279,15754
4267,1,24854,39487,11960,39487,13081
4268,0,7500,18000,18000,19456,19637
4269,0,21102,37570,37570,13705,36517
4270,0,3899,14399,14399,17543,12262
4271,0,3567,14067,14067,37411,11149
4272,0,5452,15952,15952,19851,16106
4273,1,8022,18522,15767,18522,16960
4274,0,21808,37564,37564,39206,17835
4275,0,23500,36450,36450,35589,11559
4276,0,4270,14770,14770,11404,16473
4277,0,8531,19031,19031,38455,20774
4278,1,4086,14586,19728,14586,38627
4279,0,6663,17163,17163,37086,16384
4280,0,22721,36770,36770,16712,37290
4281,2,588,11088,13796,11041,11088
4282,0,3365,13865,13865,37656,12133
4283,1,2670,13170,38337,13170,16325
4284,0,5515,16015,16015,17248,18958
4285,0,22285,39517,39517,37669,18430
4286,0,21893,37494,37494,20132,35464
4287,0,2395,12895,12895,14439,12340
4288,0,5506,16006,16006,13240,35719
4289,0,2170,12670,12670,17740,15390
4290,1,23597,38666,14030,38666,18312
4291,0,8134,18634,18634,37510,15539
4292,0,9334,19834,19834,15203,20770
4293,4,23543,38698,16800,19637,16825
4294,0,9045,19545,19545,14585,17611
4295,0,21956,37094,37094,16965,18509
4296,0,5673,16173,16173,13642,13953
4297,0,2774,13274,13274,20979,17198
4298,0,7620,18120,18120,13285,16858
4299,2,6559,17059,13755,39423,17059
4300,0,24263,39288,39288,39523,37886
4301,0,8456,18956,18956,36295,39074
4302,0,24716,37484,37484,18704,11681
4303,0,24580,38642,38642,18731,12807
4304,1,5798,16298,13633,16298,20444
4305,0,5982,16482,16482,14768,18264
4306,0,5882,16382,16382,36657,35407
4307,0,9443,19943,19943,13842,11324
4308,0,23293,36057,36057,17888,13243
4309,0,2181,12681,12681,17328,14308
4310,0,24967,35766,35766,12556,35197
4311,0,1473,11973,11973,18928,14482
4312,0,6103,16603,16603,35799,19047
4313,0,24662,35928,35928,17419,38352
4314,0,9150,19650,19650,16345,14238
4315,0,8925,19425,19425,19163,38013
4316,0,421,10921,10921,14672,13366
4317,0,2306,12806,12806,35790,38321
4318,0,24233,37396,37396,13556,36397
4319,0,171,10671,10671,37823,17104
4320,0,3956,14456,14456,35463,36351
4321,0,5606,16106,16106,19851,15952
4322,0,25229,38459,38459,15828,14882
4323,0,8462,18962,18962,19318,13913
4324,0,1725,12225,12225,11102,13011
4325,0,10215,20715,20715,35871,16548
4326,0,24643,38625,38625,17186,38890
4327,2,21199,36773,16351,19059,36773
4328,0,904,11404,11404,14770,16473
4329,0,3494,13994,13994,38110,18031
4330,0,8346,18846,18846,38477,20704
4331,0,9728,20228,20228,37652,38784
4332,0,7797,18297,18297,35758,36514
4333,0,7396,17896,17896,14834,39132
4334,0,21433,37663,37663,39425,38596
4335,0,2080,12580,12580,36390,38524
4336,0,7928,18428,18428,19470,38959
4337,0,22651,38165,38165,39307,38807
4338,1,7933,18433,12376,18433,17228
4339,1,9856,20356,13362,20356,16050
4340,0,22752,35244,35244,38645,37329
4341,0,7211,17711,17711,36272,39500
4342,0,4677,15177,15177,14174,18617
4343,0,6533,17033,17033,10522,36175
4344,1,5209,15709,39045,15709,20164
4345,0,2646,13146,13146,36458,20711
4346,0,23663,36044,36044,15265,35487
4347,0,25024,35539,35539,12199,36671
4348,0,21164,36237,36237,35822,20273
4349,0,21656,37807,37807,19439,19825
4350,0,21210,35144,35144,14933,17175
4351,0,6365,16865,16865,35789,14884
4352,0,24849,36174,36174,12089,18605
4353,0,2155,12655,12655,16516,11783
4354,0,24899,38159,38159,36077,14971
4355,0,7370,17870,17870,38151,17012
4356,0,21605,37934,37934,17331,16259
4357,0,7837,18337,18337,11083,38780
4358,0,3715,14215,14215,11374,13325
4359,0,8111,18611,18611,17152,12109
4360,0,25349,35534,35534,14960,36687
4361,35,21029,37021,13423,37217,13160
4362,0,3622,14122,14122,15211,37016
4363,0,4516,15016,15016,35843,13523
4364,0,7354,17854,17854,15334,37319
4365,0,8750,19250,19250,14561,14153
4366,0,1436,11936,11936,10779,35451
4367,0,507,11007,11007,13989,39084
4368,0,5275,15775,15775,13225,14778
4369,0,5663,16163,16163,10801,13553
4370,0,5402,15902,15902,37102,13357
4371,0,5930,16430,16430,38266,14457
4372,0,2339,12839,12839,16078,38943
4373,0,9870,20370,20370,36728,37549
4374,0,4386,14886,14886,18355,16471
4375,0,21953,36244,36244,16357,18038
4376,0,7680,18180,18180,38171,35733
4377,0,23021,36120,36120,37251,16944
4378,0,8693,19193,19193,16057,18387
4379,0,643,11143,11143,13678,39566
4380,0,1539,12039,12039,17666,19883
4381,0,1211,11711,11711,37513,14464
4382,0,24376,35621,35621,12236,12737
4383,0,22549,38283,38283,13939,36466
4384,4,8864,19364,19915,13299,15883
4385,0,6106,16606,16606,18460,36341
4386,0,5615,16115,16115,17744,20023
4387,0,22403,37783,37783,39387,18580
4388,0,1464,11964,11964,19162,14235
4389,4,1192,11692,37874,39325,17440
4390,0,3590,14090,14090,10956,16005
4391,1,9697,20197,39541,20197,18375
4392,2,6360,16860,39147,11806,16860
4393,0,8697,19197,19197,18168,37068
4394,1,24116,36781,13608,36781,38508
4395,0,6719,17219,17219,15502,17949
4396,1,506,11006,19432,11006,13778
4397,0,24527,35680,35680,19949,12414
4398,0,9249,19749,19749,12061,18904
4399,0,22782,36987,36987,19471,16599
4400,0,21477,36270,36270,15340,16978
4401,0,1773,12273,12273,38510,39332
4402,0,272,10772,10772,15322,16601
4403,1,23256,36824,20647,36824,18974
4404,0,3618,14118,14118,38542,19877
4405,0,2381,12881,12881,14256,13896
4406,1,7008,17508,15881,17508,15204
4407,0,22864,38750,38750,38664,15094
4408,0,4633,15133,15133,35131,18434
4409,0,8504,19004,19004,17178,35370
4410,0,746,11246,11246,10787,35645
4411,0,7707,18207,18207,36226,35094
4412,0,3569,14069,14069,15157,15643
4413,229,23134,36896,14570,20602,18160
4414,0,8557,19057,19057,38740,19273
4415,0,6448,16948,16948,16327,36235
4416,0,5599,16099,16099,35408,13464
4417,0,22527,35571,35571,39063,37318
4418,0,23925,35360,35360,13230,35240
4419,0,8572,19072,19072,37168,38238
4420,0,22234,35160,35160,16489,16483
4421,0,1912,12412,12412,12652,17797
4422,0,9258,19758,19758,19423,12446
4423,0,599,11099,11099,19476,16342
4424,0,3892,14392,14392,11420,36378
4425,0,5540,16040,16040,15305,16121
4426,3,1652,12152,12367,39112,39266
4427,0,8106,18606,18606,35737,38027
4428,0,1893,12393,12393,16930,37898
4429,0,24342,35720,35720,13181,35107
4430,0,6502,17002,17002,18947,39532
4431,0,4362,14862,14862,35287,19292
4432,0,21448,39252,39252,16145,36387
4433,0,375,10875,10875,18183,14870
4434,0,1966,12466,12466,11313,15532
4435,0,3957,14457,14457,16430,20710
4436,0,23685,38443,38443,37488,36956
4437,0,5696,16196,16196,15946,11148
4438,0,1243,11743,11743,13826,35457
4439,0,24637,37112,37112,17424,17141
4440,0,21860,36845,36845,38669,37753
4441,0,9142,19642,19642,12356,12497
4442,0,941,11441,11441,17112,17942
4443,0,10347,20847,20847,10985,17732
4444,0,3346,13846,13846,20154,16862
4445,0,2657,13157,13157,18558,13554
4446,1,25049,39262,12505,39262,11773
4447,0,23300,35475,35475,36374,13564
4448,0,5326,15826,15826,37407,17485
4449,0,22965,38252,38252,19829,19489
4450,1,6578,17078,18688,17078,37373
4451,4,2799,13299,15426,19364,13110
4452,0,4306,14806,14806,37662,35778
4453,0,22865,35436,35436,16079,11203
4454,37,22184,36119,39279,11393,14413
4455,1,7244,17744,20023,17744,13267
4456,0,298,10798,10798,16621,16772
4457,2,23815,36823,15412,18522,36823
4458,0,3823,14323,14323,18727,20504
4459,0,9934,20434,20434,10838,17631
4460,0,7977,18477,18477,17065,17107
4461,24,2035,12535,20098,13564,35475
4462,0,4039,14539,14539,12975,37633
4463,0,9807,20307,20307,35870,12128
4464,0,22191,36641,36641,19261,38993
4465,0,1499,11999,11999,37637,20265
4466,0,3512,14012,14012,11202,17160
4467,1,24990,39474,39299,39474,14501
4468,0,8844,19344,19344,37021,20016
4469,0,8362,18862,18862,13958,13793
4470,0,6828,17328,17328,12681,12670
4471,0,7130,17630,17630,13301,18368
4472,0,23768,37017,37017,11891,20859
4473,0,9192,19692,19692,17405,12636
4474,0,4085,14585,14585,19545,38556
4475,8,242,10742,39585,20447,16825
4476,0,21838,37340,37340,11843,18012
4477,1,1644,12144,11075,12144,11008
4478,0,7371,17871,17871,36618,13818
4479,0,25213,35455,35455,12002,19079
4480,5,5594,16094,17825,17137,12793
4481,0,25293,35830,35830,37612,37057
4482,0,10272,20772,20772,39463,15404
4483,0,5231,15731,15731,16260,11455
4484,4,2076,12576,38466,17685,13655
4485,0,4103,14603,14603,13338,15088
4486,0,7493,17993,17993,18492,39508
4487,0,5968,16468,16468,13907,16131
4488,0,25247,37119,37119,17157,38896
4489,0,22321,36426,36426,14254,20393
4490,0,3966,14466,14466,16932,11021
4491,0,23699,36784,36784,37548,37547
4492,0,22464,39277,39277,19219,36205
4493,0,22896,38664,38664,38750,15094
4494,0,6754,17254,17254,18813,12593
4495,1,9948,20448,20407,20448,19433
4496,0,22359,38361,38361,14761,13433
4497,0,23418,37060,37060,13779,12120
4498,0,4078,14578,14578,19448,15755
4499,0,7754,18254,18254,16601,19041
4500,0,8832,19332,19332,16002,37134
4501,0,2778,13278,13278,36211,37307
4502,0,4603,15103,15103,16886,39483
4503,0,4932,15432,15432,12671,38167
4504,0,1985,12485,12485,18139,38690
4505,4,3861,14361,16994,35423,14724
4506,0,7774,18274,18274,12648,12413
4507,0,325,10825,10825,36976,11144
4508,2,22567,39251,12717,18602,39251
4509,0,6394,16894,16894,35158,11816
4510,0,22950,35824,35824,13460,12494
4511,0,4054,14554,14554,39157,15802
4512,0,2237,12737,12737,20840,35621
4513,0,5229,15729,15729,14724,37313
4514,11,4571,15071,15146,36103,11743
4515,0,8976,19476,19476,11099,15501
4516,0,7454,17954,17954,13858,35545
4517,1,1268,11768,12281,11768,16842
4518,0,864,11364,11364,38246,14103
4519,0,4942,15442,15442,36003,13366
4520,10,2253,12753,39558,19456,18000
4521,0,6010,16510,16510,14130,35689
4522,0,6911,17411,17411,11199,37783
4523,0,9815,20315,20315,11309,11152
4524,0,6998,17498,17498,36294,17228
4525,0,371,10871,10871,37999,20039
4526,0,24176,35326,35326,13663,11154
4527,0,7940,18440,18440,36795,36748
4528,16,609,11109,35873,17316,11973
4529,0,4651,15151,15151,11938,18675
4530,0,22610,37135,37135,11060,14758
4531,0,8872,19372,19372,16503,35920
4532,0,22299,36282,36282,15997,15988
4533,0,22209,39068,39068,12431,36447
4534,0,21604,36105,36105,17504,37497
4535,0,2364,12864,12864,39552,15055
4536,7,7766,18266,12424,35347,38487
4537,0,7148,17648,17648,18639,12072
4538,0,3789,14289,14289,20768,15788
4539,0,24599,35531,35531,38869,14993
4540,0,5581,16081,16081,18765,20805
4541,0,9239,19739,19739,36979,17246
4542,0,5060,15560,15560,35456,15209
4543,0,22056,39303,39303,35442,38190
4544,0,21321,37794,37794,36409,20645
4545,0,8671,19171,19171,35451,15793
4546,0,662,11162,11162,12954,18473
4547,0,21883,37534,37534,20942,13586
4548,0,10172,20672,20672,19726,39063
4549,0,2776,13276,13276,13430,16719
4550,0,4535,15035,15035,10522,35617
4551,0,7189,17689,17689,11358,14165
4552,0,9720,20220,20220,38872,15759
4553,0,5573,16073,16073,17949,18700
4554,0,6135,16635,16635,20922,20521
4555,0,4427,14927,14927,38281,17515
4556,0,5247,15747,15747,20077,15918
4557,1,10392,20892,36272,20892,10532
4558,0,3981,14481,14481,16310,36235
4559,0,7825,18325,18325,15166,11112
4560,0,2669,13169,13169,18935,18602
4561,0,3977,14477,14477,14527,39435
4562,0,279,10779,10779,20475,38270
4563,0,22753,35706,35706,11905,16456
4564,125,8718,19218,38895,12997,35630
4565,0,7452,17952,17952,11552,20421
4566,0,5197,15697,15697,10581,18408
4567,0,23139,37971,37971,13139,10518
4568,3,25228,38569,37410,10962,36287
4569,0,4155,14655,14655,10704,19524
4570,0,25200,36248,36248,12163,20828
4571,0,4883,15383,15383,15941,20861
4572,0,5807,16307,16307,36873,36241
4573,0,3809,14309,14309,38570,15284
4574,1,8713,19213,12560,19213,12769
4575,5,24889,36412,37446,17234,10959
4576,0,4683,15183,15183,11118,35590
4577,0,10194,20694,20694,38509,20376
4578,0,24320,37212,37212,11474,14361
4579,5,21317,37676,12290,12783,17034
4580,0,5593,16093,16093,20378,39582
4581,1,21324,35401,35400,35401,39056
4582,0,6897,17397,17397,16524,38449
4583,0,4563,15063,15063,17217,39197
4584,0,8376,18876,18876,36729,15588
4585,0,9284,19784,19784,20939,11169
4586,0,9434,19934,19934,12374,35094
4587,0,1269,11769,11769,14213,18556
4588,2,2350,12850,39090,37302,12850
4589,0,8745,19245,19245,13503,16324
4590,0,1384,11884,11884,11363,38299
4591,0,9379,19879,19879,38071,36905
4592,0,9036,19536,19536,39317,39362
4593,0,5856,16356,16356,10734,13923
4594,1,297,10797,19564,10797,17552
4595,0,8635,19135,19135,11878,37084
4596,2,24040,37791,18172,15928,37791
4597,0,22612,36193,36193,38276,12972
4598,0,9835,20335,20335,20851,19327
4599,0,2077,12577,12577,17440,11370
4600,0,9377,19877,19877,13981,14140
4601,0,23125,36554,36554,14913,13023
4602,0,2229,12729,12729,12321,37228
4603,0,2842,13342,13342,10932,20641
4604,2,2537,13037,37100,37487,13037
4605,0,194,10694,10694,39351,13843
4606,0,22149,37023,37023,15163,20247
4607,0,7362,17862,17862,13725,20301
4608,1,6636,17136,14590,17136,35616
4609,0,7498,17998,17998,37887,39306
4610,0,21895,35448,35448,11734,12496
4611,0,4042,14542,14542,20046,13208
4612,21,6553,17053,37440,11115,36504
4613,0,5505,16005,16005,16898,37070
4614,0,6854,17354,17354,13951,15657
4615,0,6761,17261,17261,37734,12360
4616,3,5300,15800,13217,10998,18860
4617,0,22935,36163,36163,18217,18174
4618,0,320,10820,10820,13172,11450
4619,0,7135,17635,17635,15416,17826
4620,0,1371,11871,11871,37414,38087
4621,152,22905,39319,20722,37553,14856
4622,0,2654,13154,13154,19174,35140
4623,0,9099,19599,19599,35110,18964
4624,0,21343,36434,36434,37997,15213
4625,0,3398,13898,13898,15758,19718
4626,1,8532,19032,39386,19032,18150
4627,0,9593,20093,20093,18344,13308
4628,0,24557,35858,35858,11674,15969
4629,0,21208,37631,37631,38731,14643
4630,0,21800,37183,37183,17919,36877
4631,1,926,11426,13489,11426,20214
4632,0,244,10744,10744,15508,11644
4633,0,7469,17969,17969,14048,12748
4634,0,8207,18707,18707,12961,10843
4635,0,143,10643,10643,36187,18835
4636,0,5983,16483,16483,19462,35160
4637,0,8151,18651,18651,14722,19090
4638,4,2363,12863,11604,20821,36016
4639,0,24206,35564,35564,18879,36682
4640,0,129,10629,10629,15379,10696
4641,1,1161,11661,20892,11661,36272
4642,0,10398,20898,20898,17857,14759
4643,0,22909,39287,39287,14494,18069
4644,0,5953,16453,16453,10880,15715
4645,0,287,10787,10787,36103,35494
4646,0,9380,19880,19880,12724,16574
4647,0,5308,15808,15808,14974,14136
4648,31,8681,19181,13451,15201,37439
4649,0,1170,11670,11670,18970,14857
4650,0,22539,37630,37630,38107,18674
4651,1,9191,19691,13369,19691,20153
4652,0,6792,17292,17292,18401,11912
4653,0,23325,38697,38697,20354,37975
4654,0,1859,12359,12359,10796,15215
4655,0,24499,35284,35284,19771,18592
4656,0,9910,20410,20410,15913,36173
4657,0,6781,17281,17281,13966,11112
4658,0,21373,35689,35689,16510,36937
4659,0,21115,37721,37721,17109,17736
4660,5,3121,13621,37619,19945,39327
4661,0,8579,19079,19079,35455,12002
4662,0,1311,11811,11811,15227,11405
4663,0,1032,11532,11532,15933,16479
4664,0,8339,18839,18839,10923,18899
4665,0,10012,20512,20512,14034,11837
4666,0,6382,16882,16882,19185,13476
4667,0,7910,18410,18410,13075,39557
4668,0,931,11431,11431,39507,11778
4669,0,691,11191,11191,11324,36959
4670,1,23725,37501,36705,37501,19807
4671,0,6364,16864,16864,17247,36288
4672,0,1909,12409,12409,16632,16491
4673,2,9021,19521,16252,35424,19521
4674,5,23587,37969,10722,17686,19168
4675,0,24142,38770,38770,38140,11385
4676,0,44,10544,10544,12871,19762
4677,0,3939,14439,14439,12895,36336
4678,0,24261,39144,39144,13360,37539
4679,0,7108,17608,17608,12372,36817
4680,1,9241,19741,20645,19741,35235
4681,0,4319,14819,14819,16684,36063
4682,0,2965,13465,13465,35836,18148
4683,0,3969,14469,14469,18205,38469
4684,0,23445,39463,39463,16094,20772
4685,0,24041,36792,36792,12416,35576
4686,0,23655,37503,37503,11260,10858
4687,0,7478,17978,17978,16684,18584
4688,0,6308,16808,16808,36676,38889
4689,0,4159,14659,14659,17851,37393
4690,7,3092,13592,11394,10891,12241
4691,0,22575,38389,38389,11861,11971
4692,0,7954,18454,18454,12607,14661
4693,0,5555,16055,16055,15873,37936
4694,0,3982,14482,14482,18928,17467
4695,1,9929,20429,16362,20429,35162
4696,0,6940,17440,17440,12577,37874
4697,0,1404,11904,11904,35597,16503
4698,0,3195,13695,13695,38277,12216
4699,0,22615,38219,38219,38218,12280
4700,0,24759,35929,35929,35123,13430
4701,0,9746,20246,20246,15847,11790
4702,0,969,11469,11469,13830,16468
4703,0,22455,36753,36753,37480,15309
4704,0,6543,17043,17043,13528,11760
4705,0,9117,19617,19617,12279,36994
4706,6,2843,13343,36797,17378,19935
4707,0,2851,13351,13351,19857,17743
4708,0,23662,36938,36938,37702,16832
4709,0,22269,37356,37356,12287,15703
4710,0,5956,16456,16456,16993,35706
4711,0,23963,35203,35203,11916,11743
4712,0,25375,36550,36550,13329,38363
4713,1,4471,14971,17137,14971,36077
4714,0,10133,20633,20633,38502,12623
4715,0,23615,36625,36625,17035,18894
4716,0,1789,12289,12289,16526,39041
4717,4,24076,36996,10707,39035,18576
4718,0,2059,12559,12559,35354,36568
4719,0,7143,17643,17643,36601,35507
4720,0,9362,19862,19862,12029,35935
4721,0,1902,12402,12402,35275,14679
4722,0,4686,15186,15186,36196,20350
4723,3,10143,20643,36648,20268,36555
4724,0,8090,18590,18590,13445,16653
4725,3,4922,15422,36268,15603,11530
4726,0,6785,17285,17285,13035,18487
4727,0,21375,37935,37935,15939,17172
4728,476,75,10575,38844,16308,11773
4729,0,2345,12845,12845,39347,18907
4730,0,6447,16947,16947,12566,38923
4731,14,8430,18930,16169,19463,16436
4732,0,8622,19122,19122,18747,17693
4733,0,4586,15086,15086,39038,14345
4734,0,22672,39034,39034,18194,17874
4735,0,9656,20156,20156,13333,37217
4736,0,9341,19841,19841,20688,17643
4737,0,21853,37210,37210,12332,35316
4738,0,1553,12053,12053,18638,15737
4739,1,5874,16374,11768,16374,12281
4740,0,8432,18932,18932,20497,14041
4741,0,8975,19475,19475,13764,17998
4742,294,22811,39138,38794,39390,12382
4743,0,23854,39228,39228,10534,13263
4744,0,9169,19669,19669,35942,13258
4745,0,25374,35798,35798,14789,17915
4746,28,5695,16195,17866,38803,38496
4747,0,2941,13441,13441,37076,36054
4748,0,9975,20475,20475,10779,12272
4749,0,10010,20510,20510,19906,36510
4750,0,7381,17881,17881,14985,17867
4751,0,23677,36671,36671,16238,17103
4752,0,1620,12120,12120,37060,13779
4753,0,24395,39581,39581,12757,18600
4754,1,7905,18405,19132,18405,11177
4755,0,21710,35147,35147,36938,15084
4756,0,23155,37747,37747,16776,16196
4757,0,6782,17282,17282,11413,19248
4758,0,24736,36840,36840,14810,14840
4759,0,23874,37763,37763,19108,13161
4760,0,22278,37900,37900,39585,16441
4761,0,1609,12109,12109,18611,36352
4762,0,3096,13596,13596,15085,19751
4763,1,2415,12915,36171,12915,35207
4764,0,23551,35556,35556,20652,38833
4765,0,2017,12517,12517,19859,16351
4766,2,2971,13471,19012,35376,13471
4767,0,25042,39297,39297,13530,37887
4768,0,3246,13746,13746,36742,16749
4769,0,124,10624,10624,16217,14642
4770,33,1106,11606,12316,37257,20410
4771,0,1814,12314,12314,12227,11071
4772,0,23756,38710,38710,15391,39178
4773,0,25346,38336,38336,15038,12941
4774,0,8790,19290,19290,15199,13589
4775,0,2123,12623,12623,20633,13617
4776,0,24807,38682,38682,14081,18158
4777,0,24173,37519,37519,20674,10609
4778,0,23100,35309,35309,13257,18350
4779,0,8970,19470,19470,19421,18428
4780,0,25284,39094,39094,14125,17434
4781,0,2197,12697,12697,16333,17330
4782,0,4051,14551,14551,20778,36027
4783,0,1216,11716,11716,15758,17203
4784,0,7701,18201,18201,16405,12759
4785,0,725,11225,11225,19715,38183
4786,1,9170,19670,38984,19670,37283
4787,3,808,11308,18391,17034,36725
4788,0,23328,35818,35818,19099,14289
4789,0,10438,20938,20938,20095,39534
4790,0,4906,15406,15406,12228,37894
4791,0,21972,38473,38473,12758,20013
4792,0,25010,38151,38151,20106,12310
4793,0,3962,14462,14462,14449,38288
4794,0,22839,36976,36976,10825,11144
4795,0,2671,13171,13171,36283,14877
4796,0,9530,20030,20030,39375,16326
4797,16,1764,12264,19639,35999,11662
4798,0,22784,35305,35305,13703,35707
4799,0,607,11107,11107,20826,16070
4800,0,9438,19938,19938,13339,18358
4801,0,9709,20209,20209,13868,35335
4802,0,3217,13717,13717,12615,13857
4803,0,5737,16237,16237,18166,19892
4804,0,8479,18979,18979,35350,35755
4805,0,2053,12553,12553,37669,14787
4806,0,3164,13664,13664,10652,39380
4807,0,22400,35102,35102,39579,39125
4808,0,23751,38723,38723,11762,37575
4809,0,22417,39382,39382,37391,35547
4810,0,1657,12157,12157,16486,17407
4811,0,8069,18569,18569,19909,12494
4812,1,8644,19144,13745,19144,12058
4813,0,2710,13210,13210,15310,15499
4814,0,24394,38342,38342,16060,14856
4815,0,7549,18049,18049,15836,16069
4816,0,4266,14766,14766,12919,38277
4817,0,6715,17215,17215,17716,15297
4818,0,422,10922,10922,12069,19147
4819,0,5316,15816,15816,20746,12271
4820,0,8849,19349,19349,36479,36329
4821,0,2845,13345,13345,37093,14532
4822,0,4066,14566,14566,37433,36749
4823,0,22490,37803,37803,17529,38915
4824,0,5244,15744,15744,11164,20266
4825,0,1001,11501,11501,12146,14882
4826,1,4198,14698,36235,14698,16310
4827,0,2418,12918,12918,38478,39227
4828,1,23067,36301,35614,36301,38519
4829,0,3575,14075,14075,15671,12768
4830,0,6726,17226,17226,18409,38315
4831,0,3847,14347,14347,36508,36906
4832,0,961,11461,11461,37479,17742
4833,0,9621,20121,20121,38963,14697
4834,0,10439,20939,20939,16920,19784
4835,0,22554,39478,39478,38227,39084
4836,0,757,11257,11257,35195,18567
4837,0,5313,15813,15813,13636,12835
4838,0,2284,12784,12784,15420,20546
4839,0,21996,38818,38818,39242,18066
4840,4,4827,15327,19283,35910,39369
4841,0,22303,37873,37873,18875,15608
4842,0,807,11307,11307,16091,19823
4843,0,3907,14407,14407,12862,38915
4844,7,7023,17523,18835,10828,36271
4845,0,1956,12456,12456,38310,11903
4846,0,9343,19843,19843,11567,11114
4847,0,10259,20759,20759,35650,39518
4848,0,22353,36811,36811,35779,18163
4849,0,2402,12902,12902,39195,18743
4850,0,23184,35366,35366,15998,35846
4851,0,1073,11573,11573,18695,36087
4852,0,6524,17024,17024,20467,20276
4853,0,22880,37348,37348,19251,14810
4854,3,22843,39585,10742,39317,20447
4855,0,8095,18595,18595,11165,16364
4856,0,21775,35758,35758,12166,36514
4857,0,22373,37167,37167,10952,15732
4858,2,23513,35796,38171,13189,35796
4859,0,21033,36560,36560,20140,13547
4860,1,1003,11503,13677,11503,37841
4861,0,7658,18158,18158,38211,18076
4862,0,22396,38247,38247,18584,19192
4863,0,7566,18066,18066,39242,38818
4864,0,23608,38445,38445,16793,37808
4865,0,5368,15868,15868,39115,20503
4866,0,25037,36696,36696,38730,19610
4867,0,6289,16789,16789,19709,35476
4868,0,9970,20470,20470,18556,20820
4869,1,25444,39090,37302,39090,38824
4870,0,23298,37618,37618,38106,19320
4871,0,985,11485,11485,20996,20303
4872,0,23550,35356,35356,16453,12235
4873,0,6169,16669,16669,16178,15446
4874,0,22836,36063,36063,14819,37002
4875,0,7384,17884,17884,15042,13349
4876,12,23203,35537,36390,20627,12580
4877,0,22515,38296,38296,38297,39410
4878,0,9726,20226,20226,12085,20614
4879,0,21827,38647,38647,14277,17919
4880,4,2462,12962,18492,17993,39508
4881,0,268,10768,10768,12861,17484
4882,0,7962,18462,18462,12090,36849
4883,0,3580,14080,14080,16771,14068
4884,0,71,10571,10571,20208,36613
4885,0,22552,36768,36768,14680,11530
4886,1,25437,38887,38095,38887,12538
4887,0,2821,13321,13321,35693,38370
4888,0,23696,38052,38052,38908,11732
4889,0,589,11089,11089,11226,35700
4890,0,10467,20967,20967,17857,20898
4891,0,9871,20371,20371,17297,37616
4892,0,21263,35648,35648,20751,11104
4893,43,23140,39579,18592,38345,20771
4894,0,21147,35413,35413,16558,37881
4895,0,3758,14258,14258,36124,13371
4896,0,6845,17345,17345,10663,11369
4897,16,2028,12528,20669,37023,38180
4898,1,8869,19369,20866,19369,19928
4899,0,24739,36834,36834,19991,39587
4900,0,5454,15954,15954,15189,20197
4901,0,9906,20406,20406,36896,19315
4902,0,25405,36263,36263,10992,38360
4903,0,9830,20330,20330,19303,11752
4904,0,25385,38578,38578,11283,17924
4905,0,2432,12932,12932,35991,38463
4906,0,4647,15147,15147,39562,20053
4907,0,8469,18969,18969,13942,18375
4908,0,24314,37817,37817,35816,38657
4909,0,896,11396,11396,13112,36014
4910,0,22733,36927,36927,10637,36307
4911,0,1587,12087,12087,17932,10560
4912,0,6686,17186,17186,38625,38890
4913,0,1719,12219,12219,36610,35861
4914,0,6100,16600,16600,14673,16599
4915,0,3806,14306,14306,35464,19591
4916,0,8806,19306,19306,17204,17454
4917,2,21811,36095,15282,39396,36095
4918,2,3961,14461,15684,13280,14461
4919,15,22294,38844,16175,11052,16849
4920,0,7036,17536,17536,19690,37532
4921,0,23315,39302,39302,38067,37020
4922,0,890,11390,11390,14118,13981
4923,0,25025,38112,38112,37471,13739
4924,0,4006,14506,14506,38687,19250
4925,0,4939,15439,15439,13417,16896
4926,0,25365,38796,38796,15636,39050
4927,0,9713,20213,20213,38276,17424
4928,0,5898,16398,16398,17156,16280
4929,0,24458,38018,38018,36687,35534
4930,0,24590,36556,36556,16567,35602
4931,0,21849,35898,35898,18199,15428
4932,1,584,11084,19574,11084,15266
4933,9,3932,14432,14405,13695,19580
4934,0,1260,11760,11760,14613,17120
4935,1,10456,20956,20593,20956,16538
4936,0,310,10810,10810,17039,39051
4937,0,1716,12216,12216,35192,38203
4938,0,6009,16509,16509,15333,38695
4939,0,2052,12552,12552,36037,10971
4940,0,25053,35182,35182,15810,35674
4941,0,4668,15168,15168,15212,17276
4942,0,4298,14798,14798,12705,13950
4943,0,6646,17146,17146,16857,13882
4944,0,3783,14283,14283,14785,36114
4945,0,1008,11508,11508,15076,16369
4946,0,7347,17847,17847,38970,37614
4947,0,21203,37097,37097,19349,18119
4948,0,24396,38651,38651,11217,35929
4949,0,8383,18883,18883,35815,20236
4950,0,21420,35685,35685,17495,35172
4951,0,4059,14559,14559,20989,12884
4952,0,8721,19221,19221,19939,17584
4953,0,90,10590,10590,37784,12440
4954,0,1987,12487,12487,17452,18707
4955,0,22024,37200,37200,11405,37491
4956,0,25231,38760,38760,38752,15249
4957,0,7279,17779,17779,36647,35825
4958,0,25121,36627,36627,36955,14196
4959,0,22734,35444,35444,16978,13475
4960,1,21569,37611,17704,37611,12113
4961,0,24146,38833,38833,20651,20652
4962,0,21378,37609,37609,11900,18031
4963,0,24928,37498,37498,18682,15336
4964,0,2925,13425,13425,38189,37970
4965,0,9981,20481,20481,19256,37469
4966,0,8185,18685,18685,38072,35226
4967,0,5884,16384,16384,16707,17163
4968,0,2341,12841,12841,38853,12618
4969,0,24563,37632,37632,17187,10810
4970,0,22272,35243,35243,36850,35617
4971,0,627,11127,11127,17055,11405
4972,0,10065,20565,20565,16128,12694
4973,0,7545,18045,18045,17052,14267
4974,0,23748,36628,36628,36886,15084
4975,0,4765,15265,15265,37902,36044
4976,0,21759,39002,39002,15438,18708
4977,0,25084,37251,37251,16944,35870
4978,0,128,10628,10628,37323,35862
4979,0,23147,37887,37887,13530,39306
4980,0,10411,20911,20911,13662,11213
4981,0,4182,14682,14682,35210,17665
4982,0,7299,17799,17799,39455,37458
4983,0,6995,17495,17495,35685,19201
4984,0,2398,12898,12898,15476,17211
4985,0,24384,38025,38025,13892,16347
4986,0,1186,11686,11686,12130,37724
4987,0,23050,36397,36397,15985,37396
4988,0,24490,39169,39169,20709,10733
4989,0,5314,15814,15814,18967,35412
4990,0,9220,19720,19720,36966,13868
4991,0,4247,14747,14747,19419,19969
4992,0,24751,38923,38923,16947,13033
4993,13,9107,19607,13236,16272,38996
4994,7,1096,11596,20519,35148,19783
4995,0,6653,17153,17153,37904,19586
4996,4,1273,11773,14230,14072,18048
4997,0,5698,16198,16198,19309,38298
4998,1,22704,38573,15572,38573,11520
4999,0,8728,19228,19228,15395,19534
5000,0,6797,17297,17297,37616,20371
5001,0,6615,17115,17115,13637,19335
5002,0,3358,13858,13858,13196,17954
5003,0,7755,18255,18255,17770,36934
5004,0,183,10683,10683,11980,18538
5005,0,22178,36440,36440,37677,18708
5006,0,23928,35909,35909,12270,11748
5007,0,6513,17013,17013,12916,18528
5008,0,4567,15067,15067,35245,17164
5009,0,6603,17103,17103,16534,36636
5010,0,23058,37028,37028,15207,15524
5011,0,1961,12461,12461,17488,11410
5012,0,4992,15492,15492,38358,11508
5013,0,4891,15391,15391,38710,10513
5014,0,8039,18539,18539,35126,15881
5015,0,5869,16369,16369,13772,11055
5016,0,21492,38821,38821,37562,35285
5017,0,6226,16726,16726,20141,35582
5018,0,24295,35859,35859,15368,20867
5019,0,21019,35204,35204,36594,11512
5020,0,1251,11751,11751,15660,10762
5021,0,3176,13676,13676,35468,12486
5022,0,3359,13859,13859,15223,20433
5023,0,10305,20805,20805,17618,16081
5024,0,9624,20124,20124,12297,12882
5025,0,25399,36194,36194,15503,14456
5026,0,22468,38087,38087,37414,11871
5027,0,7411,17911,17911,18896,16373
5028,0,7538,18038,18038,16357,36244
5029,0,1051,11551,11551,38023,38024
5030,6,9221,19721,39543,12296,17464
5031,0,8464,18964,18964,19278,19599
5032,0,4763,15263,15263,17633,15215
5033,0,25416,39419,39419,36225,18645
5034,0,1874,12374,12374,18207,19934
5035,0,9278,19778,19778,17613,17240
5036,0,7282,17782,17782,37815,36355
5037,0,9008,19508,19508,17428,10847
5038,0,23334,36006,36006,16215,37360
5039,3,4322,14822,19190,19584,11838
5040,0,9448,19948,19948,11712,13759
5041,0,5831,16331,16331,38992,35152
5042,0,24797,37414,37414,11871,19078
5043,0,10098,20598,20598,12420,37871
5044,0,9730,20230,20230,15825,19192
5045,0,21705,37739,37739,13588,12532
5046,0,22096,36253,36253,37620,15568
5047,0,4485,14985,14985,35315,17398
5048,0,8615,19115,19115,18276,35658
5049,58,3924,14424,19171,37675,36294
5050,0,23888,38813,38813,38812,17727
5051,2,9563,20063,39445,15679,20063
5052,0,21830,35659,35659,36255,11175
5053,0,7850,18350,18350,36097,37090
5054,0,24961,36703,36703,13584,15631
5055,1,3113,13613,17842,13613,16624
5056,1,3303,13803,11379,13803,17187
5057,0,9536,20036,20036,18296,18253
5058,0,1690,12190,12190,35496,17961
5059,0,9634,20134,20134,37040,12160
5060,1,5048,15548,19823,15548,11735
5061,0,10097,20597,20597,16673,20063
5062,0,3308,13808,13808,15772,13200
5063,0,1504,12004,12004,20466,37002
5064,0,1806,12306,12306,10733,35140
5065,1,3871,14371,18036,14371,12180
5066,1,9967,20467,20276,20467,17024
5067,0,3791,14291,14291,15092,13919
5068,28,21251,38879,37294,13586,13843
5069,1,22190,36186,37501,36186,19807
5070,0,21985,36109,36109,37021,36110
5071,0,1717,12217,12217,16119,37831
5072,0,2696,13196,13196,13858,17954
5073,0,1848,12348,12348,12354,35540
5074,0,4512,15012,15012,12636,19692
5075,0,21804,35727,35727,12260,37581
5076,0,6622,17122,17122,35383,35149
5077,0,3435,13935,13935,37640,14651
5078,0,10151,20651,20651,38833,20448
5079,0,142,10642,10642,18230,39323
5080,0,22170,35096,35096,36810,14277
5081,0,6992,17492,17492,36705,19662
5082,0,23038,37976,37976,14157,19900
5083,0,9878,20378,20378,16093,10832
5084,0,1117,11617,11617,18746,18716
5085,0,1756,12256,12256,35815,15543
5086,0,497,10997,10997,17208,19420
5087,0,6751,17251,17251,38003,12870
5088,0,870,11370,11370,12577,14674
5089,0,3357,13857,13857,12615,15364
5090,0,9104,19604,19604,37514,37733
5091,0,7678,18178,18178,36517,39366
5092,0,721,11221,11221,20089,16343
5093,0,886,11386,11386,20091,11841
5094,0,21001,38998,38998,36043,12415
5095,0,23961,35582,35582,35305,19746
5096,0,23324,37045,37045,35860,18393
5097,0,8347,18847,18847,17545,19285
5098,0,8102,18602,18602,13169,12717
5099,0,21377,37636,37636,37457,36299
5100,0,25434,36568,36568,35354,12559
5101,0,314,10814,10814,20129,38298
5102,0,23262,39590,39590,18503,11466
5103,0,23556,39330,39330,14109,35290
5104,0,4204,14704,14704,15982,11435
5105,0,5850,16350,16350,19480,15797
5106,0,6129,16629,16629,16367,11418
5107,0,5447,15947,15947,16495,14132
5108,0,3129,13629,13629,13244,14743
5109,1,1996,12496,11734,12496,35448
5110,0,23720,35711,35711,20194,13745
5111,0,3968,14468,14468,13890,12723
5112,0,23391,36435,36435,13936,18410
5113,0,336,10836,10836,39289,16972
5114,0,21720,36436,36436,11343,20632
5115,0,24987,37148,37148,16205,13423
5116,0,10384,20884,20884,13696,18545
5117,0,2985,13485,13485,17652,39315
5118,0,4620,15120,15120,37275,38238
5119,0,6531,17031,17031,19586,20628
5120,0,9857,20357,20357,37224,17347
5121,7,3558,14058,38913,38996,19806
5122,0,24824,38269,38269,18937,16868
5123,3,3416,13916,39585,37900,16441
5124,0,307,10807,10807,19835,37233
5125,0,23871,39486,39486,39437,13619
5126,0,23054,35964,35964,13897,16483
5127,2,348,10848,36412,35875,10848
5128,0,5918,16418,16418,13840,38868
5129,0,21954,37774,37774,18358,13339
5130,0,7243,17743,17743,17006,13351
5131,0,22258,38853,38853,12841,38432
5132,0,4482,14982,14982,20044,17772
5133,0,9421,19921,19921,16339,38520
5134,0,8263,18763,18763,14269,19119
5135,0,24921,36096,36096,35231,19069
5136,0,6855,17355,17355,20671,14155
5137,0,21836,37490,37490,38586,36011
5138,0,23168,35312,35312,14736,15069
5139,7,24916,36805,17907,19902,10840
5140,0,22085,35380,35380,18774,35399
5141,0,1666,12166,12166,35758,36514
5142,0,7579,18079,18079,35974,35973
5143,7,5570,16070,14345,38538,39038
5144,0,52,10552,10552,11223,12138
5145,0,9965,20465,20465,35405,16379
5146,0,6263,16763,16763,17295,18942
5147,0,1445,11945,11945,36993,14242
5148,1,9843,20343,39427,20343,15639
5149,0,10184,20684,20684,14144,36176
5150,0,1695,12195,12195,37170,38321
5151,0,1574,12074,12074,37306,36387
5152,0,22561,35699,35699,20581,17191
5153,0,4405,14905,14905,19001,11830
5154,197,1630,12130,12651,19953,15718
5155,0,24897,38328,38328,35611,11987
5156,0,1881,12381,12381,20474,11671
5157,0,5074,15574,15574,16443,36458
5158,0,5509,16009,16009,19587,20068
5159,0,24927,37834,37834,12353,16559
5160,22,22670,35130,19483,37458,13135
5161,0,9040,19540,19540,20484,35142
5162,0,22029,35240,35240,35360,13230
5163,18,22686,37475,36794,35130,20101
5164,0,186,10686,10686,18091,15999
5165,0,5558,16058,16058,11321,19064
5166,0,7185,17685,17685,18468,12576
5167,0,24835,38467,38467,18318,35554
5168,0,24836,36103,36103,10787,35494
5169,0,6587,17087,17087,14400,19355
5170,1,1234,11734,12496,11734,11230
5171,0,10479,20979,20979,12051,17198
5172,0,3915,14415,14415,16741,19839
5173,0,446,10946,10946,17753,20854
5174,0,844,11344,11344,36312,19099
5175,0,5201,15701,15701,12616,38786
5176,0,24664,37962,37962,20866,19928
5177,0,22588,36148,36148,15741,36149
5178,0,2440,12940,12940,12377,10940
5179,1,3103,13603,14240,13603,39502
5180,2,7692,18192,36854,35767,18192
5181,0,4774,15274,15274,14443,35295
5182,0,6974,17474,17474,17555,15650
5183,0,6094,16594,16594,12720,35925
5184,0,9486,19986,19986,36418,18126
5185,0,2153,12653,12653,13073,12127
5186,1,5518,16018,20676,16018,14763
5187,2,23427,36602,15615,10868,36602
5188,0,5067,15567,15567,15521,35181
5189,0,22283,37248,37248,37319,13837
5190,0,23087,36140,36140,37584,14703
5191,0,23106,37080,37080,20384,16603
5192,0,776,11276,11276,38266,16430
5193,0,8417,18917,18917,36848,12969
5194,0,23380,38538,38538,16070,14345
5195,0,6324,16824,16824,19511,20463
5196,0,4920,15420,15420,12784,13228
5197,0,25216,37646,37646,10620,16170
5198,0,9182,19682,19682,11289,35500
5199,0,24452,38842,38842,36406,12282
5200,0,21534,35934,35934,18434,18390
5201,0,3136,13636,13636,15813,38589
5202,1,21874,37221,16426,37221,13153
5203,0,5462,15962,15962,20377,14036
5204,3,3183,13683,11641,15934,39467
5205,1,22902,37639,39364,37639,11915
5206,0,7522,18022,18022,13685,17071
5207,1,22216,36494,16409,36494,14824
5208,1,3199,13699,16329,13699,13916
5209,0,21701,35935,35935,13002,15097
5210,2,1289,11789,11866,17441,11789
5211,0,24246,38870,38870,18885,35925
5212,0,21421,38913,38913,38996,37896
5213,0,21654,37310,37310,15092,11391
5214,0,7542,18042,18042,37201,38700
5215,1,1879,12379,14646,12379,12568
5216,0,23264,38555,38555,36651,13281
5217,0,10003,20503,20503,15868,37527
5218,0,5457,15957,15957,13612,17754
5219,0,2148,12648,12648,18274,16508
5220,0,4131,14631,14631,35399,16917
5221,2,1036,11536,37336,12749,11536
5222,0,8828,19328,19328,18521,38628
5223,0,25429,38889,38889,39244,11423
5224,0,4134,14634,14634,35542,35746
5225,2,649,11149,36701,17079,11149
5226,0,9275,19775,19775,16231,36043
5227,0,6711,17211,17211,17639,12898
5228,0,861,11361,11361,36035,11693
5229,1,9095,19595,37543,19595,15113
5230,0,191,10691,10691,37927,14434
5231,0,8301,18801,18801,18385,13344
5232,0,6026,16526,16526,12289,16359
5233,0,1942,12442,12442,10726,39278
5234,0,4331,14831,14831,14275,12693
5235,1,22344,38985,16769,38985,18408
5236,0,8775,19275,19275,15554,16538
5237,0,7972,18472,18472,36768,19699
5238,0,21371,36188,36188,35921,16115
5239,0,25124,38693,38693,36514,18297
5240,1,22914,35708,13877,35708,18633
5241,0,2775,13275,13275,13688,15068
5242,0,4145,14645,14645,11830,19280
5243,0,24007,37500,37500,20218,14843
5244,0,2617,13117,13117,20246,11790
5245,0,2411,12911,12911,14379,13247
5246,0,1094,11594,11594,36988,14567
5247,0,6065,16565,16565,10731,12274
5248,1,1546,12046,16663,12046,17557
5249,0,4589,15089,15089,12334,11948
5250,0,6034,16534,16534,17103,36636
5251,0,10154,20654,20654,15367,38654
5252,0,6953,17453,17453,14754,14919
5253,1,3135,13635,16832,13635,20624
5254,0,3856,14356,14356,16285,36191
5255,0,23464,38425,38425,37595,37994
5256,0,6419,16919,16919,12343,35793
5257,0,3805,14305,14305,12763,18330
5258,0,24532,37668,37668,38694,12527
5259,0,9919,20419,20419,20003,16803
5260,0,7431,17931,17931,38927,35248
5261,1,6774,17274,38366,17274,11134
5262,0,24087,37770,37770,17296,18783
5263,0,464,10964,10964,17183,39589
5264,0,1257,11757,11757,37906,16754
5265,0,2259,12759,12759,16965,37094
5266,0,5630,16130,16130,35402,38074
5267,0,25402,39126,39126,19427,39557
5268,0,6231,16731,16731,17732,15795
5269,0,7382,17882,17882,19002,35836
5270,0,22899,35681,35681,37779,37071
5271,1,21081,36964,12779,36964,36228
5272,0,1262,11762,11762,20139,18589
5273,0,21992,38100,38100,19627,39577
5274,0,7212,17712,17712,35527,15596
5275,0,975,11475,11475,15657,17354
5276,1,24515,35316,17398,35316,36058
5277,0,5866,16366,16366,14236,13910
5278,0,9133,19633,19633,36000,15032
5279,0,6582,17082,17082,35678,20238
5280,0,2387,12887,12887,37589,10845
5281,3,24615,39186,17842,16624,11852
5282,0,5021,15521,15521,36471,15567
5283,0,7129,17629,17629,36823,16721
5284,0,23303,37122,37122,13903,20500
5285,0,3882,14382,14382,38939,12388
5286,0,6055,16555,16555,18690,19576
5287,0,22342,38227,38227,36714,39478
5288,0,25442,35264,35264,37373,12480
5289,0,3875,14375,14375,35969,38275
5290,0,2789,13289,13289,20626,13160
5291,0,9136,19636,19636,38080,14083
5292,0,21672,37925,37925,12209,13899
5293,0,1857,12357,12357,35999,11848
5294,0,21581,37599,37599,18121,10889
5295,0,4108,14608,14608,13431,14254
5296,0,5213,15713,15713,37266,16761
5297,0,8281,18781,18781,18520,11727
5298,3,3255,13755,39561,17059,38793
5299,0,7323,17823,17823,39246,20433
5300,1,2690,13190,37883,13190,14049
5301,0,7389,17889,17889,18481,11377
5302,0,4627,15127,15127,12245,13323
5303,0,22088,35759,35759,20707,38349
5304,0,1319,11819,11819,14460,15810
5305,0,24571,37543,37543,38893,15113
5306,2,23242,39416,20516,20270,39416
5307,0,5162,15662,15662,18976,11067
5308,0,24009,35466,35466,37892,14220
5309,0,10360,20860,20860,39391,12498
5310,1,1135,11635,36491,11635,37165
5311,0,4529,15029,15029,37678,20041
5312,2,3505,14005,38568,12237,14005
5313,22,4749,15249,11838,14318,16709
5314,0,7086,17586,17586,11875,38501
5315,1,9947,20447,18895,20447,16902
5316,0,24569,39398,39398,38955,11212
5317,0,6336,16836,16836,15244,16131
5318,0,22953,35533,35533,19596,11602
5319,0,6982,17482,17482,17476,36082
5320,0,23456,37360,37360,36006,38262
5321,7,2505,13005,20236,18883,35815
5322,0,2904,13404,13404,37233,10807
5323,0,570,11070,11070,17754,15957
5324,0,1448,11948,11948,36612,15089
5325,0,3414,13914,13914,38194,37866
5326,2,22328,39420,16317,12548,39420
5327,0,21785,35370,35370,35369,17178
5328,0,9290,19790,19790,19263,20908
5329,0,21664,39242,39242,18066,38818
5330,0,6837,17337,17337,38012,15357
5331,0,3226,13726,13726,36094,13106
5332,0,24702,39210,39210,15253,16594
5333,1,4383,14883,15664,14883,36489
5334,2,9229,19729,38761,13346,19729
5335,0,7845,18345,18345,38262,13652
5336,0,3539,14039,14039,10958,35997
5337,1,22622,35180,36926,35180,20016
5338,0,24802,38039,38039,13459,17691
5339,0,2827,13327,13327,18067,36271
5340,0,5780,16280,16280,16398,14890
5341,0,4996,15496,15496,13345,37093
5342,2,1338,11838,16709,19162,11838
5343,0,3262,13762,13762,15311,37317
5344,0,7876,18376,18376,15604,15736
5345,0,23809,35403,35403,18988,15502
5346,0,6838,17338,17338,10904,37194
5347,0,5741,16241,16241,12893,19625
5348,0,650,11150,11150,12035,14725
5349,1,6039,16539,17983,16539,14723
5350,1,2258,12758,38473,12758,20013
5351,0,5395,15895,15895,12709,19353
5352,0,23137,37695,37695,14509,35513
5353,0,7082,17582,17582,15155,13901
5354,0,24221,36236,36236,13809,11735
5355,1,3521,14021,13270,14021,19898
5356,0,23957,39161,39161,38845,14390
5357,0,4478,14978,14978,18723,35219
5358,0,5660,16160,16160,39008,35453
5359,0,23381,37648,37648,16745,15929
5360,0,67,10567,10567,15476,11357
5361,0,22823,38657,38657,12843,18057
5362,0,22063,36470,36470,36772,37856
5363,0,7609,18109,18109,11097,20476
5364,0,1258,11758,11758,35621,12236
5365,0,24620,36557,36557,11089,38709
5366,0,24788,37370,37370,12413,37371
5367,0,991,11491,11491,19407,36529
5368,0,3504,14004,14004,18640,13592
5369,0,8305,18805,18805,20963,16036
5370,0,919,11419,11419,19907,37451
5371,0,165,10665,10665,11974,13446
5372,0,9877,20377,20377,15962,36208
5373,0,25319,37406,37406,14827,19872
5374,0,9141,19641,19641,16908,16773
5375,0,4594,15094,15094,20917,38664
5376,0,22541,36742,36742,13746,38205
5377,0,2850,13350,13350,19946,16993
5378,0,21728,35489,35489,13258,12387
5379,26,24556,39562,13741,16965,37094
5380,0,22709,36764,36764,14846,12923
5381,0,4460,14960,14960,35534,13917
5382,0,24761,38820,38820,13372,36113
5383,0,6623,17123,17123,38424,18202
5384,1,9306,19806,11334,19806,13641
5385,0,23494,37168,37168,19072,19406
5386,0,8490,18990,18990,11069,17904
5387,0,9867,20367,20367,10576,16434
5388,5,2735,13235,37204,12516,16264
5389,1,5669,16169,16436,16169,16279
5390,0,4988,15488,15488,39435,18845
5391,0,25318,38096,38096,12365,37123
5392,0,2378,12878,12878,16218,38088
5393,0,10402,20902,20902,10675,16689
5394,1,4172,14672,13366,14672,10921
5395,0,8092,18592,18592,38345,35284
5396,0,23851,36579,36579,12336,17998
5397,0,2103,12603,12603,19050,38207
5398,0,3759,14259,14259,36744,14401
5399,0,21213,36273,36273,11290,15439
5400,3,1837,12337,39129,15545,36800
5401,0,24676,36624,36624,20687,16476
5402,0,22634,37046,37046,12211,20677
5403,0,21106,36822,36822,12867,13145
5404,0,5710,16210,16210,11633,37185
5405,0,8799,19299,19299,19067,18788
5406,0,4500,15000,15000,14525,36647
5407,0,1093,11593,11593,16137,37881
5408,0,10017,20517,20517,17360,19480
5409,0,6718,17218,17218,12407,15213
5410,0,24998,35354,35354,35639,12559
5411,0,8960,19460,19460,36260,38571
5412,0,160,10660,10660,38218,16711
5413,0,203,10703,10703,15555,37311
5414,0,6483,16983,16983,13698,11450
5415,0,3940,14440,14440,18589,37903
5416,0,25336,39379,39379,10562,13026
5417,1,4933,15433,35355,15433,20974
5418,2,7647,18147,11664,11454,18147
5419,0,1230,11730,11730,19396,37300
5420,19,9166,19666,38290,39332,15901
5421,12,3046,13546,12780,20485,14719
5422,0,7957,18457,18457,20957,14150
5423,0,2915,13415,13415,16404,20745
5424,0,23966,38218,38218,38219,10660
5425,2,4251,14751,39232,12646,14751
5426,0,6111,16611,16611,14428,15173
5427,0,6204,16704,16704,38491,13661
5428,0,2725,13225,13225,11721,15775
5429,0,4290,14790,14790,39055,17985
5430,0,4334,14834,14834,17896,15257
5431,0,383,10883,10883,17885,36143
5432,0,7485,17985,17985,14790,39055
5433,0,4886,15386,15386,12018,38926
5434,0,857,11357,11357,37298,20360
5435,0,370,10870,10870,16355,13920
5436,1,6539,17039,10810,17039,39051
5437,0,2561,13061,13061,14863,11860
5438,0,3801,14301,14301,37438,12048
5439,0,5455,15955,15955,36462,39478
5440,0,10162,20662,20662,15565,18186
5441,5,22230,38451,17523,10828,18835
5442,0,6859,17359,17359,13223,17171
5443,0,10212,20712,20712,15829,37540
5444,0,24606,37905,37905,20045,19337
5445,0,21815,39000,39000,19547,38631
5446,0,5944,16444,16444,14072,10800
5447,27,615,11115,17053,36928,36420
5448,7,2575,13075,12762,11429,13544
5449,2,53,10553,10764,10617,10553
5450,1,23668,38013,19425,38013,18119
5451,2,3340,13840,11394,12241,13840
5452,0,21112,35944,35944,19350,13042
5453,0,9897,20397,20397,13312,36453
5454,0,23304,38191,38191,38027,14464
5455,1,10099,20599,20328,20599,38832
5456,0,10052,20552,20552,12133,36067
5457,12,22618,38400,15472,37446,12711
5458,3,5876,16376,37232,17044,38435
5459,0,10196,20696,20696,35544,14722
5460,0,8995,19495,19495,18469,18710
5461,0,1812,12312,12312,19583,35416
5462,0,990,11490,11490,13209,17788
5463,0,10389,20889,20889,38930,35501
5464,0,23780,37171,37171,14918,13741
5465,0,8411,18911,18911,18859,38988
5466,0,2942,13442,13442,11849,19074
5467,0,9480,19980,19980,19173,18652
5468,0,3163,13663,13663,12116,20926
5469,1,4678,15178,38952,15178,18983
5470,0,2618,13118,13118,19753,20919
5471,0,3612,14112,14112,38799,11771
5472,0,8235,18735,18735,16584,37942
5473,0,7871,18371,18371,19143,38300
5474,0,24272,36576,36576,35408,13817
5475,0,3792,14292,14292,15848,35948
5476,0,9695,20195,20195,38805,16578
5477,0,10130,20630,20630,19356,10922
5478,0,3439,13939,13939,38283,13742
5479,0,1892,12392,12392,17928,12158
5480,2,25380,39057,20358,14057,39057
5481,0,22183,38592,38592,35882,15111
5482,0,5255,15755,15755,14578,20345
5483,2,5167,15667,13635,37228,15667
5484,0,6460,16960,16960,15767,12513
5485,0,1505,12005,12005,18648,12167
5486,1,10355,20855,14609,20855,17514
5487,0,670,11170,11170,10655,35580
5488,0,9471,19971,19971,16788,12532
5489,0,24276,35960,35960,18867,14775
5490,0,897,11397,11397,37722,37723
5491,0,3306,13806,13806,37044,14200
5492,0,8026,18526,18526,13798,17736
5493,0,6239,16739,16739,12255,19977
5494,0,2890,13390,13390,19626,14799
5495,0,6003,16503,16503,35597,19597
5496,0,7739,18239,18239,35128,17009
5497,0,23145,36011,36011,19397,37490
5498,0,22883,36227,36227,10572,38193
5499,0,8397,18897,18897,37602,19532
5500,0,2,10502,10502,18064,14658
5501,0,9961,20461,20461,39027,15591
5502,0,25451,37344,37344,12310,38343
5503,0,6079,16579,16579,11138,12482
5504,0,531,11031,11031,11047,20702
5505,0,22426,37526,37526,11576,19115
5506,0,8181,18681,18681,19763,38000
5507,0,22518,37572,37572,12394,37453
5508,0,6476,16976,16976,19448,15755
5509,0,24619,37978,37978,14816,16849
5510,0,23750,37303,37303,15547,17386
5511,0,8923,19423,19423,12446,19758
5512,32,3406,13906,18665,13336,36390
5513,0,5991,16491,16491,15563,11703
5514,1,6328,16828,15048,16828,35901
5515,0,10374,20874,20874,14915,20190
5516,0,2565,13065,13065,36885,20219
5517,0,2581,13081,13081,39487,11960
5518,0,21014,37364,37364,38408,15313
5519,0,8385,18885,18885,38870,12712
5520,0,2607,13107,13107,37477,10948
5521,0,10484,20984,20984,17165,18758
5522,0,24537,38810,38810,18349,38641
5523,0,9447,19947,19947,17373,14126
5524,36,2104,12604,16659,16094,18844
5525,0,21857,38547,38547,11579,19514
5526,0,22760,35274,35274,38762,35429
5527,0,21161,38324,38324,20046,39217
5528,0,4994,15494,15494,15200,11562
5529,0,25427,35797,35797,15194,16086
5530,0,5057,15557,15557,35115,13086
5531,0,658,11158,11158,35252,13759
5532,3,4434,14934,19008,15506,17267
5533,2,22770,38843,12899,11691,38843
5534,0,3816,14316,14316,11545,19215
5535,0,6773,17273,17273,35958,10750
5536,0,23717,38661,38661,37788,20732
5537,0,9813,20313,20313,36042,11925
5538,0,22543,38742,38742,37057,37612
5539,0,7260,17760,17760,19776,18298
5540,0,3904,14404,14404,39072,17058
5541,0,25000,35804,35804,14766,13279
5542,0,22280,37952,37952,12084,39401
5543,0,9288,19788,19788,35563,15554
5544,0,6811,17311,17311,18427,17049
5545,0,23821,38177,38177,12928,37095
5546,0,9359,19859,19859,13821,12071
5547,0,3700,14200,14200,39182,13806
5548,0,25310,36513,36513,18745,17175
5549,2,1788,12288,14825,17804,12288
5550,0,24667,37329,37329,38747,35244
5551,0,6314,16814,16814,35229,36158
5552,0,3645,14145,14145,37966,17423
5553,0,1776,12276,12276,38725,15510
5554,0,192,10692,10692,17503,14872
5555,0,9012,19512,19512,12618,36332
5556,0,10261,20761,20761,35772,37514
5557,0,25391,37495,37495,19321,12096
5558,0,23521,38946,38946,38945,36120
5559,0,5388,15888,15888,19704,20944
5560,0,10307,20807,20807,16667,18494
5561,0,4951,15451,15451,14328,20986
5562,0,2687,13187,13187,38617,11101
5563,0,4390,14890,14890,13624,17156
5564,0,4927,15427,15427,19052,19668
5565,0,5552,16052,16052,35120,38099
5566,0,22954,38926,38926,35495,15386
5567,0,238,10738,10738,20373,12324
5568,0,23916,38502,38502,35905,19854
5569,0,24774,39123,39123,13595,11394
5570,0,6901,17401,17401,19365,19159
5571,0,22057,35545,35545,35546,17954
5572,0,21083,39458,39458,35230,15601
5573,9,9137,19637,20860,16317,39391
5574,1,21335,36907,37802,36907,15181
5575,1,8640,19140,11136,19140,11780
5576,0,5097,15597,15597,20229,12637
5577,2,24082,35420,16171,12829,35420
5578,0,24859,35767,35767,18192,15654
5579,0,10335,20835,20835,12795,16132
5580,3,3552,14052,36342,15658,12475
5581,2,23920,39549,13566,37690,39549
5582,1,3360,13860,38619,13860,14268
5583,1,8328,18828,35170,18828,36092
5584,0,5628,16128,16128,11017,20565
5585,0,7751,18251,18251,11622,11516
5586,2,5783,16283,36931,11564,16283
5587,0,4507,15007,15007,12050,17253
5588,0,21145,37706,37706,11926,37786
5589,0,146,10646,10646,35599,19504
5590,0,24454,35636,35636,15982,17087
5591,0,2294,12794,12794,13752,18387
5592,0,7178,17678,17678,36115,13522
5593,0,9928,20428,20428,11733,16493
5594,0,23666,38900,38900,10842,18945
5595,0,21870,35358,35358,36092,35823
5596,0,23656,38817,38817,36325,38639
5597,0,24721,37037,37037,35152,39140
5598,1,8690,19190,17299,19190,19584
5599,0,7081,17581,17581,37029,16702
5600,0,4733,15233,15233,38901,39202
5601,0,8912,19412,19412,36876,17621
5602,0,4384,14884,14884,35789,16865
5603,0,21715,38699,38699,13240,20012
5604,8,23633,38353,37228,13635,13986
5605,0,22985,36167,36167,13618,12490
5606,14,4545,15045,15472,37634,38400
5607,0,596,11096,11096,11024,36748
5608,0,21397,38236,38236,19974,16085
5609,0,22227,35132,35132,39011,19050
5610,1,5164,15664,14883,15664,16728
5611,2,21351,38343,19208,12310,38343
5612,0,1647,12147,12147,20929,39247
5613,0,6815,17315,17315,17423,18700
5614,0,2700,13200,13200,15772,13808
5615,0,1700,12200,12200,12300,37776
5616,0,2773,13273,13273,12101,10724
5617,0,6968,17468,17468,11529,19771
5618,0,8143,18643,18643,37828,38067
5619,0,6219,16719,16719,17316,13430
5620,0,86,10586,10586,18065,16966
5621,0,22851,36877,36877,19237,12914
5622,0,24285,36846,36846,37424,37753
5623,0,21629,37726,37726,13438,17979
5624,0,2594,13094,13094,38340,39427
5625,0,1029,11529,11529,17468,19771
5626,0,136,10636,10636,38514,20996
5627,0,6972,17472,17472,35463,20783
5628,0,21347,35852,35852,12507,18916
5629,0,7024,17524,17524,11174,19056
5630,0,2854,13354,13354,20770,38054
5631,7,1200,11700,14835,11234,19119
5632,0,6121,16621,16621,10798,16772
5633,0,9763,20263,20263,36041,38493
5634,0,8758,19258,19258,12035,18144
5635,0,24267,36131,36131,14699,11695
5636,0,6296,16796,16796,37907,12137
5637,0,3927,14427,14427,17275,38994
5638,2,10105,20605,11118,18198,20605
5639,0,22404,37842,37842,14499,36019
5640,0,8468,18968,18968,16061,35212
5641,3,3606,14106,12341,15616,11007
5642,0,22333,37972,37972,19287,35330
5643,0,2330,12830,12830,14508,13659
5644,0,2187,12687,12687,14052,36342
5645,0,195,10695,10695,17517,18131
5646,0,5059,15559,15559,12853,13471
5647,0,802,11302,11302,18834,36281
5648,0,2668,13168,13168,18033,19095
5649,0,241,10741,10741,11867,39478
5650,0,2068,12568,12568,15500,11442
5651,0,21660,38111,38111,13172,10820
5652,0,23705,37723,37723,11766,37722
5653,0,644,11144,11144,36976,10825
5654,0,9116,19616,19616,12869,17362
5655,0,5103,15603,15603,15422,36268
5656,0,1637,12137,12137,37367,16796
5657,0,7552,18052,18052,14854,38037
5658,0,8312,18812,18812,11655,35417
5659,0,3074,13574,13574,20988,18796
5660,0,9014,19514,19514,38547,11579
5661,0,7296,17796,17796,13000,38471
5662,0,3278,13778,13778,17500,19816
5663,15,8003,18503,13755,17059,35110
5664,0,4970,15470,15470,37013,36610
5665,0,21888,35248,35248,17931,11190
5666,0,8326,18826,18826,38255,10582
5667,0,6915,17415,17415,10772,15322
5668,0,10468,20968,20968,36749,35810
5669,0,7829,18329,18329,36277,38399
5670,0,62,10562,10562,14177,16200
5671,0,25238,36447,36447,12431,39068
5672,0,22919,36501,36501,35208,15237
5673,1,23915,38549,35355,38549,15433
5674,0,22330,35546,35546,37290,35545
5675,0,25263,35437,35437,37087,38631
5676,0,679,11179,11179,37330,19043
5677,0,2041,12541,12541,19681,15349
5678,2,8933,19433,20448,20407,19433
5679,0,5307,15807,15807,36171,13993
5680,0,23515,35717,35717,35978,36351
5681,0,3641,14141,14141,38691,19542
5682,0,21109,36966,36966,19720,20619
5683,0,25454,36796,36796,36019,14121
5684,0,3258,13758,13758,18358,18465
5685,0,1873,12373,12373,15197,18758
5686,0,4744,15244,15244,16131,16836
5687,0,9909,20409,20409,35780,15173
5688,0,2912,13412,13412,11281,16302
5689,0,4027,14527,14527,35196,20264
5690,0,5488,15988,15988,12523,15997
5691,1,22691,37546,36859,37546,10513
5692,0,8024,18524,18524,16879,36935
5693,0,7786,18286,18286,12146,11288
5694,0,22504,38478,38478,12918,39227
5695,0,6864,17364,17364,17737,14064
5696,0,489,10989,10989,13263,38223
5697,0,8685,19185,19185,16882,36334
5698,0,690,11190,11190,35248,13229
5699,0,602,11102,11102,12225,11083
5700,0,10103,20603,20603,14163,18841
5701,0,1014,11514,11514,35774,13767
5702,0,869,11369,11369,37653,16751
5703,0,1993,12493,12493,20119,38058
5704,0,7610,18110,18110,36886,35221
5705,0,5283,15783,15783,16724,19773
5706,0,4370,14870,14870,15543,12336
5707,0,21391,35925,35925,12720,10734
5708,0,1361,11861,11861,38389,14821
5709,0,10489,20989,20989,14559,15511
5710,0,1526,12026,12026,36015,16817
5711,0,25021,37093,37093,13345,14532
5712,0,1629,12129,12129,18435,16540
5713,0,1551,12051,12051,20979,17198
5714,0,23305,35303,35303,17076,38381
5715,1,22473,39127,14172,39127,16967
5716,0,1337,11837,11837,11574,20512
5717,0,3901,14401,14401,36744,14259
5718,0,5041,15541,15541,20156,13333
5719,0,8252,18752,18752,35880,38956
5720,0,24254,35535,35535,17431,14928
5721,2,5039,15539,35533,11602,15539
5722,0,2346,12846,12846,12135,15441
5723,84,25062,38531,19177,16849,20571
5724,0,5485,15985,15985,36397,37138
5725,0,24884,37902,37902,15265,37525
5726,0,5694,16194,16194,36693,14555
5727,0,5119,15619,15619,15327,39402
5728,0,5166,15666,15666,11239,18338
5729,0,1134,11634,11634,36938,18057
5730,1,8342,18842,16295,18842,13712
5731,0,10401,20901,20901,12031,17945
5732,0,4017,14517,14517,38797,10615
5733,1,24915,35136,20561,35136,38599
5734,0,2424,12924,12924,16310,39080
5735,0,4138,14638,14638,19558,17786
5736,0,859,11359,11359,18496,19835
5737,0,2962,13462,13462,10654,36234
5738,1,8089,18589,12451,18589,11762
5739,0,25494,38570,38570,14309,16296
5740,0,24074,36178,36178,35709,35197
5741,0,23278,37434,37434,35294,11825
5742,0,23009,37317,37317,13762,17143
5743,0,1364,11864,11864,20071,16880
5744,0,25257,39363,39363,18941,37927
5745,0,1779,12279,12279,19617,36738
5746,0,10397,20897,20897,39231,13679
5747,4,2101,12601,19112,15125,15083
5748,0,1818,12318,12318,14250,18930
5749,0,369,10869,10869,15382,18577
5750,0,4937,15437,15437,20924,20715
5751,25,5285,15785,37827,18479,20417
5752,0,8367,18867,18867,35960,20953
5753,1,21584,36736,17636,36736,38437
5754,0,7071,17571,17571,37365,15256
5755,0,2093,12593,12593,16409,38407
5756,0,7817,18317,18317,14778,37790
5757,0,1920,12420,12420,16750,20598
5758,0,82,10582,10582,38255,18826
5759,0,7331,17831,17831,39042,16439
5760,0,7304,17804,17804,13453,14825
5761,0,816,11316,11316,13195,12193
5762,0,21276,36204,36204,15820,19029
5763,0,4396,14896,14896,35480,37310
5764,4,8475,18975,17059,39423,13755
5765,0,6124,16624,16624,17842,11852
5766,0,4120,14620,14620,20127,19820
5767,0,23193,36514,36514,38693,18297
5768,0,21173,37903,37903,11984,39102
5769,1,1813,12313,38886,12313,39186
5770,0,1271,11771,11771,14112,38799
5771,0,8751,19251,19251,37348,14840
5772,0,2994,13494,13494,16675,14988
5773,0,22319,36003,36003,13366,14672
5774,0,6409,16909,16909,15854,35781
5775,0,24913,36205,36205,19219,39277
5776,0,2642,13142,13142,18573,12625
5777,0,9280,19780,19780,16150,19894
5778,1,21524,35646,38293,35646,15777
5779,0,2305,12805,12805,11476,11749
5780,0,25036,35506,35506,18734,17631
5781,0,24446,37154,37154,38085,13057
5782,0,4195,14695,14695,37629,19916
5783,0,25468,37115,37115,17567,13101
5784,0,3849,14349,14349,35926,19994
5785,0,23434,39367,39367,19026,37029
5786,0,25154,37172,37172,37688,20410
5787,0,23577,38955,38955,11212,39398
5788,0,3554,14054,14054,17979,16593
5789,2,2195,12695,15222,15812,12695
5790,0,2600,13100,13100,14236,13800
5791,0,6163,16663,16663,12046,17557
5792,0,1518,12018,12018,15386,35797
5793,0,24572,35139,35139,13674,11202
5794,0,21490,35576,35576,39009,39073
5795,0,6309,16809,16809,16111,19677
5796,0,5755,16255,16255,18057,20777
5797,0,5633,16133,16133,37857,14037
5798,0,8399,18899,18899,10923,18839
5799,0,21946,38561,38561,19803,13322
5800,0,7162,17662,17662,16989,35330
5801,0,21086,37492,37492,38121,38034
5802,2,24832,35605,15704,37198,35605
5803,0,1988,12488,12488,35538,17624
5804,0,9533,20033,20033,13385,15253
5805,2,7737,18237,18878,36338,18237
5806,13,517,11017,16317,19888,12403
5807,9,6160,16660,12522,18387,39554
5808,0,22391,36679,36679,36595,18189
5809,0,21387,38223,38223,13263,10989
5810,0,22335,36683,36683,15277,16780
5811,1,22203,35424,19521,35424,35425
5812,0,9607,20107,20107,11605,15388
5813,0,4456,14956,14956,14175,15795
5814,2,2761,13261,37333,14664,13261
5815,0,6481,16981,16981,17739,36745
5816,0,5911,16411,16411,35186,18616
5817,0,21323,38641,38641,39444,13341
5818,1,6547,17047,12528,17047,20096
5819,0,4855,15355,15355,37359,36601
5820,2,7644,18144,17463,13262,18144
5821,0,22257,37889,37889,14262,38594
5822,0,24417,39124,39124,17177,18385
5823,0,6358,16858,16858,11266,35790
5824,0,9741,20241,20241,12552,36965
5825,0,2438,12938,12938,13656,19742
5826,1,3765,14265,35097,14265,10706
5827,0,6432,16932,16932,14466,37517
5828,0,8643,19143,19143,18371,12926
5829,0,7846,18346,18346,20781,12969
5830,0,23794,35261,35261,17289,36213
5831,0,9665,20165,20165,36709,15997
5832,0,21679,38060,38060,10725,10576
5833,0,6340,16840,16840,13411,35552
5834,0,4821,15321,15321,39579,17497
5835,6,18,10518,14650,11192,12579
5836,1,3560,14060,36147,14060,19166
5837,0,3951,14451,14451,12059,13456
5838,2,49,10549,13802,36603,10549
5839,0,24506,39442,39442,35111,36124
5840,0,887,11387,11387,14413,10638
5841,0,6261,16761,16761,35440,37266
5842,0,7236,17736,17736,13798,18526
5843,0,6989,17489,17489,15556,18521
5844,23,6043,16543,14173,37475,19483
5845,1,8708,19208,38343,19208,12310
5846,1,3168,13668,15548,13668,19823
5847,0,2949,13449,13449,37836,18999
5848,0,1424,11924,11924,18456,15318
5849,0,139,10639,10639,11669,17234
5850,0,10116,20616,20616,18568,12476
5851,0,3197,13697,13697,36488,11031
5852,0,5131,15631,15631,36703,13584
5853,0,112,10612,10612,37475,36794
5854,0,8160,18660,18660,15424,14018
5855,0,25116,37610,37610,12566,13033
5856,0,4559,15059,15059,17281,36071
5857,0,4595,15095,15095,36575,38022
5858,0,4690,15190,15190,14010,11178
5859,0,7951,18451,18451,17873,13146
5860,0,24160,35775,35775,38334,14654
5861,0,3277,13777,13777,12153,12846
5862,0,4068,14568,14568,20667,38934
5863,0,4408,14908,14908,14549,20748
5864,0,21969,35212,35212,16061,18051
5865,0,24627,38689,38689,16446,37583
5866,33,9729,20229,20458,18801,18385
5867,0,451,10951,10951,14541,35292
5868,0,7262,17762,17762,15971,11832
5869,0,3731,14231,14231,10511,18934
5870,0,7256,17756,17756,17262,36183
5871,0,25007,38027,38027,18606,38191
5872,0,4986,15486,15486,13675,14652
5873,0,3663,14163,14163,36745,20603
5874,0,2763,13263,13263,38223,10989
5875,0,8850,19350,19350,15536,11945
5876,1,21803,35614,38519,35614,36301
5877,0,1855,12355,12355,36984,12826
5878,0,999,11499,11499,19304,16556
5879,0,389,10889,10889,18121,37599
5880,0,6426,16926,16926,39017,39528
5881,0,1476,11976,11976,37427,12634
5882,0,2240,12740,12740,11422,17515
5883,0,21163,38488,38488,37240,16020
5884,0,8112,18612,18612,38567,38442
5885,0,992,11492,11492,13849,14879
5886,0,7032,17532,17532,13135,36123
5887,0,4997,15497,15497,13446,36067
5888,0,3922,14422,14422,37213,11864
5889,0,2972,13472,13472,15408,14753
5890,0,6871,17371,17371,12551,14197
5891,0,23234,35888,35888,38694,18970
5892,0,4769,15269,15269,13843,16087
5893,0,1293,11793,11793,10522,35123
5894,0,24861,38646,38646,39290,39140
5895,0,4173,14673,14673,16600,13433
5896,0,2535,13035,13035,17285,18487
5897,0,25032,38299,38299,19312,10824
5898,0,1907,12407,12407,17218,19424
5899,0,23354,37016,37016,18116,16732
5900,1,21011,38841,38671,38841,37830
5901,1,8560,19060,38374,19060,37581
5902,0,6033,16533,16533,12460,10687
5903,19,7619,18119,18835,13072,37097
5904,0,1151,11651,11651,35340,16582
5905,0,1567,12067,12067,13898,11189
5906,0,3171,13671,13671,16149,35157
5907,0,9689,20189,20189,10880,37577
5908,0,7106,17606,17606,35599,35523
5909,0,4160,14660,14660,18730,35238
5910,0,4287,14787,14787,36730,36620
5911,0,2230,12730,12730,19829,11351
5912,0,24809,35692,35692,17075,35358
5913,0,174,10674,10674,39107,14755
5914,16,1903,12403,39472,39348,38894
5915,0,9291,19791,19791,39145,20642
5916,0,8752,19252,19252,17651,15970
5917,0,24918,35588,35588,17594,13942
5918,0,3408,13908,13908,36841,16299
5919,0,1538,12038,12038,38872,19404
5920,0,2292,12792,12792,15764,36909
5921,1,9523,20023,17744,20023,13267
5922,0,1363,11863,11863,37409,18483
5923,0,4357,14857,14857,11670,18970
5924,0,5260,15760,15760,12200,15531
5925,0,24940,35774,35774,11514,12911
5926,0,21218,39102,39102,11984,18589
5927,4,680,11180,35698,12073,16904
5928,0,25038,36427,36427,19775,35712
5929,0,3664,14164,14164,18368,36284
5930,0,1661,12161,12161,19603,13763
5931,0,508,11008,11008,37628,38431
5932,3,166,10666,35895,18104,35342
5933,0,24538,37007,37007,10658,16666
5934,0,9198,19698,19698,39418,39291
5935,0,22861,37095,37095,38177,39502
5936,0,7365,17865,17865,18609,10605
5937,0,1914,12414,12414,19949,35680
5938,0,7263,17763,17763,10782,36539
5939,0,24943,39052,39052,17064,12855
5940,1,23983,39219,38303,39219,20405
5941,0,7361,17861,17861,37155,13801
5942,1,1104,11604,20821,11604,15341
5943,0,22451,36331,36331,37985,38104
5944,0,9944,20444,20444,13633,16298
5945,0,5310,15810,15810,35182,38881
5946,1,23423,35895,18104,35895,10666
5947,0,5754,16254,16254,11198,19139
5948,0,152,10652,10652,39380,13664
5949,0,25447,38951,38951,12761,16736
5950,0,5679,16179,16179,15923,19022
5951,0,23897,38304,38304,14212,13310
5952,0,3551,14051,14051,37939,35516
5953,1,3722,14222,12638,14222,38102
5954,0,23321,35629,35629,18173,15759
5955,0,25156,37411,37411,14067,36701
5956,0,4538,15038,15038,38336,17658
5957,0,25002,36833,36833,20915,13339
5958,0,10014,20514,20514,19316,38720
5959,0,8463,18963,18963,18587,20381
5960,0,1991,12491,12491,12680,12707
5961,0,24292,37808,37808,38445,11589
5962,0,8501,19001,19001,12986,14990
5963,0,5141,15641,15641,37197,15966
5964,3,3811,14311,36423,15066,20500
5965,0,24271,37672,37672,19406,38733
5966,1,3450,13950,18333,13950,12705
5967,0,4591,15091,15091,15277,36683
5968,0,7352,17852,17852,15468,19091
5969,4,205,10705,12017,18973,36017
5970,5,9327,19827,14303,16943,10518
5971,0,6680,17180,17180,16250,16042
5972,0,2749,13249,13249,11223,12138
5973,0,8497,18997,18997,10626,15815
5974,0,1849,12349,12349,16172,16971
5975,0,24777,38201,38201,19660,10544
5976,0,10180,20680,20680,14740,36636
5977,0,3240,13740,13740,38676,38040
5978,0,24858,36479,36479,19349,35864
5979,0,3109,13609,13609,17044,17283
5980,0,10179,20679,20679,39338,37373
5981,0,5934,16434,16434,15776,16009
5982,2,21269,36857,12747,12858,36857
5983,1,5810,16310,14698,16310,12924
5984,0,8575,19075,19075,18837,13847
5985,0,5634,16134,16134,18021,10945
5986,0,4307,14807,14807,39565,11217
5987,0,3156,13656,13656,12938,37550
5988,4,6534,17034,19710,12290,12783
5989,0,21290,38314,38314,10548,39477
5990,1,21599,37628,11008,37628,38431
5991,0,21736,37013,37013,15470,38700
5992,0,8891,19391,19391,38509,16854
5993,0,3832,14332,14332,38857,13151
5994,0,24309,37662,37662,15742,14806
5995,0,4776,15276,15276,11724,10600
5996,0,7997,18497,18497,19002,36801
5997,0,4276,14776,14776,36661,38097
5998,0,21125,39217,39217,39016,20046
5999,0,23232,35229,35229,16814,16700
6000,0,22053,38993,38993,11284,19261
6001,0,278,10778,10778,38330,10942
6002,0,6771,17271,17271,14586,38627
6003,0,7415,17915,17915,14789,35798
6004,0,3252,13752,13752,12794,16660
6005,0,25297,36807,36807,39248,20782
6006,0,24034,38701,38701,37538,20636
6007,0,289,10789,10789,20200,14286
6008,0,3075,13575,13575,36419,12052
6009,0,21345,37486,37486,18097,38424
6010,2,9582,20082,35235,36409,20082
6011,0,21504,35190,35190,12884,12199
6012,0,270,10770,10770,16831,20563
6013,0,4570,15070,15070,15103,38322
6014,0,25176,39246,39246,17823,38017
6015,0,9583,20083,20083,16561,18370
6016,0,6696,17196,17196,16914,17006
6017,0,4316,14816,14816,37978,16849
6018,0,3180,13680,13680,16988,35348
6019,0,1422,11922,11922,16905,37207
6020,3,8275,18775,35447,12055,11483
6021,0,9065,19565,19565,18038,36244
6022,0,23945,36415,36415,36383,19445
6023,0,4557,15057,15057,16946,10980
6024,34,7812,18312,38895,20632,35630
6025,0,6297,16797,16797,14707,11509
6026,0,21681,38300,38300,13183,18371
6027,0,25394,36094,36094,13726,11516
6028,0,24811,39516,39516,12660,13137
6029,0,1132,11632,11632,17279,38123
6030,0,21238,35115,35115,15557,13461
6031,0,6242,16742,16742,11012,37704
6032,0,21786,35952,35952,14354,19144
6033,0,21093,38653,38653,16562,38392
6034,0,7423,17923,17923,35632,36150
6035,0,24008,38381,38381,17076,15383
6036,1,10152,20652,39023,20652,10877
6037,0,25153,35378,35378,19530,20142
6038,0,5520,16020,16020,38488,37240
6039,0,9408,19908,19908,36159,16612
6040,0,21966,37649,37649,37387,11433
6041,0,24801,35816,35816,18315,37817
6042,0,9256,19756,19756,17264,36144
6043,0,3786,14286,14286,16755,10789
6044,0,23980,35734,35734,18980,18936
6045,0,8345,18845,18845,11776,37076
6046,0,2161,12661,12661,35292,38794
6047,0,3008,13508,13508,13818,18916
6048,3,1105,11605,11046,15388,20107
6049,0,24099,35641,35641,17007,35969
6050,1,692,11192,14650,11192,16193
6051,0,23814,36324,36324,36323,17191
6052,0,4956,15456,15456,15634,19375
6053,0,8307,18807,18807,10511,18102
6054,0,4369,14869,14869,17652,16822
6055,0,2765,13265,13265,36802,15587
6056,0,3929,14429,14429,35558,12618
6057,3,21527,36021,38193,10572,17566
6058,0,21564,39501,39501,38686,11814
6059,0,7778,18278,18278,36668,14435
6060,14,22306,39452,15301,12264,19916
6061,0,628,11128,11128,35294,16685
6062,0,2451,12951,12951,20011,19531
6063,0,22446,35286,35286,38992,35241
6064,0,3824,14324,14324,11158,13759
6065,0,21639,38067,38067,39302,37829
6066,0,25005,39534,39534,15034,20938
6067,0,3743,14243,14243,35162,10962
6068,0,2176,12676,12676,17427,36853
6069,0,6689,17189,17189,37755,14230
6070,0,8858,19358,19358,10528,14241
6071,0,3318,13818,13818,17871,15609
6072,0,23701,35459,35459,16546,14675
6073,0,9653,20153,20153,17437,15025
6074,0,7432,17932,17932,10560,12087
6075,0,2787,13287,13287,38526,14682
6076,0,1196,11696,11696,39117,38377
6077,0,1676,12176,12176,37404,13106
6078,1,3947,14447,18264,14447,17492
6079,0,7618,18118,18118,15587,35999
6080,0,4444,14944,14944,13541,38858
6081,1,5722,16222,20910,16222,20987
6082,0,23185,36265,36265,36464,13556
6083,0,24828,37306,37306,12074,11177
6084,0,2369,12869,12869,20170,19616
6085,0,4967,15467,15467,35366,35773
6086,2,2217,12717,15018,39251,12717
6087,0,8148,18648,18648,12005,12167
6088,1,10410,20910,20987,20910,18401
6089,0,3326,13826,13826,35457,11743
6090,0,21809,35709,35709,36178,35197
6091,0,3583,14083,14083,19636,37350
6092,0,24410,39261,39261,19247,16038
6093,6,24544,39332,36454,19847,38290
6094,0,3619,14119,14119,16015,17248
6095,0,6217,16717,16717,13294,19772
6096,0,2468,12968,12968,20027,10958
6097,0,8277,18777,18777,37789,39441
6098,0,23413,37283,37283,20081,19369
6099,0,5973,16473,16473,14770,11404
6100,0,3667,14167,14167,12195,19987
6101,0,5158,15658,15658,12475,36342
6102,2,7594,18094,18074,10591,18094
6103,0,6976,17476,17476,20948,17482
6104,0,10211,20711,20711,13146,15574
6105,0,3423,13923,13923,35776,16356
6106,0,8199,18699,18699,17810,18441
6107,0,2409,12909,12909,16805,18749
6108,0,3212,13712,13712,18842,16295
6109,0,24768,38965,38965,18607,38028
6110,0,5366,15866,15866,36379,37997
6111,0,21181,35735,35735,19466,36191
6112,0,6593,17093,17093,38400,38569
6113,0,2895,13395,13395,19285,36190
6114,2,21159,37720,19587,16009,37720
6115,0,23726,38419,38419,10557,18382
6116,0,3642,14142,14142,20008,39163
6117,0,21186,35696,35696,10862,11029
6118,0,24110,35625,35625,15742,37662
6119,0,23316,37170,37170,17074,17220
6120,0,9475,19975,19975,35486,37239
6121,0,10193,20693,20693,10945,15469
6122,0,24281,37513,37513,11711,35737
6123,0,9061,19561,19561,12886,35801
6124,0,23340,39128,39128,10829,14035
6125,0,21484,38047,38047,19544,10501
6126,0,8548,19048,19048,39044,14657
6127,0,22579,39459,39459,36240,16818
6128,20,5451,15951,16682,39272,12813
6129,5,7160,17660,37212,14361,35693
6130,0,7866,18366,18366,10844,18332
6131,0,2743,13243,13243,35335,36057
6132,0,25203,39488,39488,37519,11728
6133,17,10082,20582,39266,12367,39112
6134,0,9797,20297,20297,19783,10913
6135,1,4958,15458,37804,15458,37707
6136,0,23389,37724,37724,12910,35226
6137,0,24698,35166,35166,20707,11020
6138,0,6474,16974,16974,13423,20601
6139,0,7888,18388,18388,13976,16640
6140,348,8811,19311,10777,37328,13423
6141,0,492,10992,10992,38360,36263
6142,0,1116,11616,11616,12573,18777
6143,0,5637,16137,16137,11593,20327
6144,0,25280,37769,37769,17375,11177
6145,0,21546,39402,39402,39262,15327
6146,0,24812,35686,35686,15507,14181
6147,3,21090,38171,35796,13189,17677
6148,0,24385,37508,37508,16486,37134
6149,0,6589,17089,17089,37099,38931
6150,10,24356,38208,11767,38072,12702
6151,0,7557,18057,18057,38657,16255
6152,0,21211,36581,36581,16995,38239
6153,0,5241,15741,15741,36149,36148
6154,1,23181,38466,13655,38466,12304
6155,0,2783,13283,13283,11668,18269
6156,0,24371,35611,35611,39489,38328
6157,0,1696,12196,12196,35384,18702
6158,0,5685,16185,16185,36825,14323
6159,0,2295,12795,12795,37597,11769
6160,0,5939,16439,16439,17823,39246
6161,0,7763,18263,18263,18227,16205
6162,0,10244,20744,20744,18092,15751
6163,0,9968,20468,20468,19797,13233
6164,0,3313,13813,13813,15730,17651
6165,0,4781,15281,15281,13964,19406
6166,0,8350,18850,18850,10516,37984
6167,0,22941,35747,35747,36570,19802
6168,0,9784,20284,20284,17255,18271
6169,3,9915,20415,11513,37465,11015
6170,14,7605,18105,20335,36705,19327
6171,0,215,10715,10715,15028,17232
6172,0,6707,17207,17207,16092,13396
6173,0,22558,36937,36937,35689,14130
6174,0,8682,19182,19182,10844,18366
6175,0,24375,38302,38302,35819,14880
6176,0,3483,13983,13983,17464,18961
6177,0,7006,17506,17506,35772,36624
6178,0,5102,15602,15602,37929,16768
6179,0,6599,17099,17099,14723,37456
6180,1,3764,14264,38050,14264,19116
6181,0,22934,36477,36477,38673,18923
6182,0,6410,16910,16910,37005,38144
6183,0,23251,35937,35937,19794,15152
6184,0,25,10525,10525,15999,14154
6185,2,24305,35195,14249,18062,35195
6186,0,7659,18159,18159,38100,35137
6187,0,21556,37671,37671,18450,20949
6188,0,9744,20244,20244,13971,14331
6189,3,24585,38406,39111,11929,20643
6190,0,22367,37522,37522,14291,15851
6191,0,6683,17183,17183,10964,39589
6192,0,9171,19671,19671,37467,37516
6193,0,10039,20539,20539,18392,35505
6194,0,21274,38869,38869,35531,18063
6195,0,8584,19084,19084,37515,39154
6196,0,22074,36159,36159,16399,16612
6197,0,22153,37482,37482,38471,14373
6198,0,21726,36085,36085,13234,13719
6199,0,21987,39072,39072,14404,17933
6200,0,23405,37002,37002,13881,11746
6201,2,1102,11602,19596,35533,11602
6202,1,3276,13776,18147,13776,35626
6203,0,5345,15845,15845,11799,15630
6204,104,25334,38216,16925,39256,36180
6205,0,21945,37795,37795,13244,14924
6206,0,8386,18886,18886,13039,36231
6207,0,8835,19335,19335,36181,13637
6208,0,22332,35464,35464,14306,16664
6209,0,23681,39582,39582,16093,15877
6210,0,2207,12707,12707,12491,18646
6211,0,4552,15052,15052,19924,11715
6212,0,4402,14902,14902,14174,18617
6213,1,7395,17895,14681,17895,12449
6214,0,3718,14218,14218,17572,13667
6215,0,972,11472,11472,37932,18822
6216,0,4579,15079,15079,37412,18184
6217,0,6516,17016,17016,20010,20591
6218,0,719,11219,11219,36474,13304
6219,0,6155,16655,16655,11155,38461
6220,0,25473,38755,38755,36425,12832
6221,1,2803,13303,13203,13303,35318
6222,2,2566,13066,15419,10608,13066
6223,0,4025,14525,14525,11487,10963
6224,0,6198,16698,16698,12251,36115
6225,0,8224,18724,18724,11746,37014
6226,2,23307,37848,36711,12422,37848
6227,0,4063,14563,14563,14663,14960
6228,0,9889,20389,20389,17174,12564
6229,0,2792,13292,13292,17654,10872
6230,0,2222,12722,12722,19139,13281
6231,4,5818,16318,38429,12662,12515
6232,0,3866,14366,14366,36667,38367
6233,0,24120,35427,35427,12649,13660
6234,0,23588,37970,37970,13425,16531
6235,6,23312,38235,19456,18000,38698
6236,3,23483,35981,11907,20767,10884
6237,0,3227,13727,13727,19772,13294
6238,2,4214,14714,19942,13347,14714
6239,0,3923,14423,14423,15780,14445
6240,0,10469,20969,20969,15140,39328
6241,0,21396,35771,35771,13695,12235
6242,9,1401,11901,15472,38400,37634
6243,0,8931,19431,19431,17994,39500
6244,0,7703,18203,18203,17864,38326
6245,0,4979,15479,15479,16648,37909
6246,0,3253,13753,13753,13463,17926
6247,0,21625,39158,39158,18260,11268
6248,0,2661,13161,13161,37763,19108
6249,0,2158,12658,12658,12960,35853
6250,0,8578,19078,19078,19212,35511
6251,0,8088,18588,18588,38013,20824
6252,0,674,11174,11174,15923,19056
6253,0,22750,35986,35986,38077,35985
6254,0,7011,17511,17511,16818,11784
6255,0,24610,35591,35591,18422,14416
6256,12,10197,20697,36173,16325,16543
6257,0,3841,14341,14341,37770,17293
6258,1,1815,12315,14037,12315,37857
6259,0,23744,38743,38743,13792,20675
6260,0,21299,39354,39354,14483,37867
6261,0,2100,12600,12600,20914,17405
6262,1,21258,37816,14687,37816,37760
6263,3,6708,17208,17314,19420,16876
6264,0,1673,12173,12173,16892,11004
6265,0,10293,20793,20793,36501,35768
6266,0,4213,14713,14713,13304,11570
6267,0,22441,35886,35886,39241,38812
6268,0,22402,35486,35486,19975,17042
6269,0,1548,12048,12048,37438,20099
6270,2,24250,37078,35932,15174,37078
6271,0,8547,19047,19047,11966,38363
6272,0,5184,15684,15684,13280,14461
6273,0,1461,11961,11961,18434,35833
6274,0,24639,38681,38681,36661,20139
6275,0,3220,13720,13720,14937,13083
6276,0,22288,37239,37239,19975,17791
6277,0,23528,38341,38341,19144,12658
6278,0,7170,17670,17670,18538,37142
6279,0,7430,17930,17930,17519,11269
6280,0,22361,38905,38905,38182,38559
6281,0,1751,12251,12251,18004,16698
6282,1,3976,14476,36029,14476,11836
6283,0,8353,18853,18853,15798,19961
6284,0,1772,12272,12272,38270,15341
6285,19,9388,19888,38894,38222,11308
6286,0,10070,20570,20570,36213,37036
6287,7,2016,12516,38351,37734,35218
6288,2,2005,12505,39262,13147,12505
6289,0,3893,14393,14393,38995,17244
6290,0,3237,13737,13737,20688,13970
6291,0,4424,14924,14924,13604,10558
6292,0,10270,20770,20770,11514,12629
6293,0,8588,19088,19088,17125,12267
6294,0,2257,12757,12757,39581,18983
6295,0,4072,14572,14572,14247,11171
6296,1,5574,16074,14232,16074,12475
6297,0,9083,19583,19583,12312,11242
6298,0,22395,38862,38862,37021,20801
6299,0,5355,15855,15855,11840,12323
6300,1,8418,18918,15308,18918,18215
6301,0,6093,16593,16593,17979,20537
6302,0,7935,18435,18435,12185,37995
6303,0,21485,36730,36730,14787,36999
6304,5,1519,12019,38021,39105,37387
6305,0,24353,36841,36841,16299,13908
6306,0,1378,11878,11878,15626,19135
6307,0,5672,16172,16172,12349,38588
6308,0,9215,19715,19715,11225,11727
6309,0,2587,13087,13087,36229,19146
6310,0,22915,39244,39244,15977,38889
6311,0,5621,16121,16121,15305,16040
6312,0,21976,36417,36417,12549,12621
6313,0,23541,36935,36935,19850,18524
6314,0,5842,16342,16342,11330,16222
6315,0,7122,17622,17622,14023,11165
6316,0,5832,16332,16332,12817,11757
6317,4,9821,20321,11929,20643,38406
6318,1,4888,15388,11605,15388,20107
6319,0,5904,16404,16404,13415,36421
6320,0,522,11022,11022,38253,11417
6321,0,8043,18543,18543,12791,10884
6322,0,3607,14107,14107,37454,17599
6323,1,9120,19620,37676,19620,12783
6324,0,234,10734,10734,16356,35925
6325,0,3796,14296,14296,18480,12543
6326,0,6318,16818,16818,10779,17511
6327,0,7094,17594,17594,13873,11355
6328,0,10202,20702,20702,36488,11031
6329,0,1948,12448,12448,13407,11945
6330,2,6361,16861,35779,18163,16861
6331,0,22562,38702,38702,12253,38696
6332,0,25395,36353,36353,11560,17742
6333,0,6091,16591,16591,11280,20251
6334,0,23798,38231,38231,12014,15672
6335,0,2224,12724,12724,19880,12249
6336,0,9298,19798,19798,18332,18366
6337,0,24595,38167,38167,15432,16912
6338,0,9010,19510,19510,11733,20196
6339,1,5571,16071,20062,16071,19505
6340,0,4523,15023,15023,38962,12839
6341,0,5793,16293,16293,12199,35190
6342,0,25217,38999,38999,17547,11093
6343,3,5738,16238,35407,10576,18037
6344,0,2624,13124,13124,17920,15137
6345,0,4728,15228,15228,15970,13813
6346,0,7818,18318,18318,11211,38467
6347,0,8859,19359,19359,12189,11435
6348,0,23901,39470,39470,16029,39049
6349,0,23759,38278,38278,15310,16702
6350,0,9080,19580,19580,14405,38527
6351,0,25251,35736,35736,38996,38522
6352,0,2437,12937,12937,12347,12632
6353,0,6056,16556,16556,18938,38168
6354,0,9009,19509,19509,19750,13285
6355,15,6352,16852,36028,38216,17689
6356,0,22786,35127,35127,36777,11628
6357,0,3167,13667,13667,39092,14218
6358,0,1809,12309,12309,39350,17688
6359,20,22946,36725,19710,20592,38809
6360,0,7161,17661,17661,36667,13241
6361,0,9456,19956,19956,14685,19745
6362,2,5086,15586,10852,11473,15586
6363,0,24492,36668,36668,18278,14435
6364,0,7016,17516,17516,17851,14072
6365,2,23110,36268,15422,16235,36268
6366,0,4945,15445,15445,13831,15924
6367,0,6046,16546,16546,35459,14998
6368,0,24354,39033,39033,12163,20828
6369,0,23832,38493,38493,16589,19133
6370,0,6919,17419,17419,35928,38352
6371,0,5590,16090,16090,37917,16746
6372,122,7226,17726,39391,20860,39374
6373,1,1228,11728,17471,11728,19144
6374,0,23652,38180,38180,37023,20097
6375,0,6846,17346,17346,17372,17753
6376,0,8244,18744,18744,10572,11679
6377,0,25406,39286,39286,13431,14608
6378,0,6555,17055,17055,11127,39452
6379,0,159,10659,10659,13907,16468
6380,0,8851,19351,19351,15292,11569
6381,0,9779,20279,20279,38736,14674
6382,0,1589,12089,12089,36174,18605
6383,0,24997,39358,39358,15793,20286
6384,0,25328,38830,38830,20021,35323
6385,0,24125,38807,38807,39307,38165
6386,0,21061,38601,38601,15878,17601
6387,0,6687,17187,17187,37632,11379
6388,0,21120,38616,38616,14595,14990
6389,0,22202,35864,35864,19053,36859
6390,1,25001,35170,18828,35170,12811
6391,0,24413,36462,36462,15955,17968
6392,0,7480,17980,17980,18182,17067
6393,7,23034,38496,16703,38545,38363
6394,0,1556,12056,12056,35415,16542
6395,1,2828,13328,17801,13328,20057
6396,18,436,10936,37629,14695,35770
6397,1,5789,16289,36293,16289,11521
6398,0,21693,36818,36818,10942,15257
6399,0,1588,12088,12088,19664,14926
6400,0,7398,17898,17898,19395,35854
6401,1,2780,13280,14461,13280,19262
6402,1,21045,38072,38208,38072,11977
6403,0,9242,19742,19742,20168,17162
6404,0,5686,16186,16186,11729,17443
6405,0,3965,14465,14465,14987,37009
6406,0,4727,15227,15227,11811,14297
6407,0,9165,19665,19665,38556,14943
6408,0,1238,11738,11738,20700,18430
6409,0,2951,13451,13451,15201,37439
6410,0,24876,35128,35128,17009,18239
6411,0,21491,35522,35522,17838,20856
6412,0,23497,37322,37322,12458,11351
6413,0,23697,38403,38403,14858,19532
6414,0,1497,11997,11997,36390,10732
6415,0,6465,16965,16965,12759,18509
6416,0,7355,17855,17855,36799,15058
6417,8,7823,18323,20788,36758,39250
6418,0,7547,18047,18047,17930,18908
6419,0,7913,18413,18413,13230,16253
6420,0,24242,35208,35208,15237,36501
6421,0,23698,37435,37435,38530,10606
6422,0,5185,15685,15685,16435,14436
6423,0,5647,16147,16147,19471,11676
6424,0,23444,38694,38694,18970,37668
6425,0,5242,15742,15742,37662,35625
6426,1,2130,12630,37697,12630,13993
6427,0,2092,12592,12592,19578,37247
6428,0,5409,15909,15909,37209,12193
6429,0,10207,20707,20707,35166,35759
6430,0,187,10687,10687,37953,16533
6431,0,22121,35810,35810,20968,12703
6432,0,7938,18438,18438,19524,12914
6433,0,3655,14155,14155,18452,17355
6434,3,3426,13926,20447,39317,10742
6435,0,25226,36561,36561,15304,13420
6436,0,1381,11881,11881,36535,37533
6437,2,22763,36287,37410,10962,36287
6438,0,8605,19105,19105,12211,19015
6439,0,7427,17927,17927,35874,14031
6440,0,5037,15537,15537,15714,37568
6441,0,4897,15397,15397,13502,11609
6442,0,3175,13675,13675,15486,14652
6443,0,22907,37722,37722,37723,11397
6444,0,22410,36540,36540,16488,35643
6445,4,8448,18948,15132,19499,37580
6446,2,23228,39445,18405,14949,39445
6447,2,22438,39023,20652,38833,39023
6448,0,2235,12735,12735,11119,19155
6449,0,8068,18568,18568,20616,15110
6450,0,9959,20459,20459,20587,20962
6451,1,4236,14736,35312,14736,15069
6452,114,21254,38860,17381,12802,15099
6453,0,25400,38506,38506,17219,17949
6454,0,9764,20264,20264,14527,19348
6455,3,24,10524,17378,14201,38827
6456,0,3363,13863,13863,10901,17957
6457,1,1088,11588,36015,11588,16817
6458,0,21403,35480,35480,14896,18562
6459,25,8733,19233,37270,38873,36980
6460,0,22647,38334,38334,35775,36143
6461,5,2841,13341,36325,17981,17224
6462,0,23466,35097,35097,14265,10706
6463,0,7537,18037,18037,35407,35361
6464,0,7470,17970,17970,11889,38113
6465,0,25196,39455,39455,17799,36682
6466,0,4152,14652,14652,15486,13675
6467,0,9501,20001,20001,16497,35296
6468,12,695,11195,38903,13426,35501
6469,0,24654,38370,38370,13321,14025
6470,0,6337,16837,16837,17341,37373
6471,0,1227,11727,11727,19715,38183
6472,0,1999,12499,12499,16906,20969
6473,0,276,10776,10776,35692,35358
6474,0,24122,35978,35978,35717,11888
6475,0,5929,16429,16429,16110,15164
6476,1,2953,13453,14825,13453,17804
6477,0,3637,14137,14137,17765,12298
6478,0,3906,14406,14406,19611,20498
6479,0,4778,15278,15278,36647,17779
6480,0,5845,16345,16345,18378,13908
6481,0,24695,39140,39140,37037,38240
6482,0,4117,14617,14617,12946,19587
6483,0,21272,35939,35939,35194,17811
6484,0,1137,11637,11637,10912,10981
6485,0,2767,13267,13267,17744,20023
6486,0,8182,18682,18682,37498,15336
6487,0,22242,36842,36842,11171,38434
6488,0,25252,36473,36473,37562,39277
6489,0,7661,18161,18161,17410,19696
6490,0,9134,19634,19634,19706,19207
6491,0,25278,35728,35728,37681,14728
6492,0,2490,12990,12990,13481,36533
6493,0,21119,39118,39118,17011,15992
6494,0,7742,18242,18242,20671,18452
6495,0,3935,14435,14435,36668,18278
6496,0,2384,12884,12884,12199,17100
6497,0,8016,18516,18516,37993,13540
6498,0,7084,17584,17584,19221,19939
6499,0,115,10615,10615,36965,14517
6500,0,1863,12363,12363,16920,20939
6501,0,23514,35344,35344,38255,20970
6502,0,3119,13619,13619,39486,14863
6503,0,4258,14758,14758,12164,14870
6504,0,22021,38447,38447,20650,15266
6505,0,24589,37280,37280,36535,37533
6506,2,2819,13319,39571,10933,13319
6507,1,22233,36012,17797,36012,12412
6508,0,25398,35836,35836,13465,19002
6509,1,23843,38232,17056,38232,12371
6510,0,4699,15199,15199,19290,13589
6511,0,3802,14302,14302,11226,36367
6512,2,6068,16568,20070,13314,16568
6513,0,3536,14036,14036,15962,20377
6514,0,3825,14325,14325,17150,16519
6515,1,6642,17142,37794,17142,35235
6516,0,21793,37562,37562,13226,16564
6517,0,1946,12446,12446,36815,19423
6518,0,24708,37690,37690,39549,13566
6519,0,22894,36023,36023,35320,19797
6520,0,24798,37090,37090,36097,18350
6521,0,9802,20302,20302,15376,11248
6522,0,7269,17769,17769,37293,15661
6523,0,21978,36280,36280,16381,36188
6524,0,7929,18429,18429,20923,18504
6525,0,7166,17666,17666,19883,12039
6526,4,6963,17463,12035,18144,14725
6527,0,5867,16367,16367,16629,19775
6528,0,23501,35453,35453,36545,35372
6529,0,4761,15261,15261,36738,36737
6530,0,10386,20886,20886,14718,16324
6531,0,882,11382,11382,36009,11709
6532,0,557,11057,11057,20548,15275
6533,5,21914,36747,10722,13297,19168
6534,0,1207,11707,11707,17915,17449
6535,0,22229,37984,37984,18850,13602
6536,0,7684,18184,18184,37850,37979
6537,0,21719,36170,36170,11598,36473
6538,1,9702,20202,19666,20202,38510
6539,0,6538,17038,17038,17541,19562
6540,0,10485,20985,20985,19504,12774
6541,0,3211,13711,13711,14223,11167
6542,0,3630,14130,14130,16510,35689
6543,0,1708,12208,12208,19448,20345
6544,0,21859,36958,36958,13238,37351
6545,0,8458,18958,18958,16015,20236
6546,0,1140,11640,11640,35786,19276
6547,0,3162,13662,13662,11213,20911
6548,0,6207,16707,16707,12488,36471
6549,1,21523,37213,16880,37213,11864
6550,3,3730,14230,36942,15714,12436
6551,3,10101,20601,15998,35108,35366
6552,0,21903,36168,36168,39095,16007
6553,5,2660,13160,37923,18385,18801
6554,0,8848,19348,19348,35196,20264
6555,0,1307,11807,11807,36020,17280
6556,0,2567,13067,13067,38175,17046
6557,0,9190,19690,19690,37532,39126
6558,0,2834,13334,13334,36218,13986
6559,1,25152,38952,15178,38952,18983
6560,0,9429,19929,19929,17994,36876
6561,31,2151,12651,19692,11521,12960
6562,0,25009,36277,36277,15031,19735
6563,1,3835,14335,16622,14335,13236
6564,1,24503,39136,38197,39136,35447
6565,0,25181,36072,36072,36071,36597
6566,0,23806,36905,36905,38458,38071
6567,2,10378,20878,19606,13926,20878
6568,0,9326,19826,19826,13005,12703
6569,0,5004,15504,15504,16305,17683
6570,0,6626,17126,17126,15277,14734
6571,0,9495,19995,19995,10812,39342
6572,0,1627,12127,12127,13073,12653
6573,0,24668,39079,39079,15470,13758
6574,0,9714,20214,20214,13653,39112
6575,0,23801,39307,39307,38165,38807
6576,0,358,10858,10858,19270,37503
6577,0,138,10638,10638,20576,20596
6578,0,8491,18991,18991,37892,37545
6579,0,9748,20248,20248,14211,17252
6580,2,382,10882,18333,13950,10882
6581,0,24334,39587,39587,37859,36834
6582,0,4857,15357,15357,38713,18455
6583,5,24114,38544,19607,17348,12264
6584,0,1439,11939,11939,14727,12673
6585,1,9569,20069,39175,20069,19036
6586,1,946,11446,17181,11446,12876
6587,0,21381,37014,37014,11746,15753
6588,2,5498,15998,20601,35176,15998
6589,0,4916,15416,15416,17635,20572
6590,0,8556,19056,19056,17524,11174
6591,0,23382,35507,35507,38225,10996
6592,1,1932,12432,20349,12432,16067
6593,0,2352,12852,12852,37304,36036
6594,0,3236,13736,13736,16235,11530
6595,4,9493,19993,39397,11923,39519
6596,0,21260,37330,37330,11179,19043
6597,0,3807,14307,14307,36035,13160
6598,0,23020,38405,38405,18878,14827
6599,0,1936,12436,12436,36942,18746
6600,0,22292,39323,39323,38737,10642
6601,0,4154,14654,14654,35775,38334
6602,0,8988,19488,19488,19912,20252
6603,0,2416,12916,12916,17013,18528
6604,0,22830,36054,36054,13441,37975
6605,0,6139,16639,16639,12545,37687
6606,5,785,11285,35235,18860,19433
6607,0,6789,17289,17289,35261,36213
6608,0,8036,18536,18536,16168,16015
6609,0,8315,18815,18815,38078,11234
6610,0,23017,38797,38797,14517,18406
6611,0,5668,16168,16168,18117,18536
6612,0,2172,12672,12672,10828,13894
6613,0,2169,12669,12669,11110,11335
6614,1,6628,17128,11802,17128,11767
6615,1,4009,14509,39421,14509,19627
6616,0,4340,14840,14840,14810,20336
6617,0,910,11410,11410,11496,19627
6618,0,6268,16768,16768,37929,15602
6619,0,2309,12809,12809,17102,20150
6620,0,10033,20533,20533,35226,16844
6621,0,9449,19949,19949,35680,12414
6622,0,6591,17091,17091,15854,17481
6623,0,4458,14958,14958,11643,17222
6624,0,7597,18097,18097,37486,38424
6625,0,9370,19870,19870,18110,15539
6626,0,24781,36106,36106,20035,16156
6627,0,22556,38602,38602,20286,12666
6628,0,4652,15152,15152,19794,37413
6629,0,6218,16718,16718,36824,20647
6630,0,442,10942,10942,36818,10778
6631,0,3415,13915,13915,36257,18258
6632,0,9591,20091,20091,11841,11386
6633,0,23117,37711,37711,13954,35597
6634,0,24992,36071,36071,38583,16084
6635,0,9649,20149,20149,17305,13469
6636,0,22566,38937,38937,38964,10850
6637,0,5744,16244,16244,18473,35743
6638,0,1054,11554,11554,19498,16461
6639,0,22268,37678,37678,15029,16417
6640,0,3699,14199,14199,13159,37470
6641,36,929,11429,13075,10863,10639
6642,0,6468,16968,16968,16253,10903
6643,4,8767,19267,36359,11509,16797
6644,0,1829,12329,12329,13761,38674
6645,6,25266,38351,36401,35218,13235
6646,0,23428,36177,36177,36674,36600
6647,0,21077,36786,36786,11459,37470
6648,0,2011,12511,12511,37312,18089
6649,0,913,11413,11413,19248,15606
6650,0,7611,18111,18111,14785,14283
6651,41,22792,36928,37440,11115,36504
6652,0,25055,36132,36132,12666,35310
6653,0,2606,13106,13106,20720,12176
6654,0,4928,15428,15428,18499,36274
6655,0,9783,20283,20283,35365,14043
6656,0,6564,17064,17064,36755,37033
6657,0,23972,36789,36789,20109,17533
6658,0,6,10506,10506,17449,35296
6659,0,7835,18335,18335,20741,16238
6660,2,6583,17083,18221,38144,17083
6661,7,3361,13861,17888,36978,36057
6662,0,10135,20635,20635,12044,38781
6663,3,23119,36272,11661,10532,20892
6664,0,1635,12135,12135,15441,12846
6665,2,1141,11641,13683,39467,11641
6666,3,21822,37685,18044,39447,37062
6667,0,359,10859,10859,36929,13650
6668,0,2070,12570,12570,16995,17613
6669,0,3134,13634,13634,14537,15894
6670,0,5160,15660,15660,18653,39188
6671,0,6990,17490,17490,11037,11533
6672,0,3243,13743,13743,19377,38663
6673,0,2242,12742,12742,14424,11942
6674,0,1474,11974,11974,10665,15073
6675,0,22166,37472,37472,13567,38957
6676,4,10081,20581,39554,13211,12522
6677,2,3259,13759,35252,11158,13759
6678,2,10213,20713,35223,38066,20713
6679,0,4020,14520,14520,35505,20539
6680,0,24591,37847,37847,12996,36463
6681,0,8566,19066,19066,19972,12401
6682,0,3500,14000,14000,35610,38415
6683,2,2658,13158,18367,14999,13158
6684,0,24525,37264,37264,35664,20158
6685,0,1130,11630,11630,36538,12259
6686,0,23613,38380,38380,37588,38825
6687,0,1819,12319,12319,18011,18080
6688,0,7461,17961,17961,39070,12190
6689,5,24152,36342,20955,39498,15703
6690,0,22212,36302,36302,12760,18829
6691,0,23536,36825,36825,16185,37351
6692,1,7064,17564,35553,17564,11165
6693,0,4318,14818,14818,13103,19609
6694,45,9342,19842,15949,18374,17935
6695,0,4669,15169,15169,38310,36500
6696,0,9428,19928,19928,37962,13080
6697,0,5476,15976,15976,36410,17785
6698,0,25404,39350,39350,12309,17688
6699,0,24496,37755,37755,19049,17189
6700,4,1856,12356,35683,20498,12497
6701,0,2282,12782,12782,39194,13501
6702,0,21776,38753,38753,13512,14612
6703,0,4008,14508,14508,12830,39579
6704,1,6401,16901,12338,16901,12278
6705,0,21634,39485,39485,36360,14994
6706,1,22657,39346,36076,39346,36077
6707,0,386,10886,10886,11794,20152
6708,0,1628,12128,12128,37032,38658
6709,0,21519,35500,35500,39117,18378
6710,1,22572,36055,13343,36055,11759
6711,0,24634,37224,37224,17347,12500
6712,0,21175,38588,38588,16172,36531
6713,0,7718,18218,18218,38010,19206
6714,0,24497,36099,36099,37224,12500
6715,3,21060,39548,17259,16602,11627
6716,0,9101,19601,19601,13837,18635
6717,0,21730,37894,37894,12228,15406
6718,0,10058,20558,20558,38458,20695
6719,0,1842,12342,12342,12979,35323
6720,0,2497,12997,12997,39222,10569
6721,0,201,10701,10701,13599,38249
6722,0,24083,36626,36626,16083,20158
6723,0,3868,14368,14368,14279,12797
6724,0,5054,15554,15554,17085,19275
6725,0,5889,16389,16389,38993,36641
6726,32,2702,13202,36420,36928,17053
6727,0,7922,18422,18422,35591,35846
6728,0,331,10831,10831,37890,19148
6729,0,3808,14308,14308,14060,15857
6730,0,935,11435,11435,35159,39194
6731,0,24370,35245,35245,15067,37329
6732,0,1774,12274,12274,20185,10731
6733,0,25242,38254,38254,14982,17772
6734,0,8611,19111,19111,17280,38467
6735,1,24601,35472,19187,35472,13423
6736,0,24553,38321,38321,12195,17220
6737,0,989,11489,11489,14331,37358
6738,0,5443,15943,15943,18928,35190
6739,0,21289,37088,37088,13938,37801
6740,0,6993,17493,17493,17759,17107
6741,0,21981,38335,38335,12226,15822
6742,0,5806,16306,16306,20221,38731
6743,0,24682,37704,37704,17945,16742
6744,0,21379,37652,37652,38967,20228
6745,0,6574,17074,17074,17827,10662
6746,0,3052,13552,13552,39239,14871
6747,0,23270,37555,37555,11354,37554
6748,0,8365,18865,18865,13060,12029
6749,0,4615,15115,15115,14034,20743
6750,0,3321,13821,13821,19859,18659
6751,0,24631,39216,39216,20561,11288
6752,0,6246,16746,16746,11860,14981
6753,0,6048,16548,16548,35871,18517
6754,0,3311,13811,13811,38778,20149
6755,0,24436,37323,37323,10628,35862
6756,0,25295,36376,36376,18061,20945
6757,0,25300,38670,38670,15596,19110
6758,0,22892,35790,35790,13238,12806
6759,0,8210,18710,18710,19495,18469
6760,0,3628,14128,14128,16839,12753
6761,1,25102,37892,14220,37892,37545
6762,1,10366,20866,19369,20866,13562
6763,0,1356,11856,11856,20739,36826
6764,0,5002,15502,15502,17219,14894
6765,0,23348,36228,36228,36964,12779
6766,0,5823,16323,16323,15150,17573
6767,0,23172,38854,38854,16416,20837
6768,0,5670,16170,16170,37646,18353
6769,0,3112,13612,13612,19376,15957
6770,1,182,10682,17601,10682,15991
6771,0,24473,37886,37886,10840,17907
6772,0,10004,20504,20504,37351,36825
6773,0,855,11355,11355,17594,14072
6774,0,21339,37231,37231,17791,37571
6775,1,4912,15412,18522,15412,15767
6776,0,24959,37403,37403,38969,16253
6777,0,1800,12300,12300,12200,20738
6778,0,24416,38486,38486,14193,17348
6779,0,24211,35215,35215,36585,12278
6780,0,5482,15982,15982,14704,35206
6781,0,22788,37086,37086,13583,17163
6782,0,1968,12468,12468,37421,14473
6783,0,25105,37077,37077,14459,11050
6784,13,24123,36797,10959,10848,20058
6785,0,4697,15197,15197,12373,18758
6786,0,4987,15487,15487,15893,20612
6787,0,4650,15150,15150,16323,20545
6788,0,1159,11659,11659,38157,18337
6789,0,9405,19905,19905,19142,36515
6790,0,24052,36191,36191,11695,19466
6791,0,1325,11825,11825,37434,35442
6792,4,10288,20788,17240,20468,15573
6793,0,21678,37745,37745,20451,14370
6794,1,4796,15296,36186,15296,17767
6795,0,6796,17296,17296,14547,18783
6796,0,5808,16308,16308,38844,11773
6797,0,21246,39399,39399,15131,11804
6798,0,1455,11955,11955,13610,12675
6799,0,5410,15910,15910,37118,20745
6800,0,8333,18833,18833,11922,16905
6801,1,2800,13300,37858,13300,11980
6802,0,9836,20336,20336,14840,38350
6803,0,10332,20832,20832,15192,13610
6804,0,7616,18116,18116,16732,37016
6805,0,23279,38024,38024,36953,11551
6806,0,7815,18315,18315,35816,12207
6807,1,4378,14878,39235,14878,17966
6808,0,8921,19421,19421,19470,18428
6809,265,21449,36504,17431,35535,39115
6810,0,6716,17216,17216,20045,20683
6811,0,10128,20628,20628,19586,37764
6812,0,3736,14236,14236,16366,13100
6813,0,2261,12761,12761,12399,38951
6814,1,7429,17929,39306,17929,37887
6815,0,4005,14505,14505,12009,11292
6816,0,9302,19802,19802,35747,36570
6817,0,22814,38088,38088,16218,19470
6818,0,21155,35784,35784,13220,17683
6819,9,2394,12894,10706,39235,17966
6820,0,1185,11685,11685,39064,16727
6821,0,2007,12507,12507,35852,18916
6822,16,193,10693,14509,17755,16069
6823,0,21549,37956,37956,16374,16842
6824,0,8770,19270,19270,10858,19356
6825,0,5525,16025,16025,12482,16223
6826,0,771,11271,11271,11418,16629
6827,0,22593,35181,35181,15567,35353
6828,0,1478,11978,11978,20667,14568
6829,1,1846,12346,35724,12346,15424
6830,0,3740,14240,14240,13603,39502
6831,0,22903,37203,37203,17829,20696
6832,0,7986,18486,18486,20931,36826
6833,0,405,10905,10905,11854,37254
6834,0,21483,38904,38904,12745,36154
6835,0,10265,20765,20765,37815,13928
6836,0,10088,20588,20588,14033,14849
6837,0,25193,37418,37418,38485,16445
6838,0,6317,16817,16817,12026,36015
6839,0,6581,17081,17081,20717,35847
6840,2,24617,35165,35102,39579,35165
6841,0,1447,11947,11947,12989,20925
6842,0,342,10842,10842,16664,38900
6843,0,7468,17968,17968,39309,11867
6844,0,21944,38644,38644,35113,37290
6845,0,24562,35313,35313,38845,13862
6846,1,727,11227,11857,11227,17386
6847,0,4577,15077,15077,13267,13101
6848,0,9168,19668,19668,10678,15427
6849,0,9250,19750,19750,13285,19509
6850,0,3516,14016,14016,13518,38121
6851,0,24333,37936,37936,16055,15873
6852,0,22997,36681,36681,11392,35807
6853,0,7156,17656,17656,38015,19679
6854,0,7851,18351,18351,15609,13196
6855,0,10178,20678,20678,14011,17234
6856,0,9491,19991,19991,16982,12181
6857,0,1348,11848,11848,12357,35999
6858,0,660,11160,11160,10658,17040
6859,0,1492,11992,11992,17813,38049
6860,0,21232,36863,36863,18012,35800
6861,0,23189,37383,37383,18142,12961
6862,0,5154,15654,15654,39025,35767
6863,0,22875,35101,35101,16333,11026
6864,0,9885,20385,20385,13338,38085
6865,0,21652,39175,39175,20069,19036
6866,0,9277,19777,19777,37524,14287
6867,0,2524,13024,13024,11480,11203
6868,1,25091,36129,37402,36129,16494
6869,0,23048,37298,37298,19614,11357
6870,0,5374,15874,15874,38576,36839
6871,0,3198,13698,13698,16983,13172
6872,0,5717,16217,16217,10624,36087
6873,0,24053,35999,35999,35176,12357
6874,0,22911,38251,38251,10986,36731
6875,0,21235,36913,36913,10861,19255
6876,1,8259,18759,20363,18759,13233
6877,0,24409,36997,36997,17738,19307
6878,0,40,10540,10540,16188,16636
6879,0,10461,20961,20961,11189,19298
6880,0,23997,37165,37165,17963,11635
6881,0,21191,36196,36196,12563,20350
6882,0,25377,37857,37857,14037,16133
6883,0,6816,17316,17316,16719,17090
6884,2,24932,35153,38607,15376,35153
6885,1,22583,36102,13402,36102,11456
6886,0,21353,36817,36817,12372,19927
6887,0,21446,35298,35298,16104,35686
6888,1,2723,13223,18550,13223,20741
6889,0,24302,38382,38382,38888,11496
6890,0,24685,37452,37452,20292,14554
6891,0,9335,19835,19835,10807,10523
6892,12,21537,39196,37137,39539,39165
6893,0,7155,17655,17655,20660,13964
6894,0,22069,36097,36097,18350,37090
6895,0,21642,38435,38435,37232,13644
6896,0,24424,36358,36358,13932,35729
6897,0,7230,17730,17730,18531,38718
6898,0,10412,20912,20912,17173,36990
6899,0,5075,15575,15575,17438,19895
6900,0,22150,35117,35117,14985,16721
6901,0,7880,18380,18380,37774,20199
6902,0,5394,15894,15894,13634,12540
6903,0,9641,20141,20141,17138,14993
6904,0,22112,37420,37420,19087,15614
6905,0,7789,18289,18289,36675,17594
6906,8,24188,38611,37543,18702,15113
6907,1,4088,14588,15948,14588,11572
6908,0,1967,12467,12467,17949,38017
6909,0,22135,38083,38083,37547,11209
6910,0,22324,37806,37806,14500,15068
6911,0,22469,38988,38988,18859,18911
6912,5,6999,17499,18775,12055,35447
6913,0,423,10923,10923,18839,18899
6914,0,23410,38507,38507,15969,11537
6915,0,10096,20596,20596,36851,37390
6916,0,25356,38858,38858,14944,37901
6917,0,23031,37456,37456,10678,39140
6918,0,6142,16642,16642,14365,37412
6919,0,5661,16161,16161,12700,16257
6920,0,9031,19531,19531,13284,12951
6921,1,4596,15096,39077,15096,10902
6922,0,2659,13159,13159,14199,10883
6923,0,141,10641,10641,19567,18254
6924,0,2597,13097,13097,19469,35577
6925,0,6701,17201,17201,16874,36629
6926,0,1377,11877,11877,20526,15409
6927,0,3674,14174,14174,14902,15177
6928,0,9658,20158,20158,16083,36626
6929,0,21648,39439,39439,19238,37539
6930,0,6362,16862,16862,15851,37522
6931,0,23525,39143,39143,36956,11211
6932,0,4741,15241,15241,11269,17930
6933,0,1138,11638,11638,10713,15935
6934,0,10449,20949,20949,18450,37671
6935,1,7374,17874,14988,17874,19819
6936,0,1787,12287,12287,36247,19964
6937,0,23061,36623,36623,20614,12085
6938,4,4646,15146,13652,38262,18345
6939,0,7568,18068,18068,39436,12877
6940,2,459,10959,19935,38827,10959
6941,0,6115,16615,16615,14430,20325
6942,7,8179,18679,13585,35343,19272
6943,0,948,11448,11448,35290,15818
6944,0,9528,20028,20028,18518,14991
6945,0,6370,16870,16870,19367,18230
6946,0,4628,15128,15128,37448,14865
6947,0,7358,17858,17858,36790,13357
6948,0,5925,16425,16425,35397,16906
6949,0,6040,16540,16540,10936,12129
6950,0,441,10941,10941,14965,19876
6951,0,6659,17159,17159,17702,15093
6952,0,9794,20294,20294,35756,38767
6953,1,10430,20930,20752,20930,12753
6954,0,8831,19331,19331,36917,16629
6955,0,9046,19546,19546,12429,19018
6956,0,3830,14330,14330,35359,39503
6957,0,22463,38695,38695,10769,39327
6958,0,6144,16644,16644,15089,11141
6959,0,25019,38181,38181,15163,37023
6960,0,6344,16844,16844,20533,14522
6961,0,23111,37027,37027,13123,12487
6962,0,1958,12458,12458,35568,16017
6963,0,9262,19762,19762,19660,38769
6964,70,155,10655,18108,36368,36345
6965,36,10487,20987,14171,15896,16274
6966,1,22604,36525,16636,36525,16188
6967,0,4578,15078,15078,11495,35413
6968,0,1089,11589,11589,14732,20814
6969,0,6049,16549,16549,17604,36594
6970,5,24567,35726,18930,14290,14250
6971,0,22037,38337,38337,14173,37475
6972,0,9122,19622,19622,36459,14923
6973,0,7950,18450,18450,37671,20949
6974,0,23570,35695,35695,17104,39518
6975,0,1674,12174,12174,12224,15105
6976,0,6763,17263,17263,38911,38979
6977,0,23473,37153,37153,14275,12493
6978,0,6416,16916,16916,17048,38248
6979,0,23753,38939,38939,14382,12388
6980,0,24830,36033,36033,10949,19399
6981,0,2326,12826,12826,12355,17237
6982,0,7096,17596,17596,39559,16854
6983,0,23355,37595,37595,37994,14413
6984,0,23395,36374,36374,35475,16353
6985,0,6450,16950,16950,11231,37275
6986,0,23930,38530,38530,37435,35756
6987,0,1715,12215,12215,18617,16048
6988,0,9890,20390,20390,10771,38075
6989,0,9172,19672,19672,16881,16780
6990,0,8381,18881,18881,19857,12794
6991,0,9433,19933,19933,12251,18004
6992,0,3831,14331,14331,11489,13971
6993,0,6299,16799,16799,11731,38528
6994,0,3348,13848,13848,10975,17740
6995,1,22614,38877,11117,38877,35308
6996,0,9177,19677,19677,37070,11170
6997,0,10013,20513,20513,17116,20709
6998,0,587,11087,11087,13068,16434
6999,0,9346,19846,19846,20957,35581
7000,0,21197,35558,35558,14429,35945
7001,0,24509,38881,38881,15810,14764
7002,0,10091,20591,20591,17016,20024
7003,0,2990,13490,13490,12145,20209
7004,0,22235,38528,38528,14098,19058
7005,0,23151,36425,36425,38755,12832
7006,0,22424,37906,37906,11757,36079
7007,0,9587,20087,20087,12751,14823
7008,1,264,10764,19543,10764,17986
7009,1,22944,37247,12265,37247,19578
7010,0,6788,17288,17288,12356,12497
7011,0,21748,38902,38902,36534,17041
7012,0,24715,37361,37361,10796,17748
7013,0,10131,20631,20631,19394,13835
7014,0,3864,14364,14364,13716,13705
7015,0,10435,20935,20935,18855,39253
7016,0,24472,35186,35186,19746,16411
7017,0,6274,16774,16774,14965,10941
7018,0,24167,37614,37614,13561,17847
7019,1,25081,39298,19511,39298,15736
7020,0,3711,14211,14211,20248,38558
7021,0,8438,18938,18938,38168,16556
7022,0,9786,20286,20286,38602,39358
7023,0,1529,12029,12029,19862,18865
7024,0,21897,36887,36887,17277,14873
7025,0,923,11423,11423,38889,36676
7026,0,23715,37392,37392,38123,17279
7027,0,7329,17829,17829,37203,20696
7028,0,4364,14864,14864,35467,15409
7029,0,669,11169,11169,18820,19784
7030,0,3604,14104,14104,37056,13441
7031,0,5108,15608,15608,20192,17922
7032,0,10102,20602,20602,15749,14799
7033,0,23323,38114,38114,20518,11809
7034,0,5248,15748,15748,11740,39155
7035,0,7183,17683,17683,16305,35784
7036,0,23665,35482,35482,12073,16904
7037,0,2591,13091,13091,20053,14227
7038,0,5906,16406,16406,13824,18193
7039,0,9973,20473,20473,11282,20549
7040,2,6509,17009,35128,18239,17009
7041,0,24411,35799,35799,37713,39178
7042,0,7133,17633,17633,18206,14120
7043,0,2307,12807,12807,18731,19253
7044,0,8804,19304,19304,14821,11499
7045,0,3690,14190,14190,35542,37332
7046,0,687,11187,11187,15399,18576
7047,0,612,11112,11112,19786,17281
7048,0,7167,17667,17667,16767,18084
7049,49,24950,36420,37440,11555,11115
7050,0,3200,13700,13700,38207,36221
7051,0,10459,20959,20959,35914,11830
7052,0,21765,35762,35762,36977,16914
7053,1,6629,17129,38630,17129,19995
7054,0,4135,14635,14635,16461,38798
7055,0,1898,12398,12398,15322,13602
7056,0,282,10782,10782,13439,17763
7057,0,258,10758,10758,36659,11742
7058,0,25155,35710,35710,37825,38354
7059,0,21714,39444,39444,38641,38810
7060,0,4943,15443,15443,35547,37391
7061,0,2822,13322,13322,19803,16045
7062,0,24049,36125,36125,14486,16744
7063,0,3525,14025,14025,11088,13796
7064,0,22732,39087,39087,19061,37463
7065,0,5223,15723,15723,19843,36331
7066,0,2285,12785,12785,16226,13083
7067,0,6063,16563,16563,12428,17680
7068,0,8078,18578,18578,17063,19852
7069,0,4654,15154,15154,11620,17037
7070,0,5000,15500,15500,11442,12568
7071,0,6710,17210,17210,35763,14532
7072,0,22381,38594,38594,14262,37889
7073,2,8676,19176,12960,12052,19176
7074,1,10403,20903,18718,20903,17843
7075,0,5416,15916,15916,13301,11278
7076,0,475,10975,10975,19605,39179
7077,0,2555,13055,13055,18698,12137
7078,0,8087,18587,18587,18963,12527
7079,4,7,10507,12630,36339,11744
7080,0,6411,16911,16911,38935,36057
7081,0,23470,38350,38350,20336,15811
7082,0,25378,37975,37975,39503,15209
7083,0,5546,16046,16046,37371,17674
7084,0,2426,12926,12926,35812,19143
7085,0,6744,17244,17244,14393,35359
7086,1,10006,20506,18094,20506,36033
7087,0,25093,39042,39042,17831,16439
7088,0,2274,12774,12774,19504,14920
7089,0,9203,19703,19703,17921,17037
7090,0,1577,12077,12077,39010,15753
7091,0,7264,17764,17764,15089,12334
7092,0,9259,19759,19759,14416,39331
7093,0,10183,20683,20683,17216,20110
7094,0,3970,14470,14470,38973,20169
7095,5,5879,16379,13728,20224,12304
7096,0,23986,37216,37216,36185,15968
7097,1,23341,38599,20561,38599,12146
7098,1,7193,17693,18747,17693,19122
7099,0,3867,14367,14367,18019,36297
7100,0,24117,38732,38732,38731,19055
7101,0,6823,17323,17323,15042,38514
7102,0,25186,35834,35834,17933,38266
7103,1,7548,18048,17142,18048,14230
7104,0,781,11281,11281,13412,37097
7105,1,24933,39364,37639,39364,11915
7106,0,1749,12249,12249,35536,15252
7107,1,23791,35577,20170,35577,12869
7108,0,6519,17019,17019,37782,37479
7109,11,5774,16274,36492,36609,18023
7110,0,9283,19783,19783,20519,20297
7111,0,9369,19869,19869,15392,36670
7112,0,2324,12824,12824,36622,16635
7113,0,10271,20771,20771,14583,38345
7114,0,5055,15555,15555,35523,36345
7115,0,23062,35394,35394,35393,39109
7116,0,25329,38129,38129,12179,15846
7117,0,10482,20982,20982,36785,15133
7118,0,1727,12227,12227,12314,15524
7119,0,610,11110,11110,12669,11335
7120,0,4666,15166,15166,18325,17281
7121,0,5413,15913,15913,20410,19005
7122,0,8103,18603,18603,18363,18261
7123,1,8174,18674,37630,18674,38107
7124,0,8535,19035,19035,36604,15528
7125,0,21542,35943,35943,38912,37498
7126,0,3750,14250,14250,12318,14290
7127,0,22821,36001,36001,15987,17531
7128,0,97,10597,10597,11508,39139
7129,2,6985,17485,15826,37407,17485
7130,0,3137,13637,13637,17115,19335
7131,0,1537,12037,12037,19280,15417
7132,1,3648,14148,39009,14148,35576
7133,0,21919,37927,37927,14892,12328
7134,2,1517,12017,18973,36176,12017
7135,1,24150,38630,17129,38630,17526
7136,10,4624,15124,38505,13715,12874
7137,0,6566,17066,17066,36709,15997
7138,0,2090,12590,12590,35549,35548
7139,0,7097,17597,17597,13671,15497
7140,0,6171,16671,16671,18810,18027
7141,0,7521,18021,18021,16134,14326
7142,2,572,11072,39420,36768,11072
7143,0,21479,38872,38872,12038,20220
7144,0,25109,38211,38211,18158,20581
7145,0,3062,13562,13562,15852,19369
7146,0,597,11097,11097,18109,20476
7147,0,6633,17133,17133,36685,18364
7148,0,24086,38749,38749,19168,20800
7149,0,7875,18375,18375,18969,15141
7150,0,7345,17845,17845,11104,14848
7151,0,6304,16804,16804,13894,12302
7152,0,23371,36622,36622,12824,36742
7153,0,23863,38769,38769,10544,12871
7154,1,22803,38981,20251,38981,14239
7155,0,5976,16476,16476,35772,36624
7156,0,8562,19062,19062,10505,14436
7157,8,1938,12438,18401,18025,14171
7158,0,25051,37178,37178,14674,20279
7159,0,8100,18600,18600,39581,38952
7160,1,1753,12253,38702,12253,38696
7161,0,3670,14170,14170,12105,39451
7162,0,24957,36629,36629,17201,20929
7163,6,2361,12861,17989,38491,35705
7164,0,4260,14760,14760,38879,13121
7165,2,5432,15932,37577,38490,15932
7166,0,6285,16785,16785,11652,38083
7167,0,22832,36387,36387,11177,39252
7168,3,23138,38805,37198,15704,35605
7169,0,24130,36329,36329,11081,19349
7170,0,21921,37428,37428,18445,14771
7171,0,22578,37015,37015,18570,11720
7172,0,5591,16091,16091,11735,11307
7173,0,1171,11671,11671,20331,16208
7174,1,7927,18427,17049,18427,17311
7175,6,24449,36653,18746,14816,12371
7176,0,9614,20114,20114,36699,38602
7177,0,24980,35927,35927,19209,39183
7178,0,22413,38631,38631,16256,39000
7179,0,24996,36712,36712,17675,20986
7180,0,21243,38348,38348,16750,36480
7181,0,874,11374,11374,14215,13381
7182,0,2297,12797,12797,14279,14368
7183,0,23055,38560,38560,18087,37215
7184,0,2643,13143,13143,16392,18720
7185,0,23326,38508,38508,38716,11544
7186,0,5347,15847,15847,11790,20246
7187,0,9032,19532,19532,38403,37765
7188,0,25487,39499,39499,39291,36538
7189,9,581,11081,18119,17523,19425
7190,0,204,10704,10704,14655,19524
7191,0,7896,18396,18396,12024,16249
7192,0,9833,20333,20333,19370,12994
7193,0,2014,12514,12514,14821,11861
7194,0,23246,36039,36039,36637,17029
7195,0,21205,36257,36257,13915,12918
7196,0,905,11405,11405,37003,17119
7197,1,631,11131,15630,11131,15845
7198,0,8461,18961,18961,12273,13983
7199,0,23462,37089,37089,37527,19611
7200,0,1974,12474,12474,17627,13626
7201,0,162,10662,10662,12908,17220
7202,0,4998,15498,15498,15076,16369
7203,0,21613,36948,36948,11552,20421
7204,0,9557,20057,20057,36632,13328
7205,0,21571,37732,37732,38526,35357
7206,1,4713,15213,36378,15213,19424
7207,0,9067,19567,19567,10641,18254
7208,0,1431,11931,11931,14318,16709
7209,0,6868,17368,17368,12976,19484
7210,0,25419,38308,38308,36036,14696
7211,2,7710,18210,12396,14102,18210
7212,0,7736,18236,18236,20024,19679
7213,0,4283,14783,14783,12652,19592
7214,1,7531,18031,38832,18031,10895
7215,0,23306,36511,36511,16655,13573
7216,0,22058,35642,35642,13191,14424
7217,0,10053,20553,20553,16469,19471
7218,1,21044,35445,36216,35445,17680
7219,0,3384,13884,13884,39035,35854
7220,40,23664,38943,39472,39348,38894
7221,0,22751,36947,36947,20929,13804
7222,0,22045,37087,37087,35437,38631
7223,3,7462,17962,11237,38402,15327
7224,0,3331,13831,13831,14911,39498
7225,0,21908,38903,38903,35501,10832
7226,0,24694,35189,35189,16540,38926
7227,0,6404,16904,16904,15096,11180
7228,0,8895,19395,19395,17898,37102
7229,0,2096,12596,12596,13504,12649
7230,0,10195,20695,20695,11245,20558
7231,0,22628,37209,37209,18615,20820
7232,0,7999,18499,18499,36175,15428
7233,0,5017,15517,15517,39403,14567
7234,0,8738,19238,19238,39439,35966
7235,0,1449,11949,11949,14845,12107
7236,0,6900,17400,17400,18738,37586
7237,5,2610,13110,14704,11435,16069
7238,0,1900,12400,12400,10615,20241
7239,0,8186,18686,18686,18260,13389
7240,0,3920,14420,14420,39056,35498
7241,0,2757,13257,13257,11138,18070
7242,0,6397,16897,16897,38667,20357
7243,0,10077,20577,20577,38852,20757
7244,0,22122,37596,37596,36572,37217
7245,0,2097,12597,12597,38358,19217
7246,0,8329,18829,18829,36302,12225
7247,0,23505,38781,38781,13042,17438
7248,0,5624,16124,16124,13233,19797
7249,0,9028,19528,19528,13467,14539
7250,0,3471,13971,13971,37358,20244
7251,0,8266,18766,18766,19165,35790
7252,0,2171,12671,12671,15432,36009
7253,1,25183,38449,12367,38449,38723
7254,1,21475,38379,17569,38379,16476
7255,0,8590,19090,19090,18651,35461
7256,0,2010,12510,12510,16993,13350
7257,0,23491,39283,39283,36096,11155
7258,0,1283,11783,11783,12655,16516
7259,0,21644,37379,37379,15693,14705
7260,0,10028,20528,20528,15700,13833
7261,3,21548,39004,13094,38340,18722
7262,0,1019,11519,11519,15475,12492
7263,0,9518,20018,20018,19698,16735
7264,0,22240,35596,35596,16732,35996
7265,0,8667,19167,19167,14968,12384
7266,0,2810,13310,13310,14212,38304
7267,0,21979,37541,37541,16683,37459
7268,0,1651,12151,12151,38824,15753
7269,0,25220,39025,39025,36855,19394
7270,0,1169,11669,11669,10639,16451
7271,1,22589,35314,18913,35314,17897
7272,0,9398,19898,19898,14412,19007
7273,0,6256,16756,16756,20021,35528
7274,0,5469,15969,15969,35858,11537
7275,0,21309,37694,37694,36113,35270
7276,0,10258,20758,20758,11314,16733
7277,0,867,11367,11367,38257,15145
7278,0,23032,35760,35760,12765,36074
7279,1,5093,15593,15769,15593,20247
7280,0,5433,15933,15933,11532,12494
7281,3,541,11041,38573,15572,11520
7282,7,9324,19824,11426,18054,20123
7283,0,24196,39351,39351,10694,16087
7284,0,6354,16854,16854,15682,17596
7285,0,22423,38607,38607,14112,15376
7286,0,3390,13890,13890,14468,39199
7287,0,21940,35748,35748,16915,17767
7288,3,22666,36045,12745,38904,13936
7289,0,23645,38275,38275,19938,14375
7290,0,23027,39498,39498,13831,20955
7291,0,24382,35369,35369,35370,36816
7292,0,21960,35599,35599,10646,17606
7293,0,3959,14459,14459,37077,14966
7294,0,22325,38509,38509,20694,19391
7295,0,6643,17143,17143,20853,35521
7296,0,6841,17341,17341,16837,37373
7297,0,22531,37005,37005,16910,12854
7298,0,3586,14086,14086,10556,12879
7299,0,22608,36691,36691,20266,20515
7300,0,2563,13063,13063,13263,10989
7301,0,22076,35416,35416,39453,12312
7302,0,24186,37968,37968,12074,37306
7303,0,23554,36526,36526,12610,11239
7304,0,5036,15536,15536,19350,36993
7305,0,1080,11580,11580,19810,14460
7306,0,5891,16391,16391,11798,13186
7307,0,10277,20777,20777,16255,35520
7308,0,22962,35238,35238,14660,18730
7309,0,4966,15466,15466,15510,19942
7310,0,2023,12523,12523,15988,35542
7311,0,24144,38080,38080,11887,19636
7312,0,7909,18409,18409,17226,20311
7313,0,23752,37684,37684,38829,38556
7314,0,7321,17821,17821,37414,11871
7315,86,226,10726,17924,18408,39463
7316,1,1013,11513,11015,11513,37465
7317,0,1929,12429,12429,19546,19018
7318,0,23254,37162,37162,14667,12709
7319,0,5251,15751,15751,14336,12720
7320,1,9596,20096,17047,20096,12528
7321,0,2179,12679,12679,13367,39249
7322,0,697,11197,11197,15429,18515
7323,0,1124,11624,11624,38503,19939
7324,0,7378,17878,17878,35221,36621
7325,11,23927,36878,12353,16559,37834
7326,0,5110,15610,15610,38574,38333
7327,0,7902,18402,18402,17132,10577
7328,2,1778,12278,14643,18217,12278
7329,0,23954,36531,36531,12574,20540
7330,0,2634,13134,13134,19119,18011
7331,0,7544,18044,18044,37685,37062
7332,3,7604,18104,35895,10666,35342
7333,0,3489,13989,13989,18327,15191
7334,0,1037,11537,11537,15969,11674
7335,0,10448,20948,20948,17476,19393
7336,0,25164,36832,36832,37230,18683
7337,0,24554,39507,39507,11431,11778
7338,0,8505,19005,19005,15913,18630
7339,0,2649,13149,13149,15707,15356
7340,0,10473,20973,20973,35749,13557
7341,0,2979,13479,13479,14943,38556
7342,0,2547,13047,13047,20740,13962
7343,0,5132,15632,15632,19169,12777
7344,2,2159,12659,17855,36799,12659
7345,0,21835,35923,35923,20895,37866
7346,0,9114,19614,19614,37298,11357
7347,0,6445,16945,16945,35337,18911
7348,0,3967,14467,14467,39092,38648
7349,0,1428,11928,11928,39119,10587
7350,2,22623,37204,12516,16264,37204
7351,0,2520,13020,13020,10878,12139
7352,0,21326,36572,36572,37596,11346
7353,0,8033,18533,18533,38318,15824
7354,0,23690,37448,37448,35759,15128
7355,0,24209,37544,37544,37075,10516
7356,0,25160,39403,39403,15517,10509
7357,0,448,10948,10948,37477,37954
7358,17,22487,37318,16858,17431,12052
7359,0,9476,19976,19976,38139,11286
7360,0,5995,16495,16495,15947,37675
7361,3,25166,38868,11394,14004,12241
7362,0,3727,14227,14227,13091,15147
7363,0,7353,17853,17853,16075,14996
7364,0,8553,19053,19053,35864,38092
7365,0,6279,16779,16779,19264,38766
7366,0,21116,38009,38009,16703,38363
7367,0,7295,17795,17795,37644,15224
7368,0,9496,19996,19996,20136,15757
7369,0,6251,16751,16751,36920,11369
7370,1,5926,16426,13153,16426,37221
7371,8,2460,12960,12969,36848,18917
7372,2,22,10522,15035,35617,10522
7373,0,2066,12566,12566,16947,14966
7374,0,1653,12153,12153,13777,19886
7375,0,8894,19394,19394,13835,36855
7376,0,8706,19206,19206,37612,18218
7377,0,22923,35529,35529,18679,19191
7378,0,1376,11876,11876,16177,17787
7379,0,1724,12224,12224,12174,12025
7380,0,24616,35254,35254,10749,20596
7381,0,3754,14254,14254,15017,36426
7382,0,21753,35111,35111,39442,11714
7383,1,8652,19152,12544,19152,20490
7384,0,4183,14683,14683,11818,12673
7385,0,4082,14582,14582,19842,35820
7386,0,9678,20178,20178,11428,38885
7387,0,24131,36464,36464,36265,13556
7388,0,8474,18974,18974,11806,39147
7389,3,6579,17079,11149,36701,37411
7390,0,4558,15058,15058,36799,12659
7391,0,3537,14037,14037,12315,37857
7392,2,7003,17503,19849,18080,17503
7393,3,24197,35367,15997,36282,15988
7394,0,9560,20060,20060,36271,17843
7395,0,22591,38812,38812,38813,13691
7396,0,24573,39083,39083,15087,20082
7397,0,8789,19289,19289,36130,17091
7398,0,9951,20451,20451,14167,19987
7399,0,646,11146,11146,12874,38505
7400,0,6381,16881,16881,19672,16780
7401,0,7527,18027,18027,14287,16671
7402,1,24077,39139,14106,39139,15616
7403,0,21025,36667,36667,14366,38367
7404,0,7165,17665,17665,14682,35210
7405,0,22969,36254,36254,15042,14712
7406,0,25493,36541,36541,19569,37253
7407,0,7697,18197,18197,36042,11925
7408,0,22706,35776,35776,13923,17399
7409,0,21380,38713,38713,15357,18327
7410,0,4875,15375,15375,17908,15556
7411,0,23392,35330,35330,16989,17662
7412,0,23322,37479,37479,11461,20883
7413,0,5341,15841,15841,35906,13105
7414,0,23200,37390,37390,20596,20259
7415,0,7031,17531,17531,38849,36001
7416,0,2160,12660,12660,12903,39516
7417,0,685,11185,11185,37398,35345
7418,0,24043,39347,39347,18907,12845
7419,1,22291,36029,11836,36029,37847
7420,0,2461,12961,12961,18142,18944
7421,0,21837,35623,35623,20011,12951
7422,0,25182,36483,36483,16466,14889
7423,0,7128,17628,17628,18206,14957
7424,1,6267,16767,18084,16767,17667
7425,0,4941,15441,15441,12135,16672
7426,0,5946,16446,16446,38689,10661
7427,0,4583,15083,15083,19112,35541
7428,0,5784,16284,16284,15647,15211
7429,1,10422,20922,16635,20922,12824
7430,0,7569,18069,18069,39287,14494
7431,0,23090,37371,37371,37370,18313
7432,0,22109,35106,35106,12562,18129
7433,0,521,11021,11021,12252,14466
7434,0,8714,19214,19214,38205,13077
7435,0,23327,37792,37792,38349,15628
7436,0,24707,38000,38000,18681,37999
7437,0,3983,14483,14483,18975,17234
7438,0,22460,38938,38938,16282,12601
7439,0,22158,38319,38319,15877,37575
7440,0,780,11280,11280,16591,37965
7441,1,23338,35207,12915,35207,36171
7442,0,24140,39081,39081,15008,18735
7443,0,5607,16107,16107,11270,18166
7444,0,5978,16478,16478,15093,13193
7445,0,8843,19343,19343,20316,14081
7446,0,3747,14247,14247,37924,14572
7447,0,2196,12696,12696,10735,13411
7448,0,8561,19061,19061,18305,19189
7449,0,23858,39421,39421,14509,19144
7450,0,4285,14785,14785,18831,18111
7451,0,8569,19069,19069,36096,20539
7452,0,10408,20908,20908,19263,14935
7453,0,9832,20332,20332,15711,18043
7454,0,9805,20305,20305,19720,39190
7455,0,6979,17479,17479,38122,18613
7456,0,1827,12327,12327,18808,13747
7457,0,24392,36418,36418,19986,15767
7458,0,9154,19654,19654,36590,18161
7459,0,21200,38795,38795,12763,16370
7460,0,25312,39109,39109,20784,37644
7461,0,2376,12876,12876,11446,17181
7462,0,8551,19051,19051,13469,17305
7463,0,3839,14339,14339,15945,14699
7464,0,21476,38786,38786,16954,15701
7465,0,1246,11746,11746,37014,18724
7466,0,7504,18004,18004,12251,19933
7467,0,21627,36077,36077,38159,17137
7468,0,6511,17011,17011,20625,39118
7469,0,22253,36480,36480,38348,13936
7470,0,23160,38327,38327,20050,16756
7471,0,5439,15939,15939,37935,13639
7472,0,24804,35353,35353,17386,35181
7473,0,23186,36209,36209,13975,37112
7474,0,10229,20729,20729,11515,13014
7475,0,24199,38470,38470,12377,15051
7476,1,8964,19464,38959,19464,17051
7477,0,21540,35275,35275,35808,35901
7478,0,22232,36348,36348,17745,36839
7479,0,22433,39172,39172,36088,38663
7480,0,23329,38911,38911,17263,36313
7481,1,5510,16010,38102,16010,38714
7482,0,5330,15830,15830,35445,36216
7483,0,4531,15031,15031,36277,19735
7484,0,9866,20366,20366,38327,16756
7485,0,365,10865,10865,35929,12799
7486,0,24001,36711,36711,12422,37848
7487,0,23095,39567,39567,13101,37115
7488,0,147,10647,10647,13195,16214
7489,0,1668,12168,12168,11148,11304
7490,0,22439,35874,35874,17927,14031
7491,0,21066,37866,37866,20895,13914
7492,1,7650,18150,38041,18150,11159
7493,0,8599,19099,19099,35818,12543
7494,5,23737,36292,14979,39056,14385
7495,0,7788,18288,18288,13450,16021
7496,0,3456,13956,13956,13691,10843
7497,0,25283,36362,36362,17149,35773
7498,0,3271,13771,13771,16721,17629
7499,1,4940,15440,18764,15440,12431
7500,0,9223,19723,19723,16038,36548
7501,0,23257,36695,36695,13398,16493
7502,0,6230,16730,16730,13258,38687
7503,0,21668,37960,37960,16644,15089
7504,1,24264,37100,13037,37100,39167
7505,0,9047,19547,19547,39000,16392
7506,0,3926,14426,14426,14782,18689
7507,0,25309,37408,37408,10574,20850
7508,0,8080,18580,18580,37783,39387
7509,0,78,10578,10578,38434,12343
7510,0,7088,17588,17588,11354,19034
7511,1,2247,12747,36857,12747,11300
7512,0,22973,36949,36949,13836,13237
7513,0,22771,39519,39519,19993,11923
7514,0,25241,39007,39007,16454,14559
7515,0,21638,36999,36999,11709,18204
7516,0,7451,17951,17951,19518,18461
7517,24,8980,19480,19627,15124,20726
7518,1,2279,12779,36964,12779,36228
7519,0,8123,18623,18623,36917,18639
7520,0,3897,14397,14397,20166,12561
7521,1,25428,36657,16382,36657,35407
7522,1,7177,17677,13189,17677,38171
7523,0,9312,19812,19812,35782,19513
7524,0,23221,38790,38790,13794,13160
7525,0,3631,14131,14131,11835,19215
7526,0,23973,37527,37527,38348,20503
7527,0,6272,16772,16772,38170,14880
7528,0,8616,19116,19116,38050,12139
7529,5,392,10892,11575,12189,35484
7530,0,3191,13691,13691,13956,10843
7531,0,16,10516,10516,37544,37075
7532,3,4200,14700,39423,13755,17059
7533,0,2672,13172,13172,38111,10820
7534,5,23097,38916,36151,12564,20389
7535,0,6164,16664,16664,10842,38900
7536,0,21096,36886,36886,18110,15084
7537,2,3493,13993,36171,12915,13993
7538,0,9651,20151,20151,19148,17234
7539,0,21256,37301,37301,18749,36596
7540,0,7394,17894,17894,15022,15764
7541,0,4839,15339,15339,36030,11019
7542,0,593,11093,11093,38999,35140
7543,0,24549,36621,36621,37480,15309
7544,0,22305,38576,38576,15874,12800
7545,3,8737,19237,36371,18805,16036
7546,0,5827,16327,16327,16948,14698
7547,0,24274,35343,35343,18323,13585
7548,0,7961,18461,18461,13228,19518
7549,0,5887,16387,16387,11895,17552
7550,0,2355,12855,12855,11897,39052
7551,0,6036,16536,16536,38657,18057
7552,1,4798,15298,19153,15298,18610
7553,1,21892,35228,35099,35228,11468
7554,0,23143,38730,38730,36696,12334
7555,74,4592,15092,19768,11179,38023
7556,0,21162,35828,35828,37864,39465
7557,0,8656,19156,19156,39233,37955
7558,0,163,10663,10663,17345,16291
7559,0,24046,38501,38501,17447,17586
7560,0,21617,38759,38759,19925,36219
7561,0,23996,39265,39265,17333,16385
7562,0,7380,17880,17880,19961,17588
7563,0,24806,39531,39531,11504,12746
7564,5,10201,20701,18172,37791,15928
7565,0,6356,16856,16856,18665,13962
7566,0,23182,35870,35870,20307,37251
7567,0,9092,19592,19592,37898,16001
7568,0,5542,16042,16042,18453,35406
7569,1,6007,16507,12206,16507,15464
7570,0,7993,18493,18493,11222,14365
7571,0,7638,18138,18138,18638,35572
7572,0,6793,17293,17293,16155,14341
7573,0,23079,35494,35494,19187,36103
7574,0,7758,18258,18258,35332,20457
7575,0,4837,15337,15337,36279,37345
7576,0,2293,12793,12793,18205,38469
7577,0,6548,17048,17048,16916,38248
7578,0,7898,18398,18398,17245,37566
7579,0,4481,14981,14981,17715,16746
7580,0,3716,14216,14216,19745,18298
7581,2,22486,35431,38754,20443,35431
7582,3,6140,16640,37254,11854,10905
7583,0,9956,20456,20456,37399,19992
7584,0,1549,12049,12049,19523,36555
7585,0,24358,35815,35815,12256,18883
7586,0,10331,20831,20831,11071,38862
7587,0,2044,12544,12544,19152,37063
7588,0,767,11267,11267,15995,12328
7589,0,5693,16193,16193,11192,14650
7590,0,7870,18370,18370,11517,20083
7591,0,9700,20200,20200,37687,10789
7592,0,7857,18357,18357,11135,16691
7593,0,3302,13802,13802,37899,36603
7594,0,4517,15017,15017,20393,14254
7595,0,25133,38444,38444,11202,18859
7596,0,24724,37740,37740,10863,16060
7597,0,3292,13792,13792,38743,20675
7598,0,9011,19511,19511,16824,20463
7599,0,1403,11903,11903,20822,20099
7600,0,1382,11882,11882,11677,39166
7601,0,10340,20840,20840,36490,12737
7602,0,6928,17428,17428,10847,19508
7603,0,5671,16171,16171,12829,35420
7604,0,1638,12138,12138,10552,11223
7605,0,24771,39290,39290,16265,13236
7606,0,6907,17407,17407,16486,12157
7607,0,8591,19091,19091,17852,18801
7608,0,6406,16906,16906,16425,12499
7609,0,9074,19574,19574,15266,11084
7610,0,23734,36351,36351,14456,35717
7611,2,1179,11679,35405,20465,11679
7612,41,5448,15948,12543,38882,14706
7613,0,10322,20822,20822,20099,38433
7614,0,5078,15578,15578,36636,38176
7615,269,8648,19148,19542,16524,11573
7616,0,5175,15675,15675,16644,11629
7617,1,10142,20642,39145,20642,38322
7618,0,689,11189,11189,20961,19298
7619,0,22003,37879,37879,18920,19682
7620,0,6525,17025,17025,38196,35966
7621,0,22274,39325,39325,37874,11692
7622,107,6488,16988,15712,16886,35157
7623,2,10145,20645,35235,19741,20645
7624,0,7154,17654,17654,13292,18563
7625,0,22181,37206,37206,20008,17020
7626,0,6610,17110,17110,13497,20674
7627,0,22603,35496,35496,12190,12603
7628,0,22102,37438,37438,14301,35586
7629,0,23661,37471,37471,15415,36994
7630,0,4349,14849,14849,14033,37384
7631,0,1884,12384,12384,19167,14968
7632,1,23195,37558,11462,37558,18769
7633,0,2494,12994,12994,20333,38711
7634,0,5947,16447,16447,17647,18506
7635,0,3036,13536,13536,13771,12278
7636,0,5777,16277,16277,20984,17165
7637,0,21983,36389,36389,13876,38513
7638,0,845,11345,11345,38604,15987
7639,0,8734,19234,19234,37627,11787
7640,0,24947,36510,36510,19906,20510
7641,0,23216,36465,36465,14957,15215
7642,0,7967,18467,18467,15735,14214
7643,0,21212,37313,37313,17224,15729
7644,1,7340,17840,37683,17840,36369
7645,0,22958,38113,38113,15967,17970
7646,0,25410,36993,36993,15536,19350
7647,0,7137,17637,17637,15633,36121
7648,0,2964,13464,13464,11567,16099
7649,0,2529,13029,13029,36812,36971
7650,0,5772,16272,16272,10723,17682
7651,0,1048,11548,11548,10557,11549
7652,0,7045,17545,17545,18847,15358
7653,0,1960,12460,12460,10606,16533
7654,11,2530,13030,20321,11929,20643
7655,0,23598,35732,35732,16795,14500
7656,0,8429,18929,18929,14530,13794
7657,0,4917,15417,15417,35391,12037
7658,0,9325,19825,19825,11865,19439
7659,0,5901,16401,16401,15766,16632
7660,0,8286,18786,18786,14103,13060
7661,1,4259,14759,38717,14759,14195
7662,4,23084,37446,11901,15045,38400
7663,1,21864,38095,16861,38095,18163
7664,0,5656,16156,16156,12050,14139
7665,0,6097,16597,16597,13975,13724
7666,0,5907,16407,16407,38874,38931
7667,0,7373,17873,17873,36390,16487
7668,0,2978,13478,13478,20605,18198
7669,0,25122,37891,37891,11651,35378
7670,0,23492,38557,38557,39089,15758
7671,0,6721,17221,17221,36728,36727
7672,0,7842,18342,18342,20448,17430
7673,1,8264,18764,15440,18764,16992
7674,0,24073,37760,37760,14687,37816
7675,6,22231,36705,13784,19807,37501
7676,0,3138,13638,13638,16788,15257
7677,0,8325,18825,18825,16946,18545
7678,2,22371,39490,37872,11805,39490
7679,0,22197,38448,38448,18609,35926
7680,1,21114,36015,11588,36015,16817
7681,0,1826,12326,12326,14282,20294
7682,0,5548,16048,16048,37547,19185
7683,0,8785,19285,19285,15733,13395
7684,0,21184,35511,35511,19078,19212
7685,0,560,11060,11060,37135,35417
7686,0,21975,37964,37964,17907,36741
7687,6,8435,18935,39144,13360,37539
7688,690,5435,15935,35485,38259,39333
7689,0,4437,14937,14937,16378,13720
7690,0,10382,20882,20882,37830,12827
7691,0,8597,19097,19097,35721,36970
7692,4,1442,11942,17523,12535,19272
7693,0,8453,18953,18953,35882,37334
7694,0,4406,14906,14906,38502,19854
7695,0,22010,38897,38897,36045,36480
7696,84,1689,12189,36996,18576,39533
7697,0,21798,39401,39401,12084,37952
7698,0,9917,20417,20417,38164,19874
7699,0,23166,38092,38092,12112,36859
7700,1,5962,16462,17068,16462,35745
7701,0,2496,12996,12996,36463,10854
7702,0,24165,39200,39200,36871,20293
7703,0,340,10840,10840,37886,39272
7704,0,2408,12908,12908,20458,37397
7705,0,9793,20293,20293,39200,36871
7706,1,21797,37105,13996,37105,15955
7707,0,5782,16282,16282,38938,15413
7708,0,4576,15076,15076,14060,11508
7709,0,3725,14225,14225,16504,38332
7710,0,22804,39520,39520,13690,16937
7711,0,2785,13285,13285,19750,19509
7712,0,9715,20215,20215,38803,36718
7713,1,21619,37496,13255,37496,20276
7714,4,24578,38696,19199,11323,14226
7715,0,1012,11512,11512,35204,36594
7716,1,5280,15780,14423,15780,19896
7717,0,4895,15395,15395,17471,19534
7718,0,9958,20458,20458,12908,17554
7719,0,7121,17621,17621,14417,36876
7720,0,6549,17049,17049,18427,17311
7721,0,4037,14537,14537,13634,15057
7722,0,148,10648,10648,11739,37661
7723,0,285,10785,10785,16855,16320
7724,0,24507,39257,39257,18167,38651
7725,0,8555,19055,19055,35159,15321
7726,130,21789,36729,38499,12052,39591
7727,1,21365,37186,19950,37186,11109
7728,0,9732,20232,20232,11447,20926
7729,0,6770,17270,17270,39312,38761
7730,0,4443,14943,14943,12009,38556
7731,0,7446,17946,17946,37421,12120
7732,0,236,10736,10736,19933,12251
7733,0,25323,38987,38987,17264,36144
7734,0,25474,35348,35348,16988,10868
7735,0,7123,17623,17623,11216,20627
7736,3,23563,37102,18190,15074,15902
7737,0,21545,38934,38934,38325,38198
7738,0,3083,13583,13583,37086,17163
7739,1,25212,38970,17847,38970,15924
7740,0,10294,20794,20794,12992,19858
7741,0,632,11132,11132,10735,36064
7742,0,6813,17313,17313,37026,14794
7743,0,2493,12993,12993,19042,37831
7744,0,2665,13165,13165,36980,37270
7745,0,25450,37325,37325,16612,19705
7746,0,23345,37409,37409,11863,18483
7747,0,22611,37207,37207,19789,16905
7748,3,24502,35120,10528,14241,19358
7749,0,10060,20560,20560,11641,39467
7750,0,22999,36405,36405,12041,14633
7751,0,22213,36669,36669,10806,12090
7752,0,21207,37291,37291,39318,36548
7753,0,4211,14711,14711,37337,17221
7754,122,9686,20186,38345,18592,20771
7755,0,23896,35187,35187,36533,20200
7756,0,3874,14374,14374,38707,14916
7757,0,9424,19924,19924,15052,11715
7758,2,22601,35447,12055,18775,35447
7759,0,2817,13317,13317,37425,38935
7760,0,21253,38356,38356,11577,14671
7761,0,25120,38908,38908,11732,38052
7762,0,24018,39315,39315,19357,13485
7763,0,23252,38071,38071,38458,36905
7764,0,7426,17926,17926,13753,13463
7765,0,21624,38255,38255,10582,35344
7766,0,24795,37295,37295,14035,13591
7767,0,21223,35847,35847,20717,17081
7768,0,21618,38407,38407,12593,14100
7769,1,9777,20277,38785,20277,10850
7770,0,1735,12235,12235,19582,17228
7771,0,7397,17897,17897,18913,16743
7772,940,21303,35609,15270,37834,17486
7773,0,4255,14755,14755,14953,36167
7774,1,21137,38469,18205,38469,12793
7775,0,2475,12975,12975,37633,36960
7776,0,21247,35350,35350,35755,38654
7777,0,25107,39568,39568,36977,16140
7778,0,3713,14213,14213,11574,19571
7779,0,22564,38068,38068,17457,39170
7780,3,1804,12304,13655,38466,13728
7781,0,707,11207,11207,18161,11300
7782,0,23612,35832,35832,10604,19123
7783,0,21623,38394,38394,14278,16780
7784,0,5189,15689,15689,38603,35970
7785,0,21176,37647,37647,10501,38047
7786,0,5472,15972,15972,11625,20783
7787,3,72,10572,36022,37164,11252
7788,0,7843,18343,18343,19764,37675
7789,0,5101,15601,15601,11209,37098
7790,0,6764,17264,17264,38987,19756
7791,0,9382,19882,19882,13931,14782
7792,0,23164,35387,35387,35343,13585
7793,0,1125,11625,11625,15972,11076
7794,0,1241,11741,11741,36985,15826
7795,0,21004,36934,36934,14214,18255
7796,0,22673,38762,38762,35274,35429
7797,0,2349,12849,12849,17046,15065
7798,0,22799,36137,36137,36885,13065
7799,0,6602,17102,17102,11656,12809
7800,5,24278,36794,13203,13303,18785
7801,0,6780,17280,17280,11807,36020
7802,0,9769,20269,20269,15131,15024
7803,0,23369,36692,36692,17881,17867
7804,0,22356,36515,36515,19142,19905
7805,0,4358,14858,14858,38403,11253
7806,0,1343,11843,11843,38154,37340
7807,5,22376,39574,39222,38895,12997
7808,0,23848,37620,37620,36253,15568
7809,0,21445,38962,38962,15023,39256
7810,1,8632,19132,15679,19132,39445
7811,0,6652,17152,17152,18611,13256
7812,5,1100,11600,19935,38827,10959
7813,0,25225,35423,35423,16994,38810
7814,0,9160,19660,19660,19762,38201
7815,0,8841,19341,19341,38387,16879
7816,0,9738,20238,20238,35634,38207
7817,0,7327,17827,17827,11213,19165
7818,0,7622,18122,18122,12043,18895
7819,0,987,11487,11487,14525,39002
7820,0,24762,35252,35252,19199,12868
7821,0,2852,13352,13352,11298,14730
7822,0,22495,36289,36289,35465,18271
7823,0,8853,19353,19353,12709,15895
7824,0,630,11130,11130,12656,36719
7825,0,1249,11749,11749,37854,12805
7826,0,3179,13679,13679,39231,20897
7827,1,482,10982,18697,10982,16724
7828,0,9776,20276,20276,13255,37496
7829,8,9654,20154,14873,13625,16413
7830,0,3040,13540,13540,18516,17918
7831,0,5010,15510,15510,15466,35915
7832,0,22001,39493,39493,15461,19683
7833,1,7000,17500,19816,17500,13778
7834,29,3273,13773,36170,36473,35285
7835,0,7227,17727,17727,15986,38813
7836,0,3683,14183,14183,19831,20274
7837,0,6674,17174,17174,11059,10978
7838,0,6807,17307,17307,13045,15811
7839,2,24016,36931,11564,16283,36931
7840,0,21682,39198,39198,19678,15825
7841,0,1316,11816,11816,35722,35158
7842,0,3225,13725,13725,14644,39309
7843,0,1072,11572,11572,14244,14588
7844,1,4815,15315,15642,15315,37983
7845,0,24821,37267,37267,14657,20703
7846,0,25490,35417,35417,18812,11655
7847,0,9852,20352,20352,17066,20212
7848,1,5752,16252,35424,16252,19521
7849,0,22220,35211,35211,20395,35283
7850,0,25457,38317,38317,38318,37744
7851,0,4616,15116,15116,11021,15224
7852,0,3097,13597,13597,36577,16245
7853,0,22981,36762,36762,19911,16378
7854,0,21265,38756,38756,11763,18676
7855,1,6869,17369,13501,17369,11139
7856,0,1300,11800,11800,38393,14578
7857,0,7285,17785,17785,19284,15976
7858,0,6284,16784,16784,15021,20857
7859,0,22547,37220,37220,12856,13942
7860,4,22881,37899,37432,16165,17726
7861,0,5495,15995,15995,37269,19442
7862,0,5291,15791,15791,39027,15591
7863,3,9600,20100,16445,11228,38485
7864,0,10037,20537,20537,12785,16226
7865,0,1798,12298,12298,16322,14137
7866,0,21325,36743,36743,39177,20459
7867,0,9667,20167,20167,16115,37665
7868,0,5203,15703,15703,14052,36342
7869,0,8227,18727,18727,14323,14271
7870,0,5047,15547,15547,37303,17386
7871,0,6441,16941,16941,14308,12799
7872,0,8636,19136,19136,13205,17042
7873,0,8105,18605,18605,11373,36174
7874,0,2359,12859,12859,15881,35126
7875,0,21271,38674,38674,12329,16949
7876,0,3654,14154,14154,18091,10525
7877,2,7052,17552,19564,10797,17552
7878,0,25480,35965,35965,18389,15670
7879,0,1286,11786,11786,16713,39503
7880,0,22363,38288,38288,14462,15457
7881,0,4445,14945,14945,13267,10698
7882,0,21226,36202,36202,14728,15617
7883,0,2137,12637,12637,15597,15029
7884,0,6787,17287,17287,17702,14155
7885,0,22092,35422,35422,38896,20589
7886,0,25106,36802,36802,13265,15587
7887,2,23935,39326,17690,38943,39326
7888,0,9873,20373,20373,12324,10738
7889,0,22688,39221,39221,11483,11866
7890,0,24787,39180,39180,36317,18252
7891,0,24322,38049,38049,11992,36313
7892,0,6894,17394,17394,12429,37253
7893,0,9884,20384,20384,37080,11794
7894,0,24731,38332,38332,13763,12161
7895,0,23412,35327,35327,15407,38860
7896,0,22225,36421,36421,36121,16404
7897,0,8564,19064,19064,12082,11321
7898,0,7151,17651,17651,13813,35906
7899,29,963,11463,15639,15349,12698
7900,0,6012,16512,16512,38455,15477
7901,0,4882,15382,15382,10869,13408
7902,0,140,10640,10640,14652,15486
7903,0,21550,36640,36640,18174,36163
7904,0,24879,38145,38145,11463,39492
7905,0,8906,19406,19406,37672,15281
7906,0,6936,17436,17436,38054,13354
7907,0,6542,17042,17042,35486,19136
7908,0,5243,15743,15743,17692,17112
7909,0,23936,35974,35974,35973,18079
7910,0,10030,20530,20530,10932,13342
7911,0,4431,14931,14931,19805,20675
7912,0,21998,37118,37118,15910,20745
7913,0,406,10906,10906,14741,36764
7914,0,8212,18712,18712,18480,11881
7915,0,9196,19696,19696,37071,18161
7916,0,21567,37134,37134,16486,37508
7917,0,21052,35197,35197,35709,35766
7918,0,21128,35331,35331,37117,11624
7919,0,25458,38329,38329,10958,14039
7920,0,24231,35176,35176,20601,35999
7921,0,9135,19635,19635,35411,18808
7922,0,8234,18734,18734,35506,17631
7923,0,21988,35616,35616,14590,12936
7924,0,22500,36157,36157,15693,15075
7925,0,21494,35808,35808,35275,35901
7926,0,24931,36150,36150,35243,20949
7927,0,4399,14899,14899,19051,13469
7928,0,5252,15752,15752,36289,11016
7929,0,11,10511,10511,18807,18102
7930,18,4760,15260,19564,10797,20005
7931,0,1177,11677,11677,11882,39166
7932,0,10139,20639,20639,39589,10964
7933,0,23518,35287,35287,19735,14862
7934,13,2863,13363,14237,15905,16265
7935,0,6471,16971,16971,37051,16172
7936,0,23235,36651,36651,38555,13281
7937,0,6228,16728,16728,15553,12160
7938,0,9218,19718,19718,13898,38565
7939,0,25147,36634,36634,12896,39270
7940,111,2989,13489,13299,13234,15426
7941,0,9153,19653,19653,38183,12631
7942,0,21881,35675,35675,38483,36869
7943,0,7117,17617,17617,37249,12064
7944,0,22062,35801,35801,12886,19561
7945,0,7010,17510,17510,20503,38422
7946,0,24480,36124,36124,11714,14258
7947,0,24908,37425,37425,13317,35335
7948,0,25367,36354,36354,18127,16141
7949,0,8927,19427,19427,39126,16810
7950,0,1440,11940,11940,35670,15624
7951,0,24132,39214,39214,19577,15379
7952,0,2875,13375,13375,35666,14740
7953,0,22071,36772,36772,36470,39309
7954,0,9108,19608,19608,35579,37927
7955,0,22052,38246,38246,13259,14103
7956,0,21041,37790,37790,20905,13225
7957,0,22509,36875,36875,13944,14132
7958,0,21201,35933,35933,20067,14778
7959,0,7232,17732,17732,13644,38435
7960,0,3726,14226,14226,38696,38136
7961,2,2772,13272,17539,16486,13272
7962,0,9816,20316,20316,19343,39135
7963,0,454,10954,10954,12688,19956
7964,2,9013,19513,17268,19282,19513
7965,0,8189,18689,18689,14426,13931
7966,0,1367,11867,11867,10741,15842
7967,1,3712,14212,13310,14212,38304
7968,0,25421,39377,39377,13405,14960
7969,0,1388,11888,11888,35463,35978
7970,89,9042,19542,38072,11977,18685
7971,0,1000,11500,11500,39048,35268
7972,0,7761,18261,18261,12583,12467
7973,0,3553,14053,14053,18524,17854
7974,0,4114,14614,14614,11307,37585
7975,0,9829,20329,20329,39134,12277
7976,0,1667,12167,12167,18648,12005
7977,0,3173,13673,13673,20121,11069
7978,0,21157,37627,37627,19234,11787
7979,0,9539,20039,20039,17000,11599
7980,0,23409,38700,38700,17403,37201
7981,83,488,10988,12809,18473,18759
7982,0,3230,13730,13730,11926,39525
7983,0,3828,14328,14328,35502,15451
7984,0,25078,35418,35418,17360,13546
7985,11,25438,37574,19618,38033,18266
7986,0,5208,15708,15708,36225,38725
7987,0,7848,18348,18348,13189,20344
7988,0,24220,36018,36018,36272,19560
7989,0,5704,16204,16204,36480,13079
7990,0,23879,39061,39061,14807,19847
7991,0,8133,18633,18633,13877,20295
7992,0,703,11203,11203,13024,35436
7993,0,5105,15605,15605,16415,18966
7994,0,22790,37940,37940,13222,16242
7995,0,3291,13791,13791,17826,36419
7996,1,8125,18625,11186,18625,14533
7997,0,24661,36459,36459,19622,37037
7998,0,21562,35194,35194,18694,35939
7999,3,9519,20019,11806,39147,18974
8000,0,25221,39048,39048,38483,35268
8001,1,24613,38130,17241,38130,11315
8002,0,4909,15409,15409,35467,14864
8003,0,4440,14940,14940,10882,10918
8004,0,24725,38257,38257,11367,13471
8005,0,986,11486,11486,11804,13006
8006,0,23201,38859,38859,36101,16320
8007,0,22270,38457,38457,14616,19086
8008,0,22243,38963,38963,16136,20121
8009,7,7705,18205,37771,16096,11064
8010,17,21868,36835,17034,36725,37676
8011,0,6257,16757,16757,15369,14015
8012,0,25059,36271,36271,18835,17523
8013,0,6089,16589,16589,19133,38493
8014,0,24831,35260,35260,13461,18476
8015,0,5238,15738,15738,39004,20717
8016,0,23037,36659,36659,10758,16144
8017,0,1198,11698,11698,13973,37594
8018,0,22713,36967,36967,39314,37669
8019,0,9710,20210,20210,11253,18297
8020,0,23684,38206,38206,13186,16564
8021,0,7519,18019,18019,36297,35308
8022,0,6812,17312,17312,36598,19632
8023,0,9991,20491,20491,39456,11824
8024,0,9206,19706,19706,19634,38866
8025,0,8320,18820,18820,11169,36658
8026,0,9556,20056,20056,11438,38021
8027,0,10225,20725,20725,39288,12182
8028,0,7175,17675,17675,36712,20986
8029,0,4470,14970,14970,20173,17865
8030,0,891,11391,11391,37310,13962
8031,2,25050,35579,15711,13681,35579
8032,0,1969,12469,12469,14110,19849
8033,50,5757,16257,38302,35314,14880
8034,0,6527,17027,17027,16316,16350
8035,0,6294,16794,16794,15111,36786
8036,3,24976,39453,16096,19132,37771
8037,0,7595,18095,18095,14943,13479
8038,0,9110,19610,19610,14293,36696
8039,0,3249,13749,13749,14707,15846
8040,0,6570,17070,17070,10932,11742
8041,0,6638,17138,17138,14993,20141
8042,0,7351,17851,17851,17516,14659
8043,0,25227,38360,38360,10992,36263
8044,0,9400,19900,19900,11301,11292
8045,0,23378,36654,36654,13997,16722
8046,0,7473,17973,17973,38391,38422
8047,4,21885,37098,11595,12782,15495
8048,0,24960,36851,36851,20596,35845
8049,0,23419,38415,38415,35610,14000
8050,0,23481,38454,38454,36219,16979
8051,0,1239,11739,11739,10648,37661
8052,0,2289,12789,12789,18835,38514
8053,0,2740,13240,13240,38699,20012
8054,0,8467,18967,18967,15814,36522
8055,0,4585,15085,15085,13596,19751
8056,0,9227,19727,19727,18836,19713
8057,0,1229,11729,11729,14973,17246
8058,0,9200,19700,19700,38147,10771
8059,0,6980,17480,17480,19113,38927
8060,0,5178,15678,15678,12601,15622
8061,0,23783,36614,36614,13039,20375
8062,1,22465,35318,11606,35318,18785
8063,0,4293,14793,14793,38023,36809
8064,0,1058,11558,11558,37497,35548
8065,0,6262,16762,16762,20961,12934
8066,0,21760,35630,35630,38895,39574
8067,0,281,10781,10781,39272,10840
8068,0,9235,19735,19735,35287,36277
8069,0,9508,20008,20008,37206,14142
8070,0,968,11468,11468,35228,35099
8071,0,24029,35167,35167,38714,38196
8072,0,3953,14453,14453,16069,15308
8073,0,1939,12439,12439,39496,37063
8074,0,23000,37275,37275,15120,15924
8075,0,1274,11774,11774,37474,19923
8076,0,619,11119,11119,19155,12735
8077,0,25016,37343,37343,11504,11569
8078,0,1742,12242,12242,12063,18277
8079,0,1390,11890,11890,12760,36302
8080,0,2203,12703,12703,11832,19826
8081,0,9771,20271,20271,20261,11809
8082,0,9847,20347,20347,35816,18315
8083,0,3568,14068,14068,35266,14080
8084,0,25099,35138,35138,37250,18018
8085,0,10404,20904,20904,38956,35880
8086,52,6116,16616,39591,12129,16308
8087,0,24604,39550,39550,11377,18481
8088,0,6052,16552,16552,13330,38463
8089,0,3178,13678,13678,11143,35463
8090,0,3192,13692,13692,12113,37071
8091,0,9499,19999,19999,35256,10589
8092,0,6099,16599,16599,16600,19471
8093,0,7029,17529,17529,37803,11966
8094,1,575,11075,12144,11075,37628
8095,0,23707,35146,35146,10760,20997
8096,0,6656,17156,17156,16398,14890
8097,1,7115,17615,18912,17615,35158
8098,1,23022,38671,38841,38671,37830
8099,0,6276,16776,16776,37747,12933
8100,0,9472,19972,19972,19066,10932
8101,0,21876,38075,38075,20390,16964
8102,0,21107,35677,35677,36575,10712
8103,0,5897,16397,16397,36849,36669
8104,1,5724,16224,11393,16224,19946
8105,0,10185,20685,20685,39434,39371
8106,0,24652,35425,35425,19521,35424
8107,0,269,10769,10769,18188,19189
8108,0,629,11129,11129,35465,16335
8109,0,25472,36564,36564,36584,12119
8110,0,3081,13581,13581,39105,12019
8111,0,3466,13966,13966,38583,11112
8112,0,6430,16930,16930,12629,12393
8113,0,22819,38574,38574,38387,15610
8114,0,7062,17562,17562,14330,36602
8115,6,23702,37182,20137,19282,39141
8116,0,24476,36809,36809,14793,19068
8117,0,21997,39243,39243,38950,16598
8118,0,5543,16043,16043,35135,12433
8119,0,10238,20738,20738,38170,12200
8120,0,4356,14856,14856,16060,37219
8121,0,24949,38273,38273,35266,19651
8122,0,2113,12613,12613,37898,13894
8123,0,8219,18719,18719,38628,19328
8124,2,10232,20732,16727,39064,20732
8125,0,23149,36714,36714,38227,36869
8126,0,22245,38832,38832,12058,10895
8127,0,3216,13716,13716,11416,14364
8128,0,3814,14314,14314,39332,10537
8129,0,8321,18821,18821,16109,18811
8130,0,24814,37470,37470,36786,12221
8131,0,2278,12778,12778,36341,15358
8132,0,4599,15099,15099,17381,11888
8133,0,13,10513,10513,36859,37546
8134,0,23561,38440,38440,37271,37744
8135,0,1525,12025,12025,13650,36929
8136,0,2365,12865,12865,20705,37770
8137,0,4648,15148,15148,36520,13640
8138,0,22998,35838,35838,14826,16088
8139,6,21941,36791,38856,19311,18385
8140,0,25095,35126,35126,18539,15881
8141,0,374,10874,10874,36816,37335
8142,0,23126,37367,37367,12137,16796
8143,1,6477,16977,35656,16977,11631
8144,0,525,11025,11025,15642,15315
8145,0,9131,19631,19631,20452,16620
8146,0,21087,39254,39254,17696,36673
8147,0,6895,17395,17395,11266,17461
8148,0,10339,20839,20839,13894,15323
8149,3,3591,14091,12390,13719,13234
8150,0,24954,35700,35700,11089,36557
8151,0,7904,18404,18404,18875,18417
8152,0,2958,13458,13458,13110,16069
8153,3,22548,36409,20645,19741,35235
8154,2,529,11029,15918,12418,11029
8155,0,3714,14214,14214,36934,16019
8156,0,4732,15232,15232,18497,19002
8157,133,9461,19961,16535,38326,38780
8158,0,21968,37067,37067,16377,18541
8159,0,1394,11894,11894,36075,14866
8160,0,22920,36795,36795,11024,36748
8161,0,23268,37176,37176,18093,19716
8162,0,9989,20489,20489,35158,11816
8163,0,22582,35765,35765,37344,38151
8164,0,9633,20133,20133,18281,17806
8165,0,24772,35168,35168,36230,11206
8166,0,24691,39388,39388,15834,10792
8167,0,22598,36597,36597,19414,36072
8168,0,5631,16131,16131,16836,15244
8169,0,9465,19965,19965,38085,36873
8170,0,6563,17063,17063,18578,16949
8171,0,4703,15203,15203,19834,16242
8172,0,1712,12212,12212,20162,14817
8173,0,24319,39229,39229,17867,17530
8174,0,955,11455,11455,15731,37051
8175,0,6675,17175,17175,35241,35144
8176,0,3453,13953,13953,16173,11288
8177,0,9579,20079,20079,36060,13574
8178,0,24422,38680,38680,35800,18012
8179,0,8595,19095,19095,13168,35121
8180,0,2071,12571,12571,15941,16778
8181,0,23190,39202,39202,17064,38901
8182,8,10169,20669,20096,17047,12528
8183,0,158,10658,10658,11160,37007
8184,0,7005,17505,17505,37009,14987
8185,0,21360,36674,36674,36177,36600
8186,0,9094,19594,19594,20062,16071
8187,1,352,10852,15586,10852,18015
8188,0,6078,16578,16578,11853,36139
8189,0,6236,16736,16736,20987,12438
8190,0,22036,36916,36916,37589,17114
8191,0,8946,19446,19446,18965,12026
8192,0,23562,35757,35757,17840,38987
8193,4,23576,39558,12753,14128,20752
8194,0,2920,13420,13420,15304,36561
8195,0,8503,19003,19003,38147,37749
8196,13,4644,15144,14268,18466,11381
8197,0,661,11161,11161,20307,13975
8198,0,7057,17557,17557,39452,12046
8199,0,10181,20681,20681,17921,37607
8200,0,3665,14165,14165,16141,14797
8201,0,7979,18479,18479,37827,14912
8202,0,306,10806,10806,36669,35645
8203,0,21788,35121,35121,18033,20184
8204,0,4790,15290,15290,13261,37333
8205,0,2356,12856,12856,37220,13404
8206,0,23808,36488,36488,13697,11031
8207,0,24020,36590,36590,19654,17410
8208,0,1927,12427,12427,36653,19241
8209,0,25355,38604,38604,11345,15987
8210,0,3427,13927,13927,37727,14687
8211,0,8941,19441,19441,38281,14927
8212,0,3638,14138,14138,13764,13530
8213,0,23542,37354,37354,35420,17152
8214,0,1266,11766,11766,37723,11397
8215,0,1560,12060,12060,20282,10647
8216,0,23229,38665,38665,14452,36816
8217,0,21658,36381,36381,15710,18896
8218,0,10326,20826,20826,11107,14739
8219,0,7179,17679,17679,35156,15005
8220,0,4109,14609,14609,20855,19752
8221,1,7867,18367,13158,18367,14999
8222,0,4904,15404,15404,20772,39463
8223,0,7294,17794,17794,10952,36299
8224,0,514,11014,11014,35325,18194
8225,0,894,11394,11394,12241,13840
8226,10,8601,19101,18929,36237,37640
8227,0,21,10521,10521,12449,13506
8228,0,24251,36171,36171,12915,35207
8229,0,21313,39508,39508,17993,14748
8230,0,899,11399,11399,14498,18625
8231,1,207,10707,39035,10707,13884
8232,0,458,10958,10958,38329,14039
8233,0,10246,20746,20746,15816,12271
8234,0,2430,12930,12930,14735,37292
8235,0,8442,18942,18942,16763,36623
8236,0,21907,36992,36992,38203,20375
8237,0,9299,19799,19799,37332,20211
8238,0,3389,13889,13889,12829,16171
8239,0,9905,20405,20405,39219,38303
8240,0,3911,14411,14411,36918,38659
8241,0,5383,15883,15883,19915,20003
8242,0,8907,19407,19407,11491,19615
8243,0,552,11052,11052,15331,17431
8244,0,9631,20131,20131,37896,12755
8245,0,10462,20962,20962,39177,20459
8246,0,3144,13644,13644,38435,36628
8247,0,6917,17417,17417,17107,17759
8248,0,2056,12556,12556,35197,35766
8249,1,1925,12425,12621,12425,13833
8250,0,634,11134,11134,38366,17274
8251,0,6082,16582,16582,18340,18075
8252,0,8508,19008,19008,14934,15506
8253,0,24266,38515,38515,38241,13529
8254,0,24841,39117,39117,35500,11696
8255,1,8619,19119,11700,19119,11961
8256,0,22252,37477,37477,10948,13107
8257,1,105,10605,35926,10605,18609
8258,0,3041,13541,13541,11756,14944
8259,3,25305,37024,39364,37639,11915
8260,0,10361,20861,20861,19092,15383
8261,0,1709,12209,12209,13899,37925
8262,0,89,10589,10589,37173,14845
8263,0,7014,17514,17514,18329,15204
8264,0,10433,20933,20933,20017,17522
8265,0,3174,13674,13674,35139,18416
8266,0,917,11417,11417,16568,38253
8267,4,7833,18333,10882,20509,13950
8268,0,6732,17232,17232,10715,11498
8269,0,1949,12449,12449,14681,17895
8270,0,24863,36830,36830,37902,14269
8271,0,22756,35634,35634,20238,17257
8272,0,6368,16868,16868,16355,13920
8273,0,1,10501,10501,37647,38047
8274,0,8032,18532,18532,14396,14006
8275,0,22544,37123,37123,12365,38096
8276,0,6047,16547,16547,37127,12040
8277,0,9127,19627,19627,12658,11521
8278,0,21275,38422,38422,17945,11012
8279,0,2720,13220,13220,35784,37741
8280,1,8783,19283,15327,19283,15619
8281,0,23682,39311,39311,19074,37445
8282,0,3117,13617,13617,12623,20259
8283,0,23352,35722,35722,15970,17892
8284,0,24968,38808,38808,36953,15468
8285,0,21126,35234,35234,19308,11967
8286,13,9768,20268,36400,10959,36055
8287,0,3762,14262,14262,37889,38594
8288,0,213,10713,10713,17238,36609
8289,0,778,11278,11278,18796,15968
8290,1,3496,13996,37105,13996,39478
8291,0,23288,37829,37829,37828,15347
8292,0,2043,12543,12543,19099,38882
8293,0,8920,19420,19420,17314,17208
8294,0,5420,15920,15920,36336,17498
8295,0,6154,16654,16654,38663,19166
8296,0,9759,20259,20259,37776,37390
8297,0,8357,18857,18857,14926,17019
8298,0,24737,36352,36352,36057,36978
8299,0,23510,37666,37666,14777,16620
8300,7,21592,37219,19806,13641,14856
8301,0,10205,20705,20705,12865,37770
8302,0,8465,18965,18965,19446,11732
8303,0,24784,36646,36646,15766,20436
8304,0,4167,14667,14667,37162,10892
8305,0,23790,35554,35554,10977,35659
8306,0,3788,14288,14288,37260,20776
8307,0,8586,19086,19086,14616,11085
8308,119,583,11083,11801,10855,39256
8309,0,23522,39464,39464,14550,10850
8310,0,21526,39570,39570,20996,20303
8311,1,116,10616,14749,10616,36656
8312,0,6644,17144,17144,35957,17621
8313,3,21587,38146,11463,39492,38145
8314,0,23199,39522,39522,17158,37469
8315,0,25260,39248,39248,20782,36807
8316,0,23755,38036,38036,35780,14428
8317,0,8712,19212,19212,19078,35511
8318,0,1763,12263,12263,15050,13241
8319,0,1875,12375,12375,20816,19857
8320,0,22040,36751,36751,11251,12356
8321,0,21731,36130,36130,19289,17481
8322,0,10445,20945,20945,36376,18061
8323,0,3224,13724,13724,19077,16597
8324,0,526,11026,11026,18921,16813
8325,0,7725,18225,18225,39331,14416
8326,0,2946,13446,13446,36067,15497
8327,0,4473,14973,14973,18459,17443
8328,4,22098,36685,16816,13071,18364
8329,0,5655,16155,16155,17293,35763
8330,0,8884,19384,19384,17412,37146
8331,1,6059,16559,10566,16559,12353
8332,0,959,11459,11459,36786,16794
8333,0,25262,37230,37230,36832,18683
8334,0,6342,16842,16842,16374,12233
8335,1,3633,14133,11592,14133,36739
8336,0,1050,11550,11550,14193,14479
8337,1,8782,19282,13332,19282,37182
8338,0,8711,19211,19211,39078,19203
8339,0,3380,13880,13880,37762,39178
8340,2,3676,14176,12576,17685,14176
8341,0,5776,16276,16276,16699,14277
8342,0,25420,38163,38163,13331,11844
8343,0,6573,17073,17073,12611,14885
8344,5,5179,15679,20063,20597,39445
8345,0,1607,12107,12107,11949,19371
8346,0,3610,14110,14110,12469,13900
8347,2,23940,39232,12646,14751,39232
8348,0,6635,17135,17135,12492,11057
8349,8,22044,39591,37378,11450,39505
8350,0,10001,20501,20501,39247,18704
8351,0,791,11291,11291,14064,15585
8352,0,8984,19484,19484,17368,19164
8353,0,3056,13556,13556,37396,36265
8354,1,10047,20547,35804,20547,39008
8355,0,1980,12480,12480,38844,17234
8356,0,23816,36019,36019,36796,18691
8357,0,3598,14098,14098,17813,19058
8358,0,933,11433,11433,37387,37649
8359,0,25074,36749,36749,20968,37822
8360,2,24268,37487,37100,13037,37487
8361,4,7424,17924,38578,11283,38469
8362,3,5626,16126,15935,11638,16801
8363,0,1682,12182,12182,18751,16069
8364,0,4179,14679,14679,20379,36258
8365,0,21790,36812,36812,12365,13029
8366,0,6446,16946,16946,15057,18732
8367,0,4116,14616,14616,19086,38457
8368,0,988,11488,11488,11581,35542
8369,0,23799,36297,36297,18019,14367
8370,0,23767,36239,36239,36240,39459
8371,0,2896,13396,13396,17207,16092
8372,0,3778,14278,14278,38394,14514
8373,0,5658,16158,16158,16473,14483
8374,0,25192,36316,36316,37584,36844
8375,0,3093,13593,13593,18733,12105
8376,0,3155,13655,13655,38466,13728
8377,0,21439,35987,35987,19253,35988
8378,0,1823,12323,12323,36428,11840
8379,1,22146,39039,16927,39039,18166
8380,0,1098,11598,11598,36170,38950
8381,0,10396,20896,20896,18071,11163
8382,0,2844,13344,13344,18801,18655
8383,0,9078,19578,19578,12265,37247
8384,0,3342,13842,13842,19943,38006
8385,0,38,10538,10538,11251,17341
8386,0,6540,17040,17040,16459,12294
8387,0,24275,38628,38628,18719,19328
8388,0,8707,19207,19207,38866,19634
8389,0,3356,13856,13856,11879,19700
8390,0,9645,20145,20145,38388,14407
8391,1,21425,36339,10507,36339,36171
8392,0,22841,36395,36395,39425,37663
8393,0,21706,37451,37451,36221,11419
8394,0,21723,35292,35292,10951,12661
8395,0,21279,35780,35780,14428,38036
8396,0,25341,36785,36785,16913,20982
8397,0,7813,18313,18313,37371,16508
8398,0,21402,39185,39185,11684,39063
8399,0,9098,19598,19598,37355,12777
8400,0,8220,18720,18720,18808,12327
8401,0,24366,38442,38442,18612,12562
8402,2,24444,35293,15800,10998,35293
8403,0,2428,12928,12928,11880,38177
8404,2,5043,15543,38056,15797,15543
8405,0,5346,15846,15846,11509,14707
8406,0,8954,19454,19454,13250,14043
8407,0,22406,36533,36533,20200,10789
8408,0,4811,15311,15311,13762,39169
8409,1806,8476,18976,35633,18320,37645
8410,1,686,11186,18625,11186,14533
8411,0,4799,15299,15299,36500,15905
8412,0,7437,17937,17937,35228,13148
8413,0,2353,12853,12853,15559,37608
8414,0,6353,16853,16853,18673,13946
8415,0,22555,37999,37999,10871,19783
8416,0,4569,15069,15069,36570,35747
8417,0,8213,18713,18713,16722,16569
8418,0,2752,13252,13252,17005,13079
8419,0,9077,19577,19577,10696,39214
8420,0,8073,18573,18573,13142,15346
8421,0,9109,19609,19609,16152,36128
8422,0,1040,11540,11540,16475,38543
8423,0,7491,17991,17991,17020,14140
8424,0,1265,11765,11765,39327,39095
8425,0,24719,37365,37365,15256,17571
8426,1,23453,38505,12874,38505,11074
8427,0,7059,17559,17559,16942,35586
8428,170,277,10777,16810,13075,19427
8429,0,5084,15584,15584,12172,38098
8430,0,10276,20776,20776,15224,37260
8431,0,9437,19937,19937,12855,10545
8432,0,2382,12882,12882,12297,17981
8433,0,571,11071,11071,12314,20831
8434,0,1435,11935,11935,19057,18777
8435,0,24425,36688,36688,12524,15939
8436,0,9439,19939,19939,19221,18182
8437,0,5352,15852,15852,13562,17012
8438,0,24324,37467,37467,19671,15694
8439,0,25324,36312,36312,13212,19626
8440,0,22275,35300,35300,10692,35149
8441,0,5445,15945,15945,17579,14339
8442,2,1007,11507,38482,17721,11507
8443,0,4543,15043,15043,36258,36205
8444,0,24701,38349,38349,35759,37792
8445,2,23239,38510,19666,20202,38510
8446,0,2064,12564,12564,20389,37762
8447,0,1136,11636,11636,18747,17693
8448,0,9882,20382,20382,12189,13888
8449,0,24867,38483,38483,39048,35675
8450,0,5343,15843,15843,11564,36931
8451,0,10177,20677,20677,12211,19015
8452,0,294,10794,10794,18655,18562
8453,0,9739,20239,20239,17452,12054
8454,0,10204,20704,20704,38477,18846
8455,0,8780,19280,19280,12037,35914
8456,0,21478,36115,36115,17678,38924
8457,0,2403,12903,12903,12660,37819
8458,4,10321,20821,36016,11604,13715
8459,0,3998,14498,14498,11399,18625
8460,4,21225,38593,37827,19174,13487
8461,0,3741,14241,14241,10528,19358
8462,0,24168,36294,36294,20726,37675
8463,0,24574,38716,38716,38508,11544
8464,0,2719,13219,13219,38031,18546
8465,0,24235,38408,38408,15313,37364
8466,0,21943,37307,37307,13278,16367
8467,0,5150,15650,15650,17474,17555
8468,0,2808,13308,13308,19545,38556
8469,0,9017,19517,19517,10646,12914
8470,0,556,11056,11056,14369,10880
8471,0,23758,37988,37988,14888,15449
8472,0,4795,15295,15295,17604,16549
8473,0,2469,12969,12969,36848,18917
8474,0,3738,14238,14238,19650,20578
8475,0,4286,14786,14786,18507,16961
8476,2,21032,37237,10913,16039,37237
8477,0,9908,20408,20408,19751,39095
8478,0,2604,13104,13104,15505,12691
8479,0,362,10862,10862,35696,16589
8480,4,6924,17424,16454,39007,14559
8481,0,1704,12204,12204,38543,39158
8482,2,2139,12639,11049,36444,12639
8483,0,3239,13739,13739,38112,11243
8484,0,2383,12883,12883,16386,37310
8485,0,7314,17814,17814,16086,16758
8486,0,4311,14811,14811,37333,14523
8487,0,9477,19977,19977,16739,14124
8488,0,1312,11812,11812,16156,17093
8489,0,24343,38744,38744,39241,35274
8490,3,3930,14430,16319,20511,10962
8491,0,6183,16683,16683,37459,37541
8492,0,24170,38175,38175,13067,17046
8493,0,1591,12091,12091,16488,36540
8494,3,25063,38683,19599,35110,17397
8495,0,2162,12662,12662,38429,12576
8496,4,2396,12896,39232,10918,37888
8497,4,317,10817,15800,10998,35293
8498,0,9516,20016,20016,19344,20801
8499,0,23826,35897,35897,36052,14383
8500,0,5233,15733,15733,19285,35487
8501,0,25301,37954,37954,10948,37477
8502,1,5068,15568,36883,15568,37620
8503,0,4036,14536,14536,38942,38108
8504,0,8987,19487,19487,14719,20517
8505,0,3020,13520,13520,10526,39373
8506,0,9903,20403,20403,12776,20632
8507,126,22904,36173,13170,13203,38337
8508,0,8228,18728,18728,36958,13238
8509,3,22767,37335,36647,35825,15278
8510,0,9105,19605,19605,39477,38314
8511,0,5295,15795,15795,14956,13132
8512,2,3972,14472,11045,39530,14472
8513,0,5370,15870,15870,16967,19413
8514,0,4133,14633,14633,20669,20467
8515,14,974,11474,37212,14940,39268
8516,0,7291,17791,17791,19975,37231
8517,0,9175,19675,19675,10577,17132
8518,1,954,11454,35626,11454,13776
8519,0,9610,20110,20110,18736,20683
8520,0,9752,20252,20252,19912,17338
8521,0,24896,36921,36921,19314,12337
8522,0,21021,37942,37942,18735,16584
8523,4,21278,37051,11684,15915,39185
8524,0,9547,20047,20047,11731,16694
8525,0,23830,38717,38717,14759,13353
8526,0,5016,15516,15516,15614,20310
8527,0,23788,39188,39188,18653,15660
8528,0,9179,19679,19679,18236,38067
8529,0,22156,35468,35468,13676,17663
8530,0,7490,17990,17990,19892,19027
8531,0,1640,12140,12140,10622,19708
8532,0,1290,11790,11790,15847,20246
8533,0,23294,36467,36467,39455,19750
8534,0,1380,11880,11880,12928,16147
8535,0,1933,12433,12433,16043,11009
8536,0,4675,15175,15175,36056,37444
8537,0,25289,38305,38305,10757,11391
8538,0,22326,35946,35946,12664,19201
8539,4,10222,20722,37219,11322,11722
8540,0,892,11392,11392,36681,35807
8541,0,7287,17787,17787,20623,37319
8542,0,4876,15376,15376,38607,14112
8543,0,22244,36855,36855,19394,13835
8544,0,7906,18406,18406,16191,11962
8545,0,23207,37041,37041,16421,13885
8546,0,8194,18694,18694,35194,12050
8547,0,24028,38673,38673,12477,18852
8548,1,10301,20801,19344,20801,20016
8549,0,9041,19541,19541,38921,20349
8550,0,21385,35523,35523,15555,17606
8551,0,2466,12966,12966,19927,13355
8552,0,7657,18157,18157,14124,37835
8553,0,10106,20606,20606,36532,12661
8554,0,9788,20288,20288,14312,12007
8555,0,1913,12413,12413,38020,37370
8556,0,22458,35956,35956,15862,13621
8557,2,2736,13236,38996,35736,13236
8558,0,726,11226,11226,14302,15088
8559,1,7214,17714,18995,17714,38011
8560,0,8245,18745,18745,36513,10637
8561,13,1796,12296,39332,15901,12273
8562,1,3845,14345,39038,14345,15086
8563,0,6402,16902,16902,18981,18895
8564,0,21861,35339,35339,36779,17499
8565,0,23426,35586,35586,37438,16942
8566,0,936,11436,11436,20946,18177
8567,0,2265,12765,12765,35760,36074
8568,1,824,11324,19242,11324,19184
8569,0,22833,37107,37107,20545,18223
8570,0,7274,17774,17774,19512,17640
8571,0,23723,36187,36187,10643,19560
8572,0,1389,11889,11889,17970,36474
8573,0,3564,14064,14064,11291,19014
8574,0,9076,19576,19576,16117,16555
8575,0,5429,15929,15929,37875,37648
8576,0,7827,18327,18327,13989,38503
8577,0,5690,16190,16190,13591,19109
8578,0,21428,37653,37653,11369,17345
8579,0,7878,18378,18378,35500,16345
8580,0,1868,12368,12368,13838,16103
8581,6,8202,18702,38611,19595,37543
8582,1,21980,36201,16471,36201,18355
8583,0,7486,17986,17986,17271,14669
8584,0,9655,20155,20155,20750,16514
8585,4,806,11306,19684,18456,38579
8586,0,4805,15305,15305,16121,16040
8587,1,23169,37841,13677,37841,11503
8588,68,21781,36854,20581,13211,16773
8589,0,10300,20800,20800,38749,13637
8590,0,21858,38326,38326,38396,18059
8591,0,25224,39530,39530,14472,11045
8592,0,10426,20926,20926,11447,13208
8593,0,9155,19655,19655,36758,15203
8594,0,7511,18011,18011,14378,19849
8595,0,8056,18556,18556,36144,20470
8596,0,4494,14994,14994,36360,39485
8597,0,2632,13132,13132,14778,15795
8598,0,24848,37950,37950,39445,14949
8599,0,8896,19396,19396,11730,37300
8600,0,8623,19123,19123,12352,35832
8601,0,7832,18332,18332,10844,18366
8602,0,4388,14888,14888,15449,37988
8603,0,145,10645,10645,38745,10723
8604,8,6467,16967,15505,12691,13104
8605,0,2033,12533,12533,12178,12749
8606,0,22862,38289,38289,36454,19847
8607,1,1165,11665,37675,11665,36294
8608,0,24794,36286,36286,35397,16425
8609,0,2050,12550,12550,38652,17834
8610,0,3760,14260,14260,38048,35598
8611,0,21024,35410,35410,11720,11704
8612,3,23990,37270,39184,18369,12043
8613,0,4435,14935,14935,20265,14485
8614,0,3430,13930,13930,17570,19352
8615,0,8190,18690,18690,16117,11780
8616,0,22445,37743,37743,14580,19931
8617,1,7069,17569,38379,17569,37733
8618,0,4361,14861,14861,18675,36146
8619,0,21704,35210,35210,14682,18633
8620,0,9454,19954,19954,36226,18207
8621,0,1771,12271,12271,15816,20746
8622,0,3511,14011,14011,20678,37909
8623,0,271,10771,10771,16964,20390
8624,1,23557,37578,18977,37578,16973
8625,0,22931,39561,39561,17059,38894
8626,0,8436,18936,18936,10990,20712
8627,0,22937,37199,37199,16960,15767
8628,0,21933,37358,37358,14097,20244
8629,0,2032,12532,12532,18743,37739
8630,7,21062,36910,19606,13926,20592
8631,0,9005,19505,19505,38255,18826
8632,0,21659,39097,39097,13440,19392
8633,0,3810,14310,14310,19139,12722
8634,0,24093,38064,38064,20970,16203
8635,0,9996,20496,20496,17403,39418
8636,0,24581,39427,39427,39526,11451
8637,0,4346,14846,14846,12923,36764
8638,0,23811,35247,35247,16272,10723
8639,1,545,11045,14472,11045,39530
8640,12,3241,13741,13861,37977,37094
8641,0,8930,19430,19430,19923,12991
8642,0,8502,19002,19002,17882,13465
8643,0,21722,36307,36307,36927,13486
8644,0,9323,19823,19823,11307,38282
8645,54,24508,39472,39205,11017,39374
8646,5,22352,36897,38544,12264,18393
8647,0,21469,35555,35555,20255,13077
8648,0,7564,18064,18064,10502,14658
8649,0,920,11420,11420,14392,10709
8650,0,24817,38277,38277,13695,12216
8651,0,24493,36373,36373,39028,37715
8652,0,6640,17140,17140,18269,11668
8653,0,24641,36745,36745,14163,17739
8654,0,7694,18194,18194,39034,11014
8655,0,8230,18730,18730,14660,35238
8656,1,24287,37245,37382,37245,18090
8657,0,7126,17626,17626,19646,14024
8658,0,4278,14778,14778,18317,15775
8659,0,2983,13483,13483,38530,36522
8660,0,130,10630,10630,36497,36289
8661,0,7980,18480,18480,14296,18712
8662,0,2667,13167,13167,15364,16913
8663,0,7138,17638,17638,35391,10739
8664,15,3223,13723,39579,35102,15257
8665,0,9374,19874,19874,38152,36224
8666,1,7693,18193,16406,18193,13824
8667,0,5392,15892,15892,13079,18733
8668,0,614,11114,11114,11567,38242
8669,0,24200,39450,39450,15845,11799
8670,0,1466,11966,11966,19047,17529
8671,1,4497,14997,12982,14997,12862
8672,0,3042,13542,13542,12540,39177
8673,0,9126,19626,19626,13390,18197
8674,0,2419,12919,12919,11318,39344
8675,0,5085,15585,15585,19014,11291
8676,0,3294,13794,13794,38531,38790
8677,1,6737,17237,10897,17237,14493
8678,7,1500,12000,14268,12572,38619
8679,265,21443,37608,38780,38691,18337
8680,0,9018,19518,19518,14396,17951
8681,0,1521,12021,12021,19501,17883
8682,0,22897,38276,38276,12972,36193
8683,0,21395,35716,35716,39441,18852
8684,0,4232,14732,14732,11589,13447
8685,0,7686,18186,18186,13667,13380
8686,0,8820,19320,19320,14219,37618
8687,0,4430,14930,14930,18055,35724
8688,0,23175,36639,36639,13282,18862
8689,0,390,10890,10890,14992,14122
8690,0,23136,37131,37131,15123,16394
8691,25,25098,39390,15611,38856,35981
8692,0,7124,17624,17624,12488,36471
8693,0,5913,16413,16413,14873,10945
8694,0,21521,36776,36776,17203,11716
8695,0,8592,19092,19092,20861,16943
8696,0,4806,15306,15306,20844,39478
8697,0,23452,38028,38028,18607,38965
8698,0,24158,36145,36145,20694,20376
8699,0,8238,18738,18738,19837,17400
8700,0,8044,18544,18544,20109,14348
8701,2,22929,39270,12896,36634,39270
8702,0,3993,14493,14493,20794,19858
8703,0,25030,36428,36428,12323,11840
8704,0,21049,36512,36512,39131,38544
8705,0,24063,38924,38924,12507,36115
8706,0,6609,17109,17109,37721,19836
8707,0,5319,15819,15819,12028,17494
8708,0,23108,39359,39359,12406,16994
8709,0,7119,17619,17619,14624,17576
8710,0,2421,12921,12921,39008,12101
8711,0,5604,16104,16104,16136,36890
8712,0,1750,12250,12250,19940,10645
8713,0,22081,39329,39329,19982,37618
8714,0,23335,38124,38124,38901,20547
8715,0,24094,36848,36848,15756,12969
8716,1,23123,39170,11990,39170,11691
8717,0,338,10838,10838,20434,13554
8718,0,8407,18907,18907,39347,12845
8719,2,23962,36449,18105,19807,36449
8720,0,1341,11841,11841,35440,11386
8721,1,23310,38915,17694,38915,37803
8722,0,7982,18482,18482,15505,12691
8723,0,22795,36680,36680,14509,19060
8724,0,3640,14140,14140,38542,19877
8725,0,329,10829,10829,39128,12329
8726,0,22380,37845,37845,37920,19147
8727,0,3004,13504,13504,15345,12596
8728,0,6960,17460,17460,16148,14822
8729,2,4090,14590,12936,16965,14590
8730,0,23390,35901,35901,35808,16828
8731,1,9828,20328,20599,20328,11070
8732,0,2322,12822,12822,36686,39227
8733,0,6667,17167,17167,18541,37770
8734,0,7009,17509,17509,17883,19501
8735,0,4197,14697,14697,20121,18159
8736,0,3549,14049,14049,39414,37883
8737,1,9650,20150,16244,20150,18473
8738,0,8363,18863,18863,37078,35932
8739,0,4203,14703,14703,19538,19513
8740,2,24834,38572,12064,37249,38572
8741,0,21833,36355,36355,37815,15701
8742,0,22879,37012,37012,12103,16080
8743,0,23739,38003,38003,17251,12870
8744,0,21541,38997,38997,17155,13874
8745,0,6185,16685,16685,11128,16517
8746,0,1639,12139,12139,19565,19116
8747,0,9130,19630,19630,35392,12277
8748,0,60,10560,10560,12087,17932
8749,1,1240,11740,37810,11740,15748
8750,0,5760,16260,16260,15731,11455
8751,0,5136,15636,15636,38796,39050
8752,0,2343,12843,12843,38657,18315
8753,0,2120,12620,12620,14061,16006
8754,0,1524,12024,12024,16249,39168
8755,1,7617,18117,16168,18117,20952
8756,0,153,10653,10653,11360,16265
8757,0,481,10981,10981,11637,13072
8758,1,6122,16622,14335,16622,11615
8759,0,21130,37246,37246,16018,36666
8760,0,7674,18174,18174,36640,36163
8761,1,7101,17601,10682,17601,15991
8762,0,21291,36706,36706,39001,16449
8763,0,1762,12262,12262,35108,19716
8764,0,8942,19442,19442,15995,37269
8765,0,7715,18215,18215,18918,15308
8766,0,9977,20477,20477,17639,17211
8767,0,21610,38222,38222,18933,20080
8768,0,7479,17979,17979,14054,16593
8769,0,6212,16712,16712,36770,39234
8770,0,25223,37287,37287,37407,16783
8771,0,4853,15353,15353,18399,11283
8772,0,2711,13211,13211,13209,12503
8773,0,6766,17266,17266,17317,36730
8774,2,4150,14650,11192,16193,14650
8775,0,23177,36979,36979,19739,19273
8776,0,1333,11833,11833,15244,14772
8777,0,24432,38718,38718,18531,20073
8778,0,22060,35640,35640,18729,35969
8779,1,8378,18878,18237,18878,36338
8780,0,9328,19828,19828,11337,38604
8781,0,23807,38686,38686,39501,38001
8782,0,23769,39153,39153,37171,20305
8783,0,10250,20750,20750,20155,16514
8784,0,22943,39368,39368,36181,11045
8785,0,3850,14350,14350,19187,38158
8786,0,8340,18840,18840,10880,37577
8787,0,4124,14624,14624,17619,11892
8788,0,24727,37675,37675,15124,15763
8789,1,24650,38044,13735,38044,12635
8790,0,21570,36149,36149,15741,36148
8791,1,4788,15288,38291,15288,16417
8792,2,2866,13366,14672,10921,13366
8793,0,23074,36562,36562,20476,11097
8794,0,1386,11886,11886,16754,16296
8795,0,5941,16441,16441,10742,39362
8796,0,3067,13567,13567,37472,13551
8797,0,22311,38189,38189,13425,37970
8798,0,3629,14129,14129,36891,36892
8799,4,21322,38793,39423,13755,17059
8800,0,25060,37583,37583,16446,38689
8801,0,23161,38021,38021,37387,11438
8802,0,3028,13528,13528,19039,17043
8803,0,2969,13469,13469,17305,19051
8804,0,23225,36258,36258,20379,16249
8805,0,9900,20400,20400,38398,17517
8806,0,24514,35739,35739,12179,15846
8807,0,8646,19146,19146,15469,36229
8808,1,6136,16636,36525,16636,16188
8809,0,8801,19301,19301,11365,20160
8810,0,4263,14763,14763,16018,20676
8811,0,23777,37612,37612,19206,37057
8812,0,645,11145,11145,18026,35764
8813,0,22530,39084,39084,39478,11007
8814,0,2074,12574,12574,36531,38588
8815,0,21352,36838,36838,11415,14087
8816,1,341,10841,20071,10841,11864
8817,18,8041,18541,10605,35926,18609
8818,2,1622,12122,36021,38069,12122
8819,0,21487,37469,37469,17158,20481
8820,0,7141,17641,17641,11652,11061
8821,0,5796,16296,16296,11886,35714
8822,0,7184,17684,17684,17028,37282
8823,0,25325,38596,38596,15037,36800
8824,85,8232,18732,10575,35693,11536
8825,0,5475,15975,15975,11722,14735
8826,0,10281,20781,20781,18346,18917
8827,0,23503,36710,36710,11784,11326
8828,0,10367,20867,20867,35859,18848
8829,0,25455,38487,38487,35609,12565
8830,0,74,10574,10574,20850,39268
8831,0,25068,39436,39436,18068,16297
8832,0,22492,39489,39489,35611,38328
8833,0,22715,35443,35443,14521,14823
8834,18,21390,35966,14166,38714,38102
8835,0,10268,20768,20768,15788,14289
8836,0,8633,19133,19133,17511,16589
8837,0,23297,38446,38446,36082,17476
8838,0,2051,12551,12551,17371,14197
8839,0,2541,13041,13041,36816,13436
8840,0,1301,11801,11801,11659,36983
8841,0,5877,16377,16377,37067,19110
8842,0,7368,17868,17868,35835,35606
8843,0,24332,36216,36216,35445,17680
8844,0,1304,11804,11804,17447,11486
8845,0,8428,18928,18928,14482,11973
8846,0,24084,38239,38239,36581,14134
8847,1,2599,13099,15087,13099,39083
8848,1,21973,37402,36129,37402,16494
8849,0,2573,13073,13073,12127,12653
8850,1,21393,36066,11088,36066,14025
8851,0,3186,13686,13686,39418,17403
8852,0,25047,36739,36739,14133,19680
8853,0,2768,13268,13268,20441,37337
8854,0,4831,15331,15331,35535,11052
8855,1,4223,14723,37456,14723,35840
8856,2,24303,39077,36599,16904,39077
8857,0,2106,12606,12606,38309,15958
8858,0,2679,13179,13179,36903,37975
8859,1,24350,35547,37391,35547,39382
8860,0,21547,37474,37474,11005,11774
8861,0,1387,11887,11887,38080,13897
8862,7,24723,39111,36648,20268,35355
8863,0,23351,38840,38840,15499,20624
8864,0,23747,37995,37995,12185,18435
8865,0,25467,39092,39092,14467,38648
8866,0,7083,17583,17583,19026,39367
8867,0,22659,37958,37958,38261,14436
8868,0,21991,37786,37786,38175,17046
8869,0,1279,11779,11779,18220,15298
8870,0,21314,37815,37815,36355,20765
8871,0,804,11304,11304,12168,20183
8872,2,1555,12055,11483,35447,12055
8873,0,21336,38834,38834,16105,18746
8874,7,21283,35976,12783,12290,37676
8875,3,4566,15066,18825,16946,18732
8876,0,24942,37588,37588,38380,38825
8877,0,25481,39105,39105,13581,38021
8878,0,4841,15341,15341,12272,11604
8879,0,3594,14094,14094,13833,12621
8880,0,6035,16535,16535,17139,13938
8881,1,6852,17352,15236,17352,12649
8882,0,10112,20612,20612,19780,38432
8883,0,8705,19205,19205,20844,35268
8884,0,4177,14677,14677,38926,13341
8885,0,1308,11808,11808,35922,35746
8886,3,9106,19606,13926,20878,39317
8887,1,3452,13952,11310,13952,19863
8888,0,3695,14195,14195,14134,17613
8889,0,4242,14742,14742,36577,16245
8890,0,22067,35942,35942,19669,35461
8891,3,2198,12698,38921,12432,19541
8892,0,8966,19466,19466,11695,36191
8893,0,4425,14925,14925,20558,37383
8894,0,6150,16650,16650,37629,10594
8895,0,943,11443,11443,11692,38705
8896,1,822,11322,17061,11322,13542
8897,3,5005,15505,19413,12691,13104
8898,0,6612,17112,17112,11441,15743
8899,0,21334,37063,37063,12544,36600
8900,0,8356,18856,18856,12296,35671
8901,0,5619,16119,16119,12217,19042
8902,2,4547,15047,11178,11612,15047
8903,0,25439,36769,36769,38820,19564
8904,7,2538,13038,17895,20810,12449
8905,0,24030,39227,39227,38478,12918
8906,0,9503,20003,20003,20419,15883
8907,0,5207,15707,15707,13149,15356
8908,0,24822,38873,38873,16849,37428
8909,0,21694,38115,38115,38449,16743
8910,0,3054,13554,13554,13157,18558
8911,0,3675,14175,14175,14956,38526
8912,0,7776,18276,18276,19115,35658
8913,0,7218,17718,17718,13888,37102
8914,0,6722,17222,17222,36384,11643
8915,0,3300,13800,13800,39314,17239
8916,0,3310,13810,13810,39213,12238
8917,1,7221,17721,11507,17721,38482
8918,0,8519,19019,19019,20368,10633
8919,0,24705,35276,35276,36502,12419
8920,0,5954,16454,16454,39007,14553
8921,0,24745,35592,35592,38240,17384
8922,0,22889,37194,37194,10904,35539
8923,0,832,11332,11332,18183,12040
8924,0,25114,35865,35865,13913,11704
8925,0,3462,13962,13962,15092,16856
8926,0,24735,38597,38597,20554,36903
8927,0,7643,18143,18143,16245,17988
8928,0,54,10554,10554,20063,20597
8929,0,23350,36850,36850,12800,12547
8930,0,3451,13951,13951,17354,15657
8931,0,6305,16805,16805,12909,15290
8932,0,10093,20593,20593,19275,18877
8933,4,1481,11981,13728,16379,20224
8934,0,4873,15373,15373,16165,37432
8935,0,22442,37681,37681,35728,14728
8936,0,8038,18538,18538,17670,10683
8937,0,23567,36936,36936,13250,19454
8938,0,3335,13835,13835,19394,36855
8939,0,6016,16516,16516,12655,35819
8940,1,4926,15426,19364,15426,13299
8941,0,9138,19638,19638,10633,19019
8942,0,5797,16297,16297,18068,39436
8943,0,23946,36079,36079,38387,37906
8944,0,10353,20853,20853,38154,17143
8945,0,21889,39342,39342,19995,39557
8946,0,5083,15583,15583,39580,35938
8947,0,6645,17145,17145,38241,38515
8948,0,23580,37075,37075,10516,37544
8949,0,22630,35843,35843,15016,17133
8950,16,5490,15990,38162,10538,12175
8951,0,768,11268,11268,16917,18774
8952,0,2065,12565,12565,11445,35609
8953,0,21588,38852,38852,20577,14579
8954,0,23387,36281,36281,14435,11396
8955,0,7311,17811,17811,38408,35939
8956,0,8477,18977,18977,37578,18352
8957,0,21725,39503,39503,17714,14330
8958,0,4524,15024,15024,20269,36060
8959,0,24840,36162,36162,18566,35581
8960,0,25012,35118,35118,18766,13194
8961,3,2717,13217,35293,15800,10998
8962,0,2079,12579,12579,16193,11192
8963,1,23333,36175,17033,36175,10522
8964,0,8914,19414,19414,36597,20589
8965,0,951,11451,11451,39526,39427
8966,0,8058,18558,18558,13554,13157
8967,1,2482,12982,14997,12982,12862
8968,13,10454,20954,13283,11201,38665
8969,0,9181,19681,19681,12541,13811
8970,0,25424,35998,35998,16745,19203
8971,0,1759,12259,12259,36538,11630
8972,0,9984,20484,20484,19540,14631
8973,0,4422,14922,14922,35823,10576
8974,0,6704,17204,17204,19306,17454
8975,0,9916,20416,20416,18470,13900
8976,0,5182,15682,15682,16854,35872
8977,0,8533,19033,19033,15039,37233
8978,5,3701,14201,19935,11600,10959
8979,0,4243,14743,14743,13244,16285
8980,0,688,11188,11188,12616,37209
8981,0,3432,13932,13932,36358,37681
8982,0,24936,37989,37989,13650,16508
8983,0,4944,15444,15444,10523,19835
8984,2,966,11466,39590,18503,11466
8985,0,25265,39154,39154,17196,15203
8986,0,21882,38831,38831,12631,11225
8987,1,10395,20895,37866,20895,13914
8988,0,2713,13213,13213,15908,36945
8989,86,4757,15257,39390,37633,19048
8990,0,21026,37884,37884,20673,20169
8991,0,22075,36944,36944,15942,17274
8992,0,23121,38917,38917,20683,20110
8993,0,6320,16820,16820,16937,39082
8994,0,23900,38066,38066,20713,35223
8995,0,5975,16475,16475,11540,38543
8996,1,3572,14072,37745,14072,36344
8997,0,22933,37591,37591,35431,10729
8998,0,5299,15799,15799,13144,11599
8999,1,1990,12490,13618,12490,18927
9000,0,25388,36906,36906,14347,36508
9001,3,24986,37545,37892,14220,35466
9002,0,1205,11705,11705,37085,18931
9003,0,24605,38084,38084,35193,15380
9004,0,23730,37644,37644,17795,15116
9005,0,4971,15471,15471,18311,17674
9006,0,23754,39182,39182,14200,37044
9007,0,21721,37820,37820,12708,16282
9008,32,6783,17283,36218,13334,13986
9009,0,3600,14100,14100,20567,38407
9010,0,6490,16990,16990,16359,16061
9011,0,8609,19109,19109,16190,20183
9012,0,25058,39559,39559,15682,17596
9013,0,21863,38164,38164,12460,20417
9014,1,8070,18570,11704,18570,11720
9015,0,8577,19077,19077,10836,13724
9016,5,7973,18473,13546,15107,13197
9017,0,24962,38568,38568,14005,12237
9018,0,1625,12125,12125,35550,10953
9019,0,536,11036,11036,13392,16908
9020,0,8766,19266,19266,19771,20032
9021,0,7970,18470,18470,20416,14666
9022,0,23842,37818,37818,38411,12832
9023,0,4212,14712,14712,36254,13247
9024,0,6456,16956,16956,38729,11661
9025,0,3507,14007,14007,16221,19801
9026,6,8393,18893,11136,19140,38192
9027,0,9524,20024,20024,20591,18236
9028,0,7112,17612,17612,35792,11935
9029,0,24134,36288,36288,16852,39301
9030,0,2708,13208,13208,20046,20926
9031,0,5031,15531,15531,13000,15760
9032,0,6514,17014,17014,11079,36228
9033,0,4662,15162,15162,18290,35320
9034,0,4021,14521,14521,14823,12751
9035,0,1854,12354,12354,12348,17568
9036,1,25140,38746,12980,38746,13960
9037,0,2872,13372,13372,19381,36113
9038,0,3030,13530,13530,39306,37887
9039,0,9397,19897,19897,39150,10651
9040,0,1645,12145,12145,13490,17136
9041,0,3417,13917,13917,35534,14960
9042,8,3476,13976,16640,13957,18388
9043,0,21828,38925,38925,13315,13245
9044,0,22105,35647,35647,20973,37654
9045,0,1792,12292,12292,38215,15687
9046,0,3797,14297,14297,12931,15227
9047,0,3368,13868,13868,20209,14459
9048,0,23548,36153,36153,16623,12903
9049,0,21300,36319,36319,16886,15712
9050,0,7196,17696,17696,39254,36673
9051,1,23709,39064,20732,39064,16727
9052,0,5109,15609,15609,18351,20607
9053,13,6024,16524,12967,37336,11536
9054,3,22042,36235,16310,12924,14698
9055,0,8795,19295,19295,38655,13182
9056,0,23275,35842,35842,37186,38285
9057,0,23171,38545,38545,16703,38363
9058,0,126,10626,10626,18997,15815
9059,0,5959,16459,16459,12294,17040
9060,0,3876,14376,14376,38978,19019
9061,0,24955,35721,35721,19097,10809
9062,3,4451,14951,19789,11348,12041
9063,0,7147,17647,17647,16447,35916
9064,0,3531,14031,14031,35874,38867
9065,0,22182,35516,35516,12417,38233
9066,0,827,11327,11327,19872,35271
9067,0,9831,20331,20331,11671,36637
9068,0,7790,18290,18290,15162,16958
9069,0,984,11484,11484,19740,11969
9070,0,22256,36067,36067,13446,15497
9071,0,22979,35791,35791,14626,14140
9072,0,7783,18283,18283,13499,14920
9073,0,10380,20880,20880,18837,13651
9074,0,23141,38969,38969,37403,18413
9075,0,2443,12943,12943,20112,37590
9076,0,8554,19054,19054,11917,36480
9077,0,24327,35135,35135,16043,20452
9078,0,345,10845,10845,37589,36916
9079,0,814,11314,11314,16733,20758
9080,0,6166,16666,16666,37839,37007
9081,0,23281,37593,37593,13352,19458
9082,0,22030,35991,35991,12932,11987
9083,0,23711,38215,38215,12292,37530
9084,0,22201,39264,39264,13135,13683
9085,0,21909,36111,36111,14665,19774
9086,33,21071,36892,16886,15712,36319
9087,0,5779,16279,16279,16436,10565
9088,0,2116,12616,12616,15701,11188
9089,0,10026,20526,20526,15698,11877
9090,0,793,11293,11293,19861,14114
9091,8,25469,39514,14058,12428,38913
9092,2,6898,17398,35316,15651,17398
9093,0,2674,13174,13174,17209,14271
9094,0,94,10594,10594,13237,16368
9095,0,4225,14725,14725,12035,17463
9096,0,3756,14256,14256,36235,13896
9097,0,2891,13391,13391,15842,18540
9098,0,2371,12871,12871,10544,38769
9099,1,24621,36014,13112,36014,11396
9100,0,24198,38684,38684,17252,16447
9101,0,3228,13728,13728,20224,37791
9102,0,7863,18363,18363,18603,18261
9103,0,6359,16859,16859,16326,35215
9104,0,23231,39340,39340,11142,17527
9105,0,23564,37696,37696,11440,38736
9106,0,7326,17826,17826,13791,17635
9107,0,6028,16528,16528,10672,12749
9108,0,22664,35639,35639,35354,38657
9109,0,22798,38023,38023,14793,11551
9110,1,21056,35698,16904,35698,12073
9111,0,1865,12365,12365,37123,38096
9112,0,4612,15112,15112,12254,13584
9113,0,10049,20549,20549,16510,35689
9114,0,2645,13145,13145,36822,36732
9115,0,2243,12743,12743,14762,17723
9116,0,5373,15873,15873,16055,37936
9117,0,2336,12836,12836,38234,18489
9118,0,950,11450,11450,10820,38111
9119,0,22392,35854,35854,13884,36585
9120,0,1120,11620,11620,15154,19496
9121,0,23568,35383,35383,17122,19949
9122,0,2204,12704,12704,18407,12156
9123,0,419,10919,10919,12042,16337
9124,0,922,11422,11422,12740,17515
9125,0,9446,19946,19946,13350,12510
9126,1,8669,19169,35449,19169,39513
9127,1,10227,20727,18244,20727,38192
9128,0,5408,15908,15908,13213,17511
9129,0,5788,16288,16288,14869,17652
9130,0,5742,16242,16242,14553,15203
9131,0,7667,18167,18167,39257,35211
9132,0,5567,16067,16067,12432,20349
9133,0,8135,18635,18635,19601,38246
9134,0,1202,11702,11702,18714,12040
9135,0,22729,35412,35412,18675,18967
9136,0,5765,16265,16265,39290,11360
9137,0,8389,18889,18889,11527,14197
9138,0,1970,12470,12470,14946,35119
9139,1,21901,35896,20889,35896,14417
9140,0,4018,14518,14518,17391,15666
9141,0,10343,20843,20843,14299,36269
9142,0,3687,14187,14187,19523,36555
9143,0,23914,37702,37702,36938,39516
9144,1,1997,12497,19642,12497,17288
9145,0,4033,14533,14533,10797,16387
9146,0,21505,39440,39440,15298,19153
9147,0,25362,35840,35840,38806,11321
9148,0,1248,11748,11748,38135,12270
9149,0,2192,12692,12692,20925,18877
9150,0,2712,13212,13212,15749,18197
9151,0,9184,19684,19684,20491,39456
9152,0,2190,12690,12690,13190,14041
9153,0,4670,15170,15170,11680,13808
9154,5,5142,15642,19993,39519,11009
9155,5,5984,16484,13135,39264,19483
9156,0,6565,17065,17065,18477,17493
9157,0,7804,18304,18304,38082,12396
9158,0,24234,36548,36548,39318,19723
9159,0,6943,17443,17443,16186,14973
9160,0,22966,36383,36383,15564,36415
9161,0,22377,37497,37497,11558,17504
9162,0,9510,20010,20010,18259,36431
9163,0,10055,20555,20555,15476,12898
9164,0,23708,35129,35129,12663,37445
9165,0,24711,35235,35235,20645,36409
9166,0,2136,12636,12636,18911,15012
9167,0,1065,11565,11565,37919,14340
9168,0,600,11100,11100,35183,20861
9169,0,4227,14727,14727,11939,12673
9170,2,22525,35407,17568,36657,35407
9171,0,7577,18077,18077,15212,17287
9172,0,77,10577,10577,18402,17132
9173,5,7546,18046,17047,12528,20096
9174,0,2898,13398,13398,36695,16493
9175,0,4820,15320,15320,35898,35317
9176,0,9506,20006,20006,13980,16204
9177,0,25338,38559,38559,38182,38905
9178,0,6413,16913,16913,13167,36785
9179,0,9444,19944,19944,18616,20074
9180,1,9064,19564,17552,19564,10797
9181,1,25291,36636,20892,36636,38195
9182,1,8007,18507,14786,18507,16961
9183,0,5468,15968,15968,37216,36185
9184,0,5951,16451,16451,11669,19440
9185,0,23989,39247,39247,20501,19464
9186,0,25191,35751,35751,14456,35463
9187,0,3391,13891,13891,35714,38570
9188,13,5415,15915,38216,13787,36324
9189,0,2560,13060,13060,18865,18313
9190,0,23939,39430,39430,11745,36571
9191,0,8162,18662,18662,16993,38837
9192,2,2635,13135,17532,36123,13135
9193,0,5256,15756,15756,36848,19176
9194,0,3530,14030,14030,38666,18106
9195,0,8567,19067,19067,18788,20952
9196,0,1908,12408,12408,13518,10558
9197,2,23719,37215,18864,15234,37215
9198,0,25011,38500,38500,18312,12186
9199,0,235,10735,10735,12696,36064
9200,0,21047,36813,36813,36341,18436
9201,0,1604,12104,12104,37227,38111
9202,0,7984,18484,18484,14984,20726
9203,0,9310,19810,19810,11580,18966
9204,0,25235,36463,36463,10854,12996
9205,0,3490,13990,13990,13486,17099
9206,24,24938,39374,18964,19599,12152
9207,0,21877,35744,35744,18664,35582
9208,0,1994,12494,12494,12072,15933
9209,0,2824,13324,13324,14353,17163
9210,0,21017,38535,38535,35793,19892
9211,0,21065,35162,35162,14243,10962
9212,0,1342,11842,11842,12945,35194
9213,2,8512,19012,35376,13471,19012
9214,0,1619,12119,12119,37869,36584
9215,0,22394,36499,36499,15690,35224
9216,0,5287,15787,15787,16051,38437
9217,1,2060,12560,19213,12560,12769
9218,0,21904,39526,39526,11451,39427
9219,0,2219,12719,12719,19985,12586
9220,0,9865,20365,20365,36069,19614
9221,0,6038,16538,16538,20956,20593
9222,0,260,10760,10760,35146,20997
9223,0,25485,38654,38654,11525,37545
9224,0,10231,20731,20731,17769,17686
9225,0,23490,37571,37571,13045,17307
9226,0,9093,19593,19593,18220,11779
9227,0,3744,14244,14244,11572,14588
9228,0,2026,12526,12526,12507,38076
9229,0,6988,17488,17488,16394,12461
9230,0,4234,14734,14734,17126,37184
9231,0,1917,12417,12417,17892,38233
9232,0,1828,12328,12328,11267,16541
9233,1,9765,20265,14935,20265,35312
9234,0,23649,37201,37201,18042,17154
9235,0,23506,37535,37535,37933,35717
9236,0,6233,16733,16733,11314,20758
9237,0,21012,38606,38606,18023,36609
9238,17,25354,37440,36928,17053,36420
9239,0,6283,16783,16783,17485,37407
9240,0,4208,14708,14708,16100,20648
9241,0,25080,37413,37413,16465,19682
9242,1,224,10724,12101,10724,13273
9243,0,8915,19415,19415,15752,17323
9244,0,10002,20502,20502,38426,17534
9245,0,9333,19833,19833,10731,35123
9246,0,21384,38315,38315,37184,17126
9247,20,6469,16969,12666,17755,20726
9248,0,22066,38729,38729,14209,38580
9249,0,23040,38340,38340,13094,18722
9250,0,23687,39190,39190,19484,16503
9251,0,25245,35548,35548,11558,12252
9252,0,846,11346,11346,37596,36572
9253,0,4289,14789,14789,35798,17915
9254,0,5560,16060,16060,16900,36429
9255,0,21615,37828,37828,18643,38015
9256,0,2551,13051,13051,37841,11503
9257,0,21068,35714,35714,38333,13891
9258,0,117,10617,10617,10764,10553
9259,0,8837,19337,19337,10963,37905
9260,0,5966,16466,16466,36483,16166
9261,0,8195,18695,18695,11573,19542
9262,0,21179,36956,36956,39143,18318
9263,0,8659,19159,19159,19365,17401
9264,0,7489,17989,17989,38491,35706
9265,0,5,10505,10505,19062,14436
9266,0,5342,15842,15842,11867,13391
9267,0,9111,19611,19611,14406,20498
9268,0,25270,35381,35381,14565,37735
9269,0,4324,14824,14824,16409,36494
9270,13,1063,11563,16509,15333,16709
9271,0,2590,13090,13090,10884,12791
9272,0,8434,18934,18934,14231,13852
9273,0,21750,37640,37640,19101,13935
9274,0,9352,19852,19852,15347,18578
9275,1,21910,35656,11631,35656,16977
9276,0,3735,14235,14235,38663,37155
9277,0,25180,35183,35183,11100,19301
9278,0,3517,14017,14017,11198,36693
9279,0,6986,17486,17486,15270,16729
9280,0,21171,36207,36207,12696,36549
9281,0,25110,35349,35349,17785,17950
9282,0,6767,17267,17267,14934,19354
9283,0,5622,16122,16122,18528,12916
9284,0,1605,12105,12105,13593,14170
9285,0,1733,12233,12233,16842,16374
9286,0,21621,35110,35110,19599,16800
9287,0,23978,35495,35495,10897,12826
9288,1,24286,38617,11101,38617,37485
9289,0,9504,20004,20004,17933,14404
9290,18,25108,36234,38793,19599,17059
9291,0,3812,14312,14312,20288,12007
9292,0,23938,39041,39041,14474,12289
9293,0,25287,35148,35148,11453,11596
9294,0,10167,20667,20667,14568,11978
9295,0,22768,36300,36300,13549,16320
9296,0,1761,12261,12261,38399,37915
9297,0,5401,15901,15901,36812,38290
9298,0,2739,13239,13239,15867,38549
9299,0,22123,39049,39049,15158,18312
9300,0,2472,12972,12972,36193,38276
9301,0,6738,17238,17238,18025,11912
9302,0,6891,17391,17391,20780,14518
9303,0,24989,36793,36793,17104,14509
9304,1,7943,18443,38554,18443,17321
9305,0,25052,37504,37504,13086,38411
9306,0,9685,20185,20185,12274,15763
9307,0,4206,14706,14706,20168,20042
9308,0,6371,16871,16871,18443,13423
9309,0,10350,20850,20850,38274,14539
9310,0,9361,19861,19861,11293,12395
9311,0,10348,20848,20848,16640,11854
9312,20,232,10732,12762,13544,11429
9313,0,8258,18758,18758,12373,20984
9314,0,7561,18061,18061,36376,17925
9315,0,9795,20295,20295,37029,18633
9316,0,6168,16668,16668,19808,36144
9317,0,25368,36069,36069,20365,18514
9318,0,3596,14096,14096,19281,18480
9319,0,6288,16788,16788,14383,39279
9320,3,4632,15132,18948,38005,37580
9321,0,125,10625,10625,18495,16645
9322,0,7641,18141,18141,15382,13408
9323,0,6229,16729,16729,15270,17486
9324,3,21361,38136,11323,14226,19199
9325,0,1296,11796,11796,38838,36988
9326,0,1976,12476,12476,37654,20616
9327,0,21040,38825,38825,12542,19188
9328,0,25279,38764,38764,19307,36997
9329,1,10267,20767,35981,20767,11907
9330,1,23544,37366,12725,37366,20169
9331,0,5750,16250,16250,17180,39555
9332,0,8152,18652,18652,12656,19173
9333,0,24672,39155,39155,15748,11740
9334,4,3086,13586,12698,15349,38921
9335,0,21427,38521,38521,15011,16997
9336,0,6882,17382,17382,35395,11172
9337,0,23886,38563,38563,17383,17246
9338,1,7673,18173,13363,18173,35629
9339,0,3345,13845,13845,39308,19215
9340,0,8172,18672,18672,16213,18199
9341,0,21744,38740,38740,19057,13299
9342,0,5870,16370,16370,38795,16530
9343,0,6506,17006,17006,17743,11104
9344,0,2797,13297,13297,18922,16867
9345,0,918,11418,11418,11271,16629
9346,20,1646,12146,35136,14074,39216
9347,1,5122,15622,12601,15622,38938
9348,0,5126,15626,15626,11878,19259
9349,0,25441,37764,37764,13892,38025
9350,0,24607,38217,38217,19627,20571
9351,0,4621,15121,15121,19858,36960
9352,0,6809,17309,17309,19501,17509
9353,0,364,10864,10864,14856,37173
9354,0,21282,36073,36073,39304,17321
9355,0,2125,12625,12625,13142,15346
9356,0,8150,18650,18650,19683,38192
9357,0,24372,36909,36909,13719,14814
9358,0,22474,37355,37355,12777,19598
9359,0,8717,19217,19217,13505,19952
9360,0,25130,37607,37607,15154,10903
9361,1,55,10555,39586,10555,39518
9362,0,638,11138,11138,13257,12482
9363,0,302,10802,10802,19320,14219
9364,0,22829,35552,35552,17803,16840
9365,0,5811,16311,16311,37375,39523
9366,0,1276,11776,11776,18845,15262
9367,1,23157,37506,12508,37506,11638
9368,0,10247,20747,20747,36017,12017
9369,0,21552,38162,38162,19685,12043
9370,0,23414,37931,37931,37819,11595
9371,0,4432,14932,14932,35569,19678
9372,0,3644,14144,14144,20684,38855
9373,105,4143,14643,11521,17741,19627
9374,0,2878,13378,13378,16415,15311
9375,0,24026,36988,36988,11594,14567
9376,0,6493,16993,16993,16456,12510
9377,0,23066,37961,37961,36087,39078
9378,0,10478,20978,20978,17077,15273
9379,0,10453,20953,20953,20737,35960
9380,0,5240,15740,15740,20592,13916
9381,1,23657,38714,38102,38714,38437
9382,0,10488,20988,20988,13574,10679
9383,0,6937,17437,17437,15025,20153
9384,0,7240,17740,17740,12670,13848
9385,0,9945,20445,20445,36154,35264
9386,0,23532,37983,37983,15315,15642
9387,0,10160,20660,20660,12334,15089
9388,0,2593,13093,13093,20122,13890
9389,0,23047,35903,35903,36550,38517
9390,0,2393,12893,12893,19625,16241
9391,1,523,11023,18976,11023,15662
9392,0,6376,16876,16876,17208,19420
9393,0,6981,17481,17481,17091,15075
9394,0,23722,38310,38310,12456,15169
9395,0,6677,17177,17177,15514,39124
9396,0,3900,14400,14400,17087,13980
9397,0,24699,39054,39054,16203,38521
9398,0,21264,37485,37485,38617,11101
9399,0,5585,16085,16085,37265,19974
9400,0,21756,38648,38648,39092,14467
9401,0,7956,18456,18456,11924,19684
9402,0,7570,18070,18070,13257,16025
9403,0,22208,35908,35908,38866,36163
9404,0,6777,17277,17277,36887,15469
9405,0,22142,36942,36942,12436,15714
9406,6,10161,20661,16092,11457,13396
9407,0,671,11171,11171,36842,14572
9408,0,4188,14688,14688,16825,19637
9409,0,666,11166,11166,17284,15565
9410,0,3266,13766,13766,11491,15865
9411,0,1887,12387,12387,35489,38687
9412,0,23068,36052,36052,35897,35830
9413,0,8472,18972,18972,11223,12138
9414,0,9911,20411,20411,15577,12553
9415,0,22810,35733,35733,18180,13165
9416,0,23036,37241,37241,20200,37687
9417,0,9091,19591,19591,16565,10731
9418,0,7687,18187,18187,35648,14056
9419,0,6031,16531,16531,35536,37970
9420,19,25432,39348,11017,39205,39374
9421,0,6090,16590,16590,19413,16967
9422,0,6238,16738,16738,10746,37029
9423,0,7350,17850,17850,38933,38234
9424,0,7830,18330,18330,20800,39002
9425,0,760,11260,11260,37503,10858
9426,0,6254,16754,16754,37906,11886
9427,0,1906,12406,12406,39359,16994
9428,0,25497,36828,36828,18610,15553
9429,1,22501,36609,36492,36609,17989
9430,1,24419,36924,10753,36924,12717
9431,2,3818,14318,16709,11931,14318
9432,1,6269,16769,18408,16769,15404
9433,0,4300,14800,14800,10696,20260
9434,3,5569,16069,37375,16311,39523
9435,0,7941,18441,18441,19150,36142
9436,0,22378,35379,35379,13850,35285
9437,3,4164,14664,13261,37333,15290
9438,0,23408,35817,35817,19292,35996
9439,1,5971,16471,36201,16471,18769
9440,0,3579,14079,14079,37798,20444
9441,3,2832,13332,17703,17560,37182
9442,0,5449,15949,15949,18374,17706
9443,0,3472,13972,13972,35614,38519
9444,0,6327,16827,16827,13690,16937
9445,0,137,10637,10637,36927,18745
9446,1,7043,17543,19151,17543,13906
9447,0,4892,15392,15392,19869,36670
9448,0,2180,12680,12680,37773,38950
9449,0,10320,20820,20820,16668,15909
9450,0,7730,18230,18230,20785,18405
9451,1,3177,13677,11503,13677,37841
9452,0,4854,15354,15354,11731,18145
9453,0,4637,15137,15137,17920,19193
9454,2,5115,15615,16988,35348,15615
9455,0,22296,38799,38799,14112,11771
9456,0,7648,18148,18148,13465,35836
9457,0,4261,14761,14761,13433,38361
9458,1,22813,37130,19363,37130,16449
9459,0,1331,11831,11831,15992,18355
9460,0,10209,20709,20709,39169,10733
9461,5,21856,37328,18716,12867,36822
9462,0,23451,35268,35268,39048,19205
9463,0,7002,17502,17502,15015,14182
9464,0,9550,20050,20050,38327,37315
9465,2,6941,17441,11789,11866,17441
9466,0,8017,18517,18517,38251,18168
9467,0,6241,16741,16741,18553,14415
9468,0,9521,20021,20021,16756,38830
9469,0,24355,39571,39571,12149,10933
9470,0,6881,17381,17381,20729,18292
9471,0,25146,37645,37645,18320,17602
9472,0,10342,20842,20842,38113,38141
9473,0,4530,15030,15030,38242,10632
9474,0,10314,20814,20814,38809,14267
9475,0,4673,15173,15173,16611,14428
9476,0,25208,36767,36767,15613,17663
9477,0,6996,17496,17496,13304,11219
9478,1,1252,11752,38979,11752,17304
9479,0,22639,36064,36064,11337,10735
9480,0,3374,13874,13874,17155,38997
9481,0,2814,13314,13314,20070,16568
9482,0,4719,15219,15219,36377,13023
9483,0,6544,17044,17044,13609,20624
9484,0,10040,20540,20540,36531,38588
9485,0,4858,15358,15358,12778,19787
9486,0,7901,18401,18401,11912,20987
9487,0,23553,35823,35823,35358,35692
9488,0,8580,19080,19080,18257,38983
9489,0,8427,18927,18927,13618,12490
9490,0,1077,11577,11577,38356,18892
9491,2,10176,20676,16018,36666,20676
9492,0,4363,14863,14863,13061,13619
9493,0,23670,36748,36748,11024,36795
9494,0,770,11270,11270,16107,18166
9495,0,10357,20857,20857,16784,15021
9496,0,21028,37319,37319,17787,37248
9497,0,8865,19365,19365,19159,17401
9498,0,249,10749,10749,35254,37390
9499,0,9766,20266,20266,36691,10728
9500,0,7239,17739,17739,36745,16981
9501,1142,3419,13919,15257,19679,14483
9502,0,10273,20773,20773,15507,16639
9503,0,10015,20515,20515,17088,14242
9504,0,24977,39001,39001,36706,37336
9505,0,4976,15476,15476,12898,10567
9506,0,4544,15044,15044,12927,16734
9507,0,5565,16065,16065,36704,13057
9508,0,7939,18439,18439,15117,11213
9509,0,716,11216,11216,17623,20627
9510,0,23367,39082,39082,16820,16937
9511,0,22479,36932,36932,16632,12409
9512,0,2048,12548,12548,16317,12403
9513,0,5997,16497,16497,20001,36933
9514,17,6600,17100,19191,35190,17427
9515,0,7245,17745,17745,36348,12800
9516,1,23760,38050,14264,38050,17170
9517,0,4178,14678,14678,20723,19377
9518,0,4809,15309,15309,11877,20526
9519,0,24163,35510,35510,35820,18981
9520,0,24584,38829,38829,37684,11941
9521,0,7140,17640,17640,39226,17774
9522,2,7190,17690,39326,17301,17690
9523,1,1460,11960,39487,11960,13081
9524,0,5989,16489,16489,13897,36699
9525,0,9860,20360,20360,19614,11357
9526,0,24640,35542,35542,35746,13014
9527,0,2000,12500,12500,37224,19442
9528,0,23508,37357,37357,17025,38196
9529,0,24031,37399,37399,20212,20456
9530,0,8175,18675,18675,20640,11938
9531,0,404,10904,10904,17338,37194
9532,0,384,10884,10884,12791,20767
9533,0,22322,38779,38779,37271,38440
9534,0,22307,38835,38835,18364,13071
9535,0,10344,20844,20844,15306,19205
9536,0,1633,12133,12133,20552,12620
9537,0,22517,38929,38929,16126,18025
9538,1,25393,38366,17274,38366,11134
9539,0,4784,15284,15284,16322,14309
9540,9,21108,38794,19068,19635,16487
9541,0,6970,17470,17470,37082,38985
9542,0,3925,14425,14425,13946,38425
9543,0,24611,38122,38122,18613,17479
9544,0,4158,14658,14658,11668,17614
9545,0,7449,17949,17949,38506,35989
9546,2,22338,37734,13235,35218,37734
9547,0,21076,38144,38144,18221,12854
9548,0,8415,18915,18915,20150,17102
9549,0,2193,12693,12693,14275,15699
9550,0,25409,35922,35922,11808,35751
9551,0,25340,37255,37255,20782,39248
9552,0,10016,20516,20516,39416,20270
9553,0,1015,11515,11515,35164,20729
9554,0,5124,15624,15624,12371,18746
9555,0,24713,37758,37758,14923,19622
9556,0,7418,17918,17918,18516,13540
9557,0,7409,17909,17909,38304,14212
9558,0,8989,19489,19489,16573,19829
9559,0,2871,13371,13371,11714,14258
9560,0,9,10509,10509,39403,19113
9561,0,10136,20636,20636,35559,38701
9562,1,1838,12338,16901,12338,12278
9563,0,4804,15304,15304,36561,13420
9564,0,255,10755,10755,39278,16053
9565,0,7026,17526,17526,17129,38630
9566,0,5713,16213,16213,18672,20371
9567,0,21216,37271,37271,38779,38440
9568,0,3324,13824,13824,18193,16406
9569,0,7714,18214,18214,11795,36017
9570,0,1581,12081,12081,17494,12773
9571,0,25492,35742,35742,11321,19064
9572,0,924,11424,11424,19137,36718
9573,0,2779,13279,13279,14395,14766
9574,1,25253,35294,11128,35294,16685
9575,8,7891,18391,11308,36725,19620
9576,0,6132,16632,16632,16401,12409
9577,3,22350,37810,11740,15748,39155
9578,0,5320,15820,15820,19029,36204
9579,0,7312,17812,17812,20372,11516
9580,0,7102,17602,17602,11778,18320
9581,0,6042,16542,16542,35415,13387
9582,0,3775,14275,14275,14831,37153
9583,0,4835,15335,15335,18584,16684
9584,0,25351,36922,36922,13507,13800
9585,11,4964,15464,19721,39538,19162
9586,1,24677,35565,16030,35565,38371
9587,0,539,11039,11039,17106,16426
9588,0,7483,17983,17983,16417,14303
9589,0,2745,13245,13245,14908,15672
9590,0,3719,14219,14219,19320,37618
9591,0,25134,38906,38906,38980,20775
9592,0,6819,17319,17319,12181,38222
9593,0,22447,38253,38253,11022,11417
9594,0,9337,19837,19837,15838,18738
9595,0,24289,37913,37913,16704,16224
9596,0,4468,14968,14968,19167,12384
9597,1,667,11167,14223,11167,13711
9598,0,7575,18075,18075,18340,17615
9599,0,24914,35805,35805,35231,19293
9600,0,8549,19049,19049,37755,38307
9601,0,5063,15563,15563,17937,35228
9602,0,21267,35617,35617,35243,15035
9603,0,21669,35569,35569,14932,13640
9604,0,1353,11853,11853,16578,36139
9605,0,24693,37917,37917,17479,16090
9606,1,7114,17614,20954,17614,14086
9607,0,24065,39260,39260,18708,13931
9608,0,8662,19162,19162,11964,19721
9609,0,2703,13203,13203,13303,18785
9610,1,3330,13830,11469,13830,16468
9611,0,8053,18553,18553,16741,19839
9612,2,24778,36423,15066,20500,36423
9613,76,9588,20088,19827,13962,18924
9614,26,3584,14084,11358,14165,17689
9615,0,25249,38771,38771,19765,37514
9616,0,23582,38048,38048,35598,14260
9617,2,5645,16145,38775,39252,16145
9618,0,3376,13876,13876,20546,36389
9619,0,1256,11756,11756,37901,13541
9620,4,6190,16690,39414,18374,14049
9621,7,21474,36298,15008,39081,18735
9622,3,21070,38437,37357,36633,16051
9623,0,25423,38564,38564,15932,10880
9624,0,9442,19942,19942,14714,36754
9625,0,25089,38581,38581,39132,20524
9626,0,5348,15848,15848,14292,35948
9627,0,21022,35597,35597,11904,36895
9628,0,23516,37084,37084,38127,10872
9629,0,23680,36070,36070,35915,36806
9630,0,22221,35719,35719,18701,38699
9631,0,4175,14675,14675,12479,13639
9632,0,23357,38054,38054,17436,16351
9633,0,4910,15410,15410,15032,20409
9634,0,1852,12352,12352,19123,18429
9635,0,6316,16816,16816,13071,18364
9636,0,23924,37566,37566,19801,16221
9637,0,22061,39380,39380,10652,13664
9638,0,2105,12605,12605,18646,16598
9639,0,133,10633,10633,19638,19019
9640,0,25496,38022,38022,38190,10789
9641,0,5029,15529,15529,16646,38665
9642,0,928,11428,11428,20178,35311
9643,2,823,11323,14226,38696,11323
9644,0,7576,18076,18076,36046,18158
9645,0,24136,36226,36226,18207,19954
9646,0,1531,12031,12031,20901,10616
9647,0,1214,11714,11714,36124,13371
9648,0,504,11004,11004,13465,12679
9649,0,22471,37071,37071,11367,37779
9650,0,10188,20688,20688,13737,13970
9651,0,6530,17030,17030,11631,11039
9652,0,3072,13572,13572,20240,13259
9653,0,10150,20650,20650,38447,13121
9654,0,9576,20076,20076,16683,18691
9655,0,9086,19586,19586,20628,17031
9656,0,24039,37710,37710,12320,39383
9657,0,8647,19147,19147,12069,10922
9658,0,6619,17119,17119,35152,11405
9659,0,21262,38565,38565,19718,17251
9660,0,9273,19773,19773,18697,15783
9661,0,3709,14209,14209,38580,20903
9662,0,24930,38980,38980,20775,38906
9663,4,4849,15349,19051,14899,38921
9664,0,4748,15248,15248,11508,14136
9665,0,4268,14768,14768,16482,39569
9666,0,24782,36308,36308,36839,15874
9667,0,22636,36920,36920,17345,16751
9668,0,21354,36388,36388,14831,14275
9669,2,24519,39414,16690,14041,39414
9670,0,8905,19405,19405,18390,18763
9671,0,4186,14686,14686,36335,11931
9672,0,10406,20906,20906,20775,38980
9673,0,5301,15801,15801,38798,14635
9674,3,2923,13423,15587,18748,18629
9675,0,6588,17088,17088,20515,18574
9676,0,1810,12310,12310,19208,38343
9677,0,3486,13986,13986,12333,36509
9678,0,7419,17919,17919,14277,37183
9679,3,3141,13641,11334,14856,19806
9680,2,10019,20519,38944,12899,20519
9681,44,9347,19847,15249,11723,16709
9682,0,1324,11824,11824,12962,16320
9683,1,4312,14812,12403,14812,19888
9684,0,7494,17994,17994,19929,17621
9685,0,8702,19202,19202,19045,20811
9686,0,9872,20372,20372,11516,17812
9687,1,8691,19191,35190,19191,12199
9688,0,21015,38855,38855,10705,18973
9689,0,10048,20548,20548,11057,16364
9690,3,9580,20080,38453,16395,18933
9691,0,22347,38401,38401,38683,15822
9692,0,25292,36505,36505,18093,35342
9693,0,23336,35172,35172,14621,13508
9694,0,5541,16041,16041,13939,19588
9695,4,22565,36022,10572,38193,37164
9696,0,6172,16672,16672,12350,12846
9697,0,1540,12040,12040,18714,11702
9698,0,9409,19909,19909,18569,13278
9699,0,2681,13181,13181,18102,35720
9700,0,25075,39418,39418,20496,13686
9701,4,21851,35779,16984,12538,19018
9702,0,24728,38298,38298,10814,20129
9703,0,6313,16813,16813,14805,10977
9704,0,1191,11691,11691,39170,17457
9705,0,23943,38558,38558,35137,14211
9706,0,5293,15793,15793,19171,39358
9707,0,1542,12042,12042,12236,10919
9708,0,23659,36087,36087,16217,38856
9709,2,25096,36110,35180,36109,36110
9710,0,7056,17556,17556,37363,35431
9711,0,2539,13039,13039,36614,18886
9712,0,953,11453,11453,35148,11596
9713,0,7241,17741,17741,15763,38097
9714,0,6731,17231,17231,16477,18590
9715,0,4846,15346,15346,12625,18573
9716,21,6801,17301,15994,35589,36450
9717,0,8010,18510,18510,16358,20788
9718,0,4330,14830,14830,14552,35165
9719,0,8924,19424,19424,37997,15213
9720,0,5334,15834,15834,39388,16169
9721,0,7330,17830,17830,12965,35594
9722,0,9348,19848,19848,20160,15524
9723,3,4729,15229,12290,16329,17034
9724,0,25199,36080,36080,20350,15186
9725,0,6541,17041,17041,19617,36737
9726,0,25483,35768,35768,20793,36501
9727,0,5305,15805,15805,16501,39155
9728,0,5161,15661,15661,17769,20152
9729,0,7860,18360,18360,38714,14166
9730,0,2156,12656,12656,18652,11130
9731,0,1062,11562,11562,35290,15818
9732,0,21183,35402,35402,16130,37933
9733,0,1167,11667,11667,15556,17489
9734,0,22226,36008,36008,11212,38955
9735,1,3636,14136,10766,14136,20885
9736,0,7651,18151,18151,37585,14614
9737,0,5588,16088,16088,20032,18494
9738,1,22414,35724,12346,35724,15424
9739,0,7192,17692,17692,15743,17112
9740,0,4491,14991,14991,20028,18518
9741,0,7266,17766,17766,10977,35554
9742,21,21131,35926,36636,14229,36876
9743,0,4980,15480,15480,12799,14308
9744,2,8335,18835,38451,10828,18835
9745,0,22988,39523,39523,37375,39288
9746,0,21472,36363,36363,19676,16078
9747,0,4946,15446,15446,16669,16178
9748,0,2782,13282,13282,36639,12926
9749,0,717,11217,11217,14807,38651
9750,1,10011,20511,16319,20511,14461
9751,0,2502,13002,13002,37717,35935
9752,1,4360,14860,11773,14860,16308
9753,0,4171,14671,14671,38356,18892
9754,1,8082,18582,13595,18582,39123
9755,1,21320,39235,14878,39235,17966
9756,19,395,10895,37676,12783,17034
9757,0,25201,38517,38517,36550,16558
9758,0,7186,17686,17686,10722,12584
9759,0,24103,39328,39328,20969,12499
9760,0,4492,14992,14992,10890,20993
9761,0,1365,11865,11865,19825,19439
9762,0,22018,38888,38888,38382,18645
9763,1,23393,38785,10850,38785,20277
9764,0,8787,19287,19287,37972,13386
9765,0,24391,36738,36738,15261,36737
9766,0,23695,38178,38178,14326,39314
9767,0,5917,16417,16417,20041,15288
9768,0,4968,15468,15468,36953,17852
9769,0,2914,13414,13414,20764,20976
9770,0,24486,35112,35112,13371,39442
9771,0,5644,16144,16144,16571,36659
9772,0,3766,14266,14266,18268,16416
9773,0,3440,13940,13940,18705,36288
9774,0,24600,36637,36637,17029,16208
9775,0,24313,36918,36918,38659,14411
9776,0,7357,17857,17857,20967,20898
9777,0,6806,17306,17306,37004,14894
9778,0,9879,20379,20379,36258,14679
9779,0,2143,12643,12643,11835,38468
9780,10,5104,15604,20214,16982,15225
9781,0,5073,15573,15573,16277,39250
9782,0,1571,12071,12071,19859,17598
9783,0,4079,14579,14579,12726,38852
9784,0,1122,11622,11622,18251,36453
9785,0,2786,13286,13286,10828,14150
9786,0,2967,13467,13467,19528,16512
9787,0,2504,13004,13004,12561,39563
9788,0,5988,16488,16488,12091,36540
9789,0,23867,36251,36251,36745,14163
9790,0,8867,19367,19367,16870,16868
9791,0,24657,35594,35594,11910,11389
9792,2,7164,17664,15359,17634,17664
9793,0,23388,36134,36134,37950,18474
9794,1,728,11228,20100,11228,38485
9795,0,7587,18087,18087,38560,18864
9796,0,7543,18043,18043,20332,35455
9797,0,412,10912,10912,11637,17523
9798,1,24172,35932,37078,35932,15174
9799,1,9708,20208,10571,20208,36613
9800,0,5745,16245,16245,18143,17988
9801,0,7668,18168,18168,18517,20715
9802,0,825,11325,11325,16804,12057
9803,0,3267,13767,13767,35774,11514
9804,0,3974,14474,14474,39041,16526
9805,0,8808,19308,19308,35234,11967
9806,0,8306,18806,18806,11936,17508
9807,0,417,10917,10917,38847,37468
9808,0,23589,35855,35855,37508,37102
9809,0,9817,20317,20317,39375,20030
9810,0,6748,17248,17248,20952,16015
9811,0,8967,19467,19467,17742,10892
9812,1,24004,36971,19734,36971,19162
9813,0,21699,35682,35682,14021,14412
9814,1,23019,39067,13098,39067,38569
9815,0,2082,12582,12582,19043,37330
9816,0,8945,19445,19445,16472,36383
9817,0,22384,35332,35332,18258,20457
9818,0,24217,36755,36755,17064,37033
9819,0,3373,13873,13873,17594,11040
9820,0,5726,16226,16226,12785,20537
9821,0,4107,14607,14607,12459,36184
9822,0,21717,35230,35230,39458,37891
9823,0,4380,14880,14880,11297,38170
9824,0,7723,18223,18223,17012,37344
9825,0,1066,11566,11566,38094,13225
9826,0,3913,14413,14413,20234,11387
9827,1,23781,38073,10796,38073,37361
9828,0,5536,16036,16036,18805,36371
9829,0,8002,18502,18502,35376,13692
9830,0,5387,15887,15887,18916,38076
9831,0,5732,16232,16232,10997,11177
9832,0,21398,36284,36284,18368,14164
9833,0,2738,13238,13238,36958,18728
9834,0,5052,15552,15552,36123,12869
9835,0,4000,14500,14500,37806,35732
9836,0,9760,20260,20260,14800,18306
9837,0,2427,12927,12927,15044,19312
9838,0,24541,36532,36532,20606,38856
9839,0,6833,17333,17333,39265,16385
9840,0,10123,20623,20623,37319,17787
9841,1,1687,12187,38620,12187,18040
9842,0,851,11351,11351,19829,37322
9843,0,24414,36332,36332,20275,19512
9844,0,6303,16803,16803,13299,19364
9845,2,9087,19587,37720,12946,19587
9846,0,24388,37378,37378,14718,16524
9847,0,5878,16378,16378,14937,36762
9848,0,8527,19027,19027,12506,17990
9849,0,2839,13339,13339,37774,19938
9850,0,25361,35873,35873,14570,11731
9851,0,4611,15111,15111,11650,16794
9852,0,9540,20040,20040,11028,12219
9853,0,9207,19707,19707,12234,15826
9854,0,21190,35602,35602,37050,10664
9855,0,9823,20323,20323,14637,37321
9856,0,2489,12989,12989,11947,36180
9857,0,24244,36516,36516,35792,15752
9858,0,6905,17405,17405,14139,12050
9859,0,7390,17890,17890,19914,15840
9860,0,21842,36037,36037,12552,13519
9861,0,2849,13349,13349,14553,39007
9862,6,22453,38663,38556,19665,13308
9863,0,6665,17165,17165,20984,15918
9864,0,5881,16381,16381,36280,18664
9865,0,10262,20762,20762,14642,10624
9866,0,4452,14952,14952,38551,36918
9867,0,9949,20449,20449,15218,15434
9868,0,7421,17921,17921,20681,19703
9869,0,21459,38194,38194,13914,37866
9870,0,9827,20327,20327,17817,16137
9871,0,23280,37432,37432,16165,15373
9872,1,6484,16984,37537,16984,36553
9873,0,2479,12979,12979,35323,38830
9874,0,6617,17117,17117,38942,19111
9875,0,10457,20957,20957,19846,20280
9876,0,23006,35745,35745,17068,16462
9877,0,25086,38109,38109,18645,11980
9878,1,22223,39162,15951,39162,13567
9879,0,22091,35845,35845,37582,36851
9880,0,23585,37839,37839,16666,19801
9881,0,23088,38655,38655,19295,13182
9882,17,2141,12641,13919,15092,14291
9883,0,24442,37890,37890,10831,18253
9884,0,21922,35904,35904,19271,20017
9885,0,5188,15688,15688,13794,14530
9886,0,21148,39150,39150,19897,18177
9887,0,25370,36831,36831,38147,19700
9888,0,24193,36142,36142,37687,20200
9889,0,2744,13244,13244,37795,14743
9890,0,7253,17753,17753,17346,10946
9891,0,22334,37878,37878,39216,14854
9892,0,3506,14006,14006,19143,18532
9893,0,1679,12179,12179,20867,38129
9894,1,4249,14749,36656,14749,10616
9895,0,3147,13647,13647,11844,15048
9896,0,8130,18630,18630,19005,37400
9897,0,10486,20986,20986,15451,14328
9898,0,7004,17504,17504,11558,37497
9899,0,580,11080,11080,11273,37064
9900,0,9662,20162,20162,12212,20325
9901,0,24951,37585,37585,18151,14614
9902,0,4070,14570,14570,35873,18160
9903,0,21089,38094,38094,18100,11566
9904,3,3343,13843,12698,15349,38921
9905,0,24547,37778,37778,16743,19182
9906,0,7404,17904,17904,17236,11069
9907,0,21328,37369,37369,12531,15628
9908,1,3672,14172,39127,14172,16967
9909,1,559,11059,17174,11059,20389
9910,0,5237,15737,15737,35572,18138
9911,0,7805,18305,18305,12903,37931
9912,0,24993,38001,38001,38686,19221
9913,0,22951,35635,35635,39434,39371
9914,0,512,11012,11012,38422,37130
9915,0,23299,37515,37515,19084,39154
9916,0,1081,11581,11581,13222,17066
9917,0,1664,12164,12164,14758,38663
9918,0,9204,19704,19704,15888,18089
9919,0,1931,12431,12431,36447,39068
9920,0,22103,39100,39100,16184,14799
9921,0,1150,11650,11650,35351,15111
9922,0,2838,13338,13338,14603,36367
9923,4,5949,16449,13906,18665,17543
9924,0,8308,18808,18808,12327,18720
9925,1,8932,19432,11006,19432,13778
9926,0,22393,39278,39278,10726,10755
9927,0,22064,38856,38856,15611,36532
9928,0,5177,15677,15677,39564,17463
9929,0,24517,36461,36461,38393,13434
9930,1,22510,38692,19730,38692,35498
9931,0,830,11330,11330,16342,16222
9932,0,8311,18811,18811,16109,18821
9933,0,4752,15252,15252,13915,12249
9934,0,24926,39233,39233,37955,19156
9935,0,25165,39308,39308,13845,19215
9936,0,22916,39506,39506,37102,11533
9937,0,635,11135,11135,18357,16691
9938,0,4465,14965,14965,16774,19876
9939,1,21304,37150,15691,37150,16325
9940,1,6799,17299,14822,17299,14318
9941,0,7987,18487,18487,17285,13035
9942,0,7079,17579,17579,15945,16913
9943,1,6966,17466,20644,17466,16493
9944,0,4142,14642,14642,20762,10624
9945,3,7027,17527,35576,39009,36792
9946,1,9183,19683,18650,19683,37211
9947,0,876,11376,11376,37574,39364
9948,0,4869,15369,15369,14015,16757
9949,0,5315,15815,15815,10626,18997
9950,1,5222,15722,36430,15722,19453
9951,0,4,10504,10504,18561,11655
9952,0,3051,13551,13551,36741,13567
9953,0,5691,16191,16191,18406,11962
9954,0,3124,13624,13624,14890,16280
9955,0,23406,35446,35446,11253,14159
9956,0,2491,12991,12991,35668,19470
9957,0,23285,37959,37959,18640,14004
9958,0,3854,14354,14354,35952,12658
9959,1,23379,37719,16740,37719,20996
9960,0,4777,15277,15277,15091,17126
9961,3,9907,20407,13099,20448,15087
9962,5,7509,18009,39170,11691,38068
9963,0,6457,16957,16957,11608,37608
9964,0,6293,16793,16793,38445,37808
9965,0,1148,11648,11648,16624,38886
9966,0,21816,36047,36047,18160,16694
9967,3,574,11074,38505,12874,11146
9968,0,3769,14269,14269,36830,18763
9969,0,25027,36522,36522,18967,36224
9970,0,4146,14646,14646,12379,15500
9971,0,853,11353,11353,13026,38112
9972,0,10174,20674,20674,13497,17110
9973,0,24963,35560,35560,35921,18193
9974,0,5919,16419,16419,38690,37502
9975,0,22925,37715,37715,36373,39028
9976,0,23547,37997,37997,36434,19424
9977,0,9358,19858,19858,20794,15121
9978,2,6614,17114,35590,15183,17114
9979,0,6002,16502,16502,36549,17803
9980,0,9163,19663,19663,38195,14209
9981,0,22126,35487,35487,36044,15733
9982,1,4495,14995,14161,14995,16005
9983,0,8173,18673,18673,15501,11287
9984,0,6655,17155,17155,13874,38997
9985,1,24306,36633,15787,36633,38437
9986,0,2368,12868,12868,36100,35252
9987,0,22789,36901,36901,13324,10842
9988,0,4780,15280,15280,13475,17927
9989,0,22684,36917,36917,18623,19331
9990,1,7992,18492,14748,18492,17993
9991,1,2950,13450,35203,13450,11916
9992,0,5625,16125,16125,13785,17022
9993,0,6971,17471,17471,13505,15395
9994,0,8716,19216,19216,11341,38037
9995,0,24873,35241,35241,17175,19607
9996,1,23764,37802,15181,37802,13976
9997,0,1841,12341,12341,15616,14106
9998,0,5986,16486,16486,37134,17539
9999,0,537,11037,11037,17490,11533
10000,0,2806,13306,13306,18728,37351
10001,0,5801,16301,16301,38640,38628
10002,0,5596,16096,16096,37771,37772
10003,0,7206,17706,17706,20497,10960
10004,0,7343,17843,17843,18718,38729
10005,0,23773,37127,37127,16547,36796
10006,0,7560,18060,18060,17518,37764
10007,0,8096,18596,18596,39135,19347
10008,0,21389,35961,35961,14775,35960
10009,0,784,11284,11284,38993,19261
10010,0,22992,36843,36843,39196,38729
10011,1,1409,11909,16977,11909,35656
10012,0,22068,35323,35323,12979,12631
10013,0,154,10654,10654,36234,13462
10014,0,7806,18306,18306,15675,17810
10015,0,3009,13509,13509,39199,12723
10016,0,1686,12186,12186,38879,20826
10017,0,25144,35687,35687,36930,11629
10018,0,4014,14514,14514,16760,14278
10019,0,7455,17955,17955,19525,11965
10020,0,24002,37507,37507,13100,16042
10021,0,3863,14363,14363,17573,12193
10022,0,2733,13233,13233,16124,19797
10023,0,1895,12395,12395,19861,15909
10024,0,5442,15942,15942,36944,36344
10025,0,569,11069,11069,35619,13673
10026,0,6709,17209,17209,14271,13174
10027,0,5854,16354,16354,13548,18171
10028,0,1816,12316,12316,13702,18005
10029,0,10257,20757,20757,20577,18570
10030,0,8319,18819,18819,16573,18805
10031,0,3394,13894,13894,16804,16919
10032,0,3327,13827,13827,37222,18278
10033,15,24868,39566,10722,35820,16591
10034,4,6102,16602,39548,17259,20542
10035,0,2975,13475,13475,15280,12486
10036,0,980,11480,11480,13024,36337
10037,0,10492,20992,20992,12000,18704
10038,0,190,10690,10690,11309,16446
10039,0,9331,19831,19831,14183,17684
10040,0,5088,15588,15588,36729,12130
10041,0,699,11199,11199,17411,37783
10042,0,24596,39234,39234,16712,35172
10043,0,606,11106,11106,36847,36046
10044,3,22019,37062,39447,18044,37685
10045,0,301,10801,10801,13553,16163
10046,0,3420,13920,13920,17375,16355
10047,1,21671,39299,38777,39299,38117
10048,0,1060,11560,11560,16675,37508
10049,1,22196,38650,20098,38650,18759
10050,0,23018,39435,39435,15488,14105
10051,0,21409,35351,35351,37099,11650
10052,0,3444,13944,13944,37862,36875
10053,0,1069,11569,11569,19351,11504
10054,0,24364,35310,35310,36132,20748
10055,0,2205,12705,12705,18333,20509
10056,0,9435,19935,19935,38827,11600
10057,0,7339,17839,17839,15692,14550
10058,0,8208,18708,18708,39260,36440
10059,0,7679,18179,18179,38649,10903
10060,0,23214,35906,35906,15841,13578
10061,0,24304,38097,38097,14776,17741
10062,0,4642,15142,15142,12401,19411
10063,0,7683,18183,18183,20258,10875
10064,1,22185,37540,20712,37540,15829
10065,0,9007,19507,19507,19320,37618
10066,0,7996,18496,18496,16220,16231
10067,0,23903,35853,35853,11821,37321
10068,0,21331,37334,37334,35882,15773
10069,0,5600,16100,16100,11248,36660
10070,0,9151,19651,19651,12563,15387
10071,0,7022,17522,17522,35826,20933
10072,0,4893,15393,15393,11289,38679
10073,0,225,10725,10725,38060,18587
10074,0,25210,38956,38956,20904,35880
10075,2,3354,13854,37635,38572,13854
10076,0,5895,16395,16395,38453,18933
10077,0,25478,35271,35271,19872,14827
10078,0,8754,19254,19254,35580,38768
10079,0,3436,13936,13936,36435,36480
10080,0,21177,39159,39159,38091,19766
10081,2,24865,38967,37652,20228,38967
10082,0,1693,12193,12193,14363,37012
10083,0,6893,17393,17393,18281,15156
10084,0,1045,11545,11545,14316,19215
10085,0,3446,13946,13946,15501,16853
10086,0,24982,37351,37351,36825,13238
10087,1,8050,18550,13223,18550,20741
10088,0,9146,19646,19646,14024,17626
10089,0,25177,39565,39565,14807,11217
10090,0,24540,35521,35521,17143,36988
10091,0,24743,35890,35890,13626,39352
10092,0,4735,15235,15235,35115,39253
10093,0,4496,14996,14996,12334,17853
10094,0,1218,11718,11718,37269,15995
10095,0,21435,38040,38040,11606,13740
10096,0,23686,38297,38297,38296,35540
10097,0,6015,16515,16515,11663,15365
10098,0,9719,20219,20219,15313,13065
10099,0,3987,14487,14487,36456,15627
10100,0,4911,15411,15411,11219,11889
10101,0,9492,19992,19992,36282,18563
10102,7,4493,14993,11023,35221,35680
10103,0,6944,17444,17444,12772,13191
10104,0,5699,16199,16199,20148,16322
10105,0,8352,18852,18852,35716,16239
10106,1,23660,36853,16238,36853,35375
10107,0,23070,38586,38586,37490,19397
10108,2,956,11456,36102,13402,11456
10109,0,21729,36577,36577,18143,13597
10110,0,24501,36020,36020,11807,17280
10111,0,2869,13369,13369,19691,15025
10112,1,23471,36563,20413,36563,11956
10113,0,4433,14933,14933,17570,35144
10114,1,4973,15473,16376,15473,19870
10115,0,22808,38801,38801,20013,12758
10116,0,2961,13461,13461,35115,35260
10117,0,23243,38766,38766,20798,19264
10118,0,2200,12700,12700,16161,14582
10119,1,98,10598,18101,10598,13777
10120,0,22309,39373,39373,13520,10526
10121,0,2557,13057,13057,37622,37154
10122,0,23724,35969,35969,14375,18729
10123,0,8445,18945,18945,37524,38900
10124,0,22890,36709,36709,19259,19799
10125,0,4199,14699,14699,11695,36131
10126,5,9637,20137,13332,39141,17703
10127,0,5539,16039,16039,18176,10913
10128,0,1648,12148,12148,37269,10985
10129,0,22457,37468,37468,19071,37381
10130,0,25218,37509,37509,18084,35720
10131,0,22975,36777,36777,35127,11628
10132,0,9888,20388,20388,16001,10832
10133,0,24402,35977,35977,37332,12151
10134,0,6197,16697,16697,11064,13723
10135,0,6295,16795,16795,35732,14500
10136,0,4499,14999,14999,13158,18367
10137,0,1154,11654,11654,18479,15785
10138,0,2255,12755,12755,20131,36438
10139,0,9874,20374,20374,18930,12318
10140,0,3170,13670,13670,20544,12376
10141,0,7400,17900,17900,17485,16193
10142,0,10248,20748,20748,14908,36650
10143,0,7158,17658,17658,38336,15038
10144,6,25290,36876,35896,38566,36644
10145,0,23779,39393,39393,16320,20680
10146,0,3108,13608,13608,36781,38508
10147,0,4548,15048,15048,16828,11844
10148,0,23876,36509,36509,13986,13334
10149,0,24626,39183,39183,19209,35927
10150,0,5423,15923,15923,11174,19056
10151,0,2049,12549,12549,36417,12425
10152,0,21495,37762,37762,13880,20389
10153,0,21444,36429,36429,20638,17465
10154,0,9208,19708,19708,12140,10622
10155,0,8815,19315,19315,36896,20406
10156,0,22835,39291,39291,19698,39499
10157,0,25246,38669,38669,36845,37753
10158,0,262,10762,10762,15553,18220
10159,1,23616,38516,39104,38516,15214
10160,0,24000,36155,36155,17222,11251
10161,0,4061,14561,14561,19250,15201
10162,0,5534,16034,16034,20075,13289
10163,0,22927,39080,39080,12924,16327
10164,0,23904,38851,38851,38597,20554
10165,0,6616,17116,17116,36863,38680
10166,3,8120,18620,11394,12241,13840
10167,0,8155,18655,18655,13344,10794
10168,0,1802,12302,12302,16804,20217
10169,1,4736,15236,17352,15236,38970
10170,1,24171,39577,14714,39577,16161
10171,6,2385,12885,18391,36725,17034
10172,0,6694,17194,17194,39089,11716
10173,0,5759,16259,16259,17331,37934
10174,0,1959,12459,12459,14607,36184
10175,0,2976,13476,13476,16882,19369
10176,0,8680,19180,19180,11656,13247
10177,0,1843,12343,12343,35793,16919
10178,0,1734,12234,12234,19707,11741
10179,0,2911,13411,13411,12696,16840
10180,0,24945,36005,36005,20864,39451
10181,0,8338,18838,18838,36600,36177
10182,0,23250,38416,38416,38392,38653
10183,0,1986,12486,12486,13475,36074
10184,0,9561,20061,20061,38100,13942
10185,0,6546,17046,17046,12849,38175
10186,0,23757,38837,38837,19596,36609
10187,0,7098,17598,17598,19859,12071
10188,0,2811,13311,13311,13044,11377
10189,2,659,11159,19032,39386,11159
10190,5,9986,20486,19164,19484,13317
10191,0,2511,13011,13011,12225,15331
10192,0,24845,36183,36183,18921,15821
10193,0,4282,14782,14782,14426,18689
10194,0,9339,19839,19839,16741,10994
10195,0,23217,36058,36058,19243,17398
10196,0,8800,19300,19300,12308,12228
10197,1,6287,16787,15359,16787,17664
10198,0,22824,36368,36368,36345,12854
10199,0,1930,12430,12430,14335,12919
10200,0,7125,17625,17625,10813,18568
10201,0,197,10697,10697,20770,19834
10202,0,7777,18277,18277,12063,12242
10203,0,2931,13431,13431,39336,14608
10204,0,8004,18504,18504,10604,36261
10205,0,2327,12827,12827,20882,20807
10206,0,4389,14889,14889,16166,36483
10207,1,8958,19458,17659,19458,15433
10208,0,21958,37282,37282,17684,16440
10209,0,4218,14718,14718,20886,37378
10210,0,23133,36041,36041,20263,38493
10211,0,202,10702,10702,15336,37147
10212,0,3510,14010,14010,15047,11612
10213,0,4931,15431,15431,15835,11968
10214,0,21422,39176,39176,20070,16568
10215,1,5535,16035,16230,16035,36987
10216,5,9925,20425,18360,38196,39475
10217,0,5791,16291,16291,10663,35433
10218,0,21451,35563,35563,14125,15554
10219,0,1707,12207,12207,38679,10737
10220,0,5172,15672,15672,12014,38231
10221,0,5249,15749,15749,13212,20602
10222,0,23495,38543,38543,16475,11540
10223,0,22775,36260,36260,38571,19460
10224,0,6528,17028,17028,17684,37282
10225,0,24447,39370,39370,20368,17508
10226,0,5855,16355,16355,13920,16868
10227,0,8164,18664,18664,35744,35221
10228,0,854,11354,11354,17588,37555
10229,0,23778,38471,38471,37482,13000
10230,1,21344,39149,36731,39149,38251
10231,0,4737,15237,15237,35208,13381
10232,1,22800,36883,15568,36883,37620
10233,0,10352,20852,20852,18923,19824
10234,0,698,11198,11198,14017,36693
10235,0,24741,35938,35938,15583,39580
10236,0,22176,35785,35785,12923,36764
10237,0,3696,14196,14196,36955,36627
10238,0,1636,12136,12136,13139,37971
10239,0,7280,17780,17780,19058,38528
10240,0,7554,18054,18054,11426,13489
10241,0,24482,36243,36243,36781,11544
10242,0,3581,14081,14081,38682,19343
10243,0,1291,11791,11791,15950,19651
10244,0,24489,37445,37445,10890,37741
10245,0,6585,17085,17085,15554,16538
10246,4,23044,38402,18339,18601,17962
10247,60,1853,12353,36878,11445,35609
10248,0,5232,15732,15732,37400,37167
10249,0,3763,14263,14263,39273,14822
10250,0,3304,13804,13804,37185,13640
10251,0,1495,11995,11995,12934,38680
10252,0,22141,38513,38513,20824,38013
10253,0,21879,36529,36529,19615,11491
10254,0,21046,36231,36231,18886,36614
10255,0,7994,18494,18494,20032,20807
10256,0,1998,12498,12498,39374,13832
10257,0,663,11163,11163,36920,16751
10258,0,22983,37565,37565,16909,15434
10259,0,21018,38139,38139,19976,18392
10260,0,3748,14248,14248,16700,35229
10261,0,4413,14913,14913,36554,36377
10262,0,24307,37530,37530,38215,35763
10263,0,5530,16030,16030,35565,38371
10264,0,5575,16075,16075,17853,19956
10265,0,8901,19401,19401,14799,13390
10266,0,7526,18026,18026,20780,39324
10267,0,9474,19974,19974,38236,16085
10268,0,5864,16364,16364,18595,16730
10269,1,22654,37854,11749,37854,12805
10270,0,22621,35461,35461,14107,37454
10271,0,6776,17276,17276,15212,35414
10272,0,25017,36815,36815,16610,14378
10273,4,1306,11806,16860,20859,20019
10274,0,24462,38282,38282,36062,19823
10275,3,22155,38290,36454,19847,38289
10276,0,7392,17892,17892,12417,35722
10277,0,10429,20929,20929,36629,14980
10278,0,24315,36088,36088,17020,14118
10279,1,5592,16092,13130,16092,17818
10280,0,10230,20730,20730,12343,18835
10281,0,9721,20221,20221,16306,38731
10282,0,1663,12163,12163,39033,20828
10283,0,5450,15950,15950,11791,38273
10284,0,23641,39496,39496,12439,12537
10285,0,24670,39525,39525,15065,13730
10286,0,3627,14127,14127,12988,10734
10287,1,24856,38525,14511,38525,35207
10288,0,22708,37933,37933,35402,37535
10289,0,22805,37677,37677,11523,36440
10290,0,2693,13193,13193,15093,16478
10291,0,23180,35846,35846,16963,36897
10292,0,9789,20289,20289,14550,13942
10293,0,24780,35515,35515,17757,18449
10294,0,23762,35411,35411,19635,20801
10295,0,5915,16415,16415,15605,13378
10296,0,3157,13657,13657,15939,14704
10297,0,22720,36100,36100,12868,35252
10298,0,9914,20414,20414,38519,36301
10299,0,21594,38065,38065,15449,37988
10300,1,6668,17168,15768,17168,20073
10301,0,1059,11559,11559,35589,36450
10302,2,4636,15136,39514,14850,15136
10303,0,3242,13742,13742,13939,38283
10304,0,1678,12178,12178,12749,12533
10305,0,6892,17392,17392,38933,17447
10306,0,6374,16874,16874,17201,37185
10307,1,7574,18074,10935,18074,10591
10308,0,1757,12257,12257,13604,10900
10309,0,6019,16519,16519,14325,36190
10310,2,23128,36977,36116,35924,36977
10311,0,5116,15616,15616,14106,12341
10312,0,8755,19255,19255,10861,36913
10313,0,7408,17908,17908,15375,15071
10314,0,2790,13290,13290,20055,13956
10315,0,863,11363,11363,11884,13053
10316,0,7858,18358,18358,37774,13339
10317,0,1484,11984,11984,39102,18589
10318,0,7035,17535,17535,12614,18832
10319,1,7721,18221,16852,18221,38144
10320,0,5977,16477,16477,17231,16653
10321,0,5134,15634,15634,15456,38075
10322,4,206,10706,16969,14820,20726
10323,1,4488,14988,17874,14988,19819
10324,0,6938,17438,17438,14976,36697
10325,0,9062,19562,19562,18170,17038
10326,0,24555,37279,37279,11939,12673
10327,0,6910,17410,17410,18161,36590
10328,0,502,11002,11002,17822,14368
10329,0,7385,17885,17885,10883,36143
10330,0,1028,11528,11528,18413,16968
10331,0,3840,14340,14340,12064,11565
10332,0,21568,35476,35476,13894,16804
10333,0,25389,38367,38367,36667,14366
10334,0,8110,18610,18610,15298,19153
10335,0,5056,15556,15556,17489,11667
10336,0,9762,20262,20262,18732,16946
10337,0,8154,18654,18654,13681,20197
10338,0,24426,35559,35559,20636,13699
10339,6,23266,38777,39474,38117,13867
10340,0,2731,13231,13231,18793,10593
10341,0,22848,39028,39028,36373,37715
10342,0,8996,19496,19496,11620,39240
10343,0,21511,38633,38633,10997,11177
10344,0,21700,36431,36431,38285,17813
10345,0,2454,12954,12954,36374,18679
10346,0,21092,37384,37384,14849,14033
10347,0,7215,17715,17715,14981,16187
10348,0,3104,13604,13604,12257,14924
10349,0,21520,37661,37661,10648,11739
10350,0,24969,38745,38745,10645,19940
10351,0,8392,18892,18892,11577,38356
10352,0,6278,16778,16778,16943,15941
10353,0,3099,13599,13599,38249,10701
10354,0,6184,16684,16684,15335,14819
10355,0,10470,20970,20970,38064,35344
10356,0,3561,14061,14061,20554,12620
10357,0,5892,16392,16392,13143,19547
10358,0,24883,37260,37260,14288,17795
10359,0,24843,39218,39218,18583,35623
10360,0,22529,37300,37300,37621,35299
10361,0,22114,38580,38580,20903,14209
10362,0,391,10891,10891,37868,18640
10363,0,6736,17236,17236,17904,10586
10364,0,5618,16118,16118,39500,36272
10365,0,5258,15758,15758,39003,11716
10366,39,9687,20187,20289,36660,20883
10367,0,2695,13195,13195,11316,10647
10368,0,2027,12527,12527,35792,19918
10369,0,24651,38034,38034,38121,37492
10370,0,5463,15963,15963,15566,17254
10371,0,2568,13068,13068,16434,11087
10372,0,8006,18506,18506,16447,38292
10373,0,64,10564,10564,11367,36721
10374,0,22677,36670,36670,37487,37100
10375,0,2062,12562,12562,35106,18129
10376,0,5276,15776,15776,38079,16009
10377,0,7208,17708,17708,13073,37009
10378,0,8684,19184,19184,19242,38930
10379,0,8571,19071,19071,11497,13571
10380,0,6331,16831,16831,10770,20563
10381,0,4859,15359,15359,17634,17664
10382,0,22028,39146,39146,38851,10537
10383,0,21231,36779,36779,18999,13449
10384,0,4887,15387,15387,13392,19651
10385,2,9268,19768,37173,16837,19768
10386,0,878,11378,11378,16673,20597
10387,0,8529,19029,19029,15820,37464
10388,0,7916,18416,18416,13674,15441
10389,3,6863,17363,20202,38510,15333
10390,0,7892,18392,18392,19976,38139
10391,0,6439,16939,16939,16464,11286
10392,4,7869,18369,19148,10831,37869
10393,0,1016,11516,11516,20372,17812
10394,0,9467,19967,19967,10805,19184
10395,0,24644,36584,36584,17430,12119
10396,0,7629,18129,18129,35106,12562
10397,0,22331,37337,37337,14711,17221
10398,0,21129,36128,36128,16152,19604
10399,0,24994,37697,37697,38525,14511
10400,0,21989,39199,39199,14468,12723
10401,0,995,11495,11495,15078,35413
10402,0,10173,20673,20673,37884,15445
10403,11,4297,14797,39333,35485,38259
10404,0,161,10661,10661,11141,16644
10405,0,5675,16175,16175,18802,14522
10406,0,6873,17373,17373,17920,19947
10407,0,25085,39331,39331,18225,19759
10408,0,21930,37584,37584,36316,36844
10409,0,9692,20192,20192,15608,17922
10410,1,7989,18489,14055,18489,38234
10411,0,3843,14343,14343,20642,39145
10412,0,23342,38011,38011,18995,17714
10413,0,23921,35399,35399,16917,14631
10414,0,21670,36247,36247,37356,12287
10415,12,1021,11521,17104,14483,14509
10416,0,3073,13573,13573,16655,36511
10417,0,7555,18055,18055,11170,14930
10418,0,3943,14443,14443,15274,35291
10419,0,1585,12085,12085,20226,36623
10420,1,10147,20647,36824,20647,18776
10421,3,3152,13652,16215,36006,18345
10422,0,21452,39135,39135,18596,15064
10423,0,8226,18726,18726,14371,18036
10424,0,24045,36800,36800,39129,15545
10425,0,775,11275,11275,18521,19328
10426,3,22648,35342,18104,35895,10666
10427,1,9670,20170,35577,20170,11643
10428,0,7099,17599,17599,37454,14107
10429,2,5486,15986,15817,17727,15986
10430,0,6235,16735,16735,39179,10548
10431,0,9555,20055,20055,13290,35833
10432,0,7041,17541,17541,35242,18170
10433,0,2612,13112,13112,36014,11396
10434,19,7513,18013,35743,18473,18759
10435,0,24815,35610,35610,38415,14000
10436,0,10233,20733,20733,11968,15431
10437,14,8433,18933,13916,15740,16329
10438,0,10253,20753,20753,16961,16261
10439,0,21906,35149,35149,12876,35177
10440,0,8792,19292,19292,35996,35817
10441,8,21101,35221,16731,18110,37500
10442,0,5393,15893,15893,15487,35385
10443,0,22308,39096,39096,38617,11101
10444,0,24972,35674,35674,35182,12499
10445,0,23825,38950,38950,16598,39285
10446,0,8838,19338,19338,15510,18332
10447,0,3890,14390,14390,16449,11536
10448,0,3556,14056,14056,18187,37399
10449,0,21410,35988,35988,37034,35987
10450,0,1528,12028,12028,17494,15819
10451,4,1267,11767,16616,18685,35226
10452,286,7734,18234,12105,39268,11371
10453,0,1899,12399,12399,12761,11602
10454,0,4658,15158,15158,39321,39049
10455,0,3005,13505,13505,19217,18026
10456,3,2734,13234,13719,12390,11426
10457,0,189,10689,10689,18713,14704
10458,0,9998,20498,20498,19611,35683
10459,0,9167,19667,19667,11629,14155
10460,0,2747,13247,13247,11181,13546
10461,0,2047,12547,12547,36850,35617
10462,0,7849,18349,18349,38810,16994
10463,0,2558,13058,13058,37927,12328
10464,0,9274,19774,19774,36111,14665
10465,0,8666,19166,19166,36147,14060
10466,0,21158,35690,35690,15044,12927
10467,1,25015,37629,36298,37629,15905
10468,0,6396,16896,16896,10593,19631
10469,0,24357,36903,36903,13179,38114
10470,0,3385,13885,13885,16562,37041
10471,0,4555,15055,15055,12864,39552
10472,1,1184,11684,15915,11684,38780
10473,0,6420,16920,16920,20939,12363
10474,0,5051,15551,15551,18628,12661
10475,0,5311,15811,15811,38350,17307
10476,0,2433,12933,12933,12835,15813
10477,0,6949,17449,17449,10506,35296
10478,0,25353,38397,38397,17424,18718
10479,0,22312,35177,35177,35149,17122
10480,0,769,11269,11269,15335,15241
10481,0,1685,12185,12185,37995,18435
10482,1,8322,18822,37487,18822,37100
10483,0,24161,35705,35705,11905,35706
10484,0,24679,35957,35957,17144,10805
10485,0,22662,36230,36230,11206,35168
10486,0,22526,39017,39017,18982,39528
10487,0,5578,16078,16078,12839,17741
10488,0,4426,14926,14926,15767,16016
10489,0,25401,38120,38120,38141,39005
10490,0,466,10966,10966,37598,35533
10491,0,6265,16765,16765,37691,35247
10492,0,5734,16234,16234,14588,11572
10493,0,25082,35878,35878,13125,15562
10494,0,22796,36558,36558,37478,12726
10495,1,5191,15691,37150,15691,16543
10496,0,22192,38012,38012,14644,17337
10497,0,5390,15890,15890,18045,17052
10498,0,860,11360,11360,10653,16265
10499,0,7270,17770,17770,18255,15015
