idx,rank,query_id,gt_id,ret1,ret2,ret3
0,0,23685,36451,36451,11890,37379
1,0,5899,16399,16399,17529,38523
2,0,9513,20013,20013,35792,12538
3,0,1572,12072,12072,20855,37122
4,0,25401,37649,37649,15684,14943
5,2,879,11379,19303,18828,11379
6,0,1578,12078,12078,11978,18997
7,0,6472,16972,16972,14406,11279
8,0,1509,12009,12009,37987,37312
9,0,1896,12396,12396,15577,35827
10,0,8963,19463,19463,38298,36368
11,0,4112,14612,14612,19348,11790
12,0,10140,20640,20640,17503,18813
13,0,1845,12345,12345,19716,13431
14,0,21196,38596,38596,18354,14119
15,0,9751,20251,20251,35993,14091
16,0,9282,19782,19782,36522,10687
17,0,7565,18065,18065,11284,37537
18,2,5194,15694,38255,39248,15694
19,0,5418,15918,15918,36453,12290
20,0,25107,38550,38550,15997,38521
21,0,25279,37787,37787,19015,13170
22,0,7413,17913,17913,19528,39003
23,1,21284,38769,16307,38769,35504
24,0,5405,15905,15905,36859,18360
25,0,8310,18810,18810,39062,36222
26,0,3614,14114,14114,13003,11516
27,0,2108,12608,12608,19666,16096
28,0,24063,37091,37091,13030,12791
29,0,8248,18748,18748,11712,16104
30,0,24578,39601,39601,20750,15781
31,0,24862,36030,36030,37658,19653
32,0,23841,38780,38780,11089,19255
33,0,7759,18259,18259,35807,14266
34,0,22210,37349,37349,11117,15511
35,0,5653,16153,16153,16046,16644
36,0,21610,37864,37864,15826,19569
37,0,8431,18931,18931,17485,39093
38,0,6827,17327,17327,20796,10742
39,6,23424,39398,38755,16549,20165
40,0,4325,14825,14825,10581,35264
41,2,3219,13719,15870,15954,13719
42,66,9642,20142,38685,19682,20428
43,0,6345,16845,16845,15654,15248
44,0,6884,17384,17384,11938,17285
45,0,1193,11693,11693,17061,36644
46,2,45,10545,20832,20762,10545
47,0,22374,38608,38608,15022,37050
48,0,976,11476,11476,10636,37731
49,0,21575,36544,36544,38037,18983
50,0,2963,13463,13463,36362,35466
51,0,1584,12084,12084,38456,19221
52,0,9459,19959,19959,13245,20316
53,0,4515,15015,15015,20083,37545
54,0,24783,37453,37453,18047,11374
55,0,23072,35692,35692,15901,37744
56,0,1975,12475,12475,35291,14732
57,6,3912,14412,15000,35392,13801
58,0,9811,20311,20311,15223,36502
59,3,6717,17217,15222,15210,18679
60,0,4411,14911,14911,17428,38704
61,0,23034,37517,37517,17618,35270
62,0,8994,19494,19494,15075,12968
63,0,22817,37309,37309,39244,10919
64,0,23188,35604,35604,13700,17627
65,0,22632,36329,36329,16620,17777
66,0,23057,36534,36534,14060,20639
67,0,2840,13340,13340,17215,20491
68,0,7908,18408,18408,16319,36236
69,0,8084,18584,18584,10768,13738
70,0,7976,18476,18476,36181,18277
71,0,6211,16711,16711,14084,17177
72,0,24996,37110,37110,36339,11239
73,0,21346,36577,36577,10919,35822
74,1,9620,20120,16325,20120,14550
75,0,24274,37104,37104,14149,38423
76,0,24685,35621,35621,39585,19014
77,0,7907,18407,18407,35745,18905
78,0,10132,20632,20632,35192,18048
79,1,37,10537,39100,10537,19248
80,0,576,11076,11076,18468,35166
81,0,4822,15322,15322,14187,18143
82,0,3988,14488,14488,36714,16839
83,0,713,11213,11213,36877,11681
84,0,21334,39063,39063,19026,16756
85,0,23116,39592,39592,10739,38791
86,0,8251,18751,18751,38367,35599
87,12,2335,12835,38073,35595,12318
88,0,4745,15245,15245,38158,11579
89,0,4420,14920,14920,37530,20452
90,1,21789,38838,14999,38838,13327
91,0,24287,39080,39080,38916,19879
92,0,881,11381,11381,13895,38802
93,0,567,11067,11067,20790,17034
94,0,24851,38898,38898,11283,35487
95,0,4983,15483,15483,18473,17735
96,0,2245,12745,12745,20301,37594
97,0,5270,15770,15770,11102,11180
98,1,4165,14665,13773,14665,36060
99,0,8156,18656,18656,12091,37875
100,0,7820,18320,18320,37577,37887
101,0,10071,20571,20571,10678,10778
102,0,8655,19155,19155,10779,16474
103,0,239,10739,10739,38791,39592
104,0,23355,37434,37434,16970,15341
105,0,6454,16954,16954,18633,12057
106,2,6662,17162,38453,39287,17162
107,0,1597,12097,12097,17373,20137
108,13,9664,20164,36967,19012,14238
109,23,22012,36176,20782,19929,16665
110,32,1901,12401,10814,16484,13796
111,0,1180,11680,11680,10766,13368
112,0,23703,37796,37796,13588,38261
113,1,21521,37858,14242,37858,18075
114,0,8573,19073,19073,15458,18845
115,0,3006,13506,13506,20149,37481
116,2,9453,19953,15701,36254,19953
117,2,2781,13281,20833,37094,13281
118,0,9558,20058,20058,19720,36509
119,1,6110,16610,38411,16610,39565
120,0,5733,16233,16233,12120,37505
121,0,9185,19685,19685,37980,20665
122,1,21496,37038,38749,37038,13920
123,0,8846,19346,19346,36447,20046
124,0,2829,13329,13329,11270,10825
125,0,21032,35389,35389,18399,20883
126,0,9350,19850,19850,14091,18568
127,0,5277,15777,15777,13663,10659
128,0,8254,18754,18754,10758,14318
129,0,4219,14719,14719,10883,17579
130,0,21581,36096,36096,38169,37584
131,0,22601,37501,37501,12101,13461
132,0,21457,38447,38447,14309,35671
133,0,5431,15931,15931,15924,15388
134,0,3413,13913,13913,36461,13077
135,0,23850,36359,36359,16055,17419
136,0,906,11406,11406,13868,10856
137,3,7760,18260,18360,16665,19764
138,1,3693,14193,12620,14193,39229
139,0,25491,38579,38579,10682,35379
140,0,3118,13618,13618,38235,11800
141,0,22568,37159,37159,39053,38950
142,0,21584,35219,35219,20226,18646
143,0,25249,37990,37990,10941,19967
144,0,8621,19121,19121,16861,36766
145,0,23959,36056,36056,20757,36017
146,0,7706,18206,18206,13892,18620
147,0,7017,17517,17517,37836,37452
148,1,9305,19805,17280,19805,38566
149,1,295,10795,36455,10795,18261
150,0,24033,38523,38523,17012,12271
151,1,1785,12285,13667,12285,11473
152,0,4382,14882,14882,36917,12087
153,0,6507,17007,17007,13953,14636
154,0,22909,35159,35159,14242,37858
155,0,1284,11784,11784,38711,13324
156,1,7784,18284,36191,18284,13510
157,0,24230,35853,35853,11083,36082
158,0,25145,37326,37326,18759,18187
159,0,4454,14954,14954,15444,19799
160,0,22088,39172,39172,38242,19254
161,0,549,11049,11049,36104,36253
162,0,5340,15840,15840,11685,38835
163,0,23120,37197,37197,36802,11002
164,0,3574,14074,14074,10800,16800
165,0,24586,37189,37189,16149,14336
166,0,4352,14852,14852,39015,35995
167,0,6831,17331,17331,17893,19151
168,2,2648,13148,36099,14011,13148
169,0,2586,13086,13086,19271,36650
170,0,5862,16362,16362,20979,38815
171,0,3160,13660,13660,38378,12288
172,1,7152,17652,12485,17652,11079
173,2,3182,13682,36404,37939,13682
174,0,3480,13980,13980,13581,15424
175,0,2377,12877,12877,14580,35876
176,1,23080,35762,36998,35762,13873
177,0,22938,36707,36707,17509,10632
178,0,23950,38844,38844,20353,36520
179,0,8205,18705,18705,39363,39134
180,3,7698,18198,13497,19624,13241
181,0,10009,20509,20509,39535,38548
182,0,23359,37050,37050,15022,38608
183,0,5688,16188,16188,37594,15825
184,0,24223,39130,39130,36556,12975
185,0,21876,38250,38250,11552,12327
186,1,24463,35767,17539,35767,13416
187,0,8480,18980,18980,14411,18558
188,15,23084,38149,38504,15591,18369
189,0,8159,18659,18659,20581,10707
190,0,10117,20617,20617,16177,14385
191,0,8025,18525,18525,39149,13386
192,0,24010,37693,37693,14176,11745
193,0,25292,38469,38469,19418,16611
194,0,23455,36866,36866,39430,36867
195,0,1613,12113,12113,12635,11765
196,20,9997,20497,12740,14492,35670
197,0,8153,18653,18653,16803,18902
198,0,7936,18436,18436,18605,36211
199,0,8447,18947,18947,17664,10806
200,0,2015,12515,12515,18188,18046
201,0,9505,20005,20005,10692,11871
202,0,23524,39364,39364,38137,38656
203,0,7844,18344,18344,15466,17737
204,0,6442,16942,16942,11760,12495
205,1,2981,13481,38359,13481,11044
206,0,7606,18106,18106,19413,38321
207,0,24997,35451,35451,19084,20641
208,0,24135,37751,37751,38858,37159
209,0,243,10743,10743,20445,17227
210,0,5032,15532,15532,19745,38227
211,0,106,10606,10606,13791,38358
212,0,8709,19209,19209,13846,15917
213,1,6734,17234,37807,17234,35401
214,0,23002,37911,37911,19432,37873
215,0,21444,38412,38412,14953,12480
216,0,22194,37956,37956,18983,39423
217,0,9211,19711,19711,38254,18643
218,0,24911,37341,37341,17016,37492
219,0,9881,20381,20381,13013,19252
220,0,4605,15105,15105,17920,20528
221,0,8424,18924,18924,16253,19003
222,0,23910,36161,36161,11863,10994
223,0,5286,15786,15786,13619,14332
224,0,3960,14460,14460,35360,13470
225,81,3873,14373,17346,11576,16648
226,3,7854,18354,14293,19908,39379
227,0,24800,38258,38258,18298,14723
228,0,23906,37410,37410,38251,15260
229,0,8246,18746,18746,16235,39418
230,0,8852,19352,19352,18043,13772
231,0,25053,38256,38256,36615,13310
232,3,23130,35931,35387,37931,19828
233,0,7512,18012,18012,13081,17066
234,0,21966,38405,38405,13610,14080
235,0,29,10529,10529,37907,20514
236,0,2801,13301,13301,36729,19119
237,0,6875,17375,17375,16787,16553
238,0,8116,18616,18616,11925,17658
239,2,2922,13422,39179,12728,13422
240,0,4664,15164,15164,35964,35898
241,0,22963,37507,37507,14570,15815
242,0,8040,18540,18540,36395,15499
243,0,22208,38955,38955,15380,11036
244,0,1245,11745,11745,37508,35611
245,0,7136,17636,17636,39311,11405
246,0,4053,14553,14553,39025,35346
247,0,21722,37637,37637,15822,18118
248,1,4412,14912,35468,14912,39293
249,0,108,10608,10608,36886,20644
250,0,23047,36609,36609,16817,13690
251,0,6301,16801,16801,12822,20837
252,0,9276,19776,19776,39417,15738
253,0,23998,35886,35886,11949,38442
254,0,23191,35432,35432,19091,15469
255,0,23256,38207,38207,18606,38666
256,0,8673,19173,19173,16911,38010
257,1,4394,14894,38214,14894,10749
258,0,25337,37609,37609,14835,38014
259,0,23558,37350,37350,19768,13613
260,0,22455,36439,36439,18180,19992
261,0,10063,20563,20563,12678,17348
262,0,4348,14848,14848,16401,20376
263,0,21811,35872,35872,19204,17088
264,0,21810,38862,38862,18514,36943
265,0,7476,17976,17976,36846,13770
266,0,7254,17754,17754,14983,38188
267,0,7840,18340,18340,20124,20660
268,0,5001,15501,15501,14131,14631
269,0,5610,16110,16110,16941,14153
270,0,6367,16867,16867,37460,20715
271,1,973,11473,17394,11473,13667
272,0,4999,15499,15499,20087,19088
273,0,4299,14799,14799,11738,20061
274,0,5019,15519,15519,13363,19616
275,0,3653,14153,14153,20709,15156
276,0,24604,36880,36880,35498,35894
277,0,10242,20742,20742,37632,38043
278,0,3088,13588,13588,38087,13275
279,0,5456,15956,15956,12653,16693
280,0,5662,16162,16162,15722,18592
281,0,8701,19201,19201,16382,20044
282,0,5805,16305,16305,37848,39311
283,0,24535,38735,38735,14637,11816
284,0,10,10510,10510,19830,19323
285,0,2647,13147,13147,16800,14074
286,0,23871,36437,36437,10708,14996
287,0,1426,11926,11926,14140,35219
288,0,25387,36753,36753,39375,15553
289,0,3265,13765,13765,18635,19943
290,1,22560,36416,17744,36416,19641
291,0,22445,36594,36594,35752,18660
292,0,22453,37610,37610,11374,18807
293,0,21820,37891,37891,14348,12590
294,0,1215,11715,11715,38726,13574
295,0,23128,36394,36394,35963,36568
296,0,21513,38544,38544,38735,11816
297,0,22018,38239,38239,15088,13451
298,8,9490,19990,11769,18194,35816
299,0,6702,17202,17202,20170,36596
300,0,323,10823,10823,38630,14427
301,0,1344,11844,11844,17226,19970
302,0,4457,14957,14957,16900,11234
303,0,23902,36557,36557,35741,10841
304,0,909,11409,11409,15736,19146
305,0,10141,20641,20641,19084,20576
306,0,3399,13899,13899,35558,12234
307,0,496,10996,10996,10771,19826
308,0,9349,19849,19849,12407,17346
309,0,24532,37662,37662,19203,14714
310,0,10285,20785,20785,38230,16203
311,1,5312,15812,37439,15812,35746
312,0,21690,37458,37458,15793,37277
313,0,3470,13970,13970,37849,39649
314,0,22072,38709,38709,15003,15072
315,0,6848,17348,17348,20563,12678
316,0,4365,14865,14865,12737,13536
317,4,10356,20856,11596,14415,39303
318,0,1195,11695,11695,12279,17480
319,0,23862,36736,36736,37366,15495
320,0,1423,11923,11923,12343,37351
321,0,5477,15977,15977,39637,14423
322,7,256,10756,12565,36033,14424
323,0,21936,37287,37287,10865,35587
324,0,22826,37934,37934,18838,36157
325,0,288,10788,10788,36123,10636
326,0,8412,18912,18912,13877,36861
327,0,23754,39123,39123,19397,35589
328,0,8919,19419,19419,17020,17928
329,0,10089,20589,20589,15178,15127
330,0,24516,37598,37598,36247,17000
331,0,4484,14984,14984,11207,35836
332,0,21384,38945,38945,37939,36404
333,0,7515,18015,18015,36162,18145
334,1,7070,17570,14138,17570,18378
335,1,1232,11732,19498,11732,13267
336,0,9366,19866,19866,36448,18306
337,0,5553,16053,16053,39500,14390
338,0,2675,13175,13175,13709,18118
339,0,1112,11612,11612,17815,10854
340,0,4919,15419,15419,16502,19233
341,0,21095,37145,37145,11739,20167
342,0,267,10767,10767,35738,15430
343,0,22407,35393,35393,19150,10643
344,0,6497,16997,16997,20218,20214
345,0,5318,15818,15818,19060,14884
346,0,21687,36818,36818,39548,11716
347,0,7672,18172,18172,19139,37608
348,0,3048,13548,13548,13011,19725
349,0,6167,16667,16667,39653,18541
350,1,8117,18617,15018,18617,37449
351,0,1379,11879,11879,14110,35227
352,0,22606,36479,36479,16238,15444
353,0,25229,36174,36174,11596,20856
354,0,9606,20106,20106,16147,10726
355,0,4759,15259,15259,19586,13716
356,0,9574,20074,20074,15611,10952
357,0,5502,16002,16002,12652,13629
358,0,25453,38574,38574,15235,14667
359,0,3790,14290,14290,20828,19484
360,0,620,11120,11120,12153,16130
361,1,652,11152,37958,11152,20919
362,1,5723,16223,10963,16223,15687
363,0,21288,37428,37428,19569,12648
364,0,3473,13973,13973,13584,15416
365,0,25045,36990,36990,17381,11907
366,2,5028,15528,19900,38789,15528
367,1,6836,17336,14141,17336,11424
368,0,6271,16771,16771,11729,20360
369,3,23149,36404,35409,37939,13682
370,2,2516,13016,16205,17782,13016
371,0,24393,36673,36673,12333,37327
372,0,23015,36135,36135,36982,17892
373,1,7076,17576,10858,17576,11257
374,0,22339,37957,37957,18457,13597
375,1,8223,18723,16357,18723,11279
376,0,25081,35445,35445,38750,19749
377,0,24113,39223,39223,14835,17416
378,0,3603,14103,14103,16517,39599
379,0,23479,36397,36397,16951,17527
380,0,21223,38907,38907,38069,38711
381,0,5458,15958,15958,20547,37198
382,0,25458,36630,36630,13354,17271
383,0,1506,12006,12006,35907,16284
384,0,8336,18836,18836,16824,19611
385,0,24704,37650,37650,13002,18496
386,0,23731,39378,39378,16849,19828
387,0,24576,35580,35580,19936,20896
388,0,25446,37030,37030,17222,16168
389,0,23087,38812,38812,36175,20546
390,0,23410,39282,39282,20552,20352
391,0,4890,15390,15390,15709,14850
392,0,730,11230,11230,16115,18190
393,0,7021,17521,17521,17927,13827
394,0,24823,38145,38145,14490,35759
395,0,8470,18970,18970,14296,14214
396,0,8534,19034,19034,15984,35910
397,0,1745,12245,12245,15154,15873
398,1,3853,14353,36771,14353,12846
399,0,23447,37063,37063,37064,37435
400,0,24362,39291,39291,16892,37935
401,6,2709,13209,16765,16020,19480
402,0,9761,20261,20261,37755,20114
403,0,3388,13888,13888,36828,16793
404,0,24132,39341,39341,20613,17821
405,0,23782,36761,36761,38352,20309
406,0,21772,39374,39374,36301,36757
407,0,5640,16140,16140,13883,16495
408,1,8314,18814,38953,18814,11420
409,0,3126,13626,13626,12394,12054
410,3,1156,11656,19634,37279,19656
411,1,9825,20325,13221,20325,18819
412,0,32,10532,10532,14230,17706
413,0,10122,20622,20622,11190,19625
414,0,22807,36284,36284,35895,35555
415,0,1336,11836,11836,12089,18733
416,0,21653,38188,38188,17754,20511
417,0,21225,35453,35453,11314,35452
418,0,24222,37496,37496,13670,10686
419,0,8824,19324,19324,10704,16021
420,0,1610,12110,12110,13041,12893
421,0,939,11439,11439,10513,36408
422,0,5381,15881,15881,18722,13861
423,0,4023,14523,14523,13890,38283
424,0,6243,16743,16743,14126,35535
425,0,23127,37873,37873,35924,15973
426,0,21967,35686,35686,38858,20596
427,0,745,11245,11245,38296,20215
428,0,4083,14583,14583,18033,17597
429,0,9640,20140,20140,10886,39029
430,0,2877,13377,13377,15016,20303
431,0,4963,15463,15463,17189,37100
432,0,4701,15201,15201,19597,35573
433,0,1741,12241,12241,20307,16302
434,0,9271,19771,19771,18755,38189
435,2,2651,13151,35997,17711,13151
436,3,5665,16165,12067,37062,14502
437,0,3002,13502,13502,18063,19916
438,1,1821,12321,20363,12321,14758
439,0,24423,38037,38037,36544,12275
440,2,1330,11830,16912,12623,11830
441,1,21329,39537,20091,39537,20952
442,0,957,11457,11457,14261,36901
443,0,2110,12610,12610,16690,12756
444,0,5399,15899,15899,14090,14222
445,0,4691,15191,15191,37555,10600
446,0,1660,12160,12160,38560,39400
447,0,23817,38456,38456,12084,39446
448,0,5106,15606,15606,19991,39083
449,0,23296,38007,38007,39229,10801
450,0,655,11155,11155,37672,15315
451,1,21707,36698,12382,36698,36192
452,0,23463,39498,39498,14068,17826
453,0,22927,38639,38639,17128,36708
454,0,7974,18474,18474,11135,11334
455,0,8612,19112,19112,17452,12276
456,0,6883,17383,17383,35608,20411
457,0,2199,12699,12699,39226,20468
458,0,2960,13460,13460,36801,37227
459,0,4640,15140,15140,17970,16172
460,0,9164,19664,19664,12646,12388
461,1,24743,37694,36291,37694,15510
462,0,21960,36077,36077,38155,12858
463,0,5868,16368,16368,14633,38195
464,0,23802,36203,36203,10832,11977
465,1,1405,11905,16375,11905,14345
466,0,24256,35357,35357,36855,37210
467,0,2625,13125,13125,14373,12174
468,0,9132,19632,19632,17283,19264
469,0,5206,15706,15706,11730,13767
470,0,6084,16584,16584,12780,37256
471,0,4972,15472,15472,10903,38467
472,0,3148,13648,13648,35782,35817
473,0,8944,19444,19444,15181,16540
474,0,2873,13373,13373,36793,36988
475,0,3916,14416,14416,35302,36798
476,0,5267,15767,15767,19735,15780
477,0,6400,16900,16900,19184,17328
478,0,6561,17061,17061,11693,11081
479,0,8021,18521,18521,12511,37891
480,0,76,10576,10576,15311,10656
481,0,21828,36022,36022,12014,37416
482,0,9015,19515,19515,35915,37315
483,0,21672,38587,38587,16232,17847
484,0,4947,15447,15447,20683,18634
485,0,7822,18322,18322,38968,14978
486,0,2260,12760,12760,12175,16905
487,0,1775,12275,12275,39347,35825
488,0,5117,15617,15617,16522,37373
489,0,7248,17748,17748,11700,10740
490,0,93,10593,10593,16978,37570
491,0,24325,37929,37929,13664,38271
492,1,4007,14507,37335,14507,39622
493,0,7407,17907,17907,15183,17264
494,0,24648,35558,35558,13899,19825
495,0,6529,17029,17029,38805,15567
496,0,4810,15310,15310,15166,17987
497,1,3181,13681,35477,13681,37474
498,0,23656,39044,39044,38382,39612
499,33,1076,11576,14373,13125,13263
500,0,2338,12838,12838,10892,20050
501,0,5799,16299,16299,14811,35842
502,1,1885,12385,20527,12385,38136
503,0,5912,16412,16412,39494,14918
504,0,9875,20375,20375,36888,37887
505,5,4323,14823,19176,14456,38394
506,0,4949,15449,15449,19271,13258
507,0,5859,16359,16359,36986,16769
508,1,10000,20500,16121,20500,14695
509,0,6903,17403,17403,38556,15898
510,0,2759,13259,13259,12413,38500
511,3,22082,39588,37261,37347,38718
512,0,7885,18385,18385,11485,11257
513,0,4030,14530,14530,36844,11125
514,88,3352,13852,17827,11602,36714
515,0,1437,11937,11937,12604,10520
516,0,1233,11733,11733,11300,19631
517,1,8351,18851,37310,18851,16094
518,0,4281,14781,14781,15338,37660
519,0,5066,15566,15566,17929,37160
520,0,6728,17228,17228,13087,19826
521,1,3102,13602,11378,13602,18252
522,0,2465,12965,12965,11537,12350
523,1,7768,18268,20815,18268,11455
524,0,6929,17429,17429,12630,17712
525,0,449,10949,10949,36891,39041
526,0,5239,15739,15739,19558,37682
527,0,21117,37592,37592,37134,17444
528,0,3621,14121,14121,19287,18550
529,0,2317,12817,12817,16958,19971
530,0,6071,16571,16571,13876,15654
531,0,2185,12685,12685,12417,14708
532,0,4477,14977,14977,17950,19301
533,0,1890,12390,12390,35607,12526
534,0,1155,11655,11655,19036,38866
535,0,6061,16561,16561,39646,37358
536,0,7953,18453,18453,16501,12156
537,0,23614,38183,38183,14542,20997
538,0,1728,12228,12228,35177,13509
539,0,5151,15651,15651,19914,13144
540,0,24639,37896,37896,37574,18844
541,0,7685,18185,18185,18018,37557
542,0,22037,35511,35511,16897,37783
543,0,22797,35893,35893,35865,12107
544,0,10481,20981,20981,19475,18973
545,3,4392,14892,18166,13117,16731
546,0,8495,18995,18995,15399,10703
547,0,2503,13003,13003,14114,38845
548,0,9498,19998,19998,16073,19375
549,0,2463,12963,12963,15456,15166
550,0,5715,16215,16215,13927,37148
551,0,2846,13346,13346,17277,13555
552,0,9535,20035,20035,38414,15851
553,0,21502,37124,37124,11915,14677
554,0,1612,12112,12112,36519,19624
555,2,6234,16734,13993,20616,16734
556,0,2191,12691,12691,12544,36903
557,0,1729,12229,12229,36116,38134
558,0,24539,38494,38494,13585,39201
559,0,23177,36206,36206,13293,11405
560,0,10427,20927,20927,18941,15137
561,0,8176,18676,18676,20549,17439
562,0,9623,20123,20123,16836,37358
563,0,23511,37257,37257,18106,38321
564,0,22878,39332,39332,38829,12202
565,0,21274,37927,37927,12420,11070
566,1,25091,38580,14927,38580,38846
567,0,4047,14547,14547,38370,18205
568,0,5687,16187,16187,12050,18179
569,0,8296,18796,18796,11965,17920
570,1,7676,18176,19692,18176,16914
571,0,21846,35613,35613,38962,13757
572,0,4240,14740,14740,36323,17066
573,1,6670,17170,18586,17170,18415
574,1,7306,17806,37642,17806,38196
575,0,2755,13255,13255,39200,10864
576,6,2492,12992,37991,10777,37650
577,1,3139,13639,16419,13639,14144
578,0,8544,19044,19044,12174,13263
579,0,24585,37887,37887,13362,39346
580,0,24888,37848,37848,16305,19095
581,0,3272,13772,13772,18043,19352
582,0,24979,37423,37423,36681,11103
583,0,8408,18908,18908,14449,20747
584,0,2889,13389,13389,13231,35769
585,0,24085,35824,35824,37560,11743
586,0,788,11288,11288,18215,36289
587,0,24795,37614,37614,10724,15073
588,4,9818,20318,16165,15658,14502
589,1,7841,18341,12572,18341,15290
590,0,7301,17801,17801,19723,13960
591,0,7466,17966,17966,36841,14927
592,0,5678,16178,16178,35891,17850
593,0,9517,20017,20017,20501,38077
594,0,3377,13877,13877,36861,19626
595,0,4527,15027,15027,20422,39328
596,0,23813,37676,37676,19540,38142
597,0,1780,12280,12280,35286,13367
598,1,6756,17256,13752,17256,36816
599,0,2959,13459,13459,37518,20421
600,0,22393,39606,39606,15610,16515
601,0,24083,35600,35600,15187,17522
602,6,349,10849,10617,36814,37288
603,0,25001,38513,38513,12288,18497
604,2,5843,16343,18942,18846,16343
605,0,3349,13849,13849,16304,39276
606,0,42,10542,10542,38857,16788
607,0,801,11301,11301,12406,14024
608,0,3529,14029,14029,19931,12755
609,0,24189,36385,36385,18801,16796
610,11,981,11481,20145,13490,17119
611,0,3458,13958,13958,37270,14864
612,0,6451,16951,16951,12234,17137
613,0,24358,39417,39417,18487,15738
614,0,7590,18090,18090,39133,14315
615,0,8009,18509,18509,18634,36811
616,0,6714,17214,17214,36229,20345
617,0,8507,19007,19007,14035,20385
618,0,23269,35573,35573,37339,19597
619,0,8366,18866,18866,19289,15670
620,0,24950,36339,36339,37110,37080
621,0,2756,13256,13256,15933,37410
622,0,7188,17688,17688,37688,17496
623,5,916,11416,18812,16891,16549
624,1,4617,15117,18269,15117,36236
625,0,1616,12116,12116,36672,35504
626,0,22503,35256,35256,17312,35255
627,1,22644,37983,12236,37983,36246
628,0,2146,12646,12646,19664,12388
629,0,7191,17691,17691,17156,37795
630,0,1833,12333,12333,13208,36673
631,0,5964,16464,16464,12149,13509
632,2,22941,39038,16093,12027,39038
633,0,5508,16008,16008,18728,12592
634,0,7405,17905,17905,36489,18210
635,0,4714,15214,15214,15082,35831
636,0,5714,16214,16214,13035,10886
637,0,9699,20199,20199,20539,18327
638,389,24243,35428,36488,11830,17981
639,0,782,11282,11282,35372,14036
640,0,6173,16673,16673,15353,39157
641,0,7523,18023,18023,38060,19580
642,0,5396,15896,15896,36729,39586
643,0,24348,39217,39217,20944,14554
644,0,22472,37173,37173,11037,16531
645,0,9035,19535,19535,35462,13021
646,0,4838,15338,15338,14781,15024
647,0,2401,12901,12901,17093,19144
648,0,7663,18163,18163,18364,13279
649,0,4205,14705,14705,15788,15136
650,0,4641,15141,15141,16769,14428
651,0,2152,12652,12652,35693,16002
652,0,5550,16050,16050,18853,14926
653,0,2947,13447,13447,38236,16828
654,3,9564,20064,19691,18056,15180
655,0,8028,18528,18528,11558,38926
656,0,3878,14378,14378,38690,17365
657,0,5936,16436,16436,13174,17767
658,1,7207,17707,39010,17707,19965
659,0,5364,15864,15864,35969,36200
660,0,21737,35520,35520,19091,14764
661,0,7255,17755,17755,13657,19362
662,0,25096,39255,39255,10739,18346
663,0,8063,18563,18563,14470,15738
664,0,3023,13523,13523,36752,18443
665,14,23033,35502,15531,20352,17973
666,6,3541,14041,18405,12719,39245
667,0,3279,13779,13779,15769,36083
668,0,8423,18923,18923,13208,35846
669,52,6740,17240,10691,14586,36264
670,0,24727,38936,38936,19280,15477
671,0,8753,19253,19253,35722,18638
672,0,25327,35465,35465,38575,35464
673,0,2804,13304,13304,14555,38253
674,2,2211,12711,37427,35435,12711
675,0,21875,37196,37196,20826,10726
676,0,8237,18737,18737,39350,18391
677,2,23542,35635,11048,37566,35635
678,0,3133,13633,13633,10511,38977
679,0,7132,17632,17632,11145,10764
680,0,8842,19342,19342,17266,38919
681,0,7781,18281,18281,14923,37736
682,0,4320,14820,14820,36228,20133
683,0,6853,17353,17353,11354,14972
684,0,2107,12607,12607,39218,16358
685,0,5128,15628,15628,19653,14065
686,0,9648,20148,20148,36521,20404
687,0,21411,35974,35974,19341,11814
688,1,3973,14473,37115,14473,39169
689,0,21888,35517,35517,19587,11005
690,0,3034,13534,13534,35432,13050
691,5,21205,35468,15808,12149,18118
692,0,9734,20234,20234,13290,36585
693,0,4663,15163,15163,36645,35681
694,0,8394,18894,18894,17567,17447
695,0,3286,13786,13786,12024,36845
696,0,2367,12867,12867,13508,17962
697,0,9698,20198,20198,19603,13734
698,0,24215,36177,36177,38633,18755
699,0,440,10940,10940,38997,19165
700,24,22554,37288,16073,19998,16738
701,0,24922,36708,36708,36973,17945
702,0,7887,18387,18387,11695,20837
703,0,4692,15192,15192,18483,13171
704,0,23937,38077,38077,13426,20501
705,0,9315,19815,19815,38010,16911
706,0,9845,20345,20345,17214,36229
707,0,1224,11724,11724,18150,39304
708,0,8541,19041,19041,18441,19667
709,0,2592,13092,13092,12046,16593
710,0,3247,13747,13747,15065,37442
711,1,2812,13312,20905,13312,17757
712,0,23288,39344,39344,15098,37273
713,0,6857,17357,17357,35181,10702
714,0,8233,18733,18733,13092,12046
715,0,2691,13191,13191,37992,14054
716,7,4132,14632,11037,16531,37173
717,7,6745,17245,16905,19888,35948
718,0,6779,17279,17279,38970,16713
719,0,2249,12749,12749,37093,36655
720,1,2552,13052,35707,13052,14222
721,0,8674,19174,19174,37603,19532
722,0,25162,35202,35202,10702,37329
723,0,10067,20567,20567,38666,20721
724,0,7342,17842,17842,16635,36331
725,0,3649,14149,14149,19843,38423
726,0,380,10880,10880,12869,18258
727,0,22095,36018,36018,35222,36913
728,0,5749,16249,16249,15883,14181
729,0,7210,17710,17710,35554,16902
730,0,24763,39069,39069,37688,12605
731,0,8015,18515,18515,38801,12474
732,0,1360,11860,11860,36436,35517
733,1,3196,13696,37183,13696,17255
734,0,2037,12537,12537,36427,11431
735,0,486,10986,10986,16368,16374
736,4,9935,20435,13270,19027,18469
737,0,24879,36670,36670,19925,37067
738,0,783,11283,11283,20178,38898
739,0,8126,18626,18626,13776,14340
740,0,7034,17534,17534,20366,11267
741,0,10100,20600,20600,19115,12498
742,0,23352,39451,39451,16148,18367
743,0,3238,13738,13738,10768,18584
744,0,6369,16869,16869,38890,36721
745,0,9755,20255,20255,14958,12800
746,0,25462,36007,36007,16598,38561
747,0,10252,20752,20752,19742,39428
748,0,22752,39615,39615,18482,35161
749,0,8355,18855,18855,17399,10758
750,0,6590,17090,17090,13544,11731
751,0,8198,18698,18698,13314,16953
752,1,22693,37964,36649,37964,39188
753,0,1915,12415,12415,17145,12000
754,0,8543,19043,19043,15417,20075
755,0,9718,20218,20218,16997,19467
756,0,7582,18082,18082,16768,12697
757,0,22185,35284,35284,14048,13181
758,0,24469,36659,36659,16193,18617
759,0,3464,13964,13964,13165,19684
760,0,2138,12638,12638,38937,36088
761,0,22501,38181,38181,13932,36223
762,0,24982,36638,36638,38663,12406
763,0,742,11242,11242,35161,12249
764,0,8568,19068,19068,20378,16778
765,0,24308,36183,36183,12725,11374
766,0,9774,20274,20274,19706,37692
767,0,6759,17259,17259,36038,20767
768,2,22471,38722,10998,13832,38722
769,0,21574,38515,38515,13931,38387
770,0,4480,14980,14980,37291,36455
771,0,3442,13942,13942,10605,11960
772,0,22680,36514,36514,12772,39451
773,0,4521,15021,15021,14991,13518
774,0,2847,13347,13347,16031,19672
775,0,21944,38719,38719,37101,18160
776,0,22103,37562,37562,11252,37563
777,1,7018,17518,14866,17518,35970
778,0,9178,19678,19678,17599,12526
779,0,22031,39257,39257,37584,38169
780,0,6865,17365,17365,19212,36466
781,1,6698,17198,37149,17198,39379
782,0,23443,38875,38875,37921,35760
783,0,21985,38137,38137,39364,18792
784,0,6355,16855,16855,15677,18466
785,0,1834,12334,12334,16383,38664
786,0,9684,20184,20184,14241,11293
787,0,8897,19397,19397,35589,11101
788,0,24839,37237,37237,20602,13860
789,0,24700,39517,39517,12429,15507
790,0,5703,16203,16203,20785,38230
791,0,4801,15301,15301,19848,38096
792,0,9303,19803,19803,36348,35170
793,0,23014,35431,35431,16565,14130
794,2,23059,38075,14072,17921,38075
795,0,9436,19936,19936,20896,35580
796,0,3003,13503,13503,13656,12747
797,0,23,10523,10523,39307,35296
798,0,22978,36658,36658,16163,10733
799,0,3524,14024,14024,37875,11301
800,0,21598,35610,35610,12384,18075
801,1,24474,36814,15309,36814,10989
802,0,9629,20129,20129,14011,19409
803,0,1309,11809,11809,39309,35459
804,3,22723,39071,16717,19293,38279
805,0,8395,18895,18895,36963,13745
806,0,3475,13975,13975,36408,14091
807,0,789,11289,11289,37875,17651
808,0,24515,36538,36538,20004,37216
809,0,24446,36560,36560,35997,11498
810,0,7015,17515,17515,20353,15887
811,0,3284,13784,13784,14537,16803
812,0,6463,16963,16963,14968,16569
813,0,2514,13014,13014,14467,36415
814,0,6145,16645,16645,11765,16919
815,0,4385,14885,14885,37111,35609
816,0,25166,35611,35611,16645,20133
817,0,4905,15405,15405,19193,15426
818,3,8732,19232,37020,18457,13597
819,0,25150,37682,37682,15739,19558
820,0,24168,38979,38979,39141,16249
821,0,5446,15946,15946,20923,35500
822,0,9419,19919,19919,19852,36299
823,0,3688,14188,14188,35652,35545
824,1,1395,11895,14798,11895,36344
825,0,22716,39393,39393,39392,14673
826,0,21232,35525,35525,10705,17906
827,0,5006,15506,15506,12494,39530
828,0,5357,15857,15857,35819,15471
829,0,22695,39573,39573,38793,14571
830,0,7864,18364,18364,13279,12698
831,0,5257,15757,15757,15008,38036
832,0,5632,16132,16132,19927,14181
833,0,6805,17305,17305,13330,36797
834,0,9581,20081,20081,35781,19427
835,1,22799,38486,20370,38486,12419
836,0,5434,15934,15934,38986,20416
837,0,7416,17916,17916,19453,11915
838,2,10333,20833,13281,37094,20833
839,0,8128,18628,18628,16053,20970
840,0,24567,37885,37885,15492,12631
841,0,5883,16383,16383,12334,16886
842,0,9487,19987,19987,36290,19762
843,0,3301,13801,13801,19969,17537
844,0,23065,37464,37464,18494,17599
845,0,10284,20784,20784,15816,12313
846,0,22119,35449,35449,36383,20224
847,0,23415,39225,39225,39618,10525
848,1,712,11212,37075,11212,19151
849,0,4279,14779,14779,14066,37394
850,0,21947,39090,39090,15736,11409
851,0,8763,19263,19263,13544,38942
852,0,21237,35970,35970,14866,15627
853,0,10424,20924,20924,20982,12902
854,0,1822,12322,12322,36933,11114
855,0,9411,19911,19911,39387,12919
856,1,6245,16745,18655,16745,37949
857,1,7525,18025,17518,18025,37043
858,3,22245,38700,11459,16967,12533
859,0,21501,38330,38330,19713,17120
860,0,8420,18920,18920,20194,17843
861,0,1977,12477,12477,12783,18019
862,0,22071,36556,36556,39130,12975
863,1,3264,13764,14043,13764,15183
864,0,22050,35838,35838,13826,19348
865,0,4834,15334,15334,14279,16482
866,0,5061,15561,15561,18826,13345
867,0,252,10752,10752,11219,15666
868,0,21643,39002,39002,35595,12056
869,0,2098,12598,12598,20581,18659
870,0,6244,16744,16744,18183,35420
871,0,21248,38139,38139,16165,36012
872,0,3671,14171,14171,13623,19432
873,0,24662,35452,35452,17174,15915
874,0,22596,35286,35286,12280,36683
875,0,7613,18113,18113,20773,13858
876,1,23832,38453,17162,38453,39287
877,0,4416,14916,14916,12580,12605
878,0,22254,38793,38793,39573,14571
879,0,10113,20613,20613,39341,17821
880,3,5857,16357,20160,18057,38693
881,1,8645,19145,14243,19145,12876
882,0,6415,16915,16915,17918,18863
883,2,6914,17414,10809,36281,17414
884,0,25333,36526,36526,36742,18499
885,0,2934,13434,13434,20069,18981
886,0,6017,16517,16517,14103,15359
887,0,8229,18729,18729,18109,37263
888,0,9294,19794,19794,11819,19162
889,0,8360,18860,18860,35503,19702
890,0,6562,17062,17062,13021,38947
891,0,23244,39557,39557,16105,19751
892,0,23730,36788,36788,37613,13936
893,0,8344,18844,18844,14404,37459
894,0,25184,37931,37931,35387,35386
895,0,22424,37597,37597,19463,37594
896,0,7073,17573,17573,37948,12882
897,3,56,10556,38652,16141,37876
898,0,3412,13912,13912,16693,20885
899,0,5584,16084,16084,16968,10740
900,0,2855,13355,13355,35830,38154
901,0,6209,16709,16709,15972,18009
902,0,2986,13486,13486,16528,11141
903,0,9553,20053,20053,37965,35856
904,0,5999,16499,16499,18574,12838
905,1,21353,37092,38551,37092,16976
906,0,22440,37457,37457,38932,10507
907,0,6189,16689,16689,18047,17838
908,0,9943,20443,20443,13135,35896
909,0,8348,18848,18848,13785,14759
910,0,24050,36440,36440,13052,19251
911,0,4722,15222,15222,17217,15210
912,0,8292,18792,18792,16664,38137
913,0,7425,17925,17925,35853,20526
914,0,4472,14972,14972,17353,39178
915,8,8781,19281,19805,35635,19532
916,0,22047,35703,35703,36278,16252
917,5,2188,12688,38804,16540,15181
918,1,6461,16961,35998,16961,37645
919,0,4049,14549,14549,12541,37150
920,0,23462,38228,38228,20189,15427
921,0,22917,37916,37916,38983,19036
922,0,25020,38168,38168,19902,38741
923,2,7391,17891,38995,17685,17891
924,0,3544,14044,14044,36443,35491
925,0,519,11019,11019,11816,38544
926,0,7689,18189,18189,15733,14878
927,0,4508,15008,15008,15757,38036
928,0,22811,36583,36583,17075,12675
929,0,6641,17141,17141,18374,12267
930,0,5263,15763,15763,37056,14461
931,0,8139,18639,18639,13110,37669
932,0,6916,17416,17416,14081,38337
933,0,227,10727,10727,19679,20836
934,0,8741,19241,19241,19921,20465
935,0,24282,36377,36377,19415,37842
936,0,8147,18647,18647,38103,15280
937,0,7621,18121,18121,11494,39274
938,0,8127,18627,18627,13268,37510
939,0,22397,38663,38663,12149,11931
940,1,24812,38649,35815,38649,14196
941,3,10125,20625,39124,17942,14725
942,0,1699,12199,12199,11579,38414
943,2,24670,39565,16610,38411,39565
944,0,22080,37666,37666,12565,38939
945,0,1877,12377,12377,14578,10843
946,0,513,11013,11013,14924,35794
947,0,8046,18546,18546,17412,14590
948,0,9246,19746,19746,35483,14683
949,0,24867,35743,35743,12359,13367
950,0,9612,20112,20112,37628,12100
951,0,6886,17386,17386,13002,36117
952,0,6119,16619,16619,13202,17765
953,0,21351,35167,35167,37018,14843
954,0,22789,38230,38230,20785,16203
955,0,7899,18399,18399,38086,17201
956,0,10310,20810,20810,38815,17562
957,0,25105,38643,38643,16038,38349
958,0,2916,13416,13416,35698,37320
959,0,22529,38705,38705,10660,38590
960,0,480,10980,10980,12573,35618
961,0,24796,35564,35564,17077,35885
962,0,9603,20103,20103,38827,18506
963,0,2577,13077,13077,18046,11139
964,0,5804,16304,16304,17608,13849
965,0,23024,38247,38247,17002,12273
966,0,8364,18864,18864,35734,38924
967,0,5858,16358,16358,11919,12607
968,0,23335,38779,38779,36641,16966
969,0,5272,15772,15772,13223,38721
970,0,9932,20432,20432,13923,37577
971,4,8651,19151,16231,17623,39103
972,0,1596,12096,12096,13509,35698
973,1,21579,37958,13976,37958,11152
974,0,3896,14396,14396,38935,18428
975,0,23333,35212,35212,35213,38377
976,0,1349,11849,11849,17568,15439
977,0,9072,19572,19572,39222,16119
978,0,10092,20592,20592,37130,20614
979,0,3777,14277,14277,18922,12783
980,0,21833,35730,35730,12681,10884
981,0,23264,35984,35984,39414,10622
982,0,23375,39234,39234,15440,36483
983,16,4050,14550,12561,36980,14787
984,0,24638,35168,35168,19339,14811
985,0,23379,36281,36281,10809,13366
986,0,22122,37107,37107,15796,38854
987,0,21230,39426,39426,19710,16841
988,0,2762,13262,13262,38813,39115
989,0,22218,39396,39396,17861,12467
990,0,6387,16887,16887,12839,20788
991,0,3685,14185,14185,18005,35828
992,4,5062,15562,19193,15405,14551
993,0,3602,14102,14102,13862,19439
994,0,22222,36419,36419,36785,18743
995,0,24541,39431,39431,36881,11112
996,1,1446,11946,36106,11946,16853
997,0,9373,19873,19873,35907,11667
998,0,1020,11520,11520,15969,15431
999,18,705,11205,20352,15531,18859
1000,0,6427,16927,16927,20512,13625
1001,0,1866,12366,12366,15783,19350
1002,0,23349,37484,37484,17482,37392
1003,0,7487,17987,17987,37867,18122
1004,0,6939,17439,17439,14094,18676
1005,0,22367,36373,36373,14932,10741
1006,0,2574,13074,13074,38828,35459
1007,0,21620,36754,36754,20254,35420
1008,0,2956,13456,13456,17633,17926
1009,4,8054,18554,14507,37335,20882
1010,0,3742,14242,14242,37858,35159
1011,1,3914,14414,38700,14414,16967
1012,0,9320,19820,19820,17854,18969
1013,0,24198,35565,35565,18788,39317
1014,0,1419,11919,11919,16358,12607
1015,0,1103,11603,11603,19196,17911
1016,0,6699,17199,17199,17998,38408
1017,0,23931,37025,37025,11045,38352
1018,0,7839,18339,18339,38846,11462
1019,0,10358,20858,20858,37922,12265
1020,0,1558,12058,12058,14586,10691
1021,0,6556,17056,17056,37668,19641
1022,0,7091,17591,17591,35958,37558
1023,0,8441,18941,18941,16042,19847
1024,1,21774,37472,37473,37472,15608
1025,0,3523,14023,14023,18306,12329
1026,0,4542,15042,15042,38751,38802
1027,0,34,10534,10534,14873,36822
1028,0,3400,13900,13900,36905,12954
1029,2,24105,39175,36828,13567,39175
1030,0,5605,16105,16105,39557,36090
1031,0,8821,19321,19321,17932,20518
1032,11,21716,39543,14375,17043,10615
1033,0,7233,17733,17733,12601,14890
1034,0,2652,13152,13152,11056,16168
1035,0,5328,15828,15828,36883,17694
1036,0,5905,16405,16405,38810,35708
1037,0,5945,16445,16445,12007,18487
1038,0,21988,38006,38006,17762,16061
1039,0,21150,36848,36848,14399,38329
1040,0,24627,36896,36896,14428,11507
1041,0,21058,36651,36651,36601,20519
1042,0,292,10792,10792,37140,18503
1043,0,2836,13336,13336,20999,20739
1044,0,24036,35598,35598,15349,13793
1045,8,23053,37922,36816,17256,36815
1046,0,24818,36204,36204,35172,11763
1047,0,2870,13370,13370,14700,14707
1048,1,7677,18177,39491,18177,18266
1049,0,8249,18749,18749,17163,38505
1050,0,10317,20817,20817,11401,18203
1051,0,21795,35191,35191,35190,17013
1052,0,9119,19619,19619,19487,20371
1053,0,7567,18067,18067,38915,39559
1054,0,21267,38765,38765,16516,35438
1055,0,1318,11818,11818,16461,19052
1056,0,2730,13230,13230,14232,16288
1057,0,10221,20721,20721,38666,10936
1058,0,6290,16790,16790,39408,13011
1059,0,22433,35326,35326,11217,12365
1060,0,23202,37861,37861,10504,35651
1061,5,4879,15379,39346,14010,13362
1062,0,10423,20923,20923,15946,35500
1063,0,9088,19588,19588,19364,13033
1064,0,23254,36060,36060,13773,20847
1065,0,23432,38341,38341,37834,11742
1066,0,2228,12728,12728,39179,37426
1067,0,2641,13141,13141,18629,13532
1068,25,4418,14918,14878,16040,13405
1069,0,9460,19960,19960,14883,17411
1070,0,6505,17005,17005,12884,38628
1071,0,6194,16694,16694,17196,16017
1072,0,5921,16421,16421,19928,18734
1073,0,6872,17372,17372,13881,37610
1074,0,356,10856,10856,11406,19630
1075,0,8076,18576,18576,38995,17685
1076,0,23488,35815,35815,18650,14196
1077,0,22108,38459,38459,36804,36376
1078,0,8444,18944,18944,15256,39095
1079,0,4584,15084,15084,37231,18956
1080,0,837,11337,11337,38800,13610
1081,0,266,10766,10766,11680,13368
1082,0,2006,12506,12506,12029,35343
1083,0,8803,19303,19303,18828,15258
1084,0,21612,35489,35489,17716,37844
1085,0,2362,12862,12862,16083,15760
1086,0,25473,36603,36603,35376,13716
1087,0,22301,37523,37523,20926,18878
1088,0,24430,38821,38821,14974,19757
1089,0,21852,39244,39244,15012,37309
1090,4,10283,20783,12321,20363,14758
1091,0,9736,20236,20236,36037,19359
1092,0,826,11326,11326,11735,18763
1093,0,9754,20254,20254,36754,35420
1094,2,4253,14753,39059,17419,14753
1095,0,6053,16553,16553,36478,17375
1096,0,21548,38009,38009,11949,38442
1097,0,8283,18783,18783,37236,36229
1098,0,1441,11941,11941,17437,37889
1099,0,3066,13566,13566,12337,36049
1100,0,24720,36057,36057,20725,18312
1101,0,2748,13248,13248,13897,38413
1102,0,7388,17888,17888,19029,14511
1103,0,9034,19534,19534,35938,12725
1104,0,3061,13561,13561,36638,12406
1105,0,889,11389,11389,14881,37194
1106,0,23436,38138,38138,17333,20905
1107,0,22934,37206,37206,15561,13345
1108,0,24354,38835,38835,18354,19908
1109,0,1963,12463,12463,20046,13701
1110,0,3125,13625,13625,36290,16927
1111,0,21989,36460,36460,35385,37083
1112,0,6101,16601,16601,37714,19001
1113,2,1127,11627,12707,18388,11627
1114,0,23451,36143,36143,39025,17089
1115,0,23625,36444,36444,14889,18296
1116,0,6385,16885,16885,17397,13107
1117,0,9724,20224,20224,35449,36383
1118,0,22429,35509,35509,11661,37027
1119,0,7488,17988,17988,35460,15298
1120,0,6203,16703,16703,37154,36757
1121,0,1543,12043,12043,13677,18886
1122,0,3263,13763,13763,11454,20848
1123,0,8762,19262,19262,38614,17114
1124,0,9775,20275,20275,18127,38528
1125,0,2268,12768,12768,18342,17661
1126,0,3770,14270,14270,20630,17736
1127,0,7025,17525,17525,13809,14908
1128,0,23452,36746,36746,35826,11025
1129,0,132,10632,10632,14860,12233
1130,0,9357,19857,19857,20444,39505
1131,0,25089,36343,36343,12410,16509
1132,0,603,11103,11103,36681,37423
1133,0,6425,16925,16925,39087,17271
1134,0,843,11343,11343,12204,17292
1135,0,393,10893,10893,19521,17621
1136,0,24009,38382,38382,15323,37154
1137,0,9849,20349,20349,18107,16203
1138,0,22297,37220,37220,12324,17667
1139,0,4989,15489,15489,19211,12976
1140,0,3928,14428,14428,15141,36896
1141,0,5511,16011,16011,37418,17203
1142,0,6927,17427,17427,19346,36447
1143,0,5909,16409,16409,18506,38533
1144,0,25329,37657,37657,13148,19409
1145,0,23286,37874,37874,37290,11144
1146,0,25038,39052,39052,38038,15605
1147,0,2277,12777,12777,37651,18543
1148,0,6417,16917,16917,16741,13322
1149,0,3234,13734,13734,20198,18702
1150,6,25039,36907,36461,36079,17025
1151,0,3498,13998,13998,13552,19266
1152,0,25395,39422,39422,18193,38705
1153,0,4613,15113,15113,18638,12296
1154,0,24349,37099,37099,12838,10892
1155,0,10008,20508,20508,10616,19829
1156,0,401,10901,10901,16776,15928
1157,2,24172,39612,13402,20175,39612
1158,0,22192,37054,37054,18609,16449
1159,6,23742,36466,11424,14141,17336
1160,0,21201,35244,35244,19641,16573
1161,0,22932,36116,36116,38134,20687
1162,0,4680,15180,15180,20600,19691
1163,0,5008,15508,15508,11838,18157
1164,0,21614,36989,36989,12308,37998
1165,0,3403,13903,13903,38707,11335
1166,0,24197,36801,36801,35321,15416
1167,0,3883,14383,14383,16516,10722
1168,0,6307,16807,16807,14814,35244
1169,0,9423,19923,19923,15516,13362
1170,0,10021,20521,20521,20563,17348
1171,0,22125,39310,39310,38582,14299
1172,0,1573,12073,12073,14674,19430
1173,0,24764,38611,38611,11662,18679
1174,0,9329,19829,19829,36325,20508
1175,1,2423,12923,15500,12923,37842
1176,1,8759,19259,36937,19259,38984
1177,0,5264,15764,15764,11580,14777
1178,0,7231,17731,17731,38739,15765
1179,0,3548,14048,14048,35284,13181
1180,0,8999,19499,19499,17178,16856
1181,0,8911,19411,19411,36774,35294
1182,0,21404,35944,35944,18089,11442
1183,0,7738,18238,18238,20552,19816
1184,1,21208,36049,11748,36049,36739
1185,0,5826,16326,16326,15675,16994
1186,0,23466,37628,37628,20112,13810
1187,0,7881,18381,18381,37506,38758
1188,18,24323,39065,19566,19375,38036
1189,0,809,11309,11309,35992,14764
1190,0,23993,35650,35650,18292,39560
1191,0,21026,35846,35846,11084,18923
1192,0,2650,13150,13150,18777,37582
1193,1,25465,36780,37926,36780,37587
1194,2,25424,39516,13689,37805,39516
1195,0,21836,36300,36300,16411,35298
1196,0,3190,13690,13690,37311,36016
1197,0,3620,14120,14120,17410,11718
1198,0,1702,12202,12202,39332,35590
1199,0,25314,36382,36382,35237,38180
1200,0,8231,18731,18731,13174,39266
1201,0,3650,14150,14150,11322,18974
1202,0,25425,39133,39133,12372,20244
1203,1,7666,18166,14892,18166,16731
1204,0,22228,39056,39056,38421,18634
1205,0,8876,19376,19376,14075,38207
1206,1,23118,37313,17861,37313,15803
1207,0,3370,13870,13870,11321,38309
1208,0,23282,38751,38751,15042,11074
1209,0,6291,16791,16791,19949,12517
1210,0,25113,35666,35666,12813,18077
1211,1,10476,20976,17895,20976,15847
1212,0,9297,19797,19797,38061,37643
1213,0,21265,37513,37513,13940,11848
1214,0,10148,20648,20648,17779,15735
1215,0,21199,38491,38491,13197,13195
1216,0,23174,36718,36718,12433,19940
1217,0,8062,18562,18562,18883,16713
1218,1,664,11164,38374,11164,14393
1219,0,10337,20837,20837,39499,18387
1220,0,8962,19462,19462,37040,14429
1221,0,21048,38308,38308,18763,20831
1222,1,1736,12236,36246,12236,10629
1223,0,5259,15759,15759,38132,15902
1224,0,3347,13847,13847,37459,19243
1225,0,1568,12068,12068,13510,37009
1226,0,462,10962,10962,20901,36929
1227,0,743,11243,11243,12524,35842
1228,0,222,10722,10722,35438,16170
1229,0,22582,37116,37116,38335,37916
1230,0,3994,14494,14494,13599,20733
1231,0,1979,12479,12479,17643,15066
1232,0,7682,18182,18182,11081,13225
1233,0,625,11125,11125,36844,14530
1234,0,24899,35296,35296,14565,19870
1235,0,9773,20273,20273,20497,36600
1236,0,7202,17702,17702,15145,18974
1237,0,24380,36645,36645,15163,15595
1238,0,344,10844,10844,39299,10660
1239,0,5494,15994,15994,19153,11046
1240,0,7945,18445,18445,15578,35840
1241,0,8772,19272,19272,12460,17733
1242,0,1004,11504,11504,15475,37342
1243,10,4449,14949,37418,17203,18093
1244,0,2280,12780,12780,16584,13163
1245,0,456,10956,10956,12137,13757
1246,0,23237,36672,36672,12116,19415
1247,0,9209,19709,19709,36530,11976
1248,0,4335,14835,14835,38337,39223
1249,0,2621,13121,13121,38282,36192
1250,1,21660,35291,14732,35291,12475
1251,1,6325,16825,20217,16825,38895
1252,0,24786,35981,35981,20626,17304
1253,0,5756,16256,16256,39164,20954
1254,0,9683,20183,20183,35310,19768
1255,0,24999,39104,39104,14223,13635
1256,0,5114,15614,15614,36548,39321
1257,0,9544,20044,20044,39498,17826
1258,0,5212,15712,15712,37460,13342
1259,0,21393,37353,37353,12928,13216
1260,0,1760,12260,12260,12427,18577
1261,1,842,11342,19212,11342,39198
1262,0,24235,37832,37832,12551,37754
1263,0,21659,37381,37381,38490,17630
1264,0,6492,16992,16992,14058,19692
1265,0,5199,15699,15699,11791,36160
1266,0,4803,15303,15303,16927,14004
1267,139,2902,13402,35351,12692,12954
1268,2,22460,37177,14730,37178,37177
1269,0,5987,16487,16487,13609,19373
1270,86,22244,39316,17814,17684,13494
1271,0,21336,36726,36726,36559,13951
1272,22,6165,16665,20123,16836,37358
1273,0,8875,19375,19375,19998,38815
1274,0,22408,37089,37089,15647,12458
1275,0,8918,19418,19418,38469,16611
1276,0,24307,37714,37714,16601,19001
1277,0,3431,13931,13931,17452,15651
1278,0,21770,38797,38797,39474,18357
1279,0,9038,19538,19538,11798,13071
1280,0,21898,39503,39503,19696,17305
1281,0,7795,18295,18295,18492,14302
1282,0,8971,19471,19471,17897,20603
1283,1,23468,38972,35535,38972,14126
1284,0,4725,15225,15225,35178,19191
1285,0,7897,18397,18397,36471,19536
1286,0,5130,15630,15630,36368,35541
1287,1,22089,39491,18266,39491,18177
1288,0,6945,17445,17445,18764,38296
1289,0,25044,39339,39339,38802,38751
1290,10,9173,19673,18142,19987,18070
1291,1,9128,19628,35570,19628,19002
1292,0,10078,20578,20578,13880,11209
1293,0,22413,35343,35343,17738,12506
1294,0,368,10868,10868,20042,15227
1295,0,23936,37224,37224,12605,14916
1296,0,3593,14093,14093,37824,17495
1297,0,1415,11915,11915,14677,17916
1298,0,25324,35772,35772,35308,17378
1299,0,8061,18561,18561,11085,17034
1300,0,22663,39527,39527,19255,39234
1301,0,25248,36804,36804,12899,38459
1302,0,8939,19439,19439,14943,14102
1303,0,21382,36631,36631,20547,37198
1304,0,25114,37519,37519,39329,37518
1305,1,8587,19087,16746,19087,20081
1306,0,9319,19819,19819,19909,38803
1307,0,1721,12221,12221,14084,36683
1308,0,8826,19326,19326,36596,35522
1309,0,5324,15824,15824,35759,14350
1310,2,4060,14560,12941,12735,14560
1311,0,22084,39110,39110,16698,19773
1312,0,1824,12324,12324,37220,17667
1313,0,22271,38318,38318,37421,36207
1314,0,23091,37352,37352,11203,12571
1315,0,23651,36704,36704,17991,20644
1316,0,9395,19895,19895,36575,11048
1317,0,3232,13732,13732,18841,19601
1318,0,1918,12418,12418,10629,37983
1319,0,23425,38164,38164,19167,37191
1320,0,1569,12069,12069,12720,10843
1321,0,1831,12331,12331,11976,17806
1322,0,347,10847,10847,19578,16660
1323,0,1242,11742,11742,37834,38341
1324,0,7720,18220,18220,11890,36451
1325,4,23089,38352,20309,17446,35969
1326,0,24602,35942,35942,37450,15584
1327,0,22350,39377,39377,17211,17058
1328,0,21793,35879,35879,18422,18122
1329,0,24067,37844,37844,39239,35489
1330,0,24397,36088,36088,19582,38937
1331,4,21694,36549,11396,38484,11344
1332,0,21902,37739,37739,38345,11822
1333,0,7930,18430,18430,16040,20365
1334,0,6466,16966,16966,38779,20031
1335,0,10415,20915,20915,10902,15068
1336,0,7593,18093,18093,13509,37024
1337,0,21880,35945,35945,18584,10768
1338,0,7182,17682,17682,15146,11558
1339,0,24040,37094,37094,13281,20833
1340,5,21091,37795,37983,12418,10629
1341,0,23271,39535,39535,20509,38548
1342,0,25137,37998,37998,20949,36989
1343,0,5847,16347,16347,18219,37083
1344,0,24653,37152,37152,35244,16345
1345,0,23347,37729,37729,39490,19976
1346,0,1222,11722,11722,18210,38890
1347,0,6473,16973,16973,19132,14474
1348,0,2134,12634,12634,15819,10637
1349,0,8953,19453,19453,15154,17916
1350,0,8083,18583,18583,20867,38360
1351,0,21576,39326,39326,14511,18237
1352,0,6741,17241,17241,38743,13622
1353,0,21313,36757,36757,16703,39044
1354,0,509,11009,11009,15709,15390
1355,1,10452,20952,39537,20952,11487
1356,0,3986,14486,14486,13653,14806
1357,0,748,11248,11248,20196,37615
1358,0,5246,15746,15746,20688,11711
1359,0,1259,11759,11759,36913,36018
1360,0,4718,15218,15218,14518,37420
1361,0,1888,12388,12388,18574,39510
1362,0,711,11211,11211,11589,18127
1363,0,21748,37812,37812,20737,35436
1364,0,23618,38353,38353,15085,13743
1365,0,7856,18356,18356,13106,18364
1366,0,5833,16333,16333,16994,12216
1367,0,24402,38814,38814,11119,16494
1368,0,24226,37804,37804,10505,20241
1369,0,7562,18062,18062,37529,37057
1370,2,4808,15308,13415,12832,15308
1371,0,3329,13829,13829,39592,37732
1372,0,3293,13793,13793,36824,15597
1373,0,8485,18985,18985,16417,38463
1374,0,23743,36453,36453,14588,15918
1375,0,6148,16648,16648,12972,17986
1376,84,23168,37716,37301,19045,37208
1377,0,10045,20545,20545,17102,18000
1378,0,4865,15365,15365,38158,15245
1379,0,5551,16051,16051,39157,37839
1380,4,9253,19753,14052,38991,18108
1381,1,8855,19355,10639,19355,36003
1382,0,104,10604,10604,19004,15327
1383,0,1794,12294,12294,13456,20623
1384,0,10463,20963,20963,20503,18400
1385,2,2386,12886,13505,16015,12886
1386,0,25212,36735,36735,16180,37223
1387,1,4847,15347,14880,15347,20232
1388,0,6650,17150,17150,20303,13377
1389,0,5837,16337,16337,19133,14933
1390,0,8247,18747,18747,19512,13065
1391,0,1658,12158,12158,19967,16507
1392,0,212,10712,10712,19807,13042
1393,0,8241,18741,18741,11332,16969
1394,0,5886,16386,16386,36448,17483
1395,0,4419,14919,14919,37862,39629
1396,0,23457,38801,38801,13962,18515
1397,3,5193,15693,37279,11656,19634
1398,0,5735,16235,16235,16241,17453
1399,0,1359,11859,11859,16015,12664
1400,0,334,10834,10834,38045,36719
1401,0,8077,18577,18577,13737,11778
1402,0,3110,13610,13610,11337,38800
1403,4,5709,16209,17165,13842,18914
1404,0,792,11292,11292,17560,36303
1405,0,233,10733,10733,36658,37324
1406,0,8515,19015,19015,37787,12809
1407,2,9289,19789,19508,19625,19789
1408,0,1064,11564,11564,20576,19060
1409,0,209,10709,10709,35222,36913
1410,0,21545,36087,36087,13081,18012
1411,0,24144,35464,35464,35465,20209
1412,0,21841,38054,38054,38350,20013
1413,0,9525,20025,20025,38792,39008
1414,0,4498,14998,14998,14316,17252
1415,0,6664,17164,17164,35545,13784
1416,1,2413,12913,20774,12913,18172
1417,0,9595,20095,20095,37575,17604
1418,0,9431,19931,19931,37284,14029
1419,0,21172,37300,37300,39338,20893
1420,0,7139,17639,17639,20635,18141
1421,0,871,11371,11371,11024,38855
1422,0,1263,11763,11763,36204,39003
1423,2,1618,12118,13010,35950,12118
1424,0,4345,14845,14845,19119,39586
1425,0,10076,20576,20576,11564,12466
1426,0,2414,12914,12914,10689,17048
1427,0,21715,38170,38170,16065,10832
1428,0,22522,38159,38159,16109,15032
1429,0,24140,36396,36396,38402,17983
1430,0,1220,11720,11720,38362,39456
1431,0,25423,35253,35253,35522,39402
1432,0,1765,12265,12265,16323,13593
1433,0,25352,36678,36678,19097,38351
1434,0,8493,18993,18993,12885,15034
1435,0,23684,38015,38015,14566,38391
1436,0,2001,12501,12501,18202,13959
1437,0,5609,16109,16109,38556,39494
1438,0,21141,35224,35224,35752,16090
1439,0,4581,15081,15081,14125,12215
1440,0,8885,19385,19385,17116,35885
1441,0,1485,11985,11985,17746,37218
1442,0,3582,14082,14082,38543,39433
1443,0,2523,13023,13023,11916,12473
1444,0,22706,37813,37813,36190,37296
1445,1,6332,16832,20354,16832,12297
1446,0,3078,13578,13578,38815,39065
1447,0,4833,15333,15333,16896,11007
1448,0,23358,36301,36301,20555,39374
1449,0,1305,11805,11805,19812,11674
1450,0,4782,15282,15282,36656,12071
1451,0,8255,18755,18755,19771,38633
1452,0,4381,14881,14881,11389,38887
1453,0,22251,39264,39264,16475,16932
1454,0,6224,16724,16724,13919,37864
1455,14,24277,37809,38667,13857,20247
1456,0,9562,20062,20062,17715,20477
1457,0,2165,12665,12665,10605,35827
1458,0,617,11117,11117,12360,37349
1459,0,21361,39201,39201,38494,17117
1460,0,7277,17777,17777,38220,36329
1461,0,7855,18355,18355,13276,39288
1462,0,8518,19018,19018,17287,13758
1463,0,10240,20740,20740,10874,20028
1464,0,9097,19597,19597,15201,35573
1465,0,21390,38882,38882,36994,38084
1466,0,2163,12663,12663,18720,16190
1467,0,4770,15270,15270,11622,14306
1468,0,23927,36640,36640,10750,36605
1469,0,22512,39353,39353,38911,37741
1470,0,2004,12504,12504,11865,37036
1471,1,24133,38991,14052,38991,19753
1472,0,3047,13547,13547,14439,37026
1473,0,7771,18271,18271,19420,10567
1474,0,23577,37948,37948,38425,12882
1475,0,22721,36319,36319,37068,37595
1476,0,9425,19925,19925,36670,37067
1477,1,9139,19639,11523,19639,12322
1478,0,8201,18701,18701,14340,36020
1479,0,9118,19618,19618,15229,18808
1480,0,3095,13595,13595,19723,38671
1481,0,22890,36005,36005,20788,12839
1482,0,3285,13785,13785,11894,18848
1483,2,21731,39212,14682,17689,39212
1484,0,9462,19962,19962,15499,20255
1485,0,7315,17815,17815,15682,15593
1486,0,1313,11813,11813,37634,20961
1487,0,6994,17494,17494,12899,15150
1488,0,7113,17613,17613,14136,15759
1489,0,8379,18879,18879,12616,20093
1490,0,2903,13403,13403,12090,14291
1491,0,7959,18459,18459,17726,39023
1492,0,3333,13833,13833,37108,10789
1493,1,21600,36720,38553,36720,37202
1494,0,3053,13553,13553,20448,37101
1495,0,25238,35738,35738,35737,36135
1496,0,5072,15572,15572,16990,19662
1497,0,8678,19178,19178,16118,39590
1498,2,23981,35698,13416,35767,35698
1499,0,8868,19368,19368,37823,37961
1500,0,2269,12769,12769,36234,14949
1501,0,8020,18520,18520,35612,35366
1502,0,8165,18665,18665,17641,38687
1503,0,24193,36778,36778,16220,19961
1504,0,9963,20463,20463,37204,11280
1505,0,9376,19876,19876,35930,12103
1506,0,22171,35173,35173,17797,18933
1507,0,25484,37069,37069,11909,14447
1508,0,25201,36859,36859,20088,15905
1509,0,23965,37919,37919,13249,39053
1510,0,7955,18455,18455,16385,38156
1511,1,4707,15207,35204,15207,36620
1512,0,24098,38027,38027,11505,18367
1513,0,2114,12614,12614,17240,14413
1514,0,7267,17767,17767,35321,19944
1515,0,1541,12041,12041,16787,15984
1516,0,6141,16641,16641,38949,17957
1517,0,2602,13102,13102,18745,16237
1518,0,22819,37525,37525,38219,39348
1519,0,4607,15107,15107,17829,17812
1520,0,10446,20946,20946,19674,10933
1521,4,9180,19680,12447,15647,12896
1522,0,22474,35457,35457,37424,11802
1523,0,4756,15256,15256,37781,18944
1524,0,6444,16944,16944,36132,13837
1525,0,5538,16038,16038,38643,38605
1526,0,9082,19582,19582,36088,15397
1527,0,520,11020,11020,36662,10954
1528,0,10460,20960,20960,13440,36520
1529,0,7163,17663,17663,12281,38999
1530,0,9427,19927,19927,16132,15263
1531,0,8877,19377,19377,35370,17892
1532,0,1092,11592,11592,11530,17040
1533,1,21406,37112,35272,37112,11889
1534,0,24828,38378,38378,12288,13660
1535,0,4913,15413,15413,16636,12615
1536,0,9531,20031,20031,16966,35597
1537,0,3771,14271,14271,17663,15736
1538,0,6346,16846,16846,12870,16105
1539,0,1109,11609,11609,19051,19994
1540,25,4655,15155,12100,37653,15698
1541,0,9974,20474,20474,14873,17107
1542,0,1038,11538,11538,19788,13593
1543,1,9412,19912,35257,19912,20968
1544,0,20,10520,10520,17788,20134
1545,0,8377,18877,18877,35385,36460
1546,0,24509,36207,36207,38318,11698
1547,0,5531,16031,16031,13347,19672
1548,0,9066,19566,19566,38036,15757
1549,0,934,11434,11434,20114,16397
1550,0,10417,20917,20917,15190,19425
1551,0,6551,17051,17051,19415,36377
1552,0,23534,38218,38218,16260,37343
1553,3,22077,38828,11281,36525,17653
1554,0,1726,12226,12226,18300,38901
1555,0,4490,14990,14990,17362,36480
1556,0,21796,35421,35421,17180,19829
1557,0,9722,20222,20222,18060,16255
1558,0,1737,12237,12237,36362,35376
1559,0,6438,16938,16938,19956,35506
1560,0,561,11061,11061,11651,13097
1561,0,24086,38675,38675,20926,37523
1562,0,22305,38493,38493,20514,16711
1563,0,25450,36520,36520,18286,17515
1564,0,1162,11662,11662,20713,39259
1565,0,8866,19366,19366,19442,15691
1566,0,10018,20518,20518,35890,19321
1567,0,6930,17430,17430,20444,39505
1568,37,8067,18567,15048,38607,11326
1569,1,1527,12027,39038,12027,16093
1570,0,7733,18233,18233,14429,35774
1571,6,25207,39470,19750,19945,36271
1572,0,2930,13430,13430,38302,20896
1573,0,24217,37808,37808,38363,13385
1574,0,58,10558,10558,36943,11321
1575,0,8748,19248,19248,10537,13564
1576,0,25097,35379,35379,35380,19946
1577,0,22157,37442,37442,12021,13747
1578,0,4483,14983,14983,10890,17754
1579,0,2291,12791,12791,37091,15124
1580,0,7383,17883,17883,19036,11655
1581,0,24513,37518,37518,19935,37519
1582,0,8218,18718,18718,19777,18139
1583,0,9577,20077,20077,19425,15190
1584,0,9470,19970,19970,10586,38827
1585,2,23674,36199,37524,36048,36199
1586,6,1649,12149,16542,18092,20603
1587,0,22664,39456,39456,20662,13334
1588,0,9652,20152,20152,14858,19928
1589,0,2724,13224,13224,16185,10705
1590,0,23588,36909,36909,13712,19156
1591,7,938,11438,12550,16868,13596
1592,0,4510,15010,15010,18462,12055
1593,0,24705,37514,37514,20155,13956
1594,0,21412,38910,38910,13368,17648
1595,0,4694,15194,15194,14347,15071
1596,0,7238,17738,17738,35343,19408
1597,0,9619,20119,20119,10794,15392
1598,0,998,11498,11498,37179,35997
1599,0,8771,19271,19271,13086,15449
1600,0,4528,15028,15028,35405,11052
1601,0,3870,14370,14370,10569,39161
1602,0,23877,37599,37599,35403,13715
1603,0,5354,15854,15854,16849,39378
1604,0,22160,38923,38923,11397,10942
1605,0,2907,13407,13407,14037,13311
1606,0,25100,35415,35415,15855,12703
1607,0,9782,20282,20282,39054,36123
1608,0,3538,14038,14038,13458,17417
1609,0,5993,16493,16493,20693,15888
1610,6,24410,38827,35689,10567,17919
1611,0,915,11415,11415,14226,37737
1612,0,22767,38213,38213,18959,39279
1613,1,4415,14915,14812,14915,14974
1614,0,10280,20780,20780,38112,38861
1615,0,10126,20626,20626,35981,13202
1616,0,1817,12317,12317,11051,12206
1617,0,25133,39300,39300,18353,16727
1618,0,9893,20393,20393,35759,15824
1619,0,3949,14449,14449,35360,38225
1620,0,337,10837,10837,37855,16589
1621,1,2072,12572,18341,12572,18654
1622,0,21744,39562,39562,20350,13219
1623,0,5822,16322,16322,12887,36196
1624,0,21097,38924,38924,18864,36295
1625,0,5143,15643,15643,39493,19401
1626,0,8200,18700,18700,36246,12236
1627,4,3513,14013,36503,18416,20554
1628,0,2815,13315,13315,15752,14811
1629,0,21798,39571,39571,17931,14397
1630,0,25497,39299,39299,10844,39255
1631,0,22583,38492,38492,35828,19412
1632,0,23991,35516,35516,35515,36318
1633,14,8422,18922,17954,37782,13703
1634,0,766,11266,11266,35336,15410
1635,0,3782,14282,14282,17522,15187
1636,1,24460,39004,20021,39004,38075
1637,0,1144,11644,11644,12671,12910
1638,0,21408,36886,36886,10608,15976
1639,0,2510,13010,13010,35950,12118
1640,0,7379,17879,17879,36295,36945
1641,0,2273,12773,12773,19395,37299
1642,8,2860,13360,15769,13779,39383
1643,0,1221,11721,11721,17351,17460
1644,0,21635,35466,35466,14112,13463
1645,0,4864,15364,15364,15765,20570
1646,2,23444,39194,17922,39195,39194
1647,0,7310,17810,17810,18924,19003
1648,0,23812,36173,36173,17317,16043
1649,0,21258,38549,38549,35400,15574
1650,0,6757,17257,17257,11026,19328
1651,0,4924,15424,15424,35268,13581
1652,0,4532,15032,15032,10871,18889
1653,0,6392,16892,16892,39291,20373
1654,0,1672,12172,12172,14212,14404
1655,0,24236,36122,36122,13696,37183
1656,0,7699,18199,18199,38152,12761
1657,0,8870,19370,19370,13806,37835
1658,0,4055,14555,14555,13304,38253
1659,0,23008,38712,38712,19683,17237
1660,0,1808,12308,12308,20612,36989
1661,0,2275,12775,12775,15477,38389
1662,0,3761,14261,14261,11457,36901
1663,0,25242,37317,37317,14138,18378
1664,0,22200,35218,35218,17252,38782
1665,0,23268,38840,38840,13864,35851
1666,0,6489,16989,16989,18917,10776
1667,0,2045,12545,12545,19912,20461
1668,0,9301,19801,19801,18935,11889
1669,0,22945,38162,38162,36016,37378
1670,0,5113,15613,15613,15692,15358
1671,0,1295,11795,11795,20097,11696
1672,0,24409,36793,36793,13373,36988
1673,0,4687,15187,15187,35600,14282
1674,0,3952,14452,14452,11783,39003
1675,0,6558,17058,17058,39377,18467
1676,0,4317,14817,14817,36116,20687
1677,0,24809,38267,38267,14797,36829
1678,0,444,10944,10944,36751,11677
1679,0,5519,16019,16019,16950,20811
1680,0,858,11358,11358,10825,17025
1681,0,7717,18217,18217,38736,19562
1682,0,4439,14939,14939,35796,15428
1683,0,5321,15821,15821,11322,19274
1684,0,841,11341,11341,14485,16158
1685,0,21656,36791,36791,19355,11392
1686,0,21999,36218,36218,13123,20276
1687,0,22462,38542,38542,12586,14311
1688,0,24229,36201,36201,18109,11525
1689,0,994,11494,11494,18121,39274
1690,0,22313,39501,39501,17862,11158
1691,0,9001,19501,19501,16176,35823
1692,0,1554,12054,12054,38778,12797
1693,0,24866,39164,39164,16256,36638
1694,0,1973,12473,12473,11916,13023
1695,0,1951,12451,12451,16337,14305
1696,0,22015,38796,38796,15103,38617
1697,1,9494,19994,19051,19994,11609
1698,0,23110,38990,38990,13343,35987
1699,0,10275,20775,20775,10648,19210
1700,0,2513,13013,13013,36904,20381
1701,3,5559,16059,17446,18999,20309
1702,0,23013,35806,35806,38521,11234
1703,0,2835,13335,13335,20866,16522
1704,0,4700,15200,15200,20461,13020
1705,0,2445,12945,12945,37779,36069
1706,0,2233,12733,12733,37820,18091
1707,0,3050,13550,13550,11451,11008
1708,0,10024,20524,20524,38891,13072
1709,1,400,10900,18038,10900,14195
1710,0,9264,19764,19764,17708,36279
1711,0,7589,18089,18089,35944,11442
1712,0,5198,15698,15698,38656,12729
1713,0,7719,18219,18219,16347,15154
1714,0,9858,20358,20358,37889,20360
1715,1,1023,11523,35888,11523,39371
1716,0,3298,13798,13798,15860,39207
1717,0,6494,16994,16994,16333,16326
1718,2,9069,19569,35189,37428,19569
1719,0,24971,39301,39301,12927,38440
1720,0,6912,17412,17412,14590,18546
1721,0,7968,18468,18468,11076,35799
1722,0,8140,18640,18640,18907,20122
1723,12,4241,14741,12769,18337,17874
1724,0,5424,15924,15924,15931,36714
1725,1,7364,17864,18623,17864,37538
1726,0,7745,18245,18245,12190,36058
1727,1,6498,16998,14843,16998,17247
1728,0,24045,36945,36945,35734,17849
1729,0,4080,14580,14580,18370,12877
1730,0,803,11303,11303,17022,19985
1731,0,1550,12050,12050,16187,18179
1732,0,1009,11509,11509,11968,38381
1733,0,24628,39614,39614,39459,12257
1734,0,8677,19177,19177,17248,13123
1735,0,2737,13237,13237,19923,13362
1736,0,6247,16747,16747,14134,14556
1737,0,5095,15595,15595,16554,36645
1738,0,648,11148,11148,10658,12690
1739,0,8810,19310,19310,36003,15438
1740,0,2862,13362,13362,12762,39346
1741,0,4975,15475,15475,11504,15410
1742,0,7134,17634,17634,15071,36208
1743,0,23496,37918,37918,18889,20327
1744,0,7811,18311,18311,17132,19501
1745,0,550,11050,11050,11335,18167
1746,0,23566,35882,35882,17474,14934
1747,0,5617,16117,16117,13411,35278
1748,0,7757,18257,18257,18892,19331
1749,0,25461,38944,38944,11581,17424
1750,0,211,10711,10711,13817,35335
1751,0,21678,37186,37186,17362,35413
1752,0,22929,36278,36278,35703,15659
1753,0,1781,12281,12281,17663,38287
1754,0,22794,35596,35596,13858,20938
1755,0,3543,14043,14043,14672,17264
1756,0,7477,17977,17977,18538,38908
1757,8,1438,11938,15769,13779,15715
1758,0,2515,13015,13015,14104,38634
1759,0,2868,13368,13368,38910,11680
1760,0,2434,12934,12934,17852,13990
1761,0,5045,15545,15545,16886,13340
1762,1,4792,15292,11821,15292,19861
1763,0,21305,35527,35527,15411,16283
1764,0,9265,19765,19765,37468,11760
1765,0,9485,19985,19985,36850,19681
1766,0,1314,11814,11814,20313,19341
1767,0,23509,39509,39509,17945,10937
1768,0,6515,17015,17015,35213,14493
1769,0,21743,37396,37396,18182,14687
1770,0,3979,14479,14479,36549,38484
1771,0,12,10512,10512,18917,38621
1772,0,6510,17010,17010,14170,35935
1773,0,818,11318,11318,15429,17766
1774,0,2784,13284,13284,38739,20582
1775,2,23403,35647,20674,17085,35647
1776,1,23894,37635,38449,37635,35994
1777,0,453,10953,10953,14506,35254
1778,1,1049,11549,20889,11549,37674
1779,0,24062,39189,39189,20906,16138
1780,1,1656,12156,37360,12156,38985
1781,6,3457,13957,17364,36554,20894
1782,0,21862,35814,35814,37540,18258
1783,0,24575,37759,37759,15345,39012
1784,0,21443,36764,36764,36105,13897
1785,0,23947,37833,37833,11756,15564
1786,0,5139,15639,15639,14642,35288
1787,0,2908,13408,13408,17468,15235
1788,0,24990,37096,37096,36189,17358
1789,1,940,11440,16632,11440,17027
1790,4,9727,20227,37678,38319,14173
1791,1,8466,18966,14890,18966,37217
1792,0,24785,37100,37100,17189,15984
1793,0,7631,18131,18131,16756,11306
1794,0,7969,18469,18469,11428,10731
1795,4,9568,20068,11205,12148,19192
1796,0,4634,15134,15134,20162,11971
1797,1,8260,18760,10764,18760,39390
1798,0,7317,17817,17817,13540,37716
1799,0,25118,36955,36955,37754,19205
1800,0,1400,11900,11900,17619,36126
1801,0,9703,20203,20203,19823,38497
1802,0,30,10530,10530,12656,13469
1803,0,6258,16758,16758,20522,35708
1804,0,21601,37975,37975,11070,10922
1805,0,3677,14177,14177,20781,19005
1806,0,672,11172,11172,13636,16780
1807,0,9240,19740,19740,36490,15835
1808,0,9711,20211,20211,39426,19710
1809,0,6323,16823,16823,10913,35641
1810,0,25482,38934,38934,19150,35393
1811,0,5466,15966,15966,37883,16722
1812,0,22260,36273,36273,20214,16997
1813,0,23869,39138,39138,39603,10660
1814,0,23570,35397,35397,18239,35428
1815,0,1108,11608,11608,37604,38565
1816,0,21813,36091,36091,13561,36638
1817,0,24525,38242,38242,39172,19254
1818,0,3229,13729,13729,20707,15280
1819,0,7584,18084,18084,38711,37083
1820,0,9450,19950,19950,38110,11589
1821,0,8138,18638,18638,15113,13983
1822,0,3319,13819,13819,17068,15592
1823,0,23036,37064,37064,37063,38904
1824,0,5835,16335,16335,18292,36533
1825,0,7496,17996,17996,12375,12592
1826,0,9228,19728,19728,36689,14620
1827,0,23111,37646,37646,19934,16896
1828,0,10245,20745,20745,14016,10838
1829,1,2553,13053,12187,13053,14572
1830,0,4775,15275,15275,35232,35946
1831,0,6341,16841,16841,19710,39426
1832,0,2686,13186,13186,16973,36267
1833,0,7553,18053,18053,18897,35509
1834,0,22332,36562,36562,13067,17175
1835,0,1563,12063,12063,11209,35435
1836,0,9707,20207,20207,10994,12997
1837,0,21177,35405,35405,15028,11052
1838,0,3071,13571,13571,18363,14772
1839,2,24937,37524,36199,36048,37524
1840,0,23946,37217,37217,13377,37570
1841,0,4474,14974,14974,36383,38821
1842,0,24794,36716,36716,16535,20864
1843,3,23838,36503,20554,18416,14013
1844,0,24434,37371,37371,38276,19682
1845,0,4856,15356,15356,18958,17401
1846,0,5268,15768,15768,37999,19391
1847,0,2853,13353,13353,18819,11419
1848,1,6576,17076,38066,17076,38845
1849,1,7639,18139,39308,18139,13991
1850,0,25126,36043,36043,38206,13024
1851,0,23051,38614,38614,19262,17114
1852,0,8109,18609,18609,37054,16449
1853,0,4601,15101,15101,35912,37232
1854,0,24171,37681,37681,14582,20109
1855,0,7886,18386,18386,17204,18274
1856,0,25468,38489,38489,16993,14516
1857,0,2213,12713,12713,38497,14521
1858,0,4929,15429,15429,12449,11318
1859,0,21837,35562,35562,38518,17282
1860,0,24717,39372,39372,36413,14437
1861,0,22778,36596,36596,17464,13678
1862,0,24145,37329,37329,14603,10702
1863,0,2111,12611,12611,35507,18487
1864,0,25496,37435,37435,37063,36118
1865,0,23929,37872,37872,11132,35880
1866,0,6632,17132,17132,18311,17049
1867,51,24425,38265,14958,38666,20721
1868,0,7800,18300,18300,15894,12226
1869,0,8956,19456,19456,36180,14400
1870,1,7153,17653,13840,17653,36525
1871,0,4446,14946,14946,38295,16257
1872,0,21867,38220,38220,19548,17777
1873,0,21261,35880,35880,11399,37872
1874,2,7642,18142,16964,13740,18142
1875,0,5026,15526,15526,19394,11527
1876,0,28,10528,10528,39084,18451
1877,0,21590,38860,38860,37263,35157
1878,0,22908,37215,37215,11969,16602
1879,0,10210,20710,20710,35346,37016
1880,1,10027,20527,12385,20527,38136
1881,0,355,10855,10855,35428,36469
1882,0,1429,11929,11929,20671,15832
1883,0,24150,35718,35718,37734,19347
1884,0,23964,35544,35544,16700,18198
1885,0,23178,38324,38324,19320,18499
1886,0,23903,36916,36916,35465,10805
1887,0,25155,36993,36993,36833,35629
1888,0,332,10832,10832,36203,38170
1889,16,5643,16143,39543,14663,14706
1890,1,23519,36816,13752,36816,11330
1891,0,22517,37748,37748,11019,11254
1892,0,24545,38065,38065,11532,37640
1893,0,4224,14724,14724,19022,15948
1894,0,964,11464,11464,20898,15340
1895,0,25354,35493,35493,38977,12250
1896,0,120,10620,10620,13165,13983
1897,0,4930,15430,15430,17309,14799
1898,1,6482,16982,37354,16982,19753
1899,0,5579,16079,16079,20184,14241
1900,1,10187,20687,36116,20687,38134
1901,2,7752,18252,11378,13602,18252
1902,0,4710,15210,15210,15222,17217
1903,0,3281,13781,13781,18763,12976
1904,0,2370,12870,12870,16846,36090
1905,0,5522,16022,16022,37474,13418
1906,0,2544,13044,13044,18451,38994
1907,0,23751,35935,35935,17562,14170
1908,0,24647,36461,36461,13913,20506
1909,0,2885,13385,13385,37808,10788
1910,0,10042,20542,20542,39143,18194
1911,0,2178,12678,12678,20563,17348
1912,0,8940,19440,19440,35474,12146
1913,0,4898,15398,15398,15865,35197
1914,1,5153,15653,11751,15653,37701
1915,0,1209,11709,11709,17315,20895
1916,0,8404,18904,18904,17488,38439
1917,2,8798,19298,38140,37842,19298
1918,2,9599,20099,36254,17238,20099
1919,4,7583,18083,12287,39209,39609
1920,0,3123,13623,13623,14171,19432
1921,0,24078,36663,36663,20080,12322
1922,0,1544,12044,12044,38850,36131
1923,0,25330,36518,36518,14373,36223
1924,0,22750,38926,38926,18528,11558
1925,0,21905,35380,35380,35379,19946
1926,1,21677,38490,37381,38490,17630
1927,66,23748,35932,16738,39282,11306
1928,0,9622,20122,20122,15357,18640
1929,0,10114,20614,20614,20592,37130
1930,6,21211,38322,15799,11435,18970
1931,0,945,11445,11445,20892,17709
1932,0,24623,35350,35350,16621,15278
1933,0,4550,15050,15050,18811,35950
1934,0,24624,38136,38136,20527,12385
1935,0,24802,36861,36861,13877,19626
1936,2,7889,18389,11964,17891,18389
1937,0,21649,36831,36831,38961,14222
1938,0,9058,19558,19558,15739,37682
1939,0,22666,38938,38938,20024,35614
1940,0,1675,12175,12175,12760,16905
1941,0,23580,37202,37202,36720,36307
1942,0,1561,12061,12061,19763,13981
1943,0,21727,36241,36241,15269,39588
1944,5,24618,39118,16717,19293,38279
1945,5,23101,35233,12251,38375,13154
1946,0,6213,16713,16713,36212,18562
1947,2,21027,35500,20923,15946,35500
1948,0,6044,16544,16544,38049,19499
1949,1,4541,15041,15335,15041,20124
1950,0,1782,12282,12282,16329,12717
1951,0,7159,17659,17659,19191,38448
1952,0,21002,39249,39249,19055,36105
1953,0,1095,11595,11595,18650,11348
1954,0,7111,17611,17611,38782,17252
1955,0,24202,35310,35310,39646,16359
1956,0,7627,18127,18127,20275,18396
1957,0,3287,13787,13787,16329,12282
1958,0,22687,37044,37044,12128,36347
1959,0,677,11177,11177,37466,19937
1960,0,6193,16693,16693,13912,10642
1961,0,2605,13105,13105,11455,19396
1962,0,1392,11892,11892,36188,19315
1963,0,6967,17467,17467,15763,14461
1964,3,24935,37627,37340,37577,20685
1965,0,752,11252,11252,37562,37563
1966,0,1711,12211,12211,10903,38467
1967,3,3737,14237,15637,16052,15967
1968,0,24748,39329,39329,37519,12845
1969,0,22195,37460,37460,15712,14949
1970,0,3215,13715,13715,20680,37599
1971,1,797,11297,12356,11297,38144
1972,0,22240,37068,37068,36319,15682
1973,0,1777,12277,12277,10651,36871
1974,1,4113,14613,35820,14613,16992
1975,0,1770,12270,12270,20948,36273
1976,0,22674,38309,38309,13870,14056
1977,3,10175,20675,19530,14749,18537
1978,3,24101,37433,11446,20117,37961
1979,0,6975,17475,17475,35464,10893
1980,0,6412,16912,16912,10540,14982
1981,0,3022,13522,13522,37077,37801
1982,0,4228,14728,14728,19446,11115
1983,0,24152,38451,38451,20903,14850
1984,0,3012,13512,13512,37488,12417
1985,0,21115,39429,39429,35695,17465
1986,0,9957,20457,20457,19574,35526
1987,0,5764,16264,16264,20633,36996
1988,31,24891,39649,39243,17516,20190
1989,0,4619,15119,15119,13169,12257
1990,0,21681,35649,35649,37016,16483
1991,0,6753,17253,17253,11259,15584
1992,0,9396,19896,19896,14934,19318
1993,2,9933,20433,16257,11630,20433
1994,0,527,11027,11027,35436,15266
1995,0,366,10866,10866,17811,11637
1996,0,6098,16598,16598,36007,38561
1997,2,22385,38423,19843,14149,38423
1998,0,4264,14764,14764,11309,38792
1999,0,4262,14762,14762,35375,19996
2000,1,25381,36405,11554,36405,16908
2001,1,1919,12419,38804,12419,20370
2002,0,701,11201,11201,15399,38747
2003,0,6170,16670,16670,13100,39101
2004,7,9251,19751,38240,19215,18731
2005,138,9406,19906,15712,19751,39266
2006,0,5018,15518,15518,20214,16067
2007,0,7303,17803,17803,35840,11672
2008,0,4423,14923,14923,18281,16691
2009,0,21726,36502,36502,38530,11956
2010,0,4868,15368,15368,12026,14264
2011,0,1298,11798,11798,19538,35427
2012,0,10127,20627,20627,38162,37378
2013,0,1352,11852,11852,17660,35547
2014,0,2926,13426,13426,38077,20501
2015,0,7874,18374,18374,17141,12267
2016,1,21685,36289,18215,36289,11288
2017,0,1287,11787,11787,15893,37408
2018,0,6598,17098,17098,17055,12353
2019,0,25252,35940,35940,36970,18896
2020,0,22190,36919,36919,15780,19371
2021,1,4350,14850,17470,14850,38451
2022,0,10138,20638,20638,16539,15487
2023,0,3697,14197,14197,11160,15393
2024,0,2013,12513,12513,37009,19517
2025,0,23302,38243,38243,20587,20087
2026,0,4373,14873,14873,10534,17732
2027,0,9029,19529,19529,19546,37682
2028,0,5677,16177,16177,14385,12077
2029,0,24008,38993,38993,36878,16071
2030,9,8482,18982,17245,20263,18788
2031,0,2147,12647,12647,11321,18514
2032,0,8416,18916,18916,14869,14776
2033,0,2705,13205,13205,16008,36997
2034,0,5473,15973,15973,35924,37873
2035,0,9124,19624,19624,36519,36412
2036,0,2570,13070,13070,11304,14651
2037,0,22257,36939,36939,13235,38805
2038,0,9226,19726,19726,39149,13386
2039,4,9660,20160,38880,18723,11279
2040,0,24355,38080,38080,11006,18988
2041,0,22628,35640,35640,17985,19233
2042,0,24596,38680,38680,12353,16194
2043,0,810,11310,11310,11040,13181
2044,1,23405,38909,14703,38909,37960
2045,0,5684,16184,16184,18332,12480
2046,0,8250,18750,18750,35497,19902
2047,0,312,10812,10812,18119,17983
2048,0,2073,12573,12573,11949,38009
2049,3,10419,20919,37958,11152,13976
2050,0,24002,35921,35921,14055,39262
2051,0,21475,35632,35632,36017,16332
2052,0,885,11385,11385,16355,39199
2053,0,1477,11977,11977,12196,11735
2054,0,1790,12290,12290,17579,11367
2055,3,8115,18615,19353,35330,15007
2056,0,21784,35641,35641,16823,35358
2057,0,2008,12508,12508,16842,38091
2058,11,3454,13954,16906,18054,14995
2059,0,682,11182,11182,20200,15169
2060,0,3895,14395,14395,38184,10828
2061,0,21409,39191,39191,20739,17107
2062,1,8793,19293,15043,19293,38279
2063,0,6660,17160,17160,11663,14286
2064,0,57,10557,10557,20545,36989
2065,0,24141,35679,35679,18097,17621
2066,0,22627,38194,38194,12740,16210
2067,0,6765,17265,17265,16749,16071
2068,0,2399,12899,12899,15150,36804
2069,4,9693,20193,17564,36115,11426
2070,0,24739,39098,39098,35250,14699
2071,0,4126,14626,14626,20162,13174
2072,0,8819,19319,19319,36789,10518
2073,0,9287,19787,19787,39427,13217
2074,0,1468,11968,11968,11509,38381
2075,0,5761,16261,16261,18820,37460
2076,0,1416,11916,11916,13023,12473
2077,0,470,10970,10970,36303,35788
2078,0,2358,12858,12858,36077,20511
2079,1,2722,13222,12528,13222,38088
2080,0,7047,17547,17547,19758,20347
2081,0,8191,18691,18691,17983,36586
2082,0,22893,37441,37441,18482,37135
2083,0,22366,37369,37369,38039,18263
2084,0,8814,19314,19314,36360,11107
2085,0,4525,15025,15025,15548,11190
2086,0,4610,15110,15110,12010,17511
2087,0,23555,35724,35724,18452,38366
2088,0,24279,36733,36733,14433,18287
2089,0,6041,16541,16541,39262,19690
2090,0,21162,36224,36224,17025,37618
2091,4,3869,14369,10837,18555,16589
2092,0,9392,19892,19892,13187,13742
2093,0,24281,39043,39043,37577,37627
2094,1,22023,37570,36008,37570,15391
2095,0,22634,38101,38101,14105,18751
2096,0,6817,17317,17317,14798,36173
2097,0,22948,35200,35200,19295,12740
2098,0,24708,36435,36435,19786,35834
2099,0,4674,15174,15174,15975,12486
2100,0,1055,11555,11555,38370,14547
2101,0,2281,12781,12781,12671,12910
2102,0,24384,37437,37437,39476,10612
2103,0,22915,39084,39084,10528,18451
2104,0,25366,36196,36196,16322,12887
2105,0,1924,12424,12424,15747,11499
2106,0,6379,16879,16879,35374,16682
2107,0,4907,15407,15407,37658,36030
2108,0,24914,38103,38103,18647,15038
2109,2,24491,38214,14894,10749,38214
2110,0,1075,11575,11575,36683,15920
2111,0,1115,11615,11615,18716,12765
2112,0,3936,14436,14436,19483,18857
2113,0,3533,14033,14033,10807,16285
2114,0,21001,36120,36120,39625,18495
2115,0,460,10960,10960,35995,39015
2116,0,3032,13532,13532,38546,13141
2117,0,4207,14707,14707,35330,11143
2118,0,24260,38026,38026,38460,19508
2119,0,6398,16898,16898,18852,37671
2120,0,5841,16341,16341,36251,15085
2121,14,6625,17125,17829,17812,15107
2122,1,1452,11952,11387,11952,36268
2123,0,2149,12649,12649,19662,12449
2124,0,319,10819,10819,35209,37271
2125,0,9048,19548,19548,38220,16078
2126,0,7518,18018,18018,18185,12467
2127,0,1922,12422,12422,18707,20076
2128,0,10393,20893,20893,10665,35747
2129,0,21401,37984,37984,16276,20774
2130,0,9638,20138,20138,17822,37309
2131,0,23139,36747,36747,19592,36017
2132,0,7458,17958,17958,14237,35808
2133,0,8743,19243,19243,37459,13045
2134,0,22595,38817,38817,18376,17137
2135,0,2129,12629,12629,18036,17187
2136,1,6403,16903,14227,16903,18192
2137,1,7556,18056,19691,18056,15180
2138,0,6478,16978,16978,15950,11533
2139,2,6300,16800,10800,14074,16800
2140,0,8663,19163,19163,36136,12038
2141,0,25398,35863,35863,10964,20106
2142,0,23865,36599,36599,17345,14190
2143,0,22679,36962,36962,37040,19462
2144,0,2509,13009,13009,38086,36574
2145,0,1052,11552,11552,11594,18689
2146,0,6152,16652,16652,11834,37266
2147,0,1681,12181,12181,16937,36876
2148,20,10282,20782,10586,19970,14568
2149,0,4067,14567,14567,37393,39598
2150,0,5024,15524,15524,38160,19938
2151,0,1456,11956,11956,13267,36502
2152,0,8214,18714,18714,16993,37292
2153,1,361,10861,11576,10861,39407
2154,0,8668,19168,19168,38971,15410
2155,0,25028,39039,39039,13093,11629
2156,0,23579,37658,37658,36030,15407
2157,0,23428,39457,39457,37320,17025
2158,0,3145,13645,13645,18526,38118
2159,0,21362,38116,38116,13637,11924
2160,0,23043,35425,35425,11045,20098
2161,0,505,11005,11005,10904,13325
2162,0,10418,20918,20918,18242,14635
2163,0,6847,17347,17347,16096,18650
2164,0,21247,39111,39111,11490,17691
2165,1,23697,39387,12919,39387,19911
2166,0,24244,36950,36950,15232,13110
2167,0,25214,36635,36635,15758,14507
2168,0,540,11040,11040,35830,37737
2169,0,4235,14735,14735,14234,20517
2170,1,5507,16007,37436,16007,10817
2171,1,22067,37354,16982,37354,11276
2172,0,23994,35579,35579,37424,14031
2173,0,9850,20350,20350,20591,13219
2174,0,22991,38201,38201,20675,16249
2175,0,754,11254,11254,37748,10841
2176,0,9355,19855,19855,13735,14734
2177,0,2003,12503,12503,15339,13508
2178,0,2542,13042,13042,10712,20379
2179,0,6073,16573,16573,18025,37043
2180,0,2918,13418,13418,18288,18537
2181,1,21396,38699,16488,38699,35745
2182,0,5218,15718,15718,18398,19344
2183,0,8045,18545,18545,17581,38439
2184,0,4271,14771,14771,36850,18343
2185,2,5875,16375,19775,14345,16375
2186,0,7039,17539,17539,35767,16213
2187,0,100,10600,10600,36576,16865
2188,1,21477,35455,15658,35455,16165
2189,2,22841,38808,38466,14413,38808
2190,0,6862,17362,17362,14990,36480
2191,0,5362,15862,15862,10855,35428
2192,0,4766,15266,15266,20561,13182
2193,0,7753,18253,18253,13073,20977
2194,6,4880,15380,17962,18814,19074
2195,0,9252,19752,19752,36189,37096
2196,0,601,11101,11101,20169,19397
2197,0,9542,20042,20042,15227,10868
2198,5,21839,38039,39212,15765,39546
2199,0,6182,16682,16682,16879,35374
2200,6,7020,17520,38626,15076,39175
2201,50,25085,39646,38523,12271,39011
2202,0,2431,12931,12931,20516,37258
2203,0,8526,19026,19026,39063,36900
2204,0,1044,11544,11544,38158,18343
2205,0,24826,36250,36250,37375,13008
2206,0,1557,12057,12057,12129,18633
2207,0,5009,15509,15509,17908,39250
2208,0,1487,11987,11987,17665,35803
2209,0,6577,17077,17077,35564,35965
2210,0,10497,20997,20997,38183,20814
2211,3,23499,38452,16832,20354,13292
2212,10,21394,38253,13900,16040,15934
2213,0,2115,12615,12615,13357,18683
2214,0,5795,16295,16295,20844,18802
2215,0,23930,37979,37979,38414,10638
2216,0,7030,17530,17530,13980,13581
2217,0,8773,19273,19273,37807,17234
2218,0,5491,15991,15991,35240,20770
2219,0,25072,35183,35183,14145,38386
2220,0,618,11118,11118,17535,12256
2221,0,21589,36134,36134,11579,17484
2222,0,8341,18841,18841,20252,15497
2223,0,7645,18145,18145,36162,19488
2224,1,25440,39327,14721,39327,17330
2225,0,3396,13896,13896,11651,18400
2226,0,1600,12100,12100,35740,20112
2227,0,22296,37584,37584,38169,39257
2228,0,10474,20974,20974,15052,14681
2229,0,1615,12115,12115,35427,37792
2230,0,1752,12252,12252,38767,13136
2231,0,24947,35351,35351,36481,14632
2232,0,2040,12540,12540,13211,11651
2233,1,2083,12583,14818,12583,19069
2234,0,8983,19483,19483,15055,36072
2235,0,22252,37967,37967,18983,20552
2236,0,6199,16699,16699,17362,14057
2237,0,21577,35395,35395,37498,35832
2238,0,9570,20070,20070,20811,16950
2239,0,21454,35917,35917,20305,38878
2240,0,5147,15647,15647,37089,17498
2241,0,23456,35829,35829,15030,17714
2242,0,675,11175,11175,14418,11834
2243,0,2545,13045,13045,37459,19243
2244,0,4371,14871,14871,12868,14376
2245,0,24419,37130,37130,20592,20614
2246,0,3999,14499,14499,18896,35940
2247,0,23823,38905,38905,16280,19870
2248,0,6014,16514,16514,16235,18746
2249,0,5096,15596,15596,20087,37653
2250,0,175,10675,10675,16853,11946
2251,0,22513,38942,38942,11650,38338
2252,0,2208,12708,12708,14096,14097
2253,0,3609,14109,14109,11491,16655
2254,0,23162,36383,36383,35449,20224
2255,11,22577,39412,16540,17221,38804
2256,0,3787,14287,14287,39325,11492
2257,0,25223,37134,37134,37592,17444
2258,0,24868,35339,35339,12997,35325
2259,0,6458,16958,16958,12817,12758
2260,0,2225,12725,12725,36183,18807
2261,0,3049,13549,13549,38022,10695
2262,0,296,10796,10796,10672,17504
2263,1,1126,11626,13308,11626,19977
2264,0,8414,18914,18914,38702,18470
2265,1,23626,38935,11728,38935,18428
2266,0,21275,36531,36531,37823,37081
2267,3,2441,12941,13315,20210,12313
2268,0,25412,37540,37540,35814,12869
2269,0,7033,17533,17533,11185,36890
2270,0,1322,11822,11822,38345,37739
2271,0,1603,12103,12103,14382,19876
2272,0,4210,14710,14710,17272,16367
2273,0,21892,38369,38369,36171,16953
2274,0,21094,37572,37572,36994,37571
2275,0,24798,35965,35965,35885,35966
2276,0,4065,14565,14565,35296,17144
2277,0,1294,11794,11794,16926,36429
2278,0,5007,15507,15507,38240,19606
2279,0,6069,16569,16569,36655,11640
2280,0,6386,16886,16886,15545,16383
2281,0,22086,38681,38681,15112,11888
2282,0,24511,37773,37773,17109,17183
2283,0,21181,38600,38600,38691,19078
2284,0,4071,14571,14571,38793,39573
2285,0,1507,12007,12007,16445,19228
2286,0,24263,36401,36401,19071,17173
2287,0,1559,12059,12059,38965,12428
2288,1,8904,19404,17804,19404,12363
2289,0,5577,16077,16077,11563,13381
2290,48,6860,17360,38822,17023,20577
2291,0,9666,20166,20166,16524,11904
2292,0,22399,37314,37314,16193,36659
2293,0,7744,18244,18244,14624,16946
2294,0,1836,12336,12336,14508,13158
2295,4,5611,16111,16749,17265,17948
2296,0,7660,18160,18160,20448,19416
2297,0,22508,35419,35419,35418,13060
2298,0,5335,15835,15835,36490,19740
2299,0,1354,11854,11854,35850,35493
2300,0,4141,14641,14641,35956,37404
2301,1,9030,19530,14749,19530,19536
2302,0,10278,20778,20778,13862,14943
2303,0,22303,37890,37890,38109,16208
2304,0,4844,15344,15344,14130,15432
2305,0,4723,15223,15223,20807,20902
2306,0,6260,16760,16760,10981,17136
2307,0,21866,38093,38093,35698,37320
2308,0,3280,13780,13780,36710,36349
2309,0,4032,14532,14532,13397,10754
2310,0,6720,17220,17220,17243,35435
2311,0,1235,11735,11735,11326,18763
2312,0,21087,38262,38262,20390,38263
2313,0,9597,20097,20097,11795,11696
2314,0,23134,35216,35216,17629,12606
2315,0,24940,38025,38025,13293,14080
2316,0,10200,20700,20700,10959,16354
2317,0,2251,12751,12751,17255,16441
2318,0,1025,11525,11525,39121,39044
2319,1,22741,36315,13351,36315,36457
2320,10,8396,18896,39215,11924,13171
2321,0,6649,17149,17149,18582,38711
2322,0,22146,38956,38956,10770,14469
2323,0,8074,18574,18574,12388,16499
2324,0,7019,17519,17519,18061,20389
2325,0,3397,13897,13897,13248,36105
2326,2,313,10813,12319,11876,10813
2327,0,636,11136,11136,18037,36170
2328,0,6149,16649,16649,12843,15672
2329,0,8574,19074,19074,17962,14155
2330,0,21791,35910,35910,17189,19034
2331,0,9571,20071,20071,17082,10809
2332,0,23799,37413,37413,14069,36514
2333,0,8086,18586,18586,17170,11894
2334,0,8066,18566,18566,14533,37951
2335,1,8131,18631,38249,18631,14201
2336,0,2970,13470,13470,12105,20368
2337,0,8473,18973,18973,20598,20981
2338,0,2584,13084,13084,35654,36101
2339,0,8639,19139,19139,14225,17541
2340,0,3885,14385,14385,16177,36080
2341,0,24044,39070,39070,36898,39162
2342,0,24125,37080,37080,10913,11841
2343,6,4771,15271,36815,36816,17256
2344,8,24571,38285,18198,36412,18979
2345,1,23670,35368,38715,35368,14129
2346,0,6697,17197,17197,20414,18918
2347,0,6942,17442,17442,11167,20593
2348,0,25426,35867,35867,18685,18493
2349,0,25433,37292,37292,14516,16993
2350,0,8689,19189,19189,10912,15583
2351,0,25156,36353,36353,16318,12630
2352,0,6058,16558,16558,11565,18204
2353,0,1840,12340,12340,18738,16430
2354,3,24328,38294,15802,12313,20784
2355,56,1564,12064,11922,15526,19394
2356,1,3673,14173,38319,14173,20227
2357,0,24242,35475,35475,17297,15609
2358,0,22698,37640,37640,14049,17104
2359,1,4698,15198,36137,15198,17830
2360,0,24636,39617,39617,19708,17498
2361,0,3320,13820,13820,19440,12997
2362,0,5192,15692,15692,10708,14996
2363,0,2272,12772,12772,14069,39451
2364,3,24631,38750,17986,37088,19952
2365,0,6157,16657,16657,18150,20942
2366,0,4254,14754,14754,35833,36414
2367,0,4773,15273,15273,13439,13711
2368,95,6575,17075,37453,11391,18325
2369,8,10087,20587,14509,37500,10962
2370,0,4709,15209,15209,18948,10618
2371,0,847,11347,11347,38172,39444
2372,0,7580,18080,18080,16672,20151
2373,0,5544,16044,16044,15991,17503
2374,0,5526,16026,16026,37007,14862
2375,0,838,11338,11338,38315,19206
2376,0,5461,15961,15961,12666,35416
2377,1,9809,20309,38352,20309,36761
2378,190,8545,19045,17263,36854,18367
2379,0,7457,17957,17957,16641,18348
2380,0,4597,15097,15097,20741,18648
2381,3,5916,16416,39033,16036,15653
2382,0,1417,11917,11917,16252,18574
2383,0,5785,16285,16285,35702,12179
2384,0,23521,37836,37836,17517,37452
2385,0,3848,14348,14348,12590,37891
2386,0,604,11104,11104,38752,17371
2387,0,9365,19865,19865,35685,37450
2388,0,24455,37835,37835,19370,20630
2389,0,2078,12578,12578,16494,11119
2390,0,9712,20212,20212,37995,20711
2391,0,2311,12811,12811,36713,20504
2392,0,9071,19571,19571,35373,14154
2393,1,4343,14843,17247,14843,17371
2394,0,1471,11971,11971,15134,35719
2395,1,1982,12482,37495,12482,18095
2396,7,8522,19022,17931,14397,39571
2397,0,4466,14966,14966,37980,20118
2398,0,199,10699,10699,37634,13850
2399,0,6676,17176,17176,13881,17743
2400,0,485,10985,10985,20268,37312
2401,0,3270,13770,13770,20047,38356
2402,0,4724,15224,15224,18259,14269
2403,5,5728,16228,16020,39361,18690
2404,1,2823,13323,38199,13323,11331
2405,0,4551,15051,15051,17232,37934
2406,0,21824,37660,37660,37108,14781
2407,0,5336,15836,15836,36522,15892
2408,0,3245,13745,13745,36963,37480
2409,0,4453,14953,14953,38412,12480
2410,0,10217,20717,20717,36047,18499
2411,0,5817,16317,16317,35357,36855
2412,0,10219,20719,20719,20186,18961
2413,0,3749,14249,14249,35536,17126
2414,0,2202,12702,12702,38104,15134
2415,0,8293,18793,18793,36355,20414
2416,1,25389,36876,19810,36876,11310
2417,0,2794,13294,13294,18428,14396
2418,0,7259,17759,17759,39621,11112
2419,0,25444,36899,36899,38195,13930
2420,0,23556,36655,36655,12749,16569
2421,0,524,11024,11024,11371,38855
2422,0,10499,20999,20999,13336,12374
2423,3,25483,38535,18683,35582,17254
2424,0,947,11447,11447,39252,14741
2425,0,21642,36211,36211,18605,18436
2426,1,21971,39309,17076,39309,13639
2427,0,24572,36516,36516,38619,16339
2428,2,1280,11780,11097,11938,11780
2429,2,9234,19734,35648,15957,19734
2430,0,122,10622,10622,36045,17709
2431,2,4366,14866,14814,17518,14866
2432,0,5885,16385,16385,18455,37369
2433,0,7068,17568,17568,11849,15439
2434,0,7917,18417,18417,39568,18168
2435,0,2302,12802,12802,13858,20867
2436,0,22846,38195,38195,14132,36899
2437,17,22739,38301,19998,16073,12177
2438,0,9414,19914,19914,15651,13144
2439,0,5820,16320,16320,11071,17788
2440,0,10311,20811,20811,16950,16019
2441,0,1005,11505,11505,38027,18367
2442,0,3460,13960,13960,36905,37222
2443,0,8211,18711,18711,38388,39152
2444,1,25086,37098,13257,37098,10755
2445,0,24000,38134,38134,20687,36116
2446,0,3055,13555,13555,13346,37342
2447,0,3566,14066,14066,14779,37394
2448,0,7066,17566,17566,15729,37411
2449,0,2132,12632,12632,19603,20198
2450,0,501,11001,11001,18662,11504
2451,0,24228,37935,37935,38379,11877
2452,0,3185,13685,13685,20544,16945
2453,0,6153,16653,16653,19996,13539
2454,0,8129,18629,18629,13141,19261
2455,0,229,10729,10729,37081,37961
2456,0,8881,19381,19381,15068,10902
2457,0,4001,14501,14501,11031,20060
2458,0,22656,36942,36942,10882,38661
2459,0,21302,38363,38363,37808,15327
2460,1,22532,35154,39235,35154,14982
2461,0,9202,19702,19702,37932,18860
2462,0,3007,13507,13507,37822,11206
2463,0,9383,19883,19883,13160,10696
2464,0,4587,15087,15087,17218,39412
2465,1,4221,14721,39327,14721,35789
2466,1,4305,14805,14079,14805,17263
2467,0,23267,39100,39100,19248,10537
2468,0,7571,18071,18071,18664,15390
2469,0,2750,13250,13250,13750,17314
2470,0,8992,19492,19492,36398,13897
2471,0,8857,19357,19357,35597,35427
2472,0,4376,14876,14876,12503,15315
2473,0,2944,13444,13444,15559,18295
2474,0,25061,35316,35316,37539,39553
2475,2,24620,39653,38878,19971,39653
2476,0,2718,13218,13218,38845,15079
2477,0,3362,13862,13862,20778,14102
2478,0,23167,35837,35837,14500,18662
2479,0,8459,18959,18959,38213,37604
2480,0,5824,16324,16324,37059,20214
2481,7,23769,36551,35544,16700,18198
2482,1,24629,39267,35455,39267,20121
2483,0,5230,15730,15730,15621,11185
2484,0,9792,20292,20292,35955,15573
2485,0,6746,17246,17246,14173,38410
2486,0,4161,14661,14661,20504,20441
2487,1,21567,37436,16007,37436,10770
2488,0,23954,36178,36178,19171,12895
2489,0,6878,17378,17378,15709,36504
2490,0,8608,19108,19108,36294,35963
2491,0,22524,38584,38584,16620,37600
2492,0,5322,15822,15822,15987,12514
2493,0,5561,16061,16061,38961,38006
2494,0,8928,19428,19428,36839,17106
2495,0,10298,20798,20798,19843,38423
2496,0,24919,37828,37828,36384,36818
2497,0,21665,37941,37941,36799,38966
2498,0,23856,36370,36370,35825,11025
2499,0,7463,17963,17963,15703,37700
2500,1,4867,15367,16585,15367,12933
2501,0,8742,19242,19242,14302,14614
2502,0,1017,11517,11517,16930,35335
2503,0,7949,18449,18449,35220,35363
2504,0,7646,18146,18146,18664,15390
2505,0,9627,20127,20127,38718,37347
2506,0,1928,12428,12428,38965,39258
2507,1,350,10850,14365,10850,36992
2508,1,6703,17203,37418,17203,16011
2509,0,24163,37849,37849,17814,20906
2510,0,223,10723,10723,18157,15508
2511,0,6030,16530,16530,38727,16145
2512,1,24014,38674,19869,38674,36741
2513,0,21646,37679,37679,39316,19066
2514,2,23818,39033,16036,16416,39033
2515,0,9174,19674,19674,20946,10933
2516,0,2500,13000,13000,35676,39487
2517,0,10328,20828,20828,14290,19484
2518,0,23018,35789,35789,17330,17746
2519,0,564,11064,11064,15521,16325
2520,0,1582,12082,12082,14175,17637
2521,0,5545,16045,16045,38705,37880
2522,0,2175,12675,12675,18047,17838
2523,0,9924,20424,20424,16756,16150
2524,0,22076,37108,37108,13833,37660
2525,0,22135,39624,39624,37579,36894
2526,0,3933,14433,14433,18287,19113
2527,0,21017,36598,36598,38392,37630
2528,0,2707,13207,13207,36503,14457
2529,0,24100,39468,39468,12338,14211
2530,0,9976,20476,20476,15081,13613
2531,0,5211,15711,15711,19097,39450
2532,0,24001,39239,39239,37844,10701
2533,0,9210,19710,19710,39426,16841
2534,0,22735,36580,36580,18972,12144
2535,0,3535,14035,14035,20385,19007
2536,0,8265,18765,18765,16059,18999
2537,0,24870,39054,39054,11718,17410
2538,0,2397,12897,12897,16510,11525
2539,2,6657,17157,16574,16155,17157
2540,0,3739,14239,14239,20908,19872
2541,0,23082,36355,36355,18793,16366
2542,0,821,11321,11321,13870,38309
2543,0,2063,12563,12563,10886,12881
2544,0,22469,38484,38484,11396,14479
2545,0,10120,20620,20620,11377,10720
2546,0,81,10581,10581,14825,35264
2547,0,5419,15919,15919,15274,12461
2548,0,22571,39286,39286,38012,16280
2549,1,24780,38551,37092,38551,10932
2550,0,9904,20404,20404,11598,36521
2551,0,2697,13197,13197,12838,38491
2552,0,831,11331,11331,38199,13323
2553,0,4574,15074,15074,19947,13440
2554,0,3826,14326,14326,14057,16395
2555,0,5924,16424,16424,16538,37558
2556,0,24143,35371,35371,17197,15234
2557,0,1397,11897,11897,14973,36395
2558,0,10251,20751,20751,36358,15763
2559,0,2833,13333,13333,13837,13746
2560,0,9921,20421,20421,12279,11695
2561,0,22450,38602,38602,16654,14010
2562,0,24659,38954,38954,38014,38337
2563,0,21397,37785,37785,20246,38097
2564,0,24854,37921,37921,38863,38875
2565,0,24616,36252,36252,11186,18902
2566,0,48,10548,10548,37243,11749
2567,4,9156,19656,15693,37279,11656
2568,0,8550,19050,19050,11773,15066
2569,0,25391,37548,37548,15612,36823
2570,0,6512,17012,17012,12695,38523
2571,0,22650,36090,36090,12870,16105
2572,0,7335,17835,17835,14256,18245
2573,0,21840,35895,35895,36284,37026
2574,0,6357,16857,16857,37157,14190
2575,0,4095,14595,14595,39510,13487
2576,0,2689,13189,13189,35173,38858
2577,0,1189,11689,11689,37670,39586
2578,0,25047,36136,36136,19163,15967
2579,1,4845,15345,37759,15345,39012
2580,0,5210,15710,15710,18581,13142
2581,0,3990,14490,14490,38145,35759
2582,2,2373,12873,18875,11167,12873
2583,0,24257,35693,35693,11202,12182
2584,0,5676,16176,16176,35243,19501
2585,0,23645,36692,36692,15731,16473
2586,0,2758,13258,13258,18183,38902
2587,0,9936,20436,20436,36402,19016
2588,0,6607,17107,17107,36787,13336
2589,7,9747,20247,38758,36814,12140
2590,0,9639,20139,20139,14672,17264
2591,1,2488,12988,36248,12988,37117
2592,0,2579,13079,13079,20219,35389
2593,0,24406,37393,37393,39312,18963
2594,0,25215,36787,36787,18588,17107
2595,0,3880,14380,14380,10958,15759
2596,0,21943,39115,39115,13262,38830
2597,6,8854,19354,11860,18070,10904
2598,1,9527,20027,39621,20027,13157
2599,0,4934,15434,15434,35701,16091
2600,0,23583,38425,38425,37948,16486
2601,2,8145,18645,17570,14138,18645
2602,0,2209,12709,12709,38476,14572
2603,0,5235,15735,15735,20648,15486
2604,0,3945,14445,14445,17913,14654
2605,0,21235,36471,36471,18397,14466
2606,0,9694,20194,20194,18920,16629
2607,0,2164,12664,12664,11859,16015
2608,1,2886,13386,39149,13386,17063
2609,0,7852,18352,18352,14056,10544
2610,0,22743,35474,35474,18702,17854
2611,0,24297,39560,39560,35650,38242
2612,0,516,11016,11016,13193,18345
2613,0,25350,36321,36321,15457,17613
2614,0,21816,36797,36797,13735,17305
2615,0,5666,16166,16166,35370,39388
2616,0,172,10672,10672,17259,12039
2617,0,639,11139,11139,20416,13077
2618,2,9863,20363,14758,12321,20363
2619,0,8935,19435,19435,39274,18121
2620,0,24074,39055,39055,18681,18116
2621,0,7690,18190,18190,10502,11230
2622,0,5065,15565,15565,15775,11080
2623,0,1143,11643,11643,20277,13711
2624,0,21900,35423,35423,10753,18202
2625,3,21438,38319,20227,15568,37678
2626,0,23079,37207,37207,10913,16823
2627,0,9946,20446,20446,35665,17368
2628,0,1832,12332,12332,11702,20506
2629,0,24892,39435,39435,18221,39187
2630,2,8862,19362,13657,37706,19362
2631,0,3686,14186,14186,15909,18486
2632,0,6227,16727,16727,39300,18353
2633,0,5700,16200,16200,35217,11862
2634,0,21749,36000,36000,11496,12315
2635,0,25030,38229,38229,15318,13903
2636,0,4537,15037,15037,35799,17683
2637,0,3515,14015,14015,15441,16200
2638,0,9668,20168,20168,18510,36392
2639,1,834,11334,11135,11334,39209
2640,0,2486,12986,12986,17301,10819
2641,0,24346,36613,36613,13996,14879
2642,0,8539,19039,19039,12580,37224
2643,0,9286,19786,19786,35834,36435
2644,0,23594,37451,37451,38283,37550
2645,0,24026,37883,37883,16208,15966
2646,0,9316,19816,19816,20380,18238
2647,0,5467,15967,15967,15637,14237
2648,0,4915,15415,15415,36550,20293
2649,0,65,10565,10565,12045,19217
2650,0,8037,18537,18537,17531,17025
2651,0,8405,18905,18905,35252,35745
2652,1,22207,37725,11055,37725,35915
2653,0,2024,12524,12524,11243,10817
2654,0,1872,12372,12372,11796,39133
2655,0,354,10854,10854,11612,17656
2656,0,5360,15860,15860,13798,18320
2657,0,1767,12267,12267,18374,17141
2658,0,22448,37043,37043,16573,36684
2659,0,9394,19894,19894,36434,36582
2660,2,6405,16905,18982,35948,16905
2661,0,4762,15262,15262,20649,15795
2662,0,1164,11664,11664,15762,16453
2663,0,23315,36792,36792,13938,35918
2664,2,24042,37842,12923,15500,37842
2665,0,3395,13895,13895,11381,15941
2666,0,8285,18785,18785,38212,14782
2667,0,22411,37357,37357,19504,17541
2668,0,4568,15068,15068,17919,11005
2669,0,9308,19808,19808,39412,16459
2670,0,3127,13627,13627,16469,14595
2671,0,23665,38236,38236,13447,16828
2672,3,6946,17446,16059,18999,18765
2673,1,309,10809,17414,10809,36281
2674,0,7203,17703,17703,19637,38190
2675,0,8593,19093,19093,39125,16751
2676,0,24614,38739,38739,20410,16387
2677,0,21299,35283,35283,12511,14465
2678,1,22857,36271,15236,36271,36885
2679,0,4354,14854,14854,10962,38341
2680,0,8893,19393,19393,16301,39523
2681,0,10444,20944,20944,39217,35281
2682,0,8204,18704,18704,16217,36025
2683,1,3587,14087,11028,14087,16397
2684,0,7223,17723,17723,12881,19675
2685,0,2583,13083,13083,17679,18075
2686,0,7420,17920,17920,18796,15105
2687,1,2770,13270,39358,13270,12157
2688,0,4812,15312,15312,12002,12195
2689,0,21358,35436,35436,15266,37812
2690,0,10203,20703,20703,36935,20850
2691,0,5087,15587,15587,11965,12641
2692,0,324,10824,10824,18719,38909
2693,0,5171,15671,15671,39017,37178
2694,0,5648,16148,16148,12772,39451
2695,2,6743,17243,17666,12711,17243
2696,0,3209,13709,13709,17502,14927
2697,17,9307,19807,15473,10806,10712
2698,0,3905,14405,14405,37085,12679
2699,0,21940,37015,37015,39625,12432
2700,0,1292,11792,11792,19851,19729
2701,0,5638,16138,16138,39232,10966
2702,0,21560,39087,39087,16925,14735
2703,0,8499,18999,18999,17446,16059
2704,0,8899,19399,19399,37190,17760
2705,2,2379,12879,19078,38600,12879
2706,0,10431,20931,20931,19062,11353
2707,10,9497,19997,39519,18405,39245
2708,0,3634,14134,14134,14556,16747
2709,0,4169,14669,14669,19607,36994
2710,0,8687,19187,19187,37101,38719
2711,0,6658,17158,17158,15253,14153
2712,0,25019,37405,37405,38126,36638
2713,0,21919,39369,39369,14978,39110
2714,0,3428,13928,13928,16274,11831
2715,0,4421,14921,14921,36235,20984
2716,0,1101,11601,11601,18517,18380
2717,0,21845,37447,37447,19877,15955
2718,0,7900,18400,18400,13896,38705
2719,0,21907,38961,38961,16061,36831
2720,0,3250,13750,13750,13250,16740
2721,0,4409,14909,14909,37608,35669
2722,6,4140,14640,13779,39383,18368
2723,0,3557,14057,14057,15477,38389
2724,8,709,11209,12711,37427,35435
2725,0,118,10618,10618,19675,38387
2726,0,2022,12522,12522,37366,13683
2727,0,4598,15098,15098,37273,39344
2728,0,7286,17786,17786,15503,36024
2729,0,6130,16630,16630,36348,37255
2730,0,22236,35601,35601,13257,10755
2731,0,6952,17452,17452,19112,13931
2732,0,22351,38151,38151,16832,20354
2733,0,2374,12874,12874,20209,38853
2734,0,24622,39103,39103,17623,16231
2735,0,21537,35401,35401,17234,37807
2736,0,9354,19854,19854,18119,18495
2737,0,5227,15727,15727,18881,13472
2738,0,23097,36462,36462,10992,16244
2739,0,6606,17106,17106,35560,37846
2740,0,4681,15181,15181,17221,14128
2741,1,22758,38345,37739,38345,11822
2742,3,8375,18875,12873,14552,17442
2743,0,5003,15503,15503,17786,18257
2744,0,9363,19863,19863,17866,37987
2745,6,25418,37577,39511,12785,37610
2746,0,10354,20854,20854,11189,17562
2747,0,4273,14773,14773,19384,39470
2748,0,5739,16239,16239,18045,11135
2749,2,22884,37253,17622,18178,37253
2750,0,9115,19615,19615,17135,39647
2751,0,21046,38393,38393,14185,36500
2752,0,5470,15970,15970,18550,19287
2753,0,5816,16316,16316,11508,16304
2754,2,1158,11658,36343,12410,11658
2755,0,24372,38013,38013,17306,11394
2756,0,8892,19392,19392,13233,19192
2757,0,87,10587,10587,20447,20024
2758,3,7702,18202,20983,15063,16342
2759,0,3382,13882,13882,20388,20133
2760,0,25148,38086,38086,36574,17201
2761,0,23539,36142,36142,36910,17177
2762,0,403,10903,10903,38467,15472
2763,0,24926,39254,39254,15148,17381
2764,0,3350,13850,13850,37634,10699
2765,0,25099,37136,37136,39068,15496
2766,0,7591,18091,18091,17180,35421
2767,0,25382,39593,39593,15215,13030
2768,0,6378,16878,16878,18553,13705
2769,0,2241,12741,12741,19056,14118
2770,1,22189,35330,14707,35330,11143
2771,1,6552,17052,35369,17052,11875
2772,0,7559,18059,18059,36973,20263
2773,0,21140,38293,38293,38839,19401
2774,0,6310,16810,16810,17276,11771
2775,0,1027,11527,11527,19394,15526
2776,0,22358,39384,39384,15990,11463
2777,1,3803,14303,35430,14303,20649
2778,0,5517,16017,16017,37938,38427
2779,0,2436,12936,12936,17464,36596
2780,1,4689,15189,36333,15189,18672
2781,1,10124,20624,36969,20624,13917
2782,0,5298,15798,15798,38084,11664
2783,0,1278,11778,11778,35226,13737
2784,1,9236,19736,11515,19736,10918
2785,0,6856,17356,17356,37047,14786
2786,0,2042,12542,12542,16378,36279
2787,0,21652,39266,39266,18731,12769
2788,0,6654,17154,17154,36891,10949
2789,0,6074,16574,16574,17157,16155
2790,0,5157,15657,15657,20772,16652
2791,2,1425,11925,17014,36976,11925
2792,2,5027,15527,11821,15292,15527
2793,2,5281,15781,20750,39601,15781
2794,0,9216,19716,19716,13431,12345
2795,0,1502,12002,12002,15312,15095
2796,2,22132,39265,13639,16419,39265
2797,0,24471,37499,37499,37498,20284
2798,0,21173,36929,36929,37500,14509
2799,0,9675,20175,20175,13402,10882
2800,0,21182,37522,37522,17994,18705
2801,0,6064,16564,16564,19061,13919
2802,0,678,11178,11178,12401,14064
2803,0,6673,17173,17173,11126,36401
2804,0,5851,16351,16351,19975,36956
2805,0,7194,17694,17694,37888,18150
2806,0,10414,20914,20914,16650,18207
2807,0,5265,15765,15765,39212,15364
2808,0,7551,18051,18051,19306,13423
2809,0,22110,37989,37989,15157,38679
2810,0,22267,35722,35722,19253,35864
2811,0,5053,15553,15553,15732,36753
2812,5,5215,15715,39383,13779,15769
2813,0,1850,12350,12350,11537,36967
2814,0,6522,17022,17022,11303,13730
2815,0,1070,11570,11570,20889,11549
2816,0,7934,18434,18434,19627,11344
2817,0,6784,17284,17284,10886,16732
2818,0,7406,17906,17906,16185,13224
2819,0,2480,12980,12980,20935,11382
2820,1,23122,37115,14473,37115,39169
2821,0,3392,13892,13892,18206,36737
2822,0,1099,11599,11599,18363,14772
2823,0,5484,15984,15984,19034,12041
2824,0,9103,19603,19603,20198,20207
2825,0,24076,36260,36260,36689,35320
2826,0,418,10918,10918,19736,38948
2827,129,9469,19969,15245,15365,38158
2828,7,5819,16319,14850,15390,15709
2829,0,7890,18390,18390,39497,17647
2830,262,1947,12447,13315,10660,10553
2831,0,8450,18950,18950,35279,36307
2832,0,3336,13836,13836,37598,36441
2833,0,2299,12799,12799,38827,16029
2834,0,9162,19662,19662,12649,15572
2835,0,21074,35561,35561,16616,12826
2836,0,21160,39323,39323,12313,36486
2837,0,208,10708,10708,36437,15692
2838,0,8288,18788,18788,35565,19924
2839,1,3682,14182,38531,14182,12757
2840,0,22400,38334,38334,12467,17861
2841,0,8222,18722,18722,15881,35877
2842,0,25144,39226,39226,20429,12699
2843,0,528,11028,11028,16397,11434
2844,0,5329,15829,15829,20516,12931
2845,0,779,11279,11279,16972,18723
2846,0,722,11222,11222,12663,20195
2847,2,7428,17928,20758,12354,17928
2848,0,9511,20011,20011,12510,14805
2849,0,7313,17813,17813,17814,10946
2850,0,1860,12360,12360,37767,11117
2851,0,24651,37374,37374,37425,16444
2852,2,21143,38995,18389,11964,38995
2853,0,22113,37356,37356,10506,36006
2854,0,21925,38269,38269,13586,13135
2855,0,1992,12492,12492,18590,14259
2856,0,2332,12832,12832,15308,19741
2857,0,10324,20824,20824,18264,11191
2858,0,6339,16839,16839,14488,17757
2859,2,9913,20413,13742,14268,20413
2860,0,24887,38367,38367,18751,14105
2861,0,6117,16617,16617,39205,15830
2862,0,3459,13959,13959,19987,14004
2863,0,7614,18114,18114,36275,11773
2864,0,6567,17067,17067,15480,18439
2865,0,24080,35922,35922,15575,17208
2866,0,8297,18797,18797,15807,37487
2867,0,21083,36420,36420,17660,17762
2868,0,9336,19836,19836,36907,20709
2869,0,5492,15992,15992,37372,13501
2870,0,21272,38166,38166,16880,17447
2871,1,4518,15018,19939,15018,36809
2872,0,22475,35645,35645,19350,17511
2873,0,8197,18697,18697,36697,13210
2874,0,5138,15638,15638,20384,14518
2875,1,6755,17255,16441,17255,37183
2876,0,24097,35849,35849,11003,20598
2877,0,24478,38782,38782,17611,35218
2878,1,257,10757,15278,10757,16621
2879,0,22022,39603,39603,39138,10946
2880,0,21011,37884,37884,36636,11809
2881,0,21965,37576,37576,14316,35218
2882,0,25342,36615,36615,13310,38256
2883,0,6931,17431,17431,15058,37195
2884,0,9601,20101,20101,19180,20016
2885,0,23219,39034,39034,11705,15664
2886,0,3625,14125,14125,12215,15081
2887,0,702,11202,11202,18518,37228
2888,2,3189,13689,16475,13387,13689
2889,0,503,11003,11003,10555,35849
2890,0,24094,36438,36438,14443,11159
2891,0,23914,37886,37886,16603,11960
2892,0,5441,15941,15941,11074,15042
2893,0,2556,13056,13056,39109,11537
2894,0,848,11348,11348,11595,18650
2895,5,2248,12748,13065,38322,19512
2896,0,5616,16116,16116,36764,20948
2897,0,9452,19952,19952,17986,37088
2898,0,372,10872,10872,19673,17594
2899,0,25413,37943,37943,16122,35523
2900,0,5317,15817,15817,20428,39045
2901,0,21119,35278,35278,13411,16117
2902,0,5487,15987,15987,15822,12514
2903,0,5303,15803,15803,38334,17861
2904,0,4052,14552,14552,12873,20510
2905,0,3937,14437,14437,36405,36413
2906,1,6252,16752,10625,16752,38708
2907,1,23925,39494,14918,39494,12284
2908,0,9546,20046,20046,12463,19346
2909,0,23212,36881,36881,14588,38427
2910,0,23434,37216,37216,19274,36538
2911,0,4076,14576,14576,39631,39623
2912,0,997,11497,11497,14637,35741
2913,0,4332,14832,14832,17236,18401
2914,0,8610,19110,19110,13052,16827
2915,0,1176,11676,11676,13068,35186
2916,0,25136,39185,39185,37894,13029
2917,0,551,11051,11051,12317,38815
2918,0,4840,15340,15340,11464,18964
2919,0,23969,37093,37093,12749,36655
2920,0,4372,14872,14872,10935,17498
2921,0,3497,13997,13997,37640,13244
2922,0,24387,39526,39526,16984,11904
2923,2,22493,39228,16831,39567,39228
2924,77,22551,39443,18966,14890,39156
2925,0,1407,11907,11907,12173,36990
2926,0,22676,37128,37128,16042,37944
2927,0,22599,37258,37258,38595,12931
2928,0,5176,15676,15676,19135,11143
2929,1,5829,16329,12282,16329,12717
2930,0,6062,16562,16562,16623,11266
2931,0,7792,18292,18292,35650,19237
2932,0,23628,37504,37504,35608,19394
2933,0,6775,17275,17275,39494,20867
2934,0,3588,14088,14088,38147,36415
2935,6,24333,39349,13321,14209,17393
2936,0,10266,20766,20766,16070,19136
2937,0,693,11193,11193,37843,14417
2938,0,2533,13033,13033,19588,19364
2939,0,5011,15511,15511,11117,36101
2940,0,3443,13943,13943,13121,38282
2941,0,982,11482,11482,15816,13387
2942,0,9372,19872,19872,20908,14239
2943,0,5943,16443,16443,17880,37443
2944,1,24436,38785,37973,38785,17085
2945,0,4222,14722,14722,11999,12643
2946,4,91,10591,11744,15636,15999
2947,0,5652,16152,16152,16260,14863
2948,0,2266,12766,12766,35839,36016
2949,0,21135,35377,35377,10749,14894
2950,0,8031,18531,18531,14356,11302
2951,0,9512,20012,20012,19283,12133
2952,0,9573,20073,20073,19632,15237
2953,0,261,10761,10761,19677,17499
2954,2,24512,39313,38856,16791,39313
2955,0,3337,13837,13837,13333,36132
2956,0,5497,15997,15997,38550,15898
2957,0,22476,39446,39446,12769,18496
2958,0,4016,14516,14516,37292,16129
2959,0,3626,14126,14126,38972,35535
2960,0,21106,35217,35217,16200,11862
2961,0,445,10945,10945,15440,38987
2962,7,6752,17252,12829,11940,12480
2963,0,5111,15611,15611,16048,14956
2964,0,5965,16465,16465,36233,20297
2965,0,3555,14055,14055,39262,37944
2966,0,2194,12694,12694,12381,12631
2967,0,9598,20098,20098,35425,12392
2968,0,7338,17838,17838,10566,20949
2969,0,21497,37470,37470,37561,17998
2970,0,3367,13867,13867,15898,38308
2971,1,9952,20452,20056,20452,37375
2972,2,2867,13367,37624,18710,13367
2973,0,2526,13026,13026,14822,15224
2974,0,23958,36737,36737,13892,20358
2975,0,7563,18063,18063,38624,13502
2976,0,8291,18791,18791,39511,11112
2977,0,10223,20723,20723,12623,14396
2978,0,1168,11668,11668,35647,37973
2979,0,4144,14644,14644,38753,37172
2980,0,5149,15649,15649,15751,19591
2981,0,84,10584,10584,16704,38224
2982,0,3149,13649,13649,12408,37691
2983,0,22733,37282,37282,17973,39547
2984,0,880,11380,11380,37255,16630
2985,0,6747,17247,17247,14843,13161
2986,0,21157,39019,39019,15780,38747
2987,0,6535,17035,17035,10732,16367
2988,0,25264,38987,38987,16132,20842
2989,0,9056,19556,19556,18569,19264
2990,0,1467,11967,11967,17088,20132
2991,0,22063,35590,35590,12202,38312
2992,3,5641,16141,10556,20459,20041
2993,0,6537,17037,17037,11192,18726
2994,0,9418,19918,19918,11629,19344
2995,0,452,10952,10952,14697,12637
2996,0,4326,14826,14826,18700,12236
2997,1,4044,14544,36770,14544,39576
2998,0,21216,36229,36229,17214,18783
2999,0,4137,14637,14637,11497,38735
3000,0,3039,13539,13539,16653,11992
3001,0,9096,19596,19596,20695,10711
3002,0,24876,37928,37928,17619,17637
3003,13,8413,18913,13490,16568,38385
3004,2,5825,16325,15521,11064,16325
3005,0,7796,18296,18296,36444,16818
3006,0,579,11079,11079,17652,12485
3007,0,5236,15736,15736,39090,11409
3008,0,6571,17071,17071,12661,38731
3009,0,10493,20993,20993,15183,18673
3010,0,7174,17674,17674,36637,11943
3011,0,7467,17967,17967,12768,15574
3012,0,23217,35658,35658,16331,35914
3013,0,9922,20422,20422,15346,39328
3014,0,22016,35680,35680,20016,37732
3015,0,5587,16087,16087,13058,15142
3016,0,24595,36431,36431,18766,39132
3017,1,2467,12967,18454,12967,16981
3018,0,4157,14657,14657,37534,13608
3019,0,6349,16849,16849,35931,15854
3020,0,9176,19676,19676,35206,38360
3021,0,413,10913,10913,16823,37207
3022,6,402,10902,16707,17033,20103
3023,0,4428,14928,14928,35609,12262
3024,0,2084,12584,12584,10884,38251
3025,0,3057,13557,13557,36332,11705
3026,0,24931,37701,37701,11751,15653
3027,0,24582,35852,35852,37705,16194
3028,0,7060,17560,17560,11292,14278
3029,3,164,10664,14747,13350,14522
3030,0,8692,19192,19192,18451,11205
3031,0,10044,20544,20544,35896,13685
3032,0,22762,38045,38045,36719,15812
3033,0,4302,14802,14802,19783,15094
3034,0,23040,37607,37607,14193,19411
3035,0,25230,35833,35833,14754,16282
3036,0,3317,13817,13817,20695,10711
3037,0,22394,36660,36660,39238,35750
3038,0,9941,20441,20441,18934,15760
3039,0,3934,14434,14434,13100,38773
3040,0,6851,17351,17351,17460,11721
3041,0,1847,12347,12347,10705,10848
3042,0,24117,36904,36904,13013,39333
3043,0,1334,11834,11834,16652,15657
3044,0,22590,36152,36152,38760,11308
3045,0,21317,37882,37882,11961,36301
3046,0,10296,20796,20796,16282,10933
3047,0,8807,19307,19307,36507,37809
3048,0,753,11253,11253,18323,18977
3049,0,3064,13564,13564,10537,19248
3050,1,21262,37654,36313,37654,14777
3051,0,6997,17497,17497,18148,20110
3052,0,7536,18036,18036,12629,38190
3053,2,24969,36279,13833,20782,36279
3054,0,706,11206,11206,12470,35776
3055,3,3491,13991,38336,39308,19207
3056,0,9575,20075,20075,19043,19827
3057,0,25376,38217,38217,39260,37558
3058,3,4573,15073,15743,19791,13800
3059,0,24165,36268,36268,19045,11952
3060,0,7054,17554,17554,13838,17355
3061,9,5580,16080,13270,19027,18469
3062,1,23552,37293,20385,37293,17980
3063,0,6840,17340,17340,39142,14638
3064,0,3151,13651,13651,16086,14401
3065,0,23123,39028,39028,18184,19363
3066,55,6523,17023,12802,19221,20867
3067,0,24687,39497,39497,18390,11650
3068,0,3799,14299,14299,39310,38582
3069,0,4022,14522,14522,18252,20238
3070,0,8871,19371,19371,36919,19042
3071,0,1074,11574,11574,15584,18699
3072,0,10020,20520,20520,16383,37072
3073,0,10383,20883,20883,13343,35389
3074,0,3438,13938,13938,15003,38107
3075,0,23361,39024,39024,38734,39025
3076,0,22461,38070,38070,17791,12254
3077,0,9962,20462,20462,36765,17364
3078,1,2429,12929,39424,12929,37771
3079,0,246,10746,10746,20837,18719
3080,0,3815,14315,14315,18090,14483
3081,0,22827,35775,35775,13898,35596
3082,0,3632,14132,14132,38195,12408
3083,1,9990,20490,15980,20490,11297
3084,0,2262,12762,12762,15379,13362
3085,0,2246,12746,12746,14162,19142
3086,0,835,11335,11335,11050,13903
3087,0,5064,15564,15564,38190,17703
3088,0,6202,16702,16702,38744,16762
3089,0,432,10932,10932,14817,38134
3090,0,7960,18460,18460,16486,13762
3091,0,1173,11673,11673,20357,12559
3092,0,8374,18874,18874,19617,18402
3093,0,6437,16937,16937,13103,16381
3094,0,8823,19323,19323,39237,10510
3095,0,4656,15156,15156,19119,14153
3096,0,8654,19154,19154,20581,12598
3097,0,5289,15789,15789,18533,20289
3098,0,3757,14257,14257,36342,36569
3099,0,10061,20561,20561,12675,13182
3100,0,9880,20380,20380,19816,18406
3101,0,250,10750,10750,36640,14164
3102,0,7671,18171,18171,36661,18502
3103,0,23392,39333,39333,35522,36904
3104,0,7334,17834,17834,10869,35706
3105,0,22288,37574,37574,37896,36596
3106,0,7952,18452,18452,35724,10656
3107,0,8018,18518,18518,15406,17753
3108,0,24676,38863,38863,37921,37452
3109,1,3407,13907,20310,13907,38920
3110,0,2729,13229,13229,11127,20468
3111,0,24678,39507,39507,20329,20289
3112,0,8948,19448,19448,16088,38820
3113,0,433,10933,10933,20946,17419
3114,0,24873,36759,36759,11588,15795
3115,0,7422,17922,17922,39195,39194
3116,0,7592,18092,18092,15463,17083
3117,0,22294,35980,35980,17774,36734
3118,0,22835,38298,38298,36002,35541
3119,1,25191,39149,13386,39149,17063
3120,0,21021,39227,39227,18304,10836
3121,0,23442,38118,38118,18526,13846
3122,0,24169,38559,38559,39529,19053
3123,0,21817,35823,35823,17777,19501
3124,0,5629,16129,16129,14516,16486
3125,0,4002,14502,14502,36012,12067
3126,0,10455,20955,20955,20636,19211
3127,0,4753,15253,15253,17158,14153
3128,0,1332,11832,11832,20187,36126
3129,2,9854,20354,13292,16832,20354
3130,2,8101,18601,38930,15409,18601
3131,10,4196,14696,18617,15018,36659
3132,0,1443,11943,11943,18312,36057
3133,0,3681,14181,14181,16132,16249
3134,0,21405,36721,36721,38890,20572
3135,3,4310,14810,36081,37246,10863
3136,0,7448,17948,17948,16749,17265
3137,0,4899,15399,15399,10703,18995
3138,0,8272,18772,18772,37876,10556
3139,0,3985,14485,14485,11341,10789
3140,0,22914,39231,39231,36191,12127
3141,0,22810,37992,37992,14054,20176
3142,0,24302,36470,36470,20548,16415
3143,0,8784,19284,19284,39550,17760
3144,0,2569,13069,13069,13390,14091
3145,0,23989,35366,35366,18520,18844
3146,1,4277,14777,38514,14777,15764
3147,0,3666,14166,14166,13442,38756
3148,0,23711,36429,36429,11134,10772
3149,0,23412,39511,39511,12785,11112
3150,0,2446,12946,12946,13792,11096
3151,0,6821,17321,17321,35522,36936
3152,0,24190,37789,37789,36890,19858
3153,1,6520,17020,17928,17020,12354
3154,2,5802,16302,13433,19745,16302
3155,0,3657,14157,14157,17769,17091
3156,0,22211,38097,38097,10870,37785
3157,0,24443,36742,36742,13295,38523
3158,0,3172,13672,13672,16134,13278
3159,0,1223,11723,11723,18449,35363
3160,0,7272,17772,17772,16193,36367
3161,0,3639,14139,14139,37822,37793
3162,0,4166,14666,14666,13238,13387
3163,0,544,11044,11044,13481,38359
3164,0,1204,11704,11704,38929,13327
3165,0,21474,37571,37571,19607,37572
3166,0,8816,19316,19316,10654,36875
3167,0,21605,38321,38321,18106,37257
3168,0,7242,17742,17742,16868,36097
3169,0,2637,13137,13137,13952,13132
3170,2,21758,39179,13422,18109,39179
3171,0,8839,19339,19339,35168,35842
3172,0,21993,38053,38053,35606,16685
3173,3,22992,37969,18416,14013,20554
3174,0,6758,17258,17258,15595,15163
3175,0,22184,37734,37734,19347,35575
3176,0,7838,18338,18338,17243,12063
3177,0,877,11377,11377,13130,10720
3178,0,25002,37020,37020,19232,13597
3179,0,196,10696,10696,35518,38278
3180,0,21249,39273,39273,35521,38242
3181,0,3383,13883,13883,16140,35752
3182,0,4379,14879,14879,36613,19396
3183,0,24558,37372,37372,15992,13501
3184,0,24790,35375,35375,14762,18674
3185,3,2997,13497,16700,19897,20897
3186,4,3908,14408,39147,18144,39040
3187,11,2571,13071,17492,17210,14145
3188,0,7688,18188,18188,12515,18046
3189,6,1755,12255,16020,16765,39361
3190,0,6496,16996,16996,13915,12902
3191,0,22507,37596,37596,37577,18320
3192,0,22615,38718,38718,20127,37261
3193,0,25460,39020,39020,37640,36163
3194,0,5721,16221,16221,14943,37649
3195,0,6443,16943,16943,18809,17651
3196,0,24237,38798,38798,11057,18346
3197,0,4969,15469,15469,35432,19091
3198,0,6964,17464,17464,12936,19995
3199,0,6814,17314,17314,18049,13750
3200,0,6479,16979,16979,13483,13639
3201,1,4711,15211,14988,15211,39228
3202,6,4163,14663,20929,14706,38332
3203,0,23866,37256,37256,14505,15092
3204,0,9084,19584,19584,19696,15573
3205,0,23940,35891,35891,10554,16178
3206,0,24304,37045,37045,12679,37085
3207,0,2682,13182,13182,15266,13639
3208,0,23136,38616,38616,12937,15419
3209,0,2508,13008,13008,36223,36518
3210,0,8075,18575,18575,37615,36176
3211,0,1510,12010,12010,15110,19919
3212,1,4314,14814,16807,14814,17744
3213,0,9445,19945,19945,19750,36885
3214,0,8483,18983,18983,37956,36544
3215,0,5356,15856,15856,17868,37882
3216,0,6639,17139,17139,17602,13776
3217,0,5972,16472,16472,18807,12725
3218,2,1244,11744,15999,15636,11744
3219,0,3734,14234,14234,13228,14735
3220,0,8863,19363,19363,12234,10633
3221,1,21449,37881,16343,37881,18846
3222,0,4121,14621,14621,12680,15603
3223,0,22292,37449,37449,18660,36367
3224,0,4995,15495,15495,36736,10902
3225,0,24637,35498,35498,36880,10778
3226,0,8318,18818,18818,19300,17714
3227,0,1876,12376,12376,16910,14213
3228,0,21624,39361,39361,16765,16020
3229,0,5262,15762,15762,11664,37498
3230,0,254,10754,10754,35628,19675
3231,0,8146,18646,18646,35307,35219
3232,0,4511,15011,15011,39061,16733
3233,0,9266,19766,19766,38774,12566
3234,0,5159,15659,15659,35703,36278
3235,0,25303,37019,37019,17586,38180
3236,0,7764,18264,18264,20824,11191
3237,0,759,11259,11259,17253,13332
3238,11,5481,15981,10781,10904,35517
3239,0,654,11154,11154,39322,36714
3240,0,5297,15797,15797,14420,14759
3241,0,9386,19886,19886,17493,11472
3242,0,5812,16312,16312,14783,38266
3243,0,5288,15788,15788,14705,15136
3244,0,2892,13392,13392,17031,16191
3245,0,3401,13901,13901,12836,16501
3246,1,7626,18126,11286,18126,19971
3247,1,5636,16136,20481,16136,11308
3248,0,1420,11920,11920,39470,14773
3249,0,3044,13544,13544,19263,38338
3250,6,2830,13330,19680,15820,20701
3251,0,24772,35816,35816,18194,38777
3252,0,328,10828,10828,38184,11231
3253,0,10480,20980,20980,15170,37690
3254,0,253,10753,10753,35423,19762
3255,2,22913,38185,11974,15369,38185
3256,0,7318,17818,17818,36756,11110
3257,0,6159,16659,16659,18052,19143
3258,0,5323,15823,15823,12068,37009
3259,0,8665,19165,19165,16226,38997
3260,0,25034,35809,35809,11971,35192
3261,0,4377,14877,14877,12209,15811
3262,0,6022,16522,16522,13335,15617
3263,0,5092,15592,15592,13819,17068
3264,0,9257,19757,19757,17897,14974
3265,0,5377,15877,15877,38401,13352
3266,0,3019,13519,13519,16901,35528
3267,0,3029,13529,13529,36836,17138
3268,1,9740,20240,16111,20240,16071
3269,0,2636,13136,13136,38767,17770
3270,1,21510,37831,36494,37831,18230
3271,0,9532,20032,20032,10571,12639
3272,0,1131,11631,11631,11179,18758
3273,0,3018,13518,13518,15021,35173
3274,0,2945,13445,13445,19584,39117
3275,0,3659,14159,14159,13008,15878
3276,0,22953,38431,38431,15464,37864
3277,0,25010,35545,35545,17164,36830
3278,0,21951,36450,36450,16074,37144
3279,0,8703,19203,19203,37662,14714
3280,0,2663,13163,13163,12780,35303
3281,0,22314,38390,38390,14449,20368
3282,12,5378,15878,39143,20264,20542
3283,0,8359,18859,18859,38846,11462
3284,0,1362,11862,11862,35217,20429
3285,0,7180,17680,17680,19087,20625
3286,0,21287,35400,35400,38549,16672
3287,0,5533,16033,16033,16191,11648
3288,0,3481,13981,13981,12061,11172
3289,0,21335,39105,39105,14880,15347
3290,0,6255,16755,16755,38114,18660
3291,0,21319,37697,37697,37310,19773
3292,0,8747,19247,19247,38936,14718
3293,0,21918,37362,37362,13193,38511
3294,0,5112,15612,15612,37548,15630
3295,0,5940,16440,16440,17580,15023
3296,0,7981,18481,18481,15297,17962
3297,0,25284,36045,36045,10622,17709
3298,0,10144,20644,20644,17991,35555
3299,0,2880,13380,13380,16504,11786
3300,0,5839,16339,16339,14636,38953
3301,0,3381,13881,13881,17372,37866
3302,0,22548,37204,37204,20463,11280
3303,0,1302,11802,11802,35457,37424
3304,0,24273,38866,38866,19036,11655
3305,2,7442,17942,39124,20625,17942
3306,0,4957,15457,15457,13439,36321
3307,0,4836,15336,15336,35560,15411
3308,0,21976,35302,35302,20506,18652
3309,0,8704,19204,19204,35872,18625
3310,0,24300,38129,38129,16052,11071
3311,0,5720,16220,16220,36778,19961
3312,0,8188,18688,18688,13723,11512
3313,0,9618,20118,20118,18712,14966
3314,0,942,11442,11442,35944,37573
3315,0,24278,36870,36870,17787,18889
3316,0,3235,13735,13735,16173,36797
3317,2,21023,39483,11487,12302,39483
3318,0,3257,13757,13757,39165,10956
3319,0,23786,35976,35976,17843,35975
3320,0,25309,35731,35731,36175,20953
3321,0,176,10676,10676,39631,35365
3322,0,435,10935,10935,14872,14248
3323,5,23581,36008,15622,20867,37854
3324,0,7049,17549,17549,13625,16927
3325,2,308,10808,38019,14899,10808
3326,0,1565,12065,12065,35615,13338
3327,0,3964,14464,14464,36865,14061
3328,0,6727,17227,17227,38420,10743
3329,0,2135,12635,12635,12113,13845
3330,0,9060,19560,19560,11162,16038
3331,0,21077,37825,37825,19511,35467
3332,0,22790,35522,35522,39333,17321
3333,0,21847,36677,36677,11047,13604
3334,0,4977,15477,15477,12775,14057
3335,0,8664,19164,19164,11246,13067
3336,0,22329,38263,38263,20390,38262
3337,0,595,11095,11095,12476,10542
3338,0,7393,17893,17893,17331,20195
3339,0,2276,12776,12776,16729,11197
3340,1,7072,17572,20294,17572,16407
3341,1,6830,17330,35789,17330,39327
3342,0,4625,15125,15125,20271,14633
3343,0,9245,19745,19745,16302,13334
3344,0,5332,15832,15832,20055,37400
3345,0,22149,36186,36186,10661,12990
3346,1,5351,15851,38414,15851,10638
3347,0,23890,37117,37117,11843,18845
3348,0,2623,13123,13123,10901,36710
3349,1,9628,20128,14267,20128,11689
3350,0,4572,15072,15072,11075,38709
3351,0,25346,35996,35996,17660,35547
3352,1,24963,38385,14086,38385,13490
3353,0,231,10731,10731,13270,11428
3354,9,179,10679,14068,17244,39498
3355,0,7882,18382,18382,36357,14990
3356,8,737,11237,15064,39478,14173
3357,0,21783,39076,39076,18268,14951
3358,0,10264,20764,20764,12604,16582
3359,0,23990,35609,35609,14928,17679
3360,2,3865,14365,10850,36992,14365
3361,0,5865,16365,16365,13489,15137
3362,0,25157,35541,35541,36368,38298
3363,0,6057,16557,16557,11440,16632
3364,0,9199,19699,19699,35685,11442
3365,0,23619,35797,35797,19092,12161
3366,0,109,10609,10609,11146,17472
3367,0,5705,16205,16205,17782,12139
3368,0,8481,18981,18981,35162,13091
3369,6,1321,11821,19861,18876,37700
3370,0,5935,16435,16435,17288,12053
3371,0,1995,12495,12495,11760,35402
3372,5,6495,16995,10877,17006,15024
3373,0,755,11255,11255,14949,38565
3374,0,8650,19150,19150,35393,38934
3375,0,22300,38727,38727,16530,16145
3376,1,5137,15637,16052,15637,38129
3377,0,21771,37608,37608,14909,35669
3378,0,800,11300,11300,11733,36832
3379,0,23250,35975,35975,35766,13883
3380,0,2086,12586,12586,38542,39400
3381,0,5501,16001,16001,16965,18857
3382,2,6200,16700,13497,20897,16700
3383,0,9549,20049,20049,19616,20164
3384,1,69,10569,39161,10569,14370
3385,0,5367,15867,15867,10692,11871
3386,0,9636,20136,20136,16489,17403
3387,0,24310,37695,37695,20702,37194
3388,0,10274,20774,20774,12913,16276
3389,0,5682,16182,16182,11567,15111
3390,0,8873,19373,19373,16487,14332
3391,0,25315,35842,35842,11243,14335
3392,0,10149,20649,20649,14303,35430
3393,0,5170,15670,15670,17307,18866
3394,0,1680,12180,12180,36229,18783
3395,0,24691,35885,35885,35965,19824
3396,15,377,10877,16279,14863,12032
3397,0,1469,11969,11969,37215,16602
3398,0,21122,35728,35728,20150,39139
3399,5,5961,16461,11122,20406,12153
3400,0,2603,13103,13103,17055,16381
3401,0,4181,14681,14681,16698,13121
3402,0,9272,19772,19772,39278,20057
3403,0,7868,18368,18368,13779,14640
3404,0,8827,19327,19327,10655,10995
3405,0,21065,36275,36275,18114,36803
3406,0,22719,38848,38848,20619,20738
3407,0,4505,15005,15005,20165,11416
3408,0,22118,39552,39552,36117,15755
3409,0,7048,17548,17548,12861,36662
3410,1,4230,14730,11129,14730,17087
3411,0,9024,19524,19524,36169,36261
3412,1,22378,38257,13635,38257,36852
3413,0,3091,13591,13591,35491,16535
3414,0,2726,13226,13226,12486,20685
3415,3,477,10977,13659,17273,37462
3416,0,1329,11829,11829,19181,36344
3417,0,2283,12783,12783,18019,18922
3418,0,3732,14232,14232,13230,39434
3419,0,22732,39125,39125,19093,18867
3420,0,9676,20176,20176,14054,37992
3421,0,5873,16373,16373,37230,10932
3422,0,5557,16057,16057,16507,19967
3423,0,751,11251,11251,19698,15126
3424,0,22381,38771,38771,15297,39123
3425,5,2300,12800,19614,13494,17814
3426,0,21752,37271,37271,10819,35209
3427,0,873,11373,11373,38545,20835
3428,0,6620,17120,17120,38330,18927
3429,0,8847,19347,19347,37734,35575
3430,4,5127,15627,18354,19908,14293
3431,0,9810,20310,20310,17062,13021
3432,0,25055,38158,38158,15245,11544
3433,8,4564,15064,15568,20227,37678
3434,0,1545,12045,12045,10565,14595
3435,0,739,11239,11239,11841,37110
3436,0,22375,37493,37493,14977,14624
3437,7,2683,13183,12458,15820,15155
3438,0,24822,38471,38471,17093,18877
3439,1,21155,35678,14413,35678,17240
3440,0,22502,35710,35710,13038,38426
3441,16,5121,15621,15321,20959,39219
3442,0,6984,17484,17484,18343,38158
3443,0,6795,17295,17295,13334,20662
3444,0,9966,20466,20466,15126,37155
3445,5,7608,18108,14677,11915,12310
3446,1,3518,14018,39204,14018,13372
3447,0,10496,20996,20996,16503,38561
3448,0,2354,12854,12854,10794,14822
3449,0,23845,37310,37310,18851,16094
3450,0,23738,37999,37999,35582,39137
3451,0,773,11273,11273,17034,11500
3452,0,7965,18465,18465,12082,18809
3453,0,23699,37879,37879,12793,19565
3454,0,5200,15700,15700,39387,19911
3455,0,21328,36490,36490,15835,15445
3456,0,641,11141,11141,14215,13486
3457,0,10079,20579,20579,11955,17946
3458,0,23251,37245,37245,17268,15417
3459,0,8727,19227,19227,13094,13141
3460,0,3203,13703,13703,17954,37782
3461,0,7288,17788,17788,10520,11071
3462,0,4309,14809,14809,12254,16296
3463,384,5204,15704,39524,16827,20137
3464,5,6249,16749,20240,16111,16071
3465,0,865,11365,11365,18151,36951
3466,0,5516,16016,16016,39240,36179
3467,0,9617,20117,20117,17855,39207
3468,1,24459,39005,20859,39005,11428
3469,0,22289,38767,38767,12252,13136
3470,0,6923,17423,17423,38148,13047
3471,0,22786,39485,39485,36731,15567
3472,0,10364,20864,20864,36716,15810
3473,19,9415,19915,20753,10789,12439
3474,0,24320,35830,35830,13355,11040
3475,0,962,11462,11462,38846,14931
3476,0,23389,39447,39447,17337,11550
3477,0,24995,35753,35753,38724,14766
3478,1,23099,36069,37779,36069,12945
3479,0,21168,39017,39017,14148,15671
3480,0,10477,20977,20977,12005,18253
3481,0,24755,37793,37793,39256,16224
3482,3,3309,13809,35246,14908,17525
3483,0,2166,12666,12666,11794,35416
3484,0,363,10863,10863,37246,38277
3485,0,23430,36102,36102,20747,11548
3486,0,3723,14223,14223,39104,10946
3487,0,2825,13325,13325,10904,11005
3488,0,5133,15633,15633,39140,11254
3489,0,7670,18170,18170,19842,10552
3490,0,3597,14097,14097,12708,12497
3491,0,4726,15226,15226,14651,16451
3492,0,546,11046,11046,19153,20142
3493,0,2940,13440,13440,20960,39090
3494,0,471,10971,10971,15028,35405
3495,1,1641,12141,16209,12141,13711
3496,0,23377,37589,37589,11456,13652
3497,0,3338,13838,13838,17355,17554
3498,0,8216,18716,18716,11615,12765
3499,0,1172,11672,11672,35840,17803
3500,0,6983,17483,17483,16386,36448
3501,0,9401,19901,19901,16158,14485
3502,0,5273,15773,15773,37575,20095
3503,0,6672,17172,17172,17461,18344
3504,1,6085,16585,15367,16585,12933
3505,0,22336,35252,35252,18905,18407
3506,0,8014,18514,18514,36943,38862
3507,0,24520,37538,37538,18623,17864
3508,4,23639,39134,39568,18417,17994
3509,0,3364,13864,13864,38840,20661
3510,0,24327,39381,39381,38224,19421
3511,345,8309,18809,14636,13953,17007
3512,2,6724,17224,12403,16272,17224
3513,10,21014,37481,35635,19532,12399
3514,4,1410,11910,14899,10808,38019
3515,0,9440,19940,19940,36718,12433
3516,0,10036,20536,20536,19641,14866
3517,0,6666,17166,17166,20816,35639
3518,0,8276,18776,18776,16169,13874
3519,0,22515,37013,37013,12669,12902
3520,0,2694,13194,13194,15958,13286
3521,1,815,11315,39516,11315,13689
3522,0,6500,17000,17000,14176,36247
3523,0,6762,17262,17262,15898,14030
3524,0,22478,35417,35417,10859,36185
3525,0,7322,17822,17822,10792,37140
3526,0,2131,12631,12631,15528,37885
3527,3,1797,12297,15324,13292,38452
3528,0,22633,35279,35279,18950,36307
3529,0,7727,18227,18227,37532,37577
3530,0,4575,15075,15075,39424,37771
3531,1,5190,15690,38773,15690,16343
3532,1,3122,13622,13367,13622,19992
3533,0,7540,18040,18040,38845,15079
3534,0,5853,16353,16353,15929,35625
3535,0,5365,15865,15865,35989,15398
3536,0,9043,19543,19543,13094,12412
3537,0,4275,14775,14775,18719,11112
3538,0,24092,38545,38545,11373,20835
3539,0,3089,13589,13589,10713,38770
3540,1,25224,37747,37694,37747,36291
3541,43,25331,37364,37506,18381,13220
3542,0,21051,39629,39629,39598,37801
3543,0,9609,20109,20109,14582,13261
3544,0,5253,15753,15753,13051,14771
3545,0,237,10737,10737,17100,36936
3546,10,1532,12032,14863,17861,39396
3547,0,21788,38791,38791,12775,19280
3548,0,8402,18902,18902,18653,36252
3549,1,3410,13910,37994,13910,20744
3550,0,2831,13331,13331,14451,12573
3551,0,25240,38326,38326,19611,35195
3552,0,7779,18279,18279,11014,13541
3553,0,1535,12035,12035,37799,37917
3554,0,23298,38418,38418,19828,16849
3555,0,3879,14379,14379,15596,20128
3556,0,7435,17935,17935,12794,11817
3557,0,5302,15802,15802,35399,20784
3558,2,8909,19409,13148,37657,19409
3559,0,23776,37510,37510,18627,35206
3560,0,9407,19907,19907,14466,37388
3561,0,1299,11799,11799,17079,35659
3562,0,6739,17239,17239,19095,12883
3563,0,6273,16773,16773,19275,11131
3564,3,5499,15999,10591,11744,19234
3565,17,9230,19730,17285,13779,13360
3566,0,22479,39623,39623,10893,14411
3567,0,10046,20546,20546,12877,38812
3568,0,6934,17434,17434,36262,18289
3569,1,8183,18683,38535,18683,35582
3570,0,24553,35355,35355,15677,35354
3571,0,25406,36656,36656,15282,12071
3572,0,1480,11980,11980,13403,12090
3573,0,2793,13293,13293,38025,36839
3574,0,1601,12101,12101,37501,18408
3575,0,24162,39328,39328,11856,15027
3576,5,5091,15591,36372,39248,38504
3577,0,7983,18483,18483,16606,14786
3578,0,7067,17567,17567,18894,17447
3579,0,6804,17304,17304,35883,20599
3580,0,2329,12829,12829,11940,12480
3581,0,8552,19052,19052,12488,18945
3582,0,8337,18837,18837,13245,16619
3583,0,9247,19747,19747,11560,36565
3584,0,21322,35435,35435,12711,12063
3585,0,3661,14161,14161,17480,35925
3586,0,8437,18937,18937,14303,20649
3587,0,21819,36921,36921,17176,11454
3588,1,555,11055,37725,11055,13276
3589,0,4825,15325,15325,18904,17488
3590,0,1163,11663,11663,14286,17160
3591,0,5680,16180,16180,36735,37223
3592,0,9589,20089,20089,38724,35263
3593,2,4715,15215,37433,11446,15215
3594,0,397,10897,10897,35582,15413
3595,0,25384,36285,36285,36131,38850
3596,0,2506,13006,13006,11606,19047
3597,0,23933,37856,37856,11865,37036
3598,0,3836,14336,14336,16149,19460
3599,0,21473,38679,38679,10941,37990
3600,511,9193,19693,20605,37404,20260
3601,0,3010,13510,13510,20154,38200
3602,0,10226,20726,20726,16650,20914
3603,1,723,11223,10845,11223,20263
3604,2,300,10800,16800,13147,10800
3605,0,22888,37244,37244,38283,10548
3606,1,8908,19408,38482,19408,17738
3607,0,7328,17828,17828,35447,11654
3608,0,4294,14794,14794,39235,14982
3609,0,8113,18613,18613,16754,14983
3610,0,4185,14685,14685,12238,39155
3611,0,21025,38142,38142,19540,36849
3612,0,6954,17454,17454,14171,37873
3613,0,8269,18769,18769,36357,18382
3614,2,21220,39404,16700,20897,39404
3615,0,3142,13642,13642,12430,15199
3616,0,9939,20439,20439,16640,17279
3617,0,22085,38981,38981,18961,38878
3618,0,22434,35860,35860,37355,11483
3619,0,3205,13705,13705,19460,16878
3620,0,4955,15455,15455,15426,12439
3621,0,4582,15082,15082,15214,13075
3622,1,22821,38255,15694,38255,15591
3623,0,7367,17867,17867,18953,16534
3624,0,24927,39599,39599,12543,14103
3625,0,9770,20270,20270,38413,19975
3626,0,24556,39345,39345,38867,16311
3627,0,24573,37895,37895,12792,15144
3628,0,7433,17933,17933,36265,15688
3629,0,7704,18204,18204,11565,16560
3630,7,22922,36933,11435,15799,16778
3631,0,1152,11652,11652,13597,18457
3632,6,21357,39640,14173,38319,11237
3633,0,6965,17465,17465,18648,17207
3634,0,1212,11712,11712,36523,18748
3635,0,4503,15003,15003,15072,11075
3636,0,7055,17555,17555,38881,11289
3637,0,10118,20618,20618,14418,15679
3638,0,21682,36951,36951,11365,15557
3639,0,25208,39207,39207,13798,37433
3640,0,5894,16394,16394,20229,16384
3641,0,24178,36781,36781,11985,35789
3642,0,8637,19137,19137,39030,16439
3643,0,23098,38582,38582,39310,10892
3644,0,5427,15927,15927,18759,14580
3645,0,21038,38351,38351,18736,11007
3646,0,21543,35588,35588,38357,12927
3647,0,665,11165,11165,38324,16203
3648,0,25435,38187,38187,36688,38603
3649,0,7216,17716,17716,35489,11410
3650,0,5994,16494,16494,12578,11119
3651,0,642,11142,11142,11361,37762
3652,0,21950,38528,38528,35247,20275
3653,15,3767,14267,14994,38846,18859
3654,0,4272,14772,14772,18363,13571
3655,0,22629,39000,39000,14260,38416
3656,0,21757,39161,39161,10569,14370
3657,0,6123,16623,16623,16562,17428
3658,0,8331,18831,18831,38911,12632
3659,0,786,11286,11286,10865,37287
3660,0,2857,13357,13357,17614,38518
3661,0,6112,16612,16612,13143,17852
3662,0,22647,35266,35266,37743,13170
3663,0,3202,13702,13702,19214,37721
3664,0,22465,37585,37585,11628,38497
3665,0,8916,19416,19416,13553,37101
3666,1,10315,20815,20413,20815,39020
3667,0,7600,18100,18100,14646,10954
3668,0,4187,14687,14687,11081,18325
3669,0,7853,18353,18353,16727,39300
3670,0,23882,37910,37910,13172,36308
3671,0,24331,37085,37085,14405,12679
3672,4,4824,15324,20336,36026,38452
3673,0,8332,18832,18832,14617,12688
3674,0,6067,16567,16567,35408,14965
3675,0,2905,13405,13405,14812,39494
3676,0,4626,15126,15126,11251,20466
3677,1,9635,20135,36915,20135,16666
3678,0,996,11496,11496,36000,12315
3679,0,7131,17631,17631,12693,14017
3680,0,21695,38167,38167,18911,35344
3681,1,23190,39167,14905,39167,15533
3682,0,7246,17746,17746,37218,11126
3683,0,21664,35356,35356,18440,39515
3684,0,6408,16908,16908,11554,14713
3685,0,7787,18287,18287,14433,19113
3686,0,6250,16750,16750,13066,12384
3687,0,9205,19705,19705,37622,15693
3688,0,8055,18555,18555,16589,39439
3689,0,23170,38950,38950,17270,39053
3690,0,5523,16023,16023,37634,20961
3691,0,23540,37743,37743,35266,17745
3692,0,7505,18005,18005,38492,17616
3693,0,156,10656,10656,18452,13412
3694,0,9868,20368,20368,12105,13470
3695,0,3085,13585,13585,38494,20768
3696,0,10425,20925,20925,18076,19470
3697,0,1552,12052,12052,15318,18433
3698,0,8774,19274,19274,37216,15821
3699,0,22134,39252,39252,11447,39609
3700,0,495,10995,10995,17571,17970
3701,0,2321,12821,12821,18865,35376
3702,0,912,11412,11412,13169,39301
3703,0,9044,19544,19544,14483,16874
3704,0,151,10651,10651,39390,18760
3705,0,23277,37924,37924,18578,11709
3706,0,24407,36033,36033,18484,36130
3707,0,10243,20743,20743,16374,14368
3708,0,1738,12238,12238,17823,17779
3709,0,3001,13501,13501,35228,15992
3710,0,9263,19763,19763,13981,10693
3711,0,6961,17461,17461,17172,16413
3712,0,21471,38177,38177,14517,16736
3713,0,2883,13383,13383,11766,38586
3714,0,3720,14220,14220,20417,14289
3715,0,7127,17627,17627,13285,36060
3716,0,888,11388,11388,38527,36276
3717,0,5471,15971,15971,12206,38873
3718,0,3201,13701,13701,11757,17427
3719,0,9696,20196,20196,11248,19764
3720,0,4823,15323,15323,38382,38061
3721,0,4704,15204,15204,19048,16744
3722,0,343,10843,10843,17183,14981
3723,671,4136,14636,38506,37364,19362
3724,0,21591,35444,35444,36337,15731
3725,0,3188,13688,13688,17463,14005
3726,0,4522,15022,15022,38608,37050
3727,0,2223,12723,12723,10652,35482
3728,1,2121,12621,19282,12621,12845
3729,0,6858,17358,17358,16364,37096
3730,0,10385,20885,20885,13912,16693
3731,0,9669,20169,20169,19397,38035
3732,0,8913,19413,19413,18930,18106
3733,0,23032,36513,36513,14260,35794
3734,0,7366,17866,17866,19863,37312
3735,0,21863,39578,39578,18611,17239
3736,0,4734,15234,15234,36717,39162
3737,9,1465,11965,38138,17333,13252
3738,0,4593,15093,15093,10648,18570
3739,3,3565,14065,19653,15628,36030
3740,0,5840,16340,16340,12415,15928
3741,0,283,10783,10783,11997,12341
3742,0,23977,38563,38563,11347,17990
3743,0,6175,16675,16675,15755,14249
3744,0,10290,20790,20790,11085,14493
3745,0,4151,14651,14651,15226,16451
3746,0,23437,39155,39155,36711,16091
3747,0,8998,19498,19498,36502,13681
3748,0,7376,17876,17876,17289,11075
3749,0,8542,19042,19042,15780,17617
3750,0,22120,38586,38586,11766,13383
3751,0,8764,19264,19264,20164,19556
3752,0,3161,13661,13661,37296,11740
3753,0,2630,13130,13130,11377,16894
3754,0,21434,36504,36504,38018,17378
3755,3,22971,37419,15676,11143,12436
3756,3,10394,20894,13957,15801,10829
3757,0,1203,11703,11703,36711,38364
3758,2,23246,38332,38649,20497,38332
3759,0,10165,20665,20665,15945,19685
3760,0,616,11116,11116,13168,14563
3761,0,3114,13614,13614,35777,35580
3762,0,22814,36779,36779,37431,14129
3763,0,7481,17981,17981,16213,18805
3764,0,9330,19830,19830,12189,39237
3765,0,2728,13228,13228,14234,11230
3766,2,24702,36795,15614,36548,36795
3767,0,25407,38091,38091,13946,18427
3768,0,9895,20395,20395,37356,39294
3769,0,1357,11857,11857,11359,38815
3770,1,9567,20067,38147,20067,14088
3771,0,7798,18298,18298,38258,14723
3772,0,24850,36214,36214,35877,35993
3773,1,25071,38066,17076,38066,13003
3774,1,1590,12090,13403,12090,14291
3775,6,23339,39220,38452,20354,15324
3776,0,3140,13640,13640,10859,10937
3777,0,5338,15838,15838,14133,37627
3778,1,547,11047,13074,11047,20704
3779,0,7118,17618,17618,37517,35270
3780,0,23151,36245,36245,19414,16429
3781,0,23971,38537,38537,37120,35805
3782,0,26,10526,10526,19337,14462
3783,0,1067,11567,11567,15111,16182
3784,0,3918,14418,14418,20618,11175
3785,0,6604,17104,17104,19718,38120
3786,0,5529,16029,16029,20368,12105
3787,0,6678,17178,17178,16856,38049
3788,0,5398,15898,15898,17262,17403
3789,0,8642,19142,19142,12724,12746
3790,0,8081,18581,18581,15710,13142
3791,0,9608,20108,20108,39057,39497
3792,3,21427,38869,39282,11306,17894
3793,0,437,10937,10937,10859,13640
3794,0,23982,38747,38747,15780,39019
3795,3,5269,15769,39383,13360,13779
3796,0,1861,12361,12361,20579,38159
3797,0,10442,20942,20942,10594,20178
3798,0,23920,37296,37296,13661,19594
3799,0,2706,13206,13206,39348,38219
3800,0,22421,37325,37325,37907,14616
3801,0,5325,15825,15825,16188,17804
3802,0,6957,17457,17457,13826,36855
3803,0,25372,36181,36181,20989,37894
3804,2,24371,38414,15851,20035,38414
3805,0,25405,36550,36550,15415,15976
3806,0,9125,19625,19625,19508,11190
3807,0,4011,14511,14511,39326,17888
3808,0,25451,38079,38079,13220,12182
3809,3,534,11034,16161,10522,12193
3810,0,24261,35920,35920,38358,18874
3811,0,585,11085,11085,17034,14493
3812,0,22078,36595,36595,13461,10706
3813,0,8715,19215,19215,38240,19292
3814,0,21415,37086,37086,19833,35614
3815,0,21295,36084,36084,17853,36114
3816,0,8559,19059,19059,14862,20148
3817,0,6464,16964,16964,10902,13542
3818,0,22792,36395,36395,16804,36899
3819,1,21245,38631,11669,38631,18197
3820,0,1916,12416,12416,19188,35896
3821,0,23529,37897,37897,13681,39222
3822,0,8107,18607,18607,12855,19262
3823,0,22365,38908,38908,18459,12136
3824,0,1910,12410,12410,36343,19281
3825,0,8856,19356,19356,13876,15654
3826,0,8710,19210,19210,17497,20110
3827,0,1133,11633,11633,38291,14775
3828,0,24591,36568,36568,36394,35963
3829,0,22867,35407,35407,17677,37735
3830,34,1317,11817,20867,13287,37214
3831,0,4368,14868,14868,20506,15878
3832,0,8313,18813,18813,17503,20640
3833,0,22916,36110,36110,13658,38366
3834,0,8653,19153,19153,11046,15994
3835,0,7325,17825,17825,14937,14231
3836,0,6080,16580,16580,19504,38396
3837,0,24993,38970,38970,38094,16713
3838,0,2601,13101,13101,15739,19558
3839,0,6568,17068,17068,13819,14638
3840,0,2173,12673,12673,19607,16911
3841,0,3605,14105,14105,38101,35599
3842,0,6429,16929,16929,38028,12853
3843,1,7995,18495,39625,18495,37015
3844,7,3768,14268,18268,20815,39076
3845,0,5077,15577,15577,12396,12665
3846,0,8274,18774,18774,14821,36127
3847,0,4631,15131,15131,16462,16495
3848,0,8756,19256,19256,13065,10840
3849,0,240,10740,10740,16084,16968
3850,0,8812,19312,19312,19862,37801
3851,0,8421,18921,18921,13222,20229
3852,0,7602,18102,18102,17156,36268
3853,0,21861,36605,36605,10750,14164
3854,0,1867,12367,12367,38475,12394
3855,0,9416,19916,19916,13502,38624
3856,0,22626,39525,39525,18968,39562
3857,0,2521,13021,13021,17062,19535
3858,0,9876,20376,20376,38157,14848
3859,0,1820,12320,12320,20003,13546
3860,0,2410,12910,12910,12671,12781
3861,0,8243,18743,18743,11275,36419
3862,0,6637,17137,17137,20851,18376
3863,0,5187,15687,15687,15805,10963
3864,0,10054,20554,20554,14013,18416
3865,0,4565,15065,15065,13747,37442
3866,0,7942,18442,18442,11364,20473
3867,0,21239,36986,36986,16359,36147
3868,6,6391,16891,13777,12356,11297
3869,0,2118,12618,12618,37770,11984
3870,0,3779,14279,14279,16482,12537
3871,0,4961,15461,15461,12113,19178
3872,12,2809,13309,11481,18913,12004
3873,2,498,10998,38722,36330,10998
3874,0,24221,38499,38499,38994,20246
3875,0,10022,20522,20522,16758,19016
3876,5,4284,14784,18945,19052,16461
3877,0,10191,20691,20691,37301,14148
3878,0,8969,19469,19469,20031,10828
3879,0,228,10728,10728,14376,14871
3880,0,8761,19261,19261,16230,18629
3881,1,25204,36106,16853,36106,11946
3882,2,2741,13241,19624,12112,13241
3883,0,23843,37223,37223,14695,16180
3884,0,6001,16501,16501,37360,18453
3885,0,5718,16218,16218,14645,35918
3886,0,10220,20720,20720,11842,37690
3887,0,5583,16083,16083,15760,38753
3888,0,22176,37487,37487,18797,39629
3889,0,22900,37375,37375,15067,36250
3890,0,8719,19219,19219,15593,39264
3891,0,1128,11628,11628,18764,37585
3892,2,10405,20905,17757,13312,20905
3893,0,1706,12206,12206,15971,38873
3894,0,7450,17950,17950,14977,10787
3895,4,3153,13653,10724,11665,12400
3896,0,9482,19982,19982,39109,13056
3897,0,22256,35325,35325,35339,35474
3898,0,23000,39068,39068,15496,38584
3899,0,6240,16740,16740,36610,13750
3900,0,7104,17604,17604,20095,17815
3901,0,9464,19964,19964,14888,17621
3902,0,2721,13221,13221,20325,17443
3903,0,7445,17945,17945,39509,36708
3904,0,7893,18393,18393,13994,36485
3905,0,21330,39116,39116,15379,14477
3906,0,23774,36076,36076,13552,19266
3907,0,8042,18542,18542,19214,13549
3908,0,9144,19644,19644,10694,38137
3909,0,9402,19902,19902,38168,19650
3910,2,24252,36236,16319,18408,36236
3911,0,24649,35832,35832,35395,36987
3912,4,25110,38626,13567,16418,15857
3913,26,23284,37593,11819,35730,19794
3914,21,9985,20485,12147,18558,17116
3915,0,6054,16554,16554,15595,11027
3916,1,10107,20607,36391,20607,18510
3917,0,21256,36823,36823,18312,36637
3918,0,2550,13050,13050,13534,36837
3919,0,7440,17940,17940,15517,13845
3920,0,6768,17268,17268,37245,35822
3921,1,24077,38953,18814,38953,38619
3922,0,22842,37953,37953,14939,38975
3923,0,6449,16949,16949,14030,36680
3924,0,10359,20859,20859,39005,11428
3925,0,22649,39238,39238,36496,36660
3926,0,2644,13144,13144,38603,19914
3927,1,23792,37767,37349,37767,11117
3928,0,4487,14987,14987,16960,37463
3929,1,2061,12561,14787,12561,36980
3930,0,4645,15145,15145,17702,18974
3931,0,23321,38736,38736,18217,19562
3932,0,23224,37613,37613,35331,36788
3933,0,25421,39597,39597,39563,14960
3934,1,21593,38153,13608,38153,13213
3935,0,7265,17765,17765,17304,16619
3936,0,4174,14674,14674,12073,10692
3937,1,24191,37139,38454,37139,20315
3938,0,22760,37365,37365,36683,13212
3939,1,25005,36597,20006,36597,13213
3940,14,983,11483,15531,17973,20352
3941,0,10171,20671,20671,11929,15793
3942,1,5480,15980,20490,15980,36212
3943,0,23870,36398,36398,19492,16707
3944,0,4797,15297,15297,18814,18481
3945,0,9632,20132,20132,35804,10762
3946,0,3662,14162,14162,12746,38600
3947,0,21420,38458,38458,19285,11484
3948,0,6947,17447,17447,16880,18894
3949,1,4657,15157,37989,15157,38679
3950,0,6414,16914,16914,11397,19692
3951,0,3150,13650,13650,10731,11428
3952,0,23941,37198,37198,12681,15958
3953,0,21352,35705,35705,10805,17973
3954,0,4813,15313,15313,14560,39134
3955,0,5969,16469,16469,39535,16252
3956,0,2939,13439,13439,38565,15273
3957,0,1340,11840,11840,13972,35556
3958,1,1391,11891,36344,11891,19181
3959,0,9673,20173,20173,37933,14802
3960,0,21131,38521,38521,35806,38550
3961,0,9255,19755,19755,39155,16091
3962,0,25498,38518,38518,35562,13357
3963,0,22282,39008,39008,17904,17526
3964,0,9025,19525,19525,37708,14401
3965,0,6146,16646,16646,36586,20805
3966,0,1412,11912,11912,17743,36190
3967,0,2256,12756,12756,38603,37162
3968,0,22728,39598,39598,39629,38973
3969,0,24998,35385,35385,36460,13380
3970,0,6120,16620,16620,37600,36329
3971,0,2212,12712,12712,39556,13160
3972,0,5603,16103,16103,19952,37088
3973,0,6004,16504,16504,16092,19101
3974,2,5417,15917,38569,19181,15917
3975,0,4938,15438,15438,20880,16230
3976,0,3624,14124,14124,14039,16417
3977,0,3158,13658,13658,36110,38366
3978,0,4267,14767,14767,10564,35224
3979,1,463,10963,16223,10963,15687
3980,0,1754,12254,12254,16296,14809
3981,0,24550,36654,36654,35787,37271
3982,0,9023,19523,19523,36548,36487
3983,0,6380,16880,16880,19703,38166
3984,0,3829,14329,14329,12584,17993
3985,0,378,10878,10878,11351,39230
3986,0,23309,36240,36240,19159,20100
3987,0,1335,11835,11835,14655,20521
3988,0,22357,39192,39192,17412,14590
3989,0,2716,13216,13216,12928,37353
3990,0,9611,20111,20111,36184,37120
3991,0,24461,37980,37980,14966,19685
3992,0,22423,38200,38200,20154,19054
3993,0,9704,20204,20204,19653,36030
3994,0,6322,16822,16822,37052,37880
3995,0,9225,19725,19725,19206,13548
3996,0,9801,20301,20301,36002,35541
3997,0,1894,12394,12394,38475,12367
3998,0,4661,15161,15161,12375,13161
3999,0,9690,20190,20190,39243,19696
4000,2,7769,18269,13832,36873,18269
4001,0,7090,17590,17590,38360,20867
4002,0,6221,16721,16721,35240,11776
4003,0,9147,19647,19647,38638,35988
4004,0,21686,37102,37102,19812,12326
4005,0,7037,17537,17537,36624,11499
4006,0,8613,19113,19113,14433,18287
4007,0,9545,20045,20045,36465,15787
4008,0,24241,38687,38687,18435,14728
4009,0,23076,37961,37961,20082,37284
4010,0,10323,20823,20823,12088,16615
4011,2,23559,35803,11987,17665,35803
4012,0,3992,14492,14492,35670,19295
4013,0,6691,17191,17191,37946,20902
4014,0,1030,11530,11530,11592,15952
4015,0,2220,12720,12720,12069,15899
4016,0,21832,36244,36244,13894,35471
4017,0,23592,38455,38455,35735,36736
4018,2,3793,14293,19908,18354,14293
4019,0,23834,35587,35587,37287,10865
4020,2,10483,20983,16342,15063,20983
4021,0,4327,14827,14827,39513,16749
4022,0,25164,37467,37467,36089,13261
4023,2,8302,18802,20844,16295,18802
4024,0,23707,38887,38887,11389,14881
4025,0,22039,37839,37839,16051,39157
4026,4,5731,16231,19151,37075,17623
4027,0,2917,13417,13417,11222,20195
4028,0,5586,16086,16086,13651,14401
4029,0,25006,36664,36664,36789,36853
4030,0,6326,16826,16826,36822,10534
4031,0,1515,12015,12015,37642,38196
4032,0,21055,39493,39493,15643,18727
4033,4,24038,38252,39379,38596,19908
4034,0,24505,37255,37255,11380,36348
4035,0,2263,12763,12763,36827,37383
4036,0,4479,14979,14979,17656,15536
4037,0,4239,14739,14739,17091,16722
4038,0,25059,37392,37392,37484,17482
4039,0,22545,37233,37233,13389,35207
4040,0,893,11393,11393,12425,19620
4041,0,1490,11990,11990,18022,14133
4042,0,22258,36661,36661,18171,11922
4043,0,9657,20157,20157,18592,36063
4044,0,8516,19016,19016,14681,16698
4045,0,2933,13433,13433,19745,16302
4046,0,22712,38438,38438,38437,16200
4047,0,1129,11629,11629,19837,19344
4048,0,731,11231,11231,36071,16644
4049,0,3084,13584,13584,13973,15521
4050,0,7297,17797,17797,35173,13518
4051,0,4588,15088,15088,11257,38239
4052,0,2795,13295,13295,17143,36742
4053,0,7601,18101,18101,38031,37627
4054,0,798,11298,11298,38785,37973
4055,0,6232,16732,16732,15887,18433
4056,0,734,11234,11234,14957,37154
4057,0,8688,19188,19188,12416,12672
4058,0,2244,12744,12744,14214,38081
4059,0,178,10678,10678,20571,36880
4060,0,1174,11674,11674,11805,19812
4061,0,790,11290,11290,37736,16718
4062,0,23549,36680,36680,17262,16949
4063,0,198,10698,10698,20696,13767
4064,0,10239,20739,20739,39191,13336
4065,2,7675,18175,36124,15422,18175
4066,40,548,11048,12255,37343,16260
4067,0,3339,13839,13839,11714,12670
4068,0,9213,19713,19713,38330,38329
4069,0,7465,17965,17965,37287,12338
4070,0,8699,19199,19199,13371,18546
4071,0,23600,37932,37932,19702,15144
4072,0,23700,37005,37005,20688,15746
4073,0,7533,18033,18033,39363,14583
4074,0,66,10566,10566,17838,12675
4075,0,4712,15212,15212,12468,19440
4076,0,5214,15714,15714,36346,36811
4077,1,21953,36649,39188,36649,14568
4078,11,5033,15533,37567,38933,12784
4079,0,24176,38448,38448,19191,15386
4080,0,2572,13072,13072,38891,20524
4081,0,10241,20741,20741,20366,18648
4082,2,24902,39205,15830,16617,39205
4083,2,622,11122,12153,20343,11122
4084,0,6222,16722,16722,38403,14739
4085,0,787,11287,11287,16126,14541
4086,0,3332,13832,13832,36873,36872
4087,0,24605,39095,39095,18944,12864
4088,0,6008,16508,16508,13004,17666
4089,0,24416,35628,35628,13397,14532
4090,0,8334,18834,18834,35811,19513
4091,0,22877,37777,37777,11825,37695
4092,1,22024,35179,11278,35179,14323
4093,0,8696,19196,19196,17911,11603
4094,0,515,11015,11015,37927,12420
4095,0,478,10978,10978,14698,12510
4096,2,4476,14976,12846,14353,14976
4097,0,21123,36931,36931,38826,12921
4098,0,8818,19318,19318,19896,19276
4099,0,6899,17399,17399,18855,10758
4100,1,1033,11533,16978,11533,15950
4101,0,24929,36812,36812,16327,35542
4102,0,2598,13098,13098,36727,16115
4103,0,1514,12014,12014,36022,13701
4104,0,6191,16691,16691,38495,14923
4105,0,24770,35518,35518,38278,10696
4106,16,7237,17737,37527,37741,14053
4107,0,5753,16253,16253,18924,11887
4108,0,22699,38807,38807,11308,19994
4109,0,22806,37551,37551,16406,13831
4110,30,8236,18736,12835,36965,36714
4111,0,8536,19036,19036,16569,11655
4112,0,5521,16021,16021,14331,19324
4113,0,1462,11962,11962,11441,14568
4114,0,7915,18415,18415,17170,11894
4115,0,1871,12371,12371,10660,12965
4116,0,22944,37040,37040,35774,36962
4117,0,7209,17709,17709,11445,20892
4118,0,10072,20572,20572,36721,36966
4119,0,7349,17849,17849,15573,20641
4120,0,4623,15123,15123,16444,35683
4121,0,24415,37641,37641,35666,38961
4122,0,4818,15318,15318,12052,11131
4123,1,220,10720,14423,10720,11377
4124,0,22603,37312,37312,10985,17135
4125,0,9002,19502,19502,35645,15783
4126,0,2476,12976,12976,13781,37512
4127,0,4248,14748,14748,12990,36660
4128,0,25040,36095,36095,37460,20768
4129,0,25370,38391,38391,14566,38015
4130,0,24315,37218,37218,10545,35789
4131,0,6487,16987,16987,15556,35328
4132,0,9420,19920,19920,38960,36237
4133,1,9717,20217,16825,20217,38895
4134,0,5650,16150,16150,16756,12461
4135,0,21818,38302,38302,13430,11282
4136,0,21889,35460,35460,35659,17988
4137,0,8052,18552,18552,12119,17175
4138,1,23537,38437,38438,38437,14015
4139,0,2881,13381,13381,16077,11563
4140,0,1677,12177,12177,19441,16073
4141,0,6060,16560,16560,18204,11565
4142,0,901,11401,11401,38250,20817
4143,0,21618,37142,37142,12149,13724
4144,0,22142,38946,38946,36348,39515
4145,0,2296,12796,12796,11558,16774
4146,0,8809,19309,19309,12893,13944
4147,0,8488,18988,18988,19090,36209
4148,0,9004,19504,19504,37357,16580
4149,0,23553,38434,38434,17937,15707
4150,0,23643,37277,37277,17196,15793
4151,0,23678,35726,35726,37048,16591
4152,0,6772,17272,17272,14710,11013
4153,0,25102,36498,36498,14432,39094
4154,0,7257,17757,17757,13312,20905
4155,0,2580,13080,13080,35608,16783
4156,0,7966,18466,18466,16855,38957
4157,0,24253,38884,38884,16606,14325
4158,0,23313,36212,36212,16713,18562
4159,0,25447,39444,39444,38172,17990
4160,0,9780,20280,20280,11540,11617
4161,0,9351,19851,19851,19729,11792
4162,0,5254,15754,15754,17978,37269
4163,0,681,11181,11181,38666,35496
4164,1,23528,38627,20853,38627,20905
4165,2,3159,13659,37462,17273,13659
4166,1,24051,35523,16122,35523,37943
4167,0,2987,13487,13487,16451,14595
4168,0,4908,15408,15408,17881,15963
4169,1,1882,12382,36698,12382,39369
4170,0,21132,35359,35359,13273,19424
4171,0,1940,12440,12440,13086,17564
4172,0,3296,13796,13796,16484,20632
4173,0,3534,14034,14034,17926,20623
4174,0,5974,16474,16474,11087,11405
4175,0,3729,14229,14229,16785,19599
4176,0,490,10990,10990,13709,14927
4177,0,5708,16208,16208,37883,37890
4178,0,1181,11681,11681,11213,36877
4179,0,1375,11875,11875,17052,35369
4180,0,5014,15514,15514,11315,39516
4181,0,626,11126,11126,16456,17173
4182,4,4758,15258,17333,38138,36593
4183,0,10336,20836,20836,38268,19679
4184,4,25362,36103,16998,10653,14843
4185,1,22557,37801,37077,37801,19862
4186,0,4180,14680,14680,38083,17690
4187,0,22558,35967,35967,39645,35968
4188,0,8778,19278,19278,20333,15284
4189,15,2887,13387,17737,16413,18344
4190,0,4539,15039,15039,19250,19078
4191,0,21578,35345,35345,38167,35344
4192,0,6671,17171,17171,18376,20202
4193,0,6453,16953,16953,18698,17115
4194,0,1366,11866,11866,37608,20961
4195,0,2639,13139,13139,11212,37075
4196,0,21729,38858,38858,35686,13189
4197,0,5602,16102,16102,14275,10513
4198,1,22141,38212,18785,38212,14782
4199,4,5730,16230,15622,38846,14931
4200,0,7204,17704,17704,18438,13262
4201,0,5296,15796,15796,37107,20153
4202,0,10351,20851,20851,16629,17137
4203,8,2938,13438,19193,14551,15426
4204,0,10237,20737,20737,14261,12257
4205,0,24981,37642,37642,38196,17019
4206,0,5979,16479,16479,10591,11744
4207,0,4534,15034,15034,12469,18993
4208,0,10119,20619,20619,38848,20738
4209,0,7669,18169,18169,37172,18934
4210,0,7607,18107,18107,12780,20349
4211,0,22864,36666,36666,15610,39279
4212,0,9853,20353,20353,17515,38844
4213,0,21342,35869,35869,15127,16186
4214,0,22466,39237,39237,19323,19830
4215,0,6681,17181,17181,10690,38400
4216,0,5428,15928,15928,16957,12065
4217,0,5266,15766,15766,10521,14817
4218,0,23474,35197,35197,35989,19169
4219,3,24508,39366,39254,38224,12991
4220,2,1784,12284,37689,15744,12284
4221,0,7116,17616,17616,18005,10707
4222,0,494,10994,10994,12997,20207
4223,1,9758,20258,38916,20258,37430
4224,0,8776,19276,19276,14934,19896
4225,0,2038,12538,12538,35792,12314
4226,0,4041,14541,14541,37311,14226
4227,0,2897,13397,13397,14532,35628
4228,0,8558,19058,19058,12028,15376
4229,0,9803,20303,20303,17150,17461
4230,0,9844,20344,20344,12073,12538
4231,0,21679,36552,36552,38999,38287
4232,0,2653,13153,13153,37525,14472
4233,0,10316,20816,20816,15808,14659
4234,0,8514,19014,19014,19505,18727
4235,0,2031,12531,12531,16474,10779
4236,0,5089,15589,15589,10518,12672
4237,0,813,11313,11313,17760,16735
4238,0,7235,17735,17735,13691,16874
4239,0,6280,16780,16780,13636,11172
4240,0,23225,38917,38917,14477,20332
4241,0,1079,11579,11579,36134,15245
4242,2,2226,12726,17041,11769,12726
4243,0,23587,36334,36334,18801,16796
4244,0,22536,38366,38366,13658,20229
4245,0,24846,35841,35841,18350,19285
4246,1,3261,13761,12467,13761,38218
4247,0,5649,16149,16149,37189,14336
4248,3,3862,14362,38173,19547,37087
4249,0,2936,13436,13436,37442,38609
4250,0,22325,36710,36710,13780,36349
4251,0,7080,17580,17580,16440,15023
4252,0,3917,14417,14417,14309,12760
4253,0,24095,36850,36850,19985,19681
4254,0,305,10805,10805,37577,13258
4255,0,4056,14556,14556,14134,16033
4256,0,25179,38927,38927,13423,13475
4257,0,2999,13499,13499,36559,36726
4258,7,9541,20041,37876,38652,16141
4259,0,1231,11731,11731,17090,13436
4260,0,2313,12813,12813,35666,18077
4261,0,21928,36427,36427,12537,16482
4262,0,10269,20769,20769,13223,38721
4263,0,24238,38300,38300,38199,37993
4264,1,4321,14821,18774,14821,37868
4265,2,22581,39529,14025,19053,39529
4266,0,6470,16970,16970,12387,37434
4267,0,25143,39547,39547,12304,12960
4268,0,7500,18000,18000,14699,18042
4269,0,23088,37630,37630,19541,38010
4270,0,3899,14399,14399,38329,36848
4271,0,3567,14067,14067,12470,35776
4272,11,5452,15952,15472,19031,35932
4273,1,8022,18522,14652,18522,37852
4274,0,22559,37624,37624,35286,13212
4275,1,21562,36510,12129,36510,12057
4276,0,4270,14770,14770,37469,35771
4277,0,8531,19031,19031,35571,38808
4278,0,4086,14586,14586,36264,12058
4279,0,6663,17163,17163,18749,38505
4280,0,25153,36830,36830,17730,35545
4281,0,588,11088,11088,35518,38278
4282,0,3365,13865,13865,16988,14830
4283,0,2670,13170,13170,37787,35266
4284,1,5515,16015,11859,16015,12664
4285,0,23414,39577,39577,11632,37471
4286,0,23346,37554,37554,15856,17868
4287,0,2395,12895,12895,36178,36177
4288,0,5506,16006,16006,17496,17590
4289,0,2170,12670,12670,11712,11491
4290,0,25273,38726,38726,16920,11715
4291,0,8134,18634,18634,18509,12543
4292,1,9334,19834,12104,19834,15888
4293,40,25131,38758,38656,18260,35502
4294,0,9045,19545,19545,20676,20207
4295,0,23644,37154,37154,38382,17023
4296,0,5673,16173,16173,13735,36797
4297,0,2774,13274,13274,10577,12328
4298,0,7620,18120,18120,11483,39411
4299,0,6559,17059,17059,14468,12507
4300,0,21764,39348,39348,13206,38219
4301,2,8456,18956,11936,14712,18956
4302,236,23399,37544,10691,12058,14586
4303,0,24381,38702,38702,18914,17165
4304,0,5798,16298,16298,13613,14368
4305,0,5982,16482,16482,15334,14279
4306,19,5882,16382,38920,17244,15244
4307,0,9443,19943,19943,16683,36937
4308,0,22419,36117,36117,38038,12526
4309,0,2181,12681,12681,35730,37198
4310,0,24239,35826,35826,11025,36746
4311,3,1473,11973,19293,16717,38279
4312,0,6103,16603,16603,37886,11960
4313,0,24484,35988,35988,38638,19647
4314,0,9150,19650,19650,18750,39547
4315,0,8925,19425,19425,15190,20077
4316,0,421,10921,10921,11887,16253
4317,0,2306,12806,12806,20160,17081
4318,0,22651,37456,37456,19542,14657
4319,0,171,10671,10671,39260,16230
4320,1,3956,14456,37696,14456,14823
4321,0,5606,16106,16106,20713,12357
4322,4,21067,38519,16778,18574,38758
4323,0,8462,18962,18962,14299,38582
4324,0,1725,12225,12225,17289,35918
4325,0,10215,20715,20715,13479,20633
4326,49,25237,38685,16667,39653,18541
4327,0,22029,36833,36833,36993,18068
4328,1,904,11404,17395,11404,12306
4329,0,3494,13994,13994,10797,36485
4330,0,8346,18846,18846,18942,16343
4331,0,9728,20228,20228,15691,38527
4332,0,7797,18297,18297,11987,38241
4333,0,7396,17896,17896,18087,18277
4334,0,23613,37723,37723,35623,16621
4335,0,2080,12580,12580,19039,14916
4336,0,7928,18428,18428,38935,13294
4337,0,23083,38225,38225,36687,14449
4338,0,7933,18433,18433,13749,12052
4339,0,9856,20356,20356,11134,15169
4340,0,24844,35304,35304,19700,36068
4341,2,7211,17711,13151,35997,17711
4342,0,4677,15177,15177,13396,37213
4343,0,6533,17033,17033,16707,20915
4344,0,5209,15709,15709,15390,17378
4345,1,2646,13146,18964,13146,36389
4346,0,22975,36104,36104,36253,11049
4347,0,22533,35599,35599,18751,13104
4348,0,24621,36297,36297,15962,14928
4349,0,24205,37867,37867,19146,39317
4350,1,21180,35204,15207,35204,20486
4351,0,6365,16865,16865,37555,10600
4352,0,25377,36234,36234,11270,12769
4353,0,2155,12655,12655,16226,19165
4354,0,21945,38219,38219,37525,39348
4355,0,7370,17870,17870,35288,16795
4356,0,21350,37994,37994,13910,18654
4357,0,7837,18337,18337,12769,18731
4358,0,3715,14215,14215,11141,13486
4359,0,8111,18611,18611,39578,39270
4360,1,23535,35594,16731,35594,18166
4361,0,22100,37081,37081,36531,37823
4362,0,3622,14122,14122,13858,17637
4363,0,4516,15016,15016,13377,18736
4364,0,7354,17854,17854,19820,12997
4365,0,8750,19250,19250,15039,12879
4366,1,1436,11936,37648,11936,39480
4367,7,507,11007,19948,12835,39500
4368,0,5275,15775,15775,15565,11069
4369,0,5663,16163,16163,36658,10733
4370,0,5402,15902,15902,13240,15759
4371,0,5930,16430,16430,35642,12340
4372,0,2339,12839,12839,16887,20788
4373,0,9870,20370,20370,38486,12419
4374,0,4386,14886,14886,12130,13662
4375,0,23873,36304,36304,13703,15723
4376,0,7680,18180,18180,36439,19992
4377,0,22509,36180,36180,19456,14400
4378,1,8693,19193,14551,19193,15426
4379,6,643,11143,12994,19405,13350
4380,0,1539,12039,12039,39235,15988
4381,0,1211,11711,11711,17293,15746
4382,0,23473,35681,35681,15163,18899
4383,0,21386,38343,38343,20142,12940
4384,0,8864,19364,19364,13033,19588
4385,3,6106,16606,37047,13171,17356
4386,0,5615,16115,16115,11230,10768
4387,0,22498,37843,37843,11193,13233
4388,0,1464,11964,11964,18389,17891
4389,0,1192,11692,11692,16818,36444
4390,0,3590,14090,14090,15899,16779
4391,0,9697,20197,20197,39428,20816
4392,0,6360,16860,16860,14412,13445
4393,0,8697,19197,19197,10754,11415
4394,0,24506,36841,36841,37875,19651
4395,0,6719,17219,17219,37962,13245
4396,0,506,11006,11006,16519,38080
4397,0,24915,35740,35740,12100,19931
4398,1,9249,19749,35445,19749,19952
4399,2,21868,37047,19972,18896,37047
4400,0,23636,36330,36330,38722,36873
4401,0,1773,12273,12273,38247,17042
4402,0,272,10772,10772,36429,11134
4403,2,23310,36884,36046,15708,36884
4404,0,3618,14118,14118,12741,35249
4405,0,2381,12881,12881,38154,17723
4406,4,7008,17508,38224,12991,39366
4407,0,24160,38810,38810,35708,16405
4408,0,4633,15133,15133,16579,17968
4409,0,8504,19004,19004,10604,35595
4410,0,746,11246,11246,37474,19164
4411,0,7707,18207,18207,36117,20914
4412,0,3569,14069,14069,38204,37413
4413,0,25176,36956,36956,20449,17714
4414,1,8557,19057,37137,19057,15142
4415,0,6448,16948,16948,37783,16600
4416,0,5599,16099,16099,18936,19851
4417,1,21137,35631,10889,35631,11762
4418,0,23752,35420,35420,20254,37866
4419,0,8572,19072,19072,13132,12703
4420,0,23368,35220,35220,18449,11723
4421,0,1912,12412,12412,20241,38222
4422,0,9258,19758,19758,20347,17547
4423,0,599,11099,11099,37217,38617
4424,0,3892,14392,14392,15890,37004
4425,0,5540,16040,16040,20365,18430
4426,0,1652,12152,12152,38128,12418
4427,0,8106,18606,18606,14462,38207
4428,0,1893,12393,12393,12962,20328
4429,0,21057,35780,35780,37587,37182
4430,0,6502,17002,17002,38247,11441
4431,0,4362,14862,14862,19059,12916
4432,0,22177,39312,39312,37393,18963
4433,0,375,10875,10875,16377,13136
4434,0,1966,12466,12466,20642,17391
4435,0,3957,14457,14457,20801,17125
4436,0,21792,38503,38503,13817,16145
4437,0,5696,16196,16196,16813,19789
4438,1,1243,11743,12274,11743,17979
4439,0,25392,37172,37172,18169,14644
4440,0,24952,36905,36905,13766,13960
4441,1,9142,19642,15233,19642,37414
4442,0,941,11441,11441,11962,38827
4443,0,10347,20847,20847,13700,36269
4444,0,3346,13846,13846,36533,19209
4445,0,2657,13157,13157,39621,37627
4446,0,22344,39322,39322,11154,38043
4447,2,22318,35535,38972,14126,35535
4448,0,5326,15826,15826,37864,19569
4449,0,22863,38312,38312,38231,16491
4450,0,6578,17078,17078,12510,19674
4451,0,2799,13299,13299,36520,18286
4452,0,4306,14806,14806,14486,10724
4453,0,21507,35496,35496,11181,18736
4454,0,22238,36179,36179,16016,20945
4455,0,7244,17744,17744,16573,18061
4456,0,298,10798,10798,11767,37264
4457,0,25490,36883,36883,18110,15828
4458,0,3823,14323,14323,11278,35179
4459,0,9934,20434,20434,11475,19454
4460,0,7977,18477,18477,12025,35383
4461,0,2035,12535,12535,15227,37206
4462,0,4039,14539,14539,18066,20228
4463,0,9807,20307,20307,12241,13334
4464,0,23928,36701,36701,12877,18759
4465,0,1499,11999,11999,12643,14722
4466,0,3512,14012,14012,19898,16619
4467,0,22697,39534,39534,17552,16230
4468,0,8844,19344,19344,11629,15718
4469,0,8362,18862,18862,38409,18496
4470,0,6828,17328,17328,19184,20540
4471,0,7130,17630,17630,38490,37381
4472,1,24561,37077,37801,37077,13522
4473,6,9192,19692,12570,14058,17839
4474,0,4085,14585,14585,35162,20069
4475,0,242,10742,10742,17327,20796
4476,0,23480,37400,37400,37697,15832
4477,1,1644,12144,18972,12144,36580
4478,0,7371,17871,17871,12412,36103
4479,0,23438,35515,35515,35516,36318
4480,0,5594,16094,16094,18851,37310
4481,0,24874,35890,35890,20518,18021
4482,0,10272,20772,20772,15657,15505
4483,0,5231,15731,15731,35444,36692
4484,0,2076,12576,12576,20923,15946
4485,0,4103,14603,14603,37329,16078
4486,0,7493,17993,17993,14329,12927
4487,0,5968,16468,16468,38167,18911
4488,0,23037,37179,37179,11498,36269
4489,0,22147,36486,36486,39576,36966
4490,0,3966,14466,14466,19907,11758
4491,1,21844,36844,14530,36844,11125
4492,0,21912,39337,39337,38779,35839
4493,0,23942,38724,38724,20089,37452
4494,0,6754,17254,17254,35582,39137
4495,0,9948,20448,20448,13553,37101
4496,0,24418,38421,38421,39056,12843
4497,2,21879,37120,35805,38537,37120
4498,0,4078,14578,14578,12377,14981
4499,0,7754,18254,18254,39201,10687
4500,0,8832,19332,19332,12931,20530
4501,0,2778,13278,13278,13672,16134
4502,0,4603,15103,15103,38796,17637
4503,0,4932,15432,15432,10981,15344
4504,1,1985,12485,17652,12485,11079
4505,0,3861,14361,14361,15257,35296
4506,0,7774,18274,18274,18386,17204
4507,0,325,10825,10825,11358,13268
4508,0,23163,39311,39311,36822,37165
4509,0,6394,16894,16894,13130,11377
4510,0,23696,35884,35884,16237,13102
4511,0,4054,14554,14554,19359,11367
4512,0,2237,12737,12737,14865,15780
4513,0,5229,15729,15729,17566,37411
4514,0,4571,15071,15071,15194,38989
4515,2,8976,19476,11342,39198,19476
4516,2,7454,17954,15847,13414,17954
4517,2,1268,11768,15456,15166,11768
4518,1,864,11364,18442,11364,20473
4519,0,4942,15442,15442,17900,37570
4520,0,2253,12753,12753,12593,16277
4521,0,6010,16510,16510,12897,11525
4522,1,6911,17411,18004,17411,14883
4523,0,9815,20315,20315,19736,10918
4524,0,6998,17498,17498,15647,14872
4525,2,371,10871,19292,15622,10871
4526,0,22097,35386,35386,19828,17686
4527,0,7940,18440,18440,35356,37255
4528,19,609,11109,12004,18913,11481
4529,0,4651,15151,15151,35804,19578
4530,0,24081,37195,37195,20246,15058
4531,0,8872,19372,19372,20503,15174
4532,0,21221,36342,36342,16237,36569
4533,0,24480,39128,39128,35891,16178
4534,0,24013,36165,36165,11226,11293
4535,0,2364,12864,12864,13843,39095
4536,1,7766,18266,18177,18266,39491
4537,0,7148,17648,17648,13674,36043
4538,0,3789,14289,14289,15095,11738
4539,0,22352,35591,35591,35657,35156
4540,0,5581,16081,16081,11269,38881
4541,0,9239,19739,19739,16976,10521
4542,0,5060,15560,15560,19008,16364
4543,0,23027,39363,39363,18033,18705
4544,0,24913,37854,37854,20831,17025
4545,0,8671,19171,19171,36178,12895
4546,0,662,11162,11162,19560,12703
4547,0,22751,37594,37594,20301,16188
4548,0,10172,20672,20672,39431,35393
4549,0,2776,13276,13276,37725,11055
4550,0,4535,15035,15035,17715,14711
4551,8,7189,17689,38920,20310,17244
4552,0,9720,20220,20220,12469,15034
4553,0,5573,16073,16073,12177,19998
4554,0,6135,16635,16635,17842,18467
4555,14,4427,14927,38580,14660,16320
4556,0,5247,15747,15747,12424,11499
4557,0,10392,20892,20892,11445,17709
4558,0,3981,14481,14481,16293,18606
4559,14,7825,18325,14098,18995,38994
4560,0,2669,13169,13169,15119,17840
4561,0,3977,14477,14477,39116,38917
4562,0,279,10779,10779,19155,12531
4563,0,21105,35766,35766,35975,19059
4564,0,8718,19218,19218,18620,37889
4565,0,7452,17952,17952,11560,14124
4566,0,5197,15697,15697,13234,14368
4567,0,22744,38031,38031,18101,35706
4568,1,23325,38629,13771,38629,37712
4569,0,4155,14655,14655,11835,12678
4570,0,25351,36308,36308,13172,11919
4571,1,4883,15383,14536,15383,36733
4572,1,5807,16307,38769,16307,16155
4573,0,3809,14309,14309,14417,38447
4574,0,8713,19213,19213,12743,13916
4575,0,21360,36472,36472,36616,36200
4576,1,4683,15183,13764,15183,14043
4577,0,10194,20694,20694,18496,18862
4578,0,21134,37272,37272,18806,15846
4579,0,23063,37736,37736,18281,11290
4580,2,5593,16093,12027,39038,16093
4581,0,21495,35461,35461,38199,38300
4582,0,6897,17397,17397,16885,13183
4583,0,4563,15063,15063,20983,16342
4584,0,8376,18876,18876,19861,15527
4585,0,9284,19784,19784,17215,19854
4586,0,9434,19934,19934,17612,37646
4587,1,1269,11769,12264,11769,17041
4588,1,2350,12850,37985,12850,37371
4589,0,8745,19245,19245,36682,12841
4590,4,1384,11884,15198,17025,20867
4591,0,9379,19879,19879,13195,11670
4592,0,9036,19536,19536,14749,37388
4593,1,5856,16356,20264,16356,10624
4594,0,297,10797,10797,12618,18401
4595,1,8635,19135,37419,19135,15676
4596,0,23081,37851,37851,13852,20384
4597,0,21281,36253,36253,11049,36104
4598,0,9835,20335,20335,37242,12025
4599,0,2077,12577,12577,18325,15573
4600,0,9377,19877,19877,12700,15955
4601,0,24801,36614,36614,11593,19663
4602,5,2229,12729,17878,12017,37653
4603,0,2842,13342,13342,35719,11971
4604,0,2537,13037,13037,15973,35924
4605,0,194,10694,10694,19644,14311
4606,0,23235,37083,37083,38711,38029
4607,0,7362,17862,17862,11158,20485
4608,0,6636,17136,17136,39349,14209
4609,0,7498,17998,17998,37561,17199
4610,0,22182,35508,35508,19366,15892
4611,0,4042,14542,14542,36171,38183
4612,0,6553,17053,17053,11727,35478
4613,0,5505,16005,16005,20475,13216
4614,3,6854,17354,38945,13682,36404
4615,0,6761,17261,17261,14830,16988
4616,0,5300,15800,15800,37052,12885
4617,0,21609,36223,36223,39609,13008
4618,0,320,10820,10820,10663,18995
4619,0,7135,17635,17635,36247,11935
4620,0,1371,11871,11871,36155,10692
4621,1,23052,39379,19908,39379,14293
4622,0,2654,13154,13154,15703,37722
4623,0,9099,19599,19599,14408,16785
4624,1,25449,36494,37831,36494,18230
4625,0,3398,13898,13898,35775,16456
4626,0,8532,19032,19032,15689,18186
4627,0,9593,20093,20093,12174,18879
4628,0,21414,35918,35918,16218,17289
4629,0,22106,37691,37691,13649,12408
4630,0,21670,37243,37243,10548,11749
4631,0,926,11426,11426,17564,19271
4632,0,244,10744,10744,35802,14006
4633,0,7469,17969,17969,17144,14029
4634,0,8207,18707,18707,12422,20076
4635,0,143,10643,10643,35393,19150
4636,0,5983,16483,16483,11186,35649
4637,0,8151,18651,18651,17099,35817
4638,0,2363,12863,12863,36524,11889
4639,0,24472,35624,35624,38711,19075
4640,0,129,10629,10629,12418,36246
4641,0,1161,11661,11661,37027,35509
4642,0,10398,20898,20898,20230,11464
4643,0,23569,39347,39347,20628,12275
4644,0,5953,16453,16453,11664,38084
4645,0,287,10787,10787,35324,36779
4646,0,9380,19880,19880,12733,18859
4647,0,5308,15808,15808,20816,20023
4648,0,8681,19181,19181,11891,36344
4649,0,1170,11670,11670,13195,20502
4650,0,22505,37690,37690,11422,15170
4651,1,9191,19691,18056,19691,15180
4652,0,6792,17292,17292,12204,11343
4653,0,24206,38757,38757,16512,37123
4654,0,1859,12359,12359,35743,36439
4655,0,22692,35344,35344,18911,38167
4656,0,9910,20410,20410,10981,16387
4657,0,6781,17281,17281,19608,17122
4658,0,22312,35749,35749,12271,35942
4659,0,22041,37781,37781,16870,15256
4660,0,3121,13621,13621,38519,37383
4661,0,8579,19079,19079,36714,37632
4662,0,1311,11811,11811,36734,17774
4663,0,1032,11532,11532,39056,38065
4664,0,8339,18839,18839,13142,18581
4665,0,10012,20512,20512,16927,14004
4666,0,6382,16882,16882,37627,10524
4667,0,7910,18410,18410,14999,38929
4668,0,931,11431,11431,13530,15274
4669,0,691,11191,11191,20824,10971
4670,0,24118,37561,37561,37470,17584
4671,0,6364,16864,16864,15127,15178
4672,0,1909,12409,12409,38957,35227
4673,0,9021,19521,19521,35875,10893
4674,0,25472,38029,38029,37083,20558
4675,0,21003,38830,38830,14794,39099
4676,0,44,10544,10544,11012,37276
4677,0,3939,14439,14439,13547,37026
4678,1,24779,39204,14018,39204,17482
4679,0,7108,17608,17608,16304,39276
4680,0,9241,19741,19741,12832,13415
4681,28,4319,14819,36038,38994,20136
4682,0,2965,13465,13465,17159,36008
4683,0,3969,14469,14469,20411,12982
4684,0,21890,39523,39523,18318,19393
4685,0,23341,36852,36852,38257,35242
4686,0,23229,37563,37563,11252,37562
4687,0,7478,17978,17978,15754,19669
4688,0,6308,16808,16808,37545,20083
4689,0,4159,14659,14659,20816,37568
4690,0,3092,13592,13592,11267,17534
4691,1,22572,38449,35994,38449,37635
4692,0,7954,18454,18454,12967,16981
4693,0,5555,16055,16055,10933,36359
4694,0,3982,14482,14482,14743,16280
4695,0,9929,20429,20429,39226,11862
4696,0,6940,17440,17440,12402,37687
4697,0,1404,11904,11904,16984,39526
4698,0,3195,13695,13695,14445,20740
4699,4,21983,38279,16717,39071,19293
4700,0,24005,35989,35989,19169,35197
4701,1,9746,20246,12372,20246,11796
4702,0,969,11469,11469,19974,12915
4703,0,23028,36813,36813,16419,20263
4704,1,6543,17043,20929,17043,14375
4705,0,9117,19617,19617,18874,36123
4706,0,2843,13343,13343,38990,11386
4707,0,2851,13351,13351,36457,36315
4708,0,21064,36998,36998,35762,13873
4709,0,22243,37416,37416,11757,36022
4710,0,5956,16456,16456,35780,13898
4711,0,25319,35263,35263,14766,38724
4712,0,25063,36610,36610,10744,18985
4713,0,4471,14971,14971,11159,35898
4714,0,10133,20633,20633,16264,13479
4715,0,22525,36685,36685,15320,39118
4716,0,1789,12289,12289,35902,36136
4717,0,21389,37056,37056,15866,19836
4718,0,2059,12559,12559,20357,12582
4719,0,7143,17643,17643,12479,11799
4720,0,9362,19862,19862,19312,37801
4721,0,1902,12402,12402,37687,17440
4722,0,4686,15186,15186,37875,14024
4723,0,10143,20643,20643,13676,14044
4724,0,8090,18590,18590,12793,12492
4725,0,4922,15422,15422,18126,39203
4726,0,6785,17285,17285,11938,11780
4727,0,22046,37995,37995,20212,20711
4728,0,75,10575,10575,16668,38648
4729,0,2345,12845,12845,12621,19282
4730,0,6447,16947,16947,16407,20294
4731,0,8430,18930,18930,19413,35718
4732,0,8622,19122,19122,10796,15776
4733,0,4586,15086,15086,16434,19882
4734,1,24657,39094,37546,39094,14432
4735,0,9656,20156,20156,37766,19109
4736,0,9341,19841,19841,18514,12647
4737,0,24028,37270,37270,13958,13112
4738,0,1553,12053,12053,17288,16435
4739,0,5874,16374,16374,15573,20276
4740,1,8432,18932,16234,18932,18781
4741,0,8975,19475,19475,20981,12687
4742,0,24562,39198,39198,11342,19476
4743,0,23175,39288,39288,18355,16239
4744,0,9169,19669,19669,37327,17978
4745,0,24807,35858,35858,11029,13408
4746,0,5695,16195,16195,37471,39057
4747,0,2941,13441,13441,13200,15874
4748,0,9975,20475,20475,16005,20484
4749,0,10010,20510,20510,14552,14714
4750,0,7381,17881,17881,20079,15408
4751,0,24356,36731,36731,39485,11228
4752,0,1620,12120,12120,38317,20647
4753,0,25290,39641,39641,37783,16636
4754,0,7905,18405,18405,14041,39245
4755,1,24954,35207,16291,35207,13389
4756,1,24210,37807,17234,37807,35401
4757,0,6782,17282,17282,19458,35562
4758,0,23562,36900,36900,19026,13971
4759,0,24731,37823,37823,36531,19368
4760,34,22765,37960,17392,19847,36245
4761,0,1609,12109,12109,19750,36885
4762,0,3096,13596,13596,17678,12550
4763,0,2415,12915,12915,11469,19974
4764,0,23207,35616,35616,17991,20644
4765,0,2017,12517,12517,20047,20282
4766,2,2971,13471,39398,38144,13471
4767,0,21195,39357,39357,18057,17955
4768,0,3246,13746,13746,13333,36132
4769,2,124,10624,18117,13450,10624
4770,0,1106,11606,11606,13006,10946
4771,0,1814,12314,12314,35521,39273
4772,0,23808,38770,38770,13589,10713
4773,0,21530,38396,38396,18095,11840
4774,0,8790,19290,19290,10525,39618
4775,0,2123,12623,12623,11793,20723
4776,0,21149,38742,38742,15281,18691
4777,0,21084,37579,37579,39624,36894
4778,1,23961,35369,17052,35369,18434
4779,0,8970,19470,19470,20925,20711
4780,0,23980,39154,39154,36068,16103
4781,0,2197,12697,12697,11695,12279
4782,1,4051,14551,16143,14551,18580
4783,19,1216,11716,39626,16778,10813
4784,0,7701,18201,18201,19051,18546
4785,0,725,11225,11225,20317,37950
4786,0,9170,19670,19670,36617,12300
4787,0,808,11308,11308,16136,38807
4788,0,22186,35878,35878,16171,13536
4789,0,10438,20938,20938,17928,12354
4790,0,4906,15406,15406,17753,18518
4791,0,21422,38533,38533,18202,12501
4792,0,23320,38211,38211,15233,37414
4793,0,3962,14462,14462,18606,15749
4794,0,21171,37036,37036,12504,36832
4795,3,2671,13171,18896,14499,19972
4796,9,9530,20030,16892,39291,20373
4797,4,1764,12264,11769,12726,38777
4798,0,25013,35365,35365,12408,37691
4799,0,607,11107,11107,36955,11370
4800,0,9438,19938,19938,38160,15524
4801,0,9709,20209,20209,12874,37610
4802,0,3217,13717,13717,12163,12262
4803,0,5737,16237,16237,18745,14257
4804,0,8479,18979,18979,39404,36412
4805,0,2053,12553,12553,19299,18601
4806,0,3164,13664,13664,37929,38271
4807,0,25007,35162,35162,18981,14585
4808,0,24234,38783,38783,14985,14487
4809,0,23596,39442,39442,12346,38815
4810,1,1657,12157,39358,12157,13270
4811,0,8069,18569,18569,19556,19264
4812,0,8644,19144,19144,17093,12901
4813,0,2710,13210,13210,18697,17950
4814,0,23790,38402,38402,36396,37959
4815,0,7549,18049,18049,14328,17314
4816,0,4266,14766,14766,35263,10690
4817,0,6715,17215,17215,19784,15890
4818,0,422,10922,10922,37975,12420
4819,0,5316,15816,15816,20784,15737
4820,0,8849,19349,19349,18831,38318
4821,0,2845,13345,13345,38677,15561
4822,0,4066,14566,14566,38391,38015
4823,0,23506,37863,37863,14956,16048
4824,4,5244,15744,12543,15029,18634
4825,1,1001,11501,14525,11501,13584
4826,0,4198,14698,14698,37073,10978
4827,0,2418,12918,12918,20816,20197
4828,0,23916,36361,36361,39034,15664
4829,0,3575,14075,14075,19376,39512
4830,0,6726,17226,17226,11844,39188
4831,0,3847,14347,14347,38989,15194
4832,0,961,11461,11461,38895,20217
4833,0,9621,20121,20121,35455,20318
4834,0,10439,20939,20939,35987,39612
4835,0,21324,39538,39538,13675,37747
4836,0,757,11257,11257,17576,15088
4837,0,5313,15813,15813,14782,38212
4838,0,2284,12784,12784,13134,37567
4839,1,22960,38878,17296,38878,17908
4840,0,4827,15327,15327,38363,13385
4841,0,24716,37933,37933,20173,14802
4842,0,807,11307,11307,18833,36490
4843,0,3907,14407,14407,19335,18603
4844,0,7023,17523,17523,10981,20239
4845,1,1956,12456,35767,12456,17539
4846,0,9343,19843,19843,20798,38423
4847,0,10259,20759,20759,10502,15586
4848,0,23811,36871,36871,12277,11346
4849,0,2402,12902,12902,18652,20924
4850,0,23915,35426,35426,12474,18320
4851,4,1073,11573,38700,14414,12533
4852,0,6524,17024,17024,12179,19311
4853,0,25115,37408,37408,12046,16593
4854,0,24626,39645,39645,35967,10645
4855,0,8095,18595,18595,39011,14616
4856,3,21348,35818,17256,36815,36816
4857,2,25202,37227,37253,14550,37227
4858,0,23708,35856,35856,20053,20262
4859,0,24583,36620,36620,35480,37138
4860,0,1003,11503,11503,13341,11374
4861,0,7658,18158,18158,12440,20193
4862,0,24126,38307,38307,19273,17234
4863,0,7566,18066,18066,14539,35600
4864,0,24552,38505,38505,17163,12178
4865,0,5368,15868,15868,13890,14523
4866,39,25231,36756,11965,14711,15035
4867,0,6289,16789,16789,16910,12200
4868,0,9970,20470,20470,20121,18105
4869,0,21556,39150,39150,38315,19206
4870,6,22017,37678,11237,39640,14173
4871,0,985,11485,11485,18385,35196
4872,0,22694,35416,35416,12666,15961
4873,0,6169,16669,16669,37966,17791
4874,0,25356,36123,36123,10788,20282
4875,0,7384,17884,17884,16447,15443
4876,0,23144,35597,35597,13671,20031
4877,0,21668,38356,38356,12168,13791
4878,0,9726,20226,20226,35219,37783
4879,0,22621,38707,38707,13903,13811
4880,0,2462,12962,12962,12393,16166
4881,0,268,10768,10768,13738,18584
4882,0,7962,18462,18462,15010,12055
4883,0,3580,14080,14080,38025,38800
4884,0,71,10571,10571,20274,19706
4885,2,22178,36828,39175,16793,36828
4886,16,21742,38947,16717,11973,38279
4887,1,2821,13321,17393,13321,17136
4888,0,23125,38112,38112,20780,16797
4889,0,589,11089,11089,19255,38780
4890,0,10467,20967,20967,38081,37764
4891,0,9871,20371,20371,19619,38057
4892,0,22570,35708,35708,38810,35383
4893,0,22964,39639,39639,18453,12156
4894,0,24296,35473,35473,14164,10750
4895,0,3758,14258,14258,35674,20433
4896,0,6845,17345,17345,14190,36599
4897,0,2028,12528,12528,13222,38088
4898,0,8869,19369,19369,16228,20127
4899,0,24250,36894,36894,37579,39624
4900,1,5454,15954,15870,15954,13719
4901,0,9906,20406,20406,11122,20343
4902,0,24442,36323,36323,19948,12774
4903,0,9830,20330,20330,20884,37427
4904,0,24890,38638,38638,19647,35988
4905,0,2432,12932,12932,38479,20234
4906,0,4647,15147,15147,16124,36756
4907,0,8469,18969,18969,19545,35339
4908,0,21429,37877,37877,11864,19376
4909,3,896,11396,36549,14479,38484
4910,0,24524,36987,36987,15791,35832
4911,0,1587,12087,12087,36447,35567
4912,0,6686,17186,17186,11739,37145
4913,0,1719,12219,12219,20155,38918
4914,0,6100,16600,16600,12135,16969
4915,0,3806,14306,14306,15270,12854
4916,0,8806,19306,19306,18051,15232
4917,0,24265,36155,36155,11871,20294
4918,0,3961,14461,14461,17467,20751
4919,0,25171,38904,38904,37999,37064
4920,37,7036,17536,12271,15584,20933
4921,0,23816,39362,39362,39519,39245
4922,0,890,11390,11390,35232,13830
4923,2,21070,38172,17990,39444,38172
4924,0,4006,14506,14506,10953,35254
4925,0,4939,15439,15439,17568,11849
4926,244,23620,38856,12158,20047,16057
4927,0,9713,20213,20213,19682,38276
4928,4,5898,16398,39609,39209,36223
4929,0,23904,38078,38078,37463,16960
4930,0,22174,36616,36616,19835,13057
4931,0,23064,35958,35958,14826,17591
4932,0,584,11084,11084,35846,19669
4933,1,3932,14432,39094,14432,36498
4934,0,1260,11760,11760,12495,16942
4935,0,10456,20956,20956,36748,12107
4936,0,310,10810,10810,20259,14283
4937,0,1716,12216,12216,16333,16424
4938,2,6009,16509,37481,17280,16509
4939,0,2052,12552,12552,18578,19803
4940,0,21935,35242,35242,36852,35241
4941,0,4668,15168,15168,16721,11890
4942,1,4298,14798,11895,14798,16043
4943,0,6646,17146,17146,14514,14671
4944,0,3783,14283,14283,20259,10810
4945,0,1008,11508,11508,16316,18875
4946,0,7347,17847,17847,11572,19166
4947,0,23387,37157,37157,16857,17345
4948,0,25087,38711,38711,19075,35624
4949,0,8383,18883,18883,18562,35476
4950,0,22263,35745,35745,18407,16488
4951,0,4059,14559,14559,13915,39324
4952,0,8721,19221,19221,39288,12084
4953,0,90,10590,10590,12604,11937
4954,0,1987,12487,12487,37577,39431
4955,0,21252,37260,37260,16682,16879
4956,0,23815,38820,38820,14430,16088
4957,0,7279,17779,17779,16091,35256
4958,0,24693,36687,36687,20368,13470
4959,0,23510,35504,35504,16307,38769
4960,2,24115,37671,18852,16898,37671
4961,0,24175,38893,38893,38342,14644
4962,0,25478,37669,37669,13110,11581
4963,0,24542,37558,37558,35958,17591
4964,0,2925,13425,13425,36623,17662
4965,0,9981,20481,20481,16136,11308
4966,0,8185,18685,18685,35867,37756
4967,0,5884,16384,16384,10862,18921
4968,0,2341,12841,12841,19245,19713
4969,0,22972,37692,37692,10571,19706
4970,0,21285,35303,35303,16359,13163
4971,0,627,11127,11127,13229,20468
4972,0,10065,20565,20565,18111,19077
4973,0,7545,18045,18045,39236,36223
4974,0,21705,36688,36688,38603,38187
4975,0,4765,15265,15265,20515,20251
4976,0,22569,39062,39062,18810,15199
4977,0,21007,37311,37311,13690,36016
4978,0,128,10628,10628,14100,38661
4979,0,25467,37947,37947,20973,19173
4980,0,10411,20911,20911,37355,14949
4981,1,4182,14682,16385,14682,17244
4982,0,7299,17799,17799,16616,12826
4983,0,6995,17495,17495,16434,14093
4984,0,2398,12898,12898,18612,11203
4985,0,21826,38085,38085,19019,38942
4986,0,1186,11686,11686,18480,15048
4987,0,22278,36457,36457,16684,36315
4988,0,23186,39229,39229,38007,10801
4989,0,5314,15814,15814,19384,18897
4990,0,9220,19720,19720,20058,36509
4991,526,4247,14747,13370,14700,39583
4992,0,22791,38983,38983,37916,12749
4993,0,9107,19607,19607,14669,37572
4994,1,1096,11596,20856,11596,39303
4995,0,6653,17153,17153,10697,11707
4996,0,1273,11773,11773,17079,19050
4997,0,5698,16198,16198,36243,39240
4998,0,23788,38633,38633,18755,36177
4999,0,8728,19228,19228,36888,37577
5000,0,6797,17297,17297,11514,38182
5001,0,6615,17115,17115,14881,37194
5002,32,3358,13858,37716,36112,17817
5003,0,7755,18255,18255,18375,38900
5004,0,183,10683,10683,12826,39058
5005,0,25388,36500,36500,38393,37667
5006,0,23565,35969,35969,20309,16059
5007,0,6513,17013,17013,35191,12365
5008,1,4567,15067,36997,15067,20056
5009,0,6603,17103,17103,15502,16878
5010,0,21835,37088,37088,13391,19749
5011,0,1961,12461,12461,15919,13530
5012,0,4992,15492,15492,37885,12951
5013,0,4891,15391,15391,20567,13465
5014,0,8039,18539,18539,35485,35992
5015,0,5869,16369,16369,12758,38573
5016,0,22229,38881,38881,16081,17555
5017,0,6226,16726,16726,11022,14658
5018,0,25455,35919,35919,19105,20248
5019,0,21623,35264,35264,10581,14825
5020,0,1251,11751,11751,37701,39033
5021,0,3176,13676,13676,20643,36034
5022,0,3359,13859,13859,35352,36354
5023,0,10305,20805,20805,11560,19048
5024,0,9624,20124,20124,15335,20667
5025,0,24905,36254,36254,17238,20167
5026,1,22036,38147,20067,38147,13433
5027,0,7411,17911,17911,38313,37478
5028,1,7538,18038,10900,18038,14195
5029,0,1051,11551,11551,13063,16447
5030,0,9221,19721,19721,18276,17293
5031,1,8464,18964,13146,18964,36389
5032,1,4763,15263,14724,15263,14244
5033,0,22540,39479,39479,10713,13589
5034,0,1874,12374,12374,20999,13336
5035,0,9278,19778,19778,35204,35480
5036,0,7282,17782,17782,12139,13016
5037,0,9008,19508,19508,19625,20922
5038,0,21554,36066,36066,35236,13351
5039,0,4322,14822,14822,19035,38348
5040,1,9448,19948,39500,19948,11150
5041,0,5831,16331,16331,35658,35914
5042,0,23386,37474,37474,15446,19164
5043,0,10098,20598,20598,39313,18973
5044,0,9730,20230,20230,20898,37744
5045,1,22662,37799,37917,37799,12035
5046,1,23383,36313,37654,36313,36314
5047,0,4485,14985,14985,14487,11884
5048,0,8615,19115,19115,20600,16968
5049,0,3924,14424,14424,12565,35392
5050,0,23222,38873,38873,18610,12206
5051,0,9563,20063,20063,19962,39189
5052,0,23334,35719,35719,13342,11971
5053,2,7850,18350,17536,18643,18350
5054,0,22048,36763,36763,38088,13222
5055,0,3113,13613,13613,16298,16340
5056,0,3303,13803,13803,12379,12868
5057,0,9536,20036,20036,35771,11643
5058,0,1690,12190,12190,18245,36526
5059,0,9634,20134,20134,10590,10520
5060,0,5048,15548,15548,15025,11190
5061,0,10097,20597,20597,11287,15055
5062,0,3308,13808,13808,37370,12549
5063,6,1504,12004,20145,13490,16568
5064,0,1806,12306,12306,11404,17395
5065,0,3871,14371,14371,15087,39412
5066,0,9967,20467,20467,18405,14041
5067,0,3791,14291,14291,12090,13403
5068,5,24613,38939,20070,14256,38994
5069,4,23454,36246,37795,17156,17691
5070,0,24707,36169,36169,19524,35933
5071,0,1717,12217,12217,39228,39567
5072,0,2696,13196,13196,11508,11202
5073,0,1848,12348,12348,37627,15449
5074,0,4512,15012,15012,36991,39244
5075,0,24366,35787,35787,35637,36654
5076,0,6622,17122,17122,19608,17281
5077,0,3435,13935,13935,16401,16031
5078,0,10151,20651,20651,16058,12966
5079,0,142,10642,10642,37429,16272
5080,0,24712,35156,35156,35387,35386
5081,9,6992,17492,13071,19538,13671
5082,0,21566,38036,38036,19566,15757
5083,0,9878,20378,20378,19068,17417
5084,0,1117,11617,11617,20280,11540
5085,0,1756,12256,12256,16069,39058
5086,0,497,10997,10997,38386,11415
5087,0,6751,17251,17251,15641,19601
5088,0,870,11370,11370,11107,36955
5089,0,3357,13857,13857,38667,11114
5090,0,9104,19604,19604,18775,10797
5091,0,7678,18178,18178,37253,37227
5092,1,721,11221,10906,11221,36572
5093,0,886,11386,11386,18094,13343
5094,0,23568,39058,39058,10683,17535
5095,0,22542,35642,35642,16430,12340
5096,1,22924,37105,18175,37105,36124
5097,0,8347,18847,18847,19267,15011
5098,1,8102,18602,15304,18602,18192
5099,3,21222,37696,14456,19176,38394
5100,0,22198,36628,36628,17670,36296
5101,0,314,10814,10814,12566,16484
5102,0,21632,39650,39650,16406,17083
5103,0,24332,39390,39390,10651,18760
5104,0,4204,14704,14704,11634,35885
5105,195,5850,16350,12100,35740,20193
5106,0,6129,16629,16629,20851,20194
5107,0,5447,15947,15947,15468,16800
5108,0,3129,13629,13629,19054,38200
5109,0,1996,12496,12496,36318,35516
5110,0,24751,35771,35771,14770,20036
5111,0,3968,14468,14468,17059,19798
5112,0,24714,36495,36495,15843,17596
5113,0,336,10836,10836,17930,35540
5114,0,23357,36496,36496,14467,36477
5115,0,23984,37208,37208,19543,19362
5116,5,10384,20884,13289,36392,20168
5117,0,2985,13485,13485,38915,39559
5118,0,4620,15120,15120,17245,13836
5119,0,6531,17031,17031,13392,16191
5120,0,9857,20357,20357,12559,12582
5121,0,3558,14058,14058,12570,16992
5122,0,22183,38329,38329,14399,38330
5123,0,3416,13916,13916,12743,13942
5124,0,307,10807,10807,14033,37863
5125,0,22547,39546,39546,39212,17689
5126,0,24401,36024,36024,38730,17786
5127,0,348,10848,10848,16977,12347
5128,0,5918,16418,16418,15857,13567
5129,0,22935,37834,37834,11742,38341
5130,0,7243,17743,17743,36190,11912
5131,0,23595,38913,38913,38976,14340
5132,1,4482,14982,35154,14982,39235
5133,0,9421,19921,19921,19241,20465
5134,0,8263,18763,18763,38275,11326
5135,0,21891,36156,36156,36729,13301
5136,0,6855,17355,17355,13838,17612
5137,0,24427,37550,37550,35851,20661
5138,0,22824,35372,35372,11282,14036
5139,0,22912,36865,36865,14464,18596
5140,0,21809,35440,35440,36592,11822
5141,0,1666,12166,12166,39004,19639
5142,0,7579,18079,18079,11271,15093
5143,0,5570,16070,16070,19136,20766
5144,0,52,10552,10552,17529,18170
5145,0,9965,20465,20465,19921,19241
5146,0,6263,16763,16763,12883,36230
5147,13,1445,11945,38933,37567,35594
5148,0,9843,20343,20343,12153,14784
5149,0,10184,20684,20684,36711,17840
5150,0,1695,12195,12195,15312,20283
5151,0,1574,12074,12074,38581,12799
5152,0,23623,35759,35759,15824,14490
5153,15,4405,14905,35594,38933,14892
5154,0,1630,12130,12130,13662,14886
5155,0,21924,38388,38388,18711,39152
5156,0,1881,12381,12381,12694,37689
5157,0,5074,15574,15574,18342,17967
5158,0,5509,16009,16009,15939,36916
5159,1,21969,37894,20989,37894,39185
5160,0,24454,35190,35190,35191,17013
5161,0,9040,19540,19540,38142,14944
5162,0,21242,35300,35300,17468,16209
5163,0,22497,37535,37535,13608,38153
5164,0,186,10686,10686,37496,37531
5165,0,5558,16058,16058,20651,12966
5166,0,7185,17685,17685,38995,18576
5167,0,22304,38527,38527,11388,14036
5168,0,22530,36163,36163,39020,36811
5169,1,6587,17087,37177,17087,14730
5170,2,1234,11734,39306,12705,11734
5171,0,10479,20979,20979,16362,10612
5172,0,3915,14415,14415,39303,20856
5173,4,446,10946,39568,18417,17994
5174,0,844,11344,11344,18434,19627
5175,3,5201,15701,36254,19953,17238
5176,0,23653,38022,38022,13549,10695
5177,0,24630,36208,36208,17634,13778
5178,0,2440,12940,12940,38343,38607
5179,0,3103,13603,13603,38912,10877
5180,1,7692,18192,16903,18192,18602
5181,0,4774,15274,15274,18009,15919
5182,0,6974,17474,17474,35882,19276
5183,0,6094,16594,16594,16107,11475
5184,0,9486,19986,19986,35173,18330
5185,0,2153,12653,12653,15956,16693
5186,15,5518,16018,19495,19227,15772
5187,0,24015,36662,36662,11020,10954
5188,0,5067,15567,15567,17029,14802
5189,0,25402,37308,37308,15824,15528
5190,0,21207,36200,36200,18118,36472
5191,0,21079,37140,37140,10792,18503
5192,0,776,11276,11276,10798,11767
5193,1,8417,18917,38621,18917,17405
5194,4,24965,38598,12110,13041,12893
5195,0,6324,16824,16824,19611,18836
5196,0,4920,15420,15420,38620,35513
5197,0,23829,37706,37706,13657,16579
5198,0,9182,19682,19682,20213,37371
5199,0,24504,38902,38902,15015,37545
5200,2,23532,35994,37635,38449,35994
5201,0,3136,13636,13636,11172,16780
5202,0,22832,37281,37281,38509,13467
5203,0,5462,15962,15962,36297,37800
5204,0,3183,13683,13683,12522,37366
5205,0,24321,37699,37699,36982,13423
5206,0,7522,18022,18022,20219,11990
5207,1,23633,36554,10829,36554,13957
5208,0,3199,13699,13699,39461,39591
5209,0,22931,35995,35995,10960,14852
5210,0,1289,11789,11789,18025,19343
5211,0,25219,38930,38930,18601,15409
5212,0,23104,38973,38973,39629,39598
5213,0,24137,37370,37370,12549,12024
5214,0,7542,18042,18042,18000,17075
5215,0,1879,12379,12379,13803,12868
5216,0,23433,38615,38615,38964,17463
5217,0,10003,20503,20503,19372,20963
5218,4,5457,15957,11109,35648,15057
5219,0,2148,12648,12648,35189,19061
5220,0,4131,14631,14631,14131,15501
5221,0,1036,11536,11536,38889,13509
5222,0,8828,19328,19328,11026,17257
5223,6,23243,38949,18736,16641,38351
5224,0,4134,14634,14634,10726,17251
5225,0,649,11149,11149,38507,38508
5226,1,9275,19775,15685,19775,16375
5227,0,6711,17211,17211,39377,39490
5228,0,861,11361,11361,11142,17674
5229,0,9095,19595,19595,38870,38778
5230,2,191,10691,14586,36264,10691
5231,0,8301,18801,18801,36385,36334
5232,0,6026,16526,16526,14970,18214
5233,0,1942,12442,12442,38529,17486
5234,0,4331,14831,14831,35690,10921
5235,0,23095,39045,39045,10858,11257
5236,0,8775,19275,19275,16773,13159
5237,0,7972,18472,18472,10782,20016
5238,0,24840,36248,36248,12988,37117
5239,0,21279,38753,38753,16799,14644
5240,0,22720,35768,35768,19105,35919
5241,0,2775,13275,13275,13588,38261
5242,0,4145,14645,14645,16218,38568
5243,0,23747,37560,37560,35824,11743
5244,0,2617,13117,13117,18166,36159
5245,0,2411,12911,12911,20704,13604
5246,0,1094,11594,11594,18689,11552
5247,0,6065,16565,16565,36618,12827
5248,0,1546,12046,12046,13092,37408
5249,0,4589,15089,15089,11188,13467
5250,0,6034,16534,16534,17867,17571
5251,0,10154,20654,20654,16355,11385
5252,0,6953,17453,17453,16241,16235
5253,0,3135,13635,13635,38257,36852
5254,0,3856,14356,14356,18531,13588
5255,0,24903,38485,38485,35913,15843
5256,0,6419,16919,16919,16645,14354
5257,0,3805,14305,14305,19133,14933
5258,0,24724,37728,37728,19251,11401
5259,0,9919,20419,20419,16654,14098
5260,2,7431,17931,15616,14397,17931
5261,0,6774,17274,17274,14196,36600
5262,0,24551,37830,37830,39389,12755
5263,0,464,10964,10964,35863,19152
5264,0,1257,11757,11757,37416,13701
5265,0,2259,12759,12759,13652,12317
5266,0,5630,16130,16130,14784,12153
5267,0,23203,39186,39186,12894,15943
5268,12,6231,16731,15533,11945,39167
5269,0,7382,17882,17882,13637,19763
5270,0,22555,35741,35741,11497,11784
5271,0,21661,37024,37024,14660,12406
5272,0,1262,11762,11762,10889,35631
5273,0,22172,38160,38160,19938,15524
5274,0,7212,17712,17712,15642,12630
5275,0,975,11475,11475,19454,20434
5276,0,22969,35376,35376,36603,19586
5277,0,5866,16366,16366,36355,37067
5278,0,9133,19633,19633,17696,19298
5279,0,6582,17082,17082,18350,20071
5280,0,2387,12887,12887,16322,36196
5281,2,23726,39246,16509,12410,39246
5282,6,5021,15521,20120,16325,14550
5283,0,7129,17629,17629,35216,38175
5284,0,22618,37182,37182,35780,16853
5285,0,3882,14382,14382,19145,35930
5286,0,6055,16555,16555,16762,11728
5287,0,21838,38287,38287,38174,10949
5288,0,25189,35324,35324,18456,39337
5289,4,3875,14375,20929,38099,14663
5290,0,2789,13289,13289,36392,20168
5291,1,9136,19636,14041,19636,19997
5292,1,23031,37985,12850,37985,37371
5293,0,1857,12357,12357,14763,11466
5294,18,24280,37659,19056,13168,19798
5295,0,4108,14608,14608,15504,37363
5296,0,5213,15713,15713,38151,13292
5297,0,8281,18781,18781,18932,16234
5298,0,3255,13755,13755,19752,36837
5299,0,7323,17823,17823,12238,14685
5300,0,2690,13190,13190,37228,11667
5301,0,7389,17889,17889,12091,15349
5302,0,4627,15127,15127,35869,16864
5303,0,24932,35819,35819,35505,15857
5304,0,1319,11819,11819,13732,37441
5305,11,22949,37603,19805,16509,39246
5306,0,23453,39476,39476,37437,10612
5307,0,5162,15662,15662,36034,12042
5308,0,24858,35526,35526,19574,13939
5309,0,10360,20860,20860,35591,20616
5310,0,1135,11635,11635,19956,35506
5311,0,4529,15029,15029,12543,15744
5312,0,3505,14005,14005,13688,17463
5313,0,4749,15249,15249,16826,10534
5314,16,7086,17586,11047,13074,36677
5315,0,9947,20447,20447,13653,10589
5316,0,24831,39458,39458,19780,19446
5317,0,6336,16836,16836,20123,37358
5318,0,25203,35593,35593,36491,10620
5319,0,6982,17482,17482,37484,35756
5320,0,24195,37420,37420,14518,37097
5321,0,2505,13005,13005,39083,15606
5322,0,2904,13404,13404,15392,18259
5323,0,570,11070,11070,12420,37975
5324,0,1448,11948,11948,14422,37577
5325,0,3414,13914,13914,37792,11216
5326,0,22660,39480,39480,37648,20897
5327,2,25494,35430,14303,20649,35430
5328,0,9290,19790,19790,37735,15089
5329,0,24111,39302,39302,38547,13662
5330,0,6837,17337,17337,36845,13786
5331,0,3226,13726,13726,15666,11219
5332,0,21227,39270,39270,12304,38335
5333,0,4383,14883,14883,17411,18004
5334,0,9229,19729,19729,11792,19851
5335,0,7845,18345,18345,37459,19243
5336,0,3539,14039,14039,14124,17129
5337,0,21703,35240,35240,11776,15991
5338,12,24517,38099,38395,17043,16210
5339,0,2827,13327,13327,14999,38838
5340,0,5780,16280,16280,39286,14482
5341,0,4996,15496,15496,39068,11288
5342,0,1338,11838,11838,15508,18157
5343,0,3262,13762,13762,18460,16208
5344,0,7876,18376,18376,17137,38817
5345,0,23719,35463,35463,36522,15836
5346,0,6838,17338,17338,14196,17347
5347,0,5741,16241,16241,17453,16235
5348,0,650,11150,11150,15333,16896
5349,0,6039,16539,16539,20638,36036
5350,0,2258,12758,12758,15708,36884
5351,0,5395,15895,15895,36331,39490
5352,0,23408,37755,37755,20261,20114
5353,0,7082,17582,17582,15337,14984
5354,1,22805,36296,36628,36296,17670
5355,0,3521,14021,14021,20458,38971
5356,0,24820,39221,39221,37965,20053
5357,0,4478,14978,14978,36938,39369
5358,0,5660,16160,16160,19067,19852
5359,0,24584,37708,37708,14401,19525
5360,0,67,10567,10567,19420,18271
5361,0,23714,38717,38717,13132,39178
5362,0,24392,36530,36530,19709,13174
5363,0,7609,18109,18109,13422,36201
5364,0,1258,11758,11758,10845,12742
5365,1,21906,36617,35410,36617,12300
5366,0,21092,37430,37430,19954,17851
5367,0,991,11491,11491,14109,12670
5368,0,3504,14004,14004,19993,13740
5369,0,8305,18805,18805,14913,10813
5370,0,919,11419,11419,12419,20370
5371,0,165,10665,10665,39338,35747
5372,0,9877,20377,20377,35850,18731
5373,0,25188,37466,37466,19937,16552
5374,2,9141,19641,16573,36684,19641
5375,0,4594,15094,15094,14802,19783
5376,0,25307,36802,36802,11039,37197
5377,0,2850,13350,13350,14747,14522
5378,0,21455,35549,35549,17857,12180
5379,0,25360,39622,39622,37335,20882
5380,0,24209,36824,36824,13793,12224
5381,0,4460,14960,14960,19077,13540
5382,0,23638,38880,38880,18278,18723
5383,0,6623,17123,17123,19205,14236
5384,0,9306,19806,19806,20530,36921
5385,0,23976,37228,37228,13190,11202
5386,0,8490,18990,18990,15339,18737
5387,1,9867,20367,19631,20367,14849
5388,0,2735,13235,13235,38125,36939
5389,0,5669,16169,16169,18776,13874
5390,0,4988,15488,15488,38359,11044
5391,0,22855,38156,38156,18455,20044
5392,0,2378,12878,12878,35918,38239
5393,0,10402,20902,20902,37946,20807
5394,0,4172,14672,14672,14043,20139
5395,0,8092,18592,18592,20157,16162
5396,1,21271,36639,18892,36639,18257
5397,0,2103,12603,12603,18752,14520
5398,0,3759,14259,14259,14671,16913
5399,0,25495,36333,36333,15189,18672
5400,0,1837,12337,12337,13566,12636
5401,1,21318,36684,17744,36684,19343
5402,0,22233,37106,37106,19433,13093
5403,0,24161,36882,36882,20931,38363
5404,10,5710,16210,20497,38649,20273
5405,0,8799,19299,19299,12553,39591
5406,83,4500,15000,15573,11620,20411
5407,0,1093,11593,11593,36614,18857
5408,0,10017,20517,20517,14735,39087
5409,0,6718,17218,17218,39412,18587
5410,0,25271,35414,35414,14949,19900
5411,0,8960,19460,19460,13705,14336
5412,3,160,10660,18417,39568,11474
5413,0,203,10703,10703,10663,15399
5414,0,6483,16983,16983,20004,36686
5415,0,3940,14440,14440,37577,18404
5416,0,21325,39439,39439,18555,38816
5417,0,4933,15433,15433,36572,36571
5418,1,7647,18147,18821,18147,14990
5419,12,1230,11730,19693,17814,12048
5420,0,9166,19666,19666,11595,35815
5421,0,3046,13546,13546,12320,17865
5422,2,7957,18457,37020,19232,18457
5423,0,2915,13415,13415,15308,12832
5424,0,24342,38278,38278,39330,35518
5425,1,4251,14751,11748,14751,13566
5426,1,6111,16611,20336,16611,12719
5427,0,6204,16704,16704,10584,12991
5428,0,2725,13225,13225,19368,10729
5429,1,4290,14790,13989,14790,14533
5430,0,4334,14834,14834,10802,39565
5431,0,383,10883,10883,14719,17579
5432,0,7485,17985,17985,39016,15419
5433,0,4886,15386,15386,13368,38910
5434,0,857,11357,11357,14609,38994
5435,0,370,10870,10870,38097,17163
5436,0,6539,17039,17039,37756,19489
5437,0,2561,13061,13061,19202,36569
5438,0,3801,14301,14301,36441,37162
5439,3,5455,15955,14821,37868,18774
5440,0,10162,20662,20662,17295,13334
5441,0,21741,38511,38511,11738,37362
5442,0,6859,17359,17359,13476,36093
5443,0,10212,20712,20712,37631,36131
5444,0,23695,37965,37965,39221,20053
5445,0,22580,39060,39060,10502,14286
5446,0,5944,16444,16444,37374,37425
5447,0,615,11115,11115,14728,19446
5448,0,2575,13075,13075,13960,36905
5449,0,53,10553,10553,11166,12849
5450,0,24019,38073,38073,35595,36104
5451,0,3340,13840,13840,17653,36525
5452,0,25077,36004,36004,35183,38154
5453,0,9897,20397,20397,37002,38806
5454,0,25317,38251,38251,37410,15260
5455,0,10099,20599,20599,35883,17304
5456,0,10052,20552,20552,18238,39547
5457,0,22775,38460,38460,38026,11804
5458,0,5876,16376,16376,38201,20675
5459,0,10196,20696,20696,20880,19846
5460,0,8995,19495,19495,19227,15878
5461,0,1812,12312,12312,14339,37281
5462,0,990,11490,11490,39111,16230
5463,0,10389,20889,20889,11549,37674
5464,0,24549,37231,37231,15084,37254
5465,1,8411,18911,35344,18911,38167
5466,0,2942,13442,13442,38756,14166
5467,6,9480,19980,36103,36020,20773
5468,1,3163,13663,15777,13663,10659
5469,0,4678,15178,15178,20589,16864
5470,0,2618,13118,13118,37197,11002
5471,0,3612,14112,14112,35466,36414
5472,0,8235,18735,18735,16974,35535
5473,0,7871,18371,18371,13649,17107
5474,0,24652,36636,36636,17258,37884
5475,1,3792,14292,12853,14292,38998
5476,0,9695,20195,20195,11222,13417
5477,0,10130,20630,20630,14270,15066
5478,0,3439,13939,13939,36334,18801
5479,0,1892,12392,12392,13100,14902
5480,0,22704,39117,39117,15995,39649
5481,0,23215,38652,38652,16141,37876
5482,0,5255,15755,15755,16675,38556
5483,0,5167,15667,15667,13099,14775
5484,0,6460,16960,16960,14987,35716
5485,0,1505,12005,12005,20977,38342
5486,0,10355,20855,20855,37122,12072
5487,0,670,11170,11170,37301,20187
5488,0,9471,19971,19971,12817,16958
5489,5,21338,36020,37281,13467,11188
5490,0,897,11397,11397,16914,38923
5491,0,3306,13806,13806,19370,17428
5492,0,8026,18526,18526,13645,38118
5493,0,6239,16739,16739,35752,16140
5494,0,2890,13390,13390,13975,15920
5495,0,6003,16503,16503,20996,38561
5496,0,7739,18239,18239,35428,35397
5497,0,24853,36071,36071,36072,19810
5498,0,21016,36287,36287,38548,39535
5499,0,8397,18897,18897,18053,15814
5500,0,2,10502,10502,39060,20759
5501,0,9961,20461,20461,15200,12545
5502,2,22410,37404,38885,17490,37404
5503,0,6079,16579,16579,15133,18567
5504,0,531,11031,11031,14501,20060
5505,0,24762,37586,37586,36696,15905
5506,0,8181,18681,18681,39055,16017
5507,0,24860,37632,37632,20624,36969
5508,0,6476,16976,16976,18116,19739
5509,0,21980,38038,38038,36117,39052
5510,0,23094,37363,37363,14091,36408
5511,0,8923,19423,19423,19823,13099
5512,0,3406,13906,13906,14718,19924
5513,0,5991,16491,16491,11486,38312
5514,0,6328,16828,16828,15203,13447
5515,0,10374,20874,20874,20886,20616
5516,13,2565,13065,13323,38199,11331
5517,0,2581,13081,13081,36087,18012
5518,0,24106,37424,37424,35579,18965
5519,0,8385,18885,18885,36585,19715
5520,0,2607,13107,13107,19753,15820
5521,0,10484,20984,20984,19610,36256
5522,0,23391,38870,38870,19595,16987
5523,0,9447,19947,19947,15074,37705
5524,0,2104,12604,12604,11937,10590
5525,0,22026,38607,38607,12940,15048
5526,0,21410,35334,35334,14476,20645
5527,0,21189,38384,38384,11923,38723
5528,1,4994,15494,36961,15494,17795
5529,0,24792,35857,35857,36127,35647
5530,0,5057,15557,15557,14145,36951
5531,0,658,11158,11158,17862,20485
5532,0,4434,14934,14934,19896,19276
5533,0,24885,38903,38903,16741,20602
5534,0,3816,14316,14316,14998,17252
5535,0,6773,17273,17273,19594,13659
5536,0,22231,38721,38721,13223,15772
5537,0,9813,20313,20313,11814,35974
5538,0,23970,38802,38802,39339,38751
5539,0,7260,17760,17760,19399,11313
5540,0,3904,14404,14404,18844,12172
5541,0,24433,35864,35864,35722,19253
5542,0,21116,38012,38012,19837,39286
5543,0,9288,19788,19788,38416,13593
5544,0,6811,17311,17311,17496,36231
5545,0,22610,38237,38237,14339,38841
5546,0,9359,19859,19859,17315,11709
5547,0,3700,14200,14200,39400,35157
5548,0,22008,36573,36573,11293,14241
5549,0,1788,12288,12288,38378,38513
5550,0,23840,37389,37389,38031,12662
5551,0,6314,16814,16814,39579,38365
5552,0,3645,14145,14145,36537,38779
5553,0,1776,12276,12276,36537,38162
5554,1,192,10692,15867,10692,11871
5555,1,9012,19512,18747,19512,13065
5556,0,10261,20761,20761,17652,11079
5557,0,23919,37555,37555,15191,36576
5558,0,23395,39006,39006,13554,14240
5559,0,5388,15888,15888,12104,19834
5560,0,10307,20807,20807,15223,37946
5561,0,4951,15451,15451,35883,37963
5562,0,2687,13187,13187,19892,37706
5563,1,4390,14890,12287,14890,18083
5564,0,4927,15427,15427,20189,18503
5565,5,5552,16052,14237,17958,15637
5566,0,21655,38986,38986,16035,15748
5567,1,238,10738,15261,10738,15025
5568,0,21689,38562,38562,16832,38452
5569,0,22387,39183,39183,11640,36160
5570,0,6901,17401,17401,18958,15356
5571,0,24271,35605,35605,37577,37627
5572,0,21273,39518,39518,17601,16320
5573,0,9137,19637,19637,17703,19591
5574,1,23381,36967,19012,36967,18835
5575,0,8640,19140,19140,35819,18018
5576,0,5097,15597,15597,36824,17619
5577,0,21019,35480,35480,37138,36620
5578,0,23996,35827,35827,12743,10605
5579,0,10335,20835,20835,38545,11373
5580,2,3552,14052,18108,38991,14052
5581,2,23318,39609,16398,38941,39609
5582,0,3360,13860,13860,20602,37237
5583,2,8328,18828,15258,19303,18828
5584,360,5628,16128,11925,18616,36976
5585,0,7751,18251,18251,35428,18239
5586,0,5783,16283,16283,14138,35527
5587,2,4507,15007,20238,18615,15007
5588,0,24633,37766,37766,17133,20156
5589,0,146,10646,10646,17207,38776
5590,203,24769,35696,12060,19572,16913
5591,0,2294,12794,12794,17935,14426
5592,0,7178,17678,17678,13596,38966
5593,0,9928,20428,20428,15817,19682
5594,24,23166,38960,14102,13862,19439
5595,0,25139,35418,35418,35419,20279
5596,0,24021,38877,38877,16654,16619
5597,0,23023,37097,37097,15218,14518
5598,0,8690,19190,19190,16530,16145
5599,0,7081,17581,17581,18545,38439
5600,2,4733,15233,37414,19642,15233
5601,0,8912,19412,19412,38492,36785
5602,0,4384,14884,14884,14872,15818
5603,0,21714,38759,38759,13962,38801
5604,0,23764,38413,38413,20270,13248
5605,0,23199,36227,36227,18327,38128
5606,0,4545,15045,15045,16379,12019
5607,0,596,11096,11096,13792,15162
5608,0,24041,38296,38296,11245,17445
5609,0,22386,35192,35192,39121,35809
5610,0,5164,15664,15664,39034,18409
5611,0,22491,38403,38403,16722,14739
5612,0,1647,12147,12147,36047,18558
5613,0,6815,17315,17315,11709,10842
5614,0,2700,13200,13200,13441,36734
5615,0,1700,12200,12200,12376,16789
5616,0,2773,13273,13273,18430,20365
5617,0,6968,17468,17468,13408,15235
5618,0,8143,18643,18643,18350,19711
5619,0,6219,16719,16719,16065,20996
5620,6,86,10586,39188,14568,36649
5621,2,24985,36937,38984,19259,36937
5622,0,21662,36906,36906,38143,17890
5623,0,22145,37786,37786,11529,15770
5624,0,2594,13094,13094,19227,37723
5625,0,1029,11529,11529,11102,37786
5626,0,136,10636,10636,11476,16868
5627,0,6972,17472,17472,20283,10609
5628,0,23016,35912,35912,37232,15101
5629,0,7024,17524,17524,37659,11391
5630,0,2854,13354,13354,36630,11488
5631,0,1200,11700,11700,17748,37417
5632,1,6121,16621,37723,16621,35623
5633,3,9763,20263,39316,19066,37679
5634,0,8758,19258,19258,11878,38570
5635,0,23155,36191,36191,18284,13510
5636,0,6296,16796,16796,36385,35755
5637,0,3927,14427,14427,38630,10823
5638,4,10105,20605,38885,17490,35956
5639,0,23371,37902,37902,36025,36359
5640,0,8468,18968,18968,39525,11608
5641,0,3606,14106,14106,18173,13014
5642,0,25293,38032,38032,36079,38758
5643,0,2330,12830,12830,16411,36107
5644,0,2187,12687,12687,19475,39171
5645,0,195,10695,10695,19759,37577
5646,0,5059,15559,15559,13444,20283
5647,0,802,11302,11302,18346,37796
5648,0,2668,13168,13168,11116,39196
5649,0,241,10741,10741,37537,36373
5650,0,2068,12568,12568,19953,35596
5651,0,24514,38171,38171,12282,20785
5652,2,22678,37783,14945,37287,37783
5653,0,644,11144,11144,14570,37290
5654,0,9116,19616,19616,20049,17149
5655,0,5103,15603,15603,14626,14621
5656,0,1637,12137,12137,14390,20970
5657,0,7552,18052,18052,16659,19143
5658,1,8312,18812,16891,18812,11416
5659,0,3074,13574,13574,36139,11715
5660,0,9014,19514,19514,14679,37957
5661,0,7296,17796,17796,17044,16738
5662,0,3278,13778,13778,36208,17634
5663,0,8003,18503,18503,37140,10792
5664,10,4970,15470,15073,37037,13572
5665,0,22886,35308,35308,35392,35772
5666,0,8326,18826,18826,39292,12176
5667,0,6915,17415,17415,14368,17523
5668,0,10468,20968,20968,13020,35257
5669,0,7829,18329,18329,13230,38135
5670,0,62,10562,10562,13938,14996
5671,0,24037,36507,36507,19307,37809
5672,0,24799,36561,36561,13800,16168
5673,0,22768,38609,38609,13436,12021
5674,0,22140,35606,35606,38053,13099
5675,0,22906,35497,35497,18750,12960
5676,0,679,11179,11179,11631,18758
5677,0,2041,12541,12541,37150,16204
5678,2,8933,19433,37106,13093,19433
5679,0,5307,15807,15807,18797,37750
5680,0,24336,35777,35777,14730,37177
5681,0,3641,14141,14141,11424,17336
5682,0,23828,37026,37026,13668,12331
5683,0,21692,36856,36856,36857,13047
5684,0,3258,13758,13758,17287,19018
5685,0,1873,12373,12373,37147,20477
5686,0,4744,15244,15244,17160,38920
5687,0,9909,20409,20409,18486,18783
5688,0,2912,13412,13412,10656,15311
5689,0,4027,14527,14527,13891,12185
5690,0,5488,15988,15988,12039,35154
5691,0,24555,37606,37606,37604,38213
5692,0,8024,18524,18524,38977,16036
5693,0,7786,18286,18286,36520,38387
5694,0,23905,38538,38538,14727,19980
5695,1,6864,17364,20894,17364,15801
5696,0,489,10989,10989,36814,16617
5697,0,8685,19185,19185,20677,37707
5698,0,690,11190,11190,15548,15025
5699,1,602,11102,19638,11102,16295
5700,3,10103,20603,39599,19752,12543
5701,0,1014,11514,11514,17297,38182
5702,0,869,11369,11369,11022,13431
5703,0,1993,12493,12493,12499,38646
5704,0,7610,18110,18110,36883,35656
5705,0,5283,15783,15783,12366,14127
5706,0,4370,14870,14870,14235,14112
5707,0,22416,35985,35985,17316,35986
5708,0,1361,11861,11861,20660,38712
5709,0,10489,20989,20989,37894,39185
5710,1,1526,12026,15368,12026,14264
5711,0,23138,37153,37153,19184,17810
5712,1,1629,12129,36510,12129,12057
5713,0,1551,12051,12051,20132,12180
5714,0,24029,35363,35363,12527,18449
5715,0,21504,39187,39187,18221,39435
5716,0,1337,11837,11837,35983,18325
5717,0,3901,14401,14401,37708,13651
5718,0,5041,15541,15541,36881,16017
5719,0,8252,18752,18752,12603,36431
5720,0,24966,35595,35595,38073,19004
5721,0,5039,15539,15539,39011,10785
5722,1,2346,12846,14976,12846,14353
5723,0,21331,38591,38591,12499,20197
5724,0,5485,15985,15985,36595,36389
5725,0,21465,37962,37962,17219,37963
5726,0,5694,16194,16194,35852,11935
5727,0,5119,15619,15619,35219,20515
5728,0,5166,15666,15666,13726,10752
5729,0,1134,11634,11634,14704,10986
5730,0,8342,18842,18842,20842,16542
5731,0,10401,20901,20901,14509,37500
5732,0,4017,14517,14517,17046,16736
5733,0,24753,35196,35196,15852,11485
5734,0,2424,12924,12924,37745,13690
5735,1,4138,14638,15776,14638,19122
5736,0,859,11359,11359,11857,38815
5737,0,2962,13462,13462,20731,38039
5738,0,8089,18589,18589,11577,39461
5739,0,22049,38630,38630,10823,14427
5740,0,23114,36238,36238,17391,39114
5741,0,25300,37494,37494,20945,18875
5742,0,22665,37377,37377,36265,17933
5743,0,1364,11864,11864,38207,14958
5744,0,21304,39423,39423,18983,37956
5745,0,1779,12279,12279,14940,17480
5746,0,10397,20897,20897,19897,16700
5747,0,2101,12601,12601,17733,19609
5748,0,1818,12318,12318,17319,12550
5749,0,369,10869,10869,17834,20776
5750,0,4937,15437,15437,20484,16005
5751,0,5285,15785,15785,12309,11409
5752,0,8367,18867,18867,39125,16751
5753,0,25363,36796,36796,35502,39623
5754,0,7071,17571,17571,10995,18953
5755,0,2093,12593,12593,12753,16277
5756,0,7817,18317,18317,14915,37689
5757,0,1920,12420,12420,37927,11070
5758,0,82,10582,10582,16951,16548
5759,0,7331,17831,17831,12765,11615
5760,0,7304,17804,17804,12363,37594
5761,0,816,11316,11316,17803,35840
5762,0,25479,36264,36264,14586,12058
5763,0,4396,14896,14896,13831,15528
5764,0,8475,18975,18975,16734,20886
5765,0,6124,16624,16624,11169,17087
5766,0,4120,14620,14620,39040,19728
5767,0,25385,36574,36574,18399,38086
5768,0,22473,37963,37963,37962,15451
5769,0,1813,12313,12313,39323,36486
5770,0,1271,11771,11771,17276,15306
5771,0,8751,19251,19251,37728,36440
5772,1,2994,13494,19614,13494,13728
5773,0,25429,36063,36063,14783,17932
5774,0,6409,16909,16909,20128,13656
5775,0,23491,36265,36265,17933,37377
5776,0,2642,13142,13142,18839,18581
5777,0,9280,19780,19780,39458,18435
5778,0,23293,35706,35706,17834,35917
5779,0,2305,12805,12805,36477,13369
5780,0,21218,35566,35566,20669,12789
5781,0,24901,37214,37214,37632,11370
5782,0,4195,14695,14695,37223,20500
5783,0,23328,37175,37175,20938,12354
5784,0,3849,14349,14349,36622,37259
5785,0,23820,39427,39427,19787,13217
5786,0,22167,37232,37232,35912,35363
5787,0,23109,39015,39015,17907,14852
5788,0,3554,14054,14054,37992,20176
5789,0,2195,12695,12695,17012,38523
5790,0,2600,13100,13100,37881,14434
5791,0,6163,16663,16663,19401,15661
5792,0,1518,12018,12018,19210,11149
5793,0,22356,35199,35199,35198,12515
5794,0,23142,35636,35636,18138,36575
5795,0,6309,16809,16809,37463,14987
5796,2,5755,16255,18060,20222,16255
5797,0,5633,16133,16133,19905,19016
5798,0,8399,18899,18899,35681,15163
5799,0,23330,38621,38621,18917,17405
5800,0,7162,17662,17662,17116,13425
5801,0,24758,37552,37552,18221,11917
5802,0,22261,35665,35665,20446,17368
5803,2,1988,12488,19052,18945,12488
5804,0,9533,20033,20033,18972,36580
5805,0,7737,18237,18237,38962,11882
5806,0,517,11017,11017,39423,10812
5807,0,6160,16660,16660,35503,10847
5808,0,24836,36739,36739,36049,11748
5809,0,24129,38283,38283,37244,37451
5810,0,22823,36743,36743,16616,18055
5811,0,21724,35484,35484,36021,17444
5812,0,9607,20107,20107,38317,17586
5813,0,4456,14956,14956,37863,16048
5814,0,2761,13261,13261,20109,36089
5815,0,6481,16981,16981,12967,18454
5816,0,5911,16411,16411,36300,36107
5817,0,21086,38701,38701,35178,19191
5818,0,6547,17047,17047,18723,16972
5819,0,4855,15355,15355,11931,16512
5820,2,7644,18144,19915,14408,18144
5821,0,23409,37949,37949,39108,19033
5822,1,23035,39184,19208,39184,39628
5823,0,6358,16858,16858,13802,12321
5824,0,9741,20241,20241,10505,12412
5825,0,2438,12938,12938,13655,15583
5826,0,3765,14265,14265,12196,11468
5827,0,6432,16932,16932,39264,19219
5828,0,8643,19143,19143,18052,16659
5829,0,7846,18346,18346,38798,11057
5830,24,22035,35321,12060,18517,19572
5831,7,9665,20165,11297,12356,39398
5832,0,23599,38120,38120,17104,19718
5833,0,6340,16840,16840,38099,36372
5834,6,4821,15321,16712,38990,19407
5835,0,18,10518,10518,15589,19319
5836,0,3560,14060,14060,39295,36534
5837,0,3951,14451,14451,12573,16218
5838,0,49,10549,10549,10724,11665
5839,0,24538,39502,39502,11463,15990
5840,0,887,11387,11387,11952,11382
5841,0,6261,16761,16761,12398,13827
5842,0,7236,17736,17736,14270,12936
5843,0,6989,17489,17489,16533,39220
5844,0,6043,16543,16543,18835,36967
5845,8,8708,19208,12576,15946,35500
5846,0,3168,13668,13668,13547,37026
5847,0,2949,13449,13449,18633,16954
5848,6,1424,11924,14499,18896,14786
5849,1,139,10639,19355,10639,36003
5850,1,10116,20616,20874,20616,35591
5851,0,3197,13697,13697,12105,20368
5852,0,5131,15631,15631,19672,18230
5853,0,112,10612,10612,37437,20979
5854,2,8160,18660,20746,11550,18660
5855,0,25368,37670,37670,39586,11689
5856,0,4559,15059,15059,39642,11604
5857,0,4595,15095,15095,12002,14289
5858,0,4690,15190,15190,37899,20917
5859,0,7951,18451,18451,19192,13044
5860,0,24224,35835,35835,14805,37512
5861,3,3277,13777,20165,16891,11416
5862,0,4068,14568,14568,39188,37964
5863,0,4408,14908,14908,35246,17525
5864,2,21538,35272,11889,37112,35272
5865,1,22293,38749,37038,38749,20372
5866,0,9729,20229,20229,10538,35724
5867,0,451,10951,10951,15841,11284
5868,0,7262,17762,17762,14222,16131
5869,0,3731,14231,14231,14937,17825
5870,0,7256,17756,17756,16622,18856
5871,0,21246,38087,38087,13588,20697
5872,0,4986,15486,15486,15735,16199
5873,0,3663,14163,14163,38914,17817
5874,0,2763,13263,13263,13125,37375
5875,0,8850,19350,19350,35645,20069
5876,0,23667,35674,35674,14258,38576
5877,0,1855,12355,12355,39304,18856
5878,0,999,11499,11499,17537,15747
5879,1,389,10889,35631,10889,11947
5880,0,6426,16926,16926,35416,11794
5881,1,1476,11976,12807,11976,17806
5882,19,2240,12740,18234,35815,14196
5883,0,24615,38548,38548,39535,20509
5884,1,8112,18612,12898,18612,11203
5885,0,992,11492,11492,14287,39325
5886,0,7032,17532,17532,11060,15958
5887,0,4997,15497,15497,37127,18482
5888,0,3922,14422,14422,19646,11948
5889,0,2972,13472,13472,18881,15727
5890,0,6871,17371,17371,19740,11104
5891,1,24884,35948,13741,35948,18982
5892,0,4769,15269,15269,36241,39588
5893,0,1293,11793,11793,12623,14396
5894,0,23806,38706,38706,11344,17052
5895,0,4173,14673,14673,39392,39393
5896,0,2535,13035,13035,10886,16214
5897,2,22380,38359,13481,11044,38359
5898,0,1907,12407,12407,19849,17346
5899,0,23775,37076,37076,14275,11439
5900,0,25121,38901,38901,15894,12226
5901,0,8560,19060,19060,12466,38497
5902,1,6033,16533,39220,16533,17489
5903,1,7619,18119,18495,18119,19854
5904,0,1151,11651,11651,11061,13097
5905,3,1567,12067,37062,14137,12548
5906,0,3171,13671,13671,35597,39029
5907,0,9689,20189,20189,38228,16389
5908,0,7106,17606,17606,18602,18192
5909,0,4160,14660,14660,37388,38580
5910,1,4287,14787,12081,14787,36980
5911,0,2230,12730,12730,17885,15373
5912,0,21039,35752,35752,13883,16140
5913,0,174,10674,10674,39437,13002
5914,1,1903,12403,16272,12403,19022
5915,0,9291,19791,19791,15073,15743
5916,0,8752,19252,19252,20381,39402
5917,8,21706,35648,12004,18913,11481
5918,0,3408,13908,13908,16122,35523
5919,0,1538,12038,12038,35485,19163
5920,0,2292,12792,12792,15144,19702
5921,0,9523,20023,20023,17166,15808
5922,0,1363,11863,11863,36161,12146
5923,0,4357,14857,14857,11345,19842
5924,0,5260,15760,15760,16083,20441
5925,0,24466,35834,35834,19786,36435
5926,0,22128,39162,39162,39070,15234
5927,0,680,11180,11180,15770,14775
5928,0,21549,36487,36487,20239,17136
5929,0,3664,14164,14164,10750,35473
5930,0,1661,12161,12161,38964,37577
5931,0,508,11008,11008,13550,11451
5932,0,166,10666,10666,20039,10597
5933,0,24943,37067,37067,19925,36670
5934,0,9198,19698,19698,11251,20465
5935,0,23402,37155,37155,20466,17865
5936,0,7365,17865,17865,12320,13546
5937,0,1914,12414,12414,12323,12127
5938,0,7263,17763,17763,15347,14880
5939,0,23324,39112,39112,12224,39077
5940,0,23332,39279,39279,36666,38213
5941,0,7361,17861,17861,39361,39396
5942,2,1104,11604,20210,38643,11604
5943,2,22657,36391,10756,20607,36391
5944,0,9944,20444,20444,38667,13857
5945,0,5310,15810,15810,15986,36443
5946,0,22447,35955,35955,20292,11112
5947,1,5754,16254,20554,16254,18416
5948,0,152,10652,10652,12723,35482
5949,0,24495,39011,39011,18595,38324
5950,0,5679,16179,16179,20295,11198
5951,0,24110,38364,38364,17840,11703
5952,0,3551,14051,14051,38079,19407
5953,5,3722,14222,18932,18781,16234
5954,1,23647,35689,19420,35689,10567
5955,2,24761,37471,38828,11569,37471
5956,0,4538,15038,15038,20707,38103
5957,0,21197,36893,36893,36892,17216
5958,0,10014,20514,20514,38493,16711
5959,0,8463,18963,18963,39312,37393
5960,0,1991,12491,12491,36965,37453
5961,3,22355,37868,18774,14821,36127
5962,0,8501,19001,19001,19562,16601
5963,0,5141,15641,15641,37954,17763
5964,0,3811,14311,14311,20867,38542
5965,0,25103,37732,37732,35680,20101
5966,0,3450,13950,13950,36059,36276
5967,0,4591,15091,15091,18205,11825
5968,0,7352,17852,17852,12934,16612
5969,0,205,10705,10705,12347,16185
5970,0,9327,19827,19827,15096,20075
5971,0,6680,17180,17180,18091,36197
5972,0,2749,13249,13249,37919,14658
5973,0,8497,18997,18997,12078,11978
5974,0,1849,12349,12349,13938,15003
5975,0,22829,38261,38261,11302,10782
5976,0,10180,20680,20680,18907,39060
5977,0,3240,13740,13740,20329,36290
5978,0,22779,36539,36539,14708,12685
5979,0,3109,13609,13609,16487,38229
5980,0,10179,20679,20679,11939,39430
5981,0,5934,16434,16434,19882,17495
5982,0,24745,36917,36917,14882,11741
5983,0,5810,16310,16310,13549,18404
5984,0,8575,19075,19075,38711,13324
5985,0,5634,16134,16134,13672,13278
5986,0,4307,14807,14807,13617,37577
5987,0,3156,13656,13656,12747,16909
5988,0,6534,17034,17034,11067,20790
5989,3,21045,38374,18600,19635,11164
5990,0,22784,37688,37688,39069,17688
5991,0,21808,37073,37073,12510,14698
5992,0,8891,19391,19391,15768,13344
5993,0,3832,14332,14332,13159,20133
5994,0,21542,37722,37722,13154,14350
5995,0,4776,15276,15276,19677,11620
5996,0,7997,18497,18497,10664,10622
5997,0,4276,14776,14776,14869,36069
5998,4,21379,39277,39580,37838,38173
5999,0,24417,35289,35289,19977,15800
6000,0,22839,39053,39053,38950,38157
6001,0,278,10778,10778,36090,12543
6002,0,6771,17271,17271,11488,38714
6003,0,7415,17915,17915,35767,12793
6004,0,3252,13752,13752,11330,36816
6005,0,23957,36867,36867,36866,20988
6006,0,23021,38761,38761,16580,38396
6007,3,289,10789,36279,36176,13833
6008,1,3075,13575,13451,13575,35918
6009,2,22961,37546,14432,39094,37546
6010,0,9582,20082,20082,37961,37284
6011,0,22143,35250,35250,35249,39098
6012,15,270,10770,11291,15215,13281
6013,0,4570,15070,15070,18630,37394
6014,1,25036,39306,12705,39306,11734
6015,0,9583,20083,20083,37545,16808
6016,0,6696,17196,17196,37277,16694
6017,0,4316,14816,14816,17231,36491
6018,0,3180,13680,13680,14212,14406
6019,1,1422,11922,12176,11922,13387
6020,0,8275,18775,18775,10797,19604
6021,0,9065,19565,19565,37879,17640
6022,0,24285,36475,36475,10886,39090
6023,21,4557,15057,18913,17119,12004
6024,0,7812,18312,18312,20725,36057
6025,0,6297,16797,16797,15762,38112
6026,0,24744,38360,38360,37875,20867
6027,0,21203,36154,36154,11833,12601
6028,0,25343,39576,39576,36770,14544
6029,0,1132,11632,11632,39577,39309
6030,0,22457,35175,35175,35583,36038
6031,0,6242,16742,16742,39642,12285
6032,0,23312,36012,36012,18105,14502
6033,2,22717,38713,13349,39345,38713
6034,0,7423,17923,17923,39214,12600
6035,2,21872,38441,13352,38401,38441
6036,0,10152,20652,20652,15526,11527
6037,0,25185,35438,35438,16170,10722
6038,0,5520,16020,16020,17861,16260
6039,7,9408,19908,38596,39379,17198
6040,0,24588,37709,37709,35431,19711
6041,0,23778,35876,35876,20546,12877
6042,0,9256,19756,19756,11117,37349
6043,0,3786,14286,14286,11663,39060
6044,0,21938,35794,35794,38545,11013
6045,0,8345,18845,18845,37117,11843
6046,0,2161,12661,12661,17071,37326
6047,0,3008,13508,13508,12867,18481
6048,1,1105,11605,14172,11605,38265
6049,0,24726,35701,35701,15434,36669
6050,0,692,11192,11192,17037,35879
6051,0,21482,36384,36384,12933,15367
6052,1,4956,15456,11768,15456,35360
6053,0,8307,18807,18807,16472,35938
6054,0,4369,14869,14869,18916,14776
6055,0,2765,13265,13265,16296,14809
6056,0,3929,14429,14429,18233,35774
6057,1,22203,36081,14810,36081,12514
6058,0,23363,39561,39561,38504,36372
6059,0,7778,18278,18278,18723,38880
6060,3,24746,39512,20128,15551,16909
6061,0,628,11128,11128,37995,20711
6062,0,2451,12951,12951,15492,12373
6063,0,23006,35346,35346,38426,20710
6064,0,3824,14324,14324,18354,38596
6065,0,22919,38127,38127,11512,15617
6066,0,24690,39594,39594,15948,15820
6067,0,3743,14243,14243,19145,14382
6068,0,2176,12676,12676,16187,35532
6069,0,6689,17189,17189,37100,35910
6070,0,8858,19358,19358,20044,39556
6071,0,3318,13818,13818,11242,15281
6072,4,23713,35519,11910,10808,14899
6073,0,9653,20153,20153,15796,19598
6074,0,7432,17932,17932,14783,19321
6075,0,2787,13287,13287,18083,12287
6076,0,1196,11696,11696,20097,11795
6077,0,1676,12176,12176,18826,15561
6078,0,3947,14447,14447,36148,37069
6079,0,7618,18118,18118,12149,14259
6080,0,4444,14944,14944,19540,38142
6081,0,5722,16222,16222,17514,38815
6082,0,21831,36325,36325,15388,12802
6083,0,23367,37366,37366,12522,13683
6084,1,2369,12869,18258,12869,10880
6085,0,4967,15467,15467,19576,15756
6086,0,2217,12717,12717,12282,15742
6087,0,8148,18648,18648,12651,17465
6088,0,10410,20910,20910,19704,16025
6089,0,3326,13826,13826,35838,17457
6090,1,23508,35769,13231,35769,13389
6091,0,3583,14083,14083,19982,13357
6092,0,21506,39321,39321,15614,15763
6093,0,24557,39392,39392,14673,39393
6094,0,3619,14119,14119,18354,15627
6095,0,6217,16717,16717,19293,39071
6096,0,2468,12968,12968,37771,19494
6097,0,8277,18777,18777,13150,12566
6098,2,23831,37343,16152,12467,37343
6099,0,5973,16473,16473,13554,36692
6100,0,3667,14167,14167,18203,19251
6101,0,5158,15658,15658,35455,16165
6102,0,7594,18094,18094,11386,13233
6103,0,6976,17476,17476,11606,10532
6104,0,10211,20711,20711,37995,20212
6105,0,3423,13923,13923,37721,15357
6106,1,8199,18699,15584,18699,11574
6107,0,2409,12909,12909,11577,39591
6108,0,3212,13712,13712,36909,19156
6109,0,21461,39025,39025,36143,14553
6110,0,5366,15866,15866,37056,18656
6111,0,23793,35795,35795,18646,14088
6112,0,6593,17093,17093,12901,19144
6113,0,2895,13395,13395,38901,12961
6114,0,21583,37780,37780,37539,39553
6115,0,24546,38479,38479,20234,12932
6116,0,3642,14142,14142,38924,18674
6117,0,23422,35756,35756,14218,37484
6118,0,23683,35685,35685,20485,19699
6119,0,23855,37230,37230,14864,16373
6120,0,9475,19975,19975,35171,16067
6121,0,10193,20693,20693,16493,15888
6122,0,24906,37573,37573,15092,11442
6123,0,9061,19561,19561,35747,10665
6124,4,25304,39188,11768,19970,10586
6125,0,22682,38107,38107,15003,11075
6126,0,8548,19048,19048,20805,15204
6127,1,24530,39519,18405,39519,14041
6128,0,5451,15951,15951,17252,35218
6129,0,7160,17660,17660,16041,35547
6130,0,7866,18366,18366,38527,20228
6131,1,2743,13243,18202,13243,12501
6132,0,24158,39548,39548,36818,11716
6133,0,10082,20582,20582,10679,15601
6134,0,9797,20297,20297,16465,18062
6135,1,4958,15458,13453,15458,13742
6136,0,25234,37784,37784,16057,36143
6137,0,22117,35226,35226,11778,13737
6138,0,6474,16974,16974,18735,15650
6139,1,7888,18388,11627,18388,19542
6140,0,8811,19311,19311,12179,17024
6141,0,492,10992,10992,16244,36462
6142,0,1116,11616,11616,36288,36133
6143,0,5637,16137,16137,18048,20729
6144,1,23759,37829,18878,37829,14996
6145,0,21769,39462,39462,35186,13068
6146,0,22155,35746,35746,37439,15812
6147,0,25233,38231,38231,14686,38312
6148,0,24881,37568,37568,11928,14659
6149,0,6589,17089,17089,12776,36143
6150,0,22382,38268,38268,20836,19679
6151,0,7557,18057,18057,20160,12806
6152,0,21569,36641,36641,38779,16966
6153,0,5241,15741,15741,16859,17246
6154,0,23741,38526,38526,11056,13152
6155,0,2783,13283,13283,16476,11519
6156,0,22942,35671,35671,10886,37275
6157,0,1696,12196,12196,11468,14265
6158,0,5685,16185,16185,13224,17906
6159,0,2295,12795,12795,38267,13747
6160,0,5939,16439,16439,19137,39030
6161,0,7763,18263,18263,20731,39212
6162,0,10244,20744,20744,18654,13910
6163,0,9968,20468,20468,12699,20244
6164,0,3313,13813,13813,19367,18730
6165,1,4781,15281,18691,15281,38742
6166,0,8350,18850,18850,11641,10704
6167,0,23837,35807,35807,18259,13404
6168,0,9784,20284,20284,37499,38400
6169,0,9915,20415,20415,20631,20878
6170,0,7605,18105,18105,20121,20318
6171,0,215,10715,10715,35844,12865
6172,0,6707,17207,17207,10646,38776
6173,1,23042,36997,15067,36997,36060
6174,0,8682,19182,19182,19354,13833
6175,0,22045,38362,38362,11720,38227
6176,0,3483,13983,13983,15113,12296
6177,0,7006,17506,17506,38205,15807
6178,0,5102,15602,15602,36706,20220
6179,0,6599,17099,17099,18651,35817
6180,0,3764,14264,14264,12026,15368
6181,0,23658,36537,36537,13670,12276
6182,0,6410,16910,16910,16789,12376
6183,2,21042,35997,13239,13151,35997
6184,0,25,10525,10525,19290,39225
6185,0,23737,35255,35255,35256,17312
6186,0,7659,18159,18159,15932,16814
6187,0,21759,37731,37731,19062,11476
6188,0,9744,20244,20244,39133,15249
6189,1,22340,38466,37544,38466,14413
6190,0,22265,37582,37582,12566,35809
6191,0,6683,17183,17183,37773,10843
6192,0,9171,19671,19671,37375,16008
6193,0,10039,20539,20539,18327,20199
6194,4,23842,38929,38838,18410,13327
6195,0,8584,19084,19084,20641,35451
6196,0,21830,36219,36219,38388,37493
6197,0,24962,37542,37542,16668,10575
6198,0,23494,36145,36145,36527,36453
6199,1,22092,39132,36431,39132,12044
6200,0,24027,37062,37062,39061,10725
6201,0,1102,11602,11602,17025,19660
6202,0,3276,13776,13776,17602,20221
6203,0,5345,15845,15845,17549,15495
6204,0,21469,38276,38276,20213,37371
6205,0,21804,37855,37855,11651,12540
6206,0,8386,18886,18886,13677,20266
6207,0,8835,19335,19335,14407,16563
6208,0,21606,35524,35524,19308,19489
6209,0,24301,39642,39642,16742,15059
6210,0,2207,12707,12707,18388,11627
6211,0,4552,15052,15052,20974,14681
6212,0,4402,14902,14902,12392,19273
6213,4,7395,17895,17576,11257,10858
6214,0,3718,14218,14218,35756,18083
6215,4,972,11472,13420,17493,19886
6216,0,4579,15079,15079,18040,17400
6217,73,6516,17016,18809,16943,17651
6218,0,719,11219,11219,10752,13726
6219,1,6155,16655,17110,16655,18180
6220,3,21991,38815,19375,19566,38036
6221,0,2803,13303,13303,13330,19680
6222,0,2566,13066,13066,17679,18184
6223,1,4025,14525,11501,14525,13584
6224,2,6198,16698,38437,38438,16698
6225,0,8224,18724,18724,39389,37830
6226,0,23004,37908,37908,18048,15214
6227,0,4063,14563,14563,36382,14031
6228,0,9889,20389,20389,18061,17519
6229,0,2792,13292,13292,15324,16832
6230,0,2222,12722,12722,35352,36354
6231,0,5818,16318,16318,36353,17712
6232,0,3866,14366,14366,17737,14666
6233,0,22342,35487,35487,36411,12658
6234,19,24956,38030,19292,36907,13657
6235,0,24658,38295,38295,14946,38576
6236,0,21270,36041,36041,36589,13117
6237,0,3227,13727,13727,12274,11743
6238,0,4214,14714,14714,19203,11014
6239,1,3923,14423,10720,14423,11377
6240,0,10469,20969,20969,18867,16751
6241,0,21327,35831,35831,16867,37460
6242,0,1401,11901,11901,14230,17476
6243,0,8931,19431,19431,15963,37031
6244,0,7703,18203,18203,14167,20817
6245,0,4979,15479,15479,13644,37547
6246,0,3253,13753,13753,20612,12308
6247,0,22470,39218,39218,16429,12607
6248,0,2661,13161,13161,12375,15161
6249,0,2158,12658,12658,35487,18015
6250,2,8578,19078,12879,38691,19078
6251,0,8088,18588,18588,36787,17116
6252,0,674,11174,11174,18455,15018
6253,1,23007,36046,15708,36046,36884
6254,0,7011,17511,17511,15110,12010
6255,0,25380,35651,35651,37861,10504
6256,0,10197,20697,20697,14176,38087
6257,0,3841,14341,14341,19671,14096
6258,0,1815,12315,12315,14952,36000
6259,0,21533,38803,38803,19819,17618
6260,0,24610,39414,39414,35984,12151
6261,0,2100,12600,12600,19494,17923
6262,0,23897,37876,37876,38652,16141
6263,0,6708,17208,17208,15575,13434
6264,0,1673,12173,12173,11907,38631
6265,0,10293,20793,20793,17373,38060
6266,0,4213,14713,14713,36405,37644
6267,0,25023,35946,35946,15275,13030
6268,0,22057,35546,35546,10509,36200
6269,0,1548,12048,12048,10936,18556
6270,0,21604,37138,37138,16051,39157
6271,0,8547,19047,19047,38975,13006
6272,0,5184,15684,15684,14943,37649
6273,0,1461,11961,11961,37158,35177
6274,0,21212,38741,38741,38168,10905
6275,0,3220,13720,13720,35507,15738
6276,0,23115,37299,37299,19395,12773
6277,1,23803,38401,38441,38401,13352
6278,2,7170,17670,36296,36628,17670
6279,1,7430,17930,35540,17930,15789
6280,0,24031,38965,38965,12059,16124
6281,1,1751,12251,38375,12251,35233
6282,0,3976,14476,14476,35334,20378
6283,0,8353,18853,18853,16050,11714
6284,0,1772,12272,12272,11768,39188
6285,0,9388,19888,19888,13741,35948
6286,0,10070,20570,20570,39012,15364
6287,0,2016,12516,12516,15519,13363
6288,0,2005,12505,12505,17407,16859
6289,0,3893,14393,14393,38374,18600
6290,0,3237,13737,13737,35478,11778
6291,0,4424,14924,14924,11729,16772
6292,0,10270,20770,20770,15991,35240
6293,0,8588,19088,19088,18820,15499
6294,0,2257,12757,12757,38531,35192
6295,0,4072,14572,14572,13053,12187
6296,0,5574,16074,16074,11179,11171
6297,0,9083,19583,19583,13202,20316
6298,0,21974,38922,38922,17143,15584
6299,0,5355,15855,15855,35415,38349
6300,0,8418,18918,18918,20414,13328
6301,0,6093,16593,16593,13092,15737
6302,0,7935,18435,18435,38687,17641
6303,1,24719,36790,11779,36790,38367
6304,0,1519,12019,12019,19347,16379
6305,0,23589,36901,36901,14261,11457
6306,0,1378,11878,11878,19258,14363
6307,0,5672,16172,16172,10655,19327
6308,0,9215,19715,19715,18885,36585
6309,0,2587,13087,13087,14459,17228
6310,0,21024,39304,39304,12355,11724
6311,1,5621,16121,20500,16121,14695
6312,0,21693,36477,36477,17929,12805
6313,0,25357,36995,36995,36994,14669
6314,0,5842,16342,16342,20983,15063
6315,0,7122,17622,17622,35225,18178
6316,0,5832,16332,16332,35632,36017
6317,0,9821,20321,20321,15575,35922
6318,0,4888,15388,15388,38382,37225
6319,1,5904,16404,19099,16404,11999
6320,0,522,11022,11022,16726,13431
6321,0,8043,18543,18543,36194,14675
6322,1,3607,14107,20528,14107,15031
6323,0,9120,19620,19620,20537,15909
6324,25,234,10734,18532,14492,11348
6325,4,3796,14296,11114,16478,20498
6326,0,6318,16818,16818,11692,36444
6327,1,7094,17594,19673,17594,10872
6328,0,10202,20702,20702,14881,37695
6329,0,1948,12448,12448,19022,39571
6330,0,6361,16861,16861,39391,13644
6331,0,22669,38762,38762,37390,14140
6332,0,21603,36413,36413,39372,36405
6333,0,6091,16591,16591,11786,13901
6334,0,24159,38291,38291,11633,15948
6335,0,2224,12724,12724,19142,35312
6336,0,9298,19798,19798,17102,12779
6337,0,22521,38227,38227,39375,15532
6338,0,9010,19510,19510,38256,36615
6339,0,5571,16071,16071,17265,16749
6340,0,4523,15023,15023,16548,16440
6341,0,5793,16293,16293,14481,18606
6342,1,25400,39059,17419,39059,36359
6343,2,5738,16238,39367,36479,16238
6344,0,2624,13124,13124,38457,14424
6345,7,4728,15228,19877,37447,15955
6346,0,7818,18318,18318,39523,38656
6347,0,8859,19359,19359,14554,20236
6348,0,25031,39530,39530,17626,19068
6349,0,25109,38338,38338,38942,19263
6350,0,9080,19580,19580,18023,35707
6351,0,21979,35796,35796,19959,14939
6352,0,2437,12937,12937,38616,15419
6353,0,6056,16556,16556,12056,39002
6354,0,9009,19509,19509,17826,20215
6355,0,6352,16852,16852,37074,11880
6356,0,22495,35187,35187,18932,18781
6357,3,3167,13667,12285,17394,11473
6358,0,1809,12309,12309,15785,35565
6359,0,22115,36785,36785,19412,36419
6360,0,7161,17661,17661,12768,18342
6361,0,9456,19956,19956,35506,11635
6362,0,5086,15586,15586,17352,20759
6363,0,21732,36728,36728,38897,35932
6364,1,7016,17516,38294,17516,39243
6365,0,23354,36328,36328,11028,13750
6366,0,4945,15445,15445,20696,20880
6367,0,6046,16546,16546,10735,10557
6368,0,25095,39093,39093,18931,17485
6369,1,24468,38553,36720,38553,37202
6370,1,6919,17419,14753,17419,39059
6371,0,5590,16090,16090,35224,20328
6372,0,7226,17726,17726,18459,16852
6373,3,1228,11728,18428,38935,14396
6374,9,22341,38240,20867,16528,17025
6375,0,6846,17346,17346,19849,38750
6376,0,8244,18744,18744,11394,20739
6377,6,25298,39346,15379,12762,39116
6378,0,6555,17055,17055,12563,13103
6379,0,159,10659,10659,38994,38816
6380,0,8851,19351,19351,15113,19311
6381,0,9779,20279,20279,35418,13060
6382,0,1589,12089,12089,11836,18733
6383,0,22911,39418,39418,18746,13415
6384,1,23234,38890,36721,38890,16869
6385,1,24350,38867,14087,38867,16311
6386,0,24448,38661,38661,38746,10882
6387,0,6687,17187,17187,38333,12629
6388,0,22965,38676,38676,17897,13766
6389,0,24177,35924,35924,37873,15973
6390,0,22287,35230,35230,16817,16487
6391,0,22903,36522,36522,15892,15836
6392,0,7480,17980,17980,18392,37293
6393,0,24500,38556,38556,16675,16109
6394,0,1556,12056,12056,16556,39002
6395,0,2828,13328,13328,18918,17197
6396,0,436,10936,10936,20721,38666
6397,0,5789,16289,16289,38760,35421
6398,0,23185,36878,36878,38993,16071
6399,0,1588,12088,12088,20823,16615
6400,0,7398,17898,17898,18517,11848
6401,0,2780,13280,13280,19369,36279
6402,0,22335,38132,38132,15759,13240
6403,0,9242,19742,19742,13930,19605
6404,0,5686,16186,16186,15111,11567
6405,0,3965,14465,14465,37403,35283
6406,0,4727,15227,15227,20042,10868
6407,0,9165,19665,19665,15972,20665
6408,0,1238,11738,11738,14799,20061
6409,0,2951,13451,13451,13575,35918
6410,1,21927,35188,19614,35188,12800
6411,0,23146,35582,35582,17254,39137
6412,0,22368,37382,37382,13638,35766
6413,1,23486,38463,13659,38463,37462
6414,1,1497,11997,10783,11997,12341
6415,0,6465,16965,16965,16001,38154
6416,5,7355,17855,39207,20117,37433
6417,4,7823,18323,19969,13801,18977
6418,0,7547,18047,18047,16689,12675
6419,0,7913,18413,18413,12151,11207
6420,0,22420,35268,35268,15424,11880
6421,1,21310,37495,12482,37495,12913
6422,3,5185,15685,19775,16375,14345
6423,0,5647,16147,16147,20106,35863
6424,0,23701,38754,38754,14098,14010
6425,0,5242,15742,15742,13787,12717
6426,0,2130,12630,12630,36353,17429
6427,0,2092,12592,12592,17996,16008
6428,0,5409,15909,15909,19620,14186
6429,0,10207,20707,20707,15038,38103
6430,0,187,10687,10687,18254,36522
6431,0,21392,35870,35870,17073,15032
6432,0,7938,18438,18438,17704,19630
6433,0,3655,14155,14155,19074,15675
6434,0,3426,13926,13926,10869,15126
6435,0,24025,36621,36621,13758,17287
6436,0,1381,11881,11881,11966,16547
6437,0,21738,36347,36347,12128,37044
6438,0,8605,19105,19105,35768,35919
6439,0,7427,17927,17927,17521,16862
6440,0,5037,15537,15537,19610,20984
6441,0,4897,15397,15397,16466,36882
6442,0,3175,13675,13675,18074,18708
6443,0,23605,37782,37782,17954,15847
6444,32,24391,36600,14663,39543,20929
6445,0,8448,18948,18948,15209,38381
6446,1,23572,39505,20444,39505,19857
6447,0,21204,39083,39083,13005,15606
6448,0,2235,12735,12735,12941,14560
6449,0,8068,18568,18568,14742,19850
6450,5,9959,20459,37876,16141,38652
6451,0,4236,14736,14736,14755,35378
6452,0,22925,38920,38920,20310,14068
6453,0,22227,38566,38566,37481,20149
6454,0,9764,20264,20264,38777,16356
6455,0,24,10524,10524,37894,20989
6456,0,3363,13863,13863,15173,12415
6457,0,1088,11588,11588,36759,15795
6458,1,25111,35540,17930,35540,10836
6459,0,8733,19233,19233,35640,15419
6460,6,25257,38394,37696,19176,14456
6461,0,2841,13341,13341,11503,35679
6462,0,23663,35157,35157,37263,38860
6463,0,7537,18037,18037,11136,37577
6464,0,7470,17970,17970,15140,16172
6465,0,23723,39515,39515,36348,38946
6466,3,4152,14652,19234,16479,37852
6467,0,9501,20001,20001,18713,36996
6468,0,695,11195,11195,20428,12625
6469,0,25050,38430,38430,13238,13387
6470,0,6337,16837,16837,15855,35414
6471,127,1227,11727,14741,11447,38240
6472,0,1999,12499,12499,38591,13345
6473,1,276,10776,17405,10776,38621
6474,0,24958,36038,36038,17259,20767
6475,0,5929,16429,16429,37005,39218
6476,3,2953,13453,38253,14555,39257
6477,0,3637,14137,14137,12548,36012
6478,0,3906,14406,14406,16972,16357
6479,1,4778,15278,16621,15278,10757
6480,0,5845,16345,16345,36416,36684
6481,0,21667,39200,39200,10864,13255
6482,0,4117,14617,14617,12688,17630
6483,0,22715,35999,35999,16284,38729
6484,0,1137,11637,11637,17811,10866
6485,0,2767,13267,13267,19498,11956
6486,0,8182,18682,18682,37950,13149
6487,0,23280,36902,36902,19675,38387
6488,0,24124,36533,36533,13846,19209
6489,4,7661,18161,18732,11976,19709
6490,2,9134,19634,11656,37279,19634
6491,1,23522,35788,36303,35788,10970
6492,0,2490,12990,12990,14748,10661
6493,0,23317,39178,39178,38717,14972
6494,0,7742,18242,18242,20918,17159
6495,0,3935,14435,14435,12292,20486
6496,0,2384,12884,12884,17005,38628
6497,0,8016,18516,18516,20861,38920
6498,0,7084,17584,17584,37561,37470
6499,0,115,10615,10615,38395,38649
6500,0,1863,12363,12363,37594,16188
6501,0,24047,35404,35404,20993,13889
6502,0,3119,13619,13619,15848,19116
6503,0,4258,14758,14758,20363,12321
6504,0,25104,38507,38507,38508,11149
6505,0,23067,37340,37340,37577,19841
6506,0,2819,13319,13319,39169,37115
6507,0,22713,36072,36072,36071,16644
6508,0,25211,35896,35896,20544,12416
6509,0,25347,38292,38292,13696,13055
6510,0,4699,15199,15199,18810,36222
6511,0,3802,14302,14302,19242,14052
6512,0,6068,16568,16568,13490,38385
6513,0,3536,14036,14036,38527,11282
6514,1,3825,14325,16606,14325,18483
6515,0,6642,17142,17142,11138,38815
6516,0,21775,37622,37622,19705,11348
6517,6,1946,12446,37712,13771,12144
6518,0,22346,37750,37750,37638,15807
6519,1,25427,36083,11097,36083,17285
6520,0,25415,37150,37150,12541,14549
6521,0,9802,20302,20302,14097,19044
6522,0,7269,17769,17769,14157,37064
6523,0,24003,36340,36340,39214,17791
6524,0,7929,18429,18429,38767,13136
6525,5,7166,17666,18289,15142,19057
6526,0,6963,17463,17463,13688,38615
6527,0,5867,16367,16367,14710,20408
6528,0,22611,35513,35513,38620,15420
6529,1,4761,15261,10738,15261,20922
6530,0,10386,20886,20886,20874,16734
6531,0,882,11382,11382,12980,11952
6532,0,557,11057,11057,38798,37288
6533,0,23966,36807,36807,18840,11593
6534,2,1207,11707,17153,10697,11707
6535,0,22000,38044,38044,16347,38758
6536,0,7684,18184,18184,39028,13066
6537,0,24959,36230,36230,16685,37282
6538,0,9702,20202,20202,17598,14696
6539,0,6538,17038,17038,20612,12308
6540,0,10485,20985,20985,16871,18225
6541,3,3211,13711,13636,16780,11172
6542,0,3630,14130,14130,15344,15432
6543,0,1708,12208,12208,19651,20533
6544,0,23398,37018,37018,35167,36154
6545,0,8458,18958,18958,17401,15356
6546,0,1140,11640,11640,39183,11791
6547,0,3162,13662,13662,12130,14886
6548,0,6207,16707,16707,17033,18070
6549,0,21973,37273,37273,15098,18540
6550,0,3730,14230,14230,11901,10532
6551,0,10101,20601,20601,18713,19723
6552,0,24024,36228,36228,20388,14820
6553,0,2660,13160,13160,19883,11015
6554,0,8848,19348,19348,14612,35838
6555,0,1307,11807,11807,15304,17217
6556,0,2567,13067,13067,36562,19164
6557,0,9190,19690,19690,16541,14269
6558,0,2834,13334,13334,19745,17295
6559,4,25448,39012,16242,39294,20395
6560,0,9429,19929,19929,16665,13567
6561,0,2151,12651,12651,18648,17207
6562,0,23299,36337,36337,35444,16473
6563,0,3835,14335,14335,35842,35849
6564,0,21006,39196,39196,35237,38180
6565,0,23050,36132,36132,13333,13837
6566,0,21185,36965,36965,12491,12713
6567,0,10378,20878,20878,20415,20631
6568,0,9326,19826,19826,18967,10996
6569,0,5004,15504,15504,14608,37977
6570,0,6626,17126,17126,35536,14249
6571,0,9495,19995,19995,17464,20652
6572,0,1627,12127,12127,12414,12323
6573,0,24489,39139,39139,12368,20150
6574,0,9714,20214,20214,20948,37059
6575,0,24977,39367,39367,19784,17983
6576,0,358,10858,10858,39045,17576
6577,0,138,10638,10638,37979,38414
6578,0,8491,18991,18991,38585,14817
6579,0,9748,20248,20248,35919,16794
6580,0,382,10882,10882,36942,38661
6581,4,21036,39647,15551,20128,36714
6582,0,4857,15357,15357,37627,17888
6583,0,24510,38604,38604,11981,37438
6584,0,1439,11939,11939,20679,39430
6585,0,9569,20069,20069,13434,10752
6586,0,946,11446,11446,20117,37433
6587,0,24440,37074,37074,18186,15689
6588,1,5498,15998,20800,15998,16155
6589,0,4916,15416,15416,36801,20120
6590,0,8556,19056,19056,12741,17102
6591,0,25341,35567,35567,12087,36447
6592,0,1932,12432,12432,37015,19799
6593,0,2352,12852,12852,12459,11093
6594,0,3236,13736,13736,17928,12354
6595,0,9493,19993,19993,13740,16707
6596,0,22492,37390,37390,38762,38088
6597,0,3807,14307,14307,38625,17601
6598,0,23113,38465,38465,37577,37627
6599,0,1936,12436,12436,11143,11679
6600,3,22822,39383,36215,14640,11441
6601,0,4154,14654,14654,10817,14445
6602,0,8988,19488,19488,16332,36162
6603,0,2416,12916,12916,19996,14862
6604,0,21805,36114,36114,36084,17853
6605,0,6139,16639,16639,37254,39480
6606,0,785,11285,11285,39406,18129
6607,0,6789,17289,17289,12225,17876
6608,1,8036,18536,17638,18536,12601
6609,0,8315,18815,18815,19606,37395
6610,0,25285,38857,38857,10542,14312
6611,0,5668,16168,16168,36561,37030
6612,0,2172,12672,12672,10518,15589
6613,0,2169,12669,12669,37013,12902
6614,0,6628,17128,17128,38639,35417
6615,1,4009,14509,20901,14509,36929
6616,0,4340,14840,14840,37870,13725
6617,0,910,11410,11410,17716,35489
6618,0,6268,16768,16768,18082,14930
6619,0,2309,12809,12809,36991,15047
6620,0,10033,20533,20533,15186,36091
6621,0,9449,19949,19949,16791,38358
6622,0,6591,17091,17091,14739,14157
6623,0,4458,14958,14958,37213,12009
6624,0,7597,18097,18097,35679,14939
6625,0,9370,19870,19870,15678,39307
6626,0,22038,36166,36166,17763,15852
6627,0,24231,38662,38662,11632,37471
6628,0,4652,15152,15152,18074,13675
6629,0,6218,16718,16718,14906,11290
6630,0,442,10942,10942,13830,15257
6631,0,3415,13915,13915,14559,16996
6632,3,9591,20091,20952,12302,39483
6633,0,25228,37771,37771,39424,12968
6634,0,21745,36131,36131,36285,38850
6635,0,9649,20149,20149,11658,38566
6636,0,23911,38997,38997,10940,19165
6637,1,5744,16244,10992,16244,36462
6638,0,1054,11554,11554,36405,16908
6639,0,21282,37738,37738,14743,14482
6640,0,3699,14199,14199,18048,37908
6641,0,929,11429,11429,17613,12149
6642,0,6468,16968,16968,16084,10740
6643,0,8767,19267,19267,18847,14079
6644,0,1829,12329,12329,17194,20284
6645,0,25373,38411,38411,16610,39565
6646,0,21040,36237,36237,19920,13750
6647,0,22004,36846,36846,17976,17410
6648,0,2011,12511,12511,18521,37891
6649,1,913,11413,38598,11413,17440
6650,0,7611,18111,18111,20565,14960
6651,0,23265,36988,36988,36793,13373
6652,0,21068,36192,36192,36148,14681
6653,0,2606,13106,13106,18356,39185
6654,0,4928,15428,15428,11453,37809
6655,0,9783,20283,20283,10817,17472
6656,4,6564,17064,39345,16311,38867
6657,0,21089,36849,36849,14944,38142
6658,0,6,10506,10506,37356,36006
6659,0,7835,18335,18335,39619,37783
6660,0,6583,17083,17083,16406,39650
6661,0,3361,13861,13861,15881,18722
6662,0,10135,20635,20635,17639,18141
6663,0,25199,36332,36332,13557,13183
6664,0,1635,12135,12135,16391,20722
6665,0,1141,11641,11641,10704,18850
6666,0,25378,37745,37745,12924,13749
6667,0,359,10859,10859,35417,10937
6668,0,2070,12570,12570,14058,17839
6669,0,3134,13634,13634,17857,12661
6670,0,5160,15660,15660,11097,12613
6671,2,6990,17490,37404,35956,17490
6672,0,3243,13743,13743,38353,15085
6673,0,2242,12742,12742,11758,10845
6674,2,1474,11974,15369,38790,11974
6675,0,24184,37532,37532,18227,13923
6676,0,10081,20581,20581,10707,12598
6677,0,3259,13759,13759,37775,16444
6678,0,10213,20713,20713,16106,11662
6679,0,4020,14520,14520,36449,37131
6680,0,24951,37907,37907,20933,10529
6681,0,8566,19066,19066,20688,19721
6682,0,3500,14000,14000,13378,13930
6683,0,2658,13158,13158,14508,17543
6684,0,24299,37324,37324,10733,16163
6685,1,1130,11630,20433,11630,35674
6686,0,23062,38440,38440,37850,20794
6687,0,1819,12319,12319,11876,12085
6688,0,7461,17961,17961,20265,37829
6689,0,23119,36402,36402,20436,38711
6690,0,21456,36362,36362,13463,12237
6691,1,23880,36885,36271,36885,19750
6692,7,7064,17564,36115,12440,20193
6693,12,4318,14818,14362,19547,36933
6694,0,9342,19842,19842,38468,11345
6695,0,4669,15169,15169,20356,16204
6696,0,9428,19928,19928,16421,20152
6697,0,5476,15976,15976,36550,15415
6698,1,23306,39410,39371,39410,11523
6699,0,24220,37815,37815,38423,36469
6700,5,1856,12356,18812,16549,16891
6701,0,2282,12782,12782,11889,37112
6702,0,22895,38813,38813,16943,12208
6703,0,4008,14508,14508,13158,12336
6704,0,6401,16901,16901,13519,15848
6705,0,22937,39545,39545,14330,14498
6706,0,24579,39406,39406,11285,37905
6707,0,386,10886,10886,20140,13035
6708,0,1628,12128,12128,36347,37044
6709,0,23165,35560,35560,15336,17106
6710,0,21505,36115,36115,20193,36650
6711,3,22813,37284,35740,12100,19931
6712,0,24283,38648,38648,16668,10575
6713,0,7718,18218,18218,15573,13387
6714,0,22987,36159,36159,13117,18166
6715,0,21511,39608,39608,19132,17123
6716,0,9101,19601,19601,20252,13732
6717,0,21266,37954,37954,37593,17251
6718,0,10058,20558,20558,36911,38029
6719,0,1842,12342,12342,10724,10589
6720,0,2497,12997,12997,20207,10994
6721,0,201,10701,10701,11410,17122
6722,0,21588,36686,36686,16983,20004
6723,0,3868,14368,14368,16298,17415
6724,1,5054,15554,36286,15554,38028
6725,0,5889,16389,16389,20189,37600
6726,0,2702,13202,13202,19583,35981
6727,60,7922,18422,20352,17973,15531
6728,0,331,10831,10831,13952,38350
6729,1,3808,14308,17471,14308,17803
6730,2,935,11435,39023,18459,11435
6731,0,23632,35305,35305,19751,37604
6732,1,1774,12274,11743,12274,17979
6733,0,23160,38314,38314,18043,13772
6734,0,8611,19111,19111,11298,17085
6735,0,24833,35532,35532,18179,12050
6736,0,23526,38381,38381,18948,36016
6737,0,989,11489,11489,38994,38573
6738,0,5443,15943,15943,12028,38624
6739,0,25186,37148,37148,10858,37425
6740,0,6993,17493,17493,13420,19886
6741,2,23676,38395,17043,14375,38395
6742,0,5806,16306,16306,35498,35808
6743,34,25463,37764,38654,14818,38908
6744,0,22689,37712,37712,13771,12144
6745,0,6574,17074,17074,38500,12413
6746,0,3052,13552,13552,13998,19266
6747,0,23483,37615,37615,18575,11248
6748,1,8365,18865,12821,18865,13479
6749,0,4615,15115,15115,36075,38063
6750,0,3321,13821,13821,11806,17655
6751,0,22907,39276,39276,39210,13849
6752,1,6246,16746,20081,16746,19087
6753,0,6048,16548,16548,12690,15023
6754,0,3311,13811,13811,18829,36247
6755,0,21187,37383,37383,19727,13621
6756,0,21508,36436,36436,35517,10781
6757,0,24607,38730,38730,36024,16034
6758,0,24420,35850,35850,20377,11854
6759,0,8210,18710,18710,20150,36523
6760,2,3628,14128,17221,15181,14128
6761,0,24642,37952,37952,13378,18348
6762,0,10366,20866,20866,13335,38517
6763,0,1356,11856,11856,39328,20422
6764,0,5002,15502,15502,18553,16878
6765,0,25057,36288,36288,16005,38377
6766,0,5823,16323,16323,12265,13396
6767,0,21486,38914,38914,14163,13858
6768,0,5670,16170,16170,35438,10722
6769,0,3112,13612,13612,17968,13858
6770,0,182,10682,10682,16166,38579
6771,1,22782,37946,20902,37946,20807
6772,0,10004,20504,20504,36713,14661
6773,0,855,11355,11355,37053,19906
6774,0,24295,37291,37291,14980,18261
6775,0,4912,15412,15412,16584,12780
6776,0,23301,37463,37463,14987,38078
6777,0,1800,12300,12300,35410,36617
6778,0,22396,38546,38546,13532,36095
6779,0,23075,35275,35275,15781,20822
6780,0,5482,15982,15982,18405,12719
6781,0,24920,37146,37146,16981,18454
6782,0,1968,12468,12468,15212,17028
6783,0,22655,37137,37137,19057,15142
6784,0,25198,36857,36857,36856,13047
6785,0,4697,15197,15197,36740,35399
6786,0,4987,15487,15487,20638,36036
6787,0,4650,15150,15150,17494,12899
6788,0,1159,11659,11659,12928,38377
6789,0,9405,19905,19905,16133,17753
6790,0,23573,36251,36251,16341,15085
6791,0,1325,11825,11825,15091,37777
6792,1,10288,20788,36005,20788,12839
6793,0,22442,37805,37805,13689,12822
6794,11,4796,15296,13052,19110,19580
6795,1,6796,17296,15923,17296,37577
6796,0,5808,16308,16308,17518,37043
6797,0,23673,39459,39459,18915,38845
6798,0,1455,11955,11955,17946,20579
6799,0,5410,15910,15910,20681,35525
6800,0,8333,18833,18833,11307,36490
6801,0,2800,13300,13300,11814,19341
6802,0,9836,20336,20336,19445,39220
6803,1,10332,20832,10545,20832,20762
6804,0,7616,18116,18116,10574,39055
6805,0,23861,38084,38084,38882,16453
6806,0,7815,18315,18315,17138,39557
6807,3,4378,14878,17016,37341,38607
6808,0,8921,19421,19421,12991,39381
6809,0,21563,36564,36564,18953,17571
6810,0,6716,17216,17216,36893,36892
6811,0,10128,20628,20628,39347,16597
6812,0,3736,14236,14236,17123,19205
6813,0,2261,12761,12761,38152,18199
6814,0,7429,17929,17929,38806,39055
6815,0,4005,14505,14505,37256,35374
6816,0,9302,19802,19802,16779,36977
6817,0,22573,38148,38148,17423,19407
6818,0,24146,35844,35844,37757,35845
6819,0,2394,12894,12894,39186,19797
6820,0,1185,11685,11685,15840,35244
6821,0,2007,12507,12507,12779,17059
6822,0,193,10693,10693,11888,38681
6823,0,21466,38016,38016,35503,16660
6824,0,8770,19270,19270,15404,16365
6825,0,5525,16025,16025,20910,37238
6826,0,771,11271,11271,18079,18570
6827,0,21424,35241,35241,35242,13635
6828,0,1478,11978,11978,17727,12078
6829,0,1846,12346,12346,39442,38815
6830,0,3740,14240,14240,13047,35654
6831,0,21112,37263,37263,38860,35157
6832,0,7986,18486,18486,20409,14186
6833,0,405,10905,10905,18660,17144
6834,0,21224,38964,38964,12161,38615
6835,0,10265,20765,20765,11433,38311
6836,0,10088,20588,20588,35267,16204
6837,0,24114,37478,37478,17911,38313
6838,0,6317,16817,16817,36609,35230
6839,0,6581,17081,17081,12806,18057
6840,0,24428,35225,35225,17622,18178
6841,0,1447,11947,11947,10889,35631
6842,0,342,10842,10842,19005,19859
6843,0,7468,17968,17968,13612,16664
6844,0,22777,38704,38704,17438,10874
6845,0,22671,35373,35373,19571,16546
6846,0,727,11227,11227,11464,14921
6847,0,4577,15077,15077,14973,12729
6848,0,9168,19668,19668,19248,10537
6849,1,9250,19750,36885,19750,36271
6850,0,3516,14016,14016,20745,10838
6851,0,21369,37996,37996,16536,18710
6852,0,23380,36741,36741,38674,19869
6853,0,7156,17656,17656,14979,36341
6854,1,7851,18351,20323,18351,14888
6855,0,10178,20678,20678,35227,16844
6856,0,9491,19991,19991,15606,15688
6857,0,1348,11848,11848,14845,37513
6858,0,660,11160,11160,14197,15393
6859,0,1492,11992,11992,13539,38924
6860,0,25004,36923,36923,19217,16845
6861,0,24675,37443,37443,37794,16443
6862,0,5154,15654,15654,16571,15248
6863,0,23502,35161,35161,17398,18976
6864,3,9885,20385,18392,37293,17980
6865,0,23694,39235,39235,14982,14794
6866,0,9277,19777,19777,20196,19764
6867,0,2524,13024,13024,38206,36043
6868,0,23649,36189,36189,37096,19752
6869,0,23078,37358,37358,16561,20123
6870,0,5374,15874,15874,35980,13441
6871,0,3198,13698,13698,13624,12290
6872,0,5717,16217,16217,18704,37073
6873,0,23100,36059,36059,13950,11187
6874,0,25287,38311,38311,14822,10794
6875,0,21109,36973,36973,18059,36708
6876,0,8259,18759,18759,37326,15927
6877,0,24496,37057,37057,11549,37674
6878,0,40,10540,10540,16912,20767
6879,0,10461,20961,20961,11813,11866
6880,0,25239,37225,37225,37716,15388
6881,0,24944,36256,36256,20984,19610
6882,0,25488,37917,37917,37799,12035
6883,0,6816,17316,17316,35985,12025
6884,0,22787,35213,35213,17015,35212
6885,0,23917,36162,36162,18145,19488
6886,0,24088,36877,36877,12031,11681
6887,0,24339,35358,35358,35641,35838
6888,0,2723,13223,13223,38721,15772
6889,0,24938,38442,38442,11949,38009
6890,0,24821,37512,37512,35835,10694
6891,0,9335,19835,19835,13057,16913
6892,0,23300,39256,39256,16224,12470
6893,0,7155,17655,17655,11806,13821
6894,0,24784,36157,36157,18838,37934
6895,0,23129,38495,38495,16691,14906
6896,0,21853,36418,36418,17224,16272
6897,0,7230,17730,17730,36830,35545
6898,0,10412,20912,20912,20286,11529
6899,0,5075,15575,15575,17208,35922
6900,0,24259,35177,35177,11961,17640
6901,0,7880,18380,18380,20539,18327
6902,0,5394,15894,15894,38901,18300
6903,0,9641,20141,20141,13248,16116
6904,0,23900,37480,37480,13745,36963
6905,1,7789,18289,19057,18289,37137
6906,0,23340,38671,38671,12401,14064
6907,0,4088,14588,14588,36453,36881
6908,1,1967,12467,17861,12467,39396
6909,0,21997,38143,38143,36906,17694
6910,0,22467,37866,37866,12911,35420
6911,0,21374,39048,39048,13145,38708
6912,0,6999,17499,17499,39368,38856
6913,0,423,10923,10923,36805,10572
6914,0,24267,38567,38567,36415,36453
6915,0,10096,20596,20596,13958,14861
6916,1,22449,38918,20155,38918,13956
6917,0,23908,37516,37516,35737,13051
6918,0,6142,16642,16642,35900,18312
6919,0,5661,16161,16161,10522,12193
6920,0,9031,19531,19531,13952,10831
6921,0,4596,15096,15096,14579,19827
6922,0,2659,13159,13159,14332,19275
6923,0,141,10641,10641,18933,19528
6924,0,2597,13097,13097,17305,11651
6925,0,6701,17201,17201,36574,38086
6926,0,1377,11877,11877,38379,39206
6927,0,3674,14174,14174,35472,12384
6928,0,9658,20158,20158,35278,15843
6929,0,23766,39499,39499,20837,16801
6930,0,6362,16862,16862,11734,39306
6931,0,23612,39203,39203,36124,16255
6932,116,4741,15241,35988,18013,15567
6933,0,1138,11638,11638,10864,16578
6934,0,10449,20949,20949,37998,13753
6935,0,7374,17874,17874,11260,18496
6936,17,1787,12287,13932,38181,39609
6937,0,22516,36683,36683,14084,12221
6938,0,4646,15146,15146,17682,18528
6939,0,7568,18068,18068,20456,35629
6940,0,459,10959,10959,11023,20700
6941,2,6115,16615,11059,37369,16615
6942,0,8179,18679,18679,17217,15210
6943,0,948,11448,11448,35304,18358
6944,0,9528,20028,20028,11942,20740
6945,0,6370,16870,16870,37781,12662
6946,0,4628,15128,15128,16075,17359
6947,0,7358,17858,17858,15142,18289
6948,0,5925,16425,16425,14287,39325
6949,0,6040,16540,16540,38804,15181
6950,0,441,10941,10941,38679,37990
6951,45,6659,17159,18731,20867,39266
6952,1,9794,20294,17572,20294,11871
6953,0,10430,20930,20930,14457,20801
6954,0,8831,19331,19331,15116,18257
6955,0,9046,19546,19546,19529,15739
6956,0,3830,14330,14330,39545,14498
6957,4,25076,38755,11416,20165,38144
6958,0,6144,16644,16644,36072,38048
6959,0,24590,38241,38241,18297,16820
6960,0,6344,16844,16844,20678,16160
6961,0,21356,37087,37087,38173,19604
6962,98,1958,12458,12100,35740,37653
6963,7,9262,19762,14688,14004,20449
6964,1,155,10655,16172,10655,15140
6965,0,10487,20987,20987,37644,36405
6966,0,24654,36585,36585,18885,20234
6967,0,4578,15078,15078,10878,11351
6968,0,1089,11589,11589,38110,19950
6969,10,6049,16549,13471,12356,11297
6970,0,24503,35786,35786,19783,37933
6971,0,22921,38397,38397,14269,36029
6972,0,9122,19622,19622,35769,37233
6973,0,7950,18450,18450,38124,16757
6974,0,24437,35755,35755,16796,36334
6975,0,1674,12174,12174,20729,13125
6976,0,6763,17263,17263,39558,18567
6977,0,24245,37213,37213,11021,11483
6978,0,6416,16916,16916,11453,37396
6979,0,23593,38999,38999,36552,38287
6980,0,22981,36093,36093,13476,17359
6981,0,2326,12826,12826,10683,35561
6982,0,7096,17596,17596,37605,15843
6983,0,24363,37655,37655,15704,18157
6984,0,24917,36434,36434,19894,36582
6985,0,6450,16950,16950,16019,20811
6986,0,24877,38590,38590,38705,16730
6987,0,1715,12215,12215,14125,15081
6988,0,9890,20390,20390,38262,38263
6989,0,9172,19672,19672,15631,13347
6990,0,8381,18881,18881,15727,13472
6991,0,9433,19933,19933,17460,13464
6992,0,3831,14331,14331,16021,20918
6993,0,6299,16799,16799,36118,38753
6994,0,3348,13848,13848,13528,17664
6995,0,23206,38937,38937,12638,36088
6996,0,9177,19677,19677,15276,10761
6997,0,10013,20513,20513,18406,36755
6998,0,587,11087,11087,18104,16474
6999,0,9346,19846,19846,18102,39156
7000,0,25108,35618,35618,11942,20028
7001,0,23049,38941,38941,16398,19906
7002,0,10091,20591,20591,20350,39114
7003,2,2990,13490,38385,14086,13490
7004,0,21941,38588,38588,39582,19646
7005,0,23889,36485,36485,18393,13994
7006,0,25065,37966,37966,16669,16990
7007,1,9587,20087,18348,20087,37653
7008,1,264,10764,18760,10764,39390
7009,0,24457,37307,37307,36908,20486
7010,0,6788,17288,17288,12053,16435
7011,0,21981,38962,38962,18237,35613
7012,0,22763,37421,37421,11698,38318
7013,0,10131,20631,20631,20415,20878
7014,0,3864,14364,14364,12605,17311
7015,0,10435,20935,20935,12980,36269
7016,3,25438,35246,13809,17525,10806
7017,0,6274,16774,16774,12091,12796
7018,0,24759,37674,37674,11549,37529
7019,0,22519,39358,39358,13270,12157
7020,0,3711,14211,14211,11060,17532
7021,1,8438,18938,11865,18938,37856
7022,0,9786,20286,20286,20912,16295
7023,0,1529,12029,12029,12506,18467
7024,0,23003,36947,36947,38809,38893
7025,0,923,11423,11423,38970,16713
7026,0,23458,37452,37452,38863,38724
7027,1,7329,17829,17812,17829,15107
7028,0,4364,14864,14864,37230,13958
7029,0,669,11169,11169,17087,37177
7030,0,3604,14104,14104,13015,10589
7031,0,5108,15608,15608,37472,37473
7032,0,10102,20602,20602,37237,38903
7033,0,21683,38174,38174,39041,38287
7034,0,5248,15748,15748,15585,16035
7035,0,7183,17683,17683,18468,35166
7036,0,23147,35542,35542,14263,36812
7037,0,2591,13091,13091,14216,18981
7038,0,5906,16406,16406,39650,17083
7039,0,9973,20473,20473,18442,11364
7040,0,6509,17009,17009,20992,35183
7041,0,21060,35859,35859,38777,17041
7042,0,7133,17633,17633,13456,17926
7043,0,2307,12807,12807,11976,37642
7044,0,8804,19304,19304,15773,14799
7045,0,3690,14190,14190,36599,17345
7046,0,687,11187,11187,14965,13950
7047,0,612,11112,11112,39621,39511
7048,0,7167,17667,17667,38949,37220
7049,0,21917,36480,36480,17362,14990
7050,0,3200,13700,13700,20847,35604
7051,0,10459,20959,20959,39219,11684
7052,0,23854,35822,35822,17268,10919
7053,0,6629,17129,17129,12227,11624
7054,0,4135,14635,14635,17159,20918
7055,0,1898,12398,12398,16761,16862
7056,0,282,10782,10782,38261,18472
7057,0,258,10758,10758,18754,17399
7058,0,21493,35770,35770,11652,13597
7059,0,25367,39504,39504,14134,37706
7060,0,4943,15443,15443,17884,38705
7061,0,2822,13322,13322,16741,16917
7062,0,21651,36185,36185,35417,17615
7063,1,3525,14025,39529,14025,19053
7064,1,24122,39147,18144,39147,14408
7065,0,5223,15723,15723,20395,16242
7066,0,2285,12785,12785,11796,39511
7067,0,6063,16563,16563,19335,16993
7068,0,8078,18578,18578,37924,12552
7069,0,4654,15154,15154,12245,15873
7070,8,5000,15500,15954,15870,13719
7071,0,6710,17210,17210,17492,17154
7072,0,24502,38654,38654,38908,20498
7073,2,8676,19176,14823,38394,19176
7074,0,10403,20903,20903,38451,15901
7075,0,5416,15916,15916,19614,13728
7076,0,475,10975,10975,17341,13891
7077,0,2555,13055,13055,38292,13696
7078,0,8087,18587,18587,17218,20027
7079,0,7,10507,10507,39590,37457
7080,0,6411,16911,16911,38010,19173
7081,0,24696,38410,38410,17246,38640
7082,0,21779,38035,38035,14155,17962
7083,0,5546,16046,16046,16153,16644
7084,0,2426,12926,12926,35625,18401
7085,0,6744,17244,17244,14068,38920
7086,0,10006,20506,20506,35302,36472
7087,0,21451,39102,39102,16512,38757
7088,0,2274,12774,12774,36323,15764
7089,0,9203,19703,19703,16880,20425
7090,1,1577,12077,36080,12077,14385
7091,10,7264,17764,11166,10553,16772
7092,0,9259,19759,19759,10966,39623
7093,0,10183,20683,20683,15447,36811
7094,1,3970,14470,15738,14470,13720
7095,0,5879,16379,16379,15045,37793
7096,0,25359,37276,37276,20944,38309
7097,0,21957,38659,38659,12261,14632
7098,0,7193,17693,17693,38676,14163
7099,0,3867,14367,14367,19211,12037
7100,0,23478,38792,38792,20025,39008
7101,0,6823,17323,17323,10630,38116
7102,0,25254,35894,35894,36880,36798
7103,0,7548,18048,18048,16137,15214
7104,6,781,11281,20587,38243,39121
7105,1,22756,39424,16426,39424,12929
7106,0,1749,12249,12249,18482,38251
7107,0,23664,35637,35637,36654,10970
7108,2,6519,17019,37642,38196,17019
7109,0,5774,16274,16274,13928,11831
7110,0,9283,19783,19783,14802,15094
7111,1,9369,19869,38674,19869,36741
7112,0,2324,12824,12824,20555,37875
7113,0,10271,20771,20771,10574,35750
7114,14,5055,15555,10770,12982,38956
7115,0,23943,35454,35454,13039,12372
7116,0,22646,38189,38189,19771,37883
7117,0,10482,20982,20982,20924,14136
7118,0,1727,12227,12227,17129,11624
7119,1,610,11110,35861,11110,39258
7120,0,4666,15166,15166,15456,12963
7121,0,5413,15913,15913,17025,20317
7122,0,8103,18603,18603,13344,14407
7123,0,8174,18674,18674,19825,14142
7124,0,8535,19035,19035,14822,13936
7125,0,24465,36003,36003,19355,10639
7126,0,3750,14250,14250,37008,18042
7127,0,24655,36061,36061,16445,13720
7128,0,97,10597,10597,10666,14057
7129,0,6985,17485,17485,18931,39093
7130,1,3137,13637,38116,13637,10630
7131,1,1537,12037,36205,12037,19211
7132,0,3648,14148,14148,35305,10572
7133,0,23204,37987,37987,19863,37312
7134,0,1517,12017,12017,17878,11604
7135,0,24570,38690,38690,14378,17365
7136,0,4624,15124,15124,12791,37091
7137,2,6566,17066,14777,36313,17066
7138,0,2090,12590,12590,37891,14348
7139,0,7097,17597,17597,10660,18033
7140,0,6171,16671,16671,20766,18596
7141,0,7521,18021,18021,38391,35890
7142,0,572,11072,11072,12729,10587
7143,0,24814,38932,38932,18255,39128
7144,0,23153,38271,38271,39487,37929
7145,0,3062,13562,13562,14219,16454
7146,3,597,11097,17384,11780,11938
7147,1,6633,17133,18378,17133,14138
7148,0,22311,38809,38809,12500,36947
7149,0,7875,18375,18375,18255,15354
7150,0,7345,17845,17845,16107,16594
7151,0,6304,16804,16804,36395,14401
7152,1,21489,36682,19245,36682,35576
7153,0,21622,38829,38829,39332,12202
7154,0,22179,39041,39041,38174,14176
7155,0,5976,16476,16476,13283,35611
7156,0,8562,19062,19062,37731,20931
7157,1,1938,12438,17764,12438,16956
7158,0,24432,37238,37238,38711,19075
7159,0,8100,18600,18600,11164,19635
7160,0,1753,12253,12253,38790,15369
7161,0,3670,14170,14170,17010,35935
7162,0,23672,36689,36689,36260,19728
7163,0,2361,12861,12861,17548,36662
7164,0,4260,14760,14760,20816,12918
7165,0,5432,15932,15932,18159,38053
7166,0,6285,16785,16785,14229,19599
7167,0,21873,36447,36447,19346,12087
7168,0,23291,38865,38865,18388,12707
7169,0,23692,36389,36389,13146,18964
7170,0,22223,37488,37488,13512,11332
7171,2,21557,37075,11212,16231,37075
7172,0,5591,16091,16091,19755,36711
7173,0,1171,11671,11671,10828,17098
7174,0,7927,18427,18427,13946,38091
7175,0,22997,36713,36713,20504,12811
7176,0,9614,20114,20114,11434,16397
7177,0,22734,35987,35987,20939,39612
7178,0,23045,38691,38691,12879,19078
7179,0,24383,36772,36772,13604,37204
7180,0,24120,38408,38408,17998,12659
7181,0,874,11374,11374,11503,17372
7182,0,2297,12797,12797,12859,12054
7183,0,25291,38620,38620,35513,15420
7184,0,2643,13143,13143,16612,17852
7185,0,21193,38568,38568,14645,13624
7186,2,5347,15847,20976,17895,15847
7187,0,9032,19532,19532,19174,35635
7188,0,23400,39559,39559,13485,38915
7189,0,581,11081,11081,14687,18182
7190,0,204,10704,10704,19324,16021
7191,0,7896,18396,18396,18127,17441
7192,0,9833,20333,20333,35782,19278
7193,0,2014,12514,12514,15822,15987
7194,4,24900,36099,19409,13148,20129
7195,0,24548,36317,36317,20705,15298
7196,0,905,11405,11405,39547,12304
7197,0,631,11131,11131,15318,19275
7198,0,8461,18961,18961,38981,20186
7199,1,23616,37149,17198,37149,38252
7200,0,1974,12474,12474,37627,17888
7201,0,162,10662,10662,17171,18325
7202,0,4998,15498,15498,14742,20794
7203,0,21085,37008,37008,14250,18042
7204,0,9557,20057,20057,19772,39278
7205,0,24625,37792,37792,13914,10997
7206,0,4713,15213,15213,14665,17346
7207,0,9067,19567,19567,13935,16401
7208,0,1431,11931,11931,15355,38663
7209,0,6868,17368,17368,20446,39127
7210,0,23795,38368,38368,13749,14301
7211,0,7710,18210,18210,11722,17905
7212,0,7736,18236,18236,18786,15984
7213,0,4283,14783,14783,36063,17932
7214,2,7531,18031,35517,36436,18031
7215,0,22330,36571,36571,37566,12259
7216,0,24360,35702,35702,16285,18283
7217,0,10053,20553,20553,20463,36772
7218,0,23773,35505,35505,35819,15076
7219,0,3384,13884,13884,12568,20099
7220,0,23019,39003,39003,11783,17913
7221,0,24116,37007,37007,16026,35224
7222,1,23757,37147,20477,37147,12373
7223,2,7462,17962,38619,38953,17962
7224,0,3331,13831,13831,37551,38065
7225,0,22668,38963,38963,36217,38641
7226,0,23729,35249,35249,20170,14118
7227,0,6404,16904,16904,13546,20785
7228,0,8895,19395,19395,37299,12773
7229,0,2096,12596,12596,20192,14315
7230,0,10195,20695,20695,19596,38503
7231,0,22754,37269,37269,15754,17046
7232,0,7999,18499,18499,38324,20349
7233,0,5017,15517,15517,38157,17940
7234,0,8738,19238,19238,37403,39324
7235,0,1449,11949,11949,12573,38009
7236,0,6900,17400,17400,15079,16970
7237,0,2610,13110,13110,37669,18639
7238,0,1900,12400,12400,10724,11665
7239,0,8186,18686,18686,16156,20436
7240,0,3920,14420,14420,15797,18727
7241,1,2757,13257,37815,13257,38423
7242,0,6397,16897,16897,20746,11550
7243,0,10077,20577,20577,15440,39234
7244,0,21399,37656,37656,12044,19789
7245,0,2097,12597,12597,18656,13287
7246,0,8329,18829,18829,13811,13903
7247,0,23590,38841,38841,38237,36741
7248,0,5624,16124,16124,15147,38965
7249,0,9028,19528,19528,39003,11783
7250,0,3471,13971,13971,35161,36900
7251,1,8266,18766,39132,18766,36431
7252,0,2171,12671,12671,11644,12781
7253,0,25163,38509,38509,38674,19869
7254,0,23760,38439,38439,17581,17488
7255,0,8590,19090,19090,18988,36209
7256,0,2010,12510,12510,10978,37073
7257,0,21320,39343,39343,38183,14542
7258,0,1283,11783,11783,39003,14452
7259,0,23531,37439,37439,15812,35746
7260,1,10028,20528,14107,20528,15031
7261,0,21787,39064,39064,36681,11103
7262,0,1019,11519,11519,14226,20727
7263,0,9518,20018,20018,14007,17748
7264,0,21041,35656,35656,38021,13038
7265,1,8667,19167,37191,19167,38164
7266,0,2810,13310,13310,38256,19510
7267,0,22840,37601,37601,13469,14369
7268,0,1651,12151,12151,18413,11207
7269,0,21913,39085,39085,14011,20129
7270,0,1169,11669,11669,38631,14852
7271,0,24945,35374,35374,16682,37260
7272,0,9398,19898,19898,14012,18837
7273,0,6256,16756,16756,18131,16150
7274,0,5469,15969,15969,11520,38342
7275,0,25326,37754,37754,12551,36955
7276,5,10258,20758,17020,17928,19419
7277,0,867,11367,11367,14554,12290
7278,1,21903,35820,14613,35820,16992
7279,0,5093,15593,15593,19219,39108
7280,0,5433,15933,15933,37135,13256
7281,1,541,11041,19734,11041,15957
7282,0,9324,19824,19824,35885,19385
7283,0,23343,39411,39411,11483,18120
7284,0,6354,16854,16854,12417,13512
7285,5,21198,38667,39410,15387,39371
7286,0,3390,13890,13890,14523,15868
7287,0,22279,35808,35808,16306,36836
7288,0,23640,36105,36105,19975,13897
7289,0,23771,38335,38335,39270,37116
7290,0,23020,39558,39558,17263,18083
7291,0,25037,35429,35429,15842,13856
7292,0,24424,35659,35659,35460,17079
7293,0,3959,14459,14459,35390,13087
7294,2,22815,38569,11354,17353,38569
7295,0,6643,17143,17143,38922,13295
7296,0,6841,17341,17341,10975,12185
7297,0,22546,37065,37065,18459,17726
7298,0,3586,14086,14086,16568,38385
7299,0,23038,36751,36751,11677,10944
7300,0,2563,13063,13063,10948,16447
7301,0,23503,35476,35476,18883,38266
7302,0,21188,38028,38028,15554,15578
7303,0,21142,36586,36586,35606,16646
7304,0,5036,15536,15536,36341,14979
7305,0,1080,11580,11580,15764,38514
7306,0,5891,16391,16391,12135,20722
7307,16,10277,20777,12004,18913,11481
7308,0,21445,35298,35298,17788,36107
7309,0,4966,15466,15466,16413,17737
7310,0,2023,12523,12523,18223,39453
7311,1,21751,38140,37842,38140,19298
7312,0,7909,18409,18409,12634,20602
7313,9,24695,37744,17243,18338,12063
7314,0,7321,17821,17821,39341,20613
7315,0,226,10726,10726,20106,10589
7316,0,1013,11513,11513,36320,20667
7317,0,1929,12429,12429,19606,39517
7318,0,21035,37222,37222,13960,13075
7319,0,5251,15751,15751,15649,19591
7320,0,9596,20096,20096,38507,17497
7321,0,2179,12679,12679,37045,37085
7322,0,697,11197,11197,12776,35346
7323,0,1124,11624,11624,17683,12745
7324,50,7378,17878,10849,38869,35365
7325,0,21586,36938,36938,14978,38711
7326,0,5110,15610,15610,35903,19762
7327,0,7902,18402,18402,15397,18874
7328,0,1778,12278,12278,14257,16237
7329,2,22853,36591,12613,15660,36591
7330,13,2634,13134,15533,39167,11945
7331,0,7544,18044,18044,18190,13143
7332,0,7604,18104,18104,11087,12304
7333,1,3489,13989,14790,13989,14533
7334,0,1037,11537,11537,39109,13056
7335,0,10448,20948,20948,12270,20214
7336,0,21885,36892,36892,36893,17216
7337,1,22221,39567,15211,39567,14988
7338,0,8505,19005,19005,14177,20781
7339,0,2649,13149,13149,35982,20131
7340,0,10473,20973,20973,37947,16354
7341,0,2979,13479,13479,20633,20715
7342,1,2547,13047,14240,13047,36857
7343,0,5132,15632,15632,12069,35645
7344,0,2159,12659,12659,35737,35738
7345,0,21081,35983,35983,11837,18325
7346,0,9114,19614,19614,13728,12800
7347,0,6445,16945,16945,13685,15815
7348,0,3967,14467,14467,36496,15502
7349,0,1428,11928,11928,37568,14659
7350,0,23417,37264,37264,10798,11767
7351,0,2520,13020,13020,20968,19049
7352,0,24767,36632,36632,36181,14288
7353,0,8033,18533,18533,15789,20289
7354,0,24671,37508,37508,13035,13144
7355,3,22124,37604,16424,37558,16538
7356,0,25012,39463,39463,37783,15573
7357,0,448,10948,10948,13063,11551
7358,0,24587,37378,37378,17481,20627
7359,1,9476,19976,39490,19976,37729
7360,0,5995,16495,16495,15131,14696
7361,0,25067,38928,38928,16034,37222
7362,1,3727,14227,18192,14227,16903
7363,0,7353,17853,17853,36084,36114
7364,0,8553,19053,19053,14025,39529
7365,0,6279,16779,16779,19802,18694
7366,0,24970,38069,38069,38907,17352
7367,1,7295,17795,37780,17795,36961
7368,0,9496,19996,19996,16653,14762
7369,0,6251,16751,16751,18867,39125
7370,0,5926,16426,16426,12929,39424
7371,0,2460,12960,12960,35497,12304
7372,2,22,10522,11034,16161,10522
7373,0,2066,12566,12566,37582,18777
7374,1,1653,12153,16130,12153,14784
7375,0,8894,19394,19394,15526,11527
7376,0,8706,19206,19206,19725,11338
7377,0,23749,35589,35589,19397,39123
7378,0,1376,11876,11876,12085,12319
7379,1,1724,12224,39077,12224,39112
7380,0,22995,35314,35314,36112,36981
7381,0,3754,14254,14254,14624,14820
7382,0,22597,35171,35171,19975,16232
7383,0,8652,19152,19152,10964,16938
7384,0,4183,14683,14683,14472,36129
7385,0,4082,14582,14582,20109,37681
7386,0,9678,20178,20178,11283,20942
7387,0,21071,36524,36524,12863,11889
7388,1,8474,18974,17702,18974,14150
7389,0,6579,17079,17079,14220,35659
7390,0,4558,15058,15058,17431,37195
7391,0,3537,14037,14037,13407,13311
7392,0,7003,17503,17503,20640,18813
7393,0,24703,35427,35427,12115,20133
7394,0,9560,20060,20060,14501,11031
7395,0,22858,38872,38872,20839,20650
7396,0,24741,39143,39143,20542,20264
7397,0,8789,19289,19289,18866,16788
7398,0,9951,20451,20451,15563,39234
7399,0,646,11146,11146,18682,11080
7400,0,6381,16881,16881,39417,19776
7401,0,7527,18027,18027,37834,11742
7402,0,22920,39199,39199,11385,16355
7403,0,22812,36727,36727,13098,10768
7404,1,7165,17665,35803,17665,11987
7405,0,23912,36314,36314,37654,11150
7406,0,23010,36601,36601,36651,18492
7407,1,7697,18197,13889,18197,18673
7408,0,22652,35836,35836,35312,14984
7409,1,23461,38773,15690,38773,16343
7410,0,4875,15375,15375,35870,10945
7411,0,21332,35390,35390,14459,37007
7412,0,22514,37539,37539,39553,35316
7413,0,5341,15841,15841,10951,11284
7414,0,22998,37450,37450,35942,19865
7415,0,7031,17531,17531,18537,38035
7416,0,2160,12660,12660,38057,36657
7417,0,685,11185,11185,15621,35831
7418,0,24060,39407,39407,10861,11576
7419,0,23876,36089,36089,37467,37681
7420,0,2461,12961,12961,15800,16425
7421,0,24174,35683,35683,38420,20445
7422,0,21260,36543,36543,16477,10940
7423,0,7128,17628,17628,16152,13761
7424,0,6267,16767,16767,18197,18673
7425,0,4941,15441,15441,14015,38736
7426,0,5946,16446,16446,18358,12592
7427,0,4583,15083,15083,18556,12009
7428,0,5784,16284,16284,12006,35907
7429,0,10422,20922,20922,11804,10738
7430,1,7569,18069,38196,18069,37642
7431,0,23728,37431,37431,36779,13159
7432,0,22534,35166,35166,17683,18468
7433,0,521,11021,11021,14426,13238
7434,0,8714,19214,19214,13702,18542
7435,0,21746,37852,37852,19234,10712
7436,0,24438,38060,38060,18023,19580
7437,0,3983,14483,14483,19544,36822
7438,0,23687,38998,38998,14292,37222
7439,0,22276,38379,38379,11877,39206
7440,0,780,11280,11280,36565,11560
7441,0,21472,35267,35267,20588,14549
7442,0,23884,39141,39141,38979,38770
7443,0,5607,16107,16107,16594,20434
7444,5,5978,16478,39004,20498,17977
7445,0,8843,19343,19343,16308,37043
7446,0,3747,14247,14247,39144,38705
7447,2,2196,12696,37712,13771,12696
7448,0,8561,19061,19061,16564,12648
7449,0,23077,39481,39481,15588,17845
7450,0,4285,14785,14785,17765,16619
7451,0,8569,19069,19069,37764,38081
7452,0,10408,20908,20908,19872,14239
7453,0,9832,20332,20332,38917,14477
7454,0,9805,20305,20305,11606,19753
7455,0,6979,17479,17479,35957,20633
7456,0,1827,12327,12327,38250,18689
7457,0,23627,36478,36478,16553,17375
7458,0,9154,19654,19654,17909,38657
7459,0,23285,38855,38855,35678,11024
7460,0,22820,39169,39169,14473,17951
7461,0,2376,12876,12876,14382,14243
7462,1,8551,19051,19994,19051,18546
7463,0,3839,14339,14339,38237,38841
7464,81,25432,38846,38666,20721,14958
7465,0,1246,11746,11746,20239,17136
7466,2,7504,18004,13247,14883,18004
7467,4,21468,36137,12343,37351,11923
7468,0,6511,17011,17011,36637,36730
7469,0,24072,36540,36540,38467,17010
7470,0,23677,38387,38387,18286,36247
7471,0,5439,15939,15939,16009,18562
7472,0,23069,35413,35413,18769,37186
7473,0,24201,36269,36269,20847,37179
7474,0,10229,20729,20729,38919,12174
7475,0,23085,38530,38530,36502,11956
7476,0,8964,19464,19464,35832,35395
7477,0,25431,35335,35335,16930,10711
7478,1,22943,36408,14091,36408,13975
7479,3,23887,39232,17684,36714,15749
7480,0,23164,38971,38971,19168,10658
7481,0,5510,16010,16010,35993,18173
7482,0,5330,15830,15830,39205,16617
7483,0,4531,15031,15031,20528,14561
7484,0,9866,20366,20366,20741,35411
7485,0,365,10865,10865,37287,11286
7486,3,21964,36771,14353,14976,12846
7487,3,21306,39627,38909,14703,37960
7488,7,147,10647,15769,13779,15715
7489,0,1668,12168,12168,38356,36051
7490,0,22284,35934,35934,35179,11278
7491,1,22054,37926,37587,37926,35780
7492,0,7650,18150,18150,16657,11724
7493,1,8599,19099,16404,19099,13383
7494,0,22364,36352,36352,39549,19784
7495,0,7788,18288,18288,13418,37897
7496,1,3456,13956,38918,13956,20155
7497,0,24673,36422,36422,39110,14681
7498,0,3271,13771,13771,37712,12696
7499,0,4940,15440,15440,39234,20577
7500,0,9223,19723,19723,17801,20601
7501,0,24439,36755,36755,35903,15610
7502,0,6230,16730,16730,14174,35472
7503,0,24247,38020,38020,19197,15209
7504,0,22575,37160,37160,14861,15566
7505,0,9047,19547,19547,38173,14362
7506,0,3926,14426,14426,13238,11021
7507,0,24091,37468,37468,35402,12495
7508,4,8080,18580,14551,15562,19193
7509,0,78,10578,10578,36341,15536
7510,9,7088,17588,20145,16568,14086
7511,0,2247,12747,12747,13656,16909
7512,0,24185,37009,37009,12068,12513
7513,12,21430,39579,18350,17082,35620
7514,0,24207,39067,39067,13504,17666
7515,0,22032,37059,37059,20214,16324
7516,0,7451,17951,17951,39169,37115
7517,2,8980,19480,16020,16765,19480
7518,0,2279,12779,12779,12507,19798
7519,7,8123,18623,39080,38916,19954
7520,0,3897,14397,14397,15616,39571
7521,0,24723,36717,36717,15234,18793
7522,0,7177,17677,17677,37626,18441
7523,0,9312,19812,19812,12326,11805
7524,0,24680,38850,38850,12044,36131
7525,0,3631,14131,14131,15501,14631
7526,18,21617,37587,20783,37182,16853
7527,0,6272,16772,16772,16956,17764
7528,0,8616,19116,19116,13619,10787
7529,0,392,10892,10892,38582,38491
7530,0,3191,13691,13691,17735,15671
7531,0,16,10516,10516,10741,36373
7532,4,4200,14700,19953,36254,15701
7533,0,2672,13172,13172,36308,37910
7534,0,22248,38976,38976,38913,36871
7535,91,6164,16664,36112,37716,11830
7536,0,24574,36946,36946,16666,20135
7537,5,3493,13993,17686,35386,35156
7538,0,9651,20151,20151,16672,37595
7539,0,22001,37361,37361,17557,38605
7540,0,7394,17894,17894,11306,18859
7541,0,4839,15339,15339,12503,36518
7542,0,593,11093,11093,12459,12852
7543,0,22740,36681,36681,11103,16865
7544,0,21491,38636,38636,11420,38953
7545,0,8737,19237,19237,39385,35650
7546,0,5827,16327,16327,19213,36812
7547,0,24187,35403,35403,20122,37599
7548,4,7961,18461,19411,36774,35294
7549,0,5887,16387,16387,20410,38739
7550,0,2355,12855,12855,14797,18607
7551,0,6036,16536,16536,37996,37389
7552,0,4798,15298,15298,36317,11332
7553,0,25117,35288,35288,37762,12242
7554,0,25379,38790,38790,11974,15369
7555,0,4592,15092,15092,37573,37256
7556,0,25281,35888,35888,12322,36465
7557,0,8656,19156,19156,13712,19254
7558,0,163,10663,10663,10820,10703
7559,0,21627,38561,38561,36007,20996
7560,0,21169,38819,38819,19906,36223
7561,0,22398,39325,39325,14287,16425
7562,0,7380,17880,17880,12107,19060
7563,1,24754,39591,39461,39591,18589
7564,0,10201,20701,20701,38573,19680
7565,0,6356,16856,16856,17178,19499
7566,0,24841,35930,35930,19876,12103
7567,0,9092,19592,19592,36747,20757
7568,0,5542,16042,16042,18941,37128
7569,0,6007,16507,16507,16057,19967
7570,0,7993,18493,18493,19489,37756
7571,0,7638,18138,18138,35636,15619
7572,1,6793,17293,11711,17293,17392
7573,0,23543,35554,35554,17710,16785
7574,2,7758,18258,10880,12869,18258
7575,0,4837,15337,15337,17582,35312
7576,0,2293,12793,12793,37879,18590
7577,0,6548,17048,17048,10689,12914
7578,0,7898,18398,18398,15718,19344
7579,0,4481,14981,14981,14578,36568
7580,0,3716,14216,14216,13091,18157
7581,0,24399,35491,35491,13591,16535
7582,0,6140,16640,16640,20439,17279
7583,0,9956,20456,20456,18068,13571
7584,0,1549,12049,12049,17075,12899
7585,0,25123,35875,35875,19521,11824
7586,2,10331,20831,13739,39234,20831
7587,0,2044,12544,12544,12691,36903
7588,0,767,11267,11267,17534,13592
7589,0,5693,16193,16193,36659,18617
7590,0,7870,18370,18370,14580,11567
7591,0,9700,20200,20200,11182,20356
7592,0,7857,18357,18357,39474,38797
7593,0,3302,13802,13802,16858,20363
7594,0,4517,15017,15017,37895,10762
7595,7,21292,38504,38099,16840,20929
7596,0,21958,37800,37800,15962,17527
7597,0,3292,13792,13792,11096,15162
7598,0,9011,19511,19511,37825,35467
7599,0,1403,11903,11903,17602,16528
7600,0,1382,11882,11882,39562,18237
7601,0,10340,20840,20840,15270,11622
7602,0,6928,17428,17428,16623,14911
7603,0,5671,16171,16171,35878,35695
7604,0,1638,12138,12138,38588,38159
7605,0,21822,39350,39350,18391,14727
7606,0,6907,17407,17407,12505,13167
7607,0,8591,19091,19091,35432,35298
7608,78,6406,16906,36907,11037,17693
7609,0,9074,19574,19574,20457,35526
7610,0,21080,36411,36411,35487,18015
7611,7,1179,11679,15007,18615,19405
7612,0,5448,15948,15948,38291,39594
7613,0,10322,20822,20822,20750,15781
7614,0,5078,15578,15578,18445,16949
7615,0,8648,19148,19148,15150,14250
7616,0,5175,15675,15675,16326,14155
7617,1,10142,20642,17391,20642,12466
7618,0,689,11189,11189,20854,12943
7619,0,24528,37939,37939,36404,35409
7620,20,6525,17025,13174,15913,20709
7621,0,24594,39385,39385,17187,39178
7622,0,6488,16988,16988,14830,13865
7623,0,10145,20645,20645,14868,13737
7624,0,7154,17654,17654,16131,18997
7625,0,25173,37266,37266,16652,15505
7626,0,6610,17110,17110,16655,12359
7627,0,25386,35556,35556,13972,11840
7628,0,24490,37498,37498,35395,15762
7629,0,22369,37531,37531,37186,10666
7630,0,4349,14849,14849,18938,20367
7631,0,1884,12384,12384,35610,16750
7632,0,24341,37618,37618,36224,37460
7633,5,2494,12994,18615,15007,19405
7634,0,5947,16447,16447,11551,13063
7635,0,3036,13536,13536,12737,14865
7636,0,5777,16277,16277,12593,13219
7637,0,21899,36449,36449,14520,18554
7638,0,845,11345,11345,14857,19842
7639,0,8734,19234,19234,11744,10591
7640,0,21711,36570,36570,20722,36898
7641,0,24544,36525,36525,17653,13840
7642,0,7967,18467,18467,16635,17058
7643,0,21611,37373,37373,15617,16522
7644,0,7340,17840,17840,38364,11703
7645,0,24531,38173,38173,19547,37087
7646,0,24367,37053,37053,11886,19980
7647,0,7137,17637,17637,37928,20867
7648,0,2964,13464,13464,17460,17351
7649,0,2529,13029,13029,37894,12698
7650,0,5772,16272,16272,17931,12403
7651,0,1048,11548,11548,36102,20747
7652,0,7045,17545,17545,39242,13854
7653,0,1960,12460,12460,17601,17817
7654,0,2530,13030,13030,37091,35296
7655,1,23660,35792,20013,35792,16043
7656,0,8429,18929,18929,37738,14482
7657,0,4917,15417,15417,13118,19043
7658,0,9325,19825,19825,35558,18674
7659,0,5901,16401,16401,13183,13935
7660,0,8286,18786,18786,15528,18236
7661,0,4259,14759,14759,18848,13785
7662,0,25197,37506,37506,18381,13220
7663,0,22430,38155,38155,20511,36077
7664,0,5656,16156,16156,18686,36402
7665,0,6097,16597,16597,20628,18988
7666,0,5907,16407,16407,16947,20294
7667,0,7373,17873,17873,14096,20696
7668,0,2978,13478,13478,19109,20828
7669,0,25042,37951,37951,18566,14533
7670,0,24181,38617,38617,11099,38796
7671,4,6721,17221,14128,15181,16540
7672,0,7842,18342,18342,12768,15574
7673,0,8264,18764,18764,20010,13617
7674,0,25142,37820,37820,12733,36197
7675,0,21524,36765,36765,20462,36143
7676,0,3138,13638,13638,37382,39022
7677,0,8325,18825,18825,16195,17088
7678,0,25052,39550,39550,14129,20727
7679,0,22591,38508,38508,38507,11149
7680,0,21441,36075,36075,15115,38063
7681,0,1826,12326,12326,19812,37102
7682,0,5548,16048,16048,14956,15611
7683,0,8785,19285,19285,38458,11484
7684,0,24373,35571,35571,19031,12540
7685,0,560,11060,11060,14211,17532
7686,0,23967,38024,38024,36903,11438
7687,0,8435,18935,18935,19801,12782
7688,0,5435,15935,15935,18313,11624
7689,0,4437,14937,14937,17825,14231
7690,0,10382,20882,20882,14507,39622
7691,2,8597,19097,14390,12137,19097
7692,0,1442,11942,11942,17167,20028
7693,0,8453,18953,18953,17867,36564
7694,0,4406,14906,14906,16718,38495
7695,0,25475,38957,38957,18466,12409
7696,0,1689,12189,12189,19830,10510
7697,3,22151,39461,12553,19299,15409
7698,0,9917,20417,20417,14220,14500
7699,0,24861,38152,38152,12761,18199
7700,0,5962,16462,16462,15131,18920
7701,0,2496,12996,12996,35968,17128
7702,0,24681,39260,39260,10671,38217
7703,3,340,10840,13065,38322,19512
7704,0,2408,12908,12908,19432,38751
7705,0,9793,20293,20293,15415,36550
7706,0,25336,37165,37165,39311,17636
7707,0,5782,16282,16282,20796,14754
7708,0,4576,15076,15076,35819,35505
7709,0,3725,14225,14225,10699,19942
7710,0,23228,39580,39580,20444,12140
7711,0,2785,13285,13285,17627,14155
7712,0,9715,20215,20215,19680,13330
7713,0,22984,37556,37556,13523,36752
7714,0,21911,38756,38756,13442,14166
7715,0,1012,11512,11512,38127,13723
7716,0,5280,15780,15780,39019,36919
7717,0,4895,15395,15395,16169,11808
7718,0,9958,20458,20458,14021,20283
7719,0,7121,17621,17621,35679,13341
7720,0,6549,17049,17049,10792,15427
7721,0,4037,14537,14537,13784,17164
7722,0,148,10648,10648,20775,15093
7723,0,285,10785,10785,39011,15539
7724,0,24837,39317,39317,19146,35565
7725,2,8555,19055,36764,36105,19055
7726,0,24771,36789,36789,16354,36664
7727,0,23360,37246,37246,36081,10863
7728,0,9732,20232,20232,37593,14880
7729,0,6770,17270,17270,38950,11942
7730,0,4443,14943,14943,15684,20778
7731,1,7446,17946,11955,17946,20579
7732,0,236,10736,10736,17382,16874
7733,0,21476,39047,39047,12969,11358
7734,0,23307,35408,35408,16567,12606
7735,0,7123,17623,17623,39103,16231
7736,0,23669,37162,37162,38174,12353
7737,5,22415,38994,37030,16168,39291
7738,1,3083,13583,10875,13583,15132
7739,0,22286,39030,39030,19137,16439
7740,0,10294,20794,20794,14742,38440
7741,0,632,11132,11132,11484,37872
7742,0,6813,17313,17313,16265,20743
7743,0,2493,12993,12993,17852,15918
7744,0,2665,13165,13165,10620,13964
7745,0,23504,37385,37385,19002,13648
7746,0,21843,37469,37469,14770,10783
7747,0,24075,37267,37267,20647,15642
7748,0,24523,35180,35180,13957,10829
7749,0,10060,20560,20560,14183,36795
7750,3,23574,36465,36078,11360,20045
7751,0,21767,36729,36729,15896,16175
7752,0,22206,37351,37351,11923,12343
7753,0,4211,14711,14711,11965,15587
7754,0,9686,20186,20186,20719,18961
7755,0,22730,35247,35247,38528,20275
7756,0,3874,14374,14374,36867,36866
7757,0,9424,19924,19924,13906,18788
7758,0,21814,35507,35507,13720,12611
7759,0,2817,13317,13317,15651,19914
7760,0,21634,38416,38416,39000,14260
7761,0,24378,38968,38968,18322,36222
7762,0,23883,39375,39375,36753,38227
7763,3,24030,38131,17224,36418,19022
7764,0,7426,17926,17926,14034,17633
7765,0,24983,38315,38315,11338,39150
7766,0,25371,37355,37355,20911,35860
7767,0,24934,35907,35907,19873,12006
7768,0,24344,38467,38467,10903,36540
7769,0,9777,20277,20277,12341,11643
7770,0,1735,12235,12235,37190,19399
7771,0,7397,17897,17897,19757,19471
7772,0,24268,35669,35669,37608,18172
7773,0,4255,14755,14755,35378,14736
7774,0,25394,38529,38529,12442,17486
7775,0,2475,12975,12975,19123,36556
7776,1,22673,35410,12300,35410,36617
7777,1,23863,39628,18349,39628,39184
7778,0,3713,14213,14213,12376,37420
7779,0,22882,38128,38128,12152,39111
7780,2,1804,12304,20107,10779,12304
7781,0,707,11207,11207,12151,18413
7782,0,21675,35892,35892,37741,14053
7783,1,24426,38454,37139,38454,20315
7784,0,5189,15689,15689,18186,37074
7785,0,21344,37707,37707,20677,19185
7786,0,5472,15972,15972,16709,20665
7787,0,72,10572,10572,18859,15438
7788,0,7843,18343,18343,17484,14771
7789,0,5101,15601,15601,17614,18716
7790,0,6764,17264,17264,14043,20139
7791,0,9382,19882,19882,16434,15086
7792,0,23427,35447,35447,11654,17828
7793,0,1125,11625,11625,13174,10861
7794,0,1241,11741,11741,12000,36917
7795,0,22677,36994,36994,10890,38882
7796,1,23693,38822,17023,38822,38382
7797,0,2349,12849,12849,11729,20360
7798,0,24603,36197,36197,35421,17180
7799,0,6602,17102,17102,19798,19056
7800,0,22432,36854,36854,35290,14340
7801,0,6780,17280,17280,19805,15310
7802,0,9769,20269,20269,20732,36147
7803,0,23419,36752,36752,13523,16865
7804,0,24611,36575,36575,19895,13107
7805,0,4358,14858,14858,20152,36963
7806,0,1343,11843,11843,37117,18845
7807,4,25308,39634,39567,16831,39228
7808,0,22700,37680,37680,17949,17112
7809,0,25265,39022,39022,11800,10905
7810,0,8632,19132,19132,16973,14474
7811,0,6652,17152,17152,12140,36485
7812,0,1100,11600,11600,36273,19300
7813,0,21297,35483,35483,19746,38219
7814,0,9160,19660,19660,17014,16464
7815,0,8841,19341,19341,35974,11814
7816,4,9738,20238,12994,19405,11679
7817,0,7327,17827,17827,15075,19846
7818,87,7622,18122,36973,13238,18059
7819,2,987,11487,12302,20091,11487
7820,0,22749,35312,35312,12724,35836
7821,1,2852,13352,38401,13352,38894
7822,0,22748,36349,36349,36318,35515
7823,11,8853,19353,11679,12994,12436
7824,0,630,11130,11130,19300,16067
7825,0,1249,11749,11749,37243,10548
7826,0,3179,13679,13679,35295,14036
7827,0,482,10982,10982,12040,39266
7828,0,9776,20276,20276,17129,16374
7829,0,9654,20154,20154,13510,38200
7830,0,3040,13540,13540,17817,14960
7831,2,5010,15510,37747,37694,15510
7832,0,22123,39553,39553,37539,37780
7833,0,7000,17500,17500,14056,13870
7834,39,3273,13773,11727,11884,18045
7835,0,7227,17727,17727,17654,11978
7836,0,3683,14183,14183,38889,20560
7837,0,6674,17174,17174,15915,35452
7838,0,6807,17307,17307,15670,18866
7839,0,22727,36991,36991,15012,12809
7840,0,23896,39258,39258,35861,11110
7841,0,1316,11816,11816,11019,36557
7842,0,3225,13725,13725,36217,16198
7843,0,1072,11572,11572,17847,17407
7844,0,4815,15315,15315,11155,35607
7845,0,24948,37327,37327,11084,36673
7846,1,23196,35477,19766,35477,15010
7847,0,9852,20352,20352,17973,18859
7848,0,5752,16252,16252,11917,16469
7849,0,22477,35271,35271,37296,37813
7850,0,23345,38377,38377,11659,35212
7851,0,4616,15116,15116,19331,18892
7852,2,3097,13597,11652,18457,13597
7853,0,22993,36822,36822,39311,16826
7854,3,25151,38816,20068,19819,19909
7855,0,6869,17369,17369,12298,36295
7856,0,1300,11800,11800,38235,39022
7857,0,7285,17785,17785,10952,14697
7858,0,6284,16784,16784,12395,18459
7859,0,24151,37280,37280,14072,14296
7860,0,23200,37959,37959,38402,37577
7861,0,5495,15995,15995,39117,13378
7862,0,5291,15791,15791,17567,36987
7863,0,9600,20100,20100,19159,36240
7864,0,10037,20537,20537,19620,15909
7865,0,1798,12298,12298,17369,36295
7866,0,21184,36803,36803,36275,36543
7867,0,9667,20167,20167,15701,11739
7868,3,5203,15703,17963,19861,37700
7869,0,8227,18727,18727,39493,16814
7870,0,5047,15547,15547,13203,11439
7871,0,6441,16941,16941,16110,19651
7872,0,8636,19136,19136,16070,20766
7873,0,8105,18605,18605,36211,18436
7874,0,2359,12859,12859,12797,11254
7875,0,25390,38734,38734,38358,35595
7876,0,3654,14154,14154,10735,19571
7877,13,7052,17552,19362,19292,37208
7878,0,22795,36025,36025,37902,19880
7879,0,1286,11786,11786,16591,15723
7880,0,23512,38348,38348,14822,38311
7881,98,4445,14945,19292,20142,37208
7882,37,23518,36262,11209,12063,18338
7883,0,2137,12637,12637,14697,17785
7884,0,6787,17287,17287,36621,19018
7885,0,24957,35482,35482,12723,35220
7886,0,22131,36862,36862,15958,20407
7887,0,21176,39386,39386,18046,13077
7888,6,9873,20373,37991,10777,13505
7889,0,23794,39281,39281,19075,11774
7890,0,22564,39240,39240,16016,16198
7891,0,22950,38109,38109,37890,16208
7892,1,6894,17394,11473,17394,13667
7893,0,9884,20384,20384,36186,15800
7894,0,25348,38392,38392,36598,19541
7895,0,24684,35387,35387,37931,35156
7896,0,24365,36481,36481,35351,39160
7897,0,8564,19064,19064,19791,37196
7898,0,7151,17651,17651,18809,16943
7899,0,963,11463,11463,39502,37987
7900,0,6012,16512,16512,13405,17651
7901,0,4882,15382,15382,38341,20906
7902,0,140,10640,10640,39219,20959
7903,0,25226,36700,36700,36699,14223
7904,0,24666,38205,38205,17506,16100
7905,0,8906,19406,19406,37597,16451
7906,0,6936,17436,17436,20652,15475
7907,1,6542,17042,19577,17042,37564
7908,5,5243,15743,15073,19791,20826
7909,0,23487,36034,36034,15662,36140
7910,0,10030,20530,20530,11545,15829
7911,0,4431,14931,14931,11462,37905
7912,0,24600,37178,37178,14730,11129
7913,2,406,10906,36572,15433,10906
7914,0,8212,18712,18712,13286,20118
7915,0,9196,19696,19696,19584,39503
7916,0,22974,37194,37194,11389,37695
7917,1,23712,35257,19912,35257,20461
7918,0,21490,35391,35391,12233,12262
7919,0,21103,38389,38389,15477,14057
7920,0,22537,35236,35236,36066,36315
7921,0,9135,19635,19635,11164,18600
7922,0,8234,18734,18734,16421,19928
7923,0,22065,35676,35676,13000,10760
7924,0,23220,36217,36217,38963,13725
7925,0,23459,35868,35868,35662,37271
7926,0,23974,36210,36210,36082,35853
7927,1,4399,14899,10808,14899,35519
7928,0,5252,15752,15752,13315,14811
7929,0,11,10511,10511,13633,38977
7930,0,4760,15260,15260,37410,38251
7931,0,1177,11677,11677,36751,35690
7932,0,10139,20639,20639,36534,14340
7933,1,21877,35347,17360,35347,17658
7934,0,2863,13363,13363,19556,15519
7935,1,6471,16971,18772,16971,10556
7936,0,24581,36711,36711,11703,16091
7937,1,6228,16728,14984,16728,35836
7938,0,9218,19718,19718,17104,14049
7939,0,24842,36694,36694,13352,38894
7940,0,2989,13489,13489,15137,16365
7941,0,9153,19653,19653,36030,20204
7942,0,22552,35735,35735,38455,10875
7943,0,7117,17617,17617,19042,19735
7944,0,23365,35861,35861,11110,39258
7945,0,7010,17510,17510,20667,35849
7946,0,22188,36184,36184,20111,37120
7947,1,23068,37485,12456,37485,13920
7948,0,21364,36414,36414,18358,14754
7949,0,8927,19427,19427,35781,19087
7950,0,1440,11940,11940,12829,12480
7951,0,24322,39274,39274,18121,11494
7952,0,2875,13375,13375,13147,14074
7953,39,22585,36832,19035,13936,13026
7954,0,9108,19608,19608,17281,17122
7955,1,24540,38306,37625,38306,36774
7956,0,22852,37850,37850,38440,20424
7957,0,25062,36935,36935,20703,13469
7958,0,25466,35993,35993,35877,36214
7959,0,7232,17732,17732,39579,38751
7960,0,3726,14226,14226,35528,11519
7961,0,2772,13272,13272,18374,17141
7962,0,9816,20316,20316,19583,13202
7963,0,454,10954,10954,17548,36662
7964,0,9013,19513,19513,37846,18834
7965,0,8189,18689,18689,11594,11552
7966,0,1367,11867,11867,15115,36075
7967,0,3712,14212,14212,12172,13680
7968,0,22851,39437,39437,12082,13002
7969,1,1388,11888,10693,11888,38681
7970,0,9042,19542,19542,37456,14657
7971,0,1000,11500,11500,11480,11273
7972,0,7761,18261,18261,36455,14980
7973,0,3553,14053,14053,37741,35892
7974,0,4114,14614,14614,19242,11174
7975,0,9829,20329,20329,39507,12501
7976,0,1667,12167,12167,16599,11268
7977,0,3173,13673,13673,17167,37159
7978,0,23329,37687,37687,12402,16121
7979,0,9539,20039,20039,37792,10997
7980,0,23039,38760,38760,36152,19994
7981,0,488,10988,10988,19883,39381
7982,0,3230,13730,13730,39388,17022
7983,0,3828,14328,14328,18049,17314
7984,0,22588,35478,35478,13737,18577
7985,0,25294,37634,37634,13850,10699
7986,1,5208,15708,36884,15708,36046
7987,0,7848,18348,18348,13378,19320
7988,2,21854,36078,36465,20045,36078
7989,0,5704,16204,16204,14588,14549
7990,0,22872,39121,39121,35192,38243
7991,1,8133,18633,16954,18633,13449
7992,0,703,11203,11203,18612,12898
7993,0,5105,15605,15605,12526,38038
7994,0,24632,38000,38000,11005,10904
7995,0,3291,13791,13791,10606,13770
7996,0,8125,18625,18625,19204,13726
7997,3,21380,36519,38285,36412,13241
7998,0,25335,35254,35254,16392,35253
7999,0,9519,20019,20019,16489,36321
8000,0,24992,39108,39108,37949,15593
8001,0,21849,38190,38190,15564,17703
8002,1,4909,15409,18601,15409,38930
8003,0,4440,14940,14940,12279,13689
8004,0,24364,38317,38317,12120,20107
8005,0,986,11486,11486,12789,16491
8006,0,23159,38919,38919,19342,20729
8007,0,22384,38517,38517,20986,20866
8008,3,24023,39023,36933,14362,19032
8009,0,7705,18205,18205,14547,38370
8010,0,24034,36895,36895,20067,38227
8011,0,6257,16757,16757,38124,18450
8012,0,22014,36331,36331,19976,39490
8013,0,6089,16589,16589,18555,10837
8014,0,22389,35320,35320,39147,36260
8015,1,5238,15738,14470,15738,18563
8016,0,21725,36719,36719,38045,15812
8017,0,1198,11698,11698,36207,17737
8018,0,21436,37027,37027,11661,35509
8019,11,9710,20210,15281,38742,12486
8020,0,22729,38266,38266,37726,16312
8021,0,7519,18019,18019,12477,12783
8022,0,6812,17312,17312,35256,35255
8023,0,9991,20491,20491,36352,39367
8024,0,9206,19706,19706,37692,20274
8025,0,8320,18820,18820,19088,38096
8026,2,9556,20056,20452,37530,20056
8027,0,10225,20725,20725,36057,11943
8028,0,7175,17675,17675,17194,18306
8029,0,4470,14970,14970,16526,18214
8030,0,891,11391,11391,20545,13282
8031,0,22737,35639,35639,11928,20816
8032,0,1969,12469,12469,15034,20220
8033,1,5757,16257,11630,16257,35674
8034,0,6527,17027,17027,16632,13928
8035,0,6294,16794,16794,19105,20248
8036,0,21982,39513,39513,14827,36878
8037,0,7595,18095,18095,11840,13972
8038,0,9110,19610,19610,15537,20984
8039,0,3249,13749,13749,38368,18433
8040,0,6570,17070,17070,14935,20061
8041,0,6638,17138,17138,36836,13529
8042,0,7351,17851,17851,20496,37430
8043,0,21696,38420,38420,35683,17227
8044,2,9400,19900,13657,12149,19900
8045,6,21316,36714,18093,14665,37375
8046,2,7473,17973,38335,35705,17973
8047,0,25175,37158,37158,11961,35177
8048,0,21439,36911,36911,15873,38029
8049,0,24147,38475,38475,39213,12367
8050,8,23471,38514,19948,39500,14777
8051,1,1239,11739,37145,11739,17186
8052,0,2289,12789,12789,11486,16491
8053,0,2740,13240,13240,15902,36418
8054,0,8467,18967,18967,10996,19826
8055,0,4585,15085,15085,38353,16341
8056,0,9227,19727,19727,18479,11289
8057,0,1229,11729,11729,12849,20360
8058,0,9200,19700,19700,35304,36068
8059,8,6980,17480,12697,18082,14930
8060,0,5178,15678,15678,39307,19870
8061,3,24735,36674,20752,15573,19605
8062,0,24804,35378,35378,14755,14736
8063,3,4293,14793,35457,11802,14031
8064,0,1058,11558,11558,18528,38926
8065,0,6262,16762,16762,16555,18428
8066,0,22844,35690,35690,36751,14831
8067,0,281,10781,10781,36436,35517
8068,0,9235,19735,19735,15767,17617
8069,0,9508,20008,20008,39621,11112
8070,0,968,11468,11468,14265,12196
8071,0,24852,35227,35227,20678,12409
8072,0,3953,14453,14453,15870,36984
8073,14,1939,12439,37347,38718,20127
8074,8,23781,37335,18766,39132,36431
8075,0,1274,11774,11774,18084,19075
8076,0,619,11119,11119,16494,12578
8077,0,21268,37403,37403,10895,14465
8078,0,1742,12242,12242,35288,37762
8079,0,1390,11890,11890,36451,18220
8080,0,2203,12703,12703,19072,35415
8081,0,9771,20271,20271,19655,15125
8082,0,9847,20347,20347,19758,17547
8083,11,3568,14068,38039,39546,37369
8084,0,23046,35198,35198,16582,35199
8085,0,10404,20904,20904,39440,11729
8086,0,6116,16616,16616,35561,17799
8087,4,23859,39610,15426,14551,15562
8088,0,6052,16552,16552,19937,37466
8089,0,3178,13678,13678,38581,12074
8090,0,3192,13692,13692,13383,36888
8091,0,9499,19999,19999,17231,19833
8092,0,6099,16599,16599,12167,11268
8093,0,7029,17529,17529,10552,36910
8094,0,575,11075,11075,15003,15072
8095,0,24565,35206,35206,19676,37510
8096,0,6656,17156,17156,17691,37795
8097,0,7115,17615,17615,35417,10859
8098,0,22772,38731,38731,15280,17071
8099,0,6276,16776,16776,10901,12065
8100,2,9472,19972,13171,37047,19972
8101,0,21882,38135,38135,16288,20821
8102,0,23585,35737,35737,12659,37516
8103,0,5897,16397,16397,11028,20114
8104,0,5724,16224,16224,39256,37793
8105,14,10185,20685,13723,20374,10660
8106,0,23675,35485,35485,18539,35992
8107,0,269,10769,10769,14385,36080
8108,2,629,11129,17087,37178,11129
8109,0,23668,36624,36624,17537,11499
8110,0,3081,13581,13581,13980,15424
8111,0,3466,13966,13966,20415,15529
8112,0,6430,16930,16930,14646,35335
8113,0,24429,38634,38634,19753,18131
8114,0,7062,17562,17562,35935,20854
8115,0,21763,37242,37242,20335,12025
8116,0,22710,36869,36869,18297,11987
8117,1,22714,39303,11596,39303,14415
8118,0,5543,16043,16043,14798,11895
8119,0,10238,20738,20738,20619,38848
8120,0,4356,14856,14856,36428,36423
8121,0,25323,38333,38333,17187,12629
8122,6,2113,12613,39383,13779,18368
8123,7,8219,18719,11315,39516,15514
8124,0,10232,20732,20732,20269,36147
8125,0,22390,36774,36774,35294,14823
8126,0,24385,38892,38892,16968,16084
8127,0,3216,13716,13716,15259,14753
8128,0,3814,14314,14314,35696,12561
8129,1,8321,18821,18147,18821,17362
8130,0,22982,37530,37530,20452,14920
8131,0,2278,12778,12778,14675,37072
8132,0,4599,15099,15099,16209,35858
8133,0,13,10513,10513,11439,36408
8134,1,21377,38500,12413,38500,17074
8135,0,1525,12025,12025,35986,19965
8136,0,2365,12865,12865,10715,37757
8137,0,4648,15148,15148,38224,17508
8138,0,21535,35898,35898,15164,35964
8139,0,24061,36851,36851,11709,20895
8140,0,24883,35186,35186,39462,11676
8141,0,374,10874,10874,20740,39003
8142,2,24065,37427,20884,20330,37427
8143,0,6477,16977,16977,10848,36334
8144,0,525,11025,11025,36746,35826
8145,0,9131,19631,19631,20367,11733
8146,4,21130,39314,39309,39577,11809
8147,2,6895,17395,12306,11404,17395
8148,0,10339,20839,20839,38872,20650
8149,0,3591,14091,14091,36408,36214
8150,0,21647,35760,35760,38875,37921
8151,0,7904,18404,18404,16310,37577
8152,2,2958,13458,17417,14038,13458
8153,0,23932,36469,36469,38423,16254
8154,0,529,11029,11029,15235,35858
8155,0,3714,14214,14214,18970,37280
8156,0,4732,15232,15232,36950,19306
8157,0,9461,19961,19961,16220,36778
8158,0,21914,37127,37127,15497,13194
8159,0,1394,11894,11894,18415,13785
8160,0,22452,36855,36855,15986,35357
8161,0,22241,37236,37236,18783,15393
8162,0,9989,20489,20489,12459,12852
8163,0,22849,35825,35825,36370,11025
8164,0,9633,20133,20133,13882,14332
8165,0,23066,35228,35228,15992,37372
8166,1,22354,39448,11562,39448,36877
8167,0,24128,36657,36657,38057,12660
8168,0,5631,16131,16131,17654,17762
8169,1,9465,19965,35383,19965,12025
8170,0,6563,17063,17063,13386,39149
8171,0,4703,15203,15203,16828,13447
8172,0,1712,12212,12212,15069,19211
8173,0,22556,39289,39289,20732,11897
8174,0,955,11455,11455,13105,19667
8175,1,6675,17175,18552,17175,12119
8176,0,3453,13953,13953,17007,14636
8177,0,9579,20079,20079,37031,17881
8178,0,21163,38740,38740,14141,11424
8179,0,8595,19095,19095,38502,17973
8180,0,2071,12571,12571,37352,11203
8181,0,21492,39262,39262,16541,14055
8182,0,10169,20669,20669,11486,35566
8183,0,158,10658,10658,11148,38971
8184,0,7005,17505,17505,38816,10587
8185,0,21013,36734,36734,17774,11811
8186,0,9094,19594,19594,12556,17273
8187,0,352,10852,10852,14166,35439
8188,0,6078,16578,16578,38620,15420
8189,0,6236,16736,16736,17046,14517
8190,0,23858,36976,36976,17014,38131
8191,0,8946,19446,19446,19780,14728
8192,0,25481,35817,35817,18651,11693
8193,27,25459,39618,16700,20897,13497
8194,0,2920,13420,13420,17493,19886
8195,0,8503,19003,19003,18924,17810
8196,0,4644,15144,15144,12379,12792
8197,0,661,11161,11161,38699,35745
8198,0,7057,17557,17557,37361,11145
8199,0,10181,20681,20681,15910,38758
8200,0,3665,14165,14165,36233,16465
8201,0,7979,18479,18479,14915,11289
8202,0,306,10806,10806,15473,17664
8203,0,24227,35181,35181,17357,10702
8204,0,4790,15290,15290,16810,18341
8205,0,2356,12856,12856,19707,20836
8206,0,24284,36548,36548,19523,36487
8207,0,24386,36650,36650,20193,13086
8208,0,1927,12427,12427,12260,14443
8209,0,21159,38664,38664,12334,39225
8210,0,3427,13927,13927,36900,13971
8211,0,8941,19441,19441,12177,16073
8212,6,3638,14138,16454,18645,13562
8213,2,21874,37414,19642,15233,37414
8214,1,1266,11766,38586,11766,13383
8215,0,1560,12060,12060,18517,18367
8216,0,24079,38725,38725,14680,35453
8217,0,22616,36441,36441,14301,16381
8218,0,10326,20826,20826,37196,15073
8219,0,7179,17679,17679,13083,35609
8220,0,4109,14609,14609,11357,35890
8221,1,7867,18367,12772,18367,36514
8222,0,4904,15404,15404,15449,37627
8223,0,7294,17794,17794,37064,37063
8224,0,514,11014,11014,18279,13541
8225,0,894,11394,11394,18744,38013
8226,0,8601,19101,19101,16092,16504
8227,0,21,10521,10521,15766,13112
8228,0,23362,36231,36231,17311,11450
8229,13,21517,39568,12302,39483,11487
8230,0,899,11399,11399,35880,11484
8231,0,207,10707,10707,20581,18659
8232,0,458,10958,10958,14380,37388
8233,0,10246,20746,20746,16897,17337
8234,0,2430,12930,12930,15091,16069
8235,0,8442,18942,18942,16343,18846
8236,0,23631,37052,37052,37880,16822
8237,0,9299,19799,19799,36479,37072
8238,4,3389,13889,18673,18197,16767
8239,0,9905,20405,20405,15755,16675
8240,0,3911,14411,14411,39623,20485
8241,0,5383,15883,15883,13175,16249
8242,0,8907,19407,19407,14051,36061
8243,0,552,11052,11052,16733,15011
8244,0,9631,20131,20131,35982,13149
8245,0,10462,20962,20962,19709,17019
8246,0,3144,13644,13644,15479,35747
8247,2,6917,17417,13458,14038,17417
8248,2,2056,12556,16417,19594,12556
8249,0,1925,12425,12425,11393,38059
8250,0,634,11134,11134,36429,10772
8251,0,6082,16582,16582,35198,20764
8252,0,8508,19008,19008,15560,16364
8253,0,21896,38575,38575,35465,37577
8254,0,24335,39177,39177,11900,17025
8255,0,8619,19119,19119,15896,14845
8256,0,21326,37537,37537,18065,10741
8257,0,105,10605,10605,13942,13916
8258,1,3041,13541,12430,13541,38094
8259,0,22165,37084,37084,11348,18532
8260,0,10361,20861,20861,18516,12088
8261,0,1709,12209,12209,14877,20193
8262,6,89,10589,13653,14486,11665
8263,0,7014,17514,17514,16222,12532
8264,0,10433,20933,20933,14616,15584
8265,0,3174,13674,13674,14262,38664
8266,0,917,11417,11417,18917,10776
8267,0,7833,18333,18333,11997,20277
8268,0,6732,17232,17232,15051,37934
8269,0,1949,12449,12449,15429,11318
8270,0,21625,36890,36890,37789,14343
8271,0,24447,35694,35694,35386,17363
8272,0,6368,16868,16868,17742,15397
8273,0,1,10501,10501,36970,16376
8274,11,8032,18532,37084,18650,14196
8275,1,25011,37183,17255,37183,13696
8276,0,6047,16547,16547,11966,11881
8277,0,9127,19627,19627,18434,17052
8278,0,23074,38482,38482,19408,17738
8279,0,2720,13220,13220,38079,12182
8280,0,8783,19283,19283,20012,11937
8281,3,25417,39371,19639,11523,16784
8282,0,3117,13617,13617,20010,18764
8283,0,21145,35782,35782,13648,20333
8284,0,23322,38868,38868,14949,10971
8285,0,21054,35294,35294,19176,38394
8286,0,9768,20268,20268,10985,13954
8287,0,3762,14262,14262,13674,37004
8288,0,213,10713,10713,39479,13589
8289,1,778,11278,35179,11278,14323
8290,0,3496,13996,13996,14879,36613
8291,0,22952,37889,37889,11941,19218
8292,22,2043,12543,10678,15447,38607
8293,0,8920,19420,19420,18271,10567
8294,0,5420,15920,15920,16203,36742
8295,0,6154,16654,16654,20419,14010
8296,0,9759,20259,20259,14283,10810
8297,0,8357,18857,18857,16001,10997
8298,0,21654,36412,36412,39404,13497
8299,0,22622,37726,37726,20428,12473
8300,1,25022,37279,11656,37279,19656
8301,0,10205,20705,20705,36317,11773
8302,0,8465,18965,18965,35579,37424
8303,0,24797,36706,36706,15602,35391
8304,0,4167,14667,14667,38574,15235
8305,0,24199,35614,35614,36618,18727
8306,0,3788,14288,14288,18087,17896
8307,0,8586,19086,19086,14350,37554
8308,0,583,11083,11083,35853,17319
8309,0,24599,39524,39524,20137,16419
8310,0,22201,39630,39630,38265,14172
8311,0,116,10616,10616,20508,18765
8312,0,6644,17144,17144,15609,17969
8313,0,22011,38206,38206,13024,36043
8314,0,25021,39582,39582,38588,38108
8315,1,23157,39308,19207,39308,18139
8316,0,22275,38096,38096,15301,10645
8317,5,8712,19212,38740,14141,17336
8318,0,1763,12263,12263,16844,36289
8319,0,1875,12375,12375,13161,17996
8320,1,21120,36811,12164,36811,38676
8321,0,21178,36190,36190,11740,13661
8322,0,10445,20945,20945,37494,11812
8323,0,3224,13724,13724,11270,10825
8324,1,526,11026,19328,11026,17257
8325,0,7725,18225,18225,20985,20757
8326,5,2946,13446,19135,37419,15676
8327,0,4473,14973,14973,36899,11897
8328,0,24661,36745,36745,16590,16765
8329,4,5655,16155,36984,16307,16574
8330,0,8884,19384,19384,14773,15814
8331,0,6059,16559,16559,36307,37202
8332,1,959,11459,16967,11459,11573
8333,0,24679,37290,37290,37874,11144
8334,0,6342,16842,16842,12508,38091
8335,0,3633,14133,14133,18961,15838
8336,0,1050,11550,11550,39447,20746
8337,0,8782,19282,19282,12621,12845
8338,2,8711,19211,14905,39167,19211
8339,0,3380,13880,13880,18269,38722
8340,0,3676,14176,14176,39041,15634
8341,0,5776,16276,16276,37984,35669
8342,0,24311,38223,38223,37577,37627
8343,0,6573,17073,17073,35690,19034
8344,0,5179,15679,15679,20618,20978
8345,0,1607,12107,12107,20265,36748
8346,0,3610,14110,14110,11879,20321
8347,0,23833,39292,39292,18826,16277
8348,0,6635,17135,17135,19615,37312
8349,0,21527,39651,39651,38018,38939
8350,0,10001,20501,20501,13426,38077
8351,7,791,11291,15215,37433,11397
8352,0,8984,19484,19484,20828,14290
8353,0,3056,13556,13556,20497,10734
8354,0,10047,20547,20547,36631,12681
8355,3,1980,12480,14953,38412,18332
8356,0,23758,36079,36079,37604,17025
8357,0,3598,14098,14098,38754,20419
8358,0,933,11433,11433,20765,12477
8359,0,21259,36809,36809,19939,18662
8360,0,25160,37547,37547,12865,15479
8361,0,7424,17924,17924,18539,14350
8362,0,5626,16126,16126,11287,16773
8363,0,1682,12182,12182,35583,35175
8364,0,4179,14679,14679,19514,13597
8365,0,21658,36872,36872,36873,13832
8366,0,6446,16946,16946,18244,13210
8367,0,4116,14616,14616,36742,18595
8368,0,988,11488,11488,17271,13354
8369,0,24103,36357,36357,18382,18769
8370,0,22996,36299,36299,15047,19919
8371,0,2896,13396,13396,15177,39653
8372,0,3778,14278,14278,11292,17560
8373,0,5658,16158,16158,19901,11341
8374,0,23960,36376,36376,38180,38459
8375,0,3093,13593,13593,16323,11538
8376,0,3155,13655,13655,12938,37064
8377,0,23292,36047,36047,20717,16920
8378,0,1823,12323,12323,12414,12127
8379,1,21663,39099,37259,39099,37397
8380,0,1098,11598,11598,20404,36521
8381,0,10396,20896,20896,19936,35580
8382,0,2844,13344,13344,19391,18603
8383,0,9078,19578,19578,10847,38016
8384,0,3342,13842,13842,17165,18914
8385,0,38,10538,10538,10656,15311
8386,0,6540,17040,17040,11592,14034
8387,0,21426,38688,38688,16255,18060
8388,1,8707,19207,18139,19207,13991
8389,0,3356,13856,13856,15842,38680
8390,1,9645,20145,38385,20145,13490
8391,0,25454,36399,36399,15468,16800
8392,1,24752,36455,10795,36455,18261
8393,0,21825,37511,37511,16060,37059
8394,0,21761,35352,35352,13859,36354
8395,0,21994,35840,35840,11672,17803
8396,0,24196,36845,36845,17337,13786
8397,0,7813,18313,18313,18026,15935
8398,0,24462,39245,39245,39519,18405
8399,0,9098,19598,19598,20153,15796
8400,0,8220,18720,18720,12663,11222
8401,0,22005,38502,38502,19095,38335
8402,0,22979,35353,35353,20360,12849
8403,0,2428,12928,12928,37353,13216
8404,0,5043,15543,15543,38723,17900
8405,0,5346,15846,15846,37272,11801
8406,0,8954,19454,19454,11475,20434
8407,0,21972,36593,36593,17333,39295
8408,0,4811,15311,15311,10576,10656
8409,0,8476,18976,18976,17398,35826
8410,0,686,11186,11186,36252,16483
8411,0,4799,15299,15299,11027,16554
8412,0,7437,17937,17937,38434,15707
8413,1,2353,12853,14292,12853,38998
8414,0,6353,16853,16853,36106,11946
8415,0,24849,38059,38059,12425,14139
8416,0,4569,15069,15069,12212,16675
8417,0,8213,18713,18713,20601,20001
8418,0,2752,13252,13252,11702,11429
8419,1,9077,19577,17042,19577,12273
8420,0,8073,18573,18573,19405,11679
8421,0,9109,19609,19609,36154,12597
8422,0,1040,11540,11540,20280,11617
8423,0,7491,17991,17991,35616,20644
8424,0,1265,11765,11765,16645,16919
8425,0,24303,37425,37425,19601,16444
8426,3,24688,38565,11525,36201,12897
8427,0,7059,17559,17559,38947,20415
8428,0,277,10777,10777,37991,37650
8429,3,5084,15584,36021,35484,17444
8430,0,10276,20776,20776,10869,13926
8431,0,9437,19937,19937,37466,16552
8432,0,2382,12882,12882,37948,13762
8433,0,571,11071,11071,16320,38129
8434,0,1435,11935,11935,16194,12545
8435,0,24173,36748,36748,20956,12107
8436,13,9439,19939,15555,13475,16245
8437,0,5352,15852,15852,35196,36166
8438,2,21294,37527,37741,14053,37527
8439,1,21613,36372,39248,36372,18369
8440,0,24138,35360,35360,14460,11768
8441,0,5445,15945,15945,20665,37980
8442,0,1007,11507,11507,16536,37996
8443,1,4543,15043,36685,15043,15320
8444,0,24070,38409,38409,18862,38055
8445,0,22371,38570,38570,14439,14363
8446,0,2064,12564,12564,36261,15878
8447,0,1136,11636,11636,15422,18126
8448,0,9882,20382,20382,20332,20073
8449,0,24664,38543,38543,39433,14082
8450,0,5343,15843,15843,38485,17596
8451,1,10177,20677,37707,20677,19185
8452,0,294,10794,10794,38311,15392
8453,0,9739,20239,20239,17523,17136
8454,0,10204,20704,20704,13074,11047
8455,0,8780,19280,19280,38936,36608
8456,0,24292,36175,36175,38812,20953
8457,0,2403,12903,12903,14107,20528
8458,0,10321,20821,20821,39434,16288
8459,0,3998,14498,14498,16650,14330
8460,7,21022,38653,11925,37024,17889
8461,1,3741,14241,11293,14241,20184
8462,0,24148,36354,36354,18489,18271
8463,0,25084,38776,38776,17207,10646
8464,0,2719,13219,13219,37846,16277
8465,0,22703,38468,38468,19842,36899
8466,0,21736,37367,37367,14114,13483
8467,3,5150,15650,35535,14126,38972
8468,1,2808,13308,11626,13308,19977
8469,0,9017,19517,19517,12513,38816
8470,0,556,11056,11056,13152,38526
8471,0,25474,38048,38048,36072,16644
8472,0,4795,15295,15295,13674,18726
8473,0,2469,12969,12969,39047,35425
8474,0,3738,14238,14238,17283,36967
8475,0,4286,14786,14786,39215,17356
8476,0,24845,37297,37297,38241,18297
8477,0,9908,20408,20408,38711,37276
8478,0,2604,13104,13104,13338,11741
8479,0,362,10862,10862,16384,10576
8480,0,6924,17424,17424,19996,14952
8481,0,1704,12204,12204,17292,11343
8482,0,2139,12639,12639,10571,20032
8483,0,3239,13739,13739,39234,20867
8484,0,2383,12883,12883,16763,17239
8485,0,7314,17814,17814,13728,19614
8486,0,4311,14811,14811,16299,35842
8487,0,9477,19977,19977,39027,19162
8488,0,1312,11812,11812,20945,37494
8489,3,21276,38804,16540,14128,15181
8490,1,3930,14430,38820,14430,16088
8491,0,6183,16683,16683,19943,13765
8492,0,22527,38235,38235,11800,13618
8493,0,1591,12091,12091,17889,18656
8494,0,22034,38743,38743,13345,13366
8495,0,2162,12662,12662,16870,37389
8496,0,2396,12896,12896,15647,12447
8497,0,317,10817,10817,16007,20283
8498,0,9516,20016,20016,20101,35891
8499,0,25149,35957,35957,17479,12392
8500,0,5233,15733,15733,18189,18317
8501,0,22459,38014,38014,38954,37609
8502,10,5068,15568,39640,11237,14173
8503,1,4036,14536,15383,14536,36733
8504,0,8987,19487,19487,19619,20371
8505,0,3020,13520,13520,38126,37405
8506,0,9903,20403,20403,16797,38861
8507,0,24733,36233,36233,14165,16465
8508,0,8228,18728,18728,16008,39156
8509,0,24403,37395,37395,20142,13174
8510,0,9105,19605,19605,12560,19742
8511,0,5295,15795,15795,36759,11588
8512,0,3972,14472,14472,36129,14683
8513,1,5370,15870,13719,15870,15954
8514,0,4133,14633,14633,16368,17248
8515,0,974,11474,11474,17994,37522
8516,0,7291,17791,17791,12254,36340
8517,0,9175,19675,19675,38154,36902
8518,0,954,11454,11454,13763,36237
8519,1,9610,20110,17497,20110,18148
8520,0,9752,20252,20252,18841,19601
8521,0,24519,36981,36981,18652,18654
8522,0,22685,38002,38002,11260,20142
8523,0,21546,37111,37111,11293,14241
8524,0,9547,20047,20047,13770,20526
8525,2,21544,38777,12264,11769,38777
8526,0,5016,15516,15516,19923,13362
8527,5,21433,39248,15591,38504,18369
8528,0,9179,19679,19679,10727,20836
8529,0,24422,35528,35528,15121,14226
8530,3,7490,17990,38912,39444,12252
8531,0,1640,12140,12140,17152,39580
8532,0,1290,11790,11790,14612,19348
8533,0,22237,36527,36527,36145,20424
8534,0,1380,11880,11880,16852,35268
8535,0,1933,12433,12433,36718,19940
8536,0,4675,15175,15175,37964,12704
8537,0,22406,38365,38365,16814,15941
8538,0,25056,36006,36006,37356,15723
8539,0,10222,20722,20722,36570,12135
8540,0,892,11392,11392,36791,19355
8541,0,7287,17787,17787,36870,20327
8542,0,4876,15376,15376,37301,20260
8543,1,25469,36915,20135,36915,16666
8544,0,7906,18406,18406,20513,36666
8545,0,24016,37101,37101,19187,38719
8546,0,8194,18694,18694,35619,16779
8547,0,21125,38733,38733,10628,14100
8548,6,10301,20801,17829,17812,15107
8549,0,9041,19541,19541,38609,37630
8550,0,23907,35583,35583,12182,35175
8551,0,2466,12966,12966,16058,20651
8552,0,7657,18157,18157,10723,15508
8553,0,10106,20606,20606,16374,16682
8554,0,9788,20288,20288,38743,37037
8555,0,1913,12413,12413,38500,17074
8556,0,23851,36016,36016,37311,38381
8557,1,2736,13236,18461,13236,10801
8558,0,726,11226,11226,20184,14241
8559,0,7214,17714,17714,35829,19300
8560,1,8245,18745,16237,18745,13102
8561,0,1796,12296,12296,15113,13983
8562,1,3845,14345,11905,14345,16375
8563,0,6402,16902,16902,18456,36247
8564,0,25146,35399,35399,15802,11995
8565,0,21850,35646,35646,35243,36133
8566,0,936,11436,11436,36599,17345
8567,0,2265,12765,12765,18716,19458
8568,0,824,11324,11324,18499,20349
8569,0,22631,37167,37167,11668,13976
8570,0,7274,17774,17774,11811,36734
8571,0,21166,36247,36247,17000,39041
8572,0,1389,11889,11889,37112,35272
8573,0,3564,14064,14064,11178,12401
8574,1,9076,19576,15756,19576,15467
8575,0,5429,15929,15929,16353,35625
8576,0,7827,18327,18327,20539,36227
8577,0,5690,16190,16190,39313,11222
8578,6,21528,37713,13976,11152,37958
8579,1,7878,18378,17133,18378,37766
8580,0,1868,12368,12368,39139,20150
8581,0,8202,18702,18702,35474,13734
8582,0,24421,36261,36261,12564,14632
8583,6,7486,17986,19749,37088,38750
8584,2,9655,20155,13956,38918,20155
8585,0,806,11306,11306,17894,37417
8586,0,4805,15305,15305,38577,15299
8587,0,22274,37901,37901,16990,13161
8588,1,22538,36914,12064,36914,17466
8589,0,10300,20800,20800,15998,16155
8590,0,24871,38386,38386,10997,10754
8591,0,23736,39590,39590,19178,10507
8592,0,10426,20926,20926,38675,37523
8593,0,9155,19655,19655,12147,20271
8594,0,7511,18011,18011,15975,20246
8595,0,8056,18556,18556,15083,14958
8596,0,4494,14994,14994,15749,38846
8597,0,2632,13132,13132,38717,39178
8598,0,21923,38010,38010,19815,19173
8599,0,8896,19396,19396,36613,14879
8600,0,8623,19123,19123,12975,36556
8601,0,7832,18332,18332,16184,12480
8602,0,4388,14888,14888,16619,13202
8603,0,145,10645,10645,19029,39645
8604,1,6467,16967,11573,16967,12533
8605,1,2033,12533,14414,12533,11573
8606,0,21368,38349,38349,15855,35415
8607,2,1165,11665,10589,10724,11665
8608,0,21183,36346,36346,15714,38519
8609,0,2050,12550,12550,20282,12318
8610,0,3760,14260,14260,39000,38416
8611,0,21916,35470,35470,16745,35219
8612,0,24155,37330,37330,12476,12250
8613,0,4435,14935,14935,17070,20061
8614,0,3430,13930,13930,19742,36899
8615,9,8190,18690,38334,16152,17861
8616,0,24699,37803,37803,36213,19880
8617,0,7069,17569,17569,16116,19300
8618,0,4361,14861,14861,37160,20596
8619,0,23396,35270,35270,17618,37517
8620,0,9454,19954,19954,37430,17851
8621,0,1771,12271,12271,35749,38523
8622,0,3511,14011,14011,36099,20129
8623,0,271,10771,10771,10996,14242
8624,0,23892,37638,37638,37750,37542
8625,19,22653,39621,38878,17296,39653
8626,0,8436,18936,18936,16099,19475
8627,2,22019,37259,14349,36622,37259
8628,1,22199,37418,17203,37418,16011
8629,0,2032,12532,12532,17514,38815
8630,0,22317,36970,36970,10501,35301
8631,0,9005,19505,19505,39585,19014
8632,0,25068,39157,39157,16051,37839
8633,0,3810,14310,14310,13009,36574
8634,0,24249,38124,38124,18450,11705
8635,1,9996,20496,18785,20496,17851
8636,0,21939,39487,39487,35677,13000
8637,0,4346,14846,14846,16969,18741
8638,0,22443,35307,35307,20515,18646
8639,0,545,11045,11045,37025,35425
8640,0,3241,13741,13741,35948,18982
8641,0,8930,19430,19430,12073,12755
8642,0,8502,19002,19002,37385,35782
8643,0,24721,36367,36367,18660,14696
8644,0,9323,19823,19823,20203,19423
8645,6,23103,39532,36465,36078,11360
8646,0,21367,36957,36957,20365,16512
8647,0,22701,35615,35615,13338,12065
8648,0,7564,18064,18064,39313,17510
8649,0,920,11420,11420,38636,38953
8650,0,22901,38337,38337,14081,14835
8651,0,25375,36433,36433,36329,17777
8652,0,6640,17140,17140,35654,18487
8653,0,24370,36805,36805,10923,17996
8654,6,7694,18194,38777,12726,11769
8655,0,8230,18730,18730,19367,13813
8656,0,22802,37305,37305,37167,15228
8657,0,7126,17626,17626,39530,39491
8658,0,4278,14778,14778,12868,13803
8659,0,2983,13483,13483,16979,15595
8660,0,130,10630,10630,38116,17323
8661,0,7980,18480,18480,36827,11686
8662,0,2667,13167,13167,17407,12505
8663,0,7138,17638,17638,18536,14340
8664,0,3223,13723,13723,18688,11512
8665,0,9374,19874,19874,16125,36832
8666,0,7693,18193,18193,39422,14811
8667,0,5392,15892,15892,36522,11282
8668,3,614,11114,39004,17921,20021
8669,0,21812,39510,39510,37552,14595
8670,8,1466,11966,16849,38418,35931
8671,2,4497,14997,38081,20967,14997
8672,6,3042,13542,16324,20218,37059
8673,0,9126,19626,19626,36861,13877
8674,0,2419,12919,12919,39387,19911
8675,0,5085,15585,15585,16035,15748
8676,0,3294,13794,13794,13004,20884
8677,0,6737,17237,17237,20660,38712
8678,0,1500,12000,12000,16776,13104
8679,0,23464,37668,37668,17056,37152
8680,0,9018,19518,19518,37471,11047
8681,0,1521,12021,12021,37442,38609
8682,0,22718,38336,38336,39308,19207
8683,0,25161,35776,35776,11206,12470
8684,1,4232,14732,35291,14732,12475
8685,0,7686,18186,18186,15689,37074
8686,0,8820,19320,19320,38324,18348
8687,0,4430,14930,14930,19608,16768
8688,0,25296,36699,36699,36700,13330
8689,0,390,10890,10890,14983,17754
8690,1,21673,37191,19167,37191,38164
8691,0,25338,39450,39450,19097,15711
8692,0,7124,17624,17624,12871,11239
8693,0,5913,16413,16413,17737,15466
8694,0,24483,36836,36836,13529,17138
8695,0,8592,19092,19092,35797,35679
8696,0,4806,15306,15306,11771,17276
8697,0,22769,38088,38088,12528,36763
8698,1,22216,36205,19211,36205,12037
8699,0,8238,18738,18738,12340,39440
8700,0,8044,18544,18544,10516,36848
8701,0,24213,39330,39330,38278,35518
8702,0,3993,14493,14493,20790,11085
8703,0,23756,36488,36488,13352,38401
8704,4,23373,36572,13506,20149,14485
8705,0,22985,38984,38984,19259,36937
8706,0,6609,17109,17109,37773,17183
8707,0,5319,15819,15819,12634,18922
8708,0,22889,39419,39419,12577,18325
8709,0,7119,17619,17619,37928,11900
8710,0,2421,12921,12921,13885,36931
8711,0,5604,16104,16104,18748,16769
8712,0,1750,12250,12250,38026,19789
8713,1,23117,39389,37830,39389,18724
8714,0,22904,38184,38184,10828,38318
8715,0,22083,36908,36908,37307,19778
8716,0,21458,39230,39230,10878,11351
8717,0,338,10838,10838,17937,38797
8718,0,8407,18907,18907,18640,37599
8719,0,24482,36509,36509,19720,20058
8720,0,1341,11841,11841,11239,37080
8721,0,24872,38975,38975,19047,37953
8722,1,7982,18482,18841,18482,15497
8723,0,22481,36740,36740,16932,37019
8724,0,3640,14140,14140,11926,17626
8725,1,329,10829,36554,10829,17364
8726,0,23201,37905,37905,18129,39406
8727,0,3004,13504,13504,39067,17666
8728,0,6960,17460,17460,13464,17351
8729,0,4090,14590,14590,17412,13371
8730,0,24170,35961,35961,14306,10794
8731,0,9828,20328,20328,16166,16090
8732,0,2322,12822,12822,16801,37805
8733,0,6667,17167,17167,11942,13673
8734,0,7009,17509,17509,15619,36707
8735,0,4197,14697,14697,12637,17785
8736,0,3549,14049,14049,37640,19718
8737,0,9650,20150,20150,35728,18710
8738,0,8363,18863,18863,20506,11429
8739,2,4203,14703,38909,39627,14703
8740,0,23304,38632,38632,38774,35809
8741,0,22058,36415,36415,38567,20067
8742,1,24501,37072,38846,37072,12778
8743,0,22958,38063,38063,15115,39008
8744,1,24107,39057,37471,39057,39577
8745,0,6185,16685,16685,36230,15553
8746,1,1639,12139,13016,12139,16205
8747,0,9130,19630,19630,19564,16249
8748,2,60,10560,20373,12886,10560
8749,0,1240,11740,11740,13661,35802
8750,4,5760,16260,19480,16279,38334
8751,0,5136,15636,15636,15999,20379
8752,0,2343,12843,12843,38421,16649
8753,1,2120,12620,14193,12620,39229
8754,0,1524,12024,12024,13786,37370
8755,1,7617,18117,10624,18117,38777
8756,0,153,10653,10653,16998,20260
8757,0,481,10981,10981,16760,15432
8758,0,6122,16622,16622,17756,36056
8759,0,23406,37306,37306,13619,11798
8760,0,7674,18174,18174,35671,38447
8761,0,7101,17601,17601,39518,12460
8762,0,24289,36766,36766,16515,19121
8763,0,1762,12262,12262,35391,14928
8764,0,8942,19442,19442,19366,15691
8765,0,7715,18215,18215,36289,11288
8766,0,9977,20477,20477,20730,37147
8767,0,22648,38282,38282,11508,38827
8768,0,7479,17979,17979,11743,12274
8769,0,6212,16712,16712,10845,12631
8770,2,24803,37347,14768,39588,37347
8771,0,4853,15353,15353,16673,39157
8772,0,2711,13211,13211,39495,12540
8773,0,6766,17266,17266,19342,20729
8774,0,4150,14650,14650,37809,19307
8775,0,23108,37039,37039,19782,13737
8776,0,1333,11833,11833,36795,36154
8777,0,22869,38778,38778,12054,19595
8778,0,21440,35700,35700,39084,13220
8779,1,8378,18878,37829,18878,37585
8780,0,9328,19828,19828,35387,35386
8781,0,24527,38746,38746,38661,36942
8782,0,22630,39213,39213,38475,12367
8783,2,10250,20750,15781,39601,20750
8784,0,22845,39428,39428,20197,20752
8785,0,3850,14350,14350,19086,17924
8786,0,8340,18840,18840,36807,38447
8787,0,4124,14624,14624,37493,14254
8788,0,21354,37735,37735,35407,14805
8789,0,25051,38104,38104,12702,14607
8790,0,23621,36209,36209,19090,18988
8791,0,4788,15288,15288,14912,12149
8792,0,2866,13366,13366,35620,10809
8793,1,22362,36622,39099,36622,37259
8794,0,1386,11886,11886,17966,18652
8795,1,5941,16441,13696,16441,17255
8796,1,3067,13567,39470,13567,14773
8797,1,24672,38249,14201,38249,18631
8798,0,3629,14129,14129,39550,35368
8799,0,23617,38853,38853,12874,38634
8800,0,24316,37643,37643,39101,19797
8801,2,24669,38081,14997,37764,38081
8802,1,3028,13528,13848,13528,11221
8803,0,2969,13469,13469,36935,37601
8804,0,24924,36318,36318,12496,35581
8805,0,9900,20400,20400,10831,13952
8806,0,21827,35799,35799,14211,15037
8807,0,8646,19146,19146,39317,37867
8808,0,6136,16636,16636,14771,14644
8809,0,8801,19301,19301,14977,17950
8810,0,4263,14763,14763,12357,11466
8811,0,24961,37672,37672,11155,17885
8812,0,645,11145,11145,14819,17632
8813,0,25138,39144,39144,14247,16085
8814,0,2074,12574,12574,19470,38962
8815,0,25358,36898,36898,36570,39070
8816,0,341,10841,10841,39140,11163
8817,0,8041,18541,18541,11275,20246
8818,0,1622,12122,12122,38299,19667
8819,0,23467,37529,37529,18062,37674
8820,0,7141,17641,17641,18665,18435
8821,0,5796,16296,16296,13265,12254
8822,0,7184,17684,17684,17814,13494
8823,0,21666,38656,38656,38758,38994
8824,4,8232,18732,18161,14340,14805
8825,0,5475,15975,15975,18011,13387
8826,0,10281,20781,20781,14177,19005
8827,0,24859,36770,36770,14544,39576
8828,3,10367,20867,38360,18583,37395
8829,0,24369,38547,38547,39302,38006
8830,0,74,10574,10574,20771,18116
8831,1,21780,39496,19636,39496,19997
8832,0,23145,39549,39549,36352,20491
8833,0,21376,35503,35503,16660,18860
8834,0,21720,36026,36026,20336,11559
8835,0,10268,20768,20768,36095,20093
8836,0,8633,19133,19133,14933,16337
8837,51,24266,38506,15596,14379,16230
8838,0,2051,12551,12551,37754,37832
8839,0,2541,13041,13041,12110,12893
8840,0,1301,11801,11801,38680,15846
8841,0,5877,16377,16377,10875,39444
8842,0,7368,17868,17868,15856,20867
8843,0,23584,36276,36276,11388,13950
8844,0,1304,11804,11804,38460,20922
8845,0,8428,18928,18928,36228,14820
8846,0,22609,38299,38299,19667,12122
8847,0,2599,13099,13099,15667,16756
8848,0,25101,37462,37462,13659,10977
8849,0,2573,13073,13073,18253,19327
8850,0,21859,36126,36126,11832,11900
8851,0,3186,13686,13686,38939,13445
8852,0,24683,36799,36799,38966,17678
8853,0,2768,13268,13268,18627,37510
8854,0,4831,15331,15331,12436,19353
8855,0,4223,14723,14723,13499,18298
8856,0,25404,39137,39137,35582,17254
8857,0,2106,12606,12606,14965,35408
8858,0,2679,13179,13179,35445,36068
8859,0,21151,35607,35607,18893,12390
8860,0,22422,37534,37534,38153,14657
8861,0,1387,11887,11887,10921,16253
8862,0,21803,39171,39171,16497,12687
8863,0,22541,38900,38900,15354,18255
8864,0,22620,38055,38055,11652,35770
8865,0,24521,39152,39152,38388,12276
8866,0,7083,17583,17583,36978,38656
8867,4,24441,38018,13445,13686,38939
8868,0,21244,37846,37846,19513,13219
8869,0,1279,11779,11779,36790,12215
8870,10,23809,37875,17025,11971,15134
8871,0,804,11304,11304,13070,14651
8872,0,1555,12055,12055,15010,18462
8873,0,22523,38894,38894,38401,13352
8874,0,21453,36036,36036,20638,16539
8875,0,4566,15066,15066,19050,14270
8876,2,24878,37648,16700,20897,37648
8877,0,22793,39165,39165,13757,37220
8878,0,4841,15341,15341,15299,13639
8879,0,3594,14094,14094,17439,18734
8880,0,6035,16535,16535,36716,13591
8881,0,6852,17352,17352,15586,36192
8882,0,10112,20612,20612,12308,36989
8883,2,8705,19205,14236,17123,19205
8884,6,4177,14677,37433,15661,11446
8885,0,1308,11808,11808,20142,12940
8886,0,9106,19606,19606,12429,18815
8887,0,3452,13952,13952,20400,10831
8888,0,3695,14195,14195,16018,18038
8889,0,4242,14742,14742,17030,15498
8890,0,25349,36002,36002,20301,38298
8891,0,2198,12698,12698,13029,18364
8892,2,8966,19466,18369,39248,19466
8893,0,4425,14925,14925,16593,37408
8894,0,6150,16650,16650,14498,20914
8895,0,943,11443,11443,15091,38856
8896,0,822,11322,11322,36966,14150
8897,0,5005,15505,15505,20772,37874
8898,0,6612,17112,17112,13635,38257
8899,0,24376,37123,37123,38757,16512
8900,0,8356,18856,18856,17756,12355
8901,0,5619,16119,16119,14643,35765
8902,0,4547,15047,15047,36299,12809
8903,23,25322,36829,35707,15589,13052
8904,0,2538,13038,13038,35710,35656
8905,0,21118,39287,39287,38453,17162
8906,0,9503,20003,20003,12320,10626
8907,0,5207,15707,15707,38434,17937
8908,6,24698,38933,39167,15533,11945
8909,0,22144,38175,38175,17629,12606
8910,0,3054,13554,13554,16473,36692
8911,0,3675,14175,14175,12082,39111
8912,0,7776,18276,18276,38939,19721
8913,16,7218,17718,15752,39205,16617
8914,0,6722,17222,17222,37030,13800
8915,0,3300,13800,13800,17222,15743
8916,0,3310,13810,13810,14244,11604
8917,0,7221,17721,17721,17125,38740
8918,0,8519,19019,19019,38085,11650
8919,0,22696,35336,35336,37528,11266
8920,1,5954,16454,18645,16454,14138
8921,0,23420,35652,35652,14188,35545
8922,0,24225,37254,37254,37231,19897
8923,0,832,11332,11332,18741,15298
8924,0,23449,35925,35925,14161,10962
8925,0,3462,13962,13962,38801,38759
8926,0,21561,38657,38657,17909,19654
8927,1,7643,18143,19496,18143,14187
8928,0,54,10554,10554,35891,14229
8929,0,25416,36910,36910,36142,36526
8930,0,3451,13951,13951,36726,14348
8931,0,6305,16805,16805,39505,20444
8932,0,10093,20593,20593,16016,17442
8933,0,1481,11981,11981,37438,38604
8934,0,4873,15373,15373,12730,17885
8935,13,25260,37741,19247,39353,38911
8936,0,8038,18538,18538,12395,17977
8937,0,25374,36996,36996,20001,18713
8938,0,3335,13835,13835,14024,17801
8939,0,6016,16516,16516,14383,38765
8940,0,4926,15426,15426,19445,14551
8941,0,9138,19638,19638,18802,16295
8942,0,5797,16297,16297,13907,20375
8943,0,23598,36139,36139,13574,11507
8944,1,10353,20853,38627,20853,20905
8945,0,21869,39402,39402,35253,19252
8946,0,5083,15583,15583,12938,19189
8947,0,6645,17145,17145,15081,12415
8948,0,23261,37135,37135,15933,18482
8949,0,25364,35903,35903,36755,15610
8950,1,5490,15990,39384,15990,11463
8951,0,768,11268,11268,12167,16599
8952,0,2065,12565,12565,15390,15709
8953,8,24020,38912,11347,17990,13136
8954,0,21066,36341,36341,15536,10578
8955,0,7311,17811,17811,11637,10866
8956,0,8477,18977,18977,19969,11253
8957,0,25477,39563,39563,39597,14960
8958,6,4524,15024,12181,16974,12352
8959,0,21607,36222,36222,38968,18322
8960,0,21915,35178,35178,15225,38701
8961,0,2717,13217,13217,16698,39427
8962,0,2079,12579,12579,18290,20210
8963,0,21034,36235,36235,10706,17378
8964,0,8914,19414,19414,18276,18036
8965,0,951,11451,11451,13550,11008
8966,10,8058,18558,18387,11275,18743
8967,0,2482,12982,12982,14469,10770
8968,0,10454,20954,20954,15136,15564
8969,0,9181,19681,19681,36850,19985
8970,0,21127,36058,36058,18245,36281
8971,0,1759,12259,12259,15433,38566
8972,0,9984,20484,20484,15437,20475
8973,0,4422,14922,14922,11595,18650
8974,0,6704,17204,17204,18386,18274
8975,0,9916,20416,20416,36188,19213
8976,0,5182,15682,15682,37068,17815
8977,0,8533,19033,19033,37949,37667
8978,1,3701,14201,18631,14201,36074
8979,0,4243,14743,14743,14482,37738
8980,0,688,11188,11188,15089,13467
8981,1,3432,13932,19980,13932,37053
8982,0,21503,38049,38049,16544,17178
8983,0,4944,15444,15444,14954,36479
8984,0,966,11466,11466,14763,16867
8985,0,24240,39214,39214,17791,12600
8986,0,25035,38891,38891,13072,20524
8987,0,10395,20895,20895,13618,10842
8988,0,2713,13213,13213,20006,36597
8989,0,4757,15257,15257,14361,13830
8990,0,21522,37944,37944,16042,37128
8991,0,23578,37004,37004,38910,13674
8992,0,23135,38977,38977,18524,16036
8993,0,6320,16820,16820,38241,35803
8994,0,24142,38126,38126,37405,13520
8995,0,5975,16475,16475,11072,37196
8996,1,3572,14072,17921,14072,11114
8997,0,22138,37651,37651,39225,12777
8998,0,5299,15799,15799,11435,18970
8999,0,1990,12490,12490,39565,10802
9000,0,22006,36966,36966,20572,11322
9001,0,21219,37605,37605,16117,17596
9002,0,1205,11705,11705,39034,13557
9003,0,24606,38144,38144,39398,20165
9004,0,21904,37704,37704,35966,35965
9005,0,4971,15471,15471,13567,36828
9006,0,22875,39242,39242,17545,20980
9007,0,23232,37880,37880,16822,37052
9008,0,6783,17283,17283,19632,14238
9009,0,3600,14100,14100,10628,38733
9010,0,6490,16990,16990,15572,37901
9011,0,8609,19109,19109,13478,20156
9012,0,22891,39619,39619,18335,17780
9013,1,21883,38224,12991,38224,16704
9014,0,8070,18570,18570,18079,11271
9015,0,8577,19077,19077,14960,14183
9016,0,7973,18473,18473,15483,38600
9017,0,23327,38628,38628,17005,12884
9018,0,1625,12125,12125,37902,10933
9019,0,536,11036,11036,15380,38955
9020,0,8766,19266,19266,13552,13998
9021,0,7970,18470,18470,35272,37112
9022,0,22446,37878,37878,37457,18167
9023,4,4212,14712,37569,18956,11936
9024,0,6456,16956,16956,17764,16772
9025,0,3507,14007,14007,37922,20018
9026,0,8393,18893,18893,35607,15315
9027,8,9524,20024,11665,10724,12400
9028,0,7112,17612,17612,17355,13042
9029,0,25093,36348,36348,38946,16630
9030,0,2708,13208,13208,12333,18923
9031,8,5031,15531,10569,14370,39161
9032,1,6514,17014,35432,17014,12403
9033,0,4662,15162,15162,11096,13792
9034,0,4021,14521,14521,12713,20805
9035,0,1854,12354,12354,17928,20758
9036,0,23460,38806,38806,17929,20397
9037,0,2872,13372,13372,12592,20093
9038,0,3030,13530,13530,11431,18340
9039,2,9397,19897,20897,16700,19897
9040,0,1645,12145,12145,37187,17679
9041,0,3417,13917,13917,36969,20624
9042,0,3476,13976,13976,37958,20919
9043,0,22137,38985,38985,12156,37360
9044,0,22091,35707,35707,19580,13052
9045,9,1792,12292,17252,15951,35218
9046,0,3797,14297,14297,15923,37577
9047,0,3368,13868,13868,11406,19424
9048,0,25316,36213,36213,37803,35623
9049,0,21283,36379,36379,37505,35566
9050,0,7196,17696,17696,19633,15241
9051,3,21962,39124,17942,20625,14725
9052,0,5109,15609,15609,38182,17144
9053,0,6024,16524,16524,20166,11221
9054,0,22873,36295,36295,12298,38924
9055,0,8795,19295,19295,12608,35200
9056,0,24286,35902,35902,20185,12289
9057,0,24334,38605,38605,16038,37361
9058,0,126,10626,10626,20003,20262
9059,10,5959,16459,38804,16540,14128
9060,0,3876,14376,14376,10728,12071
9061,2,23956,35781,19087,17680,35781
9062,0,4451,14951,14951,15146,19757
9063,0,7147,17647,17647,18390,39497
9064,0,3531,14031,14031,35579,37424
9065,0,24064,35576,35576,36682,11284
9066,2,827,11327,19774,13771,11327
9067,0,9831,20331,20331,17428,19918
9068,2,7790,18290,36755,35903,18290
9069,0,984,11484,11484,11132,11399
9070,16,23005,36127,17085,37485,37713
9071,0,25049,35851,35851,37550,20661
9072,0,7783,18283,18283,16285,35702
9073,19,10380,20880,15622,38846,18859
9074,0,22454,39029,39029,13671,36608
9075,3,2443,12943,13944,15952,12893
9076,0,8554,19054,19054,13629,38200
9077,0,21933,35195,35195,38326,19611
9078,0,345,10845,10845,11758,12742
9079,0,814,11314,11314,35453,35452
9080,0,6166,16666,16666,36946,20135
9081,1,21277,37653,36360,37653,38243
9082,0,21462,36051,36051,12168,13770
9083,7,22316,38275,20831,37854,39612
9084,5,21499,39324,16664,36639,13858
9085,0,25353,36171,36171,14542,16301
9086,0,21721,36952,36952,13801,17537
9087,10,5779,16279,19480,37313,39361
9088,0,2116,12616,12616,19952,37088
9089,0,10026,20526,20526,17925,20047
9090,0,793,11293,11293,36573,36165
9091,0,22104,39574,39574,15604,18144
9092,1,6898,17398,10884,17398,12681
9093,5,2674,13174,17025,14945,15198
9094,0,94,10594,10594,20942,20178
9095,0,4225,14725,14725,17942,39124
9096,0,3756,14256,14256,17835,38623
9097,0,2891,13391,13391,37088,17986
9098,0,2371,12871,12871,17624,11841
9099,3,21008,36074,18631,14201,38249
9100,0,22247,38744,38744,16702,16555
9101,0,3228,13728,13728,19614,12800
9102,0,7863,18363,18363,14772,13571
9103,0,6359,16859,16859,14824,36956
9104,0,22363,39400,39400,14200,12160
9105,0,22490,37756,37756,19489,17039
9106,0,7326,17826,17826,39498,19509
9107,0,6028,16528,16528,13486,11903
9108,0,23316,35699,35699,36433,38584
9109,0,22152,38083,38083,14680,35453
9110,0,21691,35758,35758,17155,18311
9111,0,1865,12365,12365,17013,35326
9112,0,4612,15112,15112,38681,10693
9113,0,10049,20549,20549,18676,37459
9114,0,2645,13145,13145,38708,39048
9115,0,2243,12743,12743,36188,10605
9116,0,5373,15873,15873,12245,15154
9117,0,2336,12836,12836,16501,13901
9118,0,950,11450,11450,36231,17311
9119,0,24180,35914,35914,35658,16331
9120,4,1120,11620,15747,36624,15000
9121,0,21975,35443,35443,35444,37128
9122,0,2204,12704,12704,38705,15175
9123,0,419,10919,10919,36577,37309
9124,2,922,11422,15170,37690,11422
9125,0,9446,19946,19946,35379,35380
9126,0,8669,19169,19169,35197,15865
9127,0,10227,20727,20727,14226,11519
9128,0,5408,15908,15908,18821,36357
9129,0,5788,16288,16288,20821,38135
9130,5,5742,16242,18922,14277,12783
9131,0,7667,18167,18167,15887,37306
9132,0,5567,16067,16067,20214,36273
9133,0,8135,18635,18635,13765,13029
9134,0,1202,11702,11702,13252,12332
9135,0,25428,35472,35472,14174,16730
9136,0,5765,16265,16265,17313,20743
9137,0,8389,18889,18889,37918,13641
9138,0,1970,12470,12470,35776,11206
9139,2,21781,35956,13008,39609,35956
9140,0,4018,14518,14518,37420,14213
9141,1,10343,20843,12292,20843,14435
9142,0,3687,14187,14187,18143,15322
9143,0,24810,37762,37762,11142,16795
9144,0,1997,12497,12497,37908,39443
9145,0,4033,14533,14533,18566,13989
9146,0,22361,39500,39500,11150,35246
9147,0,23493,35900,35900,11943,18312
9148,2,1248,11748,36049,13566,11748
9149,47,2192,12692,39494,14918,16412
9150,0,2712,13212,13212,20262,13367
9151,0,9184,19684,19684,13964,13165
9152,0,2190,12690,12690,16548,11767
9153,3,4670,15170,11422,37690,11842
9154,15,5142,15642,35470,36208,13778
9155,0,5984,16484,16484,13835,13796
9156,0,6565,17065,17065,16143,19445
9157,0,7804,18304,18304,39227,10836
9158,0,24894,36608,36608,39029,20140
9159,0,6943,17443,17443,13221,20325
9160,0,24994,36443,36443,14044,12042
9161,1,23720,37557,38218,37557,12467
9162,0,9510,20010,20010,13617,18764
9163,0,10055,20555,20555,12824,36301
9164,2,24046,35189,12648,19569,35189
9165,0,23211,35295,35295,13679,11282
9166,0,2136,12636,12636,14425,14751
9167,0,1065,11565,11565,18204,16560
9168,0,600,11100,11100,20764,16582
9169,0,4227,14727,14727,38538,37053
9170,0,24781,35467,35467,37825,19511
9171,0,7577,18077,18077,12813,35666
9172,0,77,10577,10577,13274,12328
9173,0,7546,18046,18046,13077,12515
9174,0,2898,13398,13398,14288,10524
9175,1,4820,15320,36685,15320,15043
9176,1,9506,20006,36597,20006,13213
9177,0,23797,38619,38619,36516,38953
9178,0,6413,16913,16913,11925,19835
9179,0,9444,19944,19944,17655,17767
9180,0,9064,19564,19564,16249,37815
9181,0,23501,36696,36696,37586,20088
9182,0,8007,18507,18507,13555,17277
9183,0,5468,15968,15968,18714,19819
9184,0,5951,16451,16451,13487,14651
9185,0,23847,39307,39307,15678,19870
9186,0,21920,35811,35811,18834,16277
9187,0,3391,13891,13891,14527,10975
9188,0,5415,15915,15915,17174,35452
9189,0,2560,13060,13060,35419,35418
9190,1,21407,39490,19976,39490,37729
9191,0,8162,18662,18662,36809,11001
9192,0,2635,13135,13135,38269,20443
9193,1,5256,15756,19576,15756,15467
9194,0,3530,14030,14030,17262,16949
9195,0,8567,19067,19067,19852,19919
9196,0,1908,12408,12408,13649,38994
9197,0,23724,37275,37275,38603,17055
9198,0,23934,38560,38560,12160,39400
9199,0,235,10735,10735,16546,14154
9200,0,22328,36873,36873,13832,38722
9201,2,1604,12104,19834,15888,12104
9202,3,7984,18484,17537,36624,11499
9203,5,9310,19810,36876,18806,17154
9204,0,23611,36523,36523,11712,16711
9205,0,3490,13990,13990,12934,17852
9206,0,24597,39434,39434,16288,20821
9207,0,22464,35804,35804,20132,15151
9208,0,1994,12494,12494,15506,38043
9209,0,2824,13324,13324,19075,11784
9210,1,22499,38595,38713,38595,17064
9211,2,24916,35222,36913,36018,35222
9212,0,1342,11842,11842,13854,35988
9213,1,8512,19012,15237,19012,17283
9214,0,1619,12119,12119,18552,17175
9215,0,21078,36559,36559,13499,36726
9216,0,5287,15787,15787,20045,39532
9217,0,2060,12560,12560,19605,16751
9218,0,22788,39586,39586,16175,15896
9219,0,2219,12719,12719,18405,15982
9220,0,9865,20365,20365,18430,13273
9221,0,6038,16538,16538,16424,38538
9222,0,260,10760,10760,13000,35676
9223,0,24059,38714,38714,18044,17690
9224,0,10231,20731,20731,18263,37369
9225,0,23609,37631,37631,20712,12044
9226,0,9093,19593,19593,16860,14412
9227,0,3744,14244,14244,13810,14724
9228,0,2026,12526,12526,15605,36117
9229,0,6988,17488,17488,18904,38439
9230,12,4234,14734,15803,16765,17861
9231,0,1917,12417,12417,12685,13512
9232,0,1828,12328,12328,13274,36163
9233,0,9765,20265,20265,12107,17880
9234,0,25410,37261,37261,37347,39588
9235,0,23733,37595,37595,20151,18080
9236,0,6233,16733,16733,15011,11052
9237,1,24186,38666,14958,38666,38207
9238,0,23787,37500,37500,10962,36929
9239,0,6283,16783,16783,18895,13080
9240,0,4208,14708,14708,12685,36539
9241,0,22112,37473,37473,37472,15608
9242,37,224,10724,39653,20226,18325
9243,0,8915,19415,19415,36377,17051
9244,0,10002,20502,20502,13195,19879
9245,0,9333,19833,19833,19999,35654
9246,0,21073,38375,38375,12251,35233
9247,0,6469,16969,16969,14846,18741
9248,0,24246,38789,38789,19900,15528
9249,0,24813,38400,38400,37499,20284
9250,0,24445,39250,39250,17908,15509
9251,0,21154,35608,35608,37504,17383
9252,0,846,11346,11346,18760,36871
9253,0,4289,14789,14789,13339,11438
9254,19,5560,16060,12722,36398,20214
9255,0,22170,37888,37888,16729,17890
9256,0,2551,13051,13051,37516,35737
9257,0,24978,35774,35774,14429,37040
9258,13,117,10617,15309,36814,11489
9259,3,8837,19337,17025,20867,15198
9260,0,5966,16466,16466,11353,20526
9261,0,8195,18695,18695,14195,39267
9262,0,24936,37016,37016,37331,20710
9263,0,8659,19159,19159,36240,20100
9264,0,7489,17989,17989,17732,38751
9265,0,5,10505,10505,37804,38222
9266,0,5342,15842,15842,35429,15074
9267,0,9111,19611,19611,18836,38326
9268,0,22988,35441,35441,14345,15685
9269,0,4324,14824,14824,17847,17407
9270,0,1063,11563,11563,16077,13381
9271,0,2590,13090,13090,14561,15740
9272,0,8434,18934,18934,20441,15768
9273,0,21608,37700,37700,11821,15527
9274,0,9352,19852,19852,19919,19067
9275,0,21630,35716,35716,16960,14987
9276,1,3735,14235,12497,14235,16128
9277,0,22747,35243,35243,35646,16176
9278,5,3517,14017,19193,15405,15426
9279,0,6986,17486,17486,38529,12442
9280,0,21321,36267,36267,13186,16973
9281,1,24435,35409,36404,35409,37939
9282,0,6767,17267,17267,13845,12635
9283,1,5622,16122,35523,16122,37943
9284,0,1605,12105,12105,20368,13470
9285,0,1733,12233,12233,35391,10632
9286,0,25016,35170,35170,20747,15456
9287,0,24057,35555,35555,20644,35616
9288,0,24677,38677,38677,38591,13345
9289,0,9504,20004,20004,36686,16983
9290,0,22456,36294,36294,35963,36394
9291,0,3812,14312,14312,16788,36136
9292,0,21365,39101,39101,37643,13100
9293,0,23657,35208,35208,35161,15613
9294,0,10167,20667,20667,35849,17510
9295,0,23601,36360,36360,11746,37653
9296,0,1761,12261,12261,38659,14819
9297,69,5401,15901,35772,11209,14424
9298,2,2739,13239,17711,35997,13239
9299,0,21099,39109,39109,19982,12350
9300,0,2472,12972,12972,16648,17986
9301,0,6738,17238,17238,36254,15701
9302,1,6891,17391,20642,17391,12466
9303,0,23226,36853,36853,36664,19319
9304,0,7943,18443,18443,13523,36752
9305,0,23945,37564,37564,13079,36661
9306,0,9685,20185,20185,35902,20764
9307,1,4206,14706,38332,14706,36600
9308,0,6371,16871,16871,20985,18225
9309,0,10350,20850,20850,20703,11707
9310,1,9361,19861,15527,19861,11821
9311,0,10348,20848,20848,10744,13763
9312,0,232,10732,10732,17035,16405
9313,0,8258,18758,18758,11631,37144
9314,1,7561,18061,37590,18061,20389
9315,0,9795,20295,20295,16179,11198
9316,0,6168,16668,16668,38648,10575
9317,0,23295,36129,36129,14472,14683
9318,0,3596,14096,14096,12708,14341
9319,0,6288,16788,16788,14312,10542
9320,0,4632,15132,15132,11347,38912
9321,0,125,10625,10625,16752,38708
9322,0,7641,18141,18141,20635,17639
9323,0,6229,16729,16729,12776,17890
9324,0,25332,38196,38196,37642,17019
9325,0,1296,11796,11796,12785,39511
9326,0,1976,12476,12476,37330,11095
9327,7,23938,38885,35956,37404,20260
9328,0,23505,38824,38824,15141,36896
9329,0,10267,20767,20767,17259,36038
9330,0,21311,37426,37426,16488,12728
9331,0,5750,16250,16250,16495,15131
9332,0,8152,18652,18652,36981,11886
9333,0,21179,39215,39215,11924,13171
9334,0,3086,13586,13586,38269,37571
9335,0,24326,38581,38581,13678,12074
9336,0,6882,17382,17382,17299,10736
9337,0,22007,38623,38623,15709,17378
9338,0,7673,18173,18173,14106,16010
9339,0,3345,13845,13845,17267,12635
9340,0,8172,18672,18672,15189,36333
9341,0,21531,38800,38800,11337,14080
9342,0,5870,16370,16370,16876,10637
9343,0,6506,17006,17006,16995,39625
9344,0,2797,13297,13297,35295,14036
9345,0,918,11418,11418,15552,39590
9346,0,1646,12146,12146,11863,20207
9347,4,5122,15622,20709,14153,19836
9348,0,5126,15626,15626,38082,38242
9349,0,25420,37824,37824,14093,15086
9350,0,23385,38277,38277,10863,11939
9351,0,4621,15121,15121,35528,35324
9352,0,6809,17309,17309,15430,14799
9353,1,364,10864,39200,10864,13255
9354,0,24232,36133,36133,14167,11616
9355,0,2125,12625,12625,11195,37371
9356,0,8150,18650,18650,11595,37084
9357,0,25177,36969,36969,20624,13917
9358,0,22094,37415,37415,16144,38211
9359,0,8717,19217,19217,36923,10565
9360,0,22711,37667,37667,19412,36785
9361,1,55,10555,17331,10555,17893
9362,0,638,11138,11138,17142,39476
9363,0,302,10802,10802,39565,16610
9364,0,21931,35612,35612,18520,20828
9365,1,5811,16311,38867,16311,39345
9366,0,1276,11776,11776,35240,15991
9367,0,25025,37566,37566,36343,12410
9368,0,10247,20747,20747,36102,35170
9369,0,23236,38222,38222,12412,19543
9370,0,23184,37991,37991,10777,15161
9371,0,4432,14932,14932,36373,36462
9372,0,3644,14144,14144,39577,16419
9373,0,4143,14643,14643,35765,16119
9374,0,2878,13378,13378,37952,15834
9375,0,21887,37048,37048,35726,39639
9376,0,6493,16993,16993,18714,38489
9377,0,23571,38021,38021,35656,20178
9378,0,10478,20978,20978,15679,38614
9379,0,10453,20953,20953,36175,35731
9380,0,5240,15740,15740,13090,11404
9381,0,25187,38774,38774,19766,38632
9382,0,10488,20988,20988,36867,39430
9383,0,6937,17437,17437,11941,37889
9384,0,7240,17740,17740,15158,12321
9385,0,9945,20445,20445,35683,10743
9386,0,21865,38043,38043,20742,16909
9387,0,10160,20660,20660,17237,11861
9388,0,2593,13093,13093,19433,39039
9389,0,21253,35963,35963,36294,36394
9390,0,2393,12893,12893,13041,19309
9391,0,523,11023,11023,17114,10959
9392,0,6376,16876,16876,16370,20711
9393,0,6981,17481,17481,15557,36697
9394,0,23469,38370,38370,11555,18205
9395,0,6677,17177,17177,14084,14678
9396,0,3900,14400,14400,36180,19456
9397,0,21355,39114,39114,36238,20591
9398,0,22881,37545,37545,20083,16808
9399,0,5585,16085,16085,39144,14440
9400,0,24912,38708,38708,13145,16752
9401,0,7956,18456,18456,35324,16902
9402,0,7570,18070,18070,13625,14004
9403,0,21834,35968,35968,12996,15932
9404,0,6777,17277,17277,13346,13555
9405,0,21961,37002,37002,20397,20771
9406,0,10161,20661,20661,35851,37550
9407,0,671,11171,11171,37144,18758
9408,0,4188,14688,14688,18202,36290
9409,0,666,11166,11166,12849,20360
9410,0,3266,13766,13766,36905,37222
9411,0,1887,12387,12387,16970,14114
9412,3,22068,36112,37301,19045,10813
9413,8,8472,18972,38629,12446,13771
9414,0,9911,20411,20411,14469,10770
9415,6,24368,35793,39383,13779,15769
9416,0,23544,37301,37301,14155,35290
9417,0,9091,19591,19591,15751,37833
9418,0,7687,18187,18187,18923,37326
9419,16,6031,16531,37173,11037,14868
9420,0,23158,39408,39408,16790,13011
9421,0,6090,16590,16590,36745,16765
9422,0,6238,16738,16738,17796,16073
9423,0,7350,17850,17850,16039,35891
9424,0,7830,18330,18330,12805,19986
9425,0,760,11260,11260,17874,11270
9426,0,6254,16754,16754,18613,35395
9427,0,1906,12406,12406,13641,37142
9428,0,24099,36888,36888,13383,19228
9429,0,25313,36669,36669,16091,19755
9430,2,22584,36984,14453,15241,36984
9431,0,3818,14318,14318,18754,10758
9432,0,6269,16769,16769,15141,16104
9433,6,4300,14800,11438,14789,13339
9434,0,5569,16069,16069,12256,38370
9435,0,7941,18441,18441,19041,17677
9436,0,21773,35439,35439,37739,20435
9437,0,4164,14664,14664,19463,15825
9438,0,24203,35877,35877,35993,36214
9439,1,5971,16471,17119,16471,12004
9440,1,3579,14079,14805,14079,35835
9441,0,2832,13332,13332,11259,14244
9442,0,5449,15949,15949,14243,14382
9443,0,3472,13972,13972,11840,18095
9444,0,6327,16827,16827,20137,19110
9445,0,137,10637,10637,16370,12634
9446,0,7043,17543,17543,12336,13158
9447,0,4892,15392,15392,18259,10794
9448,0,2180,12680,12680,14621,18083
9449,0,10320,20820,20820,11741,12000
9450,0,7730,18230,18230,36494,37831
9451,16,3177,13677,17689,14682,39212
9452,0,4854,15354,15354,38900,15120
9453,0,4637,15137,15137,13489,16365
9454,0,5115,15615,15615,15325,18904
9455,0,21398,38859,38859,13639,39265
9456,0,7648,18148,18148,20110,38507
9457,0,4261,14761,14761,37210,35357
9458,0,22129,37190,37190,19399,12235
9459,2,1331,11831,13928,16274,11831
9460,0,10209,20709,20709,14153,36907
9461,0,23131,37388,37388,19907,10958
9462,0,24725,35328,35328,15556,16987
9463,0,7002,17502,17502,13709,38653
9464,0,9550,20050,20050,36875,12838
9465,0,6941,17441,17441,18396,19950
9466,0,8017,18517,18517,11601,17898
9467,0,6241,16741,16741,16917,13322
9468,1,9521,20021,38075,20021,14072
9469,0,21303,39631,39631,14576,10676
9470,0,6881,17381,17381,36990,39254
9471,0,21777,37705,37705,35852,19947
9472,0,10342,20842,20842,16132,20675
9473,0,4530,15030,15030,35829,20218
9474,0,10314,20814,20814,39343,20997
9475,0,4673,15173,15173,12415,13863
9476,0,24216,36827,36827,12763,13453
9477,0,6996,17496,17496,17311,16006
9478,0,1252,11752,11752,20214,36273
9479,1,22879,36124,37105,36124,18175
9480,0,3374,13874,13874,18567,18776
9481,0,2814,13314,13314,18698,14881
9482,0,4719,15219,15219,19872,36888
9483,8,6544,17044,15183,17907,13764
9484,0,10040,20540,20540,17328,19812
9485,0,4858,15358,15358,36862,35166
9486,0,7901,18401,18401,19604,13994
9487,0,21719,35883,35883,20599,17304
9488,0,8580,19080,19080,12562,19424
9489,0,8427,18927,18927,16244,10992
9490,0,1077,11577,11577,39591,18589
9491,0,10176,20676,20676,19545,18831
9492,0,4363,14863,14863,13761,17861
9493,1,23582,36808,20372,36808,37038
9494,0,770,11270,11270,13329,13174
9495,0,10357,20857,20857,11594,11552
9496,0,23922,37379,37379,36451,11890
9497,0,8865,19365,19365,19708,20456
9498,0,249,10749,10749,35377,38214
9499,44,9766,20266,13907,14068,17689
9500,0,7239,17739,17739,13551,17741
9501,0,3419,13919,13919,19061,12648
9502,0,10273,20773,20773,18113,11830
9503,0,10015,20515,20515,35307,15265
9504,1,21385,39061,10725,39061,15011
9505,0,4976,15476,15476,36392,18510
9506,0,4544,15044,15044,16459,39412
9507,0,5565,16065,16065,38170,16719
9508,0,7939,18439,18439,17067,15480
9509,0,716,11216,11216,36951,13914
9510,0,24889,39142,39142,17340,14638
9511,1,21895,36992,10850,36992,14365
9512,0,2048,12548,12548,14137,36012
9513,0,5997,16497,16497,39171,20158
9514,0,6600,17100,17100,10737,36936
9515,0,7245,17745,17745,12327,37743
9516,0,23106,38110,38110,19950,11589
9517,0,4178,14678,14678,36142,17177
9518,426,4809,15309,39243,13196,13387
9519,1,21582,35570,19628,35570,18182
9520,0,23952,38889,38889,11536,14136
9521,0,7140,17640,17640,12793,37879
9522,0,7190,17690,17690,17174,38714
9523,0,1460,11960,11960,13942,14263
9524,0,5989,16489,16489,20019,20136
9525,0,9860,20360,20360,12849,16771
9526,0,23702,35602,35602,12979,12237
9527,0,2000,12500,12500,38809,37890
9528,0,22771,37417,37417,17894,11306
9529,9,25130,37459,20024,10587,38938
9530,2,8175,18675,13058,16087,18675
9531,1,404,10904,11005,10904,13325
9532,2,384,10884,17398,17993,10884
9533,0,21480,38839,38839,13293,36206
9534,0,24569,38895,38895,11461,20217
9535,3,10344,20844,19638,11102,16295
9536,0,1633,12133,12133,12251,37700
9537,0,22803,38989,38989,14347,15194
9538,0,22463,38426,38426,35346,35649
9539,0,4784,15284,15284,19278,20333
9540,0,22021,38854,38854,37107,37411
9541,57,6970,17470,15263,35301,14724
9542,0,3925,14425,14425,12636,14751
9543,0,25017,38182,38182,17297,11514
9544,0,4158,14658,14658,13249,16726
9545,0,7449,17949,17949,37680,11705
9546,0,25266,37794,37794,37443,38497
9547,0,24847,38204,38204,14069,37413
9548,0,8415,18915,18915,39459,16970
9549,4,2193,12693,39610,15426,14017
9550,0,21460,35982,35982,20131,13149
9551,0,24305,37315,37315,19515,35915
9552,0,10016,20516,20516,38595,12931
9553,0,1015,11515,11515,19736,20315
9554,0,5124,15624,15624,13087,11303
9555,0,22833,37818,37818,20885,16693
9556,0,7418,17918,17918,16915,18863
9557,0,7409,17909,17909,38657,19654
9558,0,8989,19489,19489,18493,37756
9559,0,2871,13371,13371,19199,14590
9560,0,9,10509,10509,35546,37208
9561,0,10136,20636,20636,20955,19007
9562,0,1838,12338,12338,17965,10865
9563,5,4804,15304,17217,18679,15210
9564,0,255,10755,10755,35601,37098
9565,0,7026,17526,17526,19427,39008
9566,0,5713,16213,16213,17981,17539
9567,0,22027,37331,37331,37016,18150
9568,0,3324,13824,13824,12149,11358
9569,0,7714,18214,18214,20617,14970
9570,3,1581,12081,14550,37227,16325
9571,0,22373,35802,35802,20704,10744
9572,5,924,11424,14141,17336,38740
9573,0,2779,13279,13279,37894,18364
9574,0,25278,35354,35354,35355,11838
9575,0,7891,18391,18391,39350,14727
9576,1,6132,16632,11440,16632,17027
9577,0,24475,37870,37870,14840,13725
9578,167,5320,15820,12100,35740,20193
9579,1,7312,17812,17829,17812,15107
9580,0,7102,17602,17602,17139,20221
9581,0,6042,16542,16542,19034,17073
9582,0,3775,14275,14275,16102,37076
9583,0,4835,15335,15335,15041,12636
9584,0,21740,36982,36982,37699,36135
9585,0,4964,15464,15464,38711,19075
9586,1,24817,35625,12583,35625,14818
9587,0,539,11039,11039,36802,35822
9588,0,7483,17983,17983,38742,36586
9589,0,2745,13245,13245,19959,17219
9590,0,3719,14219,14219,13562,15470
9591,0,21592,38966,38966,17678,36799
9592,0,6819,17319,17319,12318,35853
9593,0,24656,38313,38313,37478,17911
9594,0,9337,19837,19837,38012,11629
9595,0,21428,37973,37973,38785,17085
9596,0,4468,14968,14968,16963,36655
9597,0,667,11167,11167,18875,17442
9598,0,7575,18075,18075,10771,14242
9599,0,23012,35865,35865,35893,12107
9600,0,8549,19049,19049,35257,20968
9601,0,5063,15563,15563,20451,39234
9602,0,22066,35677,35677,39487,38271
9603,0,21395,35629,35629,36993,18068
9604,0,1353,11853,11853,10768,13738
9605,0,22902,37977,37977,14608,14742
9606,0,7114,17614,17614,15601,13357
9607,0,21110,39320,39320,12923,19298
9608,0,8662,19162,19162,19977,11257
9609,0,2703,13203,13203,15547,14275
9610,0,3330,13830,13830,36576,15257
9611,0,8053,18553,18553,15502,16878
9612,0,23654,36483,36483,39234,20451
9613,0,9588,20088,20088,36696,15905
9614,0,3584,14084,14084,12221,16711
9615,0,23968,38831,38831,11106,19843
9616,3,24290,38108,11223,38759,10574
9617,0,5645,16145,16145,38503,16530
9618,0,3376,13876,13876,15654,16571
9619,0,1256,11756,11756,37833,38190
9620,0,6190,16690,16690,11376,15055
9621,0,22898,36358,36358,20751,36003
9622,0,23181,38497,38497,37794,35893
9623,0,22030,38624,38624,18063,13502
9624,0,9442,19942,19942,10699,38396
9625,0,22567,38641,38641,38963,38282
9626,0,5348,15848,15848,16901,19116
9627,0,22892,35657,35657,35591,35156
9628,0,24857,37144,37144,11631,18758
9629,0,23378,36130,36130,18484,20040
9630,1,21442,35779,19315,35779,35408
9631,0,4175,14675,14675,12778,37072
9632,0,22561,38114,38114,16755,18026
9633,0,4910,15410,15410,15475,19168
9634,16,1852,12352,18290,12579,17058
9635,1,6316,16816,13647,16816,17449
9636,0,21952,37626,37626,35992,17677
9637,0,25320,39440,39440,11729,20904
9638,0,2105,12605,12605,37224,19039
9639,0,133,10633,10633,19363,37528
9640,0,25310,38082,38082,15626,38242
9641,0,5029,15529,15529,35518,10696
9642,0,928,11428,11428,10731,13270
9643,0,823,11323,11323,38136,12385
9644,0,7576,18076,18076,20925,20711
9645,0,21133,36286,36286,15554,15578
9646,1,1531,12031,36877,12031,11681
9647,0,1214,11714,11714,13839,16050
9648,0,504,11004,11004,11007,17066
9649,1,21597,37131,18554,37131,37335
9650,1,10188,20688,15746,20688,37005
9651,1,6530,17030,15498,17030,14742
9652,0,3072,13572,13572,12577,18581
9653,10,10150,20650,16995,17006,36120
9654,0,9576,20076,20076,18707,16075
9655,0,9086,19586,19586,15259,35376
9656,0,22954,37770,37770,10797,18775
9657,0,8647,19147,19147,13367,35856
9658,3,6619,17119,20145,13490,14086
9659,0,23102,38625,38625,14307,12460
9660,0,9273,19773,19773,39110,35624
9661,0,3709,14209,14209,13321,17136
9662,0,22064,39040,39040,14620,39147
9663,0,4849,15349,15349,38132,37429
9664,0,4748,15248,15248,16845,15654
9665,2,4268,14768,39588,12439,14768
9666,0,21639,36368,36368,35541,19463
9667,0,25422,36980,36980,14787,12081
9668,0,21766,36448,36448,16386,19866
9669,0,25436,39474,39474,38797,18357
9670,2,8905,19405,18615,15007,19405
9671,0,4186,14686,14686,38231,36379
9672,0,10406,20906,20906,37849,39189
9673,0,5301,15801,15801,20894,13957
9674,0,2923,13423,13423,18051,37699
9675,0,6588,17088,17088,11967,35872
9676,0,1810,12310,12310,14677,11915
9677,0,3486,13986,13986,14886,12813
9678,0,7419,17919,17919,15068,20915
9679,0,3141,13641,13641,18889,12406
9680,0,10019,20519,20519,36651,20288
9681,0,9347,19847,19847,10813,18719
9682,0,1324,11824,11824,35875,10695
9683,1,4312,14812,12503,14812,15339
9684,0,7494,17994,17994,37522,11474
9685,0,8702,19202,19202,36569,13061
9686,1,9872,20372,36808,20372,38749
9687,0,8691,19191,19191,17659,38448
9688,0,21098,38915,38915,18067,39559
9689,0,10048,20548,20548,36470,11385
9690,0,9580,20080,20080,36663,15787
9691,0,23311,38461,38461,17770,11347
9692,0,21992,36565,36565,11280,19747
9693,0,24127,35232,35232,11390,15275
9694,0,5541,16041,16041,17660,35718
9695,0,21551,36082,36082,36210,35853
9696,0,6172,16672,16672,18080,20151
9697,0,1540,12040,12040,10982,11854
9698,0,9409,19909,19909,19819,20068
9699,0,2681,13181,13181,14048,35284
9700,0,22269,39478,39478,37678,15064
9701,0,21156,35839,35839,38779,12766
9702,0,24856,38358,38358,38734,35920
9703,0,6313,16813,16813,16196,11301
9704,0,1191,11691,11691,16552,19937
9705,0,21878,38618,38618,35827,11960
9706,0,5293,15793,15793,37277,20671
9707,0,1542,12042,12042,15662,36443
9708,0,22947,36147,36147,36986,37155
9709,0,22861,36170,36170,11136,14576
9710,0,7056,17556,17556,37357,38761
9711,0,2539,13039,13039,35454,35328
9712,0,953,11453,11453,15428,16916
9713,0,7241,17741,17741,13551,17739
9714,0,6731,17231,17231,19999,14816
9715,0,4846,15346,15346,20422,39328
9716,0,6801,17301,17301,12986,35209
9717,3,8010,18510,20607,36391,36392
9718,0,4330,14830,14830,16988,17261
9719,0,8924,19424,19424,12562,35359
9720,0,5334,15834,15834,16368,13378
9721,0,7330,17830,17830,20867,14931
9722,0,9348,19848,19848,35502,15301
9723,0,4729,15229,15229,19618,19166
9724,0,24488,36140,36140,36034,13676
9725,2,6541,17041,12264,38777,17041
9726,0,21615,35828,35828,38492,10707
9727,0,5305,15805,15805,15687,10963
9728,0,5161,15661,15661,16713,16663
9729,1,7860,18360,38631,18360,11669
9730,0,2156,12656,12656,10530,20703
9731,1,1062,11562,39448,11562,36877
9732,0,21233,35462,35462,19535,13021
9733,0,1167,11667,11667,17753,13190
9734,0,22090,36068,36068,39154,35304
9735,0,3636,14136,14136,38889,11536
9736,0,7651,18151,18151,16901,19116
9737,1,5588,16088,38820,16088,19448
9738,0,23132,35784,35784,17368,35665
9739,1,7192,17692,20673,17692,14340
9740,0,4491,14991,14991,15021,19986
9741,0,7266,17766,17766,11318,15429
9742,0,23105,35986,35986,18477,12025
9743,0,4980,15480,15480,18439,17067
9744,0,8335,18835,18835,19839,36967
9745,0,23247,39583,39583,20062,13370
9746,2,22830,36423,36428,14856,36423
9747,0,4946,15446,15446,18552,17175
9748,0,2782,13282,13282,11391,39057
9749,0,717,11217,11217,35326,12365
9750,0,10011,20511,20511,38155,12858
9751,0,2502,13002,13002,17386,37650
9752,0,4360,14860,14860,10632,15613
9753,0,4171,14671,14671,14259,17146
9754,0,8082,18582,18582,17149,12783
9755,0,24701,39295,39295,14060,36593
9756,0,395,10895,10895,37403,14465
9757,0,22417,38577,38577,15305,20784
9758,0,7186,17686,17686,13993,16734
9759,0,24395,39388,39388,13730,16166
9760,0,4492,14992,14992,37577,18404
9761,0,1365,11865,11865,18938,37856
9762,0,23853,38948,38948,10918,11515
9763,0,25442,38845,38845,38066,18040
9764,0,8787,19287,19287,18550,17204
9765,0,21644,36798,36798,12122,35894
9766,1,23161,38238,19212,38238,11424
9767,1,5917,16417,38828,16417,18985
9768,0,4968,15468,15468,16800,13147
9769,0,2914,13414,13414,15847,17954
9770,0,21192,35172,35172,36204,13014
9771,0,5644,16144,16144,37414,11199
9772,0,3766,14266,14266,36029,35807
9773,0,3440,13940,13940,37513,11848
9774,0,22209,36697,36697,18697,17481
9775,0,23372,36978,36978,17583,19933
9776,0,7357,17857,17857,13634,35549
9777,0,6806,17306,17306,38013,18744
9778,0,9879,20379,20379,13042,19807
9779,0,2143,12643,12643,11999,14722
9780,0,5104,15604,15604,16735,39574
9781,0,5073,15573,15573,38247,38994
9782,0,1571,12071,12071,12868,14778
9783,0,4079,14579,14579,15096,20075
9784,0,1122,11622,11622,15270,20840
9785,0,2786,13286,13286,18712,20118
9786,0,2967,13467,13467,36741,38674
9787,0,2504,13004,13004,13794,16087
9788,2,5988,16488,38699,11161,16488
9789,0,24382,36311,36311,17391,20576
9790,0,8867,19367,19367,13813,18730
9791,0,22994,35654,35654,16881,17140
9792,1,7164,17664,18947,17664,13848
9793,0,21076,36194,36194,18543,14675
9794,0,728,11228,11228,36731,16124
9795,1,7587,18087,14288,18087,17896
9796,0,7543,18043,18043,13772,19352
9797,0,412,10912,10912,37609,38014
9798,0,24319,35992,35992,11309,35485
9799,0,9708,20208,20208,14275,35289
9800,0,5745,16245,16245,13475,17509
9801,0,7668,18168,18168,15604,18417
9802,0,825,11325,11325,20576,38497
9803,0,3267,13767,13767,14097,10698
9804,0,3974,14474,14474,19132,16973
9805,0,8808,19308,19308,35524,19489
9806,0,8306,18806,18806,37272,36876
9807,0,417,10917,10917,20840,11622
9808,0,22242,35915,35915,19515,37315
9809,0,9817,20317,20317,35307,35693
9810,0,6748,17248,17248,19177,13123
9811,0,8967,19467,19467,20218,16997
9812,0,21315,37031,37031,20079,15963
9813,3,23255,35742,18673,18197,16767
9814,0,22959,39127,39127,17368,36237
9815,0,2082,12582,12582,20357,12559
9816,1,8945,19445,15650,19445,18735
9817,0,23646,35392,35392,15000,35308
9818,2,21341,36815,17256,36816,36815
9819,0,3373,13873,13873,37696,35294
9820,0,5726,16226,16226,19165,12655
9821,0,4107,14607,14607,38104,20768
9822,0,24773,35290,35290,36854,13858
9823,0,4380,14880,14880,15347,39105
9824,0,7723,18223,18223,12523,39453
9825,0,1066,11566,11566,17602,20221
9826,90,3913,14413,10691,12058,14586
9827,0,22164,38133,38133,12746,14162
9828,4,5536,16036,15653,39033,37701
9829,2,8002,18502,36914,17466,18502
9830,0,5387,15887,15887,17515,18167
9831,0,5732,16232,16232,14824,19975
9832,1,23872,36344,19181,36344,11891
9833,0,2738,13238,13238,38430,14426
9834,0,5052,15552,15552,39317,19146
9835,0,4000,14500,14500,20417,35837
9836,0,9760,20260,20260,12287,35956
9837,0,2427,12927,12927,17993,35588
9838,0,22161,36592,36592,35440,14434
9839,0,6833,17333,17333,38138,36593
9840,0,10123,20623,20623,14034,12294
9841,1,1687,12187,13053,12187,14572
9842,0,851,11351,11351,10878,39230
9843,2,21417,36392,18510,15476,36392
9844,0,6303,16803,16803,18653,13784
9845,0,9087,19587,19587,35517,11005
9846,0,22320,37438,37438,38604,11981
9847,0,5878,16378,16378,12542,20336
9848,0,8527,19027,19027,13270,18469
9849,0,2839,13339,13339,14789,11438
9850,0,23881,35933,35933,36169,37464
9851,0,4611,15111,15111,11567,16182
9852,0,9540,20040,20040,36130,17474
9853,0,9207,19707,19707,12856,20836
9854,0,25274,35662,35662,35868,37736
9855,1,9823,20323,18351,20323,39647
9856,0,2489,12989,12989,15252,11566
9857,0,22158,36576,36576,15191,10600
9858,1,6905,17405,10776,17405,11417
9859,0,7390,17890,17890,36906,16729
9860,0,24811,36097,36097,14800,11476
9861,0,2849,13349,13349,14087,38867
9862,0,21864,38723,38723,17900,15543
9863,0,6665,17165,17165,13842,38702
9864,0,5881,16381,16381,16937,13103
9865,0,10262,20762,20762,20832,10545
9866,0,4452,14952,14952,17424,17144
9867,0,9949,20449,20449,36956,14688
9868,1,7421,17921,20498,17921,12395
9869,0,23278,38254,38254,19711,12827
9870,0,9827,20327,20327,37918,17787
9871,0,24564,37492,37492,37341,18430
9872,0,6484,16984,16984,39526,11904
9873,0,2479,12979,12979,35602,35376
9874,0,6617,17117,17117,35520,14443
9875,0,10457,20957,20957,16788,18577
9876,2,22196,35805,37120,38537,35805
9877,0,21571,38169,38169,37584,36096
9878,0,22848,39222,39222,12055,13767
9879,0,23060,35905,35905,35906,18325
9880,18,25232,37899,14079,14805,39414
9881,1,23706,38715,35368,38715,14129
9882,0,2141,12641,12641,11379,19303
9883,0,23061,37950,37950,18682,10609
9884,0,23257,35964,35964,15164,11159
9885,0,5188,15688,15688,11456,36265
9886,0,21278,39210,39210,39276,13849
9887,0,23852,36891,36891,10949,39041
9888,0,21631,36202,36202,19851,11792
9889,0,2744,13244,13244,13997,11495
9890,0,7253,17753,17753,11667,15406
9891,0,21009,37938,37938,17880,16017
9892,0,3506,14006,14006,10744,38662
9893,0,1679,12179,12179,16285,18283
9894,3,4249,14749,17552,12149,39534
9895,2,3147,13647,17449,16816,13647
9896,0,8130,18630,18630,15070,37394
9897,0,10486,20986,20986,38517,20866
9898,1,7004,17504,37098,17504,10755
9899,0,580,11080,11080,10609,10770
9900,66,9662,20162,16728,14984,35836
9901,0,24218,37645,37645,37803,35350
9902,0,4070,14570,14570,11144,37874
9903,0,23746,38154,38154,13355,19675
9904,0,3343,13843,13843,12864,39095
9905,0,21702,37838,37838,19751,39130
9906,0,7404,17904,17904,39008,17526
9907,0,22219,37429,37429,10642,38131
9908,0,3672,14172,14172,11605,38265
9909,1,559,11059,38108,11059,35750
9910,0,5237,15737,15737,16593,14067
9911,0,7805,18305,18305,37420,14213
9912,0,22511,38061,38061,19797,16011
9913,0,23551,35695,35695,17465,17207
9914,0,512,11012,11012,10544,14056
9915,1,22764,37575,20095,37575,15773
9916,0,1081,11581,11581,18741,37669
9917,0,1664,12164,12164,16649,37383
9918,0,9204,19704,19704,20910,14005
9919,3,1931,12431,17519,18061,37590
9920,0,24547,39160,39160,39016,17985
9921,0,1150,11650,11650,39497,18390
9922,0,2838,13338,13338,13104,35615
9923,0,5949,16449,16449,18609,37255
9924,0,8308,18808,18808,20270,16116
9925,0,8932,19432,19432,13623,37911
9926,0,22539,39338,39338,35747,10665
9927,1,23740,38916,20258,38916,36693
9928,0,5177,15677,15677,16855,35355
9929,0,23393,36521,36521,11598,20148
9930,0,25344,38752,38752,11104,11956
9931,1,830,11330,13752,11330,19857
9932,0,8311,18811,18811,12118,15050
9933,0,4752,15252,15252,20221,12989
9934,2,22940,39293,38653,35468,39293
9935,0,24598,39368,39368,17499,19677
9936,0,24805,39566,39566,17508,39366
9937,2,635,11135,39209,11334,11135
9938,0,4465,14965,14965,12606,11187
9939,0,25122,37210,37210,14761,35357
9940,0,6799,17299,17299,17382,38994
9941,0,7987,18487,18487,16445,36061
9942,0,7079,17579,17579,14719,10883
9943,0,6966,17466,17466,18502,36914
9944,0,4142,14642,14642,15639,37400
9945,0,7027,17527,17527,37800,14614
9946,0,9183,19683,19683,38711,13860
9947,0,876,11376,11376,16690,39090
9948,2,4869,15369,38790,38185,15369
9949,0,5315,15815,15815,16945,38155
9950,0,5222,15722,15722,16162,13677
9951,0,4,10504,10504,37861,35651
9952,0,3051,13551,13551,20331,19918
9953,0,5691,16191,16191,11648,16033
9954,0,3124,13624,13624,38568,13698
9955,0,23374,35506,35506,19956,19152
9956,2,2491,12991,39381,10988,12991
9957,2,22403,38019,35519,14899,38019
9958,0,3854,14354,14354,36357,16919
9959,1,23182,37779,36069,37779,12945
9960,0,4777,15277,15277,10524,37894
9961,0,9907,20407,20407,15358,35166
9962,0,7509,18009,18009,15274,16709
9963,0,6457,16957,16957,15928,35599
9964,0,6293,16793,16793,13888,13567
9965,0,1148,11648,11648,16033,16191
9966,0,21512,36107,36107,16411,35298
9967,0,574,11074,11074,15941,38751
9968,0,3769,14269,14269,38397,36029
9969,0,22667,36582,36582,36434,19894
9970,0,4146,14646,14646,18100,16930
9971,0,853,11353,11353,16466,20931
9972,1,10174,20674,11668,20674,37485
9973,0,22962,35620,35620,17082,18350
9974,1,5919,16419,13218,16419,39459
9975,0,21478,37775,37775,13759,37850
9976,0,21518,38057,38057,36657,12660
9977,0,9358,19858,19858,16939,38671
9978,0,6614,17114,17114,19262,11023
9979,0,6002,16502,16502,15419,19233
9980,0,9163,19663,19663,12353,36614
9981,0,21946,35547,35547,17660,35996
9982,0,4495,14995,14995,18388,12707
9983,0,8173,18673,18673,18197,16767
9984,0,6655,17155,17155,17777,38220
9985,0,22053,36693,36693,20258,38916
9986,0,2368,12868,12868,12071,12379
9987,0,21756,36961,36961,17795,15494
9988,0,4780,15280,15280,38731,13729
9989,0,21121,36977,36977,16379,15045
9990,0,7992,18492,18492,36601,18295
9991,10,2950,13450,39143,16356,18194
9992,0,5625,16125,16125,19874,14269
9993,1,6971,17471,14308,17471,17803
9994,0,8716,19216,19216,15005,20165
9995,0,21463,35301,35301,15263,14749
9996,0,22264,37862,37862,14919,39629
9997,1,1841,12341,20277,12341,11997
9998,0,5986,16486,16486,18460,37883
9999,4,537,11037,12692,14878,37570
10000,3,2806,13306,39358,13270,12157
10001,0,5801,16301,16301,36171,19393
10002,0,5596,16096,16096,11595,18650
10003,0,7206,17706,17706,10532,14230
10004,0,7343,17843,17843,35976,18920
10005,0,24208,37187,37187,12145,35837
10006,3,7560,18060,16255,20222,39203
10007,0,8096,18596,18596,36865,14061
10008,0,21147,36021,36021,20063,15539
10009,0,784,11284,11284,18065,35576
10010,0,21375,36903,36903,38024,14789
10011,0,1409,11909,11909,37069,38840
10012,0,24467,35383,35383,19965,12025
10013,0,154,10654,10654,19316,18962
10014,0,7806,18306,18306,19866,17675
10015,0,3009,13509,13509,12096,16464
10016,0,1686,12186,12186,39201,13614
10017,0,22126,35747,35747,10665,39338
10018,0,4014,14514,14514,17146,14671
10019,0,7455,17955,17955,38693,16357
10020,1,22526,37567,38933,37567,35594
10021,0,3863,14363,14363,38570,11878
10022,0,2733,13233,13233,12941,15455
10023,0,1895,12395,12395,16784,20498
10024,0,5442,15942,15942,37831,36494
10025,0,569,11069,11069,14992,15565
10026,0,6709,17209,17209,36562,13067
10027,0,5854,16354,16354,36789,20973
10028,0,1816,12316,12316,11438,14800
10029,0,10257,20757,20757,17756,36056
10030,0,8319,18819,18819,13353,20325
10031,0,3394,13894,13894,36244,35471
10032,0,3327,13827,13827,11734,39306
10033,0,22550,39626,39626,16778,36147
10034,0,6102,16602,16602,37215,11969
10035,0,2975,13475,13475,16245,38927
10036,0,980,11480,11480,11500,11273
10037,0,10492,20992,20992,14977,17009
10038,0,190,10690,10690,14766,17181
10039,0,9331,19831,19831,19022,12448
10040,0,5088,15588,15588,17862,39481
10041,1,699,11199,16144,11199,37414
10042,0,21053,39294,39294,39012,20395
10043,0,606,11106,11106,38831,19843
10044,0,22970,37122,37122,20855,12072
10045,0,301,10801,10801,13236,18461
10046,0,3420,13920,13920,38749,37038
10047,0,24939,39359,39359,16920,16310
10048,0,1060,11560,11560,19747,11280
10049,0,25280,38710,38710,37965,18180
10050,0,23560,39495,39495,13211,18791
10051,2,22661,35411,17534,20366,35411
10052,0,3444,13944,13944,19309,12893
10053,0,1069,11569,11569,10744,18985
10054,0,21526,35370,35370,19377,35371
10055,1,2205,12705,39306,12705,11734
10056,0,9435,19935,19935,37518,13238
10057,0,7339,17839,17839,14058,16992
10058,0,8208,18708,18708,13675,18074
10059,0,7679,18179,18179,12050,16187
10060,0,21926,35966,35966,37704,35965
10061,0,23606,38157,38157,15517,20376
10062,1,4642,15142,18675,15142,17666
10063,0,7683,18183,18183,13258,16744
10064,0,21400,37600,37600,35823,16620
10065,0,9007,19507,19507,38144,16891
10066,0,7996,18496,18496,17874,20694
10067,0,22114,35913,35913,38508,17497
10068,0,21628,37394,37394,14779,14066
10069,0,5600,16100,16100,38205,38648
10070,0,9151,19651,19651,11716,12208
10071,0,7022,17522,17522,35600,15187
10072,0,4893,15393,15393,14197,11160
10073,5,225,10725,19572,18380,17898
10074,0,23586,39016,39016,17985,35640
10075,1,3354,13854,17545,13854,39242
10076,0,5895,16395,16395,14326,14057
10077,0,22608,35331,35331,37613,20840
10078,0,8754,19254,19254,38242,19156
10079,0,3436,13936,13936,19035,36788
10080,0,22418,39219,39219,20959,11684
10081,0,22040,39027,39027,19977,13308
10082,0,1693,12193,12193,10522,16161
10083,2,6893,17393,39349,17136,17393
10084,0,1045,11545,11545,15829,20530
10085,0,3446,13946,13946,38091,16842
10086,0,23801,37411,37411,38854,17566
10087,0,8050,18550,18550,14121,19287
10088,0,9146,19646,19646,38588,14422
10089,2,24880,39625,16995,18495,39625
10090,0,23290,35581,35581,36318,36349
10091,3,24566,35950,13010,12118,15050
10092,0,4735,15235,15235,38574,13408
10093,0,4496,14996,14996,10708,15692
10094,0,1218,11718,11718,39054,17410
10095,0,22051,38100,38100,39294,16242
10096,0,24312,38357,38357,10884,12681
10097,67,6015,16515,16060,19166,37511
10098,0,9719,20219,20219,18022,13079
10099,0,3987,14487,14487,11884,14985
10100,0,4911,15411,15411,35527,18826
10101,0,9492,19992,19992,13367,18180
10102,0,4493,14993,14993,16864,35731
10103,0,6944,17444,17444,37134,36021
10104,0,5699,16199,16199,15486,37124
10105,0,8352,18852,18852,37671,16898
10106,2,24449,36913,35222,36018,36913
10107,0,22598,38646,38646,13622,12493
10108,0,956,11456,11456,37589,15688
10109,1,22383,36637,36730,36637,17011
10110,1,22675,36080,12077,36080,16177
10111,0,2869,13369,13369,20397,13112
10112,0,23323,36623,36623,13425,16329
10113,0,4433,14933,14933,19133,16337
10114,0,4973,15473,15473,10806,17664
10115,0,21372,38861,38861,20403,17647
10116,0,2961,13461,13461,37501,18408
10117,0,21540,38826,38826,16052,36931
10118,0,2200,12700,12700,15955,37447
10119,0,98,10598,10598,13222,36763
10120,0,21723,39433,39433,38543,14082
10121,0,2557,13057,13057,19835,36616
10122,0,23070,36029,36029,13404,18259
10123,1,8445,18945,12488,18945,19052
10124,0,24964,36769,36769,38365,11074
10125,0,4199,14699,14699,18000,39098
10126,0,9637,20137,20137,17373,16827
10127,0,5539,16039,16039,17850,16178
10128,0,1648,12148,12148,11205,19192
10129,0,23394,37528,37528,16954,35336
10130,4,21215,37569,14712,11936,18956
10131,0,24486,36837,36837,13755,13050
10132,0,9888,20388,20388,36228,13159
10133,0,21464,36037,36037,20236,35281
10134,0,6197,16697,16697,13112,18116
10135,0,6295,16795,16795,11142,37762
10136,8,4499,14999,16540,38804,17221
10137,0,1154,11654,11654,35447,12207
10138,0,2255,12755,12755,14029,39563
10139,0,9874,20374,20374,20375,10749
10140,0,3170,13670,13670,36537,37496
10141,14,7400,17900,37364,38506,36091
10142,0,10248,20748,20748,19190,10521
10143,0,7158,17658,17658,17360,35347
10144,0,21963,36936,36936,17100,10737
10145,0,25000,39453,39453,12523,18223
10146,0,3108,13608,13608,38153,37534
10147,28,4548,15048,38676,16512,14974
10148,1,24617,36569,36342,36569,19202
10149,2,21735,39243,17516,20190,39243
10150,0,5423,15923,15923,39653,38975
10151,0,2049,12549,12549,13808,37370
10152,0,21347,37822,37822,13507,14139
10153,0,25236,36489,36489,17905,18210
10154,0,9208,19708,19708,39617,19365
10155,1,8815,19315,35779,19315,11892
10156,1,21301,39351,18176,39351,19692
10157,0,22486,38729,38729,35999,37550
10158,0,262,10762,10762,11967,15017
10159,0,23093,38576,38576,11830,38295
10160,0,25306,36215,36215,11441,18368
10161,0,4061,14561,14561,13090,11404
10162,0,5534,16034,16034,38928,15458
10163,0,22136,39140,39140,10841,36557
10164,0,21713,38911,38911,18831,39353
10165,0,6616,17116,17116,19385,17662
10166,0,8120,18620,18620,19218,20358
10167,1,8155,18655,16745,18655,37949
10168,1,1802,12302,39483,12302,20952
10169,5,4736,15236,19750,36885,19945
10170,0,23384,39637,39637,15977,20631
10171,0,2385,12885,12885,18993,15034
10172,0,6694,17194,17194,12329,17675
10173,0,5759,16259,16259,38722,13832
10174,0,1959,12459,12459,11093,20489
10175,0,2976,13476,13476,17359,36093
10176,0,8680,19180,19180,20101,20016
10177,0,1843,12343,12343,11923,37351
10178,0,1734,12234,12234,13899,16951
10179,0,2911,13411,13411,16117,17596
10180,0,21930,36065,36065,39567,39228
10181,0,8338,18838,18838,36157,37934
10182,0,24018,38476,38476,12709,36593
10183,0,1986,12486,12486,15281,13226
10184,0,9561,20061,20061,14935,14799
10185,0,6546,17046,17046,16736,14517
10186,0,24896,38897,38897,36728,11831
10187,0,7098,17598,17598,20202,14696
10188,0,2811,13311,13311,14037,13407
10189,0,659,11159,11159,14971,35964
10190,0,9986,20486,20486,39157,12292
10191,0,2511,13011,13011,39408,13548
10192,0,22928,36243,36243,16198,36217
10193,0,4282,14782,14782,38212,18785
10194,0,9339,19839,19839,17283,36967
10195,0,25486,36118,36118,37435,16799
10196,0,8800,19300,19300,18818,17569
10197,0,6287,16787,16787,12041,17375
10198,2,24073,36428,36423,14856,36428
10199,0,1930,12430,12430,11080,13642
10200,0,7125,17625,17625,19544,14483
10201,1,197,10697,11707,10697,17153
10202,0,7777,18277,18277,36181,37894
10203,0,2931,13431,13431,19716,12345
10204,0,8004,18504,18504,35892,35565
10205,0,2327,12827,12827,36618,16565
10206,0,4389,14889,14889,36444,18296
10207,0,8958,19458,19458,17282,12765
10208,0,23777,37342,37342,11504,13346
10209,0,4218,14718,14718,13906,19247
10210,0,22272,36101,36101,19756,37349
10211,0,202,10702,10702,35202,37329
10212,0,3510,14010,14010,39346,38754
10213,0,4931,15431,15431,20977,11520
10214,0,23770,39236,39236,18045,18473
10215,0,5535,16035,16035,15585,15748
10216,0,9925,20425,20425,19703,20137
10217,1,5791,16291,35207,16291,13389
10218,0,22002,35623,35623,37723,36213
10219,0,1707,12207,12207,11654,17828
10220,0,5172,15672,15672,12843,16649
10221,0,5249,15749,15749,14994,14462
10222,0,23983,38603,38603,36688,12756
10223,0,24251,36320,36320,11513,11003
10224,0,6528,17028,17028,12468,18969
10225,0,24408,39430,39430,36866,11939
10226,0,5855,16355,16355,11385,16415
10227,0,8164,18664,18664,36952,36256
10228,1,854,11354,38350,11354,38054
10229,1,24119,38531,14182,38531,12757
10230,0,21383,39209,39209,11135,11334
10231,4,4737,15237,20164,19264,19556
10232,0,25345,36943,36943,18514,38862
10233,11,10352,20852,11780,17285,11938
10234,0,698,11198,11198,20295,16179
10235,1,22345,35998,16961,35998,14763
10236,0,22249,35845,35845,37547,35844
10237,1,3696,14196,18650,14196,37084
10238,0,1636,12136,12136,17530,38908
10239,0,7280,17780,17780,39619,13061
10240,0,7554,18054,18054,16906,14995
10241,0,22003,36303,36303,35788,10970
10242,0,3581,14081,14081,38337,37609
10243,0,1291,11791,11791,15699,36160
10244,0,22060,37505,37505,36379,14686
10245,2,6585,17085,37973,38785,17085
10246,0,23642,38462,38462,16204,14121
10247,0,1853,12353,12353,19663,17000
10248,0,5232,15732,15732,15553,37213
10249,0,3763,14263,14263,35542,11960
10250,0,3304,13804,13804,14457,36469
10251,0,1495,11995,11995,35399,35219
10252,0,23500,38573,38573,20701,16369
10253,143,24317,36589,15420,16578,15391
10254,1,22401,36291,15510,36291,37694
10255,0,7994,18494,18494,37464,17599
10256,0,1998,12498,12498,20600,13642
10257,0,663,11163,11163,10841,11497
10258,1,21416,37625,38306,37625,38394
10259,0,21553,38199,38199,38300,11331
10260,0,3748,14248,14248,10935,39179
10261,0,4413,14913,14913,18805,18465
10262,1,23308,37590,18061,37590,17519
10263,0,5530,16030,16030,12182,19392
10264,0,5575,16075,16075,15128,20076
10265,0,8901,19401,19401,16663,38293
10266,0,7526,18026,18026,18313,38114
10267,0,9474,19974,19974,11469,13261
10268,0,5864,16364,16364,17358,19008
10269,0,21755,37914,37914,12794,17935
10270,1,24130,35521,39273,35521,12314
10271,1,6776,17276,11771,17276,15306
10272,0,24254,36875,36875,38582,20050
10273,0,1306,11806,11806,13821,17655
10274,0,22639,38342,38342,38893,12005
10275,1,25192,38350,15917,38350,19209
10276,0,7392,17892,17892,19377,36135
10277,35,10429,20929,16210,38395,38649
10278,0,24972,36148,36148,14447,36192
10279,0,5592,16092,16092,16504,19101
10280,0,10230,20730,20730,37147,20477
10281,0,9721,20221,20221,17602,13776
10282,0,1663,12163,12163,13717,12262
10283,1,5450,15950,11533,15950,16978
10284,0,23481,39556,39556,12712,15765
10285,0,22487,39585,39585,19505,19014
10286,0,3627,14127,14127,35872,15783
10287,0,24608,38585,38585,18991,15566
10288,3,21886,37993,35461,38300,38199
10289,0,22976,37737,37737,11287,11415
10290,0,2693,13193,13193,37362,11016
10291,1,25220,35906,35905,35906,35752
10292,0,9789,20289,20289,18533,15789
10293,0,24835,35575,35575,37734,19347
10294,0,24736,35471,35471,13894,36244
10295,0,5915,16415,16415,36470,16355
10296,4,3157,13657,19292,10871,11602
10297,0,24412,36160,36160,15699,11791
10298,0,9914,20414,20414,18918,18793
10299,0,21547,38125,38125,13235,38805
10300,0,6668,17168,17168,38808,35678
10301,0,1059,11559,11559,12297,16832
10302,0,4636,15136,15136,15788,14705
10303,1,3242,13742,14268,13742,20413
10304,0,1678,12178,12178,38505,19338
10305,0,6892,17392,17392,17293,11711
10306,0,6374,16874,16874,19544,17382
10307,0,7574,18074,18074,13675,36291
10308,0,1757,12257,12257,20737,18719
10309,0,6019,16519,16519,11006,36209
10310,0,21785,37037,37037,17106,20288
10311,5,5116,15616,12149,19292,18218
10312,0,8755,19255,19255,11089,38780
10313,0,7408,17908,17908,39250,17296
10314,0,2790,13290,13290,20234,36585
10315,0,863,11363,11363,15982,37557
10316,0,7858,18358,18358,16446,35833
10317,0,1484,11984,11984,18393,36485
10318,0,7035,17535,17535,11118,11825
10319,0,7721,18221,18221,39435,37552
10320,0,5977,16477,16477,36543,20705
10321,0,5134,15634,15634,15121,11131
10322,0,206,10706,10706,36235,13461
10323,2,4488,14988,39228,15211,14988
10324,0,6938,17438,17438,38704,39649
10325,0,9062,19562,19562,19001,38736
10326,0,24055,37339,37339,35573,14825
10327,0,6910,17410,17410,39054,14120
10328,0,502,11002,11002,13118,37197
10329,0,7385,17885,17885,12730,15373
10330,0,1028,11528,11528,17864,18623
10331,0,3840,14340,14340,13711,18859
10332,0,25419,35536,35536,17126,14249
10333,0,24404,38427,38427,36453,36881
10334,0,8110,18610,18610,38873,12206
10335,0,5056,15556,15556,35328,16987
10336,0,9762,20262,20262,13212,35856
10337,0,8154,18654,18654,36981,12572
10338,0,24087,35619,35619,18694,19802
10339,0,24660,38837,38837,17636,11405
10340,1,2731,13231,35769,13231,13389
10341,0,23055,39088,39088,14185,17616
10342,1,8996,19496,18143,19496,14187
10343,3,23143,38693,11279,18723,18278
10344,0,23221,36491,36491,35593,10620
10345,0,2454,12954,12954,38565,13900
10346,0,21815,37444,37444,36498,37546
10347,0,7215,17715,17715,20062,20477
10348,0,3104,13604,13604,36677,12911
10349,0,21829,37721,37721,10893,13923
10350,0,24012,38805,38805,36939,17029
10351,5,8392,18892,38560,12160,35157
10352,7,6278,16778,15387,39410,38654
10353,0,3099,13599,13599,14494,20733
10354,0,6184,16684,16684,36457,37097
10355,0,10470,20970,20970,12137,14390
10356,0,3561,14061,14061,18596,14464
10357,0,5892,16392,16392,35254,14506
10358,1,21075,37320,35698,37320,13416
10359,0,24863,39278,39278,20057,19772
10360,1,24154,37360,12156,37360,16501
10361,0,24194,38640,38640,10902,19354
10362,0,391,10891,10891,36644,11693
10363,0,6736,17236,17236,14832,37087
10364,0,5618,16118,16118,19178,15461
10365,0,5258,15758,15758,36635,20882
10366,0,9687,20187,20187,11832,19576
10367,0,2695,13195,13195,20502,38491
10368,0,2027,12527,12527,35363,18449
10369,0,21129,38094,38094,38970,13541
10370,0,5463,15963,15963,15408,17881
10371,0,2568,13068,13068,11676,35186
10372,1,8006,18506,16409,18506,38533
10373,0,64,10564,10564,14767,36601
10374,2,23287,36730,36637,17011,36730
10375,0,2062,12562,12562,35359,20365
10376,1,5276,15776,14638,15776,15592
10377,0,7208,17708,17708,19764,36279
10378,0,8684,19184,19184,16900,20540
10379,0,8571,19071,19071,36401,37926
10380,0,6331,16831,16831,12217,39567
10381,0,4859,15359,15359,16517,12208
10382,0,21363,39206,39206,37935,38379
10383,0,21552,36839,36839,13293,19428
10384,52,4887,15387,14775,15051,39532
10385,0,9268,19768,19768,37350,14882
10386,4,878,11378,14700,16971,13602
10387,0,8529,19029,19029,14882,10645
10388,0,7916,18416,18416,14013,20554
10389,0,6863,17363,17363,35694,35386
10390,1,7892,18392,37293,18392,20385
10391,0,6439,16939,16939,19858,39443
10392,19,7869,18369,16143,38099,14706
10393,0,1016,11516,11516,17076,17258
10394,0,9467,19967,19967,12158,16507
10395,0,23824,36644,36644,10891,11693
10396,0,7629,18129,18129,37905,11285
10397,0,21671,37397,37397,39099,14794
10398,0,22482,36188,36188,11892,20416
10399,0,23939,37757,37757,35844,12865
10400,0,23176,39259,39259,36224,14200
10401,0,995,11495,11495,13244,16649
10402,1,10173,20673,17692,20673,37905
10403,0,4297,14797,14797,38267,12855
10404,0,161,10661,10661,12990,36186
10405,0,5675,16175,16175,39586,14845
10406,0,6873,17373,17373,12097,20793
10407,0,25311,39391,39391,16861,20893
10408,0,23044,37644,37644,36405,20987
10409,0,9692,20192,20192,12596,14315
10410,0,7989,18489,18489,36354,35352
10411,0,3843,14343,14343,17074,38519
10412,0,21648,38071,38071,36262,13245
10413,0,21101,35459,35459,11809,39309
10414,0,22370,36307,36307,16559,18950
10415,0,1021,11521,11521,16214,10886
10416,0,3073,13573,13573,18160,19187
10417,0,7555,18055,18055,13314,14881
10418,0,3943,14443,14443,36438,14282
10419,0,1585,12085,12085,37960,11876
10420,0,10147,20647,20647,37267,12120
10421,0,3152,13652,13652,12759,37589
10422,2,22641,39195,39194,17922,39195
10423,0,8226,18726,18726,15295,17037
10424,0,21286,36860,36860,11227,19057
10425,1,775,11275,18743,11275,18541
10426,0,23718,35402,35402,37468,12495
10427,0,9670,20170,20170,35249,17202
10428,0,7099,17599,17599,19678,18494
10429,0,5486,15986,15986,36855,15810
10430,0,6235,16735,16735,17098,18711
10431,0,9555,20055,20055,15832,37400
10432,0,7041,17541,17541,37634,19139
10433,0,2612,13112,13112,16697,13369
10434,0,7513,18013,18013,36795,18161
10435,0,22327,35670,35670,14492,12740
10436,0,10233,20733,20733,14494,13599
10437,0,8433,18933,18933,10641,35173
10438,0,10253,20753,20753,36357,14990
10439,0,22395,35209,35209,10819,37271
10440,0,8792,19292,19292,36981,20142
10441,0,25288,35281,35281,20944,36037
10442,0,5393,15893,15893,11787,35776
10443,0,21797,39156,39156,17156,17691
10444,0,23140,35734,35734,36945,18864
10445,1,22343,39010,17707,39010,19965
10446,0,8838,19338,19338,12178,17163
10447,1,3890,14390,19097,14390,15711
10448,0,3556,14056,14056,18352,17500
10449,0,22414,36048,36048,37524,36199
10450,0,1528,12028,12028,15943,19058
10451,0,1267,11767,11767,10798,37264
10452,7,7734,18234,14492,19666,11595
10453,4,1899,12399,37481,16509,37603
10454,0,4658,15158,15158,13802,11141
10455,4,3005,13505,12886,20373,12992
10456,0,2734,13234,13234,15697,14368
10457,0,189,10689,10689,12914,17048
10458,0,9998,20498,20498,39004,39410
10459,0,9167,19667,19667,11455,13105
10460,0,2747,13247,13247,14883,18004
10461,0,2047,12547,12547,12250,16996
10462,0,7849,18349,18349,39628,39184
10463,4,2558,13058,15142,18289,16087
10464,1,9274,19774,13771,19774,37712
10465,0,8666,19166,19166,38587,16060
10466,0,22326,35750,35750,38108,20771
10467,1,22999,37689,15744,37689,15029
10468,0,6396,16896,16896,15333,38351
10469,0,21289,36963,36963,18895,13745
10470,0,3385,13885,13885,12921,36931
10471,0,4555,15055,15055,14436,37272
10472,0,1184,11684,11684,20959,39219
10473,0,6420,16920,16920,36047,39359
10474,576,5051,15551,38275,18763,12586
10475,0,5311,15811,15811,14877,14366
10476,0,2433,12933,12933,15367,16585
10477,0,6949,17449,17449,16816,13647
10478,0,21602,38457,38457,13124,15476
10479,0,25276,35237,35237,39196,36382
10480,0,769,11269,11269,16081,17555
10481,0,1685,12185,12185,14527,13891
10482,0,8322,18822,18822,36988,35932
10483,0,22989,35765,35765,14643,16119
10484,0,24179,36017,36017,36747,35632
10485,1,22337,36290,13959,36290,18202
10486,0,25116,39077,39077,12224,39112
10487,0,5578,16078,16078,19548,37329
10488,0,4426,14926,14926,16050,16870
10489,0,25075,38180,38180,39196,37019
10490,0,466,10966,10966,19759,13336
10491,1,6265,16765,16020,16765,13209
10492,0,5734,16234,16234,18781,18932
10493,0,23516,35938,35938,18807,35464
10494,6,24053,36618,19505,35431,39585
10495,0,5191,15691,15691,20228,14036
10496,0,23390,38072,38072,13417,11222
10497,0,5390,15890,15890,14392,17215
10498,0,860,11360,11360,36078,20045
10499,0,7270,17770,17770,38461,13136
