idx,rank,query_id,gt_id,ret1,ret2,ret3
0,0,24543,36391,36391,20548,35196
1,0,5899,16399,16399,19371,36159
2,0,9513,20013,20013,38801,36980
3,0,1572,12072,12072,36704,17648
4,0,22224,37589,37589,36916,35422
5,0,879,11379,11379,13803,17187
6,0,1578,12078,12078,35335,15980
7,0,6472,16972,16972,39289,16599
8,0,1509,12009,12009,14157,19900
9,0,1896,12396,12396,14102,18210
10,0,8963,19463,19463,16169,39582
11,0,4112,14612,14612,13512,38753
12,0,10140,20640,20640,11938,36147
13,0,1845,12345,12345,12605,11598
14,0,24629,38536,38536,14852,18242
15,0,9751,20251,20251,38981,14239
16,0,9282,19782,19782,13325,11374
17,0,7565,18065,18065,10586,15621
18,0,5194,15694,15694,37516,16475
19,0,5418,15918,15918,15747,17165
20,0,24149,38490,38490,15932,11056
21,0,23975,37727,37727,37861,14385
22,0,7413,17913,17913,14712,16242
23,0,21871,38709,38709,16514,36557
24,0,5405,15905,15905,38043,13634
25,0,8310,18810,18810,17258,16671
26,0,3614,14114,14114,36697,12395
27,0,2108,12608,12608,20176,12742
28,0,25035,37031,37031,16544,12176
29,0,8248,18748,18748,13333,38540
30,0,21554,39541,39541,12002,12385
31,0,22478,35970,35970,16493,17583
32,0,24139,38720,38720,39501,20514
33,0,7759,18259,18259,20010,36431
34,0,22006,37289,37289,11394,13592
35,0,5653,16153,16153,39431,37441
36,0,25387,37804,37804,15458,37707
37,0,8431,18931,18931,11705,13510
38,0,6827,17327,17327,13798,17109
39,0,21916,39338,39338,20679,37704
40,0,4325,14825,14825,10959,17378
41,0,3219,13719,13719,12390,13234
42,0,9642,20142,20142,35378,14862
43,0,6345,16845,16845,38285,35873
44,0,6884,17384,17384,15301,35592
45,0,1193,11693,11693,11361,11641
46,0,45,10545,10545,39052,19668
47,0,23174,38548,38548,16693,20207
48,0,976,11476,11476,11749,12805
49,0,24107,36484,36484,11242,18701
50,0,2963,13463,13463,13753,17926
51,0,1584,12084,12084,39401,37952
52,0,9459,19959,19959,36933,36164
53,0,4515,15015,15015,17502,19924
54,0,21059,37393,37393,14659,17851
55,0,24044,35632,35632,17923,12494
56,0,1975,12475,12475,16074,14232
57,0,3912,14412,14412,19007,14021
58,0,9811,20311,20311,16691,18409
59,0,6717,17217,17217,36820,15063
60,0,4411,14911,14911,13831,39498
61,0,22553,37457,37457,37636,20436
62,0,8994,19494,19494,35184,19454
63,0,22858,37249,37249,19830,17617
64,0,25443,35544,35544,14722,18651
65,0,24632,36269,36269,14299,20843
66,0,22360,36474,36474,11219,11889
67,0,2840,13340,13340,11145,35926
68,0,7908,18408,18408,11919,12442
69,0,8084,18584,18584,38247,12850
70,0,7976,18476,18476,35260,13461
71,0,6211,16711,16711,10587,20294
72,0,25143,37050,37050,35602,10664
73,0,24565,36517,36517,16191,19396
74,0,9620,20120,20120,37893,38822
75,0,24750,37044,37044,14332,18160
76,0,24793,35561,35561,35798,37606
77,0,7907,18407,18407,12704,10675
78,0,10132,20632,20632,15532,17238
79,0,37,10537,10537,15649,36812
80,0,576,11076,11076,11625,15475
81,0,4822,15322,15322,10772,12398
82,0,3988,14488,14488,14734,35643
83,0,713,11213,11213,18439,13662
84,0,25111,39003,39003,15758,38557
85,0,24085,39532,39532,18947,17002
86,0,8251,18751,18751,17942,12182
87,0,2335,12835,12835,12933,15813
88,0,4745,15245,15245,11658,38845
89,0,4420,14920,14920,13499,12346
90,0,22210,38778,38778,13811,20861
91,0,24513,39020,39020,37313,17224
92,0,881,11381,11381,13444,20135
93,0,567,11067,11067,16610,15662
94,0,24999,38838,38838,11796,15517
95,0,4983,15483,15483,38621,16155
96,0,2245,12745,12745,12130,39185
97,0,5270,15770,15770,11616,39441
98,0,4165,14665,14665,36111,37485
99,0,8156,18656,18656,36229,15469
100,0,7820,18320,18320,37645,35633
101,0,10071,20571,20571,11034,18253
102,0,8655,19155,19155,11119,16466
103,0,239,10739,10739,17638,20959
104,0,23691,37374,37374,20108,36298
105,0,6454,16954,16954,38786,15701
106,0,6662,17162,17162,14946,19742
107,0,1597,12097,12097,16779,17416
108,0,9664,20164,20164,39045,15709
109,0,22261,36116,36116,35924,39568
110,0,1901,12401,12401,15142,19411
111,3,1180,11680,13200,13808,17454
112,0,23609,37736,37736,10795,37549
113,0,24096,37798,37798,14079,20444
114,0,8573,19073,19073,20677,19015
115,0,3006,13506,13506,10553,14681
116,0,9453,19953,19953,15718,12130
117,0,2781,13281,13281,19139,14310
118,0,9558,20058,20058,10848,38827
119,0,6110,16610,16610,11067,15003
120,0,5733,16233,16233,14323,10864
121,0,9185,19685,19685,38043,20850
122,0,21818,36978,36978,13861,13243
123,0,8846,19346,19346,20800,15516
124,0,2829,13329,13329,36550,16703
125,0,21414,35329,35329,13451,14153
126,0,9350,19850,19850,16652,20275
127,0,5277,15777,15777,15527,35646
128,0,8254,18754,18754,20354,36157
129,0,4219,14719,14719,12780,11242
130,0,23083,36036,36036,11313,37304
131,0,21368,37441,37441,10837,39431
132,0,22742,38387,38387,38657,36079
133,0,5431,15931,15931,36905,35936
134,0,3413,13913,13913,18962,35865
135,0,25167,36299,36299,37636,12129
136,0,906,11406,11406,37598,10966
137,0,7760,18260,18260,18686,13389
138,0,3693,14193,14193,37200,17348
139,1,22409,38519,36301,38519,13972
140,0,3118,13618,13618,12490,18927
141,0,23912,37099,37099,17089,35351
142,0,24467,35159,35159,13248,13973
143,0,21069,37930,37930,12238,37129
144,0,8621,19121,19121,14054,15312
145,0,23007,35996,35996,35596,35817
146,0,7706,18206,18206,17628,14957
147,0,7017,17517,17517,20400,10695
148,0,9305,19805,19805,14931,13781
149,0,295,10795,10795,37549,37736
150,0,23742,38463,38463,12932,17311
151,0,1785,12285,12285,18071,19407
152,0,4382,14882,14882,11501,13015
153,0,6507,17007,17007,18729,35641
154,0,21632,35099,35099,17536,35228
155,0,1284,11784,11784,11831,16383
156,0,7784,18284,18284,13780,13662
157,0,22138,35793,35793,16919,38535
158,0,23314,37266,37266,15713,16761
159,0,4454,14954,14954,13141,39178
160,0,21383,39112,39112,12367,12152
161,0,549,11049,11049,36444,12639
162,0,5340,15840,15840,17890,19285
163,0,21270,37137,37137,39539,36338
164,0,3574,14074,14074,20561,18874
165,1,24911,37129,13069,37129,12238
166,0,4352,14852,14852,38536,36178
167,0,6831,17331,17331,37934,16259
168,0,2648,13148,13148,17937,35228
169,0,2586,13086,13086,37504,15557
170,0,5862,16362,16362,35162,14430
171,0,3160,13660,13660,35427,13793
172,0,7152,17652,17652,13485,14869
173,0,3182,13682,13682,11102,18439
174,0,3480,13980,13980,13145,20927
175,0,2377,12877,12877,19276,18068
176,0,24345,35702,35702,37038,14972
177,0,21249,36647,36647,17779,35825
178,0,21990,38784,38784,19502,20228
179,0,8205,18705,18705,18417,13997
180,0,7698,18198,18198,13478,20605
181,1,10009,20509,13950,20509,12705
182,0,21054,36990,36990,12167,12707
183,0,5688,16188,16188,10540,16636
184,0,22660,39070,39070,17961,12603
185,0,22219,38190,38190,39058,35173
186,0,21097,35707,35707,35816,37817
187,0,8480,18980,18980,17357,35734
188,0,21503,38089,38089,15981,37409
189,0,8159,18659,18659,19859,17173
190,0,10117,20617,20617,37427,11112
191,0,8025,18525,18525,14176,13541
192,0,23438,37633,37633,39390,19607
193,0,21770,38409,38409,14010,38599
194,0,21573,36806,36806,35551,35915
195,0,1613,12113,12113,18502,13692
196,0,9997,20497,20497,12690,18932
197,0,8153,18653,18653,39188,37978
198,0,7936,18436,18436,36813,18378
199,0,8447,18947,18947,17002,39532
200,0,2015,12515,12515,15258,12662
201,0,9505,20005,20005,13074,15260
202,0,22650,39304,39304,36073,36614
203,0,7844,18344,18344,36163,12392
204,0,6442,16942,16942,17559,35586
205,0,2981,13481,13481,20241,14087
206,0,7606,18106,18106,39051,20439
207,0,22739,35391,35391,15417,17638
208,0,23944,37691,37691,16765,13070
209,0,243,10743,10743,17591,38911
210,0,5032,15532,15532,20632,14696
211,0,106,10606,10606,37435,12460
212,0,8709,19209,19209,35927,39183
213,0,6734,17234,17234,37446,11056
214,0,21653,37851,37851,18540,35850
215,0,22505,38352,38352,19154,17419
216,0,21151,37896,37896,12580,39557
217,0,9211,19711,19711,18107,15821
218,0,21424,37281,37281,12772,18537
219,0,9881,20381,20381,38832,17104
220,0,4605,15105,15105,12174,12224
221,0,8424,18924,18924,17794,15941
222,0,21626,36101,36101,38859,13596
223,0,5286,15786,15786,16103,18781
224,0,3960,14460,14460,11819,35674
225,0,3873,14373,14373,37482,10798
226,0,7854,18354,18354,38006,17621
227,0,22496,38198,38198,19515,14568
228,0,25303,37350,37350,15486,13152
229,0,8246,18746,18746,36653,15714
230,0,8852,19352,19352,13930,11842
231,0,21220,38196,38196,37357,35966
232,0,24095,35871,35871,37252,16548
233,0,7512,18012,18012,35800,37340
234,0,25461,38345,38345,20771,11780
235,0,29,10529,10529,20169,14470
236,0,2801,13301,13301,36185,17630
237,0,6875,17375,17375,38737,10642
238,0,8116,18616,18616,35291,19944
239,0,2922,13422,13422,16208,17029
240,0,4664,15164,15164,17525,15271
241,0,24106,37447,37447,15528,19196
242,0,8040,18540,18540,37851,14748
243,0,22297,38895,38895,39574,38952
244,0,1245,11745,11745,36571,39430
245,0,7136,17636,17636,36736,36633
246,0,4053,14553,14553,13349,35476
247,0,25187,37577,37577,18840,15932
248,0,4412,14912,14912,18479,15785
249,0,108,10608,10608,15419,13066
250,0,21400,36549,36549,16502,36207
251,0,6301,16801,16801,15896,19596
252,0,9276,19776,19776,17760,14216
253,0,22174,35826,35826,17522,35904
254,0,22817,35372,35372,36545,16160
255,0,21685,38147,38147,19700,17534
256,0,8673,19173,19173,19980,18652
257,0,4394,14894,14894,35539,35375
258,0,22859,37549,37549,10795,37736
259,0,23213,37290,37290,11024,35113
260,0,25135,36379,36379,12407,36378
261,0,10063,20563,20563,17446,16831
262,0,4348,14848,14848,19857,19193
263,0,24630,35812,35812,12926,19143
264,0,23595,38802,38802,20258,20553
265,0,7476,17976,17976,10788,19489
266,0,7254,17754,17754,11070,15957
267,0,7840,18340,18340,20318,35817
268,0,5001,15501,15501,13946,11099
269,0,5610,16110,16110,16429,36169
270,0,6367,16867,16867,39566,20251
271,0,973,11473,11473,10852,15586
272,0,4999,15499,15499,35934,37113
273,0,4299,14799,14799,19401,19626
274,0,5019,15519,15519,38879,19574
275,0,3653,14153,14153,19250,35329
276,0,24983,36820,36820,16368,38277
277,0,10242,20742,20742,17527,18295
278,0,3088,13588,13588,37739,19971
279,0,5456,15956,15956,17197,16689
280,0,5662,16162,16162,17710,37178
281,0,8701,19201,19201,12664,37764
282,0,5805,16305,16305,15504,17683
283,0,24665,38675,38675,20999,36790
284,0,10,10510,10510,19232,15533
285,0,2647,13147,13147,12505,39262
286,0,25360,36377,36377,15219,13023
287,0,1426,11926,11926,15065,37706
288,0,21418,36693,36693,16194,16992
289,0,3265,13765,13765,13701,12366
290,0,22990,36356,36356,19967,17978
291,0,22316,36534,36534,15415,38902
292,0,25350,37550,37550,20042,14946
293,0,21801,37831,37831,19042,10756
294,0,1215,11715,11715,15052,15509
295,0,22891,36334,36334,38083,16593
296,0,22382,38484,38484,39263,13252
297,0,22878,38179,38179,20740,13336
298,0,9490,19990,19990,20122,13093
299,0,6702,17202,17202,18905,20280
300,0,323,10823,10823,14219,11013
301,0,1344,11844,11844,13183,20379
302,0,4457,14957,14957,36465,17628
303,0,25128,36497,36497,36526,16489
304,0,909,11409,11409,38916,11059
305,0,10141,20641,20641,14544,13342
306,0,3399,13899,13899,12209,36842
307,0,496,10996,10996,38225,35507
308,0,9349,19849,19849,17503,18011
309,0,23376,37602,37602,18897,19532
310,0,10285,20785,20785,38269,15706
311,0,5312,15812,15812,15222,12019
312,0,24460,37398,37398,15997,15988
313,0,3470,13970,13970,19571,13737
314,0,24369,38649,38649,20681,19703
315,0,6848,17348,17348,12430,36307
316,0,4365,14865,14865,15128,37448
317,0,10356,20856,20856,17838,35522
318,0,1195,11695,11695,14699,17567
319,0,21718,36676,36676,16808,38889
320,0,1423,11923,11923,39397,39519
321,0,5477,15977,15977,39244,38058
322,0,256,10756,10756,37831,12993
323,0,21713,37227,37227,12104,11450
324,0,23156,37874,37874,17864,11692
325,0,288,10788,10788,12331,16017
326,0,8412,18912,18912,20318,35158
327,0,21831,39063,39063,35571,18385
328,0,8919,19419,19419,14747,19969
329,0,10089,20589,20589,20074,35422
330,0,21307,37538,37538,11378,16673
331,0,4484,14984,14984,18484,14552
332,0,23999,38885,38885,18985,20178
333,0,7515,18015,18015,15586,10852
334,0,7070,17570,17570,13930,14933
335,0,1232,11732,11732,38908,18965
336,0,9366,19866,19866,18157,37835
337,0,5553,16053,16053,19548,12753
338,0,2675,13175,13175,37656,13546
339,0,1112,11612,11612,15047,14010
340,0,4919,15419,15419,10608,13066
341,0,24539,37085,37085,14862,11705
342,0,267,10767,10767,37512,37368
343,0,23113,35333,35333,11704,17493
344,0,6497,16997,16997,16790,38690
345,0,5318,15818,15818,35290,39330
346,0,21866,36758,36758,20788,19655
347,0,7672,18172,18172,15928,37791
348,0,3048,13548,13548,16354,18171
349,0,6167,16667,16667,20807,19266
350,0,8117,18617,18617,12215,14054
351,0,1379,11879,11879,13216,13499
352,0,23883,36419,36419,11254,16409
353,0,24710,36114,36114,14283,14785
354,0,9606,20106,20106,38151,17870
355,0,4759,15259,15259,39166,12658
356,0,9574,20074,20074,18061,15265
357,0,5502,16002,16002,19332,15236
358,0,21050,38514,38514,10636,17323
359,0,3790,14290,14290,14250,18930
360,0,620,11120,11120,13470,37436
361,0,652,11152,11152,19347,20315
362,0,5723,16223,16223,18356,16025
363,0,23800,37368,37368,13309,39443
364,0,3473,13973,13973,20422,37356
365,0,21754,36930,36930,11629,35687
366,0,5028,15528,15528,37447,19035
367,0,6836,17336,17336,37250,18018
368,0,6271,16771,16771,14080,14068
369,0,25065,36344,36344,11134,14072
370,0,2516,13016,13016,35208,36728
371,0,22022,36613,36613,20208,35824
372,0,22169,36075,36075,12662,14492
373,0,7076,17576,17576,14624,17619
374,0,25034,37897,37897,17340,14735
375,0,8223,18723,18723,14978,35219
376,0,25023,35385,35385,16689,15956
377,0,21457,39163,39163,10789,17810
378,0,3603,14103,14103,38246,18786
379,0,24014,36337,36337,15518,35590
380,0,23191,38847,38847,10917,37468
381,0,5458,15958,15958,12606,38153
382,0,22379,36570,36570,15069,19802
383,0,1506,12006,12006,12045,35857
384,0,8336,18836,18836,19727,16979
385,0,24280,37590,37590,20238,12943
386,0,23064,39318,39318,37291,36548
387,0,24805,35520,35520,20777,13703
388,0,22241,36970,36970,19370,19097
389,0,25087,38752,38752,38760,19721
390,0,21310,39222,39222,10569,12997
391,0,4890,15390,15390,16180,12670
392,0,730,11230,11230,11734,12496
393,0,7021,17521,17521,13505,14782
394,0,23115,38085,38085,37154,19965
395,0,8470,18970,18970,38258,38694
396,0,8534,19034,19034,17588,12392
397,0,1745,12245,12245,15127,10633
398,0,3853,14353,14353,13324,11069
399,0,25276,37003,37003,11318,15856
400,0,22917,39231,39231,20897,13679
401,0,2709,13209,13209,18881,11490
402,0,9761,20261,20261,16645,20271
403,0,3388,13888,13888,39196,17718
404,0,24191,39281,39281,11938,15151
405,0,23308,36701,36701,14017,11149
406,0,22193,39314,39314,36967,38178
407,0,5640,16140,16140,39568,36977
408,0,8314,18814,18814,37092,11595
409,0,3126,13626,13626,35890,39352
410,0,1156,11656,11656,36192,38650
411,0,9825,20325,20325,10962,16615
412,0,32,10532,10532,17843,36272
413,0,10122,20622,20622,12381,39077
414,0,22641,36224,36224,35371,18114
415,0,1336,11836,11836,14476,19788
416,0,25205,38128,38128,15082,39196
417,0,24803,35393,35393,35394,39109
418,0,21394,37436,37436,11120,37947
419,0,8824,19324,19324,14809,18157
420,0,1610,12110,12110,19471,16035
421,0,939,11439,11439,38483,11500
422,0,5381,15881,15881,35126,17514
423,0,4023,14523,14523,15290,37301
424,0,6243,16743,16743,37778,17897
425,0,21233,37813,37813,35939,15313
426,0,24308,35626,35626,13776,39005
427,0,745,11245,11245,20695,38884
428,0,4083,14583,14583,20771,12235
429,0,9640,20140,20140,35504,36560
430,0,2877,13377,13377,11012,36419
431,0,4963,15463,15463,15405,20069
432,0,4701,15201,15201,11165,15992
433,0,1741,12241,12241,14004,13840
434,0,9271,19771,19771,35284,19266
435,0,2651,13151,13151,38857,14332
436,0,5665,16165,16165,37432,13802
437,0,3002,13502,13502,15397,19778
438,0,1821,12321,12321,35221,16312
439,0,25486,37977,37977,13741,13861
440,0,1330,11830,11830,19001,35914
441,0,21461,39477,39477,19605,38314
442,0,957,11457,11457,14423,16070
443,0,2110,12610,12610,11239,37463
444,1,5399,15899,11773,15899,19068
445,0,4691,15191,15191,13989,14974
446,0,1660,12160,12160,14773,19227
447,0,24105,38396,38396,37292,17596
448,0,5106,15606,15606,11413,19324
449,0,22536,37947,37947,13207,37436
450,0,655,11155,11155,19069,16655
451,0,21529,36638,36638,38738,19680
452,0,25320,39438,39438,14679,15043
453,0,24147,38579,38579,35361,10805
454,0,7974,18474,18474,38520,37950
455,0,8612,19112,19112,12601,15125
456,0,6883,17383,17383,17246,38563
457,0,2199,12699,12699,14835,14789
458,0,2960,13460,13460,36082,13278
459,0,4640,15140,15140,20969,13636
460,0,9164,19664,19664,17352,17533
461,0,21007,37634,37634,15472,38400
462,0,23267,36017,36017,12017,18214
463,0,5868,16368,16368,14405,36820
464,0,24653,36143,36143,11943,38334
465,0,1405,11905,11905,35706,13350
466,0,22315,35297,35297,18558,17631
467,0,2625,13125,13125,15022,11952
468,0,9132,19632,19632,17312,36598
469,0,5206,15706,15706,20785,38269
470,0,6084,16584,16584,18735,37942
471,0,4972,15472,15472,38400,37634
472,0,3148,13648,13648,37776,11287
473,0,8944,19444,19444,12893,19625
474,0,2873,13373,13373,37749,38426
475,1,3916,14416,19759,14416,39331
476,0,5267,15767,15767,15412,16960
477,0,6400,16900,16900,20587,36743
478,0,6561,17061,17061,11322,37219
479,0,8021,18521,18521,17489,15556
480,0,76,10576,10576,35407,16419
481,0,23590,35962,35962,36558,17107
482,0,9015,19515,19515,38198,11978
483,0,22842,38527,38527,15759,14405
484,0,4947,15447,15447,35791,38169
485,0,7822,18322,18322,19953,20533
486,0,2260,12760,12760,36302,11890
487,0,1775,12275,12275,35683,19556
488,0,5117,15617,15617,14576,14044
489,0,7248,17748,17748,37361,19217
490,0,93,10593,10593,16896,13386
491,0,22211,37869,37869,17074,20088
492,0,4007,14507,14507,16138,16316
493,0,7407,17907,17907,37964,20814
494,0,24864,35498,35498,38692,19730
495,0,6529,17029,17029,12158,16208
496,0,4810,15310,15310,38278,11267
497,0,3181,13681,13681,35579,11952
498,0,23487,38984,38984,19670,20081
499,0,1076,11576,11576,37526,20893
500,0,2338,12838,12838,13786,12288
501,0,5799,16299,16299,17904,17122
502,0,1885,12385,12385,15198,16075
503,0,5912,16412,16412,19316,11867
504,0,9875,20375,20375,13039,36614
505,0,4323,14823,14823,12751,14521
506,0,4949,15449,15449,14888,37988
507,0,5859,16359,16359,16061,18051
508,0,10000,20500,20500,15066,15857
509,0,6903,17403,17403,13686,20496
510,0,2759,13259,13259,38246,20240
511,0,24504,39528,39528,13645,39017
512,0,7885,18385,18385,17945,16539
513,0,4030,14530,14530,12755,11722
514,0,3352,13852,13852,14231,18934
515,0,1437,11937,11937,38548,16693
516,0,1233,11733,11733,20428,19510
517,0,8351,18851,18851,39192,36620
518,0,4281,14781,14781,38168,16556
519,0,5066,15566,15566,15963,35932
520,0,6728,17228,17228,37675,11665
521,0,3102,13602,13602,37984,12398
522,0,2465,12965,12965,17891,17830
523,0,7768,18268,18268,14266,13154
524,0,6929,17429,17429,38089,14566
525,0,449,10949,10949,36033,39246
526,0,5239,15739,15739,16752,38930
527,0,22279,37532,37532,13148,19690
528,0,3621,14121,14121,16158,18654
529,0,2317,12817,12817,18397,17446
530,0,6071,16571,16571,36496,37007
531,0,2185,12685,12685,38378,17566
532,0,4477,14977,14977,14983,17232
533,1,1890,12390,13489,12390,18054
534,0,1155,11655,11655,35417,18812
535,0,6061,16561,16561,14595,36072
536,0,7953,18453,18453,16042,16176
537,0,25256,38123,38123,37392,17619
538,0,1728,12228,12228,37894,15406
539,0,5151,15651,15651,17398,35316
540,0,24894,37836,37836,13449,18999
541,0,7685,18185,18185,13809,15406
542,0,22255,35451,35451,36749,39546
543,0,24622,35833,35833,11961,18434
544,0,10481,20981,20981,14018,20310
545,0,4392,14892,14892,37927,10526
546,0,8495,18995,18995,17714,38011
547,0,2503,13003,13003,20638,11641
548,0,9498,19998,19998,20837,20138
549,0,2463,12963,12963,36732,36958
550,0,5715,16215,16215,36006,13652
551,0,2846,13346,13346,19729,17238
552,0,9535,20035,20035,36106,36438
553,0,22194,37064,37064,35353,17386
554,0,1612,12112,12112,38092,15502
555,0,6234,16734,16734,15044,12927
556,0,2191,12691,12691,16967,15505
557,0,1729,12229,12229,16629,17911
558,0,25195,38434,38434,12629,10578
559,0,25470,36146,36146,38905,38182
560,0,10427,20927,20927,20375,16375
561,0,8176,18676,18676,38756,39441
562,0,9623,20123,20123,18054,20214
563,0,24810,37197,37197,15966,13009
564,0,23277,39272,39272,18895,15951
565,0,24523,37867,37867,14332,20047
566,0,23575,38520,38520,18474,16339
567,0,4047,14547,14547,17296,18783
568,0,5687,16187,16187,12308,17715
569,0,8296,18796,18796,20988,13574
570,0,7676,18176,18176,36057,37354
571,0,24846,35553,35553,37376,17564
572,0,4240,14740,14740,13375,20680
573,0,6670,17170,17170,17199,19116
574,0,7306,17806,17806,18281,37068
575,0,2755,13255,13255,20276,35986
576,0,2492,12992,12992,14493,20794
577,0,3139,13639,13639,15939,14675
578,0,8544,19044,19044,38325,13194
579,0,25327,37827,37827,18479,14912
580,0,22364,37788,37788,39064,38661
581,0,3272,13772,13772,16369,11044
582,0,22570,37363,37363,11338,17556
583,0,8408,18908,18908,15997,35977
584,0,2889,13389,13389,20175,18260
585,0,22111,35764,35764,38448,37136
586,0,788,11288,11288,14854,13642
587,0,23776,37554,37554,11354,37555
588,0,9818,20318,20318,18912,18340
589,0,7841,18341,18341,15340,36270
590,0,7301,17801,17801,13328,20057
591,0,7466,17966,17966,14878,12604
592,0,5678,16178,16178,16669,15446
593,0,9517,20017,20017,38938,20933
594,0,3377,13877,13877,20196,19510
595,0,4527,15027,15027,15824,18533
596,0,23628,37616,37616,17297,19746
597,0,1780,12280,12280,38219,20360
598,0,6756,17256,17256,15698,19418
599,0,2959,13459,13459,11603,16418
600,0,24536,39546,39546,38089,35451
601,0,23596,35540,35540,13152,12348
602,0,349,10849,10849,17757,35515
603,0,22867,38453,38453,15740,10742
604,0,5843,16343,16343,11221,20089
605,0,3349,13849,13849,14879,11492
606,0,42,10542,10542,35265,17569
607,0,801,11301,11301,15961,19150
608,0,3529,14029,14029,18063,14993
609,0,25069,36325,36325,38817,13341
610,0,981,11481,11481,18702,13820
611,0,3458,13958,13958,18862,13793
612,0,6451,16951,16951,37095,38177
613,0,24800,39357,39357,11401,20214
614,0,7590,18090,18090,37245,37382
615,0,8009,18509,18509,37094,14590
616,0,6714,17214,17214,37206,17991
617,0,8507,19007,19007,14021,14412
618,0,23639,35513,35513,19409,19794
619,0,8366,18866,18866,11807,19111
620,0,21113,36279,36279,15337,37739
621,0,2756,13256,13256,18611,16947
622,0,7188,17688,17688,39350,12309
623,0,916,11416,11416,13716,13705
624,0,4617,15117,15117,18439,13662
625,0,1616,12116,12116,39016,20926
626,0,25382,35196,35196,14527,36054
627,0,24291,37923,37923,18801,12806
628,0,2146,12646,12646,39232,11665
629,0,7191,17691,17691,11323,15218
630,0,1833,12333,12333,15667,13986
631,0,5964,16464,16464,16939,20117
632,0,23129,38978,38978,14376,36146
633,0,5508,16008,16008,13084,36008
634,0,7405,17905,17905,35353,36001
635,0,4714,15214,15214,38516,39104
636,0,5714,16214,16214,37079,10647
637,0,9699,20199,20199,37774,18380
638,0,25332,35368,35368,19758,36044
639,0,782,11282,11282,20473,12060
640,0,6173,16673,16673,37538,11378
641,0,7523,18023,18023,38606,16126
642,138,5396,15896,17666,19883,12039
643,0,23131,39157,39157,14554,13206
644,0,24825,37113,37113,15499,18315
645,0,9035,19535,19535,13912,10709
646,0,4838,15338,15338,36121,15633
647,0,2401,12901,12901,20711,14982
648,0,7663,18163,18163,38095,16861
649,0,4205,14705,14705,15075,20415
650,0,4641,15141,15141,17429,37409
651,0,2152,12652,12652,12412,11538
652,0,5550,16050,16050,11254,20864
653,0,2947,13447,13447,39317,20435
654,0,9564,20064,20064,13056,18015
655,0,8028,18528,18528,12916,18252
656,0,3878,14378,14378,18011,36815
657,0,5936,16436,16436,36773,16279
658,0,7207,17707,17707,15333,14235
659,0,5364,15864,15864,13819,18333
660,0,22696,35460,35460,12501,36362
661,0,7255,17755,17755,11048,12598
662,0,22494,39195,39195,12902,11302
663,0,8063,18563,18563,19992,38202
664,0,3023,13523,13523,38719,36460
665,0,24283,35442,35442,19667,20757
666,0,3541,14041,14041,16395,12690
667,0,3279,13779,13779,14329,37060
668,0,8423,18923,18923,35347,20852
669,0,6740,17240,17240,19778,12570
670,0,25449,38876,38876,15035,36043
671,0,8753,19253,19253,35987,12807
672,0,22724,35405,35405,20465,20376
673,0,2804,13304,13304,11219,17496
674,0,2211,12711,12711,11901,37052
675,0,23417,37136,37136,37042,17865
676,0,8237,18737,18737,37381,19071
677,0,22407,35575,35575,16885,12913
678,0,3133,13633,13633,20444,13345
679,0,7132,17632,17632,19653,36215
680,0,8842,19342,19342,20726,11001
681,0,7781,18281,18281,17806,17393
682,0,4320,14820,14820,20286,16969
683,0,6853,17353,17353,12474,17627
684,0,2107,12607,12607,18454,14661
685,0,5128,15628,15628,12531,37369
686,0,9648,20148,20148,16199,16322
687,0,23574,35914,35914,19280,11830
688,0,3973,14473,14473,12468,36543
689,0,21268,35457,35457,11916,11743
690,0,3034,13534,13534,36637,17029
691,0,21016,35408,35408,36576,13464
692,0,9734,20234,20234,38471,11387
693,0,4663,15163,15163,38181,20247
694,0,8394,18894,18894,17035,36625
695,0,3286,13786,13786,12838,17378
696,0,2367,12867,12867,18716,38974
697,0,9698,20198,20198,19624,10598
698,0,24608,36117,36117,37484,11729
699,0,440,10940,10940,15444,11532
700,0,23559,37228,37228,20218,13986
701,0,24415,36648,36648,20643,35355
702,0,7887,18387,18387,20816,16057
703,0,4692,15192,15192,20832,17219
704,0,23205,38017,38017,12583,18261
705,0,9315,19815,19815,14945,10698
706,0,9845,20345,20345,19448,12208
707,0,1224,11724,11724,15276,10600
708,0,8541,19041,19041,19676,18254
709,0,2592,13092,13092,14721,14655
710,0,3247,13747,13747,13991,13541
711,0,2812,13312,13312,20397,36453
712,0,25136,39284,39284,11952,35579
713,0,6857,17357,17357,18980,35734
714,0,8233,18733,18733,13593,16540
715,0,2691,13191,13191,35642,14424
716,0,4132,14632,14632,36580,13747
717,0,6745,17245,17245,18398,12413
718,0,6779,17279,17279,11892,16998
719,0,2249,12749,12749,16945,12178
720,0,2552,13052,13052,39165,36338
721,0,8674,19174,19174,38593,13487
722,0,21950,35142,35142,11928,19097
723,0,10067,20567,20567,38407,14100
724,0,7342,17842,17842,16624,11648
725,0,3649,14149,14149,39170,17457
726,0,380,10880,10880,20189,18840
727,0,21010,35958,35958,17273,13585
728,0,5749,16249,16249,12024,39168
729,0,7210,17710,17710,38366,38757
730,0,23024,39009,39009,14148,36792
731,0,8015,18515,18515,37600,11197
732,0,1360,11860,11860,16746,16090
733,0,3196,13696,13696,39297,20884
734,0,2037,12537,12537,15263,18470
735,0,486,10986,10986,38251,18517
736,0,9935,20435,20435,13447,19273
737,0,23429,36610,36610,17590,15470
738,0,783,11283,11283,18205,12793
739,0,8126,18626,18626,36505,18093
740,0,7034,17534,17534,38147,36810
741,0,10100,20600,20600,19699,13736
742,0,24104,39391,39391,10651,39472
743,0,3238,13738,13738,16649,19534
744,0,6369,16869,16869,13487,19749
745,0,9755,20255,20255,35555,13077
746,0,22961,35947,35947,39467,13135
747,0,10252,20752,20752,11095,12753
748,0,22358,39555,39555,36922,16250
749,0,8355,18855,18855,39253,20935
750,0,6590,17090,17090,38121,38034
751,0,8198,18698,18698,13055,18814
752,0,24383,37904,37904,17153,15074
753,0,1915,12415,12415,19775,15888
754,0,8543,19043,19043,12582,37330
755,0,9718,20218,20218,37500,37228
756,0,7582,18082,18082,35940,15388
757,0,23441,35224,35224,36282,15690
758,0,23700,36599,36599,39077,15096
759,0,3464,13964,13964,15281,37614
760,0,2138,12638,12638,14222,37357
761,0,23477,38121,38121,38034,17090
762,0,25232,36578,36578,11920,38468
763,0,742,11242,11242,14719,19487
764,0,8568,19068,19068,37923,13289
765,0,24675,36123,36123,15552,13135
766,0,9774,20274,20274,13295,14183
767,0,6759,17259,17259,16602,39548
768,0,23271,38662,38662,11498,39269
769,0,21924,38455,38455,19031,20774
770,0,4480,14980,14980,20929,12735
771,0,3442,13942,13942,13479,14768
772,1,21341,36454,11723,36454,19847
773,0,4521,15021,15021,16784,20857
774,0,2847,13347,13347,38522,39080
775,0,24349,38659,38659,14411,36918
776,0,23611,37502,37502,37668,12527
777,0,7018,17518,17518,18060,17529
778,0,9178,19678,19678,39198,20230
779,0,25126,39197,39197,39308,37130
780,0,6865,17365,17365,13597,38563
781,0,6698,17198,17198,38874,20979
782,0,24839,38815,38815,36980,38572
783,0,25408,38077,38077,35985,17973
784,0,6355,16855,16855,10785,19488
785,0,1834,12334,12334,17764,11629
786,0,9684,20184,20184,13168,18033
787,0,8897,19397,19397,36011,37490
788,0,22419,37177,37177,38775,16145
789,0,23365,39457,39457,38475,19218
790,0,5703,16203,16203,39054,38064
791,0,4801,15301,15301,19916,12264
792,0,9303,19803,19803,38561,13322
793,0,24673,35371,35371,10687,36224
794,0,22749,38015,38015,15347,38067
795,0,9436,19936,19936,16461,19498
796,0,3003,13503,13503,19245,18929
797,0,23,10523,10523,15444,19835
798,0,21559,36598,36598,19632,17312
799,0,3524,14024,14024,17626,39336
800,0,25100,35550,35550,12125,10953
801,0,24102,36754,36754,39577,19942
802,0,9629,20129,20129,10814,18145
803,0,1309,11809,11809,20261,38114
804,0,23215,39011,39011,35132,19050
805,11,8395,18895,16682,15661,16902
806,0,3475,13975,13975,16597,13247
807,0,789,11289,11289,15393,38679
808,0,21971,36478,36478,12941,38336
809,1,21740,36500,15299,36500,15169
810,0,7015,17515,17515,14927,12740
811,0,3284,13784,13784,37501,36692
812,0,6463,16963,16963,18118,14695
813,0,2514,13014,13014,15997,36499
814,0,6145,16645,16645,18495,20261
815,0,4385,14885,14885,38270,12611
816,0,22560,35551,35551,18711,19145
817,0,4905,15405,15405,15463,14659
818,0,8732,19232,19232,10510,15533
819,0,24374,37622,37622,36873,13057
820,0,21036,38919,38919,19510,13877
821,0,5446,15946,15946,11148,12168
822,0,9419,19919,19919,16255,16731
823,0,3688,14188,14188,11205,39533
824,0,1395,11895,11895,37694,36769
825,0,21196,39333,39333,38259,11358
826,0,22815,35465,35465,36289,11129
827,0,5006,15506,15506,19354,19008
828,0,5357,15857,15857,14311,15066
829,0,22532,39513,39513,19169,35449
830,2,7864,18364,36685,38835,18364
831,0,5257,15757,15757,19996,17543
832,0,5632,16132,16132,12087,17932
833,0,6805,17305,17305,20149,13469
834,0,9581,20081,20081,38984,19670
835,0,25296,38426,38426,36810,35096
836,0,5434,15934,15934,13683,39467
837,0,7416,17916,17916,14316,11545
838,0,10333,20833,20833,39466,12119
839,0,8128,18628,18628,15551,13351
840,0,25209,37825,37825,38502,35905
841,0,5883,16383,16383,18355,11784
842,0,9487,19987,19987,14167,37170
843,0,3301,13801,13801,39196,14267
844,0,23346,37404,37404,12176,39256
845,0,10284,20784,20784,39109,37497
846,0,21174,35389,35389,16954,16080
847,0,23623,39165,39165,14023,13052
848,0,712,11212,11212,38955,39398
849,0,4279,14779,14779,18504,35582
850,0,25462,39030,39030,17922,16823
851,0,8763,19263,19263,20908,14935
852,0,23460,35910,35910,15327,18601
853,0,10424,20924,20924,15437,10986
854,0,1822,12322,12322,36921,19314
855,0,9411,19911,19911,14159,20512
856,0,6245,16745,16745,35998,37648
857,0,7525,18025,18025,14171,38929
858,0,21346,38640,38640,35932,15597
859,0,22165,38270,38270,14885,12272
860,0,8420,18920,18920,37879,15274
861,0,1977,12477,12477,17399,35164
862,0,23446,36496,36496,16571,36659
863,0,3264,13764,13764,13530,19475
864,0,23849,35778,35778,15309,12490
865,0,4834,15334,15334,17854,37319
866,0,5061,15561,15561,10618,15069
867,0,252,10752,10752,17582,39496
868,0,24587,38942,38942,38108,14536
869,0,2098,12598,12598,20358,17755
870,0,6244,16744,16744,14486,36125
871,0,22162,38079,38079,20068,15776
872,0,3671,14171,14171,18025,16736
873,0,24338,35392,35392,19630,39134
874,0,23745,35226,35226,15619,15899
875,0,7613,18113,18113,14637,38048
876,0,23765,38393,38393,11800,36461
877,0,4416,14916,14916,38707,14374
878,0,22769,38733,38733,37672,12385
879,0,10113,20613,20613,14479,13658
880,0,5857,16357,16357,18038,36244
881,0,8645,19145,19145,35551,18711
882,0,6415,16915,16915,16675,35748
883,0,6914,17414,17414,11040,13873
884,0,22707,36466,36466,19060,38283
885,0,2934,13434,13434,18461,36461
886,0,6017,16517,16517,35442,19667
887,0,8229,18729,18729,35641,35640
888,0,9294,19794,19794,35513,19787
889,0,8360,18860,18860,11285,17483
890,0,6562,17062,17062,14856,13641
891,0,22728,39497,39497,14719,11242
892,0,23850,36728,36728,20370,36727
893,0,8344,18844,18844,36752,16094
894,0,24421,37871,37871,20598,36792
895,0,22348,37537,37537,38887,35779
896,0,7073,17573,17573,15150,19357
897,0,56,10556,10556,14785,11201
898,0,3412,13912,13912,10709,19535
899,0,5584,16084,16084,36071,38583
900,0,2855,13355,13355,36817,12966
901,0,6209,16709,16709,15249,17299
902,0,2986,13486,13486,13990,17099
903,0,9553,20053,20053,15147,39205
904,0,5999,16499,16499,12015,39246
905,0,24919,37032,37032,38658,12128
906,0,23727,37397,37397,11100,20458
907,0,6189,16689,16689,35385,15956
908,0,9943,20443,20443,10732,19416
909,0,8348,18848,18848,37826,20867
910,0,23933,36380,36380,37710,39383
911,0,4722,15222,15222,15812,12019
912,0,8292,18792,18792,38686,20514
913,0,7425,17925,17925,37525,18061
914,0,4472,14972,14972,17663,12765
915,0,8781,19281,19281,14096,37533
916,0,23046,35643,35643,19321,16760
917,0,2188,12688,12688,10954,19956
918,0,6461,16961,16961,10723,20753
919,0,4049,14549,14549,38134,14908
920,0,23296,38168,38168,16556,14781
921,0,21037,37856,37856,11055,35268
922,0,22737,38108,38108,38942,16017
923,0,7391,17891,17891,12965,17830
924,0,3544,14044,14044,38863,14576
925,0,519,11019,11019,36030,12156
926,0,7689,18189,18189,13465,36801
927,0,4508,15008,15008,39081,36298
928,0,22629,36523,36523,19918,35754
929,0,6641,17141,17141,11181,37112
930,2,5263,15763,12697,11292,15763
931,0,8139,18639,18639,17648,19931
932,0,6916,17416,17416,16483,35160
933,0,227,10727,10727,16059,12285
934,0,8741,19241,19241,15359,12427
935,0,23394,36317,36317,39180,18252
936,0,8147,18647,18647,19188,15847
937,0,7621,18121,18121,10889,37599
938,0,8127,18627,18627,14477,12700
939,0,23683,38603,38603,36411,39189
940,0,22323,38589,38589,37747,15813
941,0,10125,20625,20625,39118,17011
942,0,1699,12199,12199,17427,16238
943,0,21468,39505,39505,13174,37608
944,0,22834,37606,37606,38679,12887
945,0,1877,12377,12377,12940,15051
946,0,513,11013,11013,10823,19507
947,0,8046,18546,18546,13562,13219
948,0,9246,19746,19746,11446,35131
949,0,24625,35683,35683,12275,15984
950,0,9612,20112,20112,12943,37085
951,0,6886,17386,17386,35353,14502
952,0,6119,16619,16619,10521,14681
953,0,21913,35107,35107,16767,37509
954,0,23881,38170,38170,14880,16772
955,0,7899,18399,18399,15353,11283
956,0,10310,20810,20810,17895,18388
957,0,21142,38583,38583,36071,16084
958,0,2916,13416,13416,18220,37536
959,0,25129,38645,38645,35244,13081
960,0,480,10980,10980,15057,19176
961,0,23519,35504,35504,20140,17946
962,0,9603,20103,20103,16992,18699
963,0,2577,13077,13077,35555,19214
964,0,5804,16304,16304,20618,11287
965,0,23212,38187,38187,39324,38092
966,0,8364,18864,18864,37215,18087
967,0,5858,16358,16358,18510,13597
968,0,24829,38719,38719,13523,36460
969,0,5272,15772,15772,13808,11680
970,0,9932,20432,20432,15408,14753
971,0,8651,19151,19151,35176,11722
972,0,1596,12096,12096,37495,20311
973,0,22655,37898,37898,19592,16377
974,0,3896,14396,14396,19518,14996
975,0,23476,35152,35152,17119,37037
976,0,1349,11849,11849,13442,17683
977,0,9072,19572,19572,12376,17537
978,0,10092,20592,20592,36725,15740
979,0,3777,14277,14277,17919,16276
980,0,22238,35670,35670,18543,20767
981,0,24984,35924,35924,36977,11632
982,0,21219,39174,39174,17301,12019
983,0,4050,14550,14550,15899,12799
984,0,23318,35108,35108,12262,19716
985,0,23785,36221,36221,12542,37451
986,0,24080,37047,37047,36697,11834
987,0,24860,39366,39366,37725,12671
988,0,2762,13262,13262,12035,18144
989,0,23114,39336,39336,13431,18956
990,0,6387,16887,16887,12772,15156
991,0,3685,14185,14185,17737,10831
992,0,5062,15562,15562,35878,18159
993,0,3602,14102,14102,18210,38082
994,0,22637,36359,36359,19267,16797
995,0,21141,39371,39371,39434,35635
996,0,1446,11946,11946,14509,20633
997,0,9373,19873,19873,13705,14939
998,0,1020,11520,11520,15572,11041
999,0,705,11205,11205,14188,37920
1000,0,6427,16927,16927,39039,14663
1001,0,1866,12366,12366,13860,14268
1002,0,23898,37424,37424,36846,36560
1003,0,7487,17987,17987,11175,18238
1004,0,6939,17439,17439,15970,35158
1005,0,21812,36313,36313,18268,38979
1006,0,2574,13074,13074,20005,14010
1007,0,24484,36694,36694,37674,10966
1008,0,2956,13456,13456,12059,14451
1009,0,8054,18554,18554,18018,17336
1010,0,3742,14242,14242,11945,20515
1011,0,3914,14414,14414,15748,12967
1012,0,9320,19820,19820,14620,20127
1013,0,25066,35505,35505,18392,20539
1014,0,1419,11919,11919,18408,10726
1015,0,1103,11603,11603,13459,39097
1016,0,6699,17199,17199,39433,13020
1017,0,24935,36965,36965,12552,10615
1018,0,7839,18339,18339,39369,14279
1019,0,10358,20858,20858,13343,11759
1020,0,1558,12058,12058,38832,19960
1021,0,6556,17056,17056,38232,15611
1022,0,7091,17591,17591,20837,10743
1023,0,8441,18941,18941,39363,15754
1024,0,24019,37412,37412,15079,18184
1025,0,3523,14023,14023,17622,39165
1026,0,4542,15042,15042,36254,20150
1027,0,34,10534,10534,39228,13263
1028,0,3400,13900,13900,11363,35291
1029,0,21661,39115,39115,19068,17431
1030,0,5605,16105,16105,38834,13682
1031,0,8821,19321,19321,35643,37495
1032,0,23892,39483,39483,15712,38960
1033,0,7233,17733,17733,14139,36513
1034,0,2652,13152,13152,35540,38297
1035,0,5328,15828,15828,38459,13015
1036,0,5905,16405,16405,11388,16965
1037,0,5945,16445,16445,38485,37418
1038,0,23984,37946,37946,17547,19339
1039,0,22826,36788,36788,36987,14229
1040,0,21111,36836,36836,15123,35808
1041,0,23621,36591,36591,13858,17954
1042,0,292,10792,10792,14250,16141
1043,0,2836,13336,13336,20740,38179
1044,0,23359,35538,35538,37314,36430
1045,0,22154,37862,37862,14132,20618
1046,0,21372,36144,36144,16668,18556
1047,0,2870,13370,13370,17499,11483
1048,0,7677,18177,18177,20946,39150
1049,0,8249,18749,18749,37301,14523
1050,0,10317,20817,20817,37377,17564
1051,0,23049,35131,35131,20589,19405
1052,0,9119,19619,19619,14021,19007
1053,0,7567,18067,18067,13327,10828
1054,0,22542,38705,38705,15041,11443
1055,0,1318,11818,11818,14683,20635
1056,0,2730,13230,13230,35360,35240
1057,0,10221,20721,20721,16162,39336
1058,0,6290,16790,16790,16997,37463
1059,0,21467,35266,35266,14068,38273
1060,0,22642,37801,37801,13938,35264
1061,0,4879,15379,15379,19577,39214
1062,0,10423,20923,20923,18429,18504
1063,0,9088,19588,19588,35580,13373
1064,0,25028,36000,36000,13021,13353
1065,0,24718,38281,38281,19441,38266
1066,0,2228,12728,12728,35594,20619
1067,0,2641,13141,13141,14954,17967
1068,0,4418,14918,14918,37171,17368
1069,0,9460,19960,19960,10895,11496
1070,0,6505,17005,17005,11102,12225
1071,0,6194,16694,16694,20047,20301
1072,0,5921,16421,16421,13885,11955
1073,0,6872,17372,17372,35861,15455
1074,0,356,10856,10856,19480,18814
1075,0,8076,18576,18576,36996,11575
1076,0,24995,35755,35755,35350,12756
1077,0,21248,38399,38399,12261,38398
1078,0,8444,18944,18944,12961,19414
1079,0,4584,15084,15084,13703,36886
1080,0,837,11337,11337,36064,19828
1081,0,266,10766,10766,11007,20514
1082,0,2006,12506,12506,19892,12911
1083,0,8803,19303,19303,20330,11752
1084,0,22031,35429,35429,18993,35274
1085,0,2362,12862,12862,17694,12982
1086,0,23263,36543,36543,14473,37421
1087,0,22095,37463,37463,39087,17210
1088,0,23347,38761,38761,19729,12438
1089,0,23524,39184,39184,37270,18369
1090,0,10283,20783,20783,15972,17472
1091,0,9736,20236,20236,18958,16015
1092,0,826,11326,11326,35344,38255
1093,0,9754,20254,20254,11862,20124
1094,0,4253,14753,14753,15408,20432
1095,0,6053,16553,16553,38439,19142
1096,0,22354,37949,37949,38911,10743
1097,0,8283,18783,18783,37770,14547
1098,0,1441,11941,11941,36612,11629
1099,0,3066,13566,13566,39549,17081
1100,0,21330,35997,35997,14039,10958
1101,0,2748,13248,13248,20187,35159
1102,0,7388,17888,17888,36057,18611
1103,0,9034,19534,19534,13738,16649
1104,0,3061,13561,13561,19064,37614
1105,0,889,11389,11389,11910,35594
1106,0,21416,38078,38078,14789,17915
1107,0,23375,37146,37146,37147,19384
1108,0,25282,38775,38775,37177,37306
1109,0,1963,12463,12463,16700,19371
1110,0,3125,13625,13625,13846,20154
1111,0,23430,36400,36400,20268,13343
1112,0,6101,16601,16601,19567,15322
1113,0,1127,11627,11627,16602,39548
1114,0,25299,36083,36083,14361,15729
1115,0,22047,36384,36384,20170,17362
1116,0,6385,16885,16885,35575,13896
1117,0,9724,20224,20224,37791,20701
1118,0,24038,35449,35449,11420,19169
1119,0,7488,17988,17988,18143,16245
1120,0,6203,16703,16703,37134,38496
1121,0,1543,12043,12043,15899,37270
1122,0,3263,13763,13763,38332,12161
1123,0,8762,19262,19262,15684,14461
1124,0,9775,20275,20275,36332,19850
1125,0,2268,12768,12768,15671,20691
1126,0,3770,14270,14270,35978,14456
1127,0,7025,17525,17525,15164,15710
1128,0,22160,36686,36686,20073,12822
1129,0,132,10632,10632,38997,13817
1130,0,9357,19857,19857,13351,12794
1131,0,23610,36283,36283,36213,13171
1132,0,603,11103,11103,19680,14133
1133,0,6425,16925,16925,16302,20800
1134,0,843,11343,11343,36436,38743
1135,0,393,10893,10893,35381,37735
1136,0,23740,38322,38322,20642,14343
1137,0,9849,20349,20349,12432,16067
1138,0,25431,37160,37160,20220,15563
1139,0,4989,15489,15489,36902,37075
1140,0,3928,14428,14428,16611,38036
1141,0,5511,16011,16011,38528,35585
1142,0,6927,17427,17427,18950,12676
1143,0,5909,16409,16409,15136,13377
1144,0,23555,37597,37597,12795,17573
1145,0,21441,37814,37814,14237,13363
1146,0,23163,38992,38992,16331,16826
1147,0,2277,12777,12777,37355,15632
1148,0,6417,16917,16917,35399,18774
1149,0,3234,13734,13734,20561,13642
1150,0,24704,36847,36847,35123,11106
1151,0,3498,13998,13998,12641,10761
1152,0,21447,39362,39362,13926,19536
1153,0,4613,15113,15113,18702,11481
1154,0,22462,37039,37039,10604,35300
1155,0,10008,20508,20508,17445,38952
1156,0,401,10901,10901,13863,11387
1157,0,22755,39552,39552,12864,15055
1158,0,22901,36994,36994,19617,38902
1159,0,21709,36406,36406,38842,17839
1160,0,21450,35184,35184,19494,35365
1161,0,23493,36056,36056,15175,37444
1162,0,4680,15180,15180,16704,37345
1163,0,5008,15508,15508,10744,19632
1164,0,25302,36929,36929,10859,12025
1165,0,3403,13903,13903,37122,37801
1166,0,21463,36741,36741,13551,37964
1167,0,3883,14383,14383,16788,35897
1168,0,6307,16807,16807,19471,20553
1169,0,9423,19923,19923,35957,19421
1170,0,10021,20521,20521,20922,12824
1171,0,22117,39250,39250,19755,18323
1172,0,1573,12073,12073,16904,35482
1173,0,21356,38551,38551,14952,20468
1174,0,9329,19829,19829,11351,19489
1175,0,2423,12923,12923,35785,14846
1176,0,8759,19259,19259,15753,36709
1177,0,5264,15764,15764,11521,10512
1178,0,7231,17731,17731,13058,10985
1179,0,3548,14048,14048,12748,17969
1180,0,8999,19499,19499,18948,38308
1181,0,8911,19411,19411,12401,15142
1182,0,24722,35884,35884,15991,10682
1183,0,7738,18238,18238,11175,36255
1184,0,22427,35989,35989,18700,18338
1185,0,5826,16326,16326,20030,18857
1186,0,21640,37568,37568,15537,38307
1187,0,7881,18381,18381,11134,38366
1188,0,23862,39005,39005,38141,38120
1189,0,809,11309,11309,20315,10690
1190,0,21777,35590,35590,17114,15183
1191,0,23942,35786,35786,11640,36008
1192,0,2650,13150,13150,14132,20618
1193,0,22976,36720,36720,12941,15038
1194,0,25446,39456,39456,20491,15318
1195,0,24909,36240,36240,36239,14708
1196,0,3190,13690,13690,16827,39520
1197,0,3620,14120,14120,17759,17417
1198,0,1702,12202,12202,19707,37901
1199,0,21453,36322,36322,18589,36563
1200,0,8231,18731,18731,38642,12807
1201,0,3650,14150,14150,15676,38176
1202,0,21734,39073,39073,38968,35576
1203,1,7666,18166,17436,18166,38663
1204,0,21319,38996,38996,38913,14058
1205,0,8876,19376,19376,13612,15957
1206,0,24754,37253,37253,35295,19569
1207,0,3370,13870,13870,18417,18875
1208,0,21423,38691,38691,38396,38326
1209,0,6291,16791,16791,18531,36335
1210,0,22369,35606,35606,17868,35835
1211,0,10476,20976,20976,11492,13414
1212,0,9297,19797,19797,20150,18013
1213,0,22134,37453,37453,37572,12394
1214,0,10148,20648,20648,14761,15754
1215,0,21769,38431,38431,11008,12144
1216,0,21778,36658,36658,18820,38800
1217,0,8062,18562,18562,11391,35480
1218,0,664,11164,11164,35219,15744
1219,0,10337,20837,20837,17591,20138
1220,0,8962,19462,19462,35755,12775
1221,0,23965,38248,38248,16916,17048
1222,0,1736,12236,12236,16337,11758
1223,0,5259,15759,15759,38527,12349
1224,0,3347,13847,13847,13651,36764
1225,0,1568,12068,12068,13861,13243
1226,0,462,10962,10962,20325,37410
1227,0,743,11243,11243,16200,13739
1228,0,222,10722,10722,36747,39566
1229,0,23847,37056,37056,14104,13441
1230,0,3994,14494,14494,39287,18069
1231,0,1979,12479,12479,14675,36617
1232,0,7682,18182,18182,17980,19939
1233,0,625,11125,11125,38335,35164
1234,0,22632,35236,35236,35777,17898
1235,0,9773,20273,20273,36237,37270
1236,0,7202,17702,17702,15093,17159
1237,0,23196,36585,36585,14783,15973
1238,0,344,10844,10844,18366,18332
1239,0,5494,15994,15994,36450,37330
1240,0,7945,18445,18445,37428,14185
1241,0,8772,19272,19272,38650,20363
1242,0,1004,11504,11504,37343,11569
1243,0,4449,14949,14949,18405,39445
1244,0,2280,12780,12780,17360,14719
1245,0,456,10956,10956,14090,16005
1246,0,24813,36612,36612,11948,15089
1247,0,9209,19709,19709,17423,16789
1248,0,4335,14835,14835,14269,15564
1249,0,2621,13121,13121,14760,20650
1250,0,22855,35231,35231,35805,36096
1251,0,6325,16825,16825,15661,37293
1252,0,22187,35921,35921,35560,20446
1253,0,5756,16256,16256,38631,39000
1254,0,9683,20183,20183,11304,19109
1255,0,22667,39044,39044,19048,14657
1256,0,5114,15614,15614,15516,19087
1257,0,9544,20044,20044,17772,14982
1258,0,5212,15712,15712,39483,38107
1259,0,24624,37293,37293,16825,15661
1260,0,1760,12260,12260,35727,16007
1261,0,842,11342,11342,12757,39564
1262,0,23013,37772,37772,37871,16096
1263,0,21222,37321,37321,20323,36890
1264,0,6492,16992,16992,20103,19355
1265,0,5199,15699,15699,12693,12384
1266,0,4803,15303,15303,18921,16340
1267,0,2902,13402,13402,11456,14261
1268,0,21408,37117,37117,37105,15616
1269,0,5987,16487,16487,18808,36390
1270,0,23908,39256,39256,18064,17756
1271,0,21185,36666,36666,20676,38050
1272,0,6165,16665,16665,10872,15690
1273,0,8875,19375,19375,38560,15234
1274,0,22519,37029,37029,13877,18633
1275,0,8918,19418,19418,37480,19346
1276,0,24952,37654,37654,12476,20616
1277,0,3431,13931,13931,36658,38800
1278,0,22115,38737,38737,13920,39323
1279,0,9038,19538,19538,14703,37182
1280,0,21687,39443,39443,15495,37368
1281,0,7795,18295,18295,38281,35130
1282,0,8971,19471,19471,20553,16807
1283,0,21302,38912,38912,35943,36046
1284,0,4725,15225,15225,18852,17549
1285,0,7897,18397,18397,18175,12817
1286,0,5130,15630,15630,37444,11131
1287,0,24433,39431,39431,37441,16153
1288,0,6945,17445,17445,39564,20508
1289,0,23834,39279,39279,11783,12510
1290,0,9173,19673,19673,18581,14624
1291,0,9128,19628,19628,36263,16365
1292,0,10078,20578,20578,37494,20132
1293,0,24891,35283,35283,16719,16107
1294,0,368,10868,10868,15615,16988
1295,0,21507,37164,37164,36227,17566
1296,0,3593,14093,14093,13835,19394
1297,0,1415,11915,11915,37025,37024
1298,0,22425,35712,35712,36211,37671
1299,0,8061,18561,18561,11655,10504
1300,0,21133,39467,39467,35947,15934
1301,0,22287,36744,36744,14401,14259
1302,0,8939,19439,19439,35404,11865
1303,0,22295,36571,36571,37245,11745
1304,0,24017,37459,37459,16683,35619
1305,0,8587,19087,19087,37420,15614
1306,0,9319,19819,19819,14988,17874
1307,0,1721,12221,12221,37470,14199
1308,0,8826,19326,19326,37314,17876
1309,0,5324,15824,15824,18533,15027
1310,0,4060,14560,14560,37034,18731
1311,0,24767,39050,39050,38796,15417
1312,0,1824,12324,12324,20373,10738
1313,0,24109,38258,38258,18970,11670
1314,0,24766,37292,37292,38396,37310
1315,0,22264,36644,36644,38566,20889
1316,0,9395,19895,19895,14915,11293
1317,0,3232,13732,13732,14748,11824
1318,0,1918,12418,12418,35636,38430
1319,0,24775,38104,38104,12504,36027
1320,0,1569,12069,12069,10922,12374
1321,0,1831,12331,12331,35568,10788
1322,0,347,10847,10847,17428,14058
1323,0,1242,11742,11742,10758,36496
1324,0,7720,18220,18220,35932,13416
1325,0,21455,38292,38292,39593,17252
1326,0,21074,35882,35882,18953,15773
1327,0,22365,39317,39317,13447,11589
1328,0,22020,35819,35819,12655,16516
1329,2,21712,37784,14818,13103,37784
1330,0,23828,36028,36028,36877,12914
1331,0,23771,36489,36489,37574,18710
1332,0,22772,37679,37679,36641,19261
1333,0,7930,18430,18430,20544,11738
1334,0,6466,16966,16966,10586,12500
1335,0,10415,20915,20915,36833,20199
1336,0,7593,18093,18093,37176,18626
1337,0,24101,35885,35885,15526,11909
1338,0,7182,17682,17682,20918,13839
1339,0,24530,37034,37034,14560,35988
1340,0,22886,37735,37735,35381,14565
1341,0,21318,39475,39475,20425,37357
1342,0,23838,37938,37938,17965,38039
1343,0,5847,16347,16347,38025,35522
1344,0,22675,37092,37092,12556,18814
1345,0,24259,37669,37669,16555,17677
1346,0,1222,11722,11722,37328,13363
1347,0,6473,16973,16973,14687,37816
1348,0,2134,12634,12634,11976,19786
1349,0,8953,19453,19453,15722,35538
1350,0,8083,18583,18583,19347,39218
1351,0,23537,39266,39266,36050,14091
1352,0,6741,17241,17241,38130,11315
1353,0,23517,36697,36697,13042,17438
1354,0,509,11009,11009,19993,16878
1355,0,10452,20952,20952,19299,35519
1356,0,3986,14486,14486,16744,36125
1357,0,748,11248,11248,16100,36660
1358,0,5246,15746,15746,11041,13796
1359,0,1259,11759,11759,13343,36055
1360,0,4718,15218,15218,17691,20449
1361,0,1888,12388,12388,38939,14382
1362,0,711,11211,11211,36956,14920
1363,0,24438,37752,37752,14348,17721
1364,0,24686,38293,38293,35646,15777
1365,0,7856,18356,18356,16223,16025
1366,0,5833,16333,16333,35101,12697
1367,0,22876,38754,38754,35431,11338
1368,0,21934,37744,37744,38440,35699
1369,0,7562,18062,18062,14249,20651
1370,0,4808,15308,15308,18918,35617
1371,0,3329,13829,13829,18174,17481
1372,0,3293,13793,13793,18862,13958
1373,0,8485,18985,18985,11428,35311
1374,0,24560,36393,36393,39451,13362
1375,0,6148,16648,16648,11159,38041
1376,0,22776,37656,37656,13865,12780
1377,0,10045,20545,20545,17840,37107
1378,0,4865,15365,15365,19598,16515
1379,0,5551,16051,16051,17025,15787
1380,0,9253,19753,19753,20919,13118
1381,0,8855,19355,19355,16992,36693
1382,0,104,10604,10604,18504,19075
1383,0,1794,12294,12294,16459,17040
1384,0,10463,20963,20963,14802,17606
1385,0,2386,12886,12886,19561,35801
1386,0,25440,36675,36675,18289,16942
1387,0,4847,15347,15347,38015,19852
1388,0,6650,17150,17150,35832,14325
1389,0,5837,16337,16337,12236,10919
1390,0,8247,18747,18747,19122,17693
1391,0,1658,12158,12158,17029,35805
1392,0,212,10712,10712,36575,37195
1393,0,8241,18741,18741,14343,13446
1394,0,5886,16386,16386,12883,36155
1395,0,4419,14919,14919,17453,14754
1396,0,22059,38741,38741,20301,11814
1397,0,5193,15693,15693,11494,17622
1398,0,5735,16235,16235,13736,36268
1399,0,1359,11859,11859,11965,10988
1400,0,334,10834,10834,11438,37649
1401,0,8077,18577,18577,15382,10869
1402,0,3110,13610,13610,12675,20957
1403,0,5709,16209,16209,39299,39590
1404,0,792,11292,11292,14505,19900
1405,0,233,10733,10733,39169,12306
1406,0,8515,19015,19015,12211,20677
1407,0,9289,19789,19789,11348,14951
1408,0,1064,11564,11564,11724,16283
1409,0,209,10709,10709,13912,19535
1410,0,25413,36027,36027,12504,38104
1411,0,23627,35404,35404,19439,20626
1412,0,23301,37994,37994,37595,36556
1413,0,9525,20025,20025,35333,11720
1414,0,4498,14998,14998,16722,10689
1415,0,6664,17164,17164,15067,17814
1416,0,2413,12913,12913,11684,18102
1417,0,9595,20095,20095,20938,39534
1418,0,9431,19931,19931,16373,38085
1419,0,22467,37240,37240,38488,35884
1420,0,7139,17639,17639,20477,17211
1421,0,871,11371,11371,11251,19685
1422,0,1263,11763,11763,38756,35716
1423,0,1618,12118,12118,11279,39518
1424,0,4345,14845,14845,19371,19999
1425,0,10076,20576,20576,20596,19597
1426,0,2414,12914,12914,36877,19524
1427,0,24050,38110,38110,16599,13994
1428,0,24006,38099,38099,38251,16929
1429,0,25083,36336,36336,14439,15920
1430,0,1220,11720,11720,18962,17759
1431,0,23008,35193,35193,38084,12604
1432,0,1765,12265,12265,37247,38065
1433,0,21579,36618,36618,17651,15841
1434,0,8493,18993,18993,35429,38762
1435,0,22887,37955,37955,19156,39233
1436,0,2001,12501,12501,35460,35176
1437,0,5609,16109,16109,18811,18821
1438,0,24277,35164,35164,35463,11125
1439,0,4581,15081,15081,19693,17825
1440,0,8885,19385,19385,37204,12360
1441,0,1485,11985,11985,38277,36231
1442,0,3582,14082,14082,35948,15028
1443,0,2523,13023,13023,36377,10740
1444,0,23287,37753,37753,36845,38807
1445,0,6332,16832,16832,16255,37817
1446,0,3078,13578,13578,15841,36618
1447,0,4833,15333,15333,11563,17363
1448,0,23603,36241,36241,19393,16307
1449,0,1305,11805,11805,37872,17058
1450,0,4782,15282,15282,36095,11952
1451,0,8255,18755,18755,15789,36533
1452,0,4381,14881,14881,17942,36747
1453,0,23448,39204,39204,19995,17139
1454,0,6224,16724,16724,10982,18697
1455,0,22705,37749,37749,13373,36810
1456,0,9562,20062,20062,18279,19594
1457,0,2165,12665,12665,35515,18449
1458,0,617,11117,11117,38877,35729
1459,0,24792,39141,39141,13332,17268
1460,0,7277,17777,17777,39063,20745
1461,0,7855,18355,18355,16383,11831
1462,0,8518,19018,19018,12429,36553
1463,0,10240,20740,20740,13336,38179
1464,0,9097,19597,19597,37711,16503
1465,0,23176,38822,38822,13436,37893
1466,0,2163,12663,12663,35129,15211
1467,0,4770,15270,15270,17486,16729
1468,0,23581,36580,36580,14632,14554
1469,0,21149,39293,39293,10683,13300
1470,0,2004,12504,12504,20778,14551
1471,0,24227,38931,38931,37099,35351
1472,0,3047,13547,13547,19395,36560
1473,0,7771,18271,18271,17255,20284
1474,0,24204,37888,37888,10918,13051
1475,0,22514,36259,36259,16752,19967
1476,0,9425,19925,19925,38759,16979
1477,0,9139,19639,19639,35176,35999
1478,0,8201,18701,18701,35719,20012
1479,0,9118,19618,19618,18263,12136
1480,0,3095,13595,13595,17014,18582
1481,0,24443,35945,35945,13658,36105
1482,0,3285,13785,13785,10589,20918
1483,0,24156,39152,39152,15997,12713
1484,0,9462,19962,19962,15427,12855
1485,0,7315,17815,17815,13010,19603
1486,0,1313,11813,11813,20892,15324
1487,0,6994,17494,17494,12028,12081
1488,0,7113,17613,17613,12570,19778
1489,0,8379,18879,18879,13683,20560
1490,0,2903,13403,13403,13433,20805
1491,0,7959,18459,18459,17443,39570
1492,0,3333,13833,13833,14094,20528
1493,0,24011,36660,36660,16100,11248
1494,0,3053,13553,13553,10801,15797
1495,0,21500,35678,35678,17082,15340
1496,0,5072,15572,15572,38573,11520
1497,0,8678,19178,19178,13169,18602
1498,0,24236,35638,35638,15146,38262
1499,0,8868,19368,19368,20710,39490
1500,0,2269,12769,12769,12560,19213
1501,0,8020,18520,18520,16103,18781
1502,0,8165,18665,18665,13634,16449
1503,0,24181,36718,36718,20215,11424
1504,0,9963,20463,20463,38487,19511
1505,0,9376,19876,19876,12873,37678
1506,0,24329,35113,35113,38644,37290
1507,0,21543,37009,37009,17505,12653
1508,0,23485,36799,36799,17855,15058
1509,0,24642,37859,37859,39587,20542
1510,0,7955,18455,18455,15357,12597
1511,0,4707,15207,15207,38040,37028
1512,0,22730,37967,37967,18456,37041
1513,0,2114,12614,12614,18832,17535
1514,0,7267,17767,17767,19662,36692
1515,0,1541,12041,12041,14951,19789
1516,0,6141,16641,16641,36151,19829
1517,0,2602,13102,13102,19119,12876
1518,0,23363,37465,37465,11513,11015
1519,0,4607,15107,15107,18915,10988
1520,0,10446,20946,20946,18177,11436
1521,0,9180,19680,19680,36638,11103
1522,0,23398,35397,35397,16425,36286
1523,0,4756,15256,15256,37365,11199
1524,0,6444,16944,16944,37251,12128
1525,0,5538,16038,16038,17006,19723
1526,0,9082,19582,19582,12235,14583
1527,0,520,11020,11020,20707,35166
1528,0,10460,20960,20960,16023,19218
1529,0,7163,17663,17663,35468,36074
1530,0,9427,19927,19927,13355,36146
1531,0,8877,19377,19377,14678,20723
1532,0,1092,11592,11592,14133,38738
1533,0,25489,37052,37052,15664,13003
1534,0,21374,38318,38318,18533,15824
1535,0,4913,15413,15413,16282,12601
1536,0,9531,20031,20031,12741,15762
1537,0,3771,14271,14271,14088,18716
1538,0,6346,16846,16846,15098,16953
1539,0,1109,11609,11609,15262,14499
1540,0,4655,15155,15155,20297,14666
1541,0,9974,20474,20474,12381,35698
1542,0,1038,11538,11538,12412,12652
1543,0,9412,19912,19912,16320,38653
1544,0,20,10520,10520,17870,38031
1545,0,8377,18877,18877,12692,19272
1546,0,21869,36147,36147,14060,20640
1547,0,5531,16031,16031,39384,39373
1548,0,9066,19566,19566,11433,20209
1549,0,934,11434,11434,20087,12751
1550,0,10417,20917,20917,15094,38664
1551,0,6551,17051,17051,18047,19464
1552,0,22401,38158,38158,14350,19187
1553,0,21872,38768,38768,20985,15555
1554,0,1726,12226,12226,18777,39441
1555,0,4490,14990,14990,38616,19001
1556,0,21577,35361,35361,18335,16238
1557,0,9722,20222,20222,11251,17220
1558,0,1737,12237,12237,38568,14005
1559,0,6438,16938,16938,38439,38614
1560,0,561,11061,11061,16226,17641
1561,0,22573,38615,38615,36029,15881
1562,0,22669,38433,38433,20822,12456
1563,0,24688,36460,36460,17653,37345
1564,0,1162,11662,11662,19639,35999
1565,0,8866,19366,19366,16009,35933
1566,0,10018,20518,20518,38114,11809
1567,0,6930,17430,17430,35226,36729
1568,0,8067,18567,18567,16426,11257
1569,0,1527,12027,12027,37768,39228
1570,0,7733,18233,18233,19620,35976
1571,0,23459,39410,39410,16997,18139
1572,0,2930,13430,13430,37946,39442
1573,0,25008,37748,37748,16879,20432
1574,0,58,10558,10558,14924,12408
1575,1,8748,19248,11413,19248,18368
1576,0,23823,35319,35319,19959,35798
1577,0,23866,37382,37382,37245,18090
1578,0,4483,14983,14983,14977,18442
1579,0,2291,12791,12791,10884,11907
1580,0,7383,17883,17883,17509,12341
1581,0,24368,37458,37458,17799,38926
1582,0,8218,18718,18718,38729,38580
1583,0,9577,20077,20077,15747,12775
1584,0,9470,19970,19970,17693,19122
1585,0,24143,36139,36139,15704,37198
1586,0,1649,12149,12149,10933,39571
1587,0,23746,39396,39396,20582,17397
1588,0,9652,20152,20152,16257,19376
1589,0,2724,13224,13224,16143,37297
1590,0,22513,36849,36849,16397,18629
1591,0,938,11438,11438,20056,10834
1592,0,4510,15010,15010,18443,14088
1593,0,22690,37454,37454,14107,17599
1594,0,25476,38850,38850,17562,12035
1595,0,4694,15194,15194,38747,16758
1596,0,7238,17738,17738,36997,15005
1597,0,9619,20119,20119,38058,12493
1598,0,998,11498,11498,38662,15269
1599,0,8771,19271,19271,15622,38938
1600,0,4528,15028,15028,10715,17232
1601,0,3870,14370,14370,38875,37745
1602,0,23546,37539,37539,35276,11536
1603,0,5354,15854,15854,17091,16909
1604,0,25358,38863,38863,15617,14044
1605,0,2907,13407,13407,35365,17438
1606,0,21580,35355,35355,36648,15433
1607,0,9782,20282,20282,12060,14976
1608,0,3538,14038,14038,15170,36792
1609,0,5993,16493,16493,17466,20428
1610,0,25141,38767,38767,20294,14282
1611,0,915,11415,11415,36838,13311
1612,0,25039,38153,38153,14923,12796
1613,0,4415,14915,14915,20874,19895
1614,0,10280,20780,20780,20620,17391
1615,0,10126,20626,20626,14307,13289
1616,0,1817,12317,12317,16079,35383
1617,0,24656,39240,39240,19496,20336
1618,0,9893,20393,20393,15017,14254
1619,0,3949,14449,14449,14462,13507
1620,0,337,10837,10837,37441,39431
1621,0,2072,12572,12572,35754,12811
1622,0,25433,39502,39502,37095,13603
1623,0,5822,16322,16322,12298,15284
1624,0,22399,38864,38864,38398,13284
1625,0,5143,15643,15643,15157,14069
1626,0,8200,18700,18700,18338,16073
1627,0,3513,14013,14013,20069,12653
1628,0,2815,13315,13315,38925,15204
1629,0,23344,39511,39511,38848,15103
1630,0,22801,39239,39239,13552,18704
1631,0,23786,38432,38432,38853,20612
1632,0,22940,35456,35456,20264,15560
1633,0,8422,18922,18922,13297,17942
1634,0,766,11266,11266,11412,37775
1635,0,3782,14282,14282,12326,38767
1636,0,24789,38944,38944,13889,12829
1637,0,1144,11644,11644,15508,10744
1638,0,22545,36826,36826,11856,19343
1639,0,2510,13010,13010,17815,19603
1640,0,7379,17879,17879,18210,12057
1641,0,2273,12773,12773,12081,17494
1642,0,2860,13360,13360,39144,18935
1643,0,1221,11721,11721,13225,11566
1644,0,22248,35406,35406,15457,17180
1645,0,4864,15364,15364,36286,18707
1646,0,22626,39134,39134,20329,12277
1647,0,7310,17810,17810,12545,14800
1648,0,21530,36113,36113,19381,13372
1649,0,22039,38489,38489,19799,35922
1650,0,6757,17257,17257,35634,37590
1651,0,4924,15424,15424,37322,18660
1652,0,4532,15032,15032,19633,15410
1653,0,6392,16892,16892,12173,11004
1654,0,1672,12172,12172,15584,36369
1655,0,21348,36062,36062,38282,19823
1656,0,7699,18199,18199,15152,37725
1657,0,8870,19370,19370,36970,20333
1658,0,4055,14555,14555,19530,18116
1659,0,23721,38652,38652,17834,12550
1660,0,1808,12308,12308,16187,17715
1661,0,2275,12775,12775,20077,12756
1662,0,3761,14261,14261,36083,17224
1663,0,21814,37257,37257,17483,12858
1664,0,23671,35158,35158,18912,11816
1665,0,21737,38780,38780,15899,39591
1666,0,6489,16989,16989,17662,35330
1667,0,2045,12545,12545,17810,18699
1668,0,9301,19801,19801,37567,14007
1669,0,23824,38102,38102,18360,20425
1670,0,5113,15613,15613,36767,39178
1671,0,1295,11795,11795,18214,36017
1672,0,23950,36733,36733,17471,36126
1673,0,4687,15187,15187,17149,37173
1674,0,3952,14452,14452,35369,20954
1675,0,6558,17058,17058,11805,37872
1676,0,4317,14817,14817,12212,20162
1677,0,22744,38207,38207,12603,19050
1678,0,444,10944,10944,17262,17756
1679,0,5519,16019,16019,13518,12408
1680,0,858,11358,11358,14165,10646
1681,0,7717,18217,18217,18969,36163
1682,0,4439,14939,14939,35325,19873
1683,0,5321,15821,15821,19711,36183
1684,0,841,11341,11341,18807,38522
1685,0,24336,36731,36731,20517,39149
1686,0,21695,36158,36158,20520,20436
1687,0,21224,38482,38482,10970,14348
1688,0,25073,36141,36141,14550,36118
1689,0,994,11494,11494,12387,35489
1690,0,23817,39441,39441,18777,12226
1691,0,9001,19501,19501,17309,12021
1692,0,1554,12054,12054,15986,19879
1693,0,22631,39104,39104,38516,15214
1694,0,1973,12473,12473,20983,35589
1695,0,1951,12451,12451,18589,36563
1696,0,23877,38736,38736,37696,11440
1697,0,9494,19994,19994,11145,14349
1698,0,21160,38930,38930,11191,19242
1699,0,10275,20775,20775,20906,38980
1700,0,2513,13013,13013,12937,17031
1701,0,5559,16059,16059,10727,11369
1702,0,24330,35746,35746,35542,14190
1703,0,2835,13335,13335,16264,13235
1704,0,4700,15200,15200,37330,15494
1705,0,2445,12945,12945,11842,35194
1706,0,2233,12733,12733,18555,11748
1707,0,3050,13550,13550,16007,17831
1708,0,10024,20524,20524,37211,39132
1709,0,400,10900,10900,10752,17266
1710,0,9264,19764,19764,18343,12863
1711,0,7589,18089,18089,18450,16367
1712,0,5198,15698,15698,17256,20526
1713,0,7719,18219,18219,37408,38808
1714,0,9858,20358,20358,39057,12598
1715,0,1023,11523,11523,37677,11149
1716,0,3298,13798,13798,17327,18526
1717,0,6494,16994,16994,35423,36083
1718,0,9069,19569,19569,37253,35295
1719,0,23148,39241,39241,35274,38762
1720,0,6912,17412,17412,37147,10702
1721,0,7968,18468,18468,12576,14176
1722,0,8140,18640,18640,37868,37959
1723,0,4241,14741,14741,10586,10906
1724,0,5424,15924,15924,15445,17847
1725,0,7364,17864,17864,18203,37874
1726,0,7745,18245,18245,37025,37024
1727,0,6498,16998,16998,17279,11892
1728,0,24975,36885,36885,13065,18859
1729,0,4080,14580,14580,16367,35700
1730,0,803,11303,11303,20627,35537
1731,0,1550,12050,12050,12636,14933
1732,0,1009,11509,11509,12179,15846
1733,0,22928,39554,39554,15565,12522
1734,0,8677,19177,19177,17128,19031
1735,0,2737,13237,13237,38419,10594
1736,0,6247,16747,16747,35405,20376
1737,0,5095,15595,15595,38840,11968
1738,0,648,11148,11148,16196,12168
1739,0,8810,19310,19310,37697,36171
1740,0,2862,13362,13362,20587,37553
1741,0,4975,15475,15475,11076,11519
1742,0,7134,17634,17634,17483,17664
1743,0,22692,37858,37858,11980,10683
1744,0,7811,18311,18311,15471,37315
1745,0,550,11050,11050,37077,14966
1746,0,22167,35822,35822,36237,14542
1747,0,5617,16117,16117,11780,20186
1748,0,7757,18257,18257,17652,19080
1749,0,22584,38884,38884,37866,16440
1750,0,211,10711,10711,11170,14161
1751,0,23014,37126,37126,38856,11455
1752,0,23289,36218,36218,12729,13986
1753,0,1781,12281,12281,11768,37956
1754,0,23772,35536,35536,12249,11009
1755,0,3543,14043,14043,20283,19454
1756,0,7477,17977,17977,39557,16260
1757,0,1438,11938,11938,15151,20640
1758,0,2515,13015,13015,15828,38459
1759,0,2868,13368,13368,36162,18566
1760,0,2434,12934,12934,16762,19298
1761,0,5045,15545,15545,36800,39129
1762,0,4792,15292,15292,19351,12376
1763,0,25384,35467,35467,14864,15409
1764,0,9265,19765,19765,38771,35810
1765,0,9485,19985,19985,20732,11685
1766,0,1314,11814,11814,13859,37044
1767,0,21566,39449,39449,38743,20675
1768,0,6515,17015,17015,16996,16966
1769,0,23583,37336,37336,19233,38873
1770,0,3979,14479,14479,20613,17316
1771,0,12,10512,10512,15764,11410
1772,0,6510,17010,17010,18517,20715
1773,0,818,11318,11318,18393,37003
1774,0,2784,13284,13284,11287,36556
1775,0,22550,35587,35587,15573,18083
1776,0,24270,37575,37575,38319,37032
1777,0,453,10953,10953,35550,12125
1778,0,1049,11549,11549,15467,37358
1779,0,24310,39129,39129,15545,36800
1780,0,1656,12156,12156,35606,12704
1781,0,3457,13957,13957,16640,18388
1782,0,24583,35754,35754,12572,19274
1783,0,22249,37699,37699,18263,13363
1784,0,23775,36704,36704,12072,37154
1785,0,23586,37773,37773,18646,16598
1786,0,5139,15639,15639,20343,12781
1787,0,2908,13408,13408,10869,15382
1788,0,21456,37036,37036,20570,36213
1789,0,940,11440,11440,38736,37696
1790,0,9727,20227,20227,39408,39081
1791,0,8466,18966,18966,15605,13378
1792,0,22385,37040,37040,18744,20134
1793,0,7631,18131,18131,18750,13216
1794,0,7969,18469,18469,18710,36489
1795,0,9568,20068,20068,38079,15776
1796,0,4634,15134,15134,37156,19492
1797,0,8260,18760,18760,14777,11686
1798,0,7317,17817,17817,20327,12400
1799,0,22741,36895,36895,16503,35597
1800,0,1400,11900,11900,37609,36841
1801,0,9703,20203,20203,38303,20405
1802,0,30,10530,10530,17058,19368
1803,0,6258,16758,16758,37329,35244
1804,0,24224,37915,37915,12261,39260
1805,0,3677,14177,14177,10562,16200
1806,0,672,11172,11172,19357,35395
1807,0,9240,19740,19740,11484,11969
1808,0,9711,20211,20211,11808,12850
1809,0,6323,16823,16823,17255,37887
1810,0,23120,38874,38874,17198,16407
1811,0,5466,15966,15966,37197,15641
1812,0,24301,36213,36213,36283,37036
1813,0,25092,39078,39078,11338,37591
1814,0,22444,35337,35337,16945,12135
1815,0,1108,11608,11608,15920,16957
1816,0,23840,36031,36031,20190,20765
1817,0,23818,38182,38182,38559,15692
1818,0,3229,13729,13729,18575,11952
1819,0,7584,18084,18084,16767,17667
1820,0,9450,19950,19950,37186,16617
1821,0,8138,18638,18638,18138,35572
1822,0,3319,13819,13819,11891,15864
1823,0,24258,37004,37004,16919,17306
1824,0,5835,16335,16335,10805,36644
1825,0,7496,17996,17996,20914,13930
1826,0,9228,19728,19728,15622,20017
1827,0,21598,37586,37586,17400,18738
1828,0,10245,20745,20745,17777,13415
1829,0,2553,13053,13053,11363,38209
1830,0,4775,15275,15275,39024,39138
1831,0,6341,16841,16841,36589,17009
1832,0,2686,13186,13186,38206,16391
1833,0,7553,18053,18053,13842,13883
1834,0,21680,36502,36502,38043,37755
1835,0,1563,12063,12063,18277,14362
1836,0,9707,20207,20207,39001,35242
1837,0,24393,35345,35345,37398,11185
1838,0,3071,13571,13571,39501,18792
1839,0,24015,37464,37464,19029,18042
1840,0,21277,37157,37157,37005,38259
1841,0,4474,14974,14974,15191,38001
1842,0,21426,36656,36656,17510,10616
1843,0,21489,36443,36443,17674,16046
1844,0,24042,37311,37311,20390,10703
1845,0,4856,15356,15356,37668,15707
1846,0,5268,15768,15768,17168,17730
1847,0,2853,13353,13353,13021,36000
1848,0,6576,17076,17076,35303,38381
1849,0,7639,18139,18139,39410,38690
1850,0,21843,35983,35983,37582,35845
1851,0,23447,38554,38554,17321,36073
1852,0,8109,18609,18609,38448,17865
1853,0,4601,15101,15101,19086,11347
1854,0,22362,37621,37621,37300,35299
1855,0,7886,18386,18386,11904,35597
1856,0,23012,38429,38429,18468,16318
1857,0,2213,12713,12713,39152,38959
1858,0,4929,15429,15429,11197,18515
1859,0,25344,35502,35502,14328,20986
1860,0,21471,39312,39312,38761,17270
1861,0,23124,36536,36536,16016,17492
1862,0,25198,37269,37269,17347,12148
1863,0,2111,12611,12611,17073,14885
1864,0,22013,37375,37375,39523,16311
1865,0,23109,37812,37812,39538,12273
1866,0,6632,17132,17132,18402,10577
1867,0,24842,38205,38205,36742,13077
1868,0,7800,18300,18300,17135,37250
1869,0,8956,19456,19456,16317,19710
1870,0,7153,17653,17653,36460,37345
1871,0,4446,14946,14946,12470,17162
1872,0,24360,38160,38160,11746,36499
1873,0,21867,35820,35820,35510,16902
1874,0,7642,18142,18142,35521,37383
1875,0,5026,15526,15526,35885,18062
1876,0,28,10528,10528,19358,15301
1877,0,25056,38800,38800,13931,11947
1878,0,24294,37155,37155,14235,13801
1879,0,10210,20710,20710,19368,11805
1880,0,10027,20527,20527,37725,37936
1881,0,355,10855,10855,38974,38554
1882,0,1429,11929,11929,38406,20321
1883,0,24423,35658,35658,19115,13218
1884,1,23804,35484,12189,35484,11969
1885,0,23713,38264,38264,13231,10698
1886,0,21739,36856,36856,38530,13483
1887,0,21206,36933,36933,19959,36164
1888,0,332,10832,10832,14112,38903
1889,0,5643,16143,16143,13224,37297
1890,0,22780,36756,36756,12440,17429
1891,0,21297,37688,37688,37172,20101
1892,0,23993,38005,38005,15132,37580
1893,0,4224,14724,14724,35423,15729
1894,0,964,11464,11464,17765,12361
1895,0,23122,35433,35433,14764,18202
1896,0,120,10620,10620,17189,37646
1897,0,4930,15430,15430,16424,35576
1898,0,6482,16982,16982,19991,12181
1899,0,5579,16079,16079,35436,13024
1900,0,10187,20687,20687,36624,35772
1901,0,7752,18252,18252,12916,16122
1902,0,4710,15210,15210,12936,16171
1903,0,3281,13781,13781,19541,19805
1904,0,2370,12870,12870,38003,17251
1905,0,5522,16022,16022,20101,37193
1906,0,2544,13044,13044,13311,11377
1907,0,21532,35875,35875,36412,36648
1908,0,24237,36401,36401,35218,12360
1909,0,2885,13385,13385,35925,13923
1910,0,10042,20542,20542,11627,39548
1911,0,2178,12678,12678,39285,18679
1912,0,8940,19440,19440,16451,15187
1913,0,4898,15398,15398,15204,18539
1914,0,5153,15653,15653,36823,35482
1915,0,1209,11709,11709,11382,36009
1916,0,8404,18904,18904,14098,38528
1917,0,8798,19298,19298,12934,35732
1918,0,9599,20099,20099,20822,12048
1919,0,7583,18083,18083,16200,14978
1920,0,3123,13623,13623,17755,11048
1921,0,25123,36603,36603,13802,10549
1922,0,1544,12044,12044,13042,10560
1923,0,25285,36458,36458,13146,20711
1924,0,22678,38866,38866,19207,35908
1925,0,21620,35320,35320,13286,10912
1926,0,22048,38430,38430,12418,11029
1927,0,24946,35872,35872,39124,15682
1928,0,9622,20122,20122,19990,13093
1929,0,10114,20614,20614,36623,13874
1930,0,25372,38262,38262,35638,18345
1931,0,945,11445,11445,36878,16559
1932,0,25041,35290,35290,15818,39330
1933,0,4550,15050,15050,13241,12263
1934,0,25267,38076,38076,20607,12526
1935,0,24260,36801,36801,18497,19002
1936,0,7889,18389,18389,35965,10890
1937,0,23520,36771,36771,39369,18339
1938,0,9058,19558,19558,14426,14782
1939,0,21466,38878,38878,11783,13954
1940,0,1675,12175,12175,11182,11641
1941,0,24749,37142,37142,17670,11980
1942,0,1561,12061,12061,19749,14912
1943,0,25202,36181,36181,19335,17115
1944,0,22735,39058,39058,38190,35173
1945,0,24431,35173,35173,39058,38190
1946,0,6213,16713,16713,20354,39503
1947,0,21072,35440,35440,11841,16761
1948,0,6044,16544,16544,37031,38749
1949,0,4541,15041,15041,38705,11443
1950,0,1782,12282,12282,13541,16034
1951,0,7159,17659,17659,15433,11929
1952,0,25274,39189,39189,38603,37232
1953,0,1095,11595,11595,37931,16289
1954,0,7111,17611,17611,36058,19243
1955,0,21825,35250,35250,12656,11130
1956,0,7627,18127,18127,35135,35173
1957,0,3287,13787,13787,38216,36181
1958,0,23889,36984,36984,12355,11455
1959,0,677,11177,11177,36387,37306
1960,0,6193,16693,16693,38548,10666
1961,0,2605,13105,13105,35129,12663
1962,0,1392,11892,11892,17279,16494
1963,0,6967,17467,17467,15823,19505
1964,0,22119,37567,37567,19801,37839
1965,0,752,11252,11252,10572,13471
1966,0,1711,12211,12211,19105,19015
1967,0,3737,14237,14237,38948,37814
1968,0,21480,39269,39269,18442,38662
1969,0,25475,37400,37400,18630,37167
1970,0,3215,13715,13715,16600,36016
1971,0,797,11297,11297,14880,17906
1972,0,23917,37008,37008,37960,10661
1973,0,1777,12277,12277,20329,39134
1974,0,4113,14613,14613,13528,11760
1975,0,1770,12270,12270,35909,11748
1976,0,25029,38249,38249,13599,10701
1977,0,10175,20675,20675,13792,39449
1978,0,23154,37373,37373,17078,38321
1979,0,6975,17475,17475,35620,17446
1980,0,6412,16912,16912,38167,14832
1981,0,3022,13522,13522,16958,14741
1982,0,4228,14728,14728,36202,35728
1983,0,23899,38391,38391,17973,14718
1984,0,3012,13512,13512,14612,38753
1985,0,24906,39369,39369,18339,36771
1986,0,9957,20457,20457,16494,18258
1987,0,5764,16264,16264,13335,13235
1988,0,23860,39589,39589,10964,20273
1989,0,4619,15119,15119,10783,38135
1990,0,25076,35589,35589,11559,20983
1991,0,6753,17253,17253,14139,15007
1992,0,9396,19896,19896,14423,35809
1993,0,9933,20433,20433,13859,36861
1994,0,527,11027,11027,38467,17766
1995,0,366,10866,10866,15765,14341
1996,0,6098,16598,16598,37773,38950
1997,0,22168,38363,38363,38803,38496
1998,0,4264,14764,14764,35433,18202
1999,0,4262,14762,14762,11802,12743
2000,0,25417,36345,36345,36368,12854
2001,0,1919,12419,12419,16449,38043
2002,0,701,11201,11201,20954,11668
2003,0,6170,16670,16670,13295,11116
2004,0,9251,19751,19751,13596,15085
2005,0,9406,19906,19906,36510,20510
2006,0,5018,15518,15518,36337,18198
2007,0,7303,17803,17803,35552,16502
2008,0,4423,14923,14923,16261,37758
2009,0,22663,36442,36442,38169,17020
2010,0,4868,15368,15368,35859,20867
2011,0,1298,11798,11798,16391,19163
2012,0,10127,20627,20627,11303,11216
2013,0,1352,11852,11852,39186,13613
2014,0,2926,13426,13426,38903,17537
2015,0,7874,18374,18374,13745,10540
2016,0,23693,36229,36229,19146,20693
2017,0,1287,11787,11787,17238,15132
2018,0,6598,17098,17098,14565,10893
2019,0,22343,35880,35880,20904,38956
2020,0,21611,36859,36859,15162,10513
2021,0,4350,14850,14850,35425,39466
2022,0,10138,20638,20638,13003,36614
2023,0,3697,14197,14197,12863,17371
2024,0,2013,12513,12513,37462,16960
2025,0,24546,38183,38183,12631,19653
2026,0,4373,14873,14873,16413,10945
2027,0,9029,19529,19529,13997,11884
2028,0,5677,16177,16177,11876,13837
2029,0,22846,38933,38933,17850,17392
2030,0,8482,18982,18982,13645,39017
2031,0,2147,12647,12647,37956,11768
2032,0,8416,18916,18916,12507,11223
2033,0,2705,13205,13205,19136,38999
2034,0,5473,15973,15973,35240,36617
2035,0,9124,19624,19624,20198,10598
2036,0,2570,13070,13070,15301,19916
2037,0,22503,36879,36879,17429,35442
2038,0,9226,19726,19726,20672,11365
2039,0,9660,20160,20160,19848,12227
2040,0,21098,38020,38020,37370,12413
2041,0,23489,35580,35580,19588,14995
2042,0,22015,38620,38620,12187,18040
2043,0,810,11310,11310,13952,19863
2044,0,23511,38849,38849,17531,17857
2045,0,5684,16184,16184,39100,19099
2046,0,8250,18750,18750,18131,13216
2047,0,312,10812,10812,39268,16540
2048,0,2073,12573,12573,14501,39474
2049,0,10419,20919,20919,19753,13118
2050,0,21698,35861,35861,12219,15455
2051,0,24061,35572,35572,16857,12046
2052,0,885,11385,11385,38140,38770
2053,0,1477,11977,11977,15588,18685
2054,0,1790,12290,12290,37676,15229
2055,0,8115,18615,18615,37209,12616
2056,0,23103,35581,35581,16077,18950
2057,0,2008,12508,12508,37506,11638
2058,0,3454,13954,13954,35983,36851
2059,0,682,11182,11182,38402,12175
2060,0,3895,14395,14395,13279,38544
2061,0,21774,39131,39131,15301,36512
2062,0,8793,19293,19293,35805,19069
2063,0,6660,17160,17160,14012,39552
2064,0,57,10557,10557,13962,17149
2065,0,23469,35619,35619,16707,11069
2066,0,22180,38134,38134,14549,14908
2067,0,6765,17265,17265,14651,13935
2068,0,2399,12899,12899,38068,39170
2069,0,9693,20193,20193,14773,12127
2070,0,24776,39038,39038,14345,15086
2071,0,4126,14626,14626,11390,14118
2072,0,8819,19319,19319,37084,12151
2073,0,9287,19787,19787,19794,15358
2074,0,1468,11968,11968,20733,15595
2075,0,5761,16261,16261,14923,16331
2076,0,1416,11916,11916,35457,35203
2077,0,470,10970,10970,38482,13519
2078,0,2358,12858,12858,36857,11300
2079,0,2722,13222,13222,18563,38202
2080,0,7047,17547,17547,37946,19339
2081,0,8191,18691,18691,36019,37250
2082,0,21095,37381,37381,18737,19071
2083,0,21850,37309,37309,13529,15477
2084,0,8814,19314,19314,12322,36921
2085,0,4525,15025,15025,17437,20153
2086,0,4610,15110,15110,10813,20616
2087,0,24769,35664,35664,37264,15198
2088,0,24593,36673,36673,39254,36622
2089,0,6041,16541,16541,12328,12658
2090,0,23458,36164,36164,19959,36933
2091,0,3869,14369,14369,11631,11056
2092,0,9392,19892,19892,16237,12506
2093,0,22710,38983,38983,38693,11253
2094,0,23819,37510,37510,15793,18634
2095,0,23810,38041,38041,11159,18150
2096,0,6817,17317,17317,20676,14787
2097,0,24755,35140,35140,18158,15076
2098,0,23480,36375,36375,16353,20764
2099,0,4674,15174,15174,11346,37078
2100,0,1055,11555,11555,37440,36500
2101,0,2281,12781,12781,39434,35635
2102,0,24214,37377,37377,20817,37376
2103,0,24201,39024,39024,15275,37740
2104,0,21153,36136,36136,16915,16675
2105,0,1924,12424,12424,35609,12565
2106,0,6379,16879,16879,37748,18524
2107,0,4907,15407,15407,35327,14642
2108,0,23385,38043,38043,19685,38162
2109,0,24098,38154,38154,11843,20853
2110,2,1075,11575,12189,19359,11575
2111,0,1115,11615,11615,18393,12919
2112,0,3936,14436,14436,15685,19062
2113,0,3533,14033,14033,20588,14849
2114,0,25077,36060,36060,20079,38933
2115,0,460,10960,10960,17706,20497
2116,0,3032,13532,13532,16657,14840
2117,0,4207,14707,14707,38129,37826
2118,0,24239,37966,37966,13549,20252
2119,0,6398,16898,16898,16005,37070
2120,0,5841,16341,16341,36292,38844
2121,0,6625,17125,17125,12267,19088
2122,0,1452,11952,11952,20080,10742
2123,0,2149,12649,12649,12596,17352
2124,0,319,10819,10819,18772,13380
2125,0,9048,19548,19548,16053,12746
2126,0,7518,18018,18018,18554,17336
2127,0,1922,12422,12422,37848,36711
2128,0,10393,20893,20893,11576,13218
2129,0,25206,37924,37924,20367,16358
2130,0,9638,20138,20138,20837,10743
2131,0,23431,36687,36687,38018,35534
2132,0,7458,17958,17958,11141,15089
2133,0,8743,19243,19243,36058,17611
2134,0,24844,38757,38757,14024,17626
2135,0,2129,12629,12629,16930,20770
2136,0,6403,16903,16903,13960,13289
2137,0,7556,18056,18056,17227,10664
2138,0,6478,16978,16978,13475,36270
2139,1,6300,16800,11466,16800,38894
2140,0,8663,19163,19163,11798,20145
2141,0,22828,35803,35803,17034,37676
2142,0,23844,36539,36539,36538,17763
2143,0,22640,36902,36902,15489,20977
2144,0,2509,13009,13009,15966,37197
2145,0,1052,11552,11552,36948,17952
2146,0,6152,16652,16652,19850,19980
2147,0,1681,12181,12181,19991,16982
2148,0,10282,20782,20782,39248,36807
2149,0,4067,14567,14567,11594,11796
2150,0,5024,15524,15524,12314,12227
2151,0,1456,11956,11956,20413,36225
2152,0,8214,18714,18714,11702,12040
2153,0,361,10861,10861,19255,36913
2154,0,8668,19168,19168,18266,38335
2155,0,24689,38979,38979,17263,11752
2156,0,23981,37598,37598,11406,10966
2157,0,24401,39397,39397,11923,19993
2158,0,3145,13645,13645,18982,39528
2159,0,24213,38056,38056,18603,17360
2160,0,21799,35365,35365,20283,35184
2161,0,505,11005,11005,38580,18718
2162,0,10418,20918,20918,17682,37330
2163,0,6847,17347,17347,37269,16312
2164,0,24582,39051,39051,18106,17039
2165,0,24552,39327,39327,13621,10555
2166,0,21905,36890,36890,37321,16104
2167,0,22585,36575,36575,35677,10712
2168,0,540,11040,11040,17414,13873
2169,0,4235,14735,14735,12930,14432
2170,0,5507,16007,16007,13880,13550
2171,0,24060,37294,37294,13586,13843
2172,0,24479,35519,35519,19067,18788
2173,0,9850,20350,20350,36080,15387
2174,0,22023,38141,38141,39005,38120
2175,0,754,11254,11254,38691,16050
2176,0,9355,19855,19855,35311,19050
2177,0,2003,12503,12503,13211,17788
2178,0,2542,13042,13042,38781,36697
2179,0,6073,16573,16573,19489,18819
2180,0,2918,13418,13418,39451,14154
2181,0,21751,38639,38639,36325,20124
2182,0,5218,15718,15718,19953,13903
2183,0,8045,18545,18545,18825,20884
2184,0,4271,14771,14771,37428,11749
2185,0,5875,16375,16375,20927,38348
2186,0,7039,17539,17539,13272,11560
2187,0,100,10600,10600,15276,36931
2188,0,22884,35395,35395,17382,13080
2189,0,21082,38748,38748,12643,19962
2190,0,6862,17362,17362,36384,20170
2191,0,5362,15862,15862,35956,17908
2192,0,4766,15266,15266,15612,38447
2193,0,7753,18253,18253,18296,20571
2194,0,4880,15380,15380,37163,12894
2195,0,9252,19752,19752,20855,14609
2196,0,601,11101,11101,38617,39096
2197,0,9542,20042,20042,37550,15898
2198,0,21512,37979,37979,18184,37850
2199,0,6182,16682,16682,15951,12813
2200,0,7020,17520,17520,17282,18368
2201,0,24791,39586,39586,39518,10555
2202,0,2431,12931,12931,14297,17682
2203,0,8526,19026,19026,17583,13398
2204,0,1044,11544,11544,36243,36781
2205,0,24469,36190,36190,16519,13395
2206,0,1557,12057,12057,11325,19193
2207,0,5009,15509,15509,11715,11118
2208,0,1487,11987,11987,35991,12932
2209,0,6577,17077,17077,20978,17779
2210,0,10497,20997,20997,20089,35146
2211,0,22924,38392,38392,14748,39508
2212,0,21752,38193,38193,18048,11252
2213,0,2115,12615,12615,13857,13717
2214,0,5795,16295,16295,13712,11159
2215,0,24521,37919,37919,11565,37635
2216,0,7030,17530,17530,39229,17881
2217,0,8773,19273,19273,18777,11935
2218,0,5491,15991,15991,35884,10682
2219,0,24922,35123,35123,36847,11106
2220,0,618,11118,11118,20605,15509
2221,0,24145,36074,36074,12765,17663
2222,0,8341,18841,18841,18255,17624
2223,0,7645,18145,18145,15354,20129
2224,0,24112,39267,39267,17523,16130
2225,0,3396,13896,13896,35575,14256
2226,0,1600,12100,12100,15664,36849
2227,0,24703,37524,37524,19777,18945
2228,0,10474,20974,20974,15715,20643
2229,0,1615,12115,12115,11023,15662
2230,0,1752,12252,12252,11021,39109
2231,0,22802,35291,35291,36916,11234
2232,0,2040,12540,12540,15894,13542
2233,0,2083,12583,12583,38017,12467
2234,0,8983,19483,19483,13735,16543
2235,0,21172,37907,37907,16796,12242
2236,0,6199,16699,16699,16276,18921
2237,0,24853,35335,35335,12078,37425
2238,0,9570,20070,20070,39176,38253
2239,0,23170,35857,35857,38060,12006
2240,0,5147,15647,15647,16284,17871
2241,0,21796,35769,35769,35768,20959
2242,0,675,11175,11175,18238,36255
2243,0,2545,13045,13045,37571,17307
2244,0,4371,14871,14871,17580,13552
2245,0,24296,37070,37070,16005,16898
2246,0,3999,14499,14499,16370,15262
2247,0,23060,38845,38845,15245,20445
2248,0,6014,16514,16514,38709,20750
2249,0,5096,15596,15596,17712,38670
2250,0,175,10675,10675,20902,18407
2251,0,22695,38882,38882,13390,12543
2252,0,2208,12708,12708,37820,17271
2253,0,3609,14109,14109,35290,39330
2254,0,25072,36323,36323,17191,36324
2255,0,24212,39352,39352,19618,20850
2256,0,3787,14287,14287,18027,14110
2257,0,22986,37074,37074,17511,35594
2258,0,24365,35279,35279,16970,19636
2259,0,6458,16958,16958,18290,13522
2260,0,2225,12725,12725,20169,10529
2261,0,3049,13549,13549,36300,35137
2262,0,296,10796,10796,38073,12359
2263,0,1126,11626,11626,11122,17715
2264,0,8414,18914,18914,16718,10880
2265,0,23991,38875,38875,10538,12082
2266,0,21498,36471,36471,15521,17624
2267,0,2441,12941,12941,36720,38336
2268,0,23443,37480,37480,19418,36753
2269,0,7033,17533,17533,19664,15095
2270,0,1322,11822,11822,39397,19993
2271,0,1603,12103,12103,12795,37012
2272,0,4210,14710,14710,37408,18853
2273,0,22284,38309,38309,12606,15958
2274,0,24734,37512,37512,37368,10767
2275,0,21896,35905,35905,19854,37825
2276,0,4065,14565,14565,35381,17098
2277,0,1294,11794,11794,10886,20384
2278,0,5007,15507,15507,20773,35686
2279,0,6069,16569,16569,18713,16722
2280,0,6386,16886,16886,39469,10868
2281,0,22206,38621,38621,15483,35989
2282,0,21294,37713,37713,37570,35274
2283,0,22557,38540,38540,13333,19656
2284,0,4071,14571,14571,15803,38692
2285,0,1507,12007,12007,14312,20288
2286,0,21315,36341,36341,12778,36813
2287,0,1559,12059,12059,14451,13456
2288,0,8904,19404,19404,13836,12038
2289,0,5577,16077,16077,18950,16238
2290,0,6860,17360,17360,35418,14719
2291,0,9666,20166,20166,14397,35986
2292,0,23165,37254,37254,11854,10905
2293,0,7744,18244,18244,20727,37211
2294,0,1836,12336,12336,36579,10604
2295,0,5611,16111,16111,16809,12458
2296,0,7660,18160,18160,36047,20047
2297,0,22073,35359,35359,14330,11786
2298,0,5335,15835,15835,38840,11968
2299,0,1354,11854,11854,16640,10905
2300,0,4141,14641,14641,17658,37717
2301,0,9030,19530,19530,14555,35378
2302,0,10278,20778,20778,12504,14551
2303,0,23274,37830,37830,38841,20882
2304,0,4844,15344,15344,11169,18588
2305,0,4723,15223,15223,35873,13859
2306,0,6260,16760,16760,14514,35643
2307,0,24770,38033,38033,19618,16491
2308,0,3280,13780,13780,18284,17682
2309,0,4032,14532,14532,13345,12954
2310,0,6720,17220,17220,38321,20222
2311,0,1235,11735,11735,16091,11307
2312,0,25173,38202,38202,11185,17066
2313,0,9597,20097,20097,36405,38180
2314,0,23187,35156,35156,15005,17679
2315,0,24533,37965,37965,18045,17052
2316,0,10200,20700,20700,39517,11738
2317,0,2251,12751,12751,20087,14823
2318,0,1025,11525,11525,38654,20654
2319,0,23063,36255,36255,11175,18238
2320,0,8396,18896,18896,17911,36169
2321,0,6649,17149,17149,36362,10557
2322,0,21034,38896,38896,15431,17157
2323,0,8074,18574,18574,17088,16593
2324,0,7019,17519,17519,17930,19799
2325,0,3397,13897,13897,35964,37668
2326,0,313,10813,10813,15110,17625
2327,0,636,11136,11136,16555,18893
2328,0,6149,16649,16649,13738,14162
2329,0,8574,19074,19074,17615,13442
2330,0,21727,35850,35850,39393,13883
2331,0,9571,20071,20071,19002,39469
2332,0,25103,37353,37353,18415,11952
2333,0,8086,18586,18586,13839,20572
2334,0,8066,18566,18566,36162,12884
2335,0,8131,18631,18631,11615,12755
2336,0,2970,13470,13470,13207,11120
2337,0,8473,18973,18973,38855,36176
2338,0,2584,13084,13084,16008,11498
2339,0,8639,19139,19139,13281,12722
2340,0,3885,14385,14385,36292,17237
2341,0,23970,39010,39010,11581,15997
2342,0,24851,37020,37020,20024,38067
2343,0,4771,15271,15271,15164,36913
2344,0,24991,38225,38225,10996,35507
2345,0,24837,35308,35308,18019,37681
2346,0,6697,17197,17197,15956,35385
2347,0,6942,17442,17442,36058,37970
2348,0,25383,35807,35807,36681,17439
2349,0,21927,37232,37232,13609,13644
2350,0,8689,19189,19189,19061,37463
2351,0,25322,36293,36293,16289,19213
2352,0,6058,16558,16558,35413,11593
2353,0,1840,12340,12340,12895,14439
2354,0,21691,38234,38234,18489,14055
2355,0,1564,12064,12064,38572,14340
2356,0,3673,14173,14173,37475,13203
2357,0,21214,35415,35415,36677,13387
2358,0,23647,37580,37580,38005,18948
2359,0,4698,15198,15198,12385,35664
2360,0,25415,39557,39557,20782,39126
2361,0,3320,13820,13820,18702,38611
2362,0,5192,15692,15692,38182,38559
2363,0,2272,12772,12772,37281,16887
2364,0,23952,38690,38690,16997,16419
2365,0,6157,16657,16657,13532,16522
2366,0,4254,14754,14754,18818,18894
2367,0,4773,15273,15273,20978,17077
2368,0,6575,17075,17075,11888,20435
2369,0,10087,20587,20587,20459,11835
2370,1,4709,15209,14685,15209,19467
2371,0,847,11347,11347,38485,16445
2372,0,7580,18080,18080,17503,35383
2373,0,5544,16044,16044,14523,16515
2374,0,5526,16026,16026,13829,18174
2375,0,838,11338,11338,37363,38630
2376,0,5461,15961,15961,14800,11301
2377,0,9809,20309,20309,15664,37874
2378,0,8545,19045,19045,19202,20811
2379,0,7457,17957,17957,18976,10901
2380,0,4597,15097,15097,20366,35935
2381,0,5916,16416,16416,38854,11752
2382,0,1417,11917,11917,19054,14718
2383,0,5785,16285,16285,14743,14356
2384,0,23465,37776,37776,13648,12200
2385,0,3848,14348,14348,37752,38482
2386,0,604,11104,11104,15855,16660
2387,0,9365,19865,19865,16803,15736
2388,0,23831,37775,37775,11266,17461
2389,0,2078,12578,12578,16822,14869
2390,0,9712,20212,20212,36282,17066
2391,0,2311,12811,12811,14424,13765
2392,0,9071,19571,19571,13970,38151
2393,0,4343,14843,14843,37500,37113
2394,0,1471,11971,11971,14821,19304
2395,0,1982,12482,12482,16025,18356
2396,0,8522,19022,19022,16179,15637
2397,0,4466,14966,14966,15980,12566
2398,0,199,10699,10699,20644,14682
2399,0,6676,17176,17176,35287,35378
2400,0,485,10985,10985,19870,17732
2401,0,3270,13770,13770,14551,20778
2402,0,4724,15224,15224,20776,17795
2403,0,5728,16228,16228,15161,14655
2404,0,2823,13323,13323,15226,15127
2405,0,4551,15051,15051,12377,15933
2406,0,24282,37600,37600,18515,11197
2407,0,5336,15836,15836,18049,17238
2408,0,3245,13745,13745,20194,18374
2409,0,4453,14953,14953,16755,12334
2410,0,10217,20717,20717,35847,17081
2411,0,5817,16317,16317,37789,19456
2412,0,10219,20719,20719,13936,15798
2413,0,3749,14249,14249,35195,18062
2414,0,2202,12702,12702,13864,11802
2415,0,8293,18793,18793,20671,17991
2416,0,23089,36816,36816,16646,10874
2417,0,2794,13294,13294,19772,16717
2418,0,7259,17759,17759,11720,17493
2419,0,22108,36839,36839,36308,36348
2420,0,23509,36595,36595,11936,16988
2421,0,524,11024,11024,36748,37290
2422,0,10499,20999,20999,38675,19745
2423,0,24344,38475,38475,39457,19218
2424,0,947,11447,11447,20232,20926
2425,0,23885,36151,36151,38916,11409
2426,0,24880,39249,39249,13367,12679
2427,0,23208,36456,36456,14487,16026
2428,0,1280,11780,11780,20186,16117
2429,0,9234,19734,19734,19162,36812
2430,0,122,10622,10622,18468,19214
2431,0,4366,14866,14866,36075,11894
2432,0,5885,16385,16385,17333,39265
2433,0,7068,17568,17568,38619,35407
2434,0,7917,18417,18417,13870,11877
2435,0,2302,12802,12802,15676,38756
2436,0,22132,38135,38135,15119,36080
2437,0,23179,38241,38241,17145,20344
2438,0,9414,19914,19914,11793,17890
2439,0,5820,16320,16320,18492,14748
2440,0,10311,20811,20811,19202,19045
2441,0,1005,11505,11505,19863,17055
2442,0,3460,13960,13960,16903,16010
2443,0,8211,18711,18711,35551,36806
2444,0,25148,37038,37038,35702,39035
2445,0,21227,38074,38074,37535,16130
2446,0,3055,13555,13555,17243,19487
2447,0,3566,14066,14066,13881,12523
2448,0,7066,17566,17566,36227,12685
2449,0,2132,12632,12632,12347,12937
2450,0,501,11001,11001,18902,19342
2451,0,25314,37875,37875,15929,35998
2452,0,3185,13685,13685,17071,18022
2453,0,6153,16653,16653,13445,38125
2454,0,8129,18629,18629,10806,15759
2455,0,229,10729,10729,37591,15563
2456,0,8881,19381,19381,13372,36113
2457,0,4001,14501,14501,39474,38777
2458,0,21333,36882,36882,35343,20098
2459,0,21603,38303,38303,20203,20405
2460,0,23222,35094,35094,19934,36226
2461,0,9202,19702,19702,36926,19064
2462,0,3007,13507,13507,36922,14449
2463,0,9383,19883,19883,17666,12039
2464,0,4587,15087,15087,13099,39083
2465,0,4221,14721,14721,19677,37070
2466,0,4305,14805,14805,16813,35659
2467,0,24128,39040,39040,11351,16573
2468,0,7571,18071,18071,20896,11491
2469,0,2750,13250,13250,14242,15415
2470,0,8992,19492,19492,20088,36751
2471,0,8857,19357,19357,17573,11172
2472,0,4376,14876,14876,15155,14579
2473,0,2944,13444,13444,20135,11381
2474,0,22963,35256,35256,16451,19999
2475,0,24434,39593,39593,38292,20217
2476,0,2718,13218,13218,17828,20893
2477,0,3362,13862,13862,19806,13641
2478,0,25411,35777,35777,35236,17429
2479,0,8459,18959,18959,12604,14878
2480,0,5824,16324,16324,19245,19916
2481,0,22645,36491,36491,11635,37165
2482,0,24524,39207,39207,37909,18346
2483,0,5230,15730,15730,13813,16033
2484,0,9792,20292,20292,37452,16971
2485,9,6746,17246,36896,20406,19315
2486,0,4161,14661,14661,18454,12607
2487,0,25381,37376,37376,35553,37377
2488,0,23846,36118,36118,16996,20023
2489,0,6878,17378,17378,12838,14825
2490,0,8608,19108,19108,37763,20522
2491,0,24875,38524,38524,20451,12755
2492,0,5322,15822,15822,15736,37293
2493,0,5561,16061,16061,18051,16359
2494,0,8928,19428,19428,18449,12056
2495,0,10298,20798,20798,18037,38766
2496,0,23688,37768,37768,20368,10633
2497,0,23259,37881,37881,18969,18217
2498,0,21970,36310,36310,14181,38769
2499,0,7463,17963,17963,11635,37165
2500,0,4867,15367,15367,20654,13152
2501,0,8742,19242,19242,11324,36843
2502,0,1017,11517,11517,18370,20083
2503,0,7949,18449,18449,19428,17757
2504,0,7646,18146,18146,39522,37469
2505,0,9627,20127,20127,17753,14620
2506,0,1928,12428,12428,16563,39514
2507,1,350,10850,38785,10850,20277
2508,0,6703,17203,17203,11716,36776
2509,0,25159,37789,37789,38894,16317
2510,0,223,10723,10723,16961,10589
2511,0,6030,16530,16530,16370,18184
2512,0,23651,38614,38614,38439,14877
2513,0,25045,37619,37619,19945,16257
2514,0,25006,38973,38973,14470,20732
2515,0,9174,19674,19674,11663,16515
2516,0,2500,13000,13000,15531,11783
2517,0,10328,20828,20828,36248,39033
2518,0,23039,35729,35729,37681,35745
2519,0,564,11064,11064,16697,18893
2520,0,1582,12082,12082,16854,13145
2521,0,5545,16045,16045,13322,19803
2522,0,2175,12675,12675,18261,15666
2523,0,9924,20424,20424,39519,15315
2524,0,25079,37048,37048,38968,39073
2525,0,21938,39564,39564,17445,15677
2526,0,3933,14433,14433,20796,11472
2527,0,23479,36538,36538,11630,36539
2528,0,2707,13207,13207,13470,37947
2529,0,22646,39408,39408,20227,39081
2530,0,9976,20476,20476,36562,11097
2531,0,5211,15711,15711,20332,13681
2532,0,23784,39179,39179,16735,39477
2533,0,9210,19710,19710,39348,39472
2534,0,21608,36520,36520,11242,39384
2535,0,3535,14035,14035,13591,37295
2536,0,8265,18765,18765,16081,17618
2537,0,23531,38994,38994,17275,35715
2538,0,2397,12897,12897,20512,36369
2539,0,6657,17157,17157,38896,37119
2540,0,3739,14239,14239,11817,20251
2541,0,21280,36295,36295,17274,15942
2542,0,821,11321,11321,35840,35742
2543,0,2063,12563,12563,19651,36196
2544,0,22341,38424,38424,17765,37486
2545,0,10120,20620,20620,16155,20780
2546,0,81,10581,10581,15697,16769
2547,0,5419,15919,15919,20737,15659
2548,0,23253,39226,39226,17640,39158
2549,0,21745,38491,38491,35705,13661
2550,0,9904,20404,20404,35341,13053
2551,0,2697,13197,13197,17102,13585
2552,0,831,11331,11331,12387,19171
2553,0,4574,15074,15074,37904,38744
2554,0,3826,14326,14326,11179,13682
2555,0,5924,16424,16424,15430,39340
2556,0,23909,35311,35311,18985,19855
2557,0,1397,11897,11897,12855,19962
2558,0,10251,20751,20751,14848,19857
2559,0,2833,13333,13333,18748,20156
2560,0,9921,20421,20421,36948,17952
2561,0,22080,38542,38542,13981,39172
2562,0,21574,38894,38894,37789,19637
2563,0,21342,37725,37725,10845,14536
2564,0,23716,37861,37861,37727,14154
2565,0,21635,36192,36192,18759,19525
2566,0,48,10548,10548,38314,39477
2567,0,9156,19656,19656,18748,20606
2568,0,8550,19050,19050,39011,35132
2569,0,24712,37488,37488,35659,17117
2570,0,6512,17012,17012,17870,38151
2571,0,21787,36030,36030,11019,15339
2572,0,7335,17835,17835,20187,37581
2573,0,21440,35835,35835,17868,35606
2574,0,6357,16857,16857,17146,35572
2575,0,4095,14595,14595,38616,14990
2576,0,2689,13189,13189,18348,20344
2577,0,1189,11689,11689,35118,17637
2578,0,24437,36076,36076,39346,16096
2579,0,4845,15345,15345,13504,12596
2580,0,5210,15710,15710,36381,17525
2581,0,3990,14490,14490,14525,39565
2582,0,2373,12873,12873,19876,16539
2583,0,23968,35633,35633,18320,39522
2584,0,5676,16176,16176,18453,16042
2585,0,22127,36632,36632,19039,13328
2586,0,2758,13258,13258,35489,19669
2587,0,9936,20436,20436,36158,19211
2588,0,6607,17107,17107,17417,17493
2589,0,9747,20247,20247,37023,16905
2590,0,9639,20139,20139,11762,14440
2591,0,2488,12988,12988,18092,14127
2592,0,2579,13079,13079,12571,38996
2593,0,22099,37333,37333,16805,14664
2594,0,21622,36727,36727,36728,17221
2595,0,3880,14380,14380,38526,16702
2596,0,23475,39055,39055,15505,17985
2597,0,8854,19354,19354,15506,19008
2598,0,9527,20027,20027,12968,10958
2599,0,4934,15434,15434,18375,38517
2600,0,24051,38365,38365,19348,39043
2601,0,8145,18645,18645,38109,39419
2602,0,2209,12709,12709,15895,19353
2603,0,5235,15735,15735,12319,18467
2604,0,3945,14445,14445,12035,35809
2605,0,22104,36411,36411,38603,17503
2606,0,9694,20194,20194,13745,19278
2607,0,2164,12664,12664,19201,35946
2608,0,2886,13386,13386,16896,10593
2609,0,7852,18352,18352,14687,37816
2610,0,21501,35414,35414,15168,17276
2611,0,24551,39500,39500,16118,18718
2612,0,516,11016,11016,35682,15752
2613,0,22765,36261,36261,18504,38095
2614,0,23667,36737,36737,36738,15261
2615,0,5666,16166,16166,14889,11119
2616,0,172,10672,10672,16528,18917
2617,0,639,11139,11139,17369,17755
2618,0,9863,20363,20363,35743,19272
2619,0,8935,19435,19435,18979,12775
2620,0,21841,38995,38995,14393,19289
2621,0,7690,18190,18190,37102,19396
2622,0,5065,15565,15565,13351,17920
2623,0,1143,11643,11643,35577,17222
2624,0,23545,35363,35363,20641,14544
2625,0,23718,38259,38259,35485,18221
2626,0,22540,37147,37147,37146,17412
2627,0,9946,20446,20446,13943,35921
2628,0,1832,12332,12332,37210,35316
2629,0,22157,39375,39375,20030,20317
2630,0,8862,19362,19362,20360,12280
2631,0,3686,14186,14186,38834,36849
2632,0,6227,16727,16727,17861,11685
2633,0,5700,16200,16200,11243,10562
2634,0,23766,35940,35940,18082,15388
2635,0,22346,38169,38169,36442,15447
2636,0,4537,15037,15037,38596,12161
2637,0,3515,14015,14015,15369,16757
2638,0,9668,20168,20168,14706,15898
2639,0,834,11334,11334,13641,37219
2640,0,2486,12986,12986,15304,19001
2641,0,24037,36553,36553,19018,16984
2642,0,8539,19039,19039,13528,17043
2643,0,9286,19786,19786,37427,12634
2644,0,22791,37391,37391,15443,13306
2645,0,21357,37823,37823,16504,10671
2646,0,9316,19816,19816,17500,13778
2647,0,5467,15967,15967,38113,17970
2648,0,4915,15415,15415,37471,13739
2649,0,65,10565,10565,19542,16279
2650,0,8037,18537,18537,35402,37281
2651,0,8405,18905,18905,17202,18433
2652,0,21926,37665,37665,20167,35690
2653,0,2024,12524,12524,36688,19115
2654,0,1872,12372,12372,36817,17608
2655,0,354,10854,10854,36463,12996
2656,0,5360,15860,15860,35890,15588
2657,0,1767,12267,12267,17125,19088
2658,0,23703,36983,36983,36440,36654
2659,0,9394,19894,19894,19780,14784
2660,0,6405,16905,16905,11922,18833
2661,0,4762,15262,15262,16370,13353
2662,0,1164,11664,11664,11454,18147
2663,0,24230,36732,36732,12963,13145
2664,0,22481,37782,37782,17019,37479
2665,0,3395,13895,13895,19326,12488
2666,0,8285,18785,18785,13203,35318
2667,0,22683,37297,37297,13143,13224
2668,0,4568,15068,15068,37806,14500
2669,0,9308,19808,19808,11601,16668
2670,0,3127,13627,13627,13450,10511
2671,0,25194,38176,38176,10532,18541
2672,0,6946,17446,17446,17475,20563
2673,0,309,10809,10809,35721,38219
2674,0,7203,17703,17703,37182,17560
2675,0,8593,19093,19093,19192,10656
2676,0,25149,38679,38679,15393,16345
2677,0,23142,35223,35223,38066,20713
2678,0,23339,36211,36211,19909,35712
2679,0,4354,14854,14854,13734,20561
2680,0,8893,19393,19393,36241,20948
2681,0,10444,20944,20944,15888,18467
2682,0,8204,18704,18704,39239,37463
2683,0,3587,14087,14087,20241,36037
2684,0,7223,17723,17723,12743,14762
2685,0,2583,13083,13083,16226,17643
2686,0,7420,17920,17920,15137,17373
2687,0,2770,13270,13270,20204,16382
2688,0,4812,15312,15312,19841,14915
2689,0,24720,35376,35376,18502,13692
2690,0,10203,20703,20703,38499,20762
2691,0,5087,15587,15587,18118,13423
2692,0,324,10824,10824,19312,16734
2693,0,5171,15671,15671,20691,14075
2694,0,5648,16148,16148,17460,15464
2695,0,6743,17243,17243,13555,17360
2696,0,3209,13709,13709,38306,14979
2697,0,9307,19807,19807,36449,37501
2698,0,3905,14405,14405,16368,19580
2699,0,21607,36955,36955,14196,36627
2700,0,1292,11792,11792,14790,17799
2701,0,5638,16138,16138,14507,16316
2702,0,22617,39027,39027,17643,15791
2703,0,8499,18999,18999,37836,18580
2704,0,8899,19399,19399,10949,13505
2705,0,2379,12879,12879,14681,13506
2706,0,10431,20931,20931,18486,19544
2707,0,9497,19997,19997,19156,39233
2708,0,3634,14134,14134,14195,36581
2709,0,4169,14669,14669,20954,38917
2710,0,8687,19187,19187,38158,14350
2711,0,6658,17158,17158,37469,18146
2712,0,21359,37345,37345,17653,15337
2713,0,23272,39309,39309,36772,13725
2714,0,3428,13928,13928,14213,18257
2715,0,4421,14921,14921,38093,37300
2716,0,1101,11601,11601,19670,19808
2717,0,25397,37387,37387,11433,38021
2718,0,7900,18400,18400,39035,10707
2719,0,22002,38901,38901,35453,10594
2720,0,3250,13750,13750,18847,36430
2721,0,4409,14909,14909,38956,17913
2722,0,4140,14640,14640,17314,18166
2723,0,3557,14057,14057,16474,19960
2724,0,709,11209,11209,37547,16048
2725,0,118,10618,10618,11999,14485
2726,0,2022,12522,12522,17920,17006
2727,0,4598,15098,15098,16846,16953
2728,0,7286,17786,17786,18417,18705
2729,0,6130,16630,16630,36764,10906
2730,0,22863,35541,35541,35826,15083
2731,0,6952,17452,17452,20239,18707
2732,0,25488,38091,38091,39159,19766
2733,0,2374,12874,12874,11074,38505
2734,0,23565,39043,39043,38365,35696
2735,0,21124,35341,35341,20404,20446
2736,0,9354,19854,19854,35905,14906
2737,0,5227,15727,15727,14125,17434
2738,0,21266,36402,36402,37821,20353
2739,0,6606,17106,17106,16426,11039
2740,0,4681,15181,15181,20848,13957
2741,0,22854,38285,38285,11731,35842
2742,0,8375,18875,18875,13870,36188
2743,0,5003,15503,15503,36805,35692
2744,0,9363,19863,19863,11505,13952
2745,0,22873,37517,37517,37516,16932
2746,0,10354,20854,20854,17753,14620
2747,0,4273,14773,14773,20193,12127
2748,0,5739,16239,16239,12792,36909
2749,0,23829,37193,37193,14541,16022
2750,0,9115,19615,19615,36529,15865
2751,0,24478,38333,38333,10691,35714
2752,0,5470,15970,15970,17651,15228
2753,0,5816,16316,16316,17027,16350
2754,0,1158,11658,11658,15245,18975
2755,0,21117,37953,37953,10687,16533
2756,0,8892,19392,19392,39097,11603
2757,0,87,10587,10587,16711,39119
2758,0,7702,18202,18202,35433,14764
2759,0,3382,13882,13882,16857,35860
2760,0,23332,38026,38026,11330,16342
2761,0,25495,36082,36082,38446,13278
2762,0,403,10903,10903,18179,37403
2763,0,21690,39194,39194,18620,37845
2764,0,3350,13850,13850,35379,11598
2765,0,23286,37076,37076,37092,18845
2766,0,7591,18091,18091,10525,10686
2767,0,23835,39533,39533,18576,37092
2768,0,6378,16878,16878,18079,13883
2769,0,2241,12741,12741,12887,20031
2770,0,23209,35270,35270,37694,11895
2771,0,6552,17052,17052,14456,37965
2772,0,7559,18059,18059,39160,38326
2773,0,21316,38233,38233,15228,35516
2774,0,6310,16810,16810,13075,19427
2775,0,1027,11527,11527,18889,14197
2776,0,24765,39324,39324,38092,11306
2777,0,3803,14303,14303,10518,36110
2778,0,5517,16017,16017,16302,38252
2779,0,2436,12936,12936,15210,35616
2780,0,4689,15189,15189,14909,15095
2781,0,10124,20624,20624,13635,18315
2782,0,5298,15798,15798,18853,20719
2783,0,1278,11778,11778,17602,11431
2784,0,9236,19736,19736,17416,11306
2785,0,6856,17356,17356,20186,19576
2786,0,2042,12542,12542,38825,13700
2787,0,24939,39206,39206,37564,12799
2788,0,6654,17154,17154,14133,11592
2789,0,6074,16574,16574,19584,19880
2790,0,5157,15657,15657,13951,11475
2791,0,1425,11925,11925,36042,18197
2792,0,5027,15527,15527,15777,16765
2793,0,5281,15781,15781,38117,38777
2794,0,9216,19716,19716,35108,17543
2795,0,1502,12002,12002,17721,11507
2796,0,22726,39205,39205,20053,14881
2797,0,21766,37439,37439,15201,11165
2798,0,22967,36869,36869,17067,15492
2799,0,9675,20175,20175,13389,18686
2800,0,25255,37462,37462,12513,15296
2801,0,6064,16564,16564,13226,37562
2802,0,678,11178,11178,15190,11612
2803,0,6673,17173,17173,18659,12180
2804,0,5851,16351,16351,38054,12517
2805,0,7194,17694,17694,12862,38915
2806,0,10414,20914,20914,17996,17405
2807,0,5265,15765,15765,10866,14341
2808,0,7551,18051,18051,35212,16061
2809,0,24785,37929,37929,16768,15602
2810,0,22435,35662,35662,18595,15992
2811,0,5053,15553,15553,10762,36828
2812,0,5215,15715,15715,20974,15433
2813,0,1850,12350,12350,10598,13777
2814,0,6522,17022,17022,12185,17940
2815,0,1070,11570,11570,11219,13304
2816,0,7934,18434,18434,18504,37725
2817,0,6784,17284,17284,16057,16914
2818,0,7406,17906,17906,15760,11297
2819,0,2480,12980,12980,38746,13960
2820,0,23774,37055,37055,20570,37036
2821,0,3392,13892,13892,37764,38025
2822,0,1099,11599,11599,15799,15980
2823,0,5484,15984,15984,19556,20520
2824,0,9103,19603,19603,12161,15899
2825,0,21055,36200,36200,17011,36201
2826,0,418,10918,10918,37888,13051
2827,0,9469,19969,19969,14747,20155
2828,0,5819,16319,16319,13280,15684
2829,0,7890,18390,18390,18434,15762
2830,0,1947,12447,12447,36150,20949
2831,0,8450,18950,18950,17427,36853
2832,0,3336,13836,13836,19404,36949
2833,0,2299,12799,12799,15480,38178
2834,0,9162,19662,19662,17767,14926
2835,0,24570,35501,35501,35361,19898
2836,0,23812,39263,39263,38484,17177
2837,0,208,10708,10708,19991,16982
2838,0,8288,18788,18788,19067,17248
2839,0,3682,14182,14182,17502,37158
2840,0,21099,38274,38274,20136,20850
2841,0,8222,18722,18722,13094,38340
2842,0,23488,39166,39166,15259,11677
2843,0,528,11028,11028,20040,35861
2844,0,5329,15829,15829,12282,20712
2845,0,779,11279,11279,12118,10779
2846,0,722,11222,11222,18493,37842
2847,0,7428,17928,17928,36730,20622
2848,0,9511,20011,20011,12951,35623
2849,0,7313,17813,17813,13487,11992
2850,0,1860,12360,12360,38351,12516
2851,0,21666,37314,37314,19326,17876
2852,0,22418,38935,38935,13317,37425
2853,0,25237,37296,37296,36976,37082
2854,0,24902,38209,38209,13053,20404
2855,0,1992,12492,12492,11519,17135
2856,0,2332,12832,12832,38755,36425
2857,0,10324,20824,20824,38513,38013
2858,0,6339,16839,16839,14128,14812
2859,0,9913,20413,20413,11956,14440
2860,0,22318,38307,38307,17541,11565
2861,0,6117,16617,16617,18268,14266
2862,0,3459,13959,13959,12128,38658
2863,0,7614,18114,18114,36224,38152
2864,0,6567,17067,17067,17980,20514
2865,0,21847,35862,35862,37323,10628
2866,0,8297,18797,18797,20967,14502
2867,0,21902,36360,36360,14994,39485
2868,0,9336,19836,19836,13798,17327
2869,0,5492,15992,15992,11165,18595
2870,0,22254,38106,38106,17766,37618
2871,0,4518,15018,15018,12717,39251
2872,0,24108,35585,35585,14912,18479
2873,0,8197,18697,18697,10982,16724
2874,0,5138,15638,15638,14138,15821
2875,0,6755,17255,17255,16823,18271
2876,0,21460,35789,35789,14341,16865
2877,0,22773,38722,38722,15985,16717
2878,0,257,10757,10757,38305,11370
2879,0,23956,39543,39543,17363,17707
2880,0,21312,37824,37824,16171,36057
2881,0,25339,37516,37516,15694,37517
2882,0,21198,36555,36555,13030,12049
2883,0,6931,17431,17431,35535,39115
2884,0,9601,20101,20101,36794,10612
2885,0,21369,38974,38974,12867,36532
2886,0,3625,14125,14125,39094,15727
2887,0,702,11202,11202,14012,12945
2888,0,3189,13689,13689,18433,12376
2889,0,503,11003,11003,12822,38096
2890,0,23202,36378,36378,15213,36379
2891,0,25366,37826,37826,20867,14707
2892,0,5441,15941,15941,38381,16778
2893,0,2556,13056,13056,20064,14760
2894,0,848,11348,11348,19789,12041
2895,0,2248,12748,12748,17969,14048
2896,0,5616,16116,16116,38924,15341
2897,0,9452,19952,19952,20999,10954
2898,0,372,10872,10872,13292,19135
2899,0,21805,37883,37883,13190,12690
2900,0,5317,15817,15817,15986,17727
2901,0,23416,35218,35218,36401,12360
2902,0,5487,15987,15987,36001,38604
2903,0,5303,15803,15803,14571,38692
2904,0,4052,14552,14552,13346,14984
2905,0,3937,14437,14437,16250,19287
2906,0,6252,16752,16752,15739,36644
2907,0,23075,39434,39434,20685,35635
2908,0,9546,20046,20046,13208,39016
2909,0,23384,36821,36821,35781,20955
2910,0,21030,37156,37156,11672,15134
2911,0,4076,14576,14576,15617,14044
2912,0,997,11497,11497,19071,18737
2913,0,4332,14832,14832,38167,15432
2914,0,8610,19110,19110,16377,19027
2915,0,1176,11676,11676,20553,16807
2916,0,21911,39125,39125,35102,19355
2917,0,551,11051,11051,20303,11485
2918,0,4840,15340,15340,18341,36270
2919,0,23366,37033,37033,36755,10594
2920,0,4372,14872,14872,10692,10604
2921,0,3497,13997,13997,16722,19529
2922,0,24121,39466,39466,19101,14850
2923,0,25151,39168,39168,16249,20379
2924,0,25022,39383,39383,36380,37710
2925,0,1407,11907,11907,10884,12791
2926,0,23906,37068,37068,18457,17806
2927,0,22906,37198,37198,38805,15704
2928,0,5176,15676,15676,12802,20729
2929,0,5829,16329,16329,15740,20814
2930,0,6062,16562,16562,13885,38176
2931,0,7792,18292,18292,38683,38401
2932,0,21650,37444,37444,19275,15630
2933,0,6775,17275,17275,38994,10828
2934,0,3588,14088,14088,14271,18716
2935,0,22152,39289,39289,16972,10836
2936,0,10266,20766,20766,15412,36705
2937,0,693,11193,11193,18283,14802
2938,0,2533,13033,13033,35420,20209
2939,0,5011,15511,15511,14559,17100
2940,0,3443,13943,13943,20404,20446
2941,0,982,11482,11482,39155,19227
2942,0,9372,19872,19872,11327,37406
2943,0,5943,16443,16443,15574,20711
2944,0,24377,38725,38725,12276,36225
2945,0,4222,14722,14722,35544,14506
2946,0,91,10591,10591,10935,19505
2947,0,5652,16152,16152,19609,36128
2948,0,2266,12766,12766,14307,38801
2949,0,21182,35317,35317,35898,15762
2950,0,8031,18531,18531,17730,14235
2951,0,9512,20012,20012,38699,13240
2952,0,9573,20073,20073,38718,13425
2953,0,261,10761,10761,16172,10723
2954,0,21462,39253,39253,18855,35115
2955,0,3337,13837,13837,37248,16177
2956,0,5497,15997,15997,15988,18908
2957,0,21880,39386,39386,11159,38041
2958,0,4016,14516,14516,38754,35986
2959,0,3626,14126,14126,20456,11774
2960,0,22472,35157,35157,13671,15712
2961,0,445,10945,10945,20693,16413
2962,0,6752,17252,17252,38292,16447
2963,0,5111,15611,15611,38232,17056
2964,0,5965,16465,16465,37413,15152
2965,0,3555,14055,14055,18489,38234
2966,0,2194,12694,12694,16128,13881
2967,0,9598,20098,20098,11965,18759
2968,0,7338,17838,17838,35522,20856
2969,0,22850,37410,37410,14430,16615
2970,0,3367,13867,13867,39474,38117
2971,0,9952,20452,20452,19631,19147
2972,0,2867,13367,13367,12679,39249
2973,0,2526,13026,13026,11353,15261
2974,0,24773,36677,36677,13387,19408
2975,0,7563,18063,18063,14029,38869
2976,0,8291,18791,18791,39020,14724
2977,0,10223,20723,20723,14678,19377
2978,0,1168,11668,11668,13283,14658
2979,0,4144,14644,14644,38012,19205
2980,0,5149,15649,15649,19162,38760
2981,0,84,10584,10584,36844,36316
2982,0,3149,13649,13649,39034,17539
2983,0,23026,37222,37222,13827,18278
2984,0,880,11380,11380,18652,35250
2985,0,6747,17247,17247,16864,14805
2986,0,23331,38959,38959,11185,38202
2987,0,6535,17035,17035,18894,36625
2988,0,21051,38927,38927,17480,17931
2989,0,9056,19556,19556,15984,35537
2990,0,1467,11967,11967,19308,35234
2991,0,23349,35530,35530,36541,15762
2992,0,5641,16141,16141,13130,17255
2993,0,6537,17037,17037,15154,37607
2994,0,9418,19918,19918,19274,36523
2995,0,452,10952,10952,37167,15072
2996,0,4326,14826,14826,35838,35276
2997,0,4044,14544,14544,35363,13342
2998,0,21747,36169,36169,16110,18896
2999,0,4137,14637,14637,17312,20323
3000,0,3039,13539,13539,15395,19204
3001,7,9096,19596,16126,18023,36609
3002,0,22383,37868,37868,18640,37959
3003,0,8413,18913,18913,17897,36070
3004,0,5825,16325,16325,20697,37150
3005,0,7796,18296,18296,18253,20036
3006,0,579,11079,11079,17014,16599
3007,0,5236,15736,15736,18981,15822
3008,0,6571,17071,17071,13685,18022
3009,0,10493,20993,20993,11255,14122
3010,0,7174,17674,17674,16046,20050
3011,0,7467,17967,17967,12486,13141
3012,0,22366,35598,35598,38048,14260
3013,1,9922,20422,11074,20422,12874
3014,0,24133,35620,35620,17446,17475
3015,0,5587,16087,16087,10694,39351
3016,0,21150,36371,36371,17606,10646
3017,0,2467,12967,12967,14414,20897
3018,0,4157,14657,14657,39044,37267
3019,0,6349,16849,16849,14771,36087
3020,0,9176,19676,19676,19041,16601
3021,0,413,10913,10913,13317,19164
3022,0,402,10902,10902,20117,36599
3023,0,4428,14928,14928,19962,12643
3024,0,2084,12584,12584,37969,11817
3025,0,3057,13557,13557,12408,20973
3026,0,22388,37641,37641,37195,18417
3027,0,22840,35792,35792,11935,12527
3028,0,7060,17560,17560,17703,37182
3029,0,164,10664,10664,37050,35602
3030,0,8692,19192,19192,13881,39090
3031,0,10044,20544,20544,18430,12376
3032,0,22214,37985,37985,36331,15659
3033,0,4302,14802,14802,20963,13499
3034,0,23591,37547,37547,16048,38083
3035,0,24561,35773,35773,12501,35460
3036,0,3317,13817,13817,36576,38997
3037,0,25326,36600,36600,35506,35545
3038,0,9941,20441,20441,13268,36727
3039,0,3934,14434,14434,10691,38333
3040,0,6851,17351,17351,19700,17534
3041,0,1847,12347,12347,12632,12937
3042,0,22718,36844,36844,10584,13332
3043,0,1334,11834,11834,36514,37602
3044,0,22186,36092,36092,17472,35823
3045,0,23364,37822,37822,36558,36749
3046,0,10296,20796,20796,14433,11472
3047,0,8807,19307,19307,38764,36997
3048,0,753,11253,11253,36369,20210
3049,0,3064,13564,13564,35475,16353
3050,0,22483,37594,37594,13357,20422
3051,0,6997,17497,17497,16675,13829
3052,0,7536,18036,18036,12180,14371
3053,0,22722,36219,36219,16979,38454
3054,0,706,11206,11206,36230,37185
3055,0,3491,13991,13991,13747,12327
3056,0,9575,20075,20075,36035,16826
3057,0,25379,38157,38157,20719,11659
3058,0,4573,15073,15073,15497,17311
3059,0,24179,36208,36208,20377,36207
3060,0,7054,17554,17554,37397,20458
3061,0,5580,16080,16080,11769,37012
3062,0,24032,37233,37233,13404,10807
3063,0,6840,17340,17340,37897,36152
3064,0,3151,13651,13651,20880,13847
3065,0,23974,38968,38968,39073,37048
3066,0,6523,17023,17023,37824,12976
3067,0,21358,39437,39437,13619,39486
3068,0,3799,14299,14299,20843,36269
3069,0,4022,14522,14522,16844,36960
3070,0,8871,19371,19371,11197,14845
3071,0,1074,11574,11574,19571,11837
3072,0,10020,20520,20520,36158,15984
3073,21,10383,20883,10779,36201,16951
3074,0,3438,13938,13938,37088,37801
3075,0,22204,38964,38964,38937,36584
3076,0,22778,38010,38010,18218,19206
3077,0,9962,20462,20462,13362,19054
3078,0,2429,12929,12929,10975,20018
3079,0,246,10746,10746,16738,20347
3080,0,3815,14315,14315,11475,16129
3081,0,22263,35715,35715,15496,13883
3082,0,3632,14132,14132,13150,20618
3083,0,9990,20490,20490,18809,12544
3084,0,2262,12762,12762,11429,13544
3085,0,2246,12746,12746,16259,38578
3086,0,835,11335,11335,11110,12669
3087,0,5064,15564,15564,14835,36383
3088,0,6202,16702,16702,17581,14956
3089,0,432,10932,10932,17070,20530
3090,0,7960,18460,18460,35798,35319
3091,0,1173,11673,11673,16912,35294
3092,0,8374,18874,18874,20521,14074
3093,0,6437,16937,16937,16820,16827
3094,0,8823,19323,19323,20173,14079
3095,0,4656,15156,15156,38451,12477
3096,0,8654,19154,19154,38352,12319
3097,0,5289,15789,15789,37687,35443
3098,0,3757,14257,14257,36494,14824
3099,0,10061,20561,20561,12146,14854
3100,0,9880,20380,20380,10995,37036
3101,0,250,10750,10750,20903,10532
3102,0,7671,18171,18171,16354,13548
3103,0,21118,39273,39273,14263,14822
3104,0,7334,17834,17834,12550,38652
3105,0,24318,37514,37514,11952,17397
3106,0,7952,18452,18452,14155,37687
3107,0,8018,18518,18518,38432,20612
3108,0,24684,38803,38803,38363,20215
3109,0,3407,13907,13907,16468,10659
3110,0,2729,13229,13229,11190,39403
3111,0,22026,39447,39447,37062,18044
3112,0,8948,19448,19448,12208,15755
3113,0,433,10933,10933,13319,12149
3114,0,25168,36699,36699,16990,13433
3115,0,7422,17922,17922,39030,15608
3116,0,7592,18092,18092,20744,12988
3117,0,21846,35920,35920,19484,17888
3118,0,23016,38238,38238,13386,16896
3119,0,23868,39089,39089,38557,17194
3120,0,24115,39167,39167,37100,13058
3121,0,21230,38058,38058,20119,15977
3122,0,23787,38499,38499,20703,16501
3123,0,25236,35763,35763,12467,17210
3124,0,5629,16129,16129,17785,14315
3125,0,4002,14502,14502,17386,13355
3126,0,10455,20955,20955,36821,20796
3127,0,4753,15253,15253,13923,35925
3128,0,1332,11832,11832,19826,12703
3129,0,9854,20354,20354,15627,18995
3130,0,8101,18601,18601,15637,35910
3131,0,4196,14696,14696,38308,20632
3132,0,1443,11943,11943,38334,36143
3133,0,3681,14181,14181,36310,35686
3134,0,25390,36661,36661,38681,38097
3135,0,4310,14810,14810,36840,14840
3136,0,7448,17948,17948,36835,15949
3137,0,4899,15399,15399,11187,18576
3138,0,8272,18772,18772,10819,35896
3139,0,3985,14485,14485,10618,14935
3140,0,23260,39171,39171,36235,37496
3141,0,24088,37932,37932,39498,13831
3142,0,21528,36410,36410,11164,15976
3143,0,8784,19284,19284,15976,12448
3144,0,2569,13069,13069,37129,37930
3145,0,22161,35306,35306,14335,17682
3146,0,4277,14777,14777,18760,12661
3147,0,3666,14166,14166,13960,35966
3148,0,24612,36369,36369,14159,37683
3149,0,24005,39451,39451,11835,19962
3150,0,2446,12946,12946,37720,16009
3151,0,6821,17321,17321,38554,19628
3152,0,24878,37729,37729,11550,36617
3153,0,6520,17020,17020,36088,17991
3154,0,5802,16302,16302,16925,13202
3155,0,3657,14157,14157,37976,12009
3156,0,23241,38037,38037,18052,14854
3157,0,23218,36682,36682,35564,18381
3158,0,3172,13672,13672,37396,35343
3159,1,1223,11723,36454,11723,19847
3160,0,7272,17772,17772,38254,14982
3161,0,3639,14139,14139,17733,17405
3162,0,4166,14666,14666,15155,18470
3163,0,544,11044,11044,13772,14974
3164,0,1204,11704,11704,35333,11720
3165,0,25184,37511,37511,39513,19962
3166,0,8816,19316,19316,16412,20514
3167,0,23240,38261,38261,15917,10505
3168,0,7242,17742,17742,15209,17352
3169,0,2637,13137,13137,35458,36411
3170,0,25269,39119,39119,35142,10587
3171,0,8839,19339,19339,37946,17547
3172,0,25272,37993,37993,18516,13540
3173,0,23841,37909,37909,15479,14011
3174,0,6758,17258,17258,18810,35690
3175,0,22038,37674,37674,36694,10966
3176,0,7838,18338,18338,35989,18700
3177,0,877,11377,11377,18481,13311
3178,0,22372,36960,36960,19996,19827
3179,0,196,10696,10696,39214,14800
3180,0,21202,39213,39213,13810,12238
3181,0,3383,13883,13883,35715,13867
3182,0,4379,14879,14879,13849,11492
3183,0,22124,37312,37312,12511,12229
3184,0,23033,35315,35315,14985,14943
3185,0,2997,13497,13497,20674,17110
3186,0,3908,14408,14408,13699,13916
3187,0,2571,13071,13071,38835,16816
3188,0,7688,18188,18188,10769,19057
3189,0,1755,12255,12255,16739,14809
3190,0,6496,16996,16996,17015,36118
3191,0,25112,37536,37536,13416,38676
3192,0,24683,38658,38658,37032,12128
3193,0,22942,38960,38960,39483,19791
3194,0,5721,16221,16221,14007,19801
3195,0,6443,16943,16943,19827,16778
3196,0,24588,38738,38738,11592,35528
3197,0,4969,15469,15469,19146,13087
3198,0,6964,17464,17464,13983,15901
3199,0,6814,17314,17314,17208,18166
3200,0,6479,16979,16979,36219,18836
3201,0,4711,15211,15211,35129,12663
3202,0,4163,14663,14663,14563,39377
3203,0,24948,37196,37196,38621,20077
3204,0,9084,19584,19584,19190,17299
3205,0,25452,35831,35831,15464,36257
3206,0,21013,36985,36985,16193,37287
3207,0,2682,13182,13182,10882,38401
3208,0,23273,38556,38556,19545,17398
3209,0,2508,13008,13008,11392,15211
3210,0,8075,18575,18575,13729,12681
3211,0,1510,12010,12010,12130,37373
3212,0,4314,14814,14814,39266,36050
3213,0,9445,19945,19945,37619,38832
3214,0,8483,18983,18983,38952,12757
3215,0,5356,15856,15856,12314,38948
3216,0,6639,17139,17139,37801,39204
3217,0,5972,16472,16472,19445,11700
3218,1,1244,11744,35207,11744,15927
3219,0,3734,14234,14234,13510,13137
3220,0,8863,19363,19363,20131,19391
3221,0,24164,37821,37821,13104,36402
3222,0,4121,14621,14621,35172,10736
3223,0,24838,37389,37389,39017,15187
3224,0,4995,15495,15495,39443,13309
3225,0,23057,35438,35438,12859,12492
3226,0,8318,18818,18818,14754,18894
3227,1,1876,12376,15948,12376,38741
3228,0,24636,39301,39301,35554,16864
3229,0,5262,15762,15762,37589,36541
3230,0,254,10754,10754,18148,17882
3231,0,8146,18646,18646,12707,12605
3232,0,4511,15011,15011,38521,37502
3233,0,9266,19766,19766,15899,39159
3234,0,5159,15659,15659,15919,37985
3235,0,24495,36959,36959,14417,19242
3236,0,7764,18264,18264,14447,16482
3237,0,759,11259,11259,12032,37322
3238,0,5481,15981,15981,38089,37490
3239,0,654,11154,11154,35326,16769
3240,0,5297,15797,15797,37433,16350
3241,0,9386,19886,19886,12135,15007
3242,0,5812,16312,16312,36938,12321
3243,0,5288,15788,15788,20768,37533
3244,0,2892,13392,13392,11036,15387
3245,0,3401,13901,13901,16517,18306
3246,0,7626,18126,18126,19986,38365
3247,0,5636,16136,16136,37321,12271
3248,0,1420,11920,11920,36578,38468
3249,0,3044,13544,13544,11573,11429
3250,0,2830,13330,13330,16552,15297
3251,0,23439,35756,35756,38530,38767
3252,0,328,10828,10828,12789,13883
3253,0,10480,20980,20980,18269,13041
3254,1,253,10753,39251,10753,36924
3255,0,22189,38125,38125,16653,16477
3256,0,7318,17818,17818,11015,13396
3257,0,6159,16659,16659,17825,10755
3258,0,5323,15823,15823,14268,17467
3259,0,8665,19165,19165,17827,37176
3260,0,21890,35749,35749,20973,19787
3261,0,4377,14877,14877,13171,38439
3262,0,6022,16522,16522,11748,16657
3263,0,5092,15592,15592,14797,11193
3264,0,9257,19757,19757,11158,13759
3265,0,5377,15877,15877,38319,16169
3266,0,3019,13519,13519,36037,10970
3267,0,3029,13529,13529,16667,18494
3268,0,9740,20240,20240,13259,13572
3269,0,2636,13136,13136,36679,36602
3270,0,21209,37771,37771,16096,11064
3271,0,9532,20032,20032,19266,16667
3272,0,1131,11631,11631,16977,17030
3273,0,3018,13518,13518,12408,16019
3274,0,2945,13445,13445,16653,18590
3275,0,3659,14159,14159,36369,19911
3276,0,23859,38371,38371,35565,16030
3277,0,24799,35485,35485,14926,38259
3278,0,21918,36390,36390,16487,35693
3279,0,8703,19203,19203,36820,35998
3280,0,2663,13163,13163,37379,37130
3281,0,24510,38330,38330,10778,10942
3282,0,5378,15878,15878,38601,15991
3283,0,8359,18859,18859,38988,35139
3284,0,1362,11862,11862,20254,14261
3285,0,7180,17680,17680,36216,10564
3286,0,25456,35340,35340,16582,11651
3287,0,5533,16033,16033,15730,13442
3288,0,3481,13981,13981,38542,19877
3289,0,22476,39045,39045,15709,20164
3290,0,6255,16755,16755,10661,37960
3291,0,23976,37637,37637,11999,11724
3292,0,8747,19247,19247,13211,39261
3293,0,21215,37302,37302,15997,38247
3294,0,5112,15612,15612,19574,15519
3295,0,5940,16440,16440,37282,17400
3296,0,7981,18481,18481,11377,17889
3297,0,24819,35985,35985,35986,38077
3298,0,10144,20644,20644,17466,35708
3299,0,2880,13380,13380,13241,10819
3300,0,5839,16339,16339,19921,16145
3301,0,3381,13881,13881,12694,14066
3302,0,22816,37144,37144,14784,19894
3303,0,1302,11802,11802,14762,17128
3304,0,23594,38806,38806,11321,19639
3305,0,7442,17942,17942,17692,18922
3306,0,4957,15457,15457,35406,16920
3307,0,4836,15336,15336,10702,17412
3308,0,25215,35242,35242,37249,17541
3309,0,8704,19204,19204,38803,20215
3310,0,25061,38069,38069,12122,17189
3311,0,5720,16220,16220,16479,10807
3312,0,8188,18688,18688,16837,17341
3313,0,9618,20118,20118,36818,19035
3314,0,942,11442,11442,12568,15500
3315,0,23569,36810,36810,17534,37749
3316,0,3235,13735,13735,19483,38044
3317,2,23370,39423,16800,38698,39423
3318,0,3257,13757,13757,16967,38040
3319,0,23238,35916,35916,17647,16421
3320,0,21755,35671,35671,14739,18856
3321,0,176,10676,10676,13732,14748
3322,0,435,10935,10935,10591,18074
3323,0,22607,35948,35948,14082,14760
3324,0,7049,17549,17549,13832,15225
3325,0,308,10808,10808,37322,10704
3326,0,1565,12065,12065,16929,38099
3327,0,3964,14464,14464,38191,15439
3328,0,6727,17227,17227,18056,35602
3329,0,2135,12635,12635,38044,13735
3330,0,9060,19560,19560,10532,20892
3331,0,23852,37765,37765,11834,38403
3332,0,21942,35462,35462,11981,15928
3333,0,24877,36617,36617,15588,35587
3334,0,4977,15477,15477,37309,19771
3335,0,8664,19164,19164,16911,10913
3336,0,24901,38203,38203,18382,12216
3337,0,595,11095,11095,20752,38894
3338,0,7393,17893,17893,13041,37335
3339,0,2276,12776,12776,20403,38666
3340,0,7072,17572,17572,14467,14218
3341,0,6830,17330,17330,12376,18353
3342,0,4625,15125,15125,19112,35826
3343,0,9245,19745,19745,20999,38675
3344,0,5332,15832,15832,38893,37543
3345,0,24185,36126,36126,36733,11145
3346,0,5351,15851,15851,16862,37522
3347,0,23953,37057,37057,38742,19206
3348,0,2623,13123,13123,19414,35383
3349,0,9628,20128,20128,19780,14784
3350,0,4572,15072,15072,16021,18385
3351,0,23435,35936,35936,16381,18944
3352,0,22317,38325,38325,19044,20356
3353,0,231,10731,10731,12274,16565
3354,0,179,10679,10679,37216,20988
3355,0,7882,18382,18382,36362,15587
3356,0,737,11237,11237,38402,15327
3357,0,22107,39016,39016,12116,20926
3358,0,10264,20764,20764,13414,20976
3359,0,24477,35549,35549,12590,35548
3360,0,3865,14365,14365,16642,11222
3361,0,5865,16365,16365,37871,14481
3362,0,21834,35481,35481,17016,18904
3363,0,6057,16557,16557,15178,18312
3364,0,9199,19699,19699,20600,19513
3365,0,21637,35737,35737,18606,11711
3366,0,109,10609,10609,37953,12821
3367,0,5705,16205,16205,37148,18263
3368,0,8481,18981,18981,16902,13856
3369,0,1321,11821,11821,35853,37321
3370,0,5935,16435,16435,15685,14436
3371,0,1995,12495,12495,18237,39539
3372,0,6495,16995,16995,38239,36581
3373,0,755,11255,11255,20993,35965
3374,0,8650,19150,19150,18441,14800
3375,0,23486,38667,38667,12148,36628
3376,0,5137,15637,15637,19022,35910
3377,0,21762,37548,37548,36784,37547
3378,0,800,11300,11300,12858,12747
3379,0,22978,35915,35915,19338,36070
3380,0,2086,12586,12586,38617,37485
3381,0,5501,16001,16001,19592,17879
3382,0,6200,16700,16700,14248,12463
3383,0,9549,20049,20049,37529,37002
3384,0,69,10569,10569,39222,12997
3385,0,5367,15867,15867,13239,15479
3386,0,9636,20136,20136,38274,19996
3387,0,22172,37635,37635,13854,37919
3388,0,10274,20774,20774,19031,20262
3389,0,5682,16182,16182,14636,36523
3390,0,8873,19373,19373,37236,20649
3391,0,25259,35782,35782,19812,19699
3392,0,10149,20649,20649,39206,19373
3393,0,5170,15670,15670,36777,18329
3394,0,1680,12180,12180,18036,17173
3395,0,23343,35825,35825,17779,36647
3396,0,377,10877,10877,20652,38833
3397,0,1469,11969,11969,35484,19740
3398,0,23002,35668,35668,35754,19636
3399,0,5961,16461,16461,19498,14635
3400,0,2603,13103,13103,14818,19609
3401,0,4181,14681,14681,10553,17895
3402,0,9272,19772,19772,13294,16717
3403,0,7868,18368,18368,14164,36284
3404,0,8827,19327,19327,16016,20851
3405,0,22774,36215,36215,12979,17632
3406,0,23404,38788,38788,15574,12235
3407,0,4505,15005,15005,35156,17738
3408,0,22857,39492,39492,11463,36436
3409,0,7048,17548,17548,18053,36193
3410,0,4230,14730,14730,11298,13352
3411,0,9024,19524,19524,12914,17606
3412,0,21293,38197,38197,11483,36779
3413,0,3091,13591,13591,16190,14035
3414,0,2726,13226,13226,16564,37562
3415,0,477,10977,10977,18921,17766
3416,0,1329,11829,11829,17656,35119
3417,0,2283,12783,12783,15229,11308
3418,0,3732,14232,14232,16074,12475
3419,0,24403,39065,39065,19173,19980
3420,0,9676,20176,20176,13314,12608
3421,0,5873,16373,16373,17911,19931
3422,0,5557,16057,16057,17284,13752
3423,0,751,11251,11251,20222,16233
3424,0,24907,38711,38711,20333,12994
3425,0,2300,12800,12800,36850,17745
3426,0,23869,37211,37211,38192,18650
3427,0,873,11373,11373,18605,14660
3428,0,6620,17120,17120,11760,19039
3429,0,8847,19347,19347,39135,14679
3430,0,5127,15627,15627,14487,20354
3431,0,9810,20310,20310,15516,12692
3432,0,24215,38098,38098,37047,35446
3433,0,4564,15064,15064,17508,37092
3434,0,1545,12045,12045,18777,17210
3435,0,739,11239,11239,15666,12610
3436,0,25004,37433,37433,14566,15797
3437,0,2683,13183,13183,11844,38300
3438,0,24579,38411,38411,37748,37504
3439,0,22200,35618,35618,14418,16891
3440,0,21539,35650,35650,20759,16623
3441,0,5121,15621,15621,37825,19854
3442,0,6984,17484,17484,10768,16304
3443,0,6795,17295,17295,16763,18942
3444,0,9966,20466,20466,10656,16684
3445,0,7608,18108,18108,10655,12730
3446,0,3518,14018,14018,20981,18660
3447,0,10496,20996,20996,17246,14973
3448,0,2354,12854,12854,18131,18221
3449,0,24021,37250,37250,35138,17336
3450,0,23197,37939,37939,14051,13578
3451,0,773,11273,11273,11080,14550
3452,0,7965,18465,18465,35211,13758
3453,0,24756,37819,37819,37931,13742
3454,0,5200,15700,15700,12621,36417
3455,0,22017,36430,36430,15722,13750
3456,0,641,11141,11141,17958,16644
3457,0,10079,20579,20579,15954,17533
3458,0,21633,37185,37185,16874,11633
3459,0,8727,19227,19227,39155,11740
3460,0,3203,13703,13703,36628,15003
3461,0,7288,17788,17788,12503,11490
3462,1,4309,14809,19977,14809,16739
3463,0,5204,15704,15704,37198,35605
3464,0,6249,16749,16749,14882,13015
3465,0,865,11365,11365,35183,19726
3466,0,5516,16016,16016,36536,19327
3467,0,9617,20117,20117,10902,37421
3468,0,21792,38945,38945,38946,12863
3469,0,22120,38707,38707,14374,14916
3470,0,6923,17423,17423,14145,17315
3471,0,23987,39425,39425,36395,38596
3472,0,10364,20864,20864,37784,11254
3473,0,9415,19915,19915,15883,19364
3474,0,25264,35770,35770,17301,11615
3475,0,962,11462,11462,37558,17746
3476,0,22336,39387,39387,11773,39056
3477,0,24760,35693,35693,13321,38370
3478,0,24465,36009,36009,11382,11709
3479,0,24183,38957,38957,17301,16491
3480,0,10477,20977,20977,17156,36902
3481,0,21662,37733,37733,17569,38379
3482,0,3309,13809,13809,36236,18185
3483,0,2166,12666,12666,16969,36132
3484,0,363,10863,10863,39138,37724
3485,0,23065,36042,36042,18197,11925
3486,0,3723,14223,14223,11167,13711
3487,0,2825,13325,13325,13381,19782
3488,0,5133,15633,15633,36121,15338
3489,0,7670,18170,18170,19562,10884
3490,0,3597,14097,14097,12883,37358
3491,0,4726,15226,15226,13323,12245
3492,0,546,11046,11046,20107,11605
3493,0,2940,13440,13440,39097,11603
3494,0,471,10971,10971,36037,20241
3495,0,1641,12141,12141,11228,11347
3496,0,21795,37529,37529,10656,20049
3497,0,3338,13838,13838,36739,12368
3498,0,8216,18716,18716,14291,18443
3499,0,1172,11672,11672,37156,16392
3500,0,6983,17483,17483,20082,16787
3501,0,9401,19901,19901,13703,11650
3502,0,5273,15773,15773,37334,35882
3503,0,6672,17172,17172,37935,37153
3504,0,6085,16585,16585,15147,19192
3505,0,21929,35192,35192,12216,10732
3506,0,8014,18514,18514,36069,20128
3507,0,22502,37478,37478,12726,14579
3508,0,23045,39074,39074,11134,36295
3509,0,3364,13864,13864,12702,15588
3510,0,23433,39321,39321,15158,13811
3511,0,8309,18809,18809,20490,12544
3512,0,6724,17224,17224,39020,37313
3513,0,23822,37421,37421,17946,12468
3514,0,1410,11910,11910,11389,17891
3515,0,9440,19940,19940,12250,10645
3516,0,10036,20536,20536,38520,37769
3517,0,6666,17166,17166,12884,14559
3518,0,8276,18776,18776,18974,11806
3519,0,23290,36953,36953,17852,15468
3520,0,2694,13194,13194,13363,13377
3521,0,815,11315,11315,17241,38130
3522,0,6500,17000,17000,20039,16665
3523,0,6762,17262,17262,10944,17756
3524,0,25240,35357,35357,38526,37732
3525,0,7322,17822,17822,14279,11002
3526,0,2131,12631,12631,38183,38831
3527,0,1797,12297,12297,12882,38639
3528,0,25233,35219,35219,11164,18723
3529,0,7727,18227,18227,36073,39304
3530,0,4575,15075,15075,14705,11377
3531,0,5190,15690,15690,36499,35224
3532,0,3122,13622,13622,36209,15323
3533,0,7540,18040,18040,38620,12187
3534,0,5853,16353,16353,36374,13564
3535,0,5365,15865,15865,13766,36529
3536,0,9043,19543,19543,17178,18111
3537,0,4275,14775,14775,35960,20953
3538,0,21676,38485,38485,16445,11347
3539,0,3089,13589,13589,19290,11495
3540,0,23676,37687,37687,15789,20200
3541,0,23401,37304,37304,12852,20632
3542,0,23023,39569,39569,35854,13884
3543,0,9609,20109,20109,18544,36789
3544,0,5253,15753,15753,36709,19464
3545,0,237,10737,10737,17110,13497
3546,0,1532,12032,12032,10808,37322
3547,0,25499,38731,38731,17228,15259
3548,0,8402,18902,18902,11001,19342
3549,0,3410,13910,13910,16366,17180
3550,0,2831,13331,13331,38163,11844
3551,0,21436,38266,38266,16430,38281
3552,0,7779,18279,18279,16071,36254
3553,0,1535,12035,12035,13262,17463
3554,0,24886,38358,38358,15492,19501
3555,0,3879,14379,14379,19992,36063
3556,0,7435,17935,17935,16690,18374
3557,0,5302,15802,15802,39157,14554
3558,0,8909,19409,19409,35513,16664
3559,0,23902,37450,37450,38567,39326
3560,0,9407,19907,19907,37451,11419
3561,0,1299,11799,11799,15845,36882
3562,0,6739,17239,17239,13800,14236
3563,0,6273,16773,16773,18648,13773
3564,0,5499,15999,15999,10525,14154
3565,0,9230,19730,19730,38692,14571
3566,0,21746,39563,39563,12561,13004
3567,0,10046,20546,20546,13228,15420
3568,0,6934,17434,17434,15727,13821
3569,0,8183,18683,18683,12267,17125
3570,0,23421,35295,35295,37253,19569
3571,0,22719,36596,36596,37301,14523
3572,0,1480,11980,11980,37858,10683
3573,0,2793,13293,13293,16743,12376
3574,0,1601,12101,12101,36545,35372
3575,0,23712,39268,39268,10812,17234
3576,0,5091,15591,15591,20461,15791
3577,0,7983,18483,18483,12319,15735
3578,0,7067,17567,17567,12446,11695
3579,0,6804,17304,17304,19303,20330
3580,0,2329,12829,12829,16171,35420
3581,0,8552,19052,19052,35313,15427
3582,0,8337,18837,18837,19075,20880
3583,0,9247,19747,19747,17133,16816
3584,0,22434,35375,35375,16238,18335
3585,0,3661,14161,14161,16111,11170
3586,0,8437,18937,18937,11378,10997
3587,0,23077,36861,36861,13859,20433
3588,0,555,11055,11055,37856,16369
3589,0,4825,15325,15325,39139,15248
3590,0,1163,11663,11663,16515,15365
3591,0,5680,16180,16180,15390,12670
3592,0,9589,20089,20089,11221,20997
3593,0,4715,15215,15215,11424,17965
3594,0,397,10897,10897,17237,12992
3595,0,21067,36225,36225,15708,12276
3596,0,2506,13006,13006,11804,14164
3597,0,24033,37796,37796,37968,18474
3598,4,3836,14336,13923,35776,16356
3599,0,23617,38619,38619,17568,13860
3600,0,9193,19693,19693,16659,15081
3601,0,3010,13510,13510,14234,18931
3602,0,10226,20726,20726,19342,10693
3603,0,723,11223,11223,12138,13249
3604,0,300,10800,10800,16444,11773
3605,0,24312,37184,37184,38315,14734
3606,0,8908,19408,19408,36677,18175
3607,0,7328,17828,17828,13218,16044
3608,0,4294,14794,14794,17588,35444
3609,0,8113,18613,18613,37917,38122
3610,1,4185,14685,15209,14685,17352
3611,0,24753,38082,38082,18304,14102
3612,0,6954,17454,17454,17204,13200
3613,0,8269,18769,18769,11462,36200
3614,0,24870,39344,39344,10594,35592
3615,0,3142,13642,13642,16173,13734
3616,0,9939,20439,20439,39398,11212
3617,0,24924,38921,38921,12432,12698
3618,0,25172,35800,35800,18012,38680
3619,0,3205,13705,13705,15486,14364
3620,0,4955,15455,15455,35861,17346
3621,0,4582,15082,15082,37802,38128
3622,0,22619,38195,38195,19663,16118
3623,0,7367,17867,17867,36692,17881
3624,3,23853,39539,18237,36338,12495
3625,0,9770,20270,20270,39416,20516
3626,0,21563,39285,39285,12678,39243
3627,0,23422,37835,37835,18157,19866
3628,0,7433,17933,17933,35834,39591
3629,0,7704,18204,18204,39433,35625
3630,0,23614,36873,36873,37622,16307
3631,0,1152,11652,11652,17641,16785
3632,0,23482,39580,39580,15259,16474
3633,0,6965,17465,17465,11997,38630
3634,0,1212,11712,11712,19757,14226
3635,0,4503,15003,15003,16610,12876
3636,0,7055,17555,17555,17474,17081
3637,0,10118,20618,20618,16304,14132
3638,0,23523,36891,36891,36892,14129
3639,0,22740,39147,39147,20019,18974
3640,0,5894,16394,16394,12461,17488
3641,0,24359,36721,36721,19012,15145
3642,0,8637,19137,19137,36718,17633
3643,0,22004,38522,38522,35736,15899
3644,0,5427,15927,15927,35207,36171
3645,0,21240,38291,38291,16417,37678
3646,0,22644,35528,35528,38738,37315
3647,0,665,11165,11165,17622,16364
3648,0,21431,38127,38127,37084,16665
3649,0,7216,17716,17716,17215,17709
3650,0,5994,16494,16494,11892,20457
3651,0,642,11142,11142,39340,16424
3652,0,25071,38468,38468,11920,39171
3653,0,3767,14267,14267,18045,12753
3654,0,4272,14772,14772,15244,11469
3655,0,23638,38940,38940,20055,35131
3656,0,24890,39101,39101,19693,12746
3657,0,6123,16623,16623,36153,13621
3658,0,8331,18831,18831,20045,14086
3659,0,786,11286,11286,18392,19976
3660,0,2857,13357,13357,37594,38025
3661,0,6112,16612,16612,36159,14100
3662,0,25040,35206,35206,15982,10626
3663,0,3202,13702,13702,13940,17852
3664,0,25459,37525,37525,37902,15265
3665,0,8916,19416,19416,13627,20693
3666,0,10315,20815,20815,36368,12854
3667,0,7600,18100,18100,11721,13225
3668,0,4187,14687,14687,37760,37816
3669,0,7853,18353,18353,16170,10689
3670,0,22521,37850,37850,37979,18184
3671,0,24895,37025,37025,37024,11915
3672,0,4824,15324,15324,11813,37925
3673,0,8332,18832,18832,12614,17535
3674,0,6067,16567,16567,20297,15155
3675,0,2905,13405,13405,39377,14563
3676,0,4626,15126,15126,12228,37894
3677,0,9635,20135,20135,13444,11381
3678,0,996,11496,11496,17741,39095
3679,0,7131,17631,17631,18734,35506
3680,0,22852,38107,38107,37630,18674
3681,0,24036,39107,39107,10674,14755
3682,0,7246,17746,17746,11462,37558
3683,0,25239,35296,35296,19414,36933
3684,0,6408,16908,16908,11036,10783
3685,0,7787,18287,18287,11149,36701
3686,0,6250,16750,16750,37130,12755
3687,0,9205,19705,19705,10869,18141
3688,0,8055,18555,18555,12733,11748
3689,0,23292,38890,38890,38625,36682
3690,0,5523,16023,16023,14760,20960
3691,0,24594,37683,37683,17840,36369
3692,0,7505,18005,18005,19768,38291
3693,0,156,10656,10656,20466,37529
3694,0,9868,20368,20368,10633,37768
3695,0,3085,13585,13585,13197,12954
3696,0,10425,20925,20925,15344,11169
3697,0,1552,12052,12052,13575,12356
3698,0,8774,19274,19274,19918,10591
3699,0,22838,39192,39192,10703,15409
3700,0,495,10995,10995,20380,20630
3701,0,2321,12821,12821,10609,17803
3702,0,912,11412,11412,11266,37775
3703,0,9044,19544,19544,38047,18486
3704,0,151,10651,10651,39391,20860
3705,0,24331,37864,37864,35828,38661
3706,0,21053,35973,35973,35974,18079
3707,0,10243,20743,20743,18556,15115
3708,0,1738,12238,12238,37129,37930
3709,0,3001,13501,13501,12328,17702
3710,0,9263,19763,19763,13861,36057
3711,0,6961,17461,17461,11266,37775
3712,0,22289,38117,38117,13867,38777
3713,0,2883,13383,13383,16005,16111
3714,0,3720,14220,14220,14636,37892
3715,0,7127,17627,17627,12474,37724
3716,0,888,11388,11388,16405,13144
3717,0,5471,15971,15971,17762,12256
3718,0,3201,13701,13701,13765,13191
3719,0,9696,20196,20196,17731,13877
3720,0,4823,15323,15323,36209,13622
3721,0,4704,15204,15204,18539,13315
3722,0,343,10843,10843,36905,13956
3723,0,4136,14636,14636,14220,37892
3724,0,22926,35384,35384,11442,18702
3725,0,3188,13688,13688,13275,15068
3726,0,4522,15022,15022,17894,13125
3727,0,2223,12723,12723,14468,39199
3728,0,2121,12621,12621,14094,13833
3729,0,6858,17358,17358,13210,14509
3730,0,10385,20885,20885,15808,14136
3731,0,9669,20169,20169,12725,10529
3732,0,8913,19413,19413,14172,39127
3733,0,22685,36453,36453,20397,20605
3734,0,7366,17866,17866,38803,16195
3735,0,23861,39518,39518,39586,20759
3736,0,4734,15234,15234,19375,38560
3737,0,1465,11965,11965,20098,19272
3738,0,4593,15093,15093,13193,16478
3739,0,3565,14065,14065,16993,20618
3740,0,5840,16340,16340,15303,10823
3741,0,283,10783,10783,15119,16908
3742,0,25222,38503,38503,11624,18327
3743,0,6175,16675,16675,17497,16915
3744,0,10290,20790,20790,16169,39388
3745,0,4151,14651,14651,17265,13935
3746,0,21035,39095,39095,11496,36168
3747,0,8998,19498,19498,16461,11554
3748,0,7376,17876,17876,37314,19326
3749,0,8542,19042,19042,37831,16119
3750,0,24166,38526,38526,35357,37732
3751,0,8764,19264,19264,16779,17741
3752,0,3161,13661,13661,38491,16704
3753,0,2630,13130,13130,16141,11513
3754,0,23407,36444,36444,11049,12639
3755,0,24917,37359,37359,15355,11282
3756,0,10394,20894,20894,19049,11794
3757,0,1203,11703,11703,16632,38904
3758,0,22714,38272,38272,18889,12551
3759,0,10165,20665,20665,35681,11144
3760,0,616,11116,11116,14161,16670
3761,0,3114,13614,13614,19301,37330
3762,0,21590,36719,36719,35250,13229
3763,0,7481,17981,17981,12882,35423
3764,0,9330,19830,19830,37249,12064
3765,0,2728,13228,13228,20546,15420
3766,0,24511,36735,36735,19772,36710
3767,0,24602,38031,38031,13219,13528
3768,0,9895,20395,20395,39557,14390
3769,0,1357,11857,11857,11227,11120
3770,0,9567,20067,20067,35933,14778
3771,0,7798,18298,18298,17760,14216
3772,0,23399,36154,36154,16784,20445
3773,0,21536,38006,38006,18354,19242
3774,0,1590,12090,12090,18629,18462
3775,0,21865,39160,39160,18059,38326
3776,0,3140,13640,13640,35569,15825
3777,0,5338,15838,15838,20939,13800
3778,0,547,11047,11047,11031,36488
3779,0,7118,17618,17618,18765,16081
3780,0,23206,36185,36185,37216,15968
3781,0,21221,38477,38477,20704,18846
3782,0,26,10526,10526,13520,39373
3783,0,1067,11567,11567,11114,13464
3784,0,3918,14418,14418,35618,16891
3785,0,6604,17104,17104,35314,37619
3786,0,5529,16029,16029,39470,15848
3787,0,6678,17178,17178,35370,19543
3788,0,5398,15898,15898,35119,20042
3789,0,8642,19142,19142,19905,36515
3790,0,8081,18581,18581,19673,17523
3791,0,9608,20108,20108,37374,36298
3792,0,22559,38809,38809,39420,11017
3793,0,437,10937,10937,16198,18261
3794,0,25178,38687,38687,12387,11494
3795,0,5269,15769,15769,15593,11348
3796,0,1861,12361,12361,17765,11464
3797,0,10442,20942,20942,37534,37632
3798,0,24245,37236,37236,19373,39291
3799,0,2706,13206,13206,14554,39157
3800,0,23692,37265,37265,38236,17937
3801,1,5325,15825,19464,15825,20230
3802,0,6957,17457,17457,14149,39170
3803,0,23127,36121,36121,15338,36421
3804,0,22499,38354,38354,35710,37825
3805,0,21411,36490,36490,20840,12737
3806,0,9125,19625,19625,12893,16241
3807,0,4011,14511,14511,12630,38525
3808,0,25127,38019,38019,38095,16861
3809,0,534,11034,11034,18385,17431
3810,0,23295,35860,35860,37045,13882
3811,0,585,11085,11085,19086,14005
3812,0,23010,36535,36535,37280,11881
3813,0,8715,19215,19215,11545,13845
3814,0,22994,37026,37026,17313,15961
3815,0,21984,36024,36024,20993,10890
3816,0,8559,19059,19059,18044,37685
3817,0,6464,16964,16964,20390,38075
3818,0,21947,36335,36335,14686,17460
3819,0,24247,38571,38571,36260,14141
3820,0,1916,12416,12416,36792,35576
3821,0,22106,37837,37837,39466,10831
3822,0,8107,18607,18607,10883,38965
3823,0,22523,38848,38848,39511,39145
3824,0,1910,12410,12410,16058,19702
3825,0,8856,19356,19356,20630,19270
3826,0,8710,19210,19210,12600,12135
3827,0,1133,11633,11633,16874,16210
3828,0,22082,36508,36508,14347,36906
3829,0,21434,35347,35347,20852,18923
3830,0,1317,11817,11817,14239,12584
3831,0,4368,14868,14868,19959,35538
3832,0,8313,18813,18813,17254,20927
3833,0,23540,36050,36050,39266,14091
3834,0,8653,19153,19153,18610,15298
3835,0,7325,17825,17825,15081,19693
3836,0,6080,16580,16580,38852,14579
3837,0,24965,38910,38910,12458,18221
3838,0,2601,13101,13101,39567,37115
3839,2,6568,17068,16462,35745,17068
3840,0,2173,12673,12673,14683,37279
3841,0,3605,14105,14105,39435,37076
3842,0,6429,16929,16929,12065,38099
3843,0,7995,18495,18495,10625,16645
3844,1,3768,14268,15144,14268,13860
3845,0,5077,15577,15577,20411,36620
3846,0,8274,18774,18774,16917,35380
3847,0,4631,15131,15131,20269,39399
3848,0,8756,19256,19256,20481,37469
3849,0,240,10740,10740,13023,15219
3850,0,8812,19312,19312,38299,10824
3851,0,8421,18921,18921,15303,10977
3852,0,7602,18102,18102,19187,13181
3853,0,22812,36545,36545,35453,35372
3854,0,1867,12367,12367,39112,12152
3855,0,9416,19916,19916,15301,36512
3856,0,21228,39465,39465,35907,14397
3857,0,2521,13021,13021,36000,13353
3858,0,9876,20376,20376,13728,20465
3859,0,1820,12320,12320,37710,14243
3860,0,2410,12910,12910,39402,35774
3861,0,8243,18743,18743,12532,19971
3862,0,6637,17137,17137,38241,15081
3863,0,5187,15687,15687,12292,16244
3864,0,10054,20554,20554,14061,15073
3865,0,4565,15065,15065,11926,39525
3866,0,7942,18442,18442,39269,14983
3867,0,22948,36926,36926,12410,19702
3868,0,6391,16891,16891,14418,19251
3869,0,2118,12618,12618,12841,19512
3870,0,3779,14279,14279,14368,17822
3871,1,4961,15461,39493,15461,19683
3872,0,2809,13309,13309,37368,15495
3873,0,498,10998,10998,13217,35293
3874,0,24823,38439,38439,38614,14877
3875,0,10022,20522,20522,37763,19108
3876,0,4284,14784,14784,20128,37144
3877,0,10191,20691,20691,14075,15671
3878,0,8969,19469,19469,13097,18225
3879,0,228,10728,10728,19454,36691
3880,0,8761,19261,19261,36641,38993
3881,0,22222,36046,36046,18076,11106
3882,0,2741,13241,13241,15050,17661
3883,0,24412,37163,37163,15380,12604
3884,0,6001,16501,16501,15805,15759
3885,0,5718,16218,16218,38088,35957
3886,0,10220,20720,20720,13997,36763
3887,0,5583,16083,16083,36626,20158
3888,0,21063,37427,37427,11976,19786
3889,0,21931,37315,37315,35528,38738
3890,0,8719,19219,19219,36205,39277
3891,0,1128,11628,11628,18912,11705
3892,0,10405,20905,20905,37790,11721
3893,0,1706,12206,12206,16507,15464
3894,0,7450,17950,17950,35349,18109
3895,0,3153,13653,13653,36909,11426
3896,0,9482,19982,19982,39329,37618
3897,0,22712,35265,35265,10542,37784
3898,0,24182,39008,39008,35804,16160
3899,0,6240,16740,16740,20996,37719
3900,0,7104,17604,17604,16549,36594
3901,0,9464,19964,19964,36247,12287
3902,0,2721,13221,13221,12916,16580
3903,0,7445,17945,17945,37704,13075
3904,0,7893,18393,18393,35176,38544
3905,0,23870,39056,39056,39387,14420
3906,0,23673,36016,36016,12863,18576
3907,0,8042,18542,18542,14620,19820
3908,0,9144,19644,19644,17227,36851
3909,0,9402,19902,19902,16636,14509
3910,0,22179,36176,36176,38855,18973
3911,0,24649,35772,35772,36624,16476
3912,0,23836,38566,38566,36644,17994
3913,0,21075,37533,37533,19281,15788
3914,0,9985,20485,20485,35418,13546
3915,0,6054,16554,16554,12824,20922
3916,0,10107,20607,20607,38076,15609
3917,0,21286,36763,36763,18758,16722
3918,0,2550,13050,13050,16886,39469
3919,0,7440,17940,17940,16125,13467
3920,0,6768,17268,17268,19282,20137
3921,0,22731,38893,38893,15832,37543
3922,0,21628,37893,37893,20120,38822
3923,0,6449,16949,16949,38674,19209
3924,0,10359,20859,20859,16860,39147
3925,0,22759,39178,39178,15613,14954
3926,0,2644,13144,13144,15799,11388
3927,0,22689,37707,37707,37804,15458
3928,0,4487,14987,14987,13073,14465
3929,0,2061,12561,12561,13004,20823
3930,0,4645,15145,15145,19012,11367
3931,0,24758,38676,38676,37536,13740
3932,0,21306,37553,37553,13362,20587
3933,0,22638,39537,39537,12492,13490
3934,0,25463,38093,38093,14921,18238
3935,0,7265,17765,17765,12361,14137
3936,0,4174,14674,14674,37178,11370
3937,0,21000,37079,37079,16214,16288
3938,0,22653,37305,37305,17662,16989
3939,0,22131,36537,36537,16763,17295
3940,0,983,11483,11483,17441,38197
3941,0,10171,20671,20671,17355,18793
3942,0,5480,15980,15980,13861,20209
3943,1,21419,36338,18878,36338,18237
3944,0,4797,15297,15297,13330,17215
3945,0,9632,20132,20132,37494,20578
3946,0,3662,14162,14162,16649,13738
3947,0,24874,38398,38398,20400,36288
3948,0,6947,17447,17447,38501,11804
3949,0,4657,15157,15157,14069,15643
3950,0,6414,16914,16914,17284,15565
3951,0,3150,13650,13650,37989,10859
3952,0,24680,37138,37138,15954,20579
3953,0,24311,35645,35645,10941,16774
3954,0,4813,15313,15313,37813,20219
3955,0,5969,16469,16469,20553,18271
3956,0,2939,13439,13439,10782,17194
3957,0,1340,11840,11840,15855,14556
3958,0,1391,11891,11891,13819,37017
3959,0,9673,20173,20173,14970,19323
3960,0,21085,38461,38461,16655,39283
3961,0,9255,19755,19755,17110,39250
3962,0,22055,38458,38458,11728,38071
3963,0,24219,38948,38948,14237,18288
3964,0,9025,19525,19525,20150,36192
3965,0,6146,16646,16646,36816,10874
3966,0,1412,11912,11912,20987,18401
3967,0,2256,12756,12756,35755,15707
3968,0,24516,39538,39538,37812,19721
3969,0,24300,35325,35325,14939,11014
3970,0,6120,16620,16620,20581,16660
3971,0,2212,12712,12712,20033,18885
3972,0,5603,16103,16103,15786,18520
3973,0,6004,16504,16504,14225,37823
3974,0,5417,15917,15917,37958,19062
3975,0,4938,15438,15438,39002,12692
3976,0,3624,14124,14124,19977,18157
3977,0,3158,13658,13658,35945,36105
3978,0,4267,14767,14767,15308,12376
3979,0,463,10963,10963,14525,19337
3980,0,1754,12254,12254,13584,15112
3981,0,23118,36594,36594,35204,11512
3982,0,9023,19523,19523,12049,36797
3983,0,6380,16880,16880,11864,14422
3984,0,3829,14329,14329,13779,12120
3985,0,378,10878,10878,17317,13020
3986,0,22569,36180,36180,18921,14236
3987,0,1335,11835,11835,20587,20459
3988,0,24618,39132,39132,20524,37211
3989,0,2716,13216,13216,13499,38144
3990,0,9611,20111,20111,10757,14896
3991,0,24293,37920,37920,11205,13397
3992,0,21586,38140,38140,38770,11385
3993,0,9704,20204,20204,13270,39030
3994,0,6322,16822,16822,12578,14869
3995,0,9225,19725,19725,18354,38903
3996,0,9801,20301,20301,16694,11814
3997,0,1894,12394,12394,37572,37453
3998,0,4661,15161,15161,14655,10704
3999,0,9690,20190,20190,36031,20765
4000,0,7769,18269,18269,20980,17140
4001,0,7090,17590,17590,15470,36610
4002,0,6221,16721,16721,13771,17629
4003,0,9147,19647,19647,14992,19074
4004,0,24956,37042,37042,37136,17865
4005,0,7037,17537,17537,35361,19572
4006,0,8613,19113,19113,17480,12773
4007,0,9545,20045,20045,17216,18831
4008,0,22128,38627,38627,20045,20954
4009,0,24669,37901,37901,11756,15602
4010,0,10323,20823,20823,38011,20261
4011,0,22415,35743,35743,20363,16244
4012,0,3992,14492,14492,17685,18525
4013,0,6691,17191,17191,36323,13845
4014,0,1030,11530,11530,15422,36268
4015,0,2220,12720,12720,16594,35776
4016,0,23265,36184,36184,14607,12459
4017,0,24138,38395,38395,38798,17656
4018,0,3793,14293,14293,19610,36696
4019,0,23056,35527,35527,17712,39267
4020,0,10483,20983,20983,12473,35589
4021,0,4327,14827,14827,38405,19872
4022,0,23646,37407,37407,37287,15826
4023,0,8302,18802,18802,16175,36960
4024,0,22757,38827,38827,17804,19935
4025,0,25412,37779,37779,35681,37071
4026,0,5731,16231,16231,19775,35712
4027,0,2917,13417,13417,13013,15439
4028,0,5586,16086,16086,17814,35244
4029,0,24535,36604,36604,19035,20258
4030,0,6326,16826,16826,19987,20075
4031,0,1515,12015,12015,15354,16499
4032,0,21771,39433,39433,18204,17199
4033,0,21515,38192,38192,18650,37211
4034,0,22535,37195,37195,35677,36575
4035,0,2263,12763,12763,12177,16145
4036,0,4479,14979,14979,38306,20005
4037,0,4239,14739,14739,35671,20685
4038,0,22761,37332,37332,14190,19799
4039,0,22989,37173,37173,19806,20857
4040,0,893,11393,11393,17158,18814
4041,0,1490,11990,11990,12058,39562
4042,0,25414,36601,36601,15355,15852
4043,0,9657,20157,20157,35928,18460
4044,0,8516,19016,19016,35926,37042
4045,0,2933,13433,13433,20114,36178
4046,0,22007,38378,38378,12685,11252
4047,0,1129,11629,11629,15089,11141
4048,0,731,11231,11231,16950,11152
4049,0,3084,13584,13584,12254,36703
4050,0,7297,17797,17797,36977,39568
4051,0,4588,15088,15088,14603,35700
4052,0,2795,13295,13295,20274,16670
4053,0,7601,18101,18101,10598,12636
4054,0,798,11298,11298,14730,13352
4055,0,6232,16732,16732,18116,14555
4056,0,734,11234,11234,35291,14835
4057,0,8688,19188,19188,38825,14031
4058,0,2244,12744,12744,18682,15105
4059,0,178,10678,10678,19668,36005
4060,0,1174,11674,11674,35858,15969
4061,0,790,11290,11290,36273,17429
4062,0,22512,36620,36620,15577,18204
4063,0,198,10698,10698,14945,17236
4064,0,10239,20739,20739,11856,11676
4065,0,7675,18175,18175,18397,12417
4066,0,548,11048,11048,17755,12598
4067,0,3339,13839,13839,18445,18586
4068,0,9213,19713,19713,19727,18836
4069,0,7465,17965,17965,11424,37938
4070,0,8699,19199,19199,35252,11323
4071,0,22247,37872,37872,11805,20710
4072,0,24871,36945,36945,39249,19359
4073,0,7533,18033,18033,20184,13168
4074,0,66,10566,10566,16559,37834
4075,0,4712,15212,15212,15168,17276
4076,0,5214,15714,15714,18746,15537
4077,0,22849,36589,36589,16841,17009
4078,0,5033,15533,15533,19232,10510
4079,0,21986,38388,38388,20145,11962
4080,0,2572,13072,13072,18835,36389
4081,0,10241,20741,20741,18550,18335
4082,0,22398,39145,39145,38322,15103
4083,0,622,11122,11122,19167,11626
4084,0,6222,16722,16722,18713,16569
4085,0,787,11287,11287,20618,35602
4086,0,3332,13832,13832,17549,12498
4087,0,22281,39035,39035,13884,17898
4088,0,6008,16508,16508,18313,18274
4089,0,23795,35568,35568,12331,12458
4090,0,8334,18834,18834,35874,11302
4091,0,23919,37717,37717,13002,17658
4092,0,23230,35119,35119,15898,12470
4093,0,8696,19196,19196,37447,15551
4094,0,515,11015,11015,12027,17818
4095,0,478,10978,10978,17174,15392
4096,0,4476,14976,14976,17438,16226
4097,0,24647,36871,36871,20293,39200
4098,0,8818,19318,19318,19877,35791
4099,0,6899,17399,17399,35776,18092
4100,0,1033,11533,11533,17490,14407
4101,0,24505,36752,36752,18844,17356
4102,0,2598,13098,13098,39067,18914
4103,0,1514,12014,12014,15672,38231
4104,0,6191,16691,16691,20311,18357
4105,0,22139,35458,35458,13137,37823
4106,0,7237,17737,17737,17364,39161
4107,0,5753,16253,16253,37403,18413
4108,0,23558,38747,38747,37329,15194
4109,0,22625,37491,37491,17055,37200
4110,0,8236,18736,18736,20110,16864
4111,0,8536,19036,19036,38303,39175
4112,0,5521,16021,16021,15072,37173
4113,0,1462,11962,11962,36115,19047
4114,0,7915,18415,18415,11431,37353
4115,0,1871,12371,12371,15624,38232
4116,0,24404,36980,36980,12064,38815
4117,0,7209,17709,17709,37490,36011
4118,0,10072,20572,20572,18586,11669
4119,0,7349,17849,17849,13212,18480
4120,0,4623,15123,15123,20660,16644
4121,0,23004,37581,37581,11560,20187
4122,0,4818,15318,15318,11924,16562
4123,0,220,10720,10720,16947,38935
4124,0,24648,37252,37252,35871,39149
4125,0,9002,19502,19502,38784,37652
4126,0,2476,12976,12976,17368,35420
4127,0,4248,14748,14748,11824,13732
4128,0,23094,36035,36035,14307,16034
4129,0,22697,38331,38331,13219,16378
4130,0,22797,37158,37158,19914,37459
4131,0,6487,16987,16987,17171,19430
4132,0,9420,19920,19920,35506,35113
4133,0,9717,20217,20217,39593,39267
4134,0,5650,16150,16150,19780,20612
4135,0,25396,38242,38242,15030,11114
4136,0,21703,35400,35400,35401,39056
4137,0,8052,18552,18552,18595,39118
4138,0,23091,38377,38377,14789,13102
4139,0,2881,13381,13381,15237,13325
4140,0,1677,12177,12177,12763,18318
4141,0,6060,16560,16560,17849,18712
4142,0,901,11401,11401,39357,11589
4143,0,25277,37082,37082,37296,17470
4144,0,21064,38886,38886,12313,19858
4145,0,2296,12796,12796,11321,37758
4146,0,8809,19309,19309,14244,38298
4147,0,8488,18988,18988,35403,36859
4148,0,9004,19504,19504,19524,35599
4149,0,23499,38374,38374,20187,19060
4150,0,22459,37217,37217,37118,20436
4151,0,22310,35666,35666,13375,17647
4152,0,6772,17272,17272,38507,11674
4153,0,22163,36438,36438,35999,20131
4154,0,7257,17757,17757,18449,12056
4155,0,2580,13080,13080,37628,35395
4156,0,7966,18466,18466,14268,12366
4157,0,23891,38824,38824,11185,39010
4158,0,24249,36152,36152,37310,17340
4159,0,23432,39384,39384,20485,20517
4160,0,9780,20280,20280,13161,20957
4161,0,9351,19851,19851,15952,16106
4162,0,5254,15754,15754,18941,20648
4163,0,681,11181,11181,13349,13247
4164,0,24459,38567,38567,37450,12930
4165,0,3159,13659,13659,12830,17896
4166,0,21839,35463,35463,35164,35717
4167,0,2987,13487,13487,16869,17780
4168,0,4908,15408,15408,14753,13472
4169,0,1882,12382,12382,17777,38794
4170,0,22506,35299,35299,38885,37300
4171,0,1940,12440,12440,10590,37784
4172,0,3296,13796,13796,14025,11041
4173,0,3534,14034,14034,20512,15115
4174,0,5974,16474,16474,16301,12376
4175,0,3729,14229,14229,12863,17711
4176,0,490,10990,10990,37540,20712
4177,0,5708,16208,16208,13422,17029
4178,0,1181,11681,11681,20992,18704
4179,0,1375,11875,11875,17586,19866
4180,0,5014,15514,15514,35629,39161
4181,0,626,11126,11126,35186,36796
4182,0,4758,15258,15258,12515,16318
4183,0,10336,20836,20836,19353,15895
4184,0,25157,36043,36043,38876,38998
4185,0,22304,37741,37741,18116,35965
4186,0,4180,14680,14680,36768,11530
4187,0,22754,35907,35907,39465,38329
4188,0,8778,19278,19278,20194,17706
4189,0,2887,13387,13387,36677,35415
4190,0,4539,15039,15039,18496,19033
4191,0,21123,35285,35285,36473,36170
4192,0,6671,17171,17171,35957,16987
4193,0,6453,16953,16953,15098,16846
4194,0,1366,11866,11866,17441,11789
4195,0,2639,13139,13139,13826,37971
4196,0,21684,38798,38798,14635,38395
4197,0,5602,16102,16102,11928,20617
4198,0,22498,38152,38152,19874,20593
4199,0,5730,16230,16230,16035,14761
4200,0,7204,17704,17704,37611,10834
4201,0,5296,15796,15796,12044,37547
4202,0,10351,20851,20851,20335,37501
4203,0,2938,13438,13438,14902,15177
4204,0,10237,20737,20737,20953,15919
4205,0,24157,37582,37582,35983,35845
4206,0,5979,16479,16479,16220,15933
4207,0,4534,15034,15034,20938,39534
4208,0,10119,20619,20619,36966,11599
4209,0,7669,18169,18169,17615,13813
4210,0,7607,18107,18107,19711,18990
4211,0,24399,36606,36606,19273,35510
4212,0,9853,20353,20353,37821,36402
4213,0,23152,35809,35809,19896,12035
4214,0,21239,39177,39177,16060,13542
4215,0,6681,17181,17181,11446,11067
4216,0,5428,15928,15928,18172,37791
4217,0,5266,15766,15766,36646,36158
4218,0,22936,35137,35137,18159,35135
4219,0,22477,39306,39306,13530,17998
4220,0,1784,12284,12284,12420,18118
4221,0,7116,17616,17616,19916,17129
4222,0,494,10994,10994,12527,18553
4223,0,9758,20258,20258,36604,18183
4224,0,8776,19276,19276,12877,11640
4225,0,2038,12538,12538,16984,35368
4226,0,4041,14541,14541,10951,37193
4227,0,2897,13397,13397,17678,16195
4228,0,8558,19058,19058,38528,12061
4229,0,9803,20303,20303,11485,11051
4230,0,9844,20344,20344,11283,35796
4231,0,21572,36492,36492,16126,17989
4232,0,2653,13153,13153,37221,16426
4233,0,10316,20816,20816,12375,18387
4234,0,8514,19014,19014,15585,14064
4235,0,2031,12531,12531,37369,15628
4236,0,5089,15589,15589,16598,12707
4237,0,813,11313,11313,36036,37304
4238,0,7235,17735,17735,38278,35379
4239,0,6280,16780,16780,16881,19672
4240,0,23599,38857,38857,13151,14332
4241,0,1079,11579,11579,19514,38547
4242,0,2226,12726,12726,37478,14579
4243,0,21003,36274,36274,15428,16055
4244,0,25307,38306,38306,13709,14979
4245,0,23173,35781,35781,36821,18606
4246,0,3261,13761,13761,12329,38674
4247,0,5649,16149,16149,13671,17597
4248,0,3862,14362,14362,12063,12242
4249,0,2936,13436,13436,38822,13041
4250,0,22133,36650,36650,37959,36201
4251,0,7080,17580,17580,14871,39250
4252,0,3917,14417,14417,17621,19412
4253,0,25163,36790,36790,20999,19952
4254,0,305,10805,10805,35957,19967
4255,0,4056,14556,14556,11840,13842
4256,0,21732,38867,38867,14031,12069
4257,0,2999,13499,13499,18283,14920
4258,0,9541,20041,20041,15288,36103
4259,0,1231,11731,11731,38285,16799
4260,0,2313,12813,12813,17136,15980
4261,0,23527,36367,36367,14302,13338
4262,0,10269,20769,20769,18846,20704
4263,0,25352,38240,38240,17384,36231
4264,0,4321,14821,14821,11861,11971
4265,0,24406,39469,39469,20071,10868
4266,0,6470,16970,16970,35279,16035
4267,0,24854,39487,39487,11960,13081
4268,0,7500,18000,18000,38235,12753
4269,0,21102,37570,37570,36517,15966
4270,0,3899,14399,14399,17543,36263
4271,0,3567,14067,14067,37411,11149
4272,0,5452,15952,15952,19851,16106
4273,0,8022,18522,18522,15412,15767
4274,0,21808,37564,37564,39206,17835
4275,0,23500,36450,36450,11559,15994
4276,0,4270,14770,14770,16473,11404
4277,0,8531,19031,19031,20774,38455
4278,0,4086,14586,14586,17271,19728
4279,0,6663,17163,17163,16384,13583
4280,0,22721,36770,36770,16712,37290
4281,0,588,11088,11088,14025,13796
4282,0,3365,13865,13865,37656,12620
4283,0,2670,13170,13170,35318,18785
4284,0,5515,16015,16015,17248,20952
4285,0,22285,39517,39517,20700,18430
4286,0,21893,37494,37494,20132,20578
4287,0,2395,12895,12895,14439,12340
4288,0,5506,16006,16006,20012,35719
4289,0,2170,12670,12670,15390,17740
4290,0,23597,38666,38666,14030,39049
4291,0,8134,18634,18634,15793,37510
4292,0,9334,19834,19834,15203,20770
4293,0,23543,38698,38698,16800,14688
4294,0,9045,19545,19545,38556,14585
4295,0,21956,37094,37094,14590,18509
4296,0,5673,16173,16173,13642,18286
4297,0,2774,13274,13274,13002,20979
4298,0,7620,18120,18120,16858,13285
4299,0,6559,17059,17059,38793,39423
4300,0,24263,39288,39288,13110,39523
4301,0,8456,18956,18956,39336,18381
4302,0,24716,37484,37484,36117,20996
4303,0,24580,38642,38642,18731,12807
4304,0,5798,16298,16298,20444,13633
4305,0,5982,16482,16482,14768,18264
4306,0,5882,16382,16382,36657,13270
4307,0,9443,19943,19943,13842,13883
4308,0,23293,36057,36057,13243,17888
4309,0,2181,12681,12681,17740,17328
4310,0,24967,35766,35766,35709,12556
4311,0,1473,11973,11973,35755,38215
4312,0,6103,16603,16603,38924,37038
4313,0,24662,35928,35928,17419,18460
4314,0,9150,19650,19650,14238,19682
4315,0,8925,19425,19425,36859,36389
4316,0,421,10921,10921,13366,14672
4317,0,2306,12806,12806,16417,38321
4318,0,24233,37396,37396,13672,36397
4319,0,171,10671,10671,17238,37823
4320,0,3956,14456,14456,14270,17052
4321,0,5606,16106,16106,15952,19851
4322,0,25229,38459,38459,15828,12146
4323,0,8462,18962,18962,13913,11720
4324,0,1725,12225,12225,13011,36302
4325,0,10215,20715,20715,18070,18517
4326,0,24643,38625,38625,17186,18033
4327,0,21199,36773,36773,16436,10565
4328,0,904,11404,11404,16473,14770
4329,0,3494,13994,13994,38110,18371
4330,0,8346,18846,18846,20704,38477
4331,0,9728,20228,20228,37652,38784
4332,0,7797,18297,18297,35758,36514
4333,0,7396,17896,17896,14834,20524
4334,0,21433,37663,37663,39425,38596
4335,0,2080,12580,12580,37896,16487
4336,0,7928,18428,18428,19947,20456
4337,0,22651,38165,38165,39307,38807
4338,0,7933,18433,18433,12376,20330
4339,0,9856,20356,20356,39451,13362
4340,0,22752,35244,35244,38645,37329
4341,0,7211,17711,17711,19663,20892
4342,0,4677,15177,15177,17641,14174
4343,0,6533,17033,17033,36175,10522
4344,0,5209,15709,15709,39045,20164
4345,0,2646,13146,13146,36458,20711
4346,0,23663,36044,36044,15265,37902
4347,0,25024,35539,35539,35190,18335
4348,0,21164,36237,36237,35822,19101
4349,0,21656,37807,37807,17440,12577
4350,0,21210,35144,35144,14933,36927
4351,0,6365,16865,16865,14330,35789
4352,0,24849,36174,36174,12089,20252
4353,0,2155,12655,12655,16516,11783
4354,0,24899,38159,38159,36077,14971
4355,0,7370,17870,17870,38151,20106
4356,0,21605,37934,37934,17331,16259
4357,0,7837,18337,18337,16616,15990
4358,0,3715,14215,14215,11374,13381
4359,0,8111,18611,18611,17152,13256
4360,0,25349,35534,35534,14960,36687
4361,0,21029,37021,37021,19344,36109
4362,0,3622,14122,14122,37445,20993
4363,0,4516,15016,15016,35843,36460
4364,0,7354,17854,17854,15334,14053
4365,0,8750,19250,19250,14153,39465
4366,0,1436,11936,11936,36595,18806
4367,0,507,11007,11007,10766,14106
4368,0,5275,15775,15775,14778,11721
4369,0,5663,16163,16163,10801,13553
4370,0,5402,15902,15902,37102,39241
4371,0,5930,16430,16430,14457,38266
4372,0,2339,12839,12839,16078,12058
4373,0,9870,20370,20370,36728,17221
4374,0,4386,14886,14886,17746,37558
4375,0,21953,36244,36244,16357,15755
4376,0,7680,18180,18180,38345,35733
4377,0,23021,36120,36120,37251,35870
4378,0,8693,19193,19193,17196,16057
4379,0,643,11143,11143,13678,18122
4380,0,1539,12039,12039,17666,19883
4381,0,1211,11711,11711,37513,35737
4382,0,24376,35621,35621,12236,11758
4383,0,22549,38283,38283,13939,15275
4384,0,8864,19364,19364,13299,15426
4385,0,6106,16606,16606,18460,36341
4386,0,5615,16115,16115,17744,36188
4387,0,22403,37783,37783,18580,17411
4388,0,1464,11964,11964,19162,14235
4389,0,1192,11692,11692,39325,17440
4390,0,3590,14090,14090,10956,11116
4391,0,9697,20197,20197,18969,12002
4392,0,6360,16860,16860,20859,20019
4393,0,8697,19197,19197,18517,36731
4394,0,24116,36781,36781,38508,13608
4395,0,6719,17219,17219,15502,12112
4396,0,506,11006,11006,19432,11009
4397,0,24527,35680,35680,19119,17122
4398,0,9249,19749,19749,36431,12061
4399,0,22782,36987,36987,16418,36788
4400,0,21477,36270,36270,17817,16978
4401,0,1773,12273,12273,12296,10537
4402,0,272,10772,10772,15322,18254
4403,0,23256,36824,36824,20647,16718
4404,0,3618,14118,14118,19877,14626
4405,0,2381,12881,12881,14256,39080
4406,0,7008,17508,17508,15881,15398
4407,0,22864,38750,38750,16083,38664
4408,0,4633,15133,15133,13290,14835
4409,0,8504,19004,19004,10905,35369
4410,0,746,11246,11246,10787,20571
4411,0,7707,18207,18207,36226,19954
4412,0,3569,14069,14069,15157,15643
4413,12,23134,36896,15948,12376,20602
4414,0,8557,19057,19057,19273,18188
4415,0,6448,16948,16948,16327,15566
4416,0,5599,16099,16099,35408,38997
4417,0,22527,35571,35571,39063,36809
4418,0,23925,35360,35360,13230,35240
4419,0,8572,19072,19072,37168,17107
4420,0,22234,35160,35160,16483,17416
4421,0,1912,12412,12412,11538,12652
4422,0,9258,19758,19758,19423,35368
4423,0,599,11099,11099,19476,38026
4424,0,3892,14392,14392,11420,38307
4425,0,5540,16040,16040,11392,15305
4426,0,1652,12152,12152,38449,12367
4427,0,8106,18606,18606,35737,38027
4428,0,1893,12393,12393,16930,11774
4429,0,24342,35720,35720,13181,18610
4430,0,6502,17002,17002,18947,39532
4431,0,4362,14862,14862,37085,15670
4432,0,21448,39252,39252,38775,18405
4433,0,375,10875,10875,18183,14234
4434,0,1966,12466,12466,11313,12852
4435,0,3957,14457,14457,16430,38266
4436,0,23685,38443,38443,19507,37488
4437,0,5696,16196,16196,11148,37747
4438,0,1243,11743,11743,35457,13826
4439,0,24637,37112,37112,16597,17306
4440,0,21860,36845,36845,38669,37753
4441,0,9142,19642,19642,17288,12356
4442,0,941,11441,11441,17942,13926
4443,0,10347,20847,20847,10985,17732
4444,0,3346,13846,13846,16862,20154
4445,0,2657,13157,13157,13554,18558
4446,0,25049,39262,39262,13147,17516
4447,0,23300,35475,35475,13564,36374
4448,0,5326,15826,15826,17485,37407
4449,0,22965,38252,38252,16017,10740
4450,0,6578,17078,17078,37373,35411
4451,0,2799,13299,13299,15426,20419
4452,0,4306,14806,14806,35778,37662
4453,0,22865,35436,35436,11480,16079
4454,0,22184,36119,36119,37645,18976
4455,0,7244,17744,17744,13267,20023
4456,0,298,10798,10798,16621,15531
4457,0,23815,36823,36823,17629,15653
4458,0,3823,14323,14323,18727,16233
4459,0,9934,20434,20434,10838,35568
4460,0,7977,18477,18477,17065,17107
4461,0,2035,12535,12535,11942,20098
4462,0,4039,14539,14539,12975,19528
4463,0,9807,20307,20307,12128,35870
4464,0,22191,36641,36641,19261,38993
4465,0,1499,11999,11999,10618,14935
4466,0,3512,14012,14012,13906,11202
4467,0,24990,39474,39474,13867,14501
4468,0,8844,19344,19344,37021,36109
4469,0,8362,18862,18862,13793,13958
4470,0,6828,17328,17328,12681,12670
4471,0,7130,17630,17630,11486,18368
4472,0,23768,37017,37017,13051,37888
4473,0,9192,19692,19692,17405,14139
4474,0,4085,14585,14585,19545,35315
4475,0,242,10742,10742,20447,39362
4476,0,21838,37340,37340,11843,18012
4477,0,1644,12144,12144,11008,38431
4478,0,7371,17871,17871,13818,36618
4479,0,25213,35455,35455,19079,12002
4480,0,5594,16094,16094,39463,18844
4481,0,25293,35830,35830,37612,36052
4482,0,10272,20772,20772,18205,15404
4483,0,5231,15731,15731,16260,11455
4484,0,2076,12576,12576,36075,18468
4485,0,4103,14603,14603,13338,15088
4486,0,7493,17993,17993,14748,18492
4487,0,5968,16468,16468,13907,10659
4488,0,25247,37119,37119,17157,11516
4489,0,22321,36426,36426,14254,20393
4490,0,3966,14466,14466,16932,11021
4491,0,23699,36784,36784,37548,14174
4492,0,22464,39277,39277,19219,36473
4493,0,22896,38664,38664,15094,38750
4494,0,6754,17254,17254,18813,20719
4495,0,9948,20448,20448,19433,20407
4496,0,22359,38361,38361,15711,20332
4497,0,23418,37060,37060,12120,13779
4498,0,4078,14578,14578,19448,15755
4499,0,7754,18254,18254,10641,16601
4500,0,8832,19332,19332,16002,19467
4501,0,2778,13278,13278,37307,36082
4502,0,4603,15103,15103,39483,15712
4503,0,4932,15432,15432,38167,12671
4504,0,1985,12485,12485,37719,18279
4505,0,3861,14361,14361,20124,35423
4506,0,7774,18274,18274,12648,16508
4507,0,325,10825,10825,36976,37296
4508,2,22567,39251,10753,36924,39251
4509,0,6394,16894,16894,17446,17475
4510,0,22950,35824,35824,36613,10861
4511,0,4054,14554,14554,39157,38437
4512,0,2237,12737,12737,20840,36490
4513,0,5229,15729,15729,17224,37313
4514,0,4571,15071,15071,12275,16856
4515,0,8976,19476,19476,11099,15501
4516,0,7454,17954,17954,13858,17631
4517,0,1268,11768,11768,12281,12647
4518,0,864,11364,11364,10859,38246
4519,0,4942,15442,15442,14672,36003
4520,0,2253,12753,12753,18000,38235
4521,0,6010,16510,16510,14130,35689
4522,0,6911,17411,17411,37783,11199
4523,0,9815,20315,20315,11309,11152
4524,0,6998,17498,17498,15920,11608
4525,0,371,10871,10871,37999,11453
4526,0,24176,35326,35326,11154,13663
4527,0,7940,18440,18440,36748,11024
4528,0,609,11109,11109,20010,18259
4529,0,4651,15151,15151,11938,39281
4530,0,22610,37135,37135,11060,14758
4531,0,8872,19372,19372,16772,19484
4532,0,22299,36282,36282,20352,35367
4533,0,22209,39068,39068,12431,36696
4534,0,21604,36105,36105,37497,17504
4535,0,2364,12864,12864,39552,15055
4536,0,7766,18266,18266,10566,19168
4537,0,7148,17648,17648,18639,12072
4538,0,3789,14289,14289,13212,20768
4539,0,24599,35531,35531,38869,14993
4540,0,5581,16081,16081,18765,20805
4541,0,9239,19739,19739,36979,17246
4542,0,5060,15560,15560,35456,18793
4543,0,22056,39303,39303,36142,35442
4544,0,21321,37794,37794,35235,20645
4545,0,8671,19171,19171,20968,35810
4546,0,662,11162,11162,12954,35343
4547,0,21883,37534,37534,20942,13843
4548,0,10172,20672,20672,35790,19726
4549,0,2776,13276,13276,37695,20175
4550,0,4535,15035,15035,10522,35617
4551,0,7189,17689,17689,10771,20390
4552,0,9720,20220,20220,38872,15759
4553,0,5573,16073,16073,17949,18700
4554,0,6135,16635,16635,20922,12824
4555,0,4427,14927,14927,38281,11422
4556,0,5247,15747,15747,20077,15918
4557,0,10392,20892,20892,10532,11813
4558,0,3981,14481,14481,36235,16365
4559,0,7825,18325,18325,15166,16102
4560,0,2669,13169,13169,19178,12717
4561,0,3977,14477,14477,38100,18627
4562,0,279,10779,10779,12551,37213
4563,0,22753,35706,35706,11905,16993
4564,0,8718,19218,19218,39457,38475
4565,0,7452,17952,17952,20421,11552
4566,0,5197,15697,15697,10581,16769
4567,0,23139,37971,37971,13139,12136
4568,0,25228,38569,38569,36287,12858
4569,0,4155,14655,14655,10704,15161
4570,0,25200,36248,36248,20828,39033
4571,0,4883,15383,15383,20861,38381
4572,0,5807,16307,16307,36873,36241
4573,0,3809,14309,14309,15284,14080
4574,0,8713,19213,19213,12560,12769
4575,0,24889,36412,36412,35875,20643
4576,0,4683,15183,15183,35538,35590
4577,0,10194,20694,20694,38509,36145
4578,0,24320,37212,37212,11474,14642
4579,0,21317,37676,37676,17034,35976
4580,0,5593,16093,16093,20378,39582
4581,0,21324,35401,35401,35400,35498
4582,0,6897,17397,17397,11952,17238
4583,0,4563,15063,15063,15541,14432
4584,0,8376,18876,18876,38072,35890
4585,0,9284,19784,19784,20939,11169
4586,0,9434,19934,19934,12374,19147
4587,0,1269,11769,11769,16080,18556
4588,0,2350,12850,12850,39090,15997
4589,0,8745,19245,19245,13503,16324
4590,0,1384,11884,11884,13997,18417
4591,0,9379,19879,19879,38071,36376
4592,0,9036,19536,19536,39362,39317
4593,2,5856,16356,13385,14336,16356
4594,0,297,10797,10797,19564,14533
4595,0,8635,19135,19135,10872,13292
4596,0,24040,37791,37791,15928,18172
4597,0,22612,36193,36193,12972,38276
4598,0,9835,20335,20335,20851,19327
4599,0,2077,12577,12577,17440,37807
4600,0,9377,19877,19877,19318,14140
4601,0,23125,36554,36554,14913,16765
4602,0,2229,12729,12729,16832,37228
4603,0,2842,13342,13342,20641,14544
4604,0,2537,13037,13037,37100,37487
4605,0,194,10694,10694,39351,16087
4606,1,22149,37023,20247,37023,15163
4607,0,7362,17862,17862,19346,20301
4608,0,6636,17136,17136,12813,14590
4609,0,7498,17998,17998,39306,13530
4610,0,21895,35448,35448,11734,20193
4611,0,4042,14542,14542,13014,15997
4612,0,6553,17053,17053,36928,36420
4613,0,5505,16005,16005,37070,16898
4614,0,6854,17354,17354,38431,11008
4615,0,6761,17261,17261,37734,35218
4616,0,5300,15800,15800,35293,10998
4617,0,22935,36163,36163,18344,18217
4618,0,320,10820,10820,13172,38111
4619,0,7135,17635,17635,17826,15416
4620,0,1371,11871,11871,37414,38087
4621,0,22905,39319,39319,17510,12651
4622,0,2654,13154,13154,15763,13806
4623,0,9099,19599,19599,18964,38683
4624,0,21343,36434,36434,15866,37997
4625,0,3398,13898,13898,19718,15758
4626,0,8532,19032,19032,39386,11159
4627,0,9593,20093,20093,36058,12513
4628,0,24557,35858,35858,11674,15969
4629,0,21208,37631,37631,14453,17238
4630,0,21800,37183,37183,17919,36877
4631,0,926,11426,11426,36909,13653
4632,0,244,10744,10744,15508,11644
4633,0,7469,17969,17969,14048,12748
4634,0,8207,18707,18707,17452,15364
4635,0,143,10643,10643,15739,36187
4636,0,5983,16483,16483,35160,17416
4637,0,8151,18651,18651,35544,37454
4638,2,2363,12863,11604,38803,12863
4639,0,24206,35564,35564,36682,18879
4640,0,129,10629,10629,15379,19577
4641,0,1161,11661,11661,20892,20903
4642,0,10398,20898,20898,14759,17857
4643,0,22909,39287,39287,14494,18069
4644,0,5953,16453,16453,39111,11929
4645,0,287,10787,10787,11246,36103
4646,0,9380,19880,19880,38718,12724
4647,0,5308,15808,15808,38227,36714
4648,0,8681,19181,19181,13451,37439
4649,0,1170,11670,11670,18970,38258
4650,0,22539,37630,37630,18674,38107
4651,0,9191,19691,19691,13369,20153
4652,0,6792,17292,17292,18401,20910
4653,0,23325,38697,38697,18995,20354
4654,0,1859,12359,12359,10796,17748
4655,0,24499,35284,35284,19771,37309
4656,0,9910,20410,20410,15913,37172
4657,0,6781,17281,17281,11112,13966
4658,0,21373,35689,35689,16510,14130
4659,0,21115,37721,37721,17109,17327
4660,0,3121,13621,13621,39327,16623
4661,0,8579,19079,19079,12157,35455
4662,0,1311,11811,11811,15227,38240
4663,0,1032,11532,11532,15933,16479
4664,0,8339,18839,18839,10923,18899
4665,0,10012,20512,20512,14034,11837
4666,0,6382,16882,16882,19185,16132
4667,0,7910,18410,18410,39557,18733
4668,0,931,11431,11431,39507,18415
4669,0,691,11191,11191,16169,38930
4670,0,23725,37501,37501,13784,18105
4671,0,6364,16864,16864,17247,38942
4672,0,1909,12409,12409,16632,10589
4673,0,9021,19521,19521,16252,35424
4674,0,23587,37969,37969,12584,10722
4675,0,24142,38770,38770,38140,11385
4676,0,44,10544,10544,12871,19762
4677,0,3939,14439,14439,12895,36336
4678,0,24261,39144,39144,13360,18935
4679,0,7108,17608,17608,12372,36817
4680,0,9241,19741,19741,20645,36409
4681,0,4319,14819,14819,16684,36063
4682,0,2965,13465,13465,18189,18148
4683,0,3969,14469,14469,15353,18690
4684,0,23445,39463,39463,16094,17924
4685,0,24041,36792,36792,12416,35576
4686,0,23655,37503,37503,11260,19270
4687,0,7478,17978,17978,12522,16684
4688,0,6308,16808,16808,36676,38889
4689,0,4159,14659,14659,37393,20721
4690,0,3092,13592,13592,11394,12241
4691,0,22575,38389,38389,11861,11971
4692,0,7954,18454,18454,12607,14661
4693,0,5555,16055,16055,37936,17419
4694,0,3982,14482,14482,18928,17467
4695,1,9929,20429,35162,20429,16362
4696,0,6940,17440,17440,12577,37807
4697,0,1404,11904,11904,18386,35597
4698,0,3195,13695,13695,35176,12216
4699,0,22615,38219,38219,12280,10809
4700,0,24759,35929,35929,18635,11946
4701,0,9746,20246,20246,11790,15847
4702,0,969,11469,11469,13830,14772
4703,0,22455,36753,36753,37480,19189
4704,0,6543,17043,17043,13528,19039
4705,0,9117,19617,19617,36994,12279
4706,0,2843,13343,13343,11759,36055
4707,0,2851,13351,13351,17743,15565
4708,0,23662,36938,36938,18057,16536
4709,0,22269,37356,37356,15703,36247
4710,0,5956,16456,16456,16993,35706
4711,0,23963,35203,35203,19827,20222
4712,0,25375,36550,36550,13329,35903
4713,0,4471,14971,14971,36077,38159
4714,0,10133,20633,20633,38502,19854
4715,0,23615,36625,36625,17035,18894
4716,0,1789,12289,12289,16526,39041
4717,0,24076,36996,36996,18576,38463
4718,0,2059,12559,12559,35354,35639
4719,0,7143,17643,17643,39027,15791
4720,0,9362,19862,19862,12029,35935
4721,0,1902,12402,12402,35275,14679
4722,0,4686,15186,15186,36080,36196
4723,0,10143,20643,20643,36648,20974
4724,0,8090,18590,18590,13445,16653
4725,0,4922,15422,15422,11530,15603
4726,0,6785,17285,17285,13035,18487
4727,0,21375,37935,37935,17172,15939
4728,1,75,10575,18732,10575,11801
4729,1,2345,12845,18907,12845,39347
4730,0,6447,16947,16947,12566,10720
4731,0,8430,18930,18930,39388,14250
4732,0,8622,19122,19122,18747,17693
4733,0,4586,15086,15086,14345,39038
4734,0,22672,39034,39034,18194,17874
4735,0,9656,20156,20156,13333,35494
4736,0,9341,19841,19841,20688,13737
4737,0,21853,37210,37210,12332,35316
4738,0,1553,12053,12053,15737,18638
4739,0,5874,16374,16374,16842,12233
4740,0,8432,18932,18932,20497,12690
4741,0,8975,19475,19475,13530,13764
4742,0,22811,39138,39138,10863,11562
4743,0,23854,39228,39228,10534,38223
4744,0,9169,19669,19669,13258,35942
4745,0,25374,35798,35798,14789,18847
4746,0,5695,16195,16195,38496,17866
4747,0,2941,13441,13441,14393,37076
4748,0,9975,20475,20475,13136,39196
4749,0,10010,20510,20510,13656,19906
4750,0,7381,17881,17881,14985,39229
4751,0,23677,36671,36671,16238,35375
4752,0,1620,12120,12120,37060,13779
4753,0,24395,39581,39581,18600,12757
4754,0,7905,18405,18405,39252,14949
4755,0,21710,35147,35147,35816,15499
4756,0,23155,37747,37747,16776,16196
4757,0,6782,17282,17282,17520,11413
4758,0,24736,36840,36840,14810,14840
4759,0,23874,37763,37763,19108,20522
4760,0,22278,37900,37900,39585,16441
4761,0,1609,12109,12109,18611,10913
4762,0,3096,13596,13596,15085,19751
4763,0,2415,12915,12915,36171,35207
4764,0,23551,35556,35556,20652,39023
4765,0,2017,12517,12517,13821,19859
4766,0,2971,13471,13471,19012,11367
4767,0,25042,39297,39297,13696,37887
4768,0,3246,13746,13746,13077,20255
4769,0,124,10624,10624,16217,14642
4770,0,1106,11606,11606,35318,13170
4771,0,1814,12314,12314,37028,15524
4772,0,23756,38710,38710,15391,15670
4773,0,25346,38336,38336,12941,15038
4774,0,8790,19290,19290,15199,13589
4775,0,2123,12623,12623,20633,13617
4776,0,24807,38682,38682,14081,18158
4777,0,24173,37519,37519,20674,39488
4778,0,23100,35309,35309,11138,13257
4779,0,8970,19470,19470,17306,18428
4780,0,25284,39094,39094,14125,13849
4781,0,2197,12697,12697,16333,12376
4782,0,4051,14551,14551,12504,20778
4783,0,1216,11716,11716,17203,15758
4784,0,7701,18201,18201,16965,16405
4785,0,725,11225,11225,19715,38183
4786,0,9170,19670,19670,38984,36144
4787,0,808,11308,11308,12885,36835
4788,0,23328,35818,35818,19099,12543
4789,0,10438,20938,20938,20095,15034
4790,0,4906,15406,15406,12228,37894
4791,1,21972,38473,12758,38473,17541
4792,0,25010,38151,38151,20106,17870
4793,0,3962,14462,14462,14449,38288
4794,0,22839,36976,36976,10825,37296
4795,0,2671,13171,13171,36283,14877
4796,0,9530,20030,20030,20317,16326
4797,0,1764,12264,12264,12357,15301
4798,0,22784,35305,35305,13703,35582
4799,0,607,11107,11107,20826,37983
4800,0,9438,19938,19938,18358,13339
4801,0,9709,20209,20209,15980,12145
4802,0,3217,13717,13717,36815,12615
4803,0,5737,16237,16237,19892,12506
4804,0,8479,18979,18979,19435,35350
4805,0,2053,12553,12553,20411,16289
4806,0,3164,13664,13664,14790,10652
4807,0,22400,35102,35102,15321,35165
4808,0,23751,38723,38723,38449,18589
4809,0,22417,39382,39382,35547,14432
4810,0,1657,12157,12157,19079,36602
4811,0,8069,18569,18569,19909,11461
4812,0,8644,19144,19144,38206,16690
4813,0,2710,13210,13210,37927,15499
4814,0,24394,38342,38342,16060,13641
4815,0,7549,18049,18049,15836,17238
4816,0,4266,14766,14766,14432,12919
4817,0,6715,17215,17215,17716,15297
4818,0,422,10922,10922,12069,19147
4819,0,5316,15816,15816,20746,19783
4820,0,8849,19349,19349,13286,35135
4821,0,2845,13345,13345,14532,16140
4822,0,4066,14566,14566,36749,37433
4823,0,22490,37803,37803,17529,17694
4824,0,5244,15744,15744,20283,11164
4825,0,1001,11501,11501,14882,35555
4826,0,4198,14698,14698,39080,14481
4827,0,2418,12918,12918,38478,38189
4828,0,23067,36301,36301,38519,13972
4829,0,3575,14075,14075,20691,15671
4830,0,6726,17226,17226,38315,18409
4831,0,3847,14347,14347,36508,20911
4832,0,961,11461,11461,18569,37479
4833,0,9621,20121,20121,38963,13673
4834,0,10439,20939,20939,16920,19784
4835,0,22554,39478,39478,15306,19316
4836,0,757,11257,11257,16426,11039
4837,0,5313,15813,15813,12835,13636
4838,0,2284,12784,12784,15420,13876
4839,0,21996,38818,38818,39242,18066
4840,0,4827,15327,15327,38402,18601
4841,0,22303,37873,37873,18875,15608
4842,0,807,11307,11307,16091,19823
4843,0,3907,14407,14407,38915,10892
4844,0,7023,17523,17523,18119,18290
4845,0,1956,12456,12456,38310,11903
4846,0,9343,19843,19843,11567,11114
4847,0,10259,20759,20759,35650,39518
4848,0,22353,36811,36811,38561,18163
4849,0,2402,12902,12902,39195,11302
4850,0,23184,35366,35366,12501,35846
4851,0,1073,11573,11573,18695,13544
4852,0,6524,17024,17024,20467,14766
4853,0,22880,37348,37348,19251,14810
4854,0,22843,39585,39585,39317,37900
4855,0,8095,18595,18595,35662,15992
4856,0,21775,35758,35758,12166,18297
4857,0,22373,37167,37167,15732,10952
4858,0,23513,35796,35796,13189,38171
4859,0,21033,36560,36560,13547,19034
4860,0,1003,11503,11503,13677,13051
4861,0,7658,18158,18158,38211,18076
4862,0,22396,38247,38247,37302,15997
4863,0,7566,18066,18066,39242,38818
4864,1,23608,38445,16793,38445,37808
4865,0,5368,15868,15868,12643,20503
4866,0,25037,36696,36696,38730,12431
4867,0,6289,16789,16789,19834,16237
4868,0,9970,20470,20470,19808,20820
4869,0,25444,39090,39090,37302,12077
4870,0,23298,37618,37618,38106,19320
4871,0,985,11485,11485,20303,20996
4872,0,23550,35356,35356,35313,38611
4873,0,6169,16669,16669,16178,15446
4874,0,22836,36063,36063,14819,37332
4875,0,7384,17884,17884,18826,35476
4876,0,23203,35537,35537,19556,20627
4877,0,22515,38296,38296,12354,38297
4878,0,9726,20226,20226,12085,15059
4879,0,21827,38647,38647,35724,10646
4880,0,2462,12962,12962,17993,14748
4881,0,268,10768,10768,17484,18976
4882,0,7962,18462,18462,36669,12090
4883,0,3580,14080,14080,16771,14068
4884,0,71,10571,10571,20208,16479
4885,0,22552,36768,36768,15422,14680
4886,0,25437,38887,38887,37537,38095
4887,0,2821,13321,13321,35693,38370
4888,0,23696,38052,38052,38908,13142
4889,0,589,11089,11089,11226,36557
4890,0,10467,20967,20967,17857,20898
4891,0,9871,20371,20371,17297,38887
4892,0,21263,35648,35648,20751,11104
4893,0,23140,39579,39579,14508,20186
4894,0,21147,35413,35413,16558,12157
4895,0,3758,14258,14258,13371,36785
4896,0,6845,17345,17345,10663,36920
4897,0,2028,12528,12528,17047,38180
4898,0,8869,19369,19369,20057,19928
4899,0,24739,36834,36834,19991,39587
4900,0,5454,15954,15954,20579,37138
4901,0,9906,20406,20406,19315,36896
4902,0,25405,36263,36263,10992,35932
4903,0,9830,20330,20330,19303,18433
4904,0,25385,38578,38578,17924,39463
4905,0,2432,12932,12932,35991,38463
4906,0,4647,15147,15147,20053,12829
4907,0,8469,18969,18969,18375,20197
4908,0,24314,37817,37817,12843,35816
4909,0,896,11396,11396,13112,36014
4910,0,22733,36927,36927,10637,35144
4911,0,1587,12087,12087,10560,16132
4912,0,6686,17186,17186,37878,38625
4913,0,1719,12219,12219,35861,20040
4914,0,6100,16600,16600,13715,14673
4915,0,3806,14306,14306,35464,12257
4916,0,8806,19306,19306,37724,19635
4917,0,21811,36095,36095,15282,11952
4918,0,3961,14461,14461,15684,13280
4919,0,22294,38844,38844,16341,12967
4920,0,7036,17536,17536,19690,16856
4921,0,23315,39302,39302,38067,37020
4922,0,890,11390,11390,14626,14118
4923,0,25025,38112,38112,37471,13739
4924,0,4006,14506,14506,14722,38687
4925,0,4939,15439,15439,13417,14464
4926,0,25365,38796,38796,39050,15636
4927,0,9713,20213,20213,17359,36193
4928,0,5898,16398,16398,17156,16280
4929,0,24458,38018,38018,36687,35534
4930,0,24590,36556,36556,10664,37994
4931,0,21849,35898,35898,10845,36274
4932,0,584,11084,11084,13121,15519
4933,0,3932,14432,14432,14481,11197
4934,0,1260,11760,11760,17120,14613
4935,0,10456,20956,20956,16538,18877
4936,0,310,10810,10810,17039,39051
4937,0,1716,12216,12216,38203,35192
4938,0,6009,16509,16509,11563,14354
4939,0,2052,12552,12552,36037,36965
4940,0,25053,35182,35182,15810,35674
4941,0,4668,15168,15168,15212,17276
4942,0,4298,14798,14798,20509,13950
4943,0,6646,17146,17146,16857,18138
4944,0,3783,14283,14283,18111,36114
4945,0,1008,11508,11508,16369,10597
4946,0,7347,17847,17847,37451,15924
4947,0,21203,37097,37097,19349,19463
4948,0,24396,38651,38651,39257,18167
4949,0,8383,18883,18883,35815,12256
4950,0,21420,35685,35685,17495,39234
4951,0,4059,14559,14559,20989,18335
4952,0,8721,19221,19221,19939,17584
4953,0,90,10590,10590,12440,37784
4954,0,1987,12487,12487,17449,18390
4955,0,22024,37200,37200,11405,39140
4956,0,25231,38760,38760,38752,16148
4957,0,7279,17779,17779,15278,17893
4958,0,25121,36627,36627,36955,14196
4959,0,22734,35444,35444,14794,16978
4960,0,21569,37611,37611,17704,12113
4961,0,24146,38833,38833,20652,20651
4962,0,21378,37609,37609,11900,17631
4963,0,24928,37498,37498,18682,15336
4964,0,2925,13425,13425,38189,16531
4965,0,9981,20481,20481,37469,18146
4966,0,8185,18685,18685,15588,11977
4967,0,5884,16384,16384,18990,17163
4968,0,2341,12841,12841,12618,13658
4969,0,24563,37632,37632,17187,17039
4970,0,22272,35243,35243,35617,36150
4971,0,627,11127,11127,15587,17055
4972,0,10065,20565,20565,15335,36282
4973,0,7545,18045,18045,14267,37965
4974,0,23748,36628,36628,18110,13703
4975,0,4765,15265,15265,36044,37525
4976,0,21759,39002,39002,15438,19728
4977,0,25084,37251,37251,16944,35870
4978,0,128,10628,10628,37323,35862
4979,0,23147,37887,37887,13530,17998
4980,0,10411,20911,20911,13662,37170
4981,0,4182,14682,14682,35210,10699
4982,0,7299,17799,17799,39455,37458
4983,0,6995,17495,17495,35685,15074
4984,0,2398,12898,12898,15476,17211
4985,0,24384,38025,38025,16347,37764
4986,0,1186,11686,11686,18760,12130
4987,0,23050,36397,36397,15985,37396
4988,0,24490,39169,39169,10733,20709
4989,0,5314,15814,15814,18967,35412
4990,0,9220,19720,19720,13741,36966
4991,0,4247,14747,14747,19419,19969
4992,0,24751,38923,38923,12566,37610
4993,0,9107,19607,19607,14335,37633
4994,0,1096,11596,11596,35148,11453
4995,0,6653,17153,17153,37904,13676
4996,463,1273,11773,15081,16659,12376
4997,0,5698,16198,16198,19309,38298
4998,0,22704,38573,38573,15572,11520
4999,0,8728,19228,19228,15395,19534
5000,0,6797,17297,17297,37616,20371
5001,0,6615,17115,17115,13637,36181
5002,0,3358,13858,13858,13196,17954
5003,0,7755,18255,18255,17770,17624
5004,0,183,10683,10683,11980,18538
5005,0,22178,36440,36440,12261,39260
5006,0,23928,35909,35909,12270,37146
5007,0,6513,17013,17013,12916,18528
5008,0,4567,15067,15067,17164,17814
5009,0,6603,17103,17103,16534,18387
5010,0,23058,37028,37028,15207,12314
5011,0,1961,12461,12461,17488,11138
5012,0,4992,15492,15492,38358,37117
5013,0,4891,15391,15391,38710,38924
5014,0,8039,18539,18539,15204,15064
5015,0,5869,16369,16369,13772,11055
5016,0,21492,38821,38821,37562,17238
5017,0,6226,16726,16726,20141,35582
5018,0,24295,35859,35859,15368,20867
5019,0,21019,35204,35204,36594,11512
5020,0,1251,11751,11751,11367,14148
5021,0,3176,13676,13676,35468,12603
5022,0,3359,13859,13859,15223,20433
5023,0,10305,20805,20805,17618,16081
5024,0,9624,20124,20124,38639,12882
5025,0,25399,36194,36194,35164,36092
5026,0,22468,38087,38087,11871,35511
5027,0,7411,17911,17911,18896,16373
5028,0,7538,18038,18038,16357,36244
5029,0,1051,11551,11551,18808,38024
5030,0,9221,19721,19721,15901,17464
5031,0,8464,18964,18964,19278,14267
5032,0,4763,15263,15263,17633,19137
5033,0,25416,39419,39419,36225,18645
5034,0,1874,12374,12374,18207,19934
5035,0,9278,19778,19778,17240,16995
5036,0,7282,17782,17782,36355,11075
5037,0,9008,19508,19508,17428,10847
5038,0,23334,36006,36006,16215,13652
5039,0,4322,14822,14822,38289,11838
5040,0,9448,19948,19948,11712,11158
5041,0,5831,16331,16331,38992,38240
5042,0,24797,37414,37414,11871,38087
5043,0,10098,20598,20598,12420,37871
5044,0,9730,20230,20230,15825,37529
5045,0,21705,37739,37739,13588,12532
5046,0,22096,36253,36253,37620,15568
5047,0,4485,14985,14985,35315,17881
5048,0,8615,19115,19115,35658,18276
5049,0,3924,14424,14424,12742,39546
5050,0,23888,38813,38813,17727,38812
5051,0,9563,20063,20063,20597,37950
5052,0,21830,35659,35659,37488,11175
5053,0,7850,18350,18350,37090,36097
5054,0,24961,36703,36703,13584,15631
5055,0,3113,13613,13613,39186,16624
5056,0,3303,13803,13803,11379,20632
5057,0,9536,20036,20036,10831,18296
5058,0,1690,12190,12190,35496,17961
5059,0,9634,20134,20134,18263,37040
5060,0,5048,15548,15548,19823,11735
5061,0,10097,20597,20597,15679,10554
5062,0,3308,13808,13808,15170,11680
5063,0,1504,12004,12004,11746,35224
5064,0,1806,12306,12306,10733,11093
5065,0,3871,14371,14371,18036,18726
5066,0,9967,20467,20467,17024,38033
5067,0,3791,14291,14291,18716,12867
5068,0,21251,38879,38879,15519,19574
5069,0,22190,36186,36186,17767,37501
5070,0,21985,36109,36109,20016,35180
5071,0,1717,12217,12217,16119,37831
5072,0,2696,13196,13196,13858,18351
5073,0,1848,12348,12348,12354,35540
5074,0,4512,15012,15012,12749,12129
5075,0,21804,35727,35727,12260,20187
5076,0,6622,17122,17122,12876,13102
5077,0,3435,13935,13935,14651,17265
5078,0,10151,20651,20651,20652,38833
5079,0,142,10642,10642,16870,39323
5080,0,22170,35096,35096,14277,36810
5081,0,6992,17492,17492,19662,36536
5082,0,23038,37976,37976,14157,19900
5083,0,9878,20378,20378,16093,11191
5084,0,1117,11617,11617,38974,12371
5085,0,1756,12256,12256,35815,18883
5086,0,497,10997,10997,17208,17314
5087,0,6751,17251,17251,38003,19718
5088,0,870,11370,11370,12577,15338
5089,0,3357,13857,13857,12615,35221
5090,0,9104,19604,19604,12440,37784
5091,0,7678,18178,18178,19166,36517
5092,0,721,11221,11221,20089,16343
5093,0,886,11386,11386,35516,20091
5094,0,21001,38998,38998,38876,36043
5095,0,23961,35582,35582,35305,19746
5096,0,23324,37045,37045,18393,35860
5097,0,8347,18847,18847,35798,36415
5098,1,8102,18602,36924,18602,10753
5099,0,21377,37636,37636,36299,37457
5100,0,25434,36568,36568,20347,10746
5101,0,314,10814,10814,20129,38298
5102,0,23262,39590,39590,11466,18503
5103,0,23556,39330,39330,11448,14109
5104,0,4204,14704,14704,17929,15982
5105,0,5850,16350,16350,17027,35418
5106,0,6129,16629,16629,16367,11418
5107,0,5447,15947,15947,16495,20519
5108,0,3129,13629,13629,13244,18504
5109,0,1996,12496,12496,11734,11230
5110,0,23720,35711,35711,15949,36835
5111,0,3968,14468,14468,12723,13890
5112,0,23391,36435,36435,13936,18410
5113,0,336,10836,10836,39289,16972
5114,0,21720,36436,36436,11343,15532
5115,0,24987,37148,37148,16205,17873
5116,0,10384,20884,20884,13696,20262
5117,0,2985,13485,13485,17652,39315
5118,0,4620,15120,15120,19406,12319
5119,0,6531,17031,17031,20628,13013
5120,0,9857,20357,20357,17347,37224
5121,0,3558,14058,14058,38913,38996
5122,0,24824,38269,38269,20785,15706
5123,0,3416,13916,13916,14408,15740
5124,0,307,10807,10807,19835,37233
5125,0,23871,39486,39486,39437,14863
5126,0,23054,35964,35964,13897,35888
5127,0,348,10848,10848,20058,38827
5128,0,5918,16418,16418,36987,13592
5129,0,21954,37774,37774,18358,18380
5130,0,7243,17743,17743,15565,17006
5131,0,22258,38853,38853,38432,12841
5132,0,4482,14982,14982,38254,17772
5133,0,9421,19921,19921,16339,36805
5134,0,8263,18763,18763,17915,14269
5135,0,24921,36096,36096,35231,35805
5136,0,6855,17355,17355,20671,18793
5137,0,21836,37490,37490,38586,17716
5138,0,23168,35312,35312,14736,10608
5139,1,24916,36805,10781,36805,39272
5140,0,22085,35380,35380,18774,35399
5141,0,1666,12166,12166,35758,36514
5142,0,7579,18079,18079,16878,35974
5143,0,5570,16070,16070,38538,20661
5144,0,52,10552,10552,11223,12138
5145,0,9965,20465,20465,35405,20376
5146,0,6263,16763,16763,17295,18942
5147,0,1445,11945,11945,14242,38781
5148,0,9843,20343,20343,15639,39427
5149,0,10184,20684,20684,14144,37802
5150,0,1695,12195,12195,14167,38321
5151,0,1574,12074,12074,37306,35559
5152,0,22561,35699,35699,37744,39117
5153,0,4405,14905,14905,11830,19001
5154,0,1630,12130,12130,19953,15718
5155,0,24897,38328,38328,38722,17266
5156,0,1881,12381,12381,20474,11671
5157,0,5074,15574,15574,16443,20711
5158,0,5509,16009,16009,19587,12946
5159,0,24927,37834,37834,16559,12353
5160,0,22670,35130,35130,16484,38044
5161,0,9040,19540,19540,20484,35142
5162,0,22029,35240,35240,35360,13230
5163,0,22686,37475,37475,14173,10612
5164,0,186,10686,10686,18091,14154
5165,0,5558,16058,16058,36926,12410
5166,0,7185,17685,17685,14492,18468
5167,0,24835,38467,38467,35659,18318
5168,0,24836,36103,36103,15288,20041
5169,0,6587,17087,17087,14400,19355
5170,0,1234,11734,11734,12496,11230
5171,0,10479,20979,20979,17198,12051
5172,0,3915,14415,14415,20367,10937
5173,0,446,10946,10946,17753,17372
5174,0,844,11344,11344,36312,18197
5175,0,5201,15701,15701,11188,12616
5176,0,24664,37962,37962,13080,19369
5177,0,22588,36148,36148,36149,15741
5178,0,2440,12940,12940,12377,10940
5179,0,3103,13603,13603,14240,39502
5180,0,7692,18192,18192,35767,15654
5181,0,4774,15274,15274,14443,13102
5182,0,6974,17474,17474,17555,15650
5183,0,6094,16594,16594,14336,39210
5184,0,9486,19986,19986,36418,18126
5185,0,2153,12653,12653,17505,37009
5186,0,5518,16018,16018,14763,20676
5187,0,23427,36602,36602,17562,13136
5188,0,5067,15567,15567,35383,14925
5189,0,22283,37248,37248,37319,13837
5190,0,23087,36140,36140,18472,19812
5191,0,23106,37080,37080,20384,16122
5192,0,776,11276,11276,11922,38266
5193,0,8417,18917,18917,12636,18101
5194,0,23380,38538,38538,16070,12035
5195,0,6324,16824,16824,19511,20463
5196,0,4920,15420,15420,12784,13228
5197,0,25216,37646,37646,10620,15588
5198,0,9182,19682,19682,18378,35500
5199,0,24452,38842,38842,36406,17527
5200,0,21534,35934,35934,15499,18434
5201,0,3136,13636,13636,15813,12835
5202,0,21874,37221,37221,16426,13153
5203,0,5462,15962,15962,20377,14036
5204,0,3183,13683,13683,15934,18879
5205,0,22902,37639,37639,37024,39364
5206,0,7522,18022,18022,17071,18741
5207,0,22216,36494,36494,14824,11848
5208,0,3199,13699,13699,15740,37676
5209,0,21701,35935,35935,15097,12029
5210,0,1289,11789,11789,11866,17441
5211,0,24246,38870,38870,18885,35925
5212,0,21421,38913,38913,38996,14058
5213,0,21654,37310,37310,13919,18385
5214,0,7542,18042,18042,37201,38700
5215,0,1879,12379,12379,14646,12568
5216,0,23264,38555,38555,36651,12902
5217,0,10003,20503,20503,37527,12643
5218,0,5457,15957,15957,13612,36966
5219,0,2148,12648,12648,18274,16508
5220,0,4131,14631,14631,35399,16917
5221,0,1036,11536,11536,10575,39001
5222,0,8828,19328,19328,11275,18719
5223,0,25429,38889,38889,39244,11423
5224,0,4134,14634,14634,35542,18584
5225,0,649,11149,11149,36701,18287
5226,0,9275,19775,19775,16367,16231
5227,0,6711,17211,17211,20477,17639
5228,0,861,11361,11361,13289,11693
5229,0,9095,19595,19595,37543,38611
5230,0,191,10691,10691,14434,12328
5231,0,8301,18801,18801,16233,35203
5232,0,6026,16526,16526,14474,12289
5233,0,1942,12442,12442,10726,38345
5234,0,4331,14831,14831,14275,36388
5235,0,22344,38985,38985,37296,17470
5236,0,8775,19275,19275,12605,16538
5237,0,7972,18472,18472,36768,36140
5238,0,21371,36188,36188,16115,18875
5239,0,25124,38693,38693,36514,12215
5240,0,22914,35708,35708,20644,20295
5241,0,2775,13275,13275,13688,15068
5242,0,4145,14645,14645,11830,19001
5243,0,24007,37500,37500,20218,14843
5244,0,2617,13117,13117,16007,20246
5245,0,2411,12911,12911,13247,12506
5246,0,1094,11594,11594,14567,36988
5247,0,6065,16565,16565,12274,10731
5248,0,1546,12046,12046,17557,16663
5249,0,4589,15089,15089,36612,11141
5250,0,6034,16534,16534,10532,17103
5251,0,10154,20654,20654,15367,38654
5252,0,6953,17453,17453,14919,14754
5253,0,3135,13635,13635,12321,20624
5254,0,3856,14356,14356,16285,35735
5255,0,23464,38425,38425,37994,37595
5256,0,6419,16919,16919,37004,35793
5257,0,3805,14305,14305,12763,19335
5258,0,24532,37668,37668,38694,12527
5259,0,9919,20419,20419,15883,20003
5260,0,7431,17931,17931,38927,35248
5261,0,6774,17274,17274,15942,37393
5262,0,24087,37770,37770,12865,17167
5263,0,464,10964,10964,39589,17183
5264,0,1257,11757,11757,11886,37906
5265,0,2259,12759,12759,14590,16965
5266,0,5630,16130,16130,37535,39267
5267,0,25402,39126,39126,39557,14537
5268,0,6231,16731,16731,16312,18110
5269,0,7382,17882,17882,10841,36319
5270,0,22899,35681,35681,37779,38731
5271,0,21081,36964,36964,36228,12779
5272,1,1262,11762,18589,11762,38449
5273,0,21992,38100,38100,14714,12700
5274,0,7212,17712,17712,35527,35926
5275,0,975,11475,11475,18257,38983
5276,0,24515,35316,35316,15651,12332
5277,0,5866,16366,16366,14236,15457
5278,0,9133,19633,19633,15032,36000
5279,0,6582,17082,17082,35678,36270
5280,0,2387,12887,12887,16213,12741
5281,0,24615,39186,39186,11852,13613
5282,0,5021,15521,15521,36471,19924
5283,0,7129,17629,17629,36823,16721
5284,0,23303,37122,37122,36423,13903
5285,0,3882,14382,14382,38939,12388
5286,0,6055,16555,16555,18841,11136
5287,0,22342,38227,38227,36714,15808
5288,0,25442,35264,35264,37373,37801
5289,0,3875,14375,14375,35969,38275
5290,0,2789,13289,13289,20626,19068
5291,0,9136,19636,19636,16740,35754
5292,0,21672,37925,37925,15324,12209
5293,0,1857,12357,12357,12264,35176
5294,0,21581,37599,37599,15843,18121
5295,0,4108,14608,14608,14254,13431
5296,0,5213,15713,15713,37266,16761
5297,0,8281,18781,18781,18520,11727
5298,0,3255,13755,13755,39561,39423
5299,0,7323,17823,17823,39246,16011
5300,0,2690,13190,13190,37883,12690
5301,0,7389,17889,17889,18481,11377
5302,0,4627,15127,15127,12245,13323
5303,0,22088,35759,35759,38349,20707
5304,0,1319,11819,11819,14460,15810
5305,0,24571,37543,37543,38611,11481
5306,0,23242,39416,39416,20270,20516
5307,0,5162,15662,15662,11067,11023
5308,0,24009,35466,35466,37545,16182
5309,0,10360,20860,20860,17726,19637
5310,0,1135,11635,11635,36491,37165
5311,0,4529,15029,15029,37678,15587
5312,0,3505,14005,14005,12237,38568
5313,0,4749,15249,15249,16709,17299
5314,0,7086,17586,17586,11875,13006
5315,0,9947,20447,20447,10742,13926
5316,0,24569,39398,39398,38955,20439
5317,0,6336,16836,16836,10659,15244
5318,0,22953,35533,35533,11602,15539
5319,0,6982,17482,17482,17476,20948
5320,0,23456,37360,37360,36006,12082
5321,0,2505,13005,13005,19826,20236
5322,0,2904,13404,13404,37233,10807
5323,0,570,11070,11070,17754,19854
5324,0,1448,11948,11948,36612,15089
5325,0,3414,13914,13914,38194,37866
5326,0,22328,39420,39420,38809,19637
5327,0,21785,35370,35370,17178,10705
5328,0,9290,19790,19790,17541,38490
5329,0,21664,39242,39242,38818,18066
5330,0,6837,17337,17337,38012,19205
5331,0,3226,13726,13726,20167,36094
5332,0,24702,39210,39210,16594,15253
5333,0,4383,14883,14883,19495,15664
5334,0,9229,19729,19729,13346,13891
5335,0,7845,18345,18345,13652,38262
5336,0,3539,14039,14039,10958,38329
5337,0,22622,35180,35180,36109,37310
5338,0,24802,38039,38039,17691,13459
5339,0,2827,13327,13327,18067,11813
5340,0,5780,16280,16280,14890,15899
5341,0,4996,15496,15496,20252,36174
5342,0,1338,11838,11838,14318,19162
5343,0,3262,13762,13762,15311,17143
5344,0,7876,18376,18376,13462,39298
5345,0,23809,35403,35403,38506,18988
5346,0,6838,17338,17338,10904,20252
5347,0,5741,16241,16241,19625,12893
5348,0,650,11150,11150,20661,19258
5349,0,6039,16539,16539,18385,12873
5350,1,2258,12758,38473,12758,17541
5351,0,5395,15895,15895,12709,14667
5352,0,23137,37695,37695,13276,35513
5353,0,7082,17582,17582,10752,36836
5354,0,24221,36236,36236,13809,37917
5355,0,3521,14021,14021,19007,19898
5356,0,23957,39161,39161,17737,14390
5357,0,4478,14978,14978,35219,36691
5358,0,5660,16160,16160,35804,20547
5359,0,23381,37648,37648,38527,16745
5360,0,67,10567,10567,15476,37298
5361,0,22823,38657,38657,35816,18315
5362,0,22063,36470,36470,36772,39478
5363,0,7609,18109,18109,14054,36562
5364,0,1258,11758,11758,35621,12236
5365,0,24620,36557,36557,11089,38709
5366,0,24788,37370,37370,38020,37371
5367,0,991,11491,11491,19407,36529
5368,0,3504,14004,14004,12241,11394
5369,0,8305,18805,18805,16036,20963
5370,0,919,11419,11419,19907,37451
5371,0,165,10665,10665,11974,13446
5372,0,9877,20377,20377,15962,36208
5373,0,25319,37406,37406,14827,11327
5374,0,9141,19641,19641,17116,13275
5375,0,4594,15094,15094,38664,20917
5376,0,22541,36742,36742,13077,35555
5377,0,2850,13350,13350,19946,14065
5378,0,21728,35489,35489,13258,12387
5379,0,24556,39562,39562,16965,14590
5380,0,22709,36764,36764,13847,14846
5381,0,4460,14960,14960,35534,13405
5382,0,24761,38820,38820,13372,19381
5383,0,6623,17123,17123,38779,15027
5384,0,9306,19806,19806,13862,37173
5385,0,23494,37168,37168,19072,19406
5386,0,8490,18990,18990,11069,36471
5387,0,9867,20367,20367,37924,14415
5388,0,2735,13235,13235,37204,12516
5389,0,5669,16169,16169,11191,19463
5390,0,4988,15488,15488,18845,39435
5391,0,25318,38096,38096,37123,12365
5392,0,2378,12878,12878,19967,35271
5393,0,10402,20902,20902,10675,16689
5394,0,4172,14672,14672,13366,10921
5395,0,8092,18592,18592,35284,19771
5396,0,23851,36579,36579,17998,12336
5397,0,2103,12603,12603,39070,38207
5398,0,3759,14259,14259,14401,36744
5399,0,21213,36273,36273,11290,16035
5400,0,1837,12337,12337,36921,12322
5401,0,24676,36624,36624,20687,35772
5402,0,22634,37046,37046,12211,20677
5403,0,21106,36822,36822,13614,37330
5404,0,5710,16210,16210,11633,35402
5405,0,8799,19299,19299,20952,18788
5406,0,4500,15000,15000,14525,36647
5407,0,1093,11593,11593,16137,16558
5408,0,10017,20517,20517,17360,36731
5409,0,6718,17218,17218,12407,36066
5410,0,24998,35354,35354,35639,12559
5411,0,8960,19460,19460,38571,36260
5412,0,160,10660,10660,38218,17639
5413,0,203,10703,10703,37311,15555
5414,0,6483,16983,16983,13698,11450
5415,0,3940,14440,14440,20413,20139
5416,0,25336,39379,39379,10562,15584
5417,0,4933,15433,15433,35355,39111
5418,0,7647,18147,18147,11454,11664
5419,0,1230,11730,11730,19396,37102
5420,0,9166,19666,19666,15901,14314
5421,0,3046,13546,13546,20485,13175
5422,0,7957,18457,18457,14349,20957
5423,0,2915,13415,13415,16404,20745
5424,0,23966,38218,38218,10660,38219
5425,0,4251,14751,14751,12896,12646
5426,0,6111,16611,16611,14428,15173
5427,0,6204,16704,16704,15180,13661
5428,0,2725,13225,13225,11721,18100
5429,0,4290,14790,14790,39055,13104
5430,0,4334,14834,14834,17896,39132
5431,0,383,10883,10883,17885,18607
5432,0,7485,17985,17985,39055,15505
5433,0,4886,15386,15386,12018,38926
5434,0,857,11357,11357,37298,20360
5435,0,370,10870,10870,16355,13920
5436,0,6539,17039,17039,39051,10810
5437,0,2561,13061,13061,14863,11860
5438,0,3801,14301,14301,37438,12048
5439,0,5455,15955,15955,36462,15616
5440,0,10162,20662,20662,19857,16887
5441,0,22230,38451,38451,18835,15156
5442,0,6859,17359,17359,18550,17171
5443,0,10212,20712,20712,37540,10990
5444,0,24606,37905,37905,14086,20045
5445,0,21815,39000,39000,19547,16256
5446,0,5944,16444,16444,10800,14072
5447,0,615,11115,11115,37440,11555
5448,0,2575,13075,13075,16810,16632
5449,0,53,10553,10553,10617,13506
5450,0,23668,38013,38013,37546,38513
5451,0,3340,13840,13840,11394,14004
5452,0,21112,35944,35944,12087,38781
5453,0,9897,20397,20397,13312,36453
5454,0,23304,38191,38191,14464,37513
5455,1,10099,20599,20328,20599,36153
5456,0,10052,20552,20552,12133,36067
5457,0,22618,38400,38400,15472,37634
5458,0,5876,16376,16376,15473,38435
5459,0,10196,20696,20696,38687,17829
5460,0,8995,19495,19495,14883,11338
5461,0,1812,12312,12312,19583,35416
5462,0,990,11490,11490,13209,17788
5463,0,10389,20889,20889,38903,36644
5464,0,23780,37171,37171,14918,13861
5465,0,8411,18911,18911,12636,16945
5466,0,2942,13442,13442,11849,19074
5467,0,9480,19980,19980,19173,18652
5468,0,3163,13663,13663,12116,15404
5469,0,4678,15178,15178,18983,16557
5470,0,2618,13118,13118,19753,20919
5471,0,3612,14112,14112,38799,11771
5472,0,8235,18735,18735,16584,37942
5473,0,7871,18371,18371,19143,38300
5474,0,24272,36576,36576,35408,13817
5475,0,3792,14292,14292,15848,35948
5476,0,9695,20195,20195,16578,11853
5477,0,10130,20630,20630,19356,10922
5478,0,3439,13939,13939,16041,38283
5479,0,1892,12392,12392,14435,19034
5480,0,25380,39057,39057,20358,12598
5481,0,22183,38592,38592,35882,18953
5482,0,5255,15755,15755,14578,19448
5483,0,5167,15667,15667,12333,38353
5484,0,6460,16960,16960,12513,15412
5485,0,1505,12005,12005,18648,36170
5486,1,10355,20855,14609,20855,17514
5487,0,670,11170,11170,14161,16111
5488,0,9471,19971,19971,36279,13588
5489,0,24276,35960,35960,18867,14775
5490,0,897,11397,11397,37722,37723
5491,0,3306,13806,13806,37044,13154
5492,0,8026,18526,18526,17736,13798
5493,1,6239,16739,14809,16739,19977
5494,0,2890,13390,13390,13212,18197
5495,0,6003,16503,16503,36895,35983
5496,0,7739,18239,18239,35128,17009
5497,0,23145,36011,36011,19397,37490
5498,0,22883,36227,36227,17566,36022
5499,0,8397,18897,18897,14114,19532
5500,0,2,10502,10502,18064,15273
5501,0,9961,20461,20461,15591,36601
5502,0,25451,37344,37344,18223,12310
5503,0,6079,16579,16579,12482,11138
5504,0,531,11031,11031,11047,20702
5505,0,22426,37526,37526,11576,20893
5506,0,8181,18681,18681,19763,38000
5507,0,22518,37572,37572,12394,37453
5508,0,6476,16976,16976,19565,19448
5509,0,24619,37978,37978,14816,12113
5510,0,23750,37303,37303,15547,17386
5511,0,8923,19423,19423,19758,13210
5512,0,3406,13906,13906,17543,19151
5513,0,5991,16491,16491,38033,15563
5514,0,6328,16828,16828,17401,19365
5515,0,10374,20874,20874,14915,15312
5516,0,2565,13065,13065,36885,18859
5517,0,2581,13081,13081,11960,39487
5518,0,21014,37364,37364,38408,35241
5519,0,8385,18885,18885,38870,12712
5520,0,2607,13107,13107,37477,10948
5521,0,10484,20984,20984,17165,16277
5522,0,24537,38810,38810,39444,35423
5523,0,9447,19947,19947,18428,18187
5524,0,2104,12604,12604,39235,10706
5525,0,21857,38547,38547,19514,11579
5526,0,22760,35274,35274,38762,39241
5527,0,21161,38324,38324,39217,20046
5528,0,4994,15494,15494,15200,37727
5529,0,25427,35797,35797,15194,16543
5530,0,5057,15557,15557,13086,35115
5531,0,658,11158,11158,19757,19948
5532,0,4434,14934,14934,19008,15506
5533,0,22770,38843,38843,11691,18009
5534,0,3816,14316,14316,11545,17916
5535,0,6773,17273,17273,35958,19587
5536,0,23717,38661,38661,37788,14470
5537,0,9813,20313,20313,36042,11925
5538,0,22543,38742,38742,37057,37612
5539,0,7260,17760,17760,18298,19776
5540,0,3904,14404,14404,39072,20004
5541,0,25000,35804,35804,16160,20547
5542,0,22280,37952,37952,12084,13923
5543,0,9288,19788,19788,11836,35563
5544,0,6811,17311,17311,15073,35991
5545,0,23821,38177,38177,12928,37095
5546,0,9359,19859,19859,18659,17598
5547,0,3700,14200,14200,39182,13867
5548,0,25310,36513,36513,18745,17175
5549,0,1788,12288,12288,12838,13786
5550,0,24667,37329,37329,38747,35244
5551,0,6314,16814,16814,36158,35229
5552,0,3645,14145,14145,17423,20917
5553,0,1776,12276,12276,38725,15510
5554,0,192,10692,10692,14872,35487
5555,0,9012,19512,19512,36332,12618
5556,0,10261,20761,20761,35772,15263
5557,0,25391,37495,37495,19321,19672
5558,0,23521,38946,38946,38945,36120
5559,0,5388,15888,15888,19704,12415
5560,0,10307,20807,20807,12827,18430
5561,0,4951,15451,15451,14328,20986
5562,0,2687,13187,13187,17279,11892
5563,0,4390,14890,14890,13624,15411
5564,0,4927,15427,15427,19962,36743
5565,0,5552,16052,16052,35120,38099
5566,0,22954,38926,38926,14072,35981
5567,0,238,10738,10738,20373,12324
5568,0,23916,38502,38502,37825,35905
5569,0,24774,39123,39123,13595,11394
5570,0,6901,17401,17401,19159,19365
5571,0,22057,35545,35545,17954,35546
5572,0,21083,39458,39458,15601,37725
5573,0,9137,19637,19637,38894,39420
5574,0,21335,36907,36907,37802,17178
5575,0,8640,19140,19140,16555,19576
5576,0,5097,15597,15597,20229,18220
5577,0,24082,35420,35420,13033,16171
5578,0,24859,35767,35767,15654,18192
5579,0,10335,20835,20835,12215,14242
5580,0,3552,14052,14052,36342,15703
5581,0,23920,39549,39549,13566,17081
5582,0,3360,13860,13860,12366,14268
5583,1,8328,18828,35170,18828,19505
5584,0,5628,16128,16128,36709,20565
5585,0,7751,18251,18251,13750,13478
5586,0,5783,16283,16283,15843,11564
5587,0,4507,15007,15007,17811,20219
5588,0,21145,37706,37706,11926,15065
5589,0,146,10646,10646,19504,35599
5590,0,24454,35636,35636,12418,15982
5591,0,2294,12794,12794,13752,19857
5592,0,7178,17678,17678,13397,36115
5593,0,9928,20428,20428,11733,19510
5594,0,23666,38900,38900,10842,35275
5595,0,21870,35358,35358,14456,35823
5596,0,23656,38817,38817,36325,15729
5597,0,24721,37037,37037,35742,14395
5598,0,8690,19190,19190,19584,17299
5599,0,7081,17581,17581,16702,17583
5600,0,4733,15233,15233,13273,38901
5601,0,8912,19412,19412,17621,19242
5602,0,4384,14884,14884,35789,16865
5603,0,21715,38699,38699,20012,13240
5604,0,23633,38353,38353,15667,13334
5605,0,22985,36167,36167,13618,14755
5606,0,4545,15045,15045,11901,17543
5607,0,596,11096,11096,36748,36795
5608,0,21397,38236,38236,37265,19974
5609,0,22227,35132,35132,39011,19050
5610,0,5164,15664,15664,18935,14154
5611,0,21351,38343,38343,12310,17870
5612,0,1647,12147,12147,36629,36947
5613,0,6815,17315,17315,18700,17423
5614,0,2700,13200,13200,17454,13808
5615,0,1700,12200,12200,12300,37776
5616,0,2773,13273,13273,15233,10724
5617,0,6968,17468,17468,11529,36752
5618,0,8143,18643,18643,37828,38067
5619,0,6219,16719,16719,35283,16107
5620,0,86,10586,10586,18065,14741
5621,0,22851,36877,36877,36028,12914
5622,0,24285,36846,36846,37424,18043
5623,0,21629,37726,37726,13438,18109
5624,0,2594,13094,13094,38340,18722
5625,0,1029,11529,11529,17468,35284
5626,0,136,10636,10636,37719,20996
5627,0,6972,17472,17472,36910,36092
5628,0,21347,35852,35852,12507,18734
5629,0,7024,17524,17524,11174,19056
5630,0,2854,13354,13354,38054,17436
5631,0,1200,11700,11700,17150,16472
5632,0,6121,16621,16621,10798,17227
5633,0,9763,20263,20263,36041,38493
5634,0,8758,19258,19258,14445,15780
5635,0,24267,36131,36131,14699,11695
5636,0,6296,16796,16796,37907,12242
5637,0,3927,14427,14427,17712,17275
5638,0,10105,20605,20605,11118,15518
5639,0,22404,37842,37842,18493,11222
5640,0,8468,18968,18968,35212,11786
5641,0,3606,14106,14106,11007,10766
5642,0,22333,37972,37972,19287,35330
5643,0,2330,12830,12830,14508,13659
5644,0,2187,12687,12687,36342,14052
5645,0,195,10695,10695,14165,17517
5646,0,5059,15559,15559,12853,12826
5647,0,802,11302,11302,39195,36281
5648,0,2668,13168,13168,20184,18033
5649,0,241,10741,10741,11867,38713
5650,0,2068,12568,12568,15500,11442
5651,0,21660,38111,38111,13172,10820
5652,0,23705,37723,37723,11766,11397
5653,0,644,11144,11144,36976,20120
5654,0,9116,19616,19616,12869,17222
5655,0,5103,15603,15603,15422,11530
5656,0,1637,12137,12137,37367,16796
5657,0,7552,18052,18052,38599,38037
5658,0,8312,18812,18812,11655,35417
5659,0,3074,13574,13574,20988,18796
5660,0,9014,19514,19514,38547,11579
5661,0,7296,17796,17796,15531,13000
5662,0,3278,13778,13778,17500,20280
5663,0,8003,18503,18503,39590,11072
5664,0,4970,15470,15470,37013,17590
5665,0,21888,35248,35248,37027,11190
5666,0,8326,18826,18826,10582,38255
5667,0,6915,17415,17415,13602,15322
5668,0,10468,20968,20968,35810,36749
5669,0,7829,18329,18329,15409,17079
5670,0,62,10562,10562,16200,14177
5671,0,25238,36447,36447,12431,10752
5672,0,22919,36501,36501,35208,20793
5673,0,23915,38549,38549,36648,35355
5674,0,22330,35546,35546,37290,35113
5675,0,25263,35437,35437,38631,37087
5676,0,679,11179,11179,37330,19043
5677,0,2041,12541,12541,19681,13781
5678,0,8933,19433,19433,20448,20407
5679,0,5307,15807,15807,12915,36171
5680,0,23515,35717,35717,36351,10776
5681,0,3641,14141,14141,18337,15915
5682,0,21109,36966,36966,13861,19720
5683,0,25454,36796,36796,36019,15183
5684,0,3258,13758,13758,18358,18465
5685,0,1873,12373,12373,18758,14998
5686,0,4744,15244,15244,16836,14772
5687,0,9909,20409,20409,35780,15410
5688,0,2912,13412,13412,18708,13202
5689,0,4027,14527,14527,35196,14105
5690,0,5488,15988,15988,15997,37398
5691,0,22691,37546,37546,19349,35864
5692,0,8024,18524,18524,16879,37748
5693,0,7786,18286,18286,18999,16173
5694,0,22504,38478,38478,12918,38189
5695,0,6864,17364,17364,17737,11291
5696,0,489,10989,10989,13263,38223
5697,0,8685,19185,19185,16882,16048
5698,0,690,11190,11190,35248,13229
5699,0,602,11102,11102,13011,37608
5700,0,10103,20603,20603,14163,18841
5701,0,1014,11514,11514,35774,19421
5702,0,869,11369,11369,37653,16059
5703,0,1993,12493,12493,20119,38058
5704,0,7610,18110,18110,36886,13703
5705,0,5283,15783,15783,19773,10982
5706,0,4370,14870,14870,11799,17258
5707,2,21391,35925,16356,10734,35925
5708,0,1361,11861,11861,14821,38389
5709,0,10489,20989,20989,14559,15511
5710,0,1526,12026,12026,36015,16817
5711,0,25021,37093,37093,13345,10828
5712,0,1629,12129,12129,16261,12185
5713,0,1551,12051,12051,20979,17198
5714,0,23305,35303,35303,17076,38381
5715,0,22473,39127,39127,14172,19413
5716,0,1337,11837,11837,11574,19571
5717,0,3901,14401,14401,36744,14259
5718,0,5041,15541,15541,15063,36429
5719,0,8252,18752,18752,35880,38956
5720,0,24254,35535,35535,17431,36504
5721,0,5039,15539,15539,35533,10966
5722,0,2346,12846,12846,12135,19210
5723,0,25062,38531,38531,35472,13794
5724,0,5485,15985,15985,37138,15954
5725,0,24884,37902,37902,15265,37525
5726,0,5694,16194,16194,36693,12551
5727,0,5119,15619,15619,39402,37088
5728,0,5166,15666,15666,11239,14518
5729,0,1134,11634,11634,16255,16832
5730,0,8342,18842,18842,13239,12969
5731,0,10401,20901,20901,12031,12593
5732,0,4017,14517,14517,38797,20630
5733,0,24915,35136,35136,12146,38599
5734,0,2424,12924,12924,36235,16310
5735,0,4138,14638,14638,35215,15438
5736,0,859,11359,11359,18496,19033
5737,0,2962,13462,13462,36234,10654
5738,1,8089,18589,11762,18589,20139
5739,0,25494,38570,38570,11791,16780
5740,0,24074,36178,36178,13433,35709
5741,0,23278,37434,37434,35294,11128
5742,0,23009,37317,37317,13762,17143
5743,0,1364,11864,11864,37213,16880
5744,0,25257,39363,39363,18941,12328
5745,0,1779,12279,12279,19617,20283
5746,0,10397,20897,20897,39231,13679
5747,0,2101,12601,12601,19112,15413
5748,0,1818,12318,12318,14250,18930
5749,0,369,10869,10869,18577,13408
5750,0,4937,15437,15437,20924,20715
5751,0,5285,15785,15785,14912,37827
5752,0,8367,18867,18867,35960,20953
5753,0,21584,36736,36736,17636,15787
5754,0,7071,17571,17571,37365,15256
5755,0,2093,12593,12593,16409,38407
5756,0,7817,18317,18317,14778,15775
5757,0,1920,12420,12420,20598,15588
5758,0,82,10582,10582,18826,38255
5759,0,7331,17831,17831,13550,39246
5760,0,7304,17804,17804,19935,38827
5761,0,816,11316,11316,13195,20743
5762,0,21276,36204,36204,15820,19029
5763,0,4396,14896,14896,13919,35480
5764,1,8475,18975,39423,18975,38793
5765,0,6124,16624,16624,17842,13613
5766,0,4120,14620,14620,20127,18542
5767,0,23193,36514,36514,18297,38693
5768,0,21173,37903,37903,39102,11984
5769,0,1813,12313,12313,38886,11852
5770,0,1271,11771,11771,15376,35153
5771,0,8751,19251,19251,37348,14840
5772,0,2994,13494,13494,14988,36838
5773,0,22319,36003,36003,14672,13366
5774,0,6409,16909,16909,15854,37565
5775,0,24913,36205,36205,19219,39277
5776,0,2642,13142,13142,38052,18573
5777,0,9280,19780,19780,16150,19894
5778,0,21524,35646,35646,38293,37691
5779,0,2305,12805,12805,11749,14771
5780,0,25036,35506,35506,18734,17631
5781,0,24446,37154,37154,38085,36704
5782,0,4195,14695,14695,35176,11548
5783,0,25468,37115,37115,19339,13276
5784,0,3849,14349,14349,35926,19994
5785,0,23434,39367,39367,36695,19026
5786,0,25154,37172,37172,37688,36794
5787,0,23577,38955,38955,11212,39398
5788,0,3554,14054,14054,17979,16593
5789,0,2195,12695,12695,35445,37611
5790,0,2600,13100,13100,37507,35406
5791,0,6163,16663,16663,12046,35860
5792,0,1518,12018,12018,15386,35797
5793,0,24572,35139,35139,18859,13674
5794,0,21490,35576,35576,12416,39073
5795,0,6309,16809,16809,16111,12458
5796,0,5755,16255,16255,11634,18057
5797,0,5633,16133,16133,37857,14037
5798,0,8399,18899,18899,38563,13597
5799,0,21946,38561,38561,19803,13322
5800,0,7162,17662,17662,16989,35330
5801,0,21086,37492,37492,38121,38034
5802,0,24832,35605,35605,37198,38805
5803,0,1988,12488,12488,13895,35538
5804,1,9533,20033,15751,20033,16356
5805,3,7737,18237,36338,18878,13052
5806,0,517,11017,11017,38809,12403
5807,0,6160,16660,16660,16620,11104
5808,0,22391,36679,36679,13136,20071
5809,0,21387,38223,38223,13263,10989
5810,0,22335,36683,36683,15277,15091
5811,0,22203,35424,35424,35425,14850
5812,0,9607,20107,20107,11046,11605
5813,0,4456,14956,14956,14175,15795
5814,0,2761,13261,13261,37333,14664
5815,0,6481,16981,16981,17739,36251
5816,0,5911,16411,16411,35186,18616
5817,0,21323,38641,38641,39444,38810
5818,0,6547,17047,17047,12528,18046
5819,0,4855,15355,15355,37359,36601
5820,0,7644,18144,18144,14423,13262
5821,0,22257,37889,37889,14262,38594
5822,0,24417,39124,39124,17177,35872
5823,0,6358,16858,16858,37318,17635
5824,0,9741,20241,20241,36037,10971
5825,0,2438,12938,12938,13656,17162
5826,0,3765,14265,14265,35097,14878
5827,0,6432,16932,16932,14466,37517
5828,0,8643,19143,19143,12926,14006
5829,0,7846,18346,18346,20781,37909
5830,0,23794,35261,35261,17289,12552
5831,0,9665,20165,20165,37084,15690
5832,0,21679,38060,38060,36033,20591
5833,0,6340,16840,16840,13411,35552
5834,0,4821,15321,15321,35102,11658
5835,0,18,10518,10518,14303,12175
5836,0,3560,14060,14060,36147,15814
5837,0,3951,14451,14451,12059,13456
5838,0,49,10549,10549,13802,36603
5839,0,24506,39442,39442,35111,17579
5840,0,887,11387,11387,38471,20259
5841,0,6261,16761,16761,35440,37266
5842,0,7236,17736,17736,18526,14857
5843,0,6989,17489,17489,18521,15556
5844,0,6043,16543,16543,19483,35797
5845,0,8708,19208,19208,37683,38343
5846,0,3168,13668,13668,10946,20854
5847,0,2949,13449,13449,37836,18999
5848,0,1424,11924,11924,15318,35916
5849,0,139,10639,10639,11669,15187
5850,0,10116,20616,20616,18568,12476
5851,0,3197,13697,13697,36488,20702
5852,0,5131,15631,15631,36703,13584
5853,0,112,10612,10612,20101,11367
5854,0,8160,18660,18660,15424,12730
5855,0,25116,37610,37610,38923,13033
5856,0,4559,15059,15059,36071,13966
5857,0,4595,15095,15095,15189,17533
5858,0,4690,15190,15190,11178,14010
5859,0,7951,18451,18451,13791,17873
5860,0,24160,35775,35775,38334,14654
5861,0,3277,13777,13777,10598,12636
5862,0,4068,14568,14568,20667,11978
5863,0,4408,14908,14908,35126,14549
5864,0,21969,35212,35212,18051,18968
5865,0,24627,38689,38689,16446,13901
5866,0,9729,20229,20229,15597,20458
5867,0,451,10951,10951,35292,14541
5868,0,7262,17762,17762,12703,15971
5869,0,3731,14231,14231,10511,13852
5870,0,7256,17756,17756,36183,17262
5871,0,25007,38027,38027,18606,37513
5872,0,4986,15486,15486,37350,13675
5873,0,3663,14163,14163,36745,36251
5874,0,2763,13263,13263,10989,38223
5875,0,8850,19350,19350,15536,11945
5876,0,21803,35614,35614,13972,36301
5877,0,1855,12355,12355,36984,12473
5878,0,999,11499,11499,19304,14821
5879,0,389,10889,10889,18121,37599
5880,0,6426,16926,16926,39017,37389
5881,0,1476,11976,11976,37427,12634
5882,0,2240,12740,12740,11422,38437
5883,0,21163,38488,38488,37240,16020
5884,0,8112,18612,18612,38567,12562
5885,0,992,11492,11492,20976,13849
5886,0,7032,17532,17532,13135,36123
5887,0,4997,15497,15497,36067,37804
5888,0,3922,14422,14422,37213,11864
5889,0,2972,13472,13472,15408,11135
5890,0,6871,17371,17371,14197,15263
5891,0,23234,35888,35888,18970,38694
5892,0,4769,15269,15269,10694,13319
5893,0,1293,11793,11793,19914,36841
5894,0,24861,38646,38646,39290,36459
5895,0,4173,14673,14673,13715,11323
5896,0,2535,13035,13035,17285,18487
5897,0,25032,38299,38299,19312,10824
5898,0,1907,12407,12407,17218,10882
5899,0,23354,37016,37016,37891,16732
5900,0,21011,38841,38841,37830,13624
5901,0,8560,19060,19060,38374,37581
5902,0,6033,16533,16533,10687,12460
5903,0,7619,18119,18119,17523,19349
5904,0,1151,11651,11651,35340,16582
5905,0,1567,12067,12067,13898,11189
5906,0,3171,13671,13671,35157,16149
5907,0,9689,20189,20189,37577,10880
5908,0,7106,17606,17606,35599,20963
5909,0,4160,14660,14660,18730,35238
5910,0,4287,14787,14787,36730,16912
5911,0,2230,12730,12730,10808,19829
5912,0,24809,35692,35692,35358,18975
5913,0,174,10674,10674,39107,14755
5914,0,1903,12403,12403,11017,12548
5915,0,9291,19791,19791,20642,38960
5916,0,8752,19252,19252,20091,35422
5917,0,24918,35588,35588,12376,18568
5918,0,3408,13908,13908,36841,16345
5919,0,1538,12038,12038,38872,10589
5920,0,2292,12792,12792,16239,36909
5921,0,9523,20023,20023,13267,36118
5922,0,1363,11863,11863,18483,37409
5923,0,4357,14857,14857,11670,17736
5924,0,5260,15760,15760,15531,12200
5925,0,24940,35774,35774,11514,12910
5926,0,21218,39102,39102,11984,37903
5927,0,680,11180,11180,16904,35698
5928,0,25038,36427,36427,19775,18089
5929,0,3664,14164,14164,18368,13006
5930,0,1661,12161,12161,13763,38332
5931,0,508,11008,11008,38431,17354
5932,0,166,10666,10666,18104,35342
5933,0,24538,37007,37007,16666,36496
5934,0,9198,19698,19698,39418,20018
5935,0,22861,37095,37095,39502,16951
5936,0,7365,17865,17865,18609,37136
5937,0,1914,12414,12414,35680,19949
5938,0,7263,17763,17763,10782,36539
5939,0,24943,39052,39052,10545,35742
5940,0,23983,39219,39219,20405,38303
5941,0,7361,17861,17861,16727,13801
5942,0,1104,11604,11604,20821,15341
5943,0,22451,36331,36331,37985,13657
5944,0,9944,20444,20444,16298,14079
5945,0,5310,15810,15810,35182,38881
5946,0,23423,35895,35895,18104,35342
5947,0,5754,16254,16254,35634,37887
5948,0,152,10652,10652,39380,13664
5949,0,25447,38951,38951,12761,16736
5950,0,5679,16179,16179,19022,11056
5951,0,23897,38304,38304,14212,17909
5952,0,3551,14051,14051,37939,11096
5953,0,3722,14222,14222,12638,38102
5954,0,23321,35629,35629,18173,15759
5955,0,25156,37411,37411,14067,36701
5956,0,4538,15038,15038,38336,17658
5957,0,25002,36833,36833,20915,13339
5958,0,10014,20514,20514,38686,17067
5959,0,8463,18963,18963,18587,38056
5960,0,1991,12491,12491,17085,12180
5961,0,24292,37808,37808,38445,20814
5962,0,8501,19001,19001,12986,14990
5963,0,5141,15641,15641,37197,13009
5964,0,3811,14311,14311,15066,36423
5965,0,24271,37672,37672,19406,38733
5966,1,3450,13950,12705,13950,20509
5967,0,4591,15091,15091,15277,36683
5968,0,7352,17852,17852,19091,36953
5969,0,205,10705,10705,14849,14033
5970,0,9327,19827,19827,16943,35203
5971,0,6680,17180,17180,16250,16042
5972,0,2749,13249,13249,11223,12138
5973,0,8497,18997,18997,15815,10626
5974,0,1849,12349,12349,15759,12574
5975,0,24777,38201,38201,19660,19762
5976,0,10180,20680,20680,14740,20444
5977,0,3240,13740,13740,38676,18525
5978,0,24858,36479,36479,35864,19053
5979,0,3109,13609,13609,37232,17044
5980,0,10179,20679,20679,39338,37373
5981,0,5934,16434,16434,13068,16779
5982,0,21269,36857,36857,12747,11300
5983,0,5810,16310,16310,36235,12924
5984,0,8575,19075,19075,18837,15428
5985,0,5634,16134,16134,18021,15288
5986,0,4307,14807,14807,39565,11217
5987,0,3156,13656,13656,12938,20510
5988,0,6534,17034,17034,35803,37676
5989,0,21290,38314,38314,19605,39477
5990,0,21599,37628,37628,11008,38431
5991,0,21736,37013,37013,15470,38700
5992,0,8891,19391,19391,19363,18445
5993,0,3832,14332,14332,38857,13151
5994,0,24309,37662,37662,15742,14806
5995,0,4776,15276,15276,10600,11999
5996,0,7997,18497,18497,11004,19002
5997,0,4276,14776,14776,38449,12451
5998,0,21125,39217,39217,39016,38324
5999,0,23232,35229,35229,16814,16700
6000,0,22053,38993,38993,11284,19261
6001,0,278,10778,10778,38330,10942
6002,0,6771,17271,17271,19337,14586
6003,0,7415,17915,17915,14789,38078
6004,0,3252,13752,13752,12794,15565
6005,0,25297,36807,36807,39248,20782
6006,0,24034,38701,38701,20636,37538
6007,0,289,10789,10789,36533,14286
6008,0,3075,13575,13575,12052,15870
6009,0,21345,37486,37486,18097,14288
6010,0,9582,20082,20082,35235,36409
6011,0,21504,35190,35190,35539,16238
6012,0,270,10770,10770,16831,20563
6013,0,4570,15070,15070,38322,20642
6014,0,25176,39246,39246,16439,16499
6015,0,9583,20083,20083,18370,11517
6016,0,6696,17196,17196,17006,11166
6017,0,4316,14816,14816,37978,18653
6018,0,3180,13680,13680,16988,15615
6019,0,1422,11922,11922,16905,15593
6020,0,8275,18775,18775,12055,35447
6021,0,9065,19565,19565,16976,18038
6022,0,23945,36415,36415,18847,35798
6023,0,4557,15057,15057,10980,14537
6024,0,7812,18312,18312,16023,13084
6025,0,6297,16797,16797,20867,13487
6026,0,21681,38300,38300,13183,18371
6027,0,25394,36094,36094,13726,11516
6028,0,24811,39516,39516,11718,12321
6029,0,1132,11632,11632,35924,38123
6030,0,21238,35115,35115,15557,13086
6031,0,6242,16742,16742,11012,38422
6032,0,21786,35952,35952,14354,14490
6033,0,21093,38653,38653,19912,13161
6034,0,7423,17923,17923,35632,12494
6035,0,24008,38381,38381,15941,17076
6036,0,10152,20652,20652,39023,38833
6037,0,25153,35378,35378,13220,20142
6038,0,5520,16020,16020,38488,37240
6039,0,9408,19908,19908,36159,14940
6040,0,21966,37649,37649,11438,11433
6041,0,24801,35816,35816,38657,35147
6042,0,9256,19756,19756,36144,20470
6043,0,3786,14286,14286,16639,16755
6044,0,23980,35734,35734,18980,18936
6045,0,8345,18845,18845,15488,37076
6046,0,2161,12661,12661,35292,16487
6047,0,3008,13508,13508,13818,18916
6048,0,1105,11605,11605,11046,15388
6049,0,24099,35641,35641,18729,35969
6050,0,692,11192,11192,16193,11741
6051,0,23814,36324,36324,36323,15915
6052,0,4956,15456,15456,15634,37215
6053,0,8307,18807,18807,10511,18102
6054,0,4369,14869,14869,16822,17652
6055,0,2765,13265,13265,36802,15587
6056,0,3929,14429,14429,35558,12618
6057,0,21527,36021,36021,36022,38193
6058,0,21564,39501,39501,13571,38720
6059,0,7778,18278,18278,36668,36281
6060,0,22306,39452,39452,17557,11985
6061,0,628,11128,11128,35294,16685
6062,0,2451,12951,12951,20011,19531
6063,0,22446,35286,35286,19962,11897
6064,0,3824,14324,14324,11158,13759
6065,0,21639,38067,38067,38015,39302
6066,0,25005,39534,39534,20095,15034
6067,0,3743,14243,14243,10962,16362
6068,0,2176,12676,12676,17427,18550
6069,0,6689,17189,17189,10620,37755
6070,0,8858,19358,19358,14241,10528
6071,0,3318,13818,13818,17871,15609
6072,0,23701,35459,35459,16546,36584
6073,0,9653,20153,20153,15025,17437
6074,0,7432,17932,17932,10560,16132
6075,0,2787,13287,13287,35210,15689
6076,0,1196,11696,11696,39117,16302
6077,0,1676,12176,12176,37404,13106
6078,0,3947,14447,14447,18264,17492
6079,0,7618,18118,18118,12908,15587
6080,0,4444,14944,14944,38858,13541
6081,0,5722,16222,16222,38929,20910
6082,0,23185,36265,36265,38505,36029
6083,0,24828,37306,37306,12074,11177
6084,0,2369,12869,12869,17362,13097
6085,0,4967,15467,15467,35572,35773
6086,0,2217,12717,12717,39251,15018
6087,0,8148,18648,18648,12005,12167
6088,0,10410,20910,20910,18401,16736
6089,0,3326,13826,13826,35457,13139
6090,0,21809,35709,35709,35197,35766
6091,0,3583,14083,14083,37350,13675
6092,0,24410,39261,39261,19247,13211
6093,0,24544,39332,39332,38290,38289
6094,0,3619,14119,14119,17248,16015
6095,0,6217,16717,16717,13727,19772
6096,0,2468,12968,12968,20027,10958
6097,0,8277,18777,18777,19273,39441
6098,0,23413,37283,37283,20081,19369
6099,0,5973,16473,16473,11404,14770
6100,0,3667,14167,14167,12195,20451
6101,0,5158,15658,15658,36029,36342
6102,0,7594,18094,18094,18074,20506
6103,0,6976,17476,17476,20948,17482
6104,0,10211,20711,20711,15574,13146
6105,3,3423,13923,20033,16356,35776
6106,0,8199,18699,18699,17810,38807
6107,0,2409,12909,12909,18749,14523
6108,0,3212,13712,13712,16295,11159
6109,0,24768,38965,38965,18607,38028
6110,0,5366,15866,15866,36434,37997
6111,0,21181,35735,35735,19466,14356
6112,0,6593,17093,17093,36297,12355
6113,0,2895,13395,13395,19285,36190
6114,0,21159,37720,37720,12946,19242
6115,0,23726,38419,38419,19211,20436
6116,0,3642,14142,14142,15089,13901
6117,0,21186,35696,35696,10862,12439
6118,0,24110,35625,35625,18204,15742
6119,0,23316,37170,37170,13662,20911
6120,0,9475,19975,19975,17042,17791
6121,0,10193,20693,20693,10945,36229
6122,0,24281,37513,37513,11711,35737
6123,0,9061,19561,19561,12886,11971
6124,0,23340,39128,39128,10829,14035
6125,0,21484,38047,38047,19544,18486
6126,0,8548,19048,19048,39044,10740
6127,0,22579,39459,39459,16818,36240
6128,0,5451,15951,15951,39162,39272
6129,0,7160,17660,17660,39439,16559
6130,0,7866,18366,18366,10844,19182
6131,0,2743,13243,13243,36057,12068
6132,0,25203,39488,39488,16538,12439
6133,0,10082,20582,20582,39396,17397
6134,0,9797,20297,20297,16567,11453
6135,0,4958,15458,15458,37804,37707
6136,0,23389,37724,37724,35226,11474
6137,0,24698,35166,35166,20707,11020
6138,0,6474,16974,16974,18382,20601
6139,0,7888,18388,18388,20810,16640
6140,0,8811,19311,19311,39080,38522
6141,0,492,10992,10992,38360,36263
6142,0,1116,11616,11616,18777,15770
6143,0,5637,16137,16137,11593,16558
6144,0,25280,37769,37769,20536,16145
6145,0,21546,39402,39402,15477,39262
6146,0,24812,35686,35686,36310,15507
6147,0,21090,38171,38171,35796,38345
6148,0,24385,37508,37508,16486,13547
6149,0,6589,17089,17089,37099,38931
6150,1,24356,38208,11767,38208,35226
6151,0,7557,18057,18057,36938,38657
6152,0,21211,36581,36581,16995,38239
6153,0,5241,15741,15741,36149,36148
6154,0,23181,38466,38466,13655,12304
6155,0,2783,13283,13283,11668,38627
6156,0,24371,35611,35611,39489,12863
6157,0,1696,12196,12196,18702,35384
6158,0,5685,16185,16185,14323,36825
6159,0,2295,12795,12795,37597,12103
6160,0,5939,16439,16439,39042,39246
6161,0,7763,18263,18263,20134,19618
6162,0,10244,20744,20744,18092,14336
6163,0,9968,20468,20468,38551,14952
6164,0,3313,13813,13813,15730,35807
6165,0,4781,15281,15281,13964,19406
6166,0,8350,18850,18850,37984,10516
6167,0,22941,35747,35747,36570,39430
6168,0,9784,20284,20284,17255,18271
6169,0,9915,20415,20415,14705,15075
6170,0,7605,18105,18105,37501,36449
6171,0,215,10715,10715,15028,17232
6172,0,6707,17207,17207,13396,16092
6173,0,22558,36937,36937,35689,14130
6174,0,8682,19182,19182,10844,18366
6175,0,24375,38302,38302,17238,35819
6176,0,3483,13983,13983,17464,19721
6177,0,7006,17506,17506,36624,35772
6178,0,5102,15602,15602,15999,37929
6179,0,6599,17099,17099,14723,16663
6180,0,3764,14264,14264,38050,19116
6181,0,22934,36477,36477,18923,35347
6182,0,6410,16910,16910,37005,18131
6183,0,23251,35937,35937,19794,36251
6184,0,25,10525,10525,14154,15999
6185,0,24305,35195,35195,14249,18062
6186,0,7659,18159,18159,38100,35137
6187,0,21556,37671,37671,20949,18450
6188,0,9744,20244,20244,11489,37358
6189,0,24585,38406,38406,11929,20321
6190,0,22367,37522,37522,14291,35180
6191,0,6683,17183,17183,10964,39589
6192,0,9171,19671,19671,37467,37516
6193,0,10039,20539,20539,19069,35505
6194,0,21274,38869,38869,35531,18063
6195,0,8584,19084,19084,37515,39154
6196,0,22074,36159,36159,16612,39451
6197,0,22153,37482,37482,14373,10798
6198,0,21726,36085,36085,13719,12390
6199,0,21987,39072,39072,14404,38266
6200,0,23405,37002,37002,18563,14066
6201,0,1102,11602,11602,35533,10966
6202,0,3276,13776,13776,35626,39005
6203,0,5345,15845,15845,11131,11799
6204,0,25334,38216,38216,13787,36028
6205,0,21945,37795,37795,35383,14924
6206,0,8386,18886,18886,36231,13039
6207,0,8835,19335,19335,36181,13637
6208,0,22332,35464,35464,10842,14306
6209,0,23681,39582,39582,16093,19463
6210,0,2207,12707,12707,18646,13850
6211,0,4552,15052,15052,11715,19924
6212,0,4402,14902,14902,14174,13438
6213,0,7395,17895,17895,20810,14681
6214,0,3718,14218,14218,38648,16740
6215,0,972,11472,11472,14433,20796
6216,0,4579,15079,15079,37412,18184
6217,0,6516,17016,17016,20591,35481
6218,0,719,11219,11219,36474,13304
6219,0,6155,16655,16655,36511,38461
6220,0,25473,38755,38755,36425,12832
6221,0,2803,13303,13303,18785,35318
6222,0,2566,13066,13066,10608,36570
6223,0,4025,14525,14525,14086,11487
6224,0,6198,16698,16698,12251,36115
6225,0,8224,18724,18724,38247,37014
6226,0,23307,37848,37848,12422,36711
6227,0,4063,14563,14563,14663,13405
6228,0,9889,20389,20389,12564,11059
6229,0,2792,13292,13292,10872,19259
6230,0,2222,12722,12722,14310,19139
6231,0,5818,16318,16318,12662,16787
6232,0,3866,14366,14366,38367,13380
6233,0,24120,35427,35427,13660,37884
6234,0,23588,37970,37970,13425,16531
6235,0,23312,38235,38235,18000,12753
6236,0,23483,35981,35981,13090,15624
6237,0,3227,13727,13727,16717,19772
6238,0,4214,14714,14714,12700,14477
6239,0,3923,14423,14423,11457,13262
6240,0,10469,20969,20969,39328,15140
6241,0,21396,35771,35771,15245,19684
6242,0,1401,11901,11901,15045,12100
6243,0,8931,19431,19431,11129,16244
6244,0,7703,18203,18203,17864,38326
6245,0,4979,15479,15479,37909,16648
6246,0,3253,13753,13753,13463,17926
6247,0,21625,39158,39158,18260,11268
6248,0,2661,13161,13161,20280,38653
6249,0,2158,12658,12658,35853,38732
6250,0,8578,19078,19078,35511,19212
6251,0,8088,18588,18588,11169,36831
6252,0,674,11174,11174,19056,15923
6253,0,22750,35986,35986,35985,19995
6254,0,7011,17511,17511,15908,37074
6255,0,24610,35591,35591,18422,14416
6256,0,10197,20697,20697,16325,12316
6257,0,3841,14341,14341,35789,17167
6258,0,1815,12315,12315,14037,37857
6259,0,23744,38743,38743,13792,20675
6260,0,21299,39354,39354,15666,11239
6261,0,2100,12600,12600,19210,19995
6262,0,21258,37816,37816,14687,37760
6263,1,6708,17208,18166,17208,16876
6264,0,1673,12173,12173,16892,11004
6265,0,10293,20793,20793,36501,15237
6266,0,4213,14713,14713,11570,17970
6267,0,22441,35886,35886,20074,38812
6268,0,22402,35486,35486,19975,17042
6269,0,1548,12048,12048,37438,20822
6270,0,24250,37078,37078,15174,11346
6271,0,8547,19047,19047,11966,16116
6272,0,5184,15684,15684,13280,16319
6273,0,1461,11961,11961,35833,18390
6274,0,24639,38681,38681,36661,20139
6275,0,3220,13720,13720,16378,13083
6276,0,22288,37239,37239,19975,19641
6277,0,23528,38341,38341,18537,15023
6278,0,7170,17670,17670,18538,37142
6279,0,7430,17930,17930,17519,11269
6280,0,22361,38905,38905,36146,19927
6281,0,1751,12251,12251,18004,10736
6282,0,3976,14476,14476,11836,12996
6283,0,8353,18853,18853,15798,15718
6284,0,1772,12272,12272,38270,15341
6285,0,9388,19888,19888,12548,12403
6286,0,10070,20570,20570,37036,20380
6287,0,2016,12516,12516,37204,13235
6288,0,2005,12505,12505,13147,37901
6289,0,3893,14393,14393,38995,17091
6290,0,3237,13737,13737,20688,19841
6291,0,4424,14924,14924,10558,13604
6292,0,10270,20770,20770,12629,10697
6293,0,8588,19088,19088,17125,36832
6294,0,2257,12757,12757,39581,18983
6295,0,4072,14572,14572,20006,11171
6296,1,5574,16074,14232,16074,12475
6297,0,9083,19583,19583,12312,35416
6298,0,22395,38862,38862,20801,19635
6299,0,5355,15855,15855,11104,11840
6300,0,8418,18918,18918,18215,15308
6301,0,6093,16593,16593,20537,36334
6302,0,7935,18435,18435,12185,37995
6303,0,21485,36730,36730,14787,17170
6304,0,1519,12019,12019,39105,15222
6305,0,24353,36841,36841,13908,19914
6306,0,1378,11878,11878,15626,38202
6307,0,5672,16172,16172,36531,10761
6308,0,9215,19715,19715,11225,11727
6309,0,2587,13087,13087,15469,19146
6310,0,22915,39244,39244,38889,15977
6311,0,5621,16121,16121,18116,16040
6312,0,21976,36417,36417,12621,15700
6313,0,23541,36935,36935,20199,35768
6314,0,5842,16342,16342,11330,38026
6315,0,7122,17622,17622,11165,14023
6316,0,5832,16332,16332,35807,35230
6317,0,9821,20321,20321,11929,38406
6318,0,4888,15388,15388,11605,18082
6319,0,5904,16404,16404,36421,13415
6320,0,522,11022,11022,38253,11417
6321,0,8043,18543,18543,35670,10884
6322,0,3607,14107,14107,37454,18651
6323,1,9120,19620,10895,19620,17034
6324,0,234,10734,10734,14336,16356
6325,0,3796,14296,14296,14096,18480
6326,0,6318,16818,16818,39459,36319
6327,0,7094,17594,17594,13873,11355
6328,0,10202,20702,20702,36097,36488
6329,0,1948,12448,12448,19284,16129
6330,0,6361,16861,16861,18163,38019
6331,0,22562,38702,38702,12253,38696
6332,0,25395,36353,36353,37479,11560
6333,0,6091,16591,16591,11280,36805
6334,0,23798,38231,38231,12014,15672
6335,0,2224,12724,12724,12249,19880
6336,0,9298,19798,19798,18332,18366
6337,0,24595,38167,38167,14832,15432
6338,0,9010,19510,19510,20196,11733
6339,0,5571,16071,16071,18279,19594
6340,0,4523,15023,15023,38962,14922
6341,0,5793,16293,16293,35190,35539
6342,0,25217,38999,38999,13205,17547
6343,0,5738,16238,16238,35375,18335
6344,0,2624,13124,13124,11633,20230
6345,0,4728,15228,15228,38233,17892
6346,0,7818,18318,18318,38467,11211
6347,0,8859,19359,19359,13052,12189
6348,0,23901,39470,39470,16029,38500
6349,0,23759,38278,38278,17735,15310
6350,0,9080,19580,19580,14405,38527
6351,0,25251,35736,35736,38522,38996
6352,0,2437,12937,12937,12347,13013
6353,0,6056,16556,16556,38168,18938
6354,0,9009,19509,19509,19750,36532
6355,0,6352,16852,16852,18221,38259
6356,0,22786,35127,35127,36777,35965
6357,0,3167,13667,13667,14467,14218
6358,0,1809,12309,12309,39350,19912
6359,0,22946,36725,36725,17034,20592
6360,0,7161,17661,17661,36667,14366
6361,0,9456,19956,19956,15074,19745
6362,0,5086,15586,15586,18015,10852
6363,0,24492,36668,36668,18278,14435
6364,0,7016,17516,17516,17851,18048
6365,0,23110,36268,36268,11530,16235
6366,0,4945,15445,15445,15924,17847
6367,0,6046,16546,16546,35459,16664
6368,0,24354,39033,39033,20828,12163
6369,0,23832,38493,38493,16589,19133
6370,0,6919,17419,17419,35928,38352
6371,0,5590,16090,16090,11860,37917
6372,0,7226,17726,17726,39348,20860
6373,0,1228,11728,11728,38458,14840
6374,0,23652,38180,38180,12528,37023
6375,0,6846,17346,17346,17753,15455
6376,0,8244,18744,18744,15664,10572
6377,0,25406,39286,39286,16162,17710
6378,0,6555,17055,17055,11127,17557
6379,0,159,10659,10659,16836,12653
6380,0,8851,19351,19351,15292,37343
6381,0,9779,20279,20279,38736,37178
6382,0,1589,12089,12089,36174,18899
6383,0,24997,39358,39358,15793,20187
6384,0,25328,38830,38830,20021,35323
6385,0,24125,38807,38807,39307,38165
6386,0,21061,38601,38601,15878,15991
6387,0,6687,17187,17187,37632,11379
6388,0,21120,38616,38616,14990,14595
6389,0,22202,35864,35864,19053,36479
6390,1,25001,35170,18828,35170,12811
6391,0,24413,36462,36462,15955,17968
6392,0,7480,17980,17980,17067,20514
6393,0,23034,38496,38496,38009,16703
6394,0,1556,12056,12056,19428,17757
6395,0,2828,13328,13328,17801,15852
6396,0,436,10936,10936,39140,37629
6397,0,5789,16289,16289,17858,36293
6398,0,21693,36818,36818,10942,10695
6399,0,1588,12088,12088,19664,39489
6400,0,7398,17898,17898,19395,35236
6401,0,2780,13280,13280,15684,16319
6402,0,21045,38072,38072,18876,35890
6403,0,9242,19742,19742,20168,17162
6404,0,5686,16186,16186,11729,17443
6405,0,3965,14465,14465,14987,12127
6406,0,4727,15227,15227,11811,13930
6407,0,9165,19665,19665,12719,14943
6408,0,1238,11738,11738,20700,39517
6409,0,2951,13451,13451,35329,19181
6410,0,24876,35128,35128,18239,17009
6411,0,21491,35522,35522,17838,16347
6412,0,23497,37322,37322,15424,11351
6413,0,23697,38403,38403,14858,37765
6414,0,1497,11997,11997,17129,36614
6415,0,6465,16965,16965,14590,13091
6416,0,7355,17855,17855,12659,36799
6417,0,7823,18323,18323,39250,12477
6418,0,7547,18047,18047,17051,37398
6419,0,7913,18413,18413,16253,13230
6420,0,24242,35208,35208,15237,36501
6421,0,23698,37435,37435,38530,10606
6422,0,5185,15685,15685,39204,16435
6423,0,5647,16147,16147,19471,11880
6424,0,23444,38694,38694,18970,11670
6425,0,5242,15742,15742,37662,14806
6426,0,2130,12630,12630,11744,14511
6427,0,2092,12592,12592,35226,12265
6428,0,5409,15909,15909,37209,20820
6429,0,10207,20707,20707,35166,11020
6430,0,187,10687,10687,37953,35371
6431,0,22121,35810,35810,20140,12703
6432,0,7938,18438,18438,19524,20985
6433,0,3655,14155,14155,18452,17958
6434,0,3426,13926,13926,39362,14732
6435,0,25226,36561,36561,13420,15304
6436,0,1381,11881,11881,36535,37533
6437,0,22763,36287,36287,38569,35162
6438,0,8605,19105,19105,12211,20677
6439,0,7427,17927,17927,35874,15280
6440,0,5037,15537,15537,15714,37568
6441,0,4897,15397,15397,13502,19778
6442,0,3175,13675,13675,15486,14652
6443,0,22907,37722,37722,11397,37723
6444,0,22410,36540,36540,16488,35643
6445,0,8448,18948,18948,19499,38308
6446,0,23228,39445,39445,14949,16145
6447,0,22438,39023,39023,20652,38833
6448,0,2235,12735,12735,11119,16166
6449,0,8068,18568,18568,20616,12476
6450,0,9959,20459,20459,11835,20587
6451,0,4236,14736,14736,14935,15069
6452,0,21254,38860,38860,10776,15099
6453,0,25400,38506,38506,17949,38017
6454,0,9764,20264,20264,35456,37975
6455,0,24,10524,10524,36055,13343
6456,0,3363,13863,13863,10901,11387
6457,0,1088,11588,11588,16817,12026
6458,0,21403,35480,35480,14896,20111
6459,0,8733,19233,19233,37336,12043
6460,0,22647,38334,38334,11943,36143
6461,0,2841,13341,13341,18791,39221
6462,0,23466,35097,35097,14265,10706
6463,0,7537,18037,18037,16238,20367
6464,0,7470,17970,17970,11889,38113
6465,0,25196,39455,39455,17799,36682
6466,0,4152,14652,14652,15486,13675
6467,0,9501,20001,20001,16497,36933
6468,0,695,11195,11195,19967,16987
6469,0,24654,38370,38370,35693,13321
6470,0,6337,16837,16837,18688,17341
6471,0,1227,11727,11727,19715,18781
6472,0,1999,12499,12499,16906,20969
6473,0,276,10776,10776,38860,35717
6474,0,24122,35978,35978,14270,35463
6475,0,5929,16429,16429,16110,36169
6476,0,2953,13453,13453,36797,20974
6477,0,3637,14137,14137,17765,12298
6478,0,3906,14406,14406,19611,20498
6479,0,4778,15278,15278,17779,37335
6480,0,5845,16345,16345,19794,13908
6481,0,24695,39140,39140,10936,37456
6482,0,4117,14617,14617,19587,37720
6483,0,21272,35939,35939,37813,17811
6484,0,1137,11637,11637,10981,10912
6485,0,2767,13267,13267,17744,20023
6486,0,8182,18682,18682,37498,12744
6487,0,22242,36842,36842,11161,14056
6488,0,25252,36473,36473,36170,39277
6489,0,7661,18161,18161,17410,19654
6490,0,9134,19634,19634,19706,19207
6491,0,25278,35728,35728,37681,14728
6492,0,2490,12990,12990,18095,13481
6493,0,21119,39118,39118,20625,17011
6494,0,7742,18242,18242,20671,38536
6495,0,3935,14435,14435,12392,36281
6496,0,2384,12884,12884,36162,18550
6497,0,8016,18516,18516,37993,13540
6498,0,7084,17584,17584,19221,13571
6499,0,115,10615,10615,36965,12400
6500,0,1863,12363,12363,18851,16920
6501,0,23514,35344,35344,38255,20970
6502,0,3119,13619,13619,39437,14863
6503,0,4258,14758,14758,12164,37135
6504,0,22021,38447,38447,15266,20650
6505,0,24589,37280,37280,36535,37533
6506,0,2819,13319,13319,10933,39571
6507,0,22233,36012,36012,17797,36272
6508,0,25398,35836,35836,11004,18148
6509,0,23843,38232,38232,15611,17056
6510,0,4699,15199,15199,19290,36543
6511,0,3802,14302,14302,36367,11226
6512,0,6068,16568,16568,11417,13314
6513,0,3536,14036,14036,20377,15962
6514,0,3825,14325,14325,16519,17150
6515,0,6642,17142,17142,20082,36409
6516,0,21793,37562,37562,13226,16564
6517,0,1946,12446,12446,17567,36815
6518,0,24708,37690,37690,39549,13566
6519,0,22894,36023,36023,11162,17955
6520,0,24798,37090,37090,18350,36097
6521,0,9802,20302,20302,38000,37583
6522,0,7269,17769,17769,16825,15661
6523,0,21978,36280,36280,16381,20446
6524,0,7929,18429,18429,20923,12352
6525,0,7166,17666,17666,19883,12039
6526,0,6963,17463,17463,12035,37420
6527,0,5867,16367,16367,16629,19775
6528,0,23501,35453,35453,35372,36545
6529,0,4761,15261,15261,16200,36738
6530,0,10386,20886,20886,14718,19245
6531,0,882,11382,11382,36009,11709
6532,0,557,11057,11057,16730,15275
6533,0,21914,36747,36747,10722,14881
6534,0,1207,11707,11707,35296,17915
6535,0,22229,37984,37984,13602,18850
6536,0,7684,18184,18184,37850,37979
6537,0,21719,36170,36170,36473,35285
6538,0,9702,20202,20202,38510,17363
6539,0,6538,17038,17038,19562,17541
6540,0,10485,20985,20985,38768,10646
6541,0,3211,13711,13711,11167,14223
6542,0,3630,14130,14130,16510,11282
6543,0,1708,12208,12208,20345,19448
6544,0,21859,36958,36958,37351,13238
6545,0,8458,18958,18958,16015,18536
6546,0,1140,11640,11640,35786,36008
6547,0,3162,13662,13662,11213,20911
6548,0,6207,16707,16707,35619,16115
6549,0,21523,37213,37213,14422,11864
6550,0,3730,14230,14230,36942,17483
6551,0,10101,20601,20601,35108,19151
6552,0,21903,36168,36168,16007,12514
6553,0,2660,13160,13160,38023,18720
6554,0,8848,19348,19348,38365,35196
6555,0,1307,11807,11807,36020,17280
6556,0,2567,13067,13067,17046,38175
6557,0,9190,19690,19690,17536,37310
6558,0,2834,13334,13334,13703,14843
6559,0,25152,38952,38952,18983,18600
6560,0,9429,19929,19929,17994,19431
6561,0,2151,12651,12651,19556,13377
6562,0,25009,36277,36277,15031,19735
6563,0,3835,14335,14335,12430,36459
6564,0,24503,39136,39136,17499,13370
6565,0,25181,36072,36072,36071,36597
6566,0,23806,36905,36905,38458,10843
6567,0,10378,20878,20878,38809,36910
6568,0,9326,19826,19826,11832,13005
6569,0,5004,15504,15504,35596,16305
6570,0,6626,17126,17126,38315,15277
6571,0,9495,19995,19995,10812,38630
6572,0,1627,12127,12127,13073,14465
6573,0,24668,39079,39079,15470,37013
6574,0,9714,20214,20214,18054,12390
6575,0,23801,39307,39307,38165,35187
6576,0,358,10858,10858,19270,11260
6577,0,138,10638,10638,20576,36851
6578,0,8491,18991,18991,37892,14636
6579,0,9748,20248,20248,14211,38558
6580,0,382,10882,10882,18333,12705
6581,0,24334,39587,39587,37859,36834
6582,0,4857,15357,15357,38713,17968
6583,0,24114,38544,38544,36512,12264
6584,0,1439,11939,11939,14727,12673
6585,0,9569,20069,20069,39175,15463
6586,0,946,11446,11446,12876,17181
6587,0,21381,37014,37014,11746,12077
6588,0,5498,15998,15998,18173,16963
6589,0,4916,15416,15416,20572,14432
6590,0,8556,19056,19056,11174,15923
6591,0,23382,35507,35507,38225,10996
6592,0,1932,12432,12432,19541,16067
6593,0,2352,12852,12852,37304,36036
6594,0,3236,13736,13736,16235,36268
6595,0,9493,19993,19993,39519,39397
6596,0,21260,37330,37330,13614,11179
6597,0,3807,14307,14307,20626,36035
6598,0,23020,38405,38405,14827,18878
6599,0,1936,12436,12436,36942,15714
6600,0,22292,39323,39323,18230,10642
6601,0,4154,14654,14654,35988,35775
6602,0,8988,19488,19488,13732,20252
6603,0,2416,12916,12916,18528,17013
6604,0,22830,36054,36054,35196,13441
6605,0,6139,16639,16639,37687,12545
6606,0,785,11285,11285,18860,17664
6607,0,6789,17289,17289,35261,36213
6608,0,8036,18536,18536,16168,18958
6609,0,8315,18815,18815,35296,15133
6610,0,23017,38797,38797,14517,19188
6611,2,5668,16168,17248,20952,16168
6612,0,2172,12672,12672,16242,16804
6613,0,2169,12669,12669,11110,35416
6614,0,6628,17128,17128,13626,11802
6615,0,4009,14509,14509,39421,19163
6616,0,4340,14840,14840,14810,19321
6617,0,910,11410,11410,19627,10512
6618,0,6268,16768,16768,37929,13541
6619,0,2309,12809,12809,18915,19525
6620,0,10033,20533,20533,18322,35226
6621,0,9449,19949,19949,35383,35680
6622,0,6591,17091,17091,15854,19289
6623,0,4458,14958,14958,17362,36384
6624,0,7597,18097,18097,37486,13690
6625,0,9370,19870,19870,16255,11634
6626,0,24781,36106,36106,20035,17635
6627,0,22556,38602,38602,20286,15793
6628,0,4652,15152,15152,19682,19794
6629,0,6218,16718,16718,36824,20647
6630,0,442,10942,10942,36818,10778
6631,0,3415,13915,13915,36257,18258
6632,0,9591,20091,20091,19252,11386
6633,0,23117,37711,37711,36895,18386
6634,0,24992,36071,36071,36072,16084
6635,0,9649,20149,20149,17305,13811
6636,0,22566,38937,38937,38964,38785
6637,0,5744,16244,16244,35743,35343
6638,0,1054,11554,11554,19498,15126
6639,0,22268,37678,37678,19876,16417
6640,0,3699,14199,14199,13159,12221
6641,0,929,11429,11429,13544,12762
6642,0,6468,16968,16968,16253,11528
6643,0,8767,19267,19267,36359,11509
6644,0,1829,12329,12329,13761,38674
6645,0,25266,38351,38351,35218,12360
6646,0,23428,36177,36177,36674,18838
6647,0,21077,36786,36786,11459,37470
6648,0,2011,12511,12511,37312,16629
6649,4,913,11413,19248,36284,15606
6650,0,7611,18111,18111,19543,14283
6651,0,22792,36928,36928,36420,17053
6652,0,25055,36132,36132,12666,19171
6653,0,2606,13106,13106,20720,12176
6654,0,4928,15428,15428,18499,36274
6655,0,9783,20283,20283,35365,14043
6656,0,6564,17064,17064,37033,39202
6657,0,23972,36789,36789,20109,18654
6658,0,6,10506,10506,17449,18504
6659,0,7835,18335,18335,16238,18550
6660,0,6583,17083,17083,38144,13216
6661,0,3361,13861,13861,13868,36978
6662,0,10135,20635,20635,12044,38781
6663,0,23119,36272,36272,10532,20903
6664,0,1635,12135,12135,19886,15441
6665,0,1141,11641,11641,13003,39467
6666,0,21822,37685,37685,18044,37062
6667,0,359,10859,10859,36929,11364
6668,0,2070,12570,12570,36581,17613
6669,0,3134,13634,13634,18665,15894
6670,0,5160,15660,15660,39188,18653
6671,0,6990,17490,17490,38799,11533
6672,0,3243,13743,13743,19377,11069
6673,0,2242,12742,12742,14424,12608
6674,0,1474,11974,11974,10665,16006
6675,0,22166,37472,37472,13567,38957
6676,0,10081,20581,20581,16620,16660
6677,0,3259,13759,13759,11158,14324
6678,0,10213,20713,20713,38066,35223
6679,0,4020,14520,14520,35505,15096
6680,0,24591,37847,37847,36464,36029
6681,0,8566,19066,19066,19972,12401
6682,0,3500,14000,14000,35610,38415
6683,0,2658,13158,13158,18367,14999
6684,0,24525,37264,37264,35664,15198
6685,0,1130,11630,11630,36538,12259
6686,0,23613,38380,38380,37588,38825
6687,0,1819,12319,12319,18483,15735
6688,0,7461,17961,17961,39070,12190
6689,0,24152,36342,36342,14052,12687
6690,0,22212,36302,36302,12760,18829
6691,0,23536,36825,36825,37351,20504
6692,0,7064,17564,17564,35553,20817
6693,0,4318,14818,14818,13103,16152
6694,0,9342,19842,19842,14582,35711
6695,0,4669,15169,15169,38310,14057
6696,0,9428,19928,19928,13080,19369
6697,0,5476,15976,15976,17785,20283
6698,0,25404,39350,39350,12309,17688
6699,0,24496,37755,37755,19049,37164
6700,0,1856,12356,12356,12497,17288
6701,0,2282,12782,12782,13058,15495
6702,0,21776,38753,38753,13512,14612
6703,0,4008,14508,14508,12830,14185
6704,0,6401,16901,16901,12338,12278
6705,0,21634,39485,39485,36360,14994
6706,0,22657,39346,39346,36076,36077
6707,0,386,10886,10886,37100,15473
6708,0,1628,12128,12128,20307,38658
6709,0,21519,35500,35500,18378,39117
6710,0,22572,36055,36055,13343,10524
6711,0,24634,37224,37224,12500,20357
6712,0,21175,38588,38588,16826,16172
6713,0,7718,18218,18218,38010,19206
6714,0,24497,36099,36099,38667,15835
6715,1,21060,39548,16602,39548,17259
6716,0,9101,19601,19601,18635,13837
6717,0,21730,37894,37894,12228,15126
6718,0,10058,20558,20558,20695,14925
6719,0,1842,12342,12342,35323,38830
6720,0,2497,12997,12997,39222,38895
6721,0,201,10701,10701,13599,13121
6722,0,24083,36626,36626,16083,20158
6723,0,3868,14368,14368,14279,12797
6724,0,5054,15554,15554,16538,17085
6725,0,5889,16389,16389,38993,19261
6726,0,2702,13202,13202,39464,13412
6727,0,7922,18422,18422,35591,16963
6728,0,331,10831,10831,18369,37890
6729,0,3808,14308,14308,10865,16941
6730,0,935,11435,11435,35135,20661
6731,0,24370,35245,35245,15067,37329
6732,0,1774,12274,12274,20185,10731
6733,0,25242,38254,38254,14982,17772
6734,0,8611,19111,19111,11807,17280
6735,0,24601,35472,35472,18469,17983
6736,0,24553,38321,38321,37170,12806
6737,0,989,11489,11489,20244,14331
6738,0,5443,15943,15943,16238,18335
6739,0,21289,37088,37088,15619,13938
6740,0,6993,17493,17493,17759,17107
6741,0,21981,38335,38335,19168,12226
6742,0,5806,16306,16306,20221,17498
6743,0,24682,37704,37704,17945,38522
6744,0,21379,37652,37652,20228,38967
6745,0,6574,17074,17074,37869,37170
6746,0,3052,13552,13552,39239,14871
6747,0,23270,37555,37555,11354,37554
6748,0,8365,18865,18865,13060,12029
6749,0,4615,15115,15115,36936,14034
6750,0,3321,13821,13821,16209,12517
6751,0,24631,39216,39216,12146,38037
6752,0,6246,16746,16746,11860,16090
6753,0,6048,16548,16548,35871,10986
6754,0,3311,13811,13811,38778,19681
6755,0,24436,37323,37323,10628,35862
6756,0,25295,36376,36376,19166,14789
6757,0,25300,38670,38670,17141,16804
6758,0,22892,35790,35790,13238,37775
6759,0,8210,18710,18710,18469,19495
6760,0,3628,14128,14128,14812,16839
6761,0,25102,37892,37892,35466,14636
6762,0,10366,20866,20866,19369,20081
6763,0,1356,11856,11856,36826,20739
6764,0,5002,15502,15502,12112,36526
6765,0,23348,36228,36228,36964,12779
6766,0,5823,16323,16323,12193,17573
6767,0,23172,38854,38854,16416,20837
6768,0,5670,16170,16170,18353,36617
6769,0,3112,13612,13612,15957,19376
6770,0,182,10682,10682,17601,15991
6771,0,24473,37886,37886,10840,18895
6772,0,10004,20504,20504,14088,38179
6773,0,855,11355,11355,17594,13873
6774,0,21339,37231,37231,17791,19975
6775,0,4912,15412,15412,18522,15767
6776,0,24959,37403,37403,38969,16253
6777,0,1800,12300,12300,12200,13648
6778,0,24416,38486,38486,14193,17348
6779,0,24211,35215,35215,14638,11538
6780,0,5482,15982,15982,35206,14704
6781,0,22788,37086,37086,36094,13726
6782,0,1968,12468,12468,37421,14473
6783,0,25105,37077,37077,14459,11050
6784,0,24123,36797,36797,13453,14201
6785,0,4697,15197,15197,12373,13202
6786,0,4987,15487,15487,15893,20612
6787,0,4650,15150,15150,17573,16323
6788,0,1159,11659,11659,11083,38157
6789,0,9405,19905,19905,19142,36515
6790,0,24052,36191,36191,19466,11695
6791,0,1325,11825,11825,37434,17065
6792,0,10288,20788,20788,36758,15573
6793,0,21678,37745,37745,11207,35495
6794,0,4796,15296,15296,36186,19662
6795,0,6796,17296,17296,14547,18783
6796,0,5808,16308,16308,11773,16491
6797,0,21246,39399,39399,15131,11486
6798,0,1455,11955,11955,13610,12675
6799,0,5410,15910,15910,37118,14537
6800,0,8333,18833,18833,16905,11922
6801,0,2800,13300,13300,39293,18332
6802,0,9836,20336,20336,38350,39240
6803,0,10332,20832,20832,15192,37041
6804,0,7616,18116,18116,16121,16732
6805,0,23279,38024,38024,11551,36459
6806,0,7815,18315,18315,15431,38657
6807,0,4378,14878,14878,12894,17966
6808,0,8921,19421,19421,18428,19923
6809,0,21449,36504,36504,35535,37636
6810,0,6716,17216,17216,20045,20683
6811,0,10128,20628,20628,17031,13417
6812,0,3736,14236,14236,16366,36180
6813,0,2261,12761,12761,12399,38951
6814,0,7429,17929,17929,14704,14060
6815,0,4005,14505,14505,11292,37199
6816,0,9302,19802,19802,37382,35747
6817,0,22814,38088,38088,16218,19967
6818,0,21155,35784,35784,13220,37741
6819,0,2394,12894,12894,14878,12604
6820,0,1185,11685,11685,39064,19985
6821,0,2007,12507,12507,12526,11223
6822,0,193,10693,10693,16969,38602
6823,0,21549,37956,37956,16842,12281
6824,0,8770,19270,19270,10858,37503
6825,0,5525,16025,16025,12482,16579
6826,0,771,11271,11271,11418,36150
6827,0,22593,35181,35181,18797,16719
6828,0,1478,11978,11978,14568,20667
6829,0,1846,12346,12346,35724,18283
6830,0,3740,14240,14240,13603,39502
6831,0,22903,37203,37203,17829,20696
6832,0,7986,18486,18486,38047,19544
6833,0,405,10905,10905,11854,16640
6834,0,21483,38904,38904,36154,12745
6835,0,10265,20765,20765,11834,17785
6836,0,10088,20588,20588,14033,37384
6837,0,25193,37418,37418,16445,20100
6838,0,6317,16817,16817,12026,11588
6839,0,6581,17081,17081,20717,35847
6840,0,24617,35165,35165,35102,35907
6841,0,1447,11947,11947,12989,38800
6842,0,342,10842,10842,35464,19591
6843,0,7468,17968,17968,39309,15357
6844,0,21944,38644,38644,35113,36748
6845,0,24562,35313,35313,19052,19908
6846,0,727,11227,11227,14472,11857
6847,0,4577,15077,15077,18234,13889
6848,0,9168,19668,19668,10678,10545
6849,0,9250,19750,19750,13285,19509
6850,0,3516,14016,14016,13518,38121
6851,0,24333,37936,37936,16055,10698
6852,0,22997,36681,36681,35807,11392
6853,0,7156,17656,17656,11829,38015
6854,0,7851,18351,18351,15609,13196
6855,0,10178,20678,20678,14011,17191
6856,0,9491,19991,19991,36834,16982
6857,0,1348,11848,11848,20962,36494
6858,0,660,11160,11160,10658,17040
6859,0,1492,11992,11992,17813,19058
6860,0,21232,36863,36863,18012,35800
6861,0,23189,37383,37383,15817,18142
6862,0,5154,15654,15654,35767,18192
6863,0,22875,35101,35101,16333,19320
6864,0,9885,20385,20385,16373,35700
6865,0,21652,39175,39175,20069,19036
6866,0,9277,19777,19777,37524,13312
6867,0,2524,13024,13024,11203,11480
6868,0,25091,36129,36129,37402,14665
6869,0,23048,37298,37298,19614,11357
6870,0,5374,15874,15874,38576,18215
6871,0,3198,13698,13698,16983,13172
6872,0,5717,16217,16217,10624,38844
6873,0,24053,35999,35999,19639,11662
6874,0,22911,38251,38251,10986,18517
6875,0,21235,36913,36913,15271,37743
6876,0,8259,18759,18759,20098,19272
6877,0,24409,36997,36997,17738,19307
6878,0,40,10540,10540,16188,12690
6879,0,10461,20961,20961,11189,16762
6880,0,23997,37165,37165,17963,36491
6881,0,21191,36196,36196,12563,15186
6882,0,25377,37857,37857,17483,14037
6883,0,6816,17316,17316,14479,38034
6884,0,24932,35153,35153,15376,11771
6885,0,22583,36102,36102,13402,11456
6886,0,21353,36817,36817,13355,12372
6887,0,21446,35298,35298,16104,16136
6888,0,2723,13223,13223,18550,16077
6889,0,24302,38382,38382,38888,11496
6890,0,24685,37452,37452,20292,36791
6891,0,9335,19835,19835,10807,10523
6892,6,21537,39196,39539,39165,18237
6893,0,7155,17655,17655,20660,17582
6894,0,22069,36097,36097,18350,37090
6895,0,21642,38435,38435,13644,37232
6896,0,24424,36358,36358,13932,16462
6897,0,7230,17730,17730,18531,17168
6898,0,10412,20912,20912,17173,36990
6899,0,5075,15575,15575,15909,19895
6900,0,22150,35117,35117,36823,16721
6901,0,7880,18380,18380,37774,20199
6902,0,5394,15894,15894,10812,12540
6903,0,9641,20141,20141,17138,14993
6904,0,22112,37420,37420,17463,19087
6905,0,7789,18289,18289,36675,10502
6906,0,24188,38611,38611,37543,15113
6907,0,4088,14588,14588,16234,11572
6908,0,1967,12467,12467,38017,35763
6909,0,22135,38083,38083,16785,36334
6910,0,22324,37806,37806,14500,15068
6911,0,22469,38988,38988,18859,36885
6912,0,6999,17499,17499,13370,39136
6913,0,423,10923,10923,18839,18899
6914,0,23410,38507,38507,17272,15969
6915,0,10096,20596,20596,36851,37390
6916,0,25356,38858,38858,14944,37901
6917,0,23031,37456,37456,10678,39140
6918,0,6142,16642,16642,14365,37412
6919,0,5661,16161,16161,39577,12700
6920,0,9031,19531,19531,17878,14374
6921,0,4596,15096,15096,39077,10902
6922,0,2659,13159,13159,14199,10883
6923,0,141,10641,10641,19567,18254
6924,0,2597,13097,13097,19469,20170
6925,0,6701,17201,17201,20929,16874
6926,0,1377,11877,11877,13997,18417
6927,0,3674,14174,14174,14902,17641
6928,0,9658,20158,20158,36626,16083
6929,0,21648,39439,39439,19238,17660
6930,0,6362,16862,16862,15851,35790
6931,0,23525,39143,39143,36956,38252
6932,0,4741,15241,15241,19464,16128
6933,0,1138,11638,11638,19596,15896
6934,0,10449,20949,20949,37671,36150
6935,0,7374,17874,17874,14988,19819
6936,0,1787,12287,12287,36247,19964
6937,0,23061,36623,36623,20614,12085
6938,0,4646,15146,15146,35638,39171
6939,0,7568,18068,18068,12877,39436
6940,0,459,10959,10959,19935,17378
6941,0,6115,16615,16615,20325,12212
6942,0,8179,18679,18679,19272,39285
6943,0,948,11448,11448,39330,14516
6944,0,9528,20028,20028,14991,38432
6945,0,6370,16870,16870,19367,18230
6946,0,4628,15128,15128,37448,14865
6947,0,7358,17858,17858,16289,37439
6948,0,5925,16425,16425,35397,16906
6949,0,6040,16540,16540,10812,12129
6950,0,441,10941,10941,14965,16774
6951,0,6659,17159,17159,17702,17276
6952,0,9794,20294,20294,38767,12326
6953,0,10430,20930,20930,16839,14128
6954,0,8831,19331,19331,16367,16629
6955,0,9046,19546,19546,12429,35779
6956,0,3830,14330,14330,35359,16865
6957,0,22463,38695,38695,16897,10769
6958,0,6144,16644,16644,11141,15089
6959,0,25019,38181,38181,15163,20097
6960,0,6344,16844,16844,14522,20533
6961,0,23111,37027,37027,35248,16102
6962,0,1958,12458,12458,16111,16809
6963,0,9262,19762,19762,10544,38769
6964,0,155,10655,10655,20502,18283
6965,0,10487,20987,20987,11912,18025
6966,0,22604,36525,36525,16636,16188
6967,0,4578,15078,15078,11495,13589
6968,0,1089,11589,11589,14732,20814
6969,0,6049,16549,16549,17604,36594
6970,0,24567,35726,35726,14250,18930
6971,0,22037,38337,38337,36794,10612
6972,0,9122,19622,19622,14923,36459
6973,0,7950,18450,18450,19775,18089
6974,0,23570,35695,35695,35650,39518
6975,0,1674,12174,12174,12224,15105
6976,0,6763,17263,17263,38911,38979
6977,0,23473,37153,37153,36388,14275
6978,0,6416,16916,16916,17048,38248
6979,0,23753,38939,38939,12388,14382
6980,0,24830,36033,36033,35755,10949
6981,0,2326,12826,12826,17237,12355
6982,0,7096,17596,17596,39559,16854
6983,0,23355,37595,37595,37994,14413
6984,0,23395,36374,36374,16353,13564
6985,0,6450,16950,16950,11231,14325
6986,0,23930,38530,38530,35756,36856
6987,0,1715,12215,12215,18617,38693
6988,0,9890,20390,20390,10771,17689
6989,0,9172,19672,19672,16881,37495
6990,0,8381,18881,18881,13209,19857
6991,0,9433,19933,19933,12251,11281
6992,0,3831,14331,14331,11489,37358
6993,0,6299,16799,16799,38528,11731
6994,0,3348,13848,13848,10975,17740
6995,0,22614,38877,38877,11117,36297
6996,0,9177,19677,19677,14721,16005
6997,0,10013,20513,20513,17116,20709
6998,0,587,11087,11087,13068,15776
6999,0,9346,19846,19846,20957,14150
7000,0,21197,35558,35558,14429,35945
7001,0,24509,38881,38881,15810,14764
7002,0,10091,20591,20591,36431,18259
7003,0,2990,13490,13490,12145,20209
7004,0,22235,38528,38528,17780,19058
7005,0,23151,36425,36425,38755,12832
7006,0,22424,37906,37906,36079,11757
7007,0,9587,20087,20087,12751,14823
7008,0,264,10764,10764,17986,19543
7009,0,22944,37247,37247,12265,38065
7010,0,6788,17288,17288,19642,12356
7011,0,21748,38902,38902,36534,17041
7012,0,24715,37361,37361,10796,17748
7013,0,10131,20631,20631,13835,19394
7014,0,3864,14364,14364,13705,13716
7015,0,10435,20935,20935,18855,39253
7016,0,24472,35186,35186,16411,19746
7017,0,6274,16774,16774,10941,14965
7018,0,24167,37614,37614,13964,13561
7019,0,25081,39298,39298,19511,15822
7020,0,3711,14211,14211,20248,38558
7021,0,8438,18938,18938,16556,13952
7022,0,9786,20286,20286,15793,38602
7023,0,1529,12029,12029,18865,19862
7024,0,21897,36887,36887,17277,20154
7025,0,923,11423,11423,38889,36676
7026,0,23715,37392,37392,38123,17279
7027,0,7329,17829,17829,37203,20696
7028,0,4364,14864,14864,35467,15409
7029,0,669,11169,11169,18820,36658
7030,0,3604,14104,14104,37056,13441
7031,0,5108,15608,15608,20192,17922
7032,0,10102,20602,20602,13212,15749
7033,0,23323,38114,38114,20518,11809
7034,0,5248,15748,15748,11740,39155
7035,0,7183,17683,17683,16305,11849
7036,0,23665,35482,35482,12073,16904
7037,0,2591,13091,13091,14590,14227
7038,0,5906,16406,16406,15320,13824
7039,0,9973,20473,20473,11282,16510
7040,1,6509,17009,18239,17009,35128
7041,0,24411,35799,35799,16296,18809
7042,0,7133,17633,17633,18206,19137
7043,0,2307,12807,12807,18731,19253
7044,0,8804,19304,19304,11499,14821
7045,0,3690,14190,14190,15335,37332
7046,0,687,11187,11187,15399,36996
7047,0,612,11112,11112,17281,37427
7048,0,7167,17667,17667,16767,18084
7049,0,24950,36420,36420,36928,17053
7050,0,3200,13700,13700,36221,12542
7051,0,10459,20959,20959,11830,10739
7052,0,21765,35762,35762,12412,15578
7053,0,6629,17129,17129,11997,19995
7054,0,4135,14635,14635,16461,38798
7055,0,1898,12398,12398,15322,13602
7056,0,282,10782,10782,13439,17763
7057,0,258,10758,10758,11742,36659
7058,0,25155,35710,35710,38354,14966
7059,0,21714,39444,39444,38810,38641
7060,0,4943,15443,15443,37391,13238
7061,0,2822,13322,13322,16045,38561
7062,0,24049,36125,36125,16744,18466
7063,0,3525,14025,14025,13796,11088
7064,0,22732,39087,39087,12527,37463
7065,0,5223,15723,15723,19843,36027
7066,0,2285,12785,12785,19861,16226
7067,0,6063,16563,16563,12428,19012
7068,0,8078,18578,18578,17063,19852
7069,0,4654,15154,15154,11620,17037
7070,0,5000,15500,15500,12568,11442
7071,0,6710,17210,17210,35763,37463
7072,0,22381,38594,38594,37889,16712
7073,0,8676,19176,19176,36045,18048
7074,0,10403,20903,20903,11661,17843
7075,0,5416,15916,15916,13301,11278
7076,0,475,10975,10975,12929,13848
7077,0,2555,13055,13055,18698,12137
7078,0,8087,18587,18587,18963,18074
7079,0,7,10507,10507,36171,36339
7080,0,6411,16911,16911,38935,36057
7081,0,23470,38350,38350,15811,20336
7082,0,25378,37975,37975,20264,38697
7083,0,5546,16046,16046,37371,17674
7084,0,2426,12926,12926,35812,19143
7085,0,6744,17244,17244,14330,38995
7086,0,10006,20506,20506,18094,10591
7087,0,25093,39042,39042,16439,17831
7088,0,2274,12774,12774,14920,19524
7089,0,9203,19703,19703,17921,20681
7090,0,1577,12077,12077,19464,15753
7091,0,7264,17764,17764,16644,15123
7092,0,9259,19759,19759,14416,39331
7093,0,10183,20683,20683,20110,17216
7094,0,3970,14470,14470,38973,10529
7095,0,5879,16379,16379,13728,11981
7096,0,23986,37216,37216,15968,36185
7097,0,23341,38599,38599,18052,12146
7098,0,7193,17693,17693,18747,19122
7099,0,3867,14367,14367,36297,14044
7100,0,24117,38732,38732,19055,12658
7101,0,6823,17323,17323,15793,17423
7102,0,25186,35834,35834,17933,38266
7103,0,7548,18048,18048,17142,17516
7104,0,781,11281,11281,19933,13412
7105,0,24933,39364,39364,37024,11915
7106,0,1749,12249,12249,15252,12724
7107,0,23791,35577,35577,17222,11643
7108,0,6519,17019,17019,37782,17397
7109,0,5774,16274,16274,15896,36609
7110,0,9283,19783,19783,11453,20519
7111,0,9369,19869,19869,15392,17174
7112,0,2324,12824,12824,36622,16554
7113,0,10271,20771,20771,14583,38345
7114,0,5055,15555,15555,35523,14920
7115,0,23062,35394,35394,35393,37260
7116,0,25329,38129,38129,14707,20867
7117,0,10482,20982,20982,36785,18504
7118,0,1727,12227,12227,12314,35571
7119,0,610,11110,11110,12669,19839
7120,0,4666,15166,15166,18325,20477
7121,0,5413,15913,15913,20410,14671
7122,0,8103,18603,18603,18363,10994
7123,0,8174,18674,18674,37630,37707
7124,0,8535,19035,19035,36604,16707
7125,0,21542,35943,35943,38912,37498
7126,0,3750,14250,14250,10792,12318
7127,0,22821,36001,36001,15987,17531
7128,0,97,10597,10597,11508,38720
7129,0,6985,17485,17485,11741,37287
7130,0,3137,13637,13637,17115,19335
7131,0,1537,12037,12037,19280,15417
7132,0,3648,14148,14148,39009,12416
7133,0,21919,37927,37927,12782,14892
7134,0,1517,12017,12017,36017,18214
7135,0,24150,38630,38630,17526,19995
7136,0,4624,15124,15124,18646,12863
7137,0,6566,17066,17066,38202,15997
7138,0,2090,12590,12590,35549,35548
7139,0,7097,17597,17597,13671,39358
7140,0,6171,16671,16671,18027,18810
7141,0,7521,18021,18021,16134,35203
7142,0,572,11072,11072,15592,18503
7143,0,21479,38872,38872,12038,20220
7144,0,25109,38211,38211,18076,18158
7145,0,3062,13562,13562,17264,15852
7146,0,597,11097,11097,36562,20476
7147,0,6633,17133,17133,19747,16816
7148,0,24086,38749,38749,16333,13637
7149,0,7875,18375,18375,18969,15434
7150,0,7345,17845,17845,14848,11104
7151,0,6304,16804,16804,12302,13894
7152,0,23371,36622,36622,12824,16554
7153,0,23863,38769,38769,10544,12871
7154,0,22803,38981,38981,20251,39566
7155,0,5976,16476,16476,35772,36624
7156,0,8562,19062,19062,15917,37958
7157,3,1938,12438,16736,20910,38951
7158,0,25051,37178,37178,14674,20279
7159,0,8100,18600,18600,39581,38952
7160,0,1753,12253,12253,38702,38696
7161,0,3670,14170,14170,12105,39451
7162,0,24957,36629,36629,12147,36947
7163,0,2361,12861,12861,36492,17989
7164,0,4260,14760,14760,13121,20650
7165,0,5432,15932,15932,38490,38564
7166,0,6285,16785,16785,11652,38083
7167,0,22832,36387,36387,11177,37306
7168,0,23138,38805,38805,37198,35605
7169,0,24130,36329,36329,11081,19425
7170,0,21921,37428,37428,18445,14771
7171,0,22578,37015,37015,18570,11720
7172,0,5591,16091,16091,11735,11307
7173,0,1171,11671,11671,20331,12381
7174,0,7927,18427,18427,17049,38697
7175,0,24449,36653,36653,18746,37794
7176,0,9614,20114,20114,10693,13433
7177,0,24980,35927,35927,39183,19209
7178,0,22413,38631,38631,35437,16256
7179,0,24996,36712,36712,17675,20986
7180,0,21243,38348,38348,13641,20927
7181,0,874,11374,11374,14215,13381
7182,0,2297,12797,12797,14368,14279
7183,0,23055,38560,38560,19375,15234
7184,0,2643,13143,13143,37297,15092
7185,0,23326,38508,38508,36781,38716
7186,0,5347,15847,15847,11790,20246
7187,0,9032,19532,19532,11834,38403
7188,0,25487,39499,39499,39291,10548
7189,0,581,11081,11081,36329,18119
7190,0,204,10704,10704,14655,19524
7191,0,7896,18396,18396,39168,12024
7192,0,9833,20333,20333,19370,12994
7193,0,2014,12514,12514,14821,11861
7194,0,23246,36039,36039,20539,17029
7195,0,21205,36257,36257,13915,35332
7196,0,905,11405,11405,37200,37037
7197,0,631,11131,11131,15845,37444
7198,0,8461,18961,18961,13983,14314
7199,0,23462,37089,37089,37527,11897
7200,0,1974,12474,12474,17627,17353
7201,0,162,10662,10662,37170,17220
7202,0,4998,15498,15498,36047,13720
7203,0,21613,36948,36948,11552,17952
7204,0,9557,20057,20057,17801,19369
7205,0,21571,37732,37732,35357,19510
7206,0,4713,15213,15213,36378,19424
7207,0,9067,19567,19567,10641,19676
7208,0,1431,11931,11931,19162,14318
7209,0,6868,17368,17368,12976,19484
7210,0,25419,38308,38308,14696,11313
7211,0,7710,18210,18210,12396,14102
7212,0,7736,18236,18236,20024,37020
7213,0,4283,14783,14783,35924,36585
7214,0,7531,18031,18031,17484,15180
7215,0,23306,36511,36511,13573,16655
7216,0,22058,35642,35642,13191,14424
7217,0,10053,20553,20553,19471,16807
7218,0,21044,35445,35445,12695,36216
7219,0,3384,13884,13884,39035,35854
7220,0,23664,38943,38943,18391,16317
7221,0,22751,36947,36947,13804,36629
7222,0,22045,37087,37087,16256,35437
7223,0,7462,17962,17962,19283,11237
7224,0,3331,13831,13831,17880,39498
7225,0,21908,38903,38903,10832,20889
7226,0,24694,35189,35189,16540,13998
7227,0,6404,16904,16904,11180,35698
7228,0,8895,19395,19395,17898,13547
7229,0,2096,12596,12596,15345,12649
7230,0,10195,20695,20695,11245,20558
7231,0,22628,37209,37209,20820,15909
7232,0,7999,18499,18499,15428,36274
7233,0,5017,15517,15517,14567,11796
7234,0,8738,19238,19238,39439,17093
7235,0,1449,11949,11949,35194,14297
7236,0,6900,17400,17400,11211,18738
7237,0,2610,13110,13110,15426,13458
7238,0,1900,12400,12400,10615,12486
7239,0,8186,18686,18686,18260,20175
7240,0,3920,14420,14420,39056,14571
7241,0,2757,13257,13257,19197,11138
7242,0,6397,16897,16897,13986,13137
7243,0,10077,20577,20577,38852,20757
7244,0,22122,37596,37596,36572,11346
7245,0,2097,12597,12597,13996,18455
7246,0,8329,18829,18829,36302,12225
7247,0,23505,38781,38781,13042,11945
7248,0,5624,16124,16124,13233,35343
7249,0,9028,19528,19528,14539,15559
7250,0,3471,13971,13971,37358,14331
7251,0,8266,18766,18766,12119,19165
7252,0,2171,12671,12671,15432,36009
7253,0,25183,38449,38449,12152,18589
7254,0,21475,38379,38379,17569,16476
7255,0,8590,19090,19090,18651,35942
7256,0,2010,12510,12510,19946,16993
7257,0,23491,39283,39283,36096,35231
7258,0,1283,11783,11783,16516,17796
7259,0,21644,37379,37379,38731,38697
7260,0,10028,20528,20528,14094,15700
7261,0,21548,39004,39004,39526,38146
7262,0,1019,11519,11519,36710,15475
7263,0,9518,20018,20018,19698,12929
7264,0,22240,35596,35596,35996,15504
7265,0,8667,19167,19167,11122,12384
7266,0,2810,13310,13310,14212,38304
7267,0,21979,37541,37541,16683,37459
7268,0,1651,12151,12151,19319,18563
7269,0,25220,39025,39025,36855,19394
7270,0,1169,11669,11669,10639,16451
7271,0,22589,35314,35314,17104,38449
7272,0,9398,19898,19898,14021,12811
7273,0,6256,16756,16756,20366,35528
7274,0,5469,15969,15969,11674,35858
7275,0,21309,37694,37694,35270,36113
7276,0,10258,20758,20758,11314,16733
7277,0,867,11367,11367,38257,13471
7278,0,23032,35760,35760,12765,36074
7279,0,5093,15593,15593,15769,11276
7280,0,5433,15933,15933,11532,16479
7281,0,541,11041,11041,38573,15572
7282,0,9324,19824,19824,18054,39374
7283,0,24196,39351,39351,10694,15132
7284,0,6354,16854,16854,15682,39559
7285,0,22423,38607,38607,35153,14112
7286,0,3390,13890,13890,39199,14468
7287,0,21940,35748,35748,16915,17497
7288,0,22666,36045,36045,19176,12745
7289,0,23645,38275,38275,14375,19938
7290,0,23027,39498,39498,13831,14911
7291,0,24382,35369,35369,14452,35370
7292,0,21960,35599,35599,10704,19524
7293,0,3959,14459,14459,37077,14966
7294,0,22325,38509,38509,19391,20694
7295,0,6643,17143,17143,20853,35521
7296,0,6841,17341,17341,16837,18688
7297,0,22531,37005,37005,16910,37157
7298,0,3586,14086,14086,37905,10556
7299,0,22608,36691,36691,14978,20515
7300,0,2563,13063,13063,10989,13263
7301,0,22076,35416,35416,12312,19583
7302,0,24186,37968,37968,37796,12074
7303,0,23554,36526,36526,15502,18456
7304,0,5036,15536,15536,36993,19350
7305,0,1080,11580,11580,19810,14460
7306,0,5891,16391,16391,11798,13186
7307,0,10277,20777,20777,35520,36568
7308,0,22962,35238,35238,18730,14660
7309,0,4966,15466,15466,15510,15799
7310,0,2023,12523,12523,37399,35224
7311,0,24144,38080,38080,11887,19636
7312,0,7909,18409,18409,17226,20311
7313,0,23752,37684,37684,38829,39419
7314,0,7321,17821,17821,35137,37414
7315,0,226,10726,10726,11919,12442
7316,0,1013,11513,11513,37465,13130
7317,0,1929,12429,12429,17394,19018
7318,0,23254,37162,37162,14667,19353
7319,2,5251,15751,35925,13923,15751
7320,0,9596,20096,20096,20669,17047
7321,0,2179,12679,12679,13367,39249
7322,0,697,11197,11197,19371,13542
7323,0,1124,11624,11624,38503,19221
7324,0,7378,17878,17878,19531,13705
7325,0,23927,36878,36878,11445,12353
7326,0,5110,15610,15610,38574,35933
7327,0,7902,18402,18402,17132,38696
7328,0,1778,12278,12278,19900,13536
7329,0,23954,36531,36531,12574,20540
7330,0,2634,13134,13134,20239,35680
7331,0,7544,18044,18044,37685,37062
7332,0,7604,18104,18104,10666,35895
7333,0,3489,13989,13989,15191,18327
7334,0,1037,11537,11537,35858,15969
7335,0,10448,20948,20948,17476,19393
7336,0,25164,36832,36832,37230,19088
7337,0,24554,39507,39507,11431,11638
7338,0,8505,19005,19005,19802,10952
7339,0,2649,13149,13149,15707,15356
7340,0,10473,20973,20973,35749,20578
7341,0,2979,13479,13479,14943,13942
7342,0,2547,13047,13047,15072,20276
7343,0,5132,15632,15632,37355,12777
7344,1,2159,12659,17855,12659,36799
7345,0,21835,35923,35923,20895,37866
7346,0,9114,19614,19614,37298,20365
7347,0,6445,16945,16945,12749,18911
7348,2,3967,14467,13667,39092,14467
7349,0,1428,11928,11928,35142,35721
7350,0,22623,37204,37204,13235,12516
7351,0,2520,13020,13020,10878,17199
7352,0,21326,36572,36572,11346,37596
7353,0,8033,18533,18533,38318,15824
7354,0,23690,37448,37448,35759,15128
7355,0,24209,37544,37544,37075,10516
7356,0,25160,39403,39403,10509,15517
7357,0,448,10948,10948,37477,37954
7358,0,22487,37318,37318,12641,16858
7359,0,9476,19976,19976,11286,38139
7360,0,5995,16495,16495,15947,20519
7361,0,25166,38868,38868,13592,11394
7362,0,3727,14227,14227,13091,36979
7363,0,7353,17853,17853,16075,14996
7364,0,8553,19053,19053,35864,36479
7365,0,6279,16779,16779,19264,12097
7366,0,21116,38009,38009,38496,37983
7367,0,7295,17795,17795,15224,37644
7368,0,9496,19996,19996,10864,37450
7369,0,6251,16751,16751,36920,11369
7370,0,5926,16426,16426,13153,37221
7371,0,2460,12960,12960,37909,12969
7372,0,22,10522,10522,15035,35617
7373,0,2066,12566,12566,16947,14966
7374,0,1653,12153,12153,15441,13777
7375,0,8894,19394,19394,36855,39025
7376,0,8706,19206,19206,18218,37612
7377,0,22923,35529,35529,17100,15943
7378,0,1376,11876,11876,16177,17787
7379,0,1724,12224,12224,12174,12025
7380,0,24616,35254,35254,10749,37390
7381,0,3754,14254,14254,36426,18381
7382,0,21753,35111,35111,39442,13371
7383,0,8652,19152,19152,12544,20490
7384,0,4183,14683,14683,12673,11818
7385,0,4082,14582,14582,19842,16690
7386,0,9678,20178,20178,11428,38885
7387,0,24131,36464,36464,37847,36265
7388,0,8474,18974,18974,18776,39147
7389,0,6579,17079,17079,11149,36701
7390,0,4558,15058,15058,36799,12659
7391,0,3537,14037,14037,12315,37857
7392,0,7003,17503,17503,19849,18080
7393,0,24197,35367,35367,36282,20352
7394,0,9560,20060,20060,20730,13286
7395,0,22591,38812,38812,38813,13691
7396,0,24573,39083,39083,20448,15087
7397,0,8789,19289,19289,36130,17091
7398,0,9951,20451,20451,38524,14167
7399,0,646,11146,11146,38505,12874
7400,0,6381,16881,16881,16780,19672
7401,0,7527,18027,18027,16671,13583
7402,0,24077,39139,39139,39478,13996
7403,0,21025,36667,36667,14366,17661
7404,0,7165,17665,17665,20777,15310
7405,0,22969,36254,36254,15042,14712
7406,0,25493,36541,36541,19569,15762
7407,0,7697,18197,18197,36312,13212
7408,0,22706,35776,35776,16356,20033
7409,0,21380,38713,38713,15357,10741
7410,0,4875,15375,15375,17908,16301
7411,0,23392,35330,35330,16989,17662
7412,0,23322,37479,37479,36353,37782
7413,0,5341,15841,15841,35906,13105
7414,0,23200,37390,37390,20259,20596
7415,0,7031,17531,17531,38849,36001
7416,0,2160,12660,12660,12903,11267
7417,0,685,11185,11185,15997,38202
7418,0,24043,39347,39347,12845,18907
7419,0,22291,36029,36029,38615,15658
7420,0,2461,12961,12961,18944,14925
7421,0,21837,35623,35623,19343,14885
7422,0,25182,36483,36483,16466,16222
7423,0,7128,17628,17628,18206,14120
7424,0,6267,16767,16767,35107,37509
7425,0,4941,15441,15441,12153,12135
7426,0,5946,16446,16446,15155,19667
7427,0,4583,15083,15083,35541,19112
7428,0,5784,16284,16284,15647,15730
7429,0,10422,20922,20922,16635,20521
7430,0,7569,18069,18069,14494,39287
7431,0,23090,37371,37371,37370,36443
7432,0,22109,35106,35106,18129,12562
7433,0,521,11021,11021,12252,14466
7434,0,8714,19214,19214,36622,13077
7435,0,23327,37792,37792,38349,20707
7436,0,24707,38000,38000,18681,14216
7437,0,3983,14483,14483,11521,15764
7438,0,22460,38938,38938,19271,16282
7439,0,22158,38319,38319,39214,15877
7440,0,780,11280,11280,16591,17381
7441,1,23338,35207,11744,35207,14511
7442,0,24140,39081,39081,15008,18735
7443,0,5607,16107,16107,11270,16927
7444,0,5978,16478,16478,13193,15093
7445,0,8843,19343,19343,36826,15141
7446,0,3747,14247,14247,13667,39092
7447,0,2196,12696,12696,36207,13411
7448,0,8561,19061,19061,18305,19189
7449,0,23858,39421,39421,14509,14057
7450,0,4285,14785,14785,10556,20954
7451,0,8569,19069,19069,20539,11155
7452,0,10408,20908,20908,19263,11724
7453,0,9832,20332,20332,15711,14939
7454,0,9805,20305,20305,39190,13033
7455,0,6979,17479,17479,38122,18613
7456,0,1827,12327,12327,13747,18808
7457,0,24392,36418,36418,19986,18126
7458,0,9154,19654,19654,18161,36590
7459,0,21200,38795,38795,12763,16722
7460,0,25312,39109,39109,20784,37644
7461,0,2376,12876,12876,11446,17122
7462,0,8551,19051,19051,13469,14899
7463,0,3839,14339,14339,15945,17150
7464,0,21476,38786,38786,16954,12616
7465,0,1246,11746,11746,12523,37399
7466,0,7504,18004,18004,12251,19933
7467,0,21627,36077,36077,38159,14971
7468,0,6511,17011,17011,15992,36200
7469,0,22253,36480,36480,38348,13936
7470,0,23160,38327,38327,20050,20366
7471,0,5439,15939,15939,13639,37935
7472,0,24804,35353,35353,17386,17905
7473,0,23186,36209,36209,37112,13622
7474,0,10229,20729,20729,17381,15676
7475,0,24199,38470,38470,15051,12377
7476,1,8964,19464,15825,19464,13640
7477,0,21540,35275,35275,36258,35808
7478,0,22232,36348,36348,17745,36839
7479,0,22433,39172,39172,36088,38542
7480,0,23329,38911,38911,17263,10743
7481,0,5510,16010,16010,38714,38437
7482,0,5330,15830,15830,16563,35445
7483,0,4531,15031,15031,35906,36277
7484,0,9866,20366,20366,38327,16756
7485,0,365,10865,10865,15480,14308
7486,0,24001,36711,36711,37848,12422
7487,0,23095,39567,39567,37115,18705
7488,0,147,10647,10647,13195,11769
7489,0,1668,12168,12168,11148,15946
7490,0,22439,35874,35874,17927,14031
7491,0,21066,37866,37866,13914,38194
7492,0,7650,18150,18150,38041,19032
7493,0,8599,19099,19099,35818,16184
7494,0,23737,36292,36292,16341,14385
7495,0,7788,18288,18288,38948,16021
7496,0,3456,13956,13956,13691,10843
7497,0,25283,36362,36362,17149,18382
7498,0,3271,13771,13771,16721,17398
7499,0,4940,15440,15440,18764,17582
7500,0,9223,19723,19723,36548,16038
7501,0,23257,36695,36695,13398,39367
7502,0,6230,16730,16730,11057,38687
7503,0,21668,37960,37960,17764,16755
7504,0,24264,37100,37100,13037,39167
7505,0,9047,19547,19547,39000,16392
7506,0,3926,14426,14426,14782,19558
7507,0,25309,37408,37408,20850,18219
7508,0,8080,18580,18580,37783,11199
7509,0,78,10578,10578,38434,12343
7510,0,7088,17588,17588,19034,14794
7511,0,2247,12747,12747,12858,36857
7512,0,22973,36949,36949,13836,13990
7513,0,22771,39519,39519,11923,20424
7514,0,25241,39007,39007,16454,12613
7515,0,21638,36999,36999,11709,37589
7516,0,7451,17951,17951,39214,19518
7517,0,8980,19480,19480,19766,14892
7518,0,2279,12779,12779,36964,36228
7519,0,8123,18623,18623,36917,19331
7520,0,3897,14397,14397,20166,14830
7521,0,25428,36657,36657,16382,13270
7522,0,7177,17677,17677,35796,16096
7523,0,9312,19812,19812,35782,36140
7524,0,23221,38790,38790,13794,12019
7525,0,3631,14131,14131,11835,12643
7526,0,23973,37527,37527,20503,11835
7527,0,6272,16772,16772,38170,18673
7528,0,8616,19116,19116,17170,14264
7529,0,392,10892,10892,14997,14407
7530,0,3191,13691,13691,13956,10843
7531,0,16,10516,10516,37544,37075
7532,0,4200,14700,14700,39423,39317
7533,0,2672,13172,13172,38111,10820
7534,0,23097,38916,38916,11409,11059
7535,0,6164,16664,16664,19794,10842
7536,0,21096,36886,36886,18110,15084
7537,0,3493,13993,13993,35207,11744
7538,0,9651,20151,20151,19444,18369
7539,0,21256,37301,37301,36596,18749
7540,0,7394,17894,17894,15022,35192
7541,0,4839,15339,15339,36030,11019
7542,0,593,11093,11093,12306,11106
7543,0,24549,36621,36621,36274,35625
7544,0,22305,38576,38576,35243,15874
7545,0,8737,19237,19237,18805,14277
7546,0,5827,16327,16327,16948,14698
7547,0,24274,35343,35343,35387,13585
7548,0,7961,18461,18461,13228,13434
7549,0,5887,16387,16387,11895,17552
7550,0,2355,12855,12855,11897,19962
7551,0,6036,16536,16536,38657,36938
7552,0,4798,15298,15298,11779,18610
7553,0,21892,35228,35228,11468,15563
7554,0,23143,38730,38730,36696,11629
7555,0,4592,15092,15092,11179,13289
7556,0,21162,35828,35828,37864,15815
7557,0,8656,19156,19156,37955,39233
7558,0,163,10663,10663,16291,17345
7559,0,24046,38501,38501,17447,11804
7560,0,21617,38759,38759,19925,36219
7561,0,23996,39265,39265,17333,16385
7562,0,7380,17880,17880,13831,19961
7563,0,24806,39531,39531,20930,12746
7564,0,10201,20701,20701,20224,37791
7565,0,6356,16856,16856,18665,17536
7566,0,23182,35870,35870,37251,36120
7567,0,9092,19592,19592,37898,16001
7568,0,5542,16042,16042,18453,16176
7569,0,6007,16507,16507,12206,16148
7570,0,7993,18493,18493,11222,37842
7571,0,7638,18138,18138,18638,15467
7572,0,6793,17293,17293,14341,17391
7573,0,23079,35494,35494,19187,15759
7574,0,7758,18258,18258,35332,20457
7575,0,4837,15337,15337,36279,11406
7576,0,2293,12793,12793,18205,11283
7577,0,6548,17048,17048,16916,38248
7578,0,7898,18398,18398,17245,17780
7579,0,4481,14981,14981,16746,17715
7580,0,3716,14216,14216,19745,18298
7581,0,22486,35431,35431,38754,39078
7582,0,6140,16640,16640,11854,18388
7583,0,9956,20456,20456,14126,18428
7584,0,1549,12049,12049,19523,14187
7585,0,24358,35815,35815,15971,12256
7586,0,10331,20831,20831,16974,12409
7587,0,2044,12544,12544,19152,37063
7588,0,767,11267,11267,36465,12660
7589,0,5693,16193,16193,11192,36985
7590,0,7870,18370,18370,11517,20083
7591,0,9700,20200,20200,37241,37687
7592,0,7857,18357,18357,11135,16691
7593,0,3302,13802,13802,36603,16165
7594,0,4517,15017,15017,36295,20405
7595,0,25133,38444,38444,18859,35139
7596,0,24724,37740,37740,16060,39024
7597,0,3292,13792,13792,20675,38743
7598,0,9011,19511,19511,39298,20463
7599,0,1403,11903,11903,38310,20099
7600,0,1382,11882,11882,11677,39166
7601,0,10340,20840,20840,36490,12737
7602,0,6928,17428,17428,10847,19508
7603,0,5671,16171,16171,12829,35420
7604,0,1638,12138,12138,10552,11223
7605,0,24771,39290,39290,11360,14335
7606,0,6907,17407,17407,35903,16486
7607,0,8591,19091,19091,17852,18801
7608,0,6406,16906,16906,16425,12499
7609,0,9074,19574,19574,15519,15266
7610,0,23734,36351,36351,35717,35823
7611,0,1179,11679,11679,35405,36145
7612,0,5448,15948,15948,12376,39182
7613,0,10322,20822,20822,20099,12048
7614,0,5078,15578,15578,13481,38416
7615,0,8648,19148,19148,11573,37772
7616,0,5175,15675,15675,18306,37960
7617,0,10142,20642,20642,19791,38322
7618,0,689,11189,11189,20961,19298
7619,0,22003,37879,37879,18920,11289
7620,0,6525,17025,17025,37357,16051
7621,0,22274,39325,39325,11692,14866
7622,0,6488,16988,16988,35348,15615
7623,0,10145,20645,20645,19741,35235
7624,0,7154,17654,17654,20212,38581
7625,0,22181,37206,37206,20008,17991
7626,0,6610,17110,17110,19755,10737
7627,0,22603,35496,35496,12190,17961
7628,0,22102,37438,37438,12048,14301
7629,0,23661,37471,37471,15415,38112
7630,0,4349,14849,14849,37384,14033
7631,0,1884,12384,12384,14968,19167
7632,0,23195,37558,37558,11462,17746
7633,0,2494,12994,12994,20333,38711
7634,0,5947,16447,16447,18506,17252
7635,0,3036,13536,13536,11070,12278
7636,0,5777,16277,16277,20984,12219
7637,0,21983,36389,36389,11081,19425
7638,0,845,11345,11345,38604,15987
7639,0,8734,19234,19234,37627,11787
7640,0,24947,36510,36510,19906,20042
7641,0,23216,36465,36465,14957,17628
7642,0,7967,18467,18467,15735,17257
7643,0,21212,37313,37313,17224,36325
7644,0,7340,17840,17840,37683,36369
7645,0,22958,38113,38113,15967,17970
7646,0,25410,36993,36993,15536,11945
7647,0,7137,17637,17637,11689,38748
7648,0,2964,13464,13464,11567,35408
7649,0,2529,13029,13029,36812,15901
7650,0,5772,16272,16272,11360,35591
7651,0,1048,11548,11548,18093,19827
7652,0,7045,17545,17545,12488,15358
7653,0,1960,12460,12460,38164,16533
7654,0,2530,13030,13030,19458,36555
7655,0,23598,35732,35732,19298,17547
7656,0,8429,18929,18929,14530,13235
7657,0,4917,15417,15417,35391,12037
7658,0,9325,19825,19825,11865,10794
7659,0,5901,16401,16401,16632,15766
7660,0,8286,18786,18786,14103,37989
7661,0,4259,14759,14759,38717,20898
7662,0,23084,37446,37446,17234,18879
7663,0,21864,38095,38095,18163,38887
7664,0,5656,16156,16156,12050,20198
7665,0,6097,16597,16597,13975,13724
7666,0,5907,16407,16407,35351,38931
7667,0,7373,17873,17873,16539,19642
7668,0,2978,13478,13478,18251,18198
7669,0,25122,37891,37891,37016,37085
7670,0,23492,38557,38557,39089,15758
7671,0,6721,17221,17221,36728,20370
7672,0,7842,18342,18342,17430,19005
7673,0,8264,18764,18764,15440,17582
7674,0,24073,37760,37760,14687,37816
7675,0,22231,36705,36705,20766,19807
7676,0,3138,13638,13638,15899,12376
7677,0,8325,18825,18825,18545,19031
7678,0,22371,39490,39490,11805,37872
7679,0,22197,38448,38448,18609,19994
7680,0,21114,36015,36015,12026,11588
7681,0,1826,12326,12326,14282,20294
7682,0,5548,16048,16048,37547,19185
7683,0,8785,19285,19285,15733,35296
7684,0,21184,35511,35511,19212,19078
7685,0,560,11060,11060,37135,35417
7686,0,21975,37964,37964,17907,36741
7687,0,8435,18935,18935,39144,12717
7688,0,5435,15935,15935,35485,37157
7689,0,4437,14937,14937,13720,16378
7690,0,10382,20882,20882,37830,12827
7691,0,8597,19097,19097,36970,35721
7692,0,1442,11942,11942,12535,20098
7693,0,8453,18953,18953,35882,37334
7694,0,4406,14906,14906,19854,13536
7695,0,22010,38897,38897,20006,13936
7696,2,1689,12189,11575,18576,12189
7697,0,21798,39401,39401,37952,12084
7698,0,9917,20417,20417,36224,13154
7699,0,23166,38092,38092,12112,39324
7700,1,5962,16462,35745,16462,35728
7701,0,2496,12996,12996,10854,36463
7702,0,24165,39200,39200,11648,36871
7703,0,340,10840,10840,37886,39272
7704,0,2408,12908,12908,14186,20458
7705,0,9793,20293,20293,36871,39200
7706,0,21797,37105,37105,37117,15616
7707,0,5782,16282,16282,15413,38938
7708,0,4576,15076,15076,35140,15498
7709,0,3725,14225,14225,16504,13763
7710,0,22804,39520,39520,13690,14288
7711,0,2785,13285,13285,19750,38834
7712,0,9715,20215,20215,38803,36718
7713,0,21619,37496,37496,13255,20547
7714,0,24578,38696,38696,38136,14226
7715,0,1012,11512,11512,36594,35204
7716,0,5280,15780,15780,14445,19258
7717,0,4895,15395,15395,13738,10995
7718,0,9958,20458,20458,37397,17554
7719,0,7121,17621,17621,14244,14417
7720,0,6549,17049,17049,18427,38697
7721,0,4037,14537,14537,39126,15057
7722,0,148,10648,10648,37661,11739
7723,0,285,10785,10785,16855,19572
7724,0,24507,39257,39257,38651,18167
7725,0,8555,19055,19055,38732,37057
7726,0,21789,36729,36729,35226,14657
7727,0,21365,37186,37186,19950,11654
7728,0,9732,20232,20232,20926,11447
7729,0,6770,17270,17270,39312,16552
7730,0,4443,14943,14943,35117,12009
7731,0,7446,17946,17946,37060,37421
7732,0,236,10736,10736,14621,12765
7733,0,25323,38987,38987,17264,37628
7734,0,25474,35348,35348,10868,39469
7735,0,7123,17623,17623,11216,20627
7736,0,23563,37102,37102,18190,19952
7737,0,21545,38934,38934,38325,19515
7738,0,3083,13583,13583,18027,17163
7739,0,25212,38970,38970,15924,15445
7740,0,10294,20794,20794,12992,19858
7741,0,632,11132,11132,10735,36064
7742,0,6813,17313,17313,37026,38167
7743,0,2493,12993,12993,19042,37831
7744,0,2665,13165,13165,18046,37270
7745,0,25450,37325,37325,16612,12919
7746,0,23345,37409,37409,18483,17098
7747,0,22611,37207,37207,19789,11348
7748,0,24502,35120,35120,16052,14241
7749,0,10060,20560,20560,12376,11641
7750,0,22999,36405,36405,12041,20097
7751,0,22213,36669,36669,16397,18462
7752,0,21207,37291,37291,39318,15776
7753,0,4211,14711,14711,37337,19901
7754,0,9686,20186,20186,39579,35284
7755,0,23896,35187,35187,38022,15789
7756,0,3874,14374,14374,38707,14916
7757,0,9424,19924,19924,15052,11715
7758,0,22601,35447,35447,35339,18775
7759,0,2817,13317,13317,38935,19484
7760,0,21253,38356,38356,11577,14671
7761,0,25120,38908,38908,11732,38052
7762,0,24018,39315,39315,17652,19357
7763,0,23252,38071,38071,36830,38458
7764,0,7426,17926,17926,13753,13463
7765,0,21624,38255,38255,35344,10582
7766,0,24795,37295,37295,14035,13591
7767,0,21223,35847,35847,20717,17081
7768,0,21618,38407,38407,12593,20567
7769,0,9777,20277,20277,10850,38785
7770,0,1735,12235,12235,19582,14583
7771,0,7397,17897,17897,18913,16743
7772,0,21303,35609,35609,12424,12565
7773,0,4255,14755,14755,16639,39107
7774,0,21137,38469,38469,11283,38578
7775,0,2475,12975,12975,14539,19528
7776,0,21247,35350,35350,35755,11973
7777,0,25107,39568,39568,17797,16140
7778,0,3713,14213,14213,11574,11769
7779,0,22564,38068,38068,12899,39170
7780,0,1804,12304,12304,38466,13655
7781,0,707,11207,11207,37745,36412
7782,0,23612,35832,35832,19123,17150
7783,0,21623,38394,38394,14278,16881
7784,0,5189,15689,15689,13287,35210
7785,0,21176,37647,37647,10501,20931
7786,0,5472,15972,15972,20783,36710
7787,0,72,10572,10572,11252,37164
7788,0,7843,18343,18343,19764,17238
7789,0,5101,15601,15601,15744,11209
7790,0,6764,17264,17264,38987,11601
7791,0,9382,19882,19882,39329,35406
7792,0,23164,35387,35387,13233,35343
7793,0,1125,11625,11625,16071,11076
7794,0,1241,11741,11741,17485,36985
7795,0,21004,36934,36934,14214,13750
7796,0,22673,38762,38762,39241,35274
7797,0,2349,12849,12849,39525,37786
7798,0,22799,36137,36137,13674,13903
7799,0,6602,17102,17102,13197,18759
7800,0,24278,36794,36794,20101,16022
7801,0,6780,17280,17280,36020,11807
7802,0,9769,20269,20269,15131,15024
7803,0,23369,36692,36692,13784,17867
7804,0,22356,36515,36515,19142,16553
7805,0,4358,14858,14858,38403,10562
7806,0,1343,11843,11843,38154,37340
7807,0,22376,39574,39574,38895,35630
7808,0,23848,37620,37620,36253,15568
7809,0,21445,38962,38962,15023,20152
7810,0,8632,19132,19132,20063,15679
7811,0,6652,17152,17152,18611,13256
7812,0,1100,11600,11600,10959,38827
7813,0,25225,35423,35423,12406,14361
7814,0,9160,19660,19660,38201,19762
7815,0,8841,19341,19341,38583,18409
7816,0,9738,20238,20238,35634,37590
7817,0,7327,17827,17827,11213,19165
7818,0,7622,18122,18122,39523,13926
7819,0,987,11487,11487,14525,39002
7820,0,24762,35252,35252,19199,12868
7821,0,2852,13352,13352,14730,11298
7822,0,22495,36289,36289,35465,15752
7823,5,8853,19353,14667,37162,17602
7824,0,630,11130,11130,12656,36332
7825,0,1249,11749,11749,37854,11476
7826,0,3179,13679,13679,39231,14674
7827,0,482,10982,10982,18697,16724
7828,0,9776,20276,20276,13255,15899
7829,0,9654,20154,20154,13846,13625
7830,0,3040,13540,13540,18516,37993
7831,0,5010,15510,15510,15466,35915
7832,1,22001,39493,15461,39493,19683
7833,0,7000,17500,17500,19816,13778
7834,0,3273,13773,13773,36170,16598
7835,0,7227,17727,17727,15986,19018
7836,0,3683,14183,14183,19831,17028
7837,0,6674,17174,17174,10978,15392
7838,0,6807,17307,17307,15811,13045
7839,0,24016,36931,36931,11999,15843
7840,0,21682,39198,39198,19678,20230
7841,0,1316,11816,11816,35158,13813
7842,0,3225,13725,13725,39309,18455
7843,0,1072,11572,11572,14244,14588
7844,0,4815,15315,15315,15642,11025
7845,0,24821,37267,37267,18732,14642
7846,0,25490,35417,35417,18812,11655
7847,0,9852,20352,20352,36282,35367
7848,0,5752,16252,16252,19521,35425
7849,0,22220,35211,35211,17632,18465
7850,0,25457,38317,38317,38318,37369
7851,0,4616,15116,15116,11021,15224
7852,0,3097,13597,13597,38563,17365
7853,0,22981,36762,36762,16378,36369
7854,0,21265,38756,38756,11763,18676
7855,0,6869,17369,17369,11139,17358
7856,0,1300,11800,11800,38393,19667
7857,0,7285,17785,17785,15976,11769
7858,0,6284,16784,16784,20857,15021
7859,0,22547,37220,37220,12856,11359
7860,0,22881,37899,37899,37432,16165
7861,0,5495,15995,15995,37269,37228
7862,0,5291,15791,15791,39027,15591
7863,0,9600,20100,20100,37418,38457
7864,0,10037,20537,20537,16593,16226
7865,0,1798,12298,12298,16322,15284
7866,0,21325,36743,36743,16900,20459
7867,0,9667,20167,20167,36901,37665
7868,0,5203,15703,15703,37356,14052
7869,0,8227,18727,18727,14323,17209
7870,0,5047,15547,15547,37303,17386
7871,0,6441,16941,16941,20023,15480
7872,0,8636,19136,19136,13205,17042
7873,0,8105,18605,18605,11373,35880
7874,0,2359,12859,12859,35438,35126
7875,0,21271,38674,38674,16949,12329
7876,2,3654,14154,18091,10686,14154
7877,0,7052,17552,17552,19564,16387
7878,0,25480,35965,35965,18389,11255
7879,0,1286,11786,11786,39503,16713
7880,0,22363,38288,38288,11116,14462
7881,0,4445,14945,14945,10698,19815
7882,0,21226,36202,36202,14728,10889
7883,0,2137,12637,12637,15338,36121
7884,0,6787,17287,17287,36836,17702
7885,0,22092,35422,35422,16497,13371
7886,0,25106,36802,36802,13265,16963
7887,0,23935,39326,39326,14793,37450
7888,0,9873,20373,20373,10738,12324
7889,0,22688,39221,39221,12055,11789
7890,0,24787,39180,39180,36317,18252
7891,0,24322,38049,38049,14266,38854
7892,0,6894,17394,17394,12429,37253
7893,0,9884,20384,20384,37080,11794
7894,0,24731,38332,38332,13763,12161
7895,0,23412,35327,35327,15407,17364
7896,0,22225,36421,36421,16404,36121
7897,0,8564,19064,19064,36307,19702
7898,0,7151,17651,17651,35906,15031
7899,0,963,11463,11463,39492,39269
7900,0,6012,16512,16512,15763,11773
7901,0,4882,15382,15382,10869,13408
7902,0,140,10640,10640,14652,13675
7903,0,21550,36640,36640,18174,36163
7904,0,24879,38145,38145,38146,37690
7905,0,8906,19406,19406,37672,15120
7906,0,6936,17436,17436,38054,13354
7907,0,6542,17042,17042,19136,35486
7908,0,5243,15743,15743,17112,17692
7909,0,23936,35974,35974,35973,18079
7910,0,10030,20530,20530,10932,13342
7911,0,4431,14931,14931,19805,20675
7912,0,21998,37118,37118,15910,37217
7913,0,406,10906,10906,36764,14846
7914,0,8212,18712,18712,18480,36042
7915,0,9196,19696,19696,15807,20058
7916,0,21567,37134,37134,37508,16486
7917,0,21052,35197,35197,35709,12556
7918,0,21128,35331,35331,11624,36714
7919,0,25458,38329,38329,10958,14039
7920,0,24231,35176,35176,13695,14695
7921,0,9135,19635,19635,15899,18808
7922,0,8234,18734,18734,35852,35506
7923,0,21988,35616,35616,14590,13091
7924,0,22500,36157,36157,17481,17562
7925,0,21494,35808,35808,14679,36836
7926,0,24931,36150,36150,35243,20949
7927,0,4399,14899,14899,19051,13781
7928,0,5252,15752,15752,36289,17612
7929,0,11,10511,10511,14231,18807
7930,0,4760,15260,15260,19564,11895
7931,0,1177,11677,11677,39166,20746
7932,0,10139,20639,20639,39589,10964
7933,0,23518,35287,35287,17176,19735
7934,0,2863,13363,13363,37814,14237
7935,0,6471,16971,16971,17873,19642
7936,0,23235,36651,36651,38555,19139
7937,0,6228,16728,16728,15553,36828
7938,0,9218,19718,19718,13898,38565
7939,0,25147,36634,36634,39270,12646
7940,2,2989,13489,12390,13719,13489
7941,0,9153,19653,19653,38183,17632
7942,0,21881,35675,35675,38483,39048
7943,0,7117,17617,17617,37249,17541
7944,0,22062,35801,35801,12886,36168
7945,0,7010,17510,17510,36656,39319
7946,0,24480,36124,36124,11714,20589
7947,0,24908,37425,37425,35420,38935
7948,0,25367,36354,36354,16469,35135
7949,0,8927,19427,19427,17873,19690
7950,0,1440,11940,11940,38232,15611
7951,0,24132,39214,39214,19577,10696
7952,0,2875,13375,13375,35666,17647
7953,0,22071,36772,36772,36470,39309
7954,0,9108,19608,19608,35579,11952
7955,0,22052,38246,38246,13259,14103
7956,0,21041,37790,37790,20905,13225
7957,0,22509,36875,36875,13944,14132
7958,0,21201,35933,35933,20067,14778
7959,0,7232,17732,17732,20847,38435
7960,0,3726,14226,14226,38136,38696
7961,0,2772,13272,13272,17539,16675
7962,0,9816,20316,20316,39135,13504
7963,0,454,10954,10954,12688,19956
7964,0,9013,19513,19513,17268,39141
7965,0,8189,18689,18689,14426,14782
7966,0,1367,11867,11867,16412,10917
7967,0,3712,14212,14212,38304,13310
7968,0,25421,39377,39377,13405,14663
7969,0,1388,11888,11888,17075,35463
7970,0,9042,19542,19542,15588,18685
7971,0,1000,11500,11500,39048,35268
7972,0,7761,18261,18261,17391,15666
7973,0,3553,14053,14053,17854,18524
7974,0,4114,14614,14614,11307,37585
7975,0,9829,20329,20329,39134,12277
7976,0,1667,12167,12167,18648,36990
7977,0,3173,13673,13673,20121,37459
7978,0,21157,37627,37627,19234,10758
7979,0,9539,20039,20039,12109,17000
7980,0,23409,38700,38700,18042,37201
7981,0,488,10988,10988,19272,13197
7982,0,3230,13730,13730,11926,39525
7983,0,3828,14328,14328,35502,15451
7984,0,25078,35418,35418,17360,20485
7985,0,25438,37574,37574,36489,35366
7986,0,5208,15708,15708,36225,19338
7987,0,7848,18348,18348,13189,20344
7988,0,24220,36018,36018,15687,38580
7989,0,5704,16204,16204,12356,15416
7990,0,23879,39061,39061,11217,14807
7991,0,8133,18633,18633,19510,20196
7992,0,703,11203,11203,13024,35436
7993,0,5105,15605,15605,16415,18966
7994,0,22790,37940,37940,16242,38202
7995,0,3291,13791,13791,36419,16826
7996,0,8125,18625,18625,11186,14533
7997,0,24661,36459,36459,19622,37037
7998,0,21562,35194,35194,11949,11842
7999,0,9519,20019,20019,39147,16860
8000,0,25221,39048,39048,38483,11500
8001,0,24613,38130,38130,17241,12019
8002,0,4909,15409,15409,35467,14864
8003,0,4440,14940,14940,10882,13051
8004,0,24725,38257,38257,11367,13471
8005,0,986,11486,11486,11804,17630
8006,0,23201,38859,38859,36101,15496
8007,0,22270,38457,38457,20100,19086
8008,0,22243,38963,38963,20121,36890
8009,0,7705,18205,18205,12793,20772
8010,0,21868,36835,36835,11308,19620
8011,0,6257,16757,16757,15369,14015
8012,0,25059,36271,36271,17523,13883
8013,0,6089,16589,16589,19133,15141
8014,0,24831,35260,35260,18476,13461
8015,0,5238,15738,15738,39004,17474
8016,0,23037,36659,36659,36496,10758
8017,0,1198,11698,11698,13973,13357
8018,0,22713,36967,36967,39314,10865
8019,0,9710,20210,20210,35944,11253
8020,0,23684,38206,38206,13186,16564
8021,0,7519,18019,18019,35308,14367
8022,0,6812,17312,17312,36598,19632
8023,0,9991,20491,20491,39456,19488
8024,0,9206,19706,19706,19634,36818
8025,0,8320,18820,18820,11169,36658
8026,0,9556,20056,20056,11438,38021
8027,0,10225,20725,20725,14688,12182
8028,0,7175,17675,17675,36712,39124
8029,0,4470,14970,14970,20173,37967
8030,0,891,11391,11391,18562,13962
8031,0,25050,35579,35579,39284,13681
8032,0,1969,12469,12469,14110,36813
8033,0,5757,16257,16257,37619,19945
8034,0,6527,17027,17027,16316,16350
8035,0,6294,16794,16794,36786,17035
8036,0,24976,39453,39453,12863,12376
8037,0,7595,18095,18095,12990,13308
8038,0,9110,19610,19610,14293,36696
8039,0,3249,13749,13749,38129,14707
8040,0,6570,17070,17070,10932,11742
8041,0,6638,17138,17138,20141,14993
8042,0,7351,17851,17851,39455,38926
8043,0,25227,38360,38360,10992,14088
8044,0,9400,19900,19900,12009,37976
8045,0,23378,36654,36654,16722,36983
8046,0,7473,17973,17973,38391,12571
8047,0,21885,37098,37098,13163,11146
8048,0,24960,36851,36851,20596,13954
8049,0,23419,38415,38415,35610,11630
8050,0,23481,38454,38454,16979,16389
8051,0,1239,11739,11739,10648,37661
8052,0,2289,12789,12789,20730,18835
8053,0,2740,13240,13240,20012,38699
8054,0,8467,18967,18967,15814,36522
8055,0,4585,15085,15085,13596,19751
8056,0,9227,19727,19727,18836,19713
8057,0,1229,11729,11729,14973,36300
8058,0,9200,19700,19700,38147,17534
8059,0,6980,17480,17480,38927,19113
8060,0,5178,15678,15678,12601,38938
8061,0,23783,36614,36614,20375,13039
8062,0,22465,35318,35318,13170,11606
8063,0,4293,14793,14793,19996,38794
8064,0,1058,11558,11558,37497,17504
8065,0,6262,16762,16762,20961,19136
8066,0,21760,35630,35630,38895,39574
8067,1,281,10781,18895,10781,39272
8068,0,9235,19735,19735,35287,36277
8069,0,9508,20008,20008,37206,14142
8070,0,968,11468,11468,35228,15563
8071,0,24029,35167,35167,38102,35966
8072,0,3953,14453,14453,11776,35617
8073,0,1939,12439,12439,39496,35696
8074,0,23000,37275,37275,15120,19603
8075,0,1274,11774,11774,12393,12128
8076,0,619,11119,11119,19155,12735
8077,0,25016,37343,37343,15292,11504
8078,0,1742,12242,12242,16796,37907
8079,0,1390,11890,11890,36302,13682
8080,0,2203,12703,12703,11832,19826
8081,0,9771,20271,20271,20261,11809
8082,0,9847,20347,20347,36568,10746
8083,0,3568,14068,14068,35266,16771
8084,0,25099,35138,35138,37250,16683
8085,0,10404,20904,20904,35880,38956
8086,0,6116,16616,16616,18337,15990
8087,0,24604,39550,39550,19675,11377
8088,0,6052,16552,16552,13330,17270
8089,0,3178,13678,13678,11143,10776
8090,0,3192,13692,13692,18502,12113
8091,0,9499,19999,19999,35256,13544
8092,0,6099,16599,16599,11856,19471
8093,0,7029,17529,17529,37803,38797
8094,0,575,11075,11075,12144,11008
8095,0,23707,35146,35146,10760,20997
8096,0,6656,17156,17156,16398,20977
8097,0,7115,17615,17615,18912,18075
8098,0,23022,38671,38671,36921,19314
8099,0,6276,16776,16776,37747,16196
8100,0,9472,19972,19972,19066,20530
8101,0,21876,38075,38075,20390,16964
8102,0,21107,35677,35677,36575,37195
8103,0,5897,16397,16397,36849,36669
8104,0,5724,16224,16224,12510,19946
8105,0,10185,20685,20685,39434,39371
8106,0,24652,35425,35425,35424,14850
8107,0,269,10769,10769,18188,39196
8108,0,629,11129,11129,35465,19431
8109,0,25472,36564,36564,15899,38522
8110,0,3081,13581,13581,39105,12019
8111,0,3466,13966,13966,38583,11112
8112,0,6430,16930,16930,12629,12393
8113,0,22819,38574,38574,15610,36079
8114,0,7062,17562,17562,36602,38850
8115,0,23702,37182,37182,17703,17560
8116,0,24476,36809,36809,14793,20088
8117,0,21997,39243,39243,19859,16598
8118,0,5543,16043,16043,35135,20215
8119,0,10238,20738,20738,38170,16772
8120,0,4356,14856,14856,17062,37219
8121,0,24949,38273,38273,35266,19651
8122,0,2113,12613,12613,11181,13894
8123,0,8219,18719,18719,38628,19328
8124,0,10232,20732,20732,17619,19985
8125,0,23149,36714,36714,38227,15808
8126,0,22245,38832,38832,19945,20152
8127,0,3216,13716,13716,11416,13705
8128,0,3814,14314,14314,39332,19666
8129,0,8321,18821,18821,18811,16109
8130,0,24814,37470,37470,12221,36786
8131,0,2278,12778,12778,36341,15358
8132,0,4599,15099,15099,18537,35164
8133,0,13,10513,10513,11879,36859
8134,0,23561,38440,38440,37744,37271
8135,0,1525,12025,12025,10859,36929
8136,0,2365,12865,12865,20705,37770
8137,0,4648,15148,15148,36520,13640
8138,0,22998,35838,35838,14826,12130
8139,0,21941,36791,36791,14048,37452
8140,0,25095,35126,35126,14908,15881
8141,0,374,10874,10874,36816,38665
8142,0,23126,37367,37367,12137,14362
8143,0,6477,16977,16977,35656,17030
8144,0,525,11025,11025,15315,15642
8145,0,9131,19631,19631,11435,20452
8146,0,21087,39254,39254,36673,17696
8147,0,6895,17395,17395,17461,37775
8148,0,10339,20839,20839,13894,17990
8149,0,3591,14091,14091,13719,12390
8150,0,24954,35700,35700,15088,10861
8151,0,7904,18404,18404,17262,13589
8152,0,2958,13458,13458,16311,20752
8153,0,22548,36409,36409,35235,20645
8154,0,529,11029,11029,12418,38430
8155,0,3714,14214,14214,36934,13518
8156,0,4732,15232,15232,18497,19002
8157,0,9461,19961,19961,10724,38326
8158,0,21968,37067,37067,16377,18541
8159,0,1394,11894,11894,14866,36075
8160,0,22920,36795,36795,12056,35415
8161,0,23268,37176,37176,18093,19165
8162,0,9989,20489,20489,11816,17439
8163,0,22582,35765,35765,13463,19208
8164,0,9633,20133,20133,38563,18281
8165,0,24772,35168,35168,36947,11633
8166,0,24691,39388,39388,18930,15834
8167,0,22598,36597,36597,19414,36072
8168,0,5631,16131,16131,16836,15244
8169,0,9465,19965,19965,38085,37154
8170,0,6563,17063,17063,18578,16949
8171,0,4703,15203,15203,19834,10697
8172,0,1712,12212,12212,20162,14817
8173,0,24319,39229,39229,17530,18857
8174,0,955,11455,11455,16260,15731
8175,0,6675,17175,17175,35241,36513
8176,0,3453,13953,13953,16173,13642
8177,0,9579,20079,20079,36060,13574
8178,0,24422,38680,38680,35800,18012
8179,0,8595,19095,19095,14176,13168
8180,0,2071,12571,12571,11662,15941
8181,0,23190,39202,39202,19962,17064
8182,0,10169,20669,20669,20096,17047
8183,0,158,10658,10658,11160,37007
8184,0,7005,17505,17505,37009,12653
8185,0,21360,36674,36674,36177,17754
8186,0,9094,19594,19594,16071,18279
8187,0,352,10852,10852,11473,15586
8188,0,6078,16578,16578,11853,20195
8189,1,6236,16736,12438,16736,18025
8190,0,22036,36916,36916,37589,35291
8191,0,8946,19446,19446,12026,18965
8192,0,23562,35757,35757,17840,13080
8193,0,23576,39558,39558,14128,12753
8194,0,2920,13420,13420,36561,15304
8195,0,8503,19003,19003,38147,37749
8196,4,4644,15144,14268,15823,12000
8197,0,661,11161,11161,36842,17978
8198,0,7057,17557,17557,39452,11662
8199,0,10181,20681,20681,17921,19703
8200,0,3665,14165,14165,10695,11358
8201,0,7979,18479,18479,14912,37827
8202,0,306,10806,10806,18629,36669
8203,0,21788,35121,35121,20184,18033
8204,0,4790,15290,15290,13261,14664
8205,0,2356,12856,12856,37220,13404
8206,0,23808,36488,36488,11031,13697
8207,0,24020,36590,36590,17410,19654
8208,0,1927,12427,12427,15087,36653
8209,0,25355,38604,38604,11345,19828
8210,0,3427,13927,13927,37727,37578
8211,0,8941,19441,19441,38281,14927
8212,0,3638,14138,14138,13764,13530
8213,0,23542,37354,37354,16405,18176
8214,0,1266,11766,11766,37722,37723
8215,0,1560,12060,12060,20282,10647
8216,0,23229,38665,38665,36816,10874
8217,0,21658,36381,36381,15710,17525
8218,0,10326,20826,20826,38500,12186
8219,0,7179,17679,17679,35156,15005
8220,0,4109,14609,14609,20855,36178
8221,0,7867,18367,18367,13158,14999
8222,0,4904,15404,15404,12442,18408
8223,0,7294,17794,17794,18924,37636
8224,0,514,11014,11014,35325,12002
8225,0,894,11394,11394,12241,14004
8226,0,8601,19101,19101,37640,36237
8227,0,21,10521,10521,16619,14681
8228,0,24251,36171,36171,12915,10507
8229,0,21313,39508,39508,14748,17993
8230,0,899,11399,11399,14498,20069
8231,0,207,10707,10707,18400,39035
8232,0,458,10958,10958,14039,38329
8233,0,10246,20746,20746,15816,11677
8234,0,2430,12930,12930,15174,14735
8235,0,8442,18942,18942,16763,12085
8236,0,21907,36992,36992,36807,38203
8237,0,9299,19799,19799,37332,19259
8238,0,3389,13889,13889,38944,12829
8239,0,9905,20405,20405,14608,38303
8240,0,3911,14411,14411,36918,38659
8241,0,5383,15883,15883,19915,20419
8242,0,8907,19407,19407,11491,19615
8243,0,552,11052,11052,37961,20571
8244,0,9631,20131,20131,37896,12755
8245,0,10462,20962,20962,15894,11848
8246,0,3144,13644,13644,38435,37113
8247,0,6917,17417,17417,17107,17759
8248,0,2056,12556,12556,35197,35766
8249,0,1925,12425,12425,36417,12621
8250,0,634,11134,11134,38366,39074
8251,0,6082,16582,16582,11651,35340
8252,0,8508,19008,19008,19354,15506
8253,0,24266,38515,38515,13529,38241
8254,0,24841,39117,39117,11696,35500
8255,0,8619,19119,19119,13102,19405
8256,0,22252,37477,37477,10948,13107
8257,0,105,10605,10605,19016,35926
8258,0,3041,13541,13541,14074,12185
8259,0,25305,37024,37024,37639,39364
8260,0,10361,20861,20861,15383,19092
8261,0,1709,12209,12209,37925,13899
8262,0,89,10589,10589,12038,16331
8263,0,7014,17514,17514,11628,15881
8264,0,10433,20933,20933,17522,38938
8265,0,3174,13674,13674,18416,35139
8266,0,917,11417,11417,16568,11022
8267,0,7833,18333,18333,12705,20509
8268,0,6732,17232,17232,10715,15028
8269,0,1949,12449,12449,17895,10553
8270,0,24863,36830,36830,38071,37902
8271,0,22756,35634,35634,16254,17257
8272,0,6368,16868,16868,16355,13920
8273,0,1,10501,10501,37647,38047
8274,0,8032,18532,18532,14800,12537
8275,0,22544,37123,37123,12365,38096
8276,0,6047,16547,16547,37127,14121
8277,0,9127,19627,19627,11410,10512
8278,0,21275,38422,38422,11012,16742
8279,0,2720,13220,13220,35378,35784
8280,0,8783,19283,19283,17962,12910
8281,0,23682,39311,39311,17871,37741
8282,0,3117,13617,13617,20259,12623
8283,0,23352,35722,35722,18175,11816
8284,0,24968,38808,38808,15468,36953
8285,0,21126,35234,35234,19308,11967
8286,0,9768,20268,20268,36400,13343
8287,0,3762,14262,14262,37889,38594
8288,0,213,10713,10713,15896,17238
8289,0,778,11278,11278,10679,18796
8290,0,3496,13996,13996,12597,39478
8291,0,23288,37829,37829,37828,38015
8292,0,2043,12543,12543,35818,38882
8293,0,8920,19420,19420,16876,17208
8294,0,5420,15920,15920,17498,12376
8295,0,6154,16654,16654,38802,19655
8296,0,9759,20259,20259,37776,37390
8297,0,8357,18857,18857,39229,16326
8298,0,24737,36352,36352,36057,13861
8299,0,23510,37666,37666,14777,14399
8300,0,21592,37219,37219,14856,19806
8301,0,10205,20705,20705,12865,14341
8302,0,8465,18965,18965,11588,11732
8303,0,24784,36646,36646,15766,39557
8304,1,4167,14667,37645,14667,19353
8305,0,23790,35554,35554,11026,38467
8306,0,3788,14288,14288,37260,39520
8307,0,8586,19086,19086,14616,38457
8308,0,583,11083,11083,11801,15899
8309,0,23522,39464,39464,14550,38964
8310,0,21526,39570,39570,20996,18459
8311,0,116,10616,10616,14749,12031
8312,0,6644,17144,17144,35957,13959
8313,0,21587,38146,38146,38145,35635
8314,6,23199,39522,17158,37469,18146
8315,0,25260,39248,39248,36807,20782
8316,0,23755,38036,38036,35780,14428
8317,0,8712,19212,19212,19078,35511
8318,0,1763,12263,12263,14247,13241
8319,0,1875,12375,12375,20816,18045
8320,0,22040,36751,36751,19492,18921
8321,0,21731,36130,36130,19289,17481
8322,0,10445,20945,20945,15986,18061
8323,0,3224,13724,13724,19077,39289
8324,0,526,11026,11026,35554,16813
8325,0,7725,18225,18225,39331,15923
8326,0,2946,13446,13446,36067,14343
8327,0,4473,14973,14973,17443,17383
8328,3,22098,36685,13071,38835,18364
8329,0,5655,16155,16155,20780,20620
8330,0,8884,19384,19384,37146,17412
8331,0,6059,16559,16559,17660,11445
8332,0,959,11459,11459,36786,37470
8333,0,25262,37230,37230,36832,17125
8334,0,6342,16842,16842,12233,16374
8335,0,3633,14133,14133,11592,19680
8336,0,1050,11550,11550,14479,37729
8337,0,8782,19282,19282,19513,20137
8338,0,8711,19211,19211,38419,20436
8339,0,3380,13880,13880,37762,10953
8340,0,3676,14176,14176,18525,38356
8341,0,5776,16276,16276,16699,11807
8342,0,25420,38163,38163,13331,14679
8343,0,6573,17073,17073,12611,12272
8344,0,5179,15679,15679,20597,37538
8345,0,1607,12107,12107,37600,10812
8346,0,3610,14110,14110,12469,17567
8347,0,23940,39232,39232,12646,15098
8348,0,6635,17135,17135,18300,12874
8349,0,22044,39591,39591,17430,19031
8350,0,10001,20501,20501,39247,37515
8351,0,791,11291,11291,14064,15585
8352,0,8984,19484,19484,13317,19164
8353,0,3056,13556,13556,37396,14476
8354,0,10047,20547,20547,35804,39008
8355,0,1980,12480,12480,19176,18732
8356,0,23816,36019,36019,36796,18691
8357,0,3598,14098,14098,17813,18904
8358,0,933,11433,11433,37387,37649
8359,0,25074,36749,36749,12392,20968
8360,0,24268,37487,37487,18822,37100
8361,0,7424,17924,17924,38578,39463
8362,3,5626,16126,19596,11638,16801
8363,0,1682,12182,12182,37375,13110
8364,0,4179,14679,14679,38163,19347
8365,0,21790,36812,36812,13029,15901
8366,0,6446,16946,16946,20262,17139
8367,0,4116,14616,14616,14817,19086
8368,0,988,11488,11488,11581,35542
8369,0,23799,36297,36297,14367,38877
8370,0,23767,36239,36239,36240,39459
8371,0,2896,13396,13396,17207,17818
8372,0,3778,14278,14278,38394,14514
8373,0,5658,16158,16158,16473,19349
8374,0,25192,36316,36316,37584,35782
8375,0,3093,13593,13593,12105,18733
8376,0,3155,13655,13655,38466,13728
8377,0,21439,35987,35987,19253,35988
8378,0,1823,12323,12323,11840,15855
8379,0,22146,39039,39039,16927,16697
8380,0,1098,11598,11598,12345,13850
8381,0,10396,20896,20896,18071,11163
8382,0,2844,13344,13344,37923,18801
8383,0,9078,19578,19578,16385,37247
8384,0,3342,13842,13842,19943,12263
8385,0,38,10538,10538,38875,19031
8386,0,6540,17040,17040,12294,16459
8387,0,24275,38628,38628,11275,18719
8388,0,8707,19207,19207,38866,35908
8389,0,3356,13856,13856,18234,18405
8390,0,9645,20145,20145,38388,15259
8391,0,21425,36339,36339,10507,17483
8392,0,22841,36395,36395,39425,38596
8393,0,21706,37451,37451,36221,11419
8394,0,21723,35292,35292,10951,12661
8395,0,21279,35780,35780,14428,38036
8396,0,25341,36785,36785,14258,20982
8397,0,7813,18313,18313,16508,13060
8398,0,21402,39185,39185,37051,37923
8399,0,9098,19598,19598,15365,37355
8400,0,8220,18720,18720,18808,13160
8401,0,24366,38442,38442,18129,12562
8402,0,24444,35293,35293,10998,15800
8403,0,2428,12928,12928,38177,11880
8404,1,5043,15543,14643,15543,11029
8405,0,5346,15846,15846,11509,35739
8406,0,8954,19454,19454,19494,14043
8407,0,22406,36533,36533,20200,36142
8408,0,4811,15311,15311,13762,39169
8409,5,8476,18976,39522,35633,18320
8410,0,686,11186,11186,20908,14533
8411,1,4799,15299,36500,15299,15169
8412,0,7437,17937,17937,13148,16632
8413,0,2353,12853,12853,15559,18808
8414,0,6353,16853,16853,13946,19476
8415,1,22555,37999,10871,37999,19783
8416,0,4569,15069,15069,36570,15561
8417,0,8213,18713,18713,16722,16569
8418,0,2752,13252,13252,38484,17005
8419,0,9077,19577,19577,39214,10696
8420,0,8073,18573,18573,15346,13142
8421,0,9109,19609,19609,16152,36128
8422,0,1040,11540,11540,16475,38543
8423,0,7491,17991,17991,14140,37206
8424,0,1265,11765,11765,38330,20781
8425,0,24719,37365,37365,15256,17571
8426,0,23453,38505,38505,36265,11146
8427,0,7059,17559,17559,16942,35586
8428,0,277,10777,10777,18863,39063
8429,0,5084,15584,15584,39379,12172
8430,0,10276,20776,20776,15224,37260
8431,0,9437,19937,19937,35152,19962
8432,0,2382,12882,12882,38639,20124
8433,0,571,11071,11071,20831,18443
8434,0,1435,11935,11935,19273,35792
8435,0,24425,36688,36688,12524,19698
8436,0,9439,19939,19939,19221,14136
8437,0,5352,15852,15852,13562,37079
8438,0,24324,37467,37467,19671,15694
8439,0,25324,36312,36312,18197,11344
8440,0,22275,35300,35300,15274,10692
8441,0,5445,15945,15945,38561,14339
8442,0,1007,11507,11507,17721,39541
8443,0,4543,15043,15043,36258,11344
8444,0,24701,38349,38349,35759,37792
8445,0,23239,38510,38510,20202,19190
8446,0,2064,12564,12564,20389,38916
8447,0,1136,11636,11636,18747,17693
8448,0,9882,20382,20382,35271,35484
8449,0,24867,38483,38483,35675,39048
8450,0,5343,15843,15843,16283,11724
8451,0,10177,20677,20677,12211,19105
8452,0,294,10794,10794,18655,19825
8453,0,9739,20239,20239,17452,13134
8454,0,10204,20704,20704,20769,18846
8455,0,8780,19280,19280,12037,35914
8456,0,21478,36115,36115,17678,11962
8457,0,2403,12903,12903,16289,36153
8458,0,10321,20821,20821,11604,37092
8459,0,3998,14498,14498,11399,18625
8460,0,21225,38593,38593,19174,15785
8461,0,3741,14241,14241,19358,35120
8462,0,24168,36294,36294,37675,17228
8463,0,24574,38716,38716,38508,36781
8464,0,2719,13219,13219,38031,13528
8465,0,24235,38408,38408,37364,17811
8466,0,21943,37307,37307,13278,19331
8467,0,5150,15650,15650,13599,17474
8468,0,2808,13308,13308,14943,19545
8469,0,9017,19517,19517,16296,35523
8470,0,556,11056,11056,37577,18840
8471,0,23758,37988,37988,14888,15449
8472,0,4795,15295,15295,17604,36594
8473,0,2469,12969,12969,18842,12960
8474,0,3738,14238,14238,19650,15638
8475,0,4286,14786,14786,18507,10724
8476,0,21032,37237,37237,16039,10913
8477,0,9908,20408,20408,19751,12583
8478,0,2604,13104,13104,14790,15505
8479,0,362,10862,10862,35696,18126
8480,0,6924,17424,17424,16454,12629
8481,0,1704,12204,12204,38543,36522
8482,0,2139,12639,12639,11049,36444
8483,0,3239,13739,13739,38112,11243
8484,0,2383,12883,12883,14097,15092
8485,0,7314,17814,17814,15067,35244
8486,0,4311,14811,14811,12105,19962
8487,5,9477,19977,16739,14809,12255
8488,0,1312,11812,11812,38307,37801
8489,0,24343,38744,38744,15074,20215
8490,0,3930,14430,14430,20511,16615
8491,0,6183,16683,16683,37459,20076
8492,0,24170,38175,38175,13067,17046
8493,0,1591,12091,12091,16488,12270
8494,0,25063,38683,38683,38401,35110
8495,0,2162,12662,12662,36075,16318
8496,0,2396,12896,12896,14751,37888
8497,0,317,10817,10817,11285,15800
8498,0,9516,20016,20016,36109,19344
8499,0,23826,35897,35897,36948,15337
8500,0,5233,15733,15733,14789,19285
8501,0,25301,37954,37954,10948,13107
8502,0,5068,15568,15568,36883,37620
8503,0,4036,14536,14536,38942,11358
8504,0,8987,19487,19487,11242,20517
8505,0,3020,13520,13520,10526,39373
8506,0,9903,20403,20403,12776,18106
8507,1,22904,36173,15691,36173,16022
8508,0,8228,18728,18728,13238,11551
8509,0,22767,37335,37335,17893,15278
8510,0,9105,19605,19605,38314,39477
8511,0,5295,15795,15795,14956,13132
8512,0,3972,14472,14472,11227,39530
8513,0,5370,15870,15870,14790,13104
8514,0,4133,14633,14633,17047,15163
8515,0,974,11474,11474,37212,14850
8516,0,7291,17791,17791,37231,19975
8517,0,9175,19675,19675,35252,10577
8518,0,954,11454,11454,18147,11664
8519,0,9610,20110,20110,18736,20683
8520,0,9752,20252,20252,13732,37966
8521,0,24896,36921,36921,19314,12322
8522,0,21021,37942,37942,18735,16584
8523,0,21278,37051,37051,37923,39185
8524,0,9547,20047,20047,11731,14332
8525,0,23830,38717,38717,14759,17857
8526,0,5016,15516,15516,15614,20310
8527,0,23788,39188,39188,18653,15660
8528,0,9179,19679,19679,38067,18236
8529,0,22156,35468,35468,17663,13676
8530,0,7490,17990,17990,13894,38535
8531,0,1640,12140,12140,19708,10622
8532,0,1290,11790,11790,20246,15847
8533,0,23294,36467,36467,19750,39455
8534,0,1380,11880,11880,12928,16147
8535,0,1933,12433,12433,17166,16043
8536,0,4675,15175,15175,36056,37444
8537,0,25289,38305,38305,10757,11391
8538,0,22326,35946,35946,12664,14621
8539,0,10222,20722,20722,14058,12651
8540,0,892,11392,11392,37016,36681
8541,0,7287,17787,17787,20623,37248
8542,0,4876,15376,15376,11771,35153
8543,0,22244,36855,36855,19394,39025
8544,0,7906,18406,18406,16191,36517
8545,0,23207,37041,37041,12112,20832
8546,0,8194,18694,18694,11842,35194
8547,0,24028,38673,38673,17319,18852
8548,0,10301,20801,20801,38862,20016
8549,0,9041,19541,19541,16067,20349
8550,0,21385,35523,35523,14920,15555
8551,0,2466,12966,12966,13355,19927
8552,0,7657,18157,18157,19866,14124
8553,0,10106,20606,20606,18748,38540
8554,0,9788,20288,20288,14312,12007
8555,0,1913,12413,12413,38020,37370
8556,0,22458,35956,35956,15862,13873
8557,0,2736,13236,13236,36459,14256
8558,0,726,11226,11226,14302,11089
8559,0,7214,17714,17714,18995,37402
8560,0,8245,18745,18745,36513,10637
8561,0,1796,12296,12296,12273,12365
8562,0,3845,14345,14345,39038,15086
8563,0,6402,16902,16902,18981,11401
8564,0,21861,35339,35339,35447,38197
8565,0,23426,35586,35586,17559,16942
8566,0,936,11436,11436,18177,10651
8567,0,2265,12765,12765,35760,36074
8568,0,824,11324,11324,19242,36959
8569,0,22833,37107,37107,20545,19670
8570,0,7274,17774,17774,17640,39226
8571,0,23723,36187,36187,10643,12323
8572,0,1389,11889,11889,17970,36474
8573,0,3564,14064,14064,11291,19014
8574,0,9076,19576,19576,19140,16555
8575,0,5429,15929,15929,37875,35998
8576,0,7827,18327,18327,13989,38503
8577,0,5690,16190,16190,13591,19109
8578,0,21428,37653,37653,11369,17345
8579,0,7878,18378,18378,19682,35500
8580,0,1868,12368,12368,13838,16103
8581,0,8202,18702,18702,11481,37543
8582,0,21980,36201,36201,16471,17011
8583,0,7486,17986,17986,10764,17614
8584,0,9655,20155,20155,20750,16514
8585,0,806,11306,11306,19684,18456
8586,0,4805,15305,15305,16040,16121
8587,0,23169,37841,37841,11503,13677
8588,0,21781,36854,36854,37930,13835
8589,0,10300,20800,20800,18330,38749
8590,0,21858,38326,38326,39124,18059
8591,0,25224,39530,39530,11045,36654
8592,0,10426,20926,20926,11447,20232
8593,0,9155,19655,19655,12613,36758
8594,0,7511,18011,18011,14378,19849
8595,0,8056,18556,18556,20470,36144
8596,0,4494,14994,14994,36360,39485
8597,0,2632,13132,13132,14778,15795
8598,0,24848,37950,37950,16145,18474
8599,0,8896,19396,19396,37300,11730
8600,0,8623,19123,19123,12352,35832
8601,0,7832,18332,18332,19798,18366
8602,0,4388,14888,14888,15449,37988
8603,0,145,10645,10645,38745,20753
8604,0,6467,16967,16967,13104,15505
8605,0,2033,12533,12533,15007,17811
8606,0,22862,38289,38289,14822,38290
8607,0,1165,11665,11665,17228,37675
8608,0,24794,36286,36286,35397,15364
8609,0,2050,12550,12550,17834,38652
8610,0,3760,14260,14260,38048,35598
8611,0,21024,35410,35410,18570,11720
8612,0,23990,37270,37270,39184,12043
8613,0,4435,14935,14935,14485,11999
8614,0,3430,13930,13930,17570,15227
8615,0,8190,18690,18690,16117,19576
8616,0,22445,37743,37743,37622,36913
8617,0,7069,17569,17569,38379,37733
8618,0,4361,14861,14861,18675,14060
8619,0,21704,35210,35210,14682,13287
8620,0,9454,19954,19954,36226,18207
8621,0,1771,12271,12271,16136,15157
8622,0,3511,14011,14011,20678,37909
8623,0,271,10771,10771,20390,16964
8624,0,23557,37578,37578,18977,13927
8625,0,22931,39561,39561,13755,39423
8626,0,8436,18936,18936,10990,10589
8627,0,22937,37199,37199,16960,18838
8628,0,21933,37358,37358,11549,14097
8629,0,2032,12532,12532,18743,37739
8630,0,21062,36910,36910,17472,20080
8631,0,9005,19505,19505,18094,18074
8632,0,21659,39097,39097,13440,19392
8633,0,3810,14310,14310,12722,35634
8634,0,24093,38064,38064,20970,13247
8635,0,9996,20496,20496,17403,39418
8636,0,24581,39427,39427,39526,11451
8637,0,4346,14846,14846,12923,10906
8638,0,23811,35247,35247,11548,10723
8639,0,545,11045,11045,39530,14472
8640,0,3241,13741,13741,37094,37977
8641,0,8930,19430,19430,12991,19923
8642,0,8502,19002,19002,20071,36801
8643,0,21722,36307,36307,19064,17348
8644,0,9323,19823,19823,11307,15548
8645,0,24508,39472,39472,39348,19710
8646,0,22352,36897,36897,18393,38277
8647,0,21469,35555,35555,13077,36742
8648,0,7564,18064,18064,10502,14658
8649,0,920,11420,11420,14392,35449
8650,0,24817,38277,38277,11985,12216
8651,0,24493,36373,36373,37715,39028
8652,0,6640,17140,17140,18269,20980
8653,0,24641,36745,36745,14163,17739
8654,0,7694,18194,18194,39034,10529
8655,0,8230,18730,18730,14660,35238
8656,0,24287,37245,37245,37382,18090
8657,0,7126,17626,17626,38757,14024
8658,0,4278,14778,14778,18317,15775
8659,0,2983,13483,13483,36522,15076
8660,0,130,10630,10630,15666,37502
8661,0,7980,18480,18480,18712,11881
8662,0,2667,13167,13167,36785,15133
8663,0,7138,17638,17638,35391,10739
8664,0,3223,13723,13723,18893,11401
8665,0,9374,19874,19874,38152,36224
8666,0,7693,18193,18193,16406,13895
8667,0,5392,15892,15892,36614,38630
8668,0,614,11114,11114,11567,38242
8669,0,24200,39450,39450,37444,15845
8670,0,1466,11966,11966,19047,36115
8671,0,4497,14997,14997,12982,38915
8672,0,3042,13542,13542,11197,15894
8673,0,9126,19626,19626,36042,13212
8674,0,2419,12919,12919,36614,11662
8675,0,5085,15585,15585,19014,11291
8676,0,3294,13794,13794,38531,38790
8677,0,6737,17237,17237,10897,35495
8678,0,1500,12000,12000,14268,15823
8679,0,21443,37608,37608,18337,38875
8680,0,9018,19518,19518,14396,20790
8681,0,1521,12021,12021,19501,38720
8682,0,22897,38276,38276,12972,36193
8683,0,21395,35716,35716,39441,38756
8684,0,4232,14732,14732,11589,13926
8685,0,7686,18186,18186,36187,14467
8686,0,8820,19320,19320,37618,14219
8687,0,4430,14930,14930,18055,12346
8688,0,23175,36639,36639,13793,18862
8689,0,390,10890,10890,14992,20993
8690,0,23136,37131,37131,20757,35442
8691,0,25098,39390,39390,37633,19607
8692,0,7124,17624,17624,18255,20132
8693,0,5913,16413,16413,14873,15469
8694,0,21521,36776,36776,17203,11716
8695,0,8592,19092,19092,20861,15383
8696,0,4806,15306,15306,39478,19316
8697,0,23452,38028,38028,18607,38965
8698,0,24158,36145,36145,38509,20694
8699,0,8238,18738,18738,17400,35724
8700,0,8044,18544,18544,20109,36789
8701,0,22929,39270,39270,36634,39161
8702,0,3993,14493,14493,12992,10897
8703,0,25030,36428,36428,15855,12323
8704,0,21049,36512,36512,39131,15301
8705,0,24063,38924,38924,15391,19933
8706,0,6609,17109,17109,37721,19836
8707,0,5319,15819,15819,12028,17494
8708,0,23108,39359,39359,12406,12882
8709,0,7119,17619,17619,17576,14624
8710,0,2421,12921,12921,39008,38261
8711,0,5604,16104,16104,35298,16136
8712,0,1750,12250,12250,19940,36545
8713,0,22081,39329,39329,19982,37618
8714,0,23335,38124,38124,39202,38901
8715,0,24094,36848,36848,15756,12969
8716,0,23123,39170,39170,38068,12899
8717,0,338,10838,10838,20434,13554
8718,2,8407,18907,39347,12845,18907
8719,0,23962,36449,36449,36186,19807
8720,0,1341,11841,11841,35440,20091
8721,0,23310,38915,38915,14997,14407
8722,0,7982,18482,18482,16967,12691
8723,0,22795,36680,36680,13529,20824
8724,0,3640,14140,14140,35791,17991
8725,0,329,10829,10829,39128,12329
8726,0,22380,37845,37845,20452,19147
8727,0,3004,13504,13504,15345,12596
8728,0,6960,17460,17460,16148,36335
8729,0,4090,14590,14590,12759,16405
8730,0,23390,35901,35901,16828,35275
8731,1,9828,20328,20599,20328,11070
8732,0,2322,12822,12822,36686,39227
8733,0,6667,17167,17167,37770,14341
8734,0,7009,17509,17509,17883,20885
8735,0,4197,14697,14697,20121,36654
8736,0,3549,14049,14049,39414,16690
8737,0,9650,20150,20150,19797,18013
8738,0,8363,18863,18863,35932,37801
8739,0,4203,14703,14703,19538,36140
8740,0,24834,38572,38572,12064,36980
8741,0,21833,36355,36355,15701,11075
8742,0,22879,37012,37012,36144,16668
8743,0,23739,38003,38003,12870,17251
8744,0,21541,38997,38997,10632,13874
8745,0,6185,16685,16685,11128,35294
8746,0,1639,12139,12139,38050,14264
8747,0,9130,19630,19630,35392,12277
8748,0,60,10560,10560,12087,16132
8749,0,1240,11740,11740,15748,37810
8750,0,5760,16260,16260,15731,11455
8751,0,5136,15636,15636,38796,39050
8752,0,2343,12843,12843,16536,38657
8753,0,2120,12620,12620,12133,14061
8754,0,1524,12024,12024,16249,36258
8755,0,7617,18117,18117,35519,17248
8756,0,153,10653,10653,11360,16265
8757,0,481,10981,10981,11637,13072
8758,0,6122,16622,16622,35306,11615
8759,0,21130,37246,37246,16018,20087
8760,0,7674,18174,18174,13829,36640
8761,0,7101,17601,17601,10682,15991
8762,0,21291,36706,36706,17254,37212
8763,0,1762,12262,12262,35108,20601
8764,0,8942,19442,19442,37269,12148
8765,0,7715,18215,18215,18918,15874
8766,0,9977,20477,20477,17211,17639
8767,0,21610,38222,38222,13182,38894
8768,0,7479,17979,17979,38781,16593
8769,0,6212,16712,16712,36770,38594
8770,0,25223,37287,37287,36985,17485
8771,0,4853,15353,15353,14469,18399
8772,0,2711,13211,13211,19247,17196
8773,0,6766,17266,17266,15263,11800
8774,0,4150,14650,14650,12579,16783
8775,0,23177,36979,36979,19739,17246
8776,0,1333,11833,11833,35256,38904
8777,0,24432,38718,38718,19880,20073
8778,0,22060,35640,35640,36833,18729
8779,6,8378,18878,39539,37137,36338
8780,0,9328,19828,19828,11337,38604
8781,0,23807,38686,38686,18792,20514
8782,0,23769,39153,39153,37171,36352
8783,0,10250,20750,20750,20155,16514
8784,0,22943,39368,39368,16722,11045
8785,0,3850,14350,14350,38158,19187
8786,0,8340,18840,18840,37577,11056
8787,0,4124,14624,14624,17619,17576
8788,1,24727,37675,36294,37675,17228
8789,0,24650,38044,38044,12635,13735
8790,0,21570,36149,36149,15741,36148
8791,0,4788,15288,15288,36103,20041
8792,0,2866,13366,13366,10921,14672
8793,0,23074,36562,36562,20476,11097
8794,0,1386,11886,11886,11757,19919
8795,0,5941,16441,16441,37900,18933
8796,0,3067,13567,13567,37472,36754
8797,0,22311,38189,38189,12918,13425
8798,0,3629,14129,14129,15793,36892
8799,0,21322,38793,38793,39423,17059
8800,0,25060,37583,37583,16446,15259
8801,0,23161,38021,38021,11438,20056
8802,0,3028,13528,13528,19039,17043
8803,0,2969,13469,13469,17305,20149
8804,0,23225,36258,36258,16249,20379
8805,0,9900,20400,20400,17517,38398
8806,0,24514,35739,35739,15846,14332
8807,0,8646,19146,19146,15469,36229
8808,0,6136,16636,16636,36525,39566
8809,0,8801,19301,19301,13614,11365
8810,0,4263,14763,14763,16018,36730
8811,0,23777,37612,37612,19206,35830
8812,0,645,11145,11145,19016,10605
8813,0,22530,39084,39084,11007,10766
8814,0,2074,12574,12574,36531,12349
8815,1,21352,36838,11415,36838,13494
8816,0,341,10841,10841,17882,39469
8817,0,8041,18541,18541,36733,35926
8818,0,1622,12122,12122,38069,37164
8819,0,21487,37469,37469,20481,17158
8820,0,7141,17641,17641,11652,15177
8821,0,5796,16296,16296,11879,35714
8822,0,7184,17684,17684,37282,17028
8823,0,25325,38596,38596,39425,15037
8824,1,8232,18732,10575,18732,11536
8825,0,5475,15975,15975,17465,16650
8826,0,10281,20781,20781,18346,11765
8827,0,23503,36710,36710,11519,36735
8828,0,10367,20867,20867,37826,18848
8829,0,25455,38487,38487,20463,12424
8830,0,74,10574,10574,19987,37408
8831,0,25068,39436,39436,18068,16297
8832,0,22492,39489,39489,35611,19308
8833,0,22715,35443,35443,15789,19667
8834,0,21390,35966,35966,35167,14166
8835,0,10268,20768,20768,15788,36312
8836,0,8633,19133,19133,16589,36041
8837,0,23297,38446,38446,36082,14580
8838,0,2051,12551,12551,10779,17429
8839,0,2541,13041,13041,20980,37335
8840,0,1301,11801,11801,11083,15763
8841,0,5877,16377,16377,19110,37898
8842,0,7368,17868,17868,35835,35606
8843,0,24332,36216,36216,17680,10564
8844,0,1304,11804,11804,38501,17447
8845,0,8428,18928,18928,14482,18094
8846,0,24084,38239,38239,16995,36581
8847,0,2599,13099,13099,15087,20407
8848,0,21973,37402,37402,36129,17714
8849,0,2573,13073,13073,12127,14987
8850,0,21393,36066,36066,17218,12407
8851,0,3186,13686,13686,39418,17403
8852,0,25047,36739,36739,13838,16103
8853,0,2768,13268,13268,20441,35112
8854,0,4831,15331,15331,18385,35535
8855,0,4223,14723,14723,37456,35840
8856,0,24303,39077,39077,15096,36599
8857,0,2106,12606,12606,38309,15958
8858,0,2679,13179,13179,36903,10958
8859,0,24350,35547,35547,39382,37391
8860,0,21547,37474,37474,38670,38397
8861,0,1387,11887,11887,38080,37931
8862,0,24723,39111,39111,11929,15433
8863,0,23351,38840,38840,20624,15595
8864,0,23747,37995,37995,12185,18435
8865,0,25467,39092,39092,13667,14467
8866,0,7083,17583,17583,19026,16493
8867,0,22659,37958,37958,15917,16435
8868,0,21991,37786,37786,38175,39525
8869,0,1279,11779,11779,36828,15298
8870,0,21314,37815,37815,20765,13042
8871,0,804,11304,11304,20183,11148
8872,0,1555,12055,12055,18775,13370
8873,0,21336,38834,38834,16105,15624
8874,0,21283,35976,35976,17034,18233
8875,0,4566,15066,15066,14311,15857
8876,0,24942,37588,37588,38380,38825
8877,0,25481,39105,39105,11438,13581
8878,0,4841,15341,15341,12272,11604
8879,0,3594,14094,14094,13833,20528
8880,0,6035,16535,16535,37608,17139
8881,0,6852,17352,17352,12649,19467
8882,0,10112,20612,20612,19780,38432
8883,0,8705,19205,19205,20844,11500
8884,0,4177,14677,14677,19036,10817
8885,0,1308,11808,11808,35746,11269
8886,0,9106,19606,19606,39362,13926
8887,0,3452,13952,13952,11310,19863
8888,0,3695,14195,14195,17613,14134
8889,0,4242,14742,14742,36577,17988
8890,0,22067,35942,35942,19669,19090
8891,0,2198,12698,12698,15349,38921
8892,0,8966,19466,19466,35735,14356
8893,0,4425,14925,14925,20558,35383
8894,0,6150,16650,16650,12480,11722
8895,0,943,11443,11443,11692,17864
8896,0,822,11322,11322,17061,13542
8897,0,5005,15505,15505,39055,17985
8898,0,6612,17112,17112,15743,17692
8899,0,21334,37063,37063,20368,18077
8900,0,8356,18856,18856,35671,20685
8901,0,5619,16119,16119,12217,19042
8902,1,4547,15047,14010,15047,11612
8903,0,25439,36769,36769,11895,37694
8904,0,2538,13038,13038,35825,15278
8905,0,24030,39227,39227,16531,36686
8906,0,9503,20003,20003,20419,15883
8907,0,5207,15707,15707,13149,35755
8908,0,24822,38873,38873,37336,16849
8909,0,21694,38115,38115,14474,18589
8910,0,3054,13554,13554,13157,18558
8911,0,3675,14175,14175,14956,13132
8912,0,7776,18276,18276,19115,35306
8913,0,7218,17718,17718,19359,13888
8914,0,6722,17222,17222,11643,19469
8915,0,3300,13800,13800,35406,17239
8916,0,3310,13810,13810,39213,13069
8917,0,7221,17721,17721,11507,37752
8918,0,8519,19019,19019,10633,20368
8919,0,24705,35276,35276,37539,14390
8920,0,5954,16454,16454,17424,39007
8921,0,24745,35592,35592,17384,38240
8922,0,22889,37194,37194,10904,17210
8923,0,832,11332,11332,18183,20258
8924,0,25114,35865,35865,13913,19318
8925,0,3462,13962,13962,11391,10557
8926,0,24735,38597,38597,20554,36067
8927,0,7643,18143,18143,16245,17988
8928,0,54,10554,10554,20597,15679
8929,0,23350,36850,36850,12800,12547
8930,0,3451,13951,13951,15657,17354
8931,0,6305,16805,16805,37333,13261
8932,0,10093,20593,20593,38152,17085
8933,0,1481,11981,11981,16379,35462
8934,0,4873,15373,15373,16165,17726
8935,0,22442,37681,37681,35728,35308
8936,0,8038,18538,18538,10683,17670
8937,0,23567,36936,36936,20283,11769
8938,0,3335,13835,13835,20631,38066
8939,0,6016,16516,16516,12655,11783
8940,0,4926,15426,15426,13299,16803
8941,0,9138,19638,19638,14376,10633
8942,0,5797,16297,16297,39436,12877
8943,0,23946,36079,36079,37906,11886
8944,0,10353,20853,20853,17143,38154
8945,0,21889,39342,39342,19995,35192
8946,0,5083,15583,15583,39580,35938
8947,0,6645,17145,17145,38241,39346
8948,0,23580,37075,37075,37544,10516
8949,0,22630,35843,35843,15016,17133
8950,0,5490,15990,15990,38844,38162
8951,0,768,11268,11268,16917,39158
8952,0,2065,12565,12565,11445,36878
8953,0,21588,38852,38852,20577,14579
8954,0,23387,36281,36281,14435,18278
8955,0,7311,17811,17811,15007,35939
8956,0,8477,18977,18977,37578,13927
8957,0,21725,39503,39503,11786,18995
8958,0,4524,15024,15024,20269,15131
8959,0,24840,36162,36162,13368,18566
8960,0,25012,35118,35118,11689,19962
8961,0,2717,13217,13217,10998,18860
8962,0,2079,12579,12579,16783,14650
8963,0,23333,36175,36175,17033,18499
8964,0,8914,19414,19414,36597,35296
8965,0,951,11451,11451,39526,39427
8966,0,8058,18558,18558,13554,13157
8967,0,2482,12982,12982,14997,18127
8968,0,10454,20954,20954,14669,17614
8969,0,9181,19681,19681,12541,13811
8970,0,25424,35998,35998,15929,37875
8971,0,1759,12259,12259,36538,11630
8972,0,9984,20484,20484,19540,35380
8973,0,4422,14922,14922,17210,15023
8974,0,6704,17204,17204,17454,13200
8975,0,9916,20416,20416,18470,17266
8976,0,5182,15682,15682,16854,35872
8977,0,8533,19033,19033,15039,20732
8978,0,3701,14201,14201,11600,12838
8979,0,4243,14743,14743,13244,16285
8980,0,688,11188,11188,37209,18615
8981,0,3432,13932,13932,36358,17068
8982,0,24936,37989,37989,13650,18786
8983,0,4944,15444,15444,10523,10940
8984,0,966,11466,11466,39590,18503
8985,0,25265,39154,39154,13124,17196
8986,0,21882,38831,38831,12631,11225
8987,0,10395,20895,20895,37866,35923
8988,0,2713,13213,13213,15908,17511
8989,0,4757,15257,15257,36960,10863
8990,0,21026,37884,37884,20673,35427
8991,0,22075,36944,36944,15942,38366
8992,0,23121,38917,38917,20110,20683
8993,0,6320,16820,16820,39082,16937
8994,0,23900,38066,38066,35223,20713
8995,0,5975,16475,16475,11540,15694
8996,0,3572,14072,14072,36344,15748
8997,0,22933,37591,37591,10729,35431
8998,0,5299,15799,15799,13144,11599
8999,0,1990,12490,12490,13618,18927
9000,0,25388,36906,36906,36508,14347
9001,0,24986,37545,37545,14220,37892
9002,0,1205,11705,11705,18931,37085
9003,0,24605,38084,38084,35193,12604
9004,0,23730,37644,37644,17795,39109
9005,0,4971,15471,15471,18311,20050
9006,0,23754,39182,39182,14200,18433
9007,0,21721,37820,37820,12708,16282
9008,0,6783,17283,17283,13334,13986
9009,0,3600,14100,14100,15868,20567
9010,0,6490,16990,16990,36699,16359
9011,0,8609,19109,19109,16190,20183
9012,0,25058,39559,39559,15682,16854
9013,0,21863,38164,38164,12460,16533
9014,0,8070,18570,18570,37015,11704
9015,0,8577,19077,19077,19027,10836
9016,0,7973,18473,18473,19272,20098
9017,0,24962,38568,38568,14005,12237
9018,0,1625,12125,12125,35550,10953
9019,0,536,11036,11036,13392,16908
9020,0,8766,19266,19266,20032,16667
9021,0,7970,18470,18470,20416,14666
9022,0,23842,37818,37818,38411,38755
9023,0,4212,14712,14712,13247,36254
9024,0,6456,16956,16956,38580,12323
9025,0,3507,14007,14007,16221,19801
9026,0,8393,18893,18893,13723,11136
9027,0,9524,20024,20024,20591,37020
9028,0,7112,17612,17612,15752,36516
9029,0,24134,36288,36288,15393,36274
9030,0,2708,13208,13208,20046,39016
9031,0,5031,15531,15531,10798,15760
9032,0,6514,17014,17014,13595,11079
9033,0,4662,15162,15162,18290,36859
9034,0,4021,14521,14521,14823,11434
9035,0,1854,12354,12354,12348,38296
9036,0,25140,38746,38746,12980,20451
9037,0,2872,13372,13372,19381,36113
9038,0,3030,13530,13530,39306,17998
9039,0,9397,19897,19897,39150,10651
9040,0,1645,12145,12145,13490,20209
9041,0,3417,13917,13917,35534,36687
9042,0,3476,13976,13976,18388,13957
9043,0,21828,38925,38925,13315,13245
9044,0,22105,35647,35647,20973,37654
9045,0,1792,12292,12292,15687,38215
9046,0,3797,14297,14297,12931,35194
9047,0,3368,13868,13868,20209,13861
9048,0,23548,36153,36153,16623,12903
9049,0,21300,36319,36319,10841,16818
9050,0,7196,17696,17696,39254,11252
9051,0,23709,39064,39064,11685,37788
9052,0,5109,15609,15609,18351,20607
9053,0,6024,16524,16524,19311,36512
9054,0,22042,36235,36235,16310,12924
9055,0,8795,19295,19295,38655,15045
9056,0,23275,35842,35842,38285,15846
9057,0,23171,38545,38545,36550,10707
9058,0,126,10626,10626,15815,18997
9059,0,5959,16459,16459,12294,17040
9060,0,3876,14376,14376,19638,38978
9061,0,24955,35721,35721,10809,19097
9062,0,4451,14951,14951,19789,12041
9063,0,7147,17647,17647,35666,13375
9064,0,3531,14031,14031,38867,18647
9065,0,22182,35516,35516,12417,11386
9066,0,827,11327,11327,19872,37406
9067,0,9831,20331,20331,11671,18038
9068,0,7790,18290,18290,18835,15162
9069,0,984,11484,11484,19740,11969
9070,0,22256,36067,36067,13446,15497
9071,0,22979,35791,35791,14140,14626
9072,0,7783,18283,18283,13499,11193
9073,0,10380,20880,20880,18837,13651
9074,0,23141,38969,38969,37403,16253
9075,0,2443,12943,12943,37590,20112
9076,0,8554,19054,19054,11917,13362
9077,0,24327,35135,35135,18127,11435
9078,0,345,10845,10845,11480,35898
9079,0,814,11314,11314,16733,20758
9080,0,6166,16666,16666,37839,37007
9081,0,23281,37593,37593,15746,20273
9082,0,22030,35991,35991,12932,17311
9083,0,23711,38215,38215,37530,12292
9084,0,22201,39264,39264,17532,16484
9085,0,21909,36111,36111,14665,19774
9086,0,21071,36892,36892,14129,15712
9087,0,5779,16279,16279,10565,16436
9088,0,2116,12616,12616,15701,18615
9089,0,10026,20526,20526,15698,15409
9090,0,793,11293,11293,14915,16226
9091,0,25469,39514,39514,12428,14058
9092,0,6898,17398,17398,15651,35315
9093,0,2674,13174,13174,17209,15071
9094,0,94,10594,10594,13237,16368
9095,0,4225,14725,14725,20661,12035
9096,0,3756,14256,14256,13896,14432
9097,0,2891,13391,13391,38615,18159
9098,0,2371,12871,12871,10544,38769
9099,0,24621,36014,36014,13112,11396
9100,0,24198,38684,38684,17252,19994
9101,0,3228,13728,13728,20224,11981
9102,0,7863,18363,18363,18603,17210
9103,0,6359,16859,16859,11461,20317
9104,0,23231,39340,39340,11142,17527
9105,0,23564,37696,37696,38736,11440
9106,0,7326,17826,17826,17635,13791
9107,0,6028,16528,16528,10672,12636
9108,0,22664,35639,35639,38657,35354
9109,0,22798,38023,38023,13160,11551
9110,0,21056,35698,35698,16904,20474
9111,0,1865,12365,12365,37123,38096
9112,0,4612,15112,15112,12254,13584
9113,0,10049,20549,20549,14130,16510
9114,0,2645,13145,13145,13980,36732
9115,0,2243,12743,12743,17723,14762
9116,0,5373,15873,15873,16055,37936
9117,0,2336,12836,12836,18489,38234
9118,0,950,11450,11450,12967,37227
9119,0,22392,35854,35854,13884,35830
9120,0,1120,11620,11620,15154,19496
9121,0,23568,35383,35383,35296,13123
9122,0,2204,12704,12704,18407,12156
9123,0,419,10919,10919,12042,35360
9124,0,922,11422,11422,12740,14927
9125,0,9446,19946,19946,13350,12510
9126,0,8669,19169,19169,39513,35449
9127,0,10227,20727,20727,18244,37211
9128,0,5408,15908,15908,13213,37092
9129,0,5788,16288,16288,17652,11834
9130,0,5742,16242,16242,13247,17990
9131,0,7667,18167,18167,38651,39257
9132,0,5567,16067,16067,19541,12432
9133,0,8135,18635,18635,19601,38246
9134,0,1202,11702,11702,18714,12040
9135,0,22729,35412,35412,15814,18675
9136,0,5765,16265,16265,10653,20572
9137,0,8389,18889,18889,11527,14197
9138,0,1970,12470,12470,14946,37550
9139,0,21901,35896,35896,38930,14417
9140,0,4018,14518,14518,15666,17391
9141,0,10343,20843,20843,14299,36269
9142,0,3687,14187,14187,12049,19523
9143,0,23914,37702,37702,11718,18057
9144,0,1997,12497,12497,19642,12356
9145,0,4033,14533,14533,10797,11186
9146,0,21505,39440,39440,15298,19153
9147,0,25362,35840,35840,35742,38806
9148,0,1248,11748,11748,12270,36425
9149,0,2192,12692,12692,18877,16170
9150,0,2712,13212,13212,15749,15788
9151,0,9184,19684,19684,39456,11306
9152,0,2190,12690,12690,20497,37883
9153,0,4670,15170,15170,13808,11680
9154,0,5142,15642,15642,15315,39519
9155,0,5984,16484,16484,35130,37193
9156,0,6565,17065,17065,18477,37421
9157,0,7804,18304,18304,38082,14102
9158,0,24234,36548,36548,19723,39318
9159,0,6943,17443,17443,16186,14973
9160,0,22966,36383,36383,15564,36415
9161,0,22377,37497,37497,11558,17504
9162,0,9510,20010,20010,18259,11109
9163,0,10055,20555,20555,15476,12898
9164,0,23708,35129,35129,12663,13105
9165,0,24711,35235,35235,17142,20645
9166,0,2136,12636,12636,18101,19692
9167,0,1065,11565,11565,37919,19564
9168,0,600,11100,11100,35183,37397
9169,0,4227,14727,14727,11939,37279
9170,0,22525,35407,35407,10576,12572
9171,0,7577,18077,18077,17429,37409
9172,0,77,10577,10577,18402,17132
9173,0,7546,18046,18046,17047,18914
9174,0,2898,13398,13398,36695,20428
9175,0,4820,15320,15320,16406,18199
9176,0,9506,20006,20006,38348,13529
9177,0,25338,38559,38559,38182,15692
9178,0,6413,16913,16913,13167,36785
9179,0,9444,19944,19944,18616,35291
9180,0,9064,19564,19564,10797,20005
9181,0,25291,36636,36636,38215,17103
9182,0,8007,18507,18507,14786,20753
9183,0,5468,15968,15968,36185,37216
9184,0,5951,16451,16451,35256,11669
9185,0,23989,39247,39247,20501,36629
9186,0,25191,35751,35751,15890,35463
9187,0,3391,13891,13891,35714,17731
9188,0,5415,15915,15915,12082,36324
9189,0,2560,13060,13060,18865,18313
9190,0,23939,39430,39430,36571,35747
9191,0,8162,18662,18662,16993,12510
9192,0,2635,13135,13135,17532,39467
9193,0,5256,15756,15756,36848,37909
9194,0,3530,14030,14030,38666,16023
9195,0,8567,19067,19067,18788,17248
9196,0,1908,12408,12408,13557,13518
9197,0,23719,37215,37215,18864,18087
9198,0,25011,38500,38500,12186,39470
9199,0,235,10735,10735,36064,12696
9200,0,21047,36813,36813,12778,36341
9201,0,1604,12104,12104,37227,38111
9202,0,7984,18484,18484,14984,15995
9203,0,9310,19810,19810,11580,15628
9204,0,25235,36463,36463,10854,12996
9205,0,3490,13990,13990,13486,36307
9206,2,24938,39374,18964,19599,39374
9207,0,21877,35744,35744,18664,15662
9208,0,1994,12494,12494,35632,12072
9209,0,2824,13324,13324,14353,36901
9210,0,21017,38535,38535,35793,12343
9211,1,21065,35162,20429,35162,14461
9212,0,1342,11842,11842,12945,18694
9213,0,8512,19012,19012,16563,13471
9214,0,1619,12119,12119,37869,18766
9215,0,22394,36499,36499,15690,35224
9216,0,5287,15787,15787,16051,36736
9217,0,2060,12560,12560,19213,12769
9218,0,21904,39526,39526,11451,39427
9219,0,2219,12719,12719,14665,19985
9220,0,9865,20365,20365,36069,19614
9221,0,6038,16538,16538,15554,39488
9222,0,260,10760,10760,35146,20997
9223,0,25485,38654,38654,11525,20654
9224,0,10231,20731,20731,17769,17686
9225,0,23490,37571,37571,13045,17791
9226,0,9093,19593,19593,36152,11779
9227,0,3744,14244,14244,11572,19309
9228,0,2026,12526,12526,12507,18916
9229,0,6988,17488,17488,12461,16394
9230,0,4234,14734,14734,37184,17126
9231,0,1917,12417,12417,35516,17892
9232,0,1828,12328,12328,13058,17731
9233,0,9765,20265,20265,14736,19263
9234,0,23649,37201,37201,18042,12085
9235,0,23506,37535,37535,38074,16130
9236,0,6233,16733,16733,11314,20758
9237,0,21012,38606,38606,16126,18023
9238,0,25354,37440,37440,11115,11555
9239,0,6283,16783,16783,15826,19707
9240,0,4208,14708,14708,38707,36240
9241,0,25080,37413,37413,16465,10906
9242,0,224,10724,10724,12101,13273
9243,0,8915,19415,19415,20654,18970
9244,0,10002,20502,20502,10655,17534
9245,0,9333,19833,19833,10731,13430
9246,0,21384,38315,38315,37184,17226
9247,0,6469,16969,16969,10693,14820
9248,0,22066,38729,38729,18718,39500
9249,0,23040,38340,38340,13094,18722
9250,0,23687,39190,39190,20305,16503
9251,0,25245,35548,35548,12590,11558
9252,0,846,11346,11346,15174,36572
9253,0,4289,14789,14789,35798,17915
9254,0,5560,16060,16060,39177,37740
9255,0,21615,37828,37828,18643,38015
9256,0,2551,13051,13051,11503,37888
9257,0,21068,35714,35714,38333,13891
9258,0,117,10617,10617,10553,13506
9259,0,8837,19337,19337,17271,10963
9260,0,5966,16466,16466,36483,19155
9261,0,8195,18695,18695,11573,37971
9262,0,21179,36956,36956,18318,39143
9263,0,8659,19159,19159,19365,17401
9264,0,7489,17989,17989,36492,36609
9265,0,5,10505,10505,15685,38261
9266,0,5342,15842,15842,11867,17968
9267,0,9111,19611,19611,14406,20498
9268,0,25270,35381,35381,14565,10893
9269,0,4324,14824,14824,36494,16409
9270,0,1063,11563,11563,15333,16509
9271,0,2590,13090,13090,35981,11940
9272,0,8434,18934,18934,14231,13852
9273,0,21750,37640,37640,19101,13935
9274,0,9352,19852,19852,15347,18578
9275,0,21910,35656,35656,16977,11631
9276,0,3735,14235,14235,17707,37155
9277,0,25180,35183,35183,11365,11100
9278,0,3517,14017,14017,36701,11198
9279,0,6986,17486,17486,15270,16729
9280,0,21171,36207,36207,12696,36549
9281,0,25110,35349,35349,17950,17785
9282,0,6767,17267,17267,19008,14934
9283,0,5622,16122,16122,18528,35702
9284,0,1605,12105,12105,13593,19962
9285,0,1733,12233,12233,16842,16374
9286,0,21621,35110,35110,16800,38683
9287,0,23978,35495,35495,17237,10897
9288,0,24286,38617,38617,11101,12586
9289,0,9504,20004,20004,14404,38266
9290,0,25108,36234,36234,13462,10654
9291,0,3812,14312,14312,12007,20288
9292,0,23938,39041,39041,12289,14474
9293,0,25287,35148,35148,11596,11453
9294,0,10167,20667,20667,14568,11978
9295,0,22768,36300,36300,13549,35137
9296,0,1761,12261,12261,38399,37915
9297,0,5401,15901,15901,36812,19721
9298,0,2739,13239,13239,18842,15867
9299,0,22123,39049,39049,15158,38447
9300,0,2472,12972,12972,36193,38276
9301,1,6738,17238,11787,17238,10713
9302,0,6891,17391,17391,18261,14518
9303,0,24989,36793,36793,39196,15661
9304,0,7943,18443,18443,18716,20504
9305,0,25052,37504,37504,13086,38411
9306,0,9685,20185,20185,12274,10731
9307,0,4206,14706,14706,20168,12938
9308,0,6371,16871,16871,13971,18443
9309,0,10350,20850,20850,19685,37408
9310,0,9361,19861,19861,12785,14114
9311,0,10348,20848,20848,15181,19004
9312,0,232,10732,10732,20443,35192
9313,0,8258,18758,18758,12373,36763
9314,0,7561,18061,18061,20945,17925
9315,0,9795,20295,20295,11733,37732
9316,0,6168,16668,16668,36144,19808
9317,0,25368,36069,36069,20365,18514
9318,0,3596,14096,14096,19281,37533
9319,0,6288,16788,16788,14383,39279
9320,0,4632,15132,15132,38005,39351
9321,0,125,10625,10625,18495,11158
9322,0,7641,18141,18141,13408,15382
9323,0,6229,16729,16729,15270,17486
9324,0,21361,38136,38136,38696,14226
9325,0,1296,11796,11796,14567,38838
9326,0,1976,12476,12476,37654,20616
9327,0,21040,38825,38825,12542,38380
9328,0,25279,38764,38764,19307,36997
9329,0,10267,20767,20767,18543,10884
9330,0,23544,37366,37366,14470,12725
9331,0,5750,16250,16250,17180,39555
9332,0,8152,18652,18652,19173,12656
9333,0,24672,39155,39155,11740,19227
9334,0,3086,13586,13586,13843,37294
9335,0,21427,38521,38521,15011,39054
9336,0,6882,17382,17382,35395,11172
9337,0,23886,38563,38563,17383,17009
9338,0,7673,18173,18173,15998,35629
9339,0,3345,13845,13845,39308,19215
9340,0,8172,18672,18672,16213,18163
9341,0,21744,38740,38740,36805,19057
9342,0,5870,16370,16370,16530,14499
9343,0,6506,17006,17006,16038,17743
9344,0,2797,13297,13297,18922,14881
9345,0,918,11418,11418,16629,11271
9346,0,1646,12146,12146,35136,38599
9347,0,5122,15622,15622,19271,38938
9348,0,5126,15626,15626,11878,11808
9349,0,25441,37764,37764,13892,38025
9350,0,24607,38217,38217,37463,37827
9351,0,4621,15121,15121,10724,19858
9352,0,6809,17309,17309,19501,36869
9353,0,364,10864,10864,19996,16233
9354,0,21282,36073,36073,39304,18227
9355,0,2125,12625,12625,10509,12634
9356,0,8150,18650,18650,38192,37211
9357,0,24372,36909,36909,11426,13653
9358,0,22474,37355,37355,12777,19598
9359,0,8717,19217,19217,17748,13505
9360,0,25130,37607,37607,17037,37403
9361,0,55,10555,10555,39586,20759
9362,0,638,11138,11138,16579,12482
9363,0,302,10802,10802,19320,19982
9364,0,22829,35552,35552,16840,17803
9365,0,5811,16311,16311,39523,37375
9366,0,1276,11776,11776,15621,18845
9367,0,23157,37506,37506,11638,12508
9368,0,10247,20747,20747,14057,36017
9369,0,21552,38162,38162,12043,38043
9370,0,23414,37931,37931,37819,17731
9371,0,4432,14932,14932,35569,12147
9372,0,3644,14144,14144,20684,38855
9373,1,4143,14643,15543,14643,11029
9374,0,2878,13378,13378,16415,15311
9375,0,24026,36988,36988,35521,11594
9376,0,6493,16993,16993,16456,14065
9377,0,23066,37961,37961,11052,17554
9378,0,10478,20978,20978,15273,17614
9379,0,10453,20953,20953,20737,35960
9380,0,5240,15740,15740,20080,13699
9381,0,23657,38714,38714,36633,14222
9382,0,10488,20988,20988,18796,10679
9383,0,6937,17437,17437,20153,15025
9384,0,7240,17740,17740,12670,12681
9385,0,9945,20445,20445,36154,11689
9386,0,23532,37983,37983,15315,11107
9387,0,10160,20660,20660,17655,15123
9388,0,2593,13093,13093,20122,13890
9389,0,23047,35903,35903,17407,36550
9390,0,2393,12893,12893,36942,19625
9391,0,523,11023,11023,35680,12115
9392,0,6376,16876,16876,19420,17208
9393,0,6981,17481,17481,36130,13829
9394,0,23722,38310,38310,12456,11903
9395,0,6677,17177,17177,39124,16826
9396,0,3900,14400,14400,17087,19355
9397,0,24699,39054,39054,16203,38521
9398,0,21264,37485,37485,12586,38617
9399,0,5585,16085,16085,19974,37265
9400,0,21756,38648,38648,39092,14218
9401,0,7956,18456,18456,37967,15502
9402,0,7570,18070,18070,16025,12482
9403,0,22208,35908,35908,19207,38866
9404,0,6777,17277,17277,36887,18445
9405,0,22142,36942,36942,12436,12893
9406,0,10161,20661,20661,11457,17463
9407,0,671,11171,11171,14572,36842
9408,0,4188,14688,14688,38698,20725
9409,0,666,11166,11166,17196,16914
9410,0,3266,13766,13766,15865,18811
9411,0,1887,12387,12387,35329,35489
9412,0,23068,36052,36052,35897,37345
9413,0,8472,18972,18972,18838,13386
9414,0,9911,20411,20411,12553,15577
9415,0,22810,35733,35733,18180,14176
9416,0,23036,37241,37241,20200,37687
9417,0,9091,19591,19591,10842,35464
9418,0,7687,18187,18187,17978,35648
9419,0,6031,16531,16531,13425,37970
9420,0,25432,39348,39348,39472,19710
9421,0,6090,16590,16590,19413,14172
9422,0,6238,16738,16738,10746,20347
9423,0,7350,17850,17850,38933,18489
9424,0,7830,18330,18330,20800,16925
9425,0,760,11260,11260,10858,37503
9426,0,6254,16754,16754,37906,16296
9427,0,1906,12406,12406,35423,39359
9428,0,25497,36828,36828,11779,16728
9429,0,22501,36609,36609,16126,36492
9430,1,24419,36924,18602,36924,39251
9431,0,3818,14318,14318,11838,11931
9432,0,6269,16769,16769,18408,12604
9433,0,4300,14800,14800,10696,15961
9434,0,5569,16069,16069,39523,37375
9435,0,7941,18441,18441,19150,36142
9436,0,22378,35379,35379,13850,11598
9437,0,4164,14664,14664,37333,14523
9438,0,23408,35817,35817,19292,18340
9439,0,5971,16471,16471,14886,18769
9440,0,3579,14079,14079,20444,37798
9441,0,2832,13332,13332,39141,17268
9442,0,5449,15949,15949,17948,35711
9443,0,3472,13972,13972,38519,36301
9444,0,6327,16827,16827,16937,13690
9445,0,137,10637,10637,36927,13930
9446,0,7043,17543,17543,19716,14399
9447,0,4892,15392,15392,19869,17174
9448,0,2180,12680,12680,37773,13821
9449,0,10320,20820,20820,16668,15909
9450,0,7730,18230,18230,19367,14949
9451,0,3177,13677,13677,11503,37841
9452,0,4854,15354,15354,11814,12015
9453,0,4637,15137,15137,19193,17743
9454,0,5115,15615,15615,35348,16988
9455,0,22296,38799,38799,14112,11771
9456,0,7648,18148,18148,35836,13465
9457,0,4261,14761,14761,19348,13433
9458,0,22813,37130,37130,39197,19363
9459,0,1331,11831,11831,15992,35662
9460,0,10209,20709,20709,39169,10733
9461,0,21856,37328,37328,12867,14718
9462,0,23451,35268,35268,11500,19205
9463,0,7002,17502,17502,15015,14182
9464,0,9550,20050,20050,38327,37315
9465,0,6941,17441,17441,11789,11866
9466,0,8017,18517,18517,38251,19197
9467,0,6241,16741,16741,18553,10994
9468,0,9521,20021,20021,38830,16756
9469,0,24355,39571,39571,13319,12149
9470,0,6881,17381,17381,20729,11280
9471,0,25146,37645,37645,18320,36119
9472,0,10342,20842,20842,17238,14509
9473,0,4530,15030,15030,38997,38242
9474,0,10314,20814,20814,11589,14732
9475,0,4673,15173,15173,16611,14428
9476,0,25208,36767,36767,15613,39178
9477,0,6996,17496,17496,13304,11219
9478,0,1252,11752,11752,19303,18433
9479,0,22639,36064,36064,11337,10735
9480,0,3374,13874,13874,17155,38997
9481,0,2814,13314,13314,20176,16568
9482,0,4719,15219,15219,36377,13023
9483,0,6544,17044,17044,13609,37232
9484,0,10040,20540,20540,36531,12574
9485,0,4858,15358,15358,12778,19787
9486,0,7901,18401,18401,20910,16736
9487,0,23553,35823,35823,36909,35717
9488,0,8580,19080,19080,18257,11475
9489,0,8427,18927,18927,13618,12490
9490,0,1077,11577,11577,38356,14671
9491,0,10176,20676,20676,17317,36666
9492,0,4363,14863,14863,13061,13619
9493,0,23670,36748,36748,11024,11096
9494,0,770,11270,11270,16107,10948
9495,0,10357,20857,20857,16784,37173
9496,0,21028,37319,37319,37248,17787
9497,0,8865,19365,19365,19159,17401
9498,0,249,10749,10749,35254,11990
9499,0,9766,20266,20266,36691,14978
9500,0,7239,17739,17739,36745,16981
9501,0,3419,13919,13919,14896,37310
9502,0,10273,20773,20773,15507,35686
9503,0,10015,20515,20515,14242,38781
9504,0,24977,39001,39001,20207,11669
9505,0,4976,15476,15476,12898,20555
9506,0,4544,15044,15044,12927,35690
9507,0,5565,16065,16065,13057,36917
9508,0,7939,18439,18439,15117,11213
9509,0,716,11216,11216,17623,20627
9510,0,23367,39082,39082,16820,16937
9511,0,22479,36932,36932,16632,15563
9512,0,2048,12548,12548,14812,19888
9513,0,5997,16497,16497,20001,36933
9514,0,6600,17100,17100,17427,15511
9515,0,7245,17745,17745,36348,12800
9516,0,23760,38050,38050,14264,17170
9517,0,4178,14678,14678,20723,19377
9518,0,4809,15309,15309,17599,38365
9519,0,24163,35510,35510,35820,16902
9520,0,24584,38829,38829,37684,14142
9521,0,7140,17640,17640,39226,17774
9522,0,7190,17690,17690,38522,37772
9523,0,1460,11960,11960,39487,13081
9524,0,5989,16489,16489,13897,35160
9525,0,9860,20360,20360,19614,11357
9526,0,24640,35542,35542,14190,17066
9527,0,2000,12500,12500,37224,19442
9528,0,23508,37357,37357,17025,38196
9529,0,24031,37399,37399,12523,11746
9530,0,8175,18675,18675,20640,11938
9531,0,404,10904,10904,17338,37194
9532,0,384,10884,10884,18543,35670
9533,0,22322,38779,38779,37271,17123
9534,0,22307,38835,38835,18364,36685
9535,0,10344,20844,20844,19205,15808
9536,0,1633,12133,12133,12620,20552
9537,0,22517,38929,38929,18025,38951
9538,0,25393,38366,38366,11134,16162
9539,0,4784,15284,15284,16322,12298
9540,0,21108,38794,38794,14793,18385
9541,0,6970,17470,17470,37082,38985
9542,0,3925,14425,14425,18976,38425
9543,0,24611,38122,38122,18613,17479
9544,0,4158,14658,14658,11668,13283
9545,0,7449,17949,17949,38506,16073
9546,0,22338,37734,37734,17261,12360
9547,0,21076,38144,38144,17083,12854
9548,0,8415,18915,18915,12809,19797
9549,0,2193,12693,12693,14275,15699
9550,0,25409,35922,35922,38489,19799
9551,0,25340,37255,37255,20782,39248
9552,0,10016,20516,20516,39416,20270
9553,0,1015,11515,11515,11808,35164
9554,0,5124,15624,15624,12371,38834
9555,0,24713,37758,37758,14923,12796
9556,0,7418,17918,17918,35964,18516
9557,0,7409,17909,17909,38304,13310
9558,0,8989,19489,19489,16573,11351
9559,0,2871,13371,13371,14258,11714
9560,0,9,10509,10509,39403,19113
9561,0,10136,20636,20636,38701,35559
9562,0,1838,12338,12338,16901,12278
9563,0,4804,15304,15304,36561,12986
9564,0,255,10755,10755,17145,18690
9565,0,7026,17526,17526,38630,17996
9566,0,5713,16213,16213,18672,12887
9567,0,21216,37271,37271,38779,38440
9568,0,3324,13824,13824,16406,18193
9569,0,7714,18214,18214,11795,12017
9570,0,1581,12081,12081,12773,17494
9571,0,25492,35742,35742,11321,11662
9572,0,924,11424,11424,17965,15215
9573,0,2779,13279,13279,14395,14766
9574,0,25253,35294,35294,11128,16685
9575,0,7891,18391,18391,38943,11308
9576,0,6132,16632,16632,16401,12409
9577,0,22350,37810,37810,11740,15748
9578,0,5320,15820,15820,36204,19029
9579,0,7312,17812,17812,13750,11516
9580,0,7102,17602,17602,11778,14667
9581,0,6042,16542,16542,13387,10849
9582,0,3775,14275,14275,14831,12693
9583,0,4835,15335,15335,11269,16684
9584,0,25351,36922,36922,13507,13800
9585,0,4964,15464,15464,16148,39538
9586,0,24677,35565,35565,38371,16030
9587,0,539,11039,11039,16426,17106
9588,0,7483,17983,17983,14303,35472
9589,0,2745,13245,13245,36650,14908
9590,0,3719,14219,14219,10823,19320
9591,0,25134,38906,38906,38980,38852
9592,0,6819,17319,17319,38673,18852
9593,0,22447,38253,38253,11022,20070
9594,0,9337,19837,19837,18736,18738
9595,0,24289,37913,37913,38491,15180
9596,0,4468,14968,14968,12384,19167
9597,0,667,11167,11167,14223,13711
9598,0,7575,18075,18075,16582,18340
9599,0,24914,35805,35805,19293,12158
9600,0,8549,19049,19049,37755,20262
9601,0,5063,15563,15563,35228,11468
9602,0,21267,35617,35617,15308,15035
9603,0,21669,35569,35569,14932,35168
9604,0,1353,11853,11853,16578,20195
9605,0,24693,37917,37917,18613,16090
9606,0,7114,17614,17614,20978,14086
9607,0,24065,39260,39260,18708,12692
9608,0,8662,19162,19162,11964,11931
9609,0,2703,13203,13203,18785,14173
9610,1,3330,13830,11469,13830,14772
9611,0,8053,18553,18553,16741,10994
9612,0,24778,36423,36423,15066,20500
9613,0,9588,20088,20088,19690,11391
9614,0,3584,14084,14084,39333,17689
9615,0,25249,38771,38771,19765,15797
9616,0,23582,38048,38048,14260,35598
9617,0,5645,16145,16145,36134,20636
9618,0,3376,13876,13876,12784,20546
9619,0,1256,11756,11756,37901,13541
9620,0,6190,16690,16690,39414,14041
9621,0,21474,36298,36298,16584,15008
9622,0,21070,38437,38437,38196,37357
9623,0,25423,38564,38564,15932,11056
9624,0,9442,19942,19942,36754,39577
9625,0,25089,38581,38581,17654,39132
9626,0,5348,15848,15848,14292,16029
9627,0,21022,35597,35597,36895,16503
9628,0,23516,37084,37084,38127,16684
9629,0,23680,36070,36070,35915,15446
9630,0,22221,35719,35719,18701,20012
9631,0,4175,14675,14675,12479,12408
9632,0,23357,38054,38054,17436,16351
9633,0,4910,15410,15410,15032,20409
9634,0,1852,12352,12352,19123,18429
9635,0,6316,16816,16816,17133,13071
9636,0,23924,37566,37566,17245,16221
9637,0,22061,39380,39380,10652,13664
9638,0,2105,12605,12605,19275,12345
9639,0,133,10633,10633,19638,19019
9640,0,25496,38022,38022,35187,35442
9641,0,5029,15529,15529,39095,36533
9642,0,928,11428,11428,18985,35311
9643,0,823,11323,11323,17691,12868
9644,0,7576,18076,18076,36046,38211
9645,0,24136,36226,36226,19954,18207
9646,0,1531,12031,12031,10616,17535
9647,0,1214,11714,11714,36124,13371
9648,0,504,11004,11004,39249,12679
9649,0,22471,37071,37071,12113,13692
9650,0,10188,20688,20688,13737,19841
9651,0,6530,17030,17030,16977,11631
9652,0,3072,13572,13572,20240,13259
9653,0,10150,20650,20650,38447,13121
9654,0,9576,20076,20076,16683,35464
9655,0,9086,19586,19586,20628,17031
9656,0,24039,37710,37710,36380,12320
9657,0,8647,19147,19147,19934,10922
9658,0,6619,17119,17119,35152,13143
9659,0,21262,38565,38565,19718,17251
9660,0,9273,19773,19773,15783,18697
9661,0,3709,14209,14209,38580,18718
9662,0,24930,38980,38980,38906,20775
9663,0,4849,15349,15349,12698,38921
9664,0,4748,15248,15248,15325,39139
9665,0,4268,14768,14768,16482,13942
9666,0,24782,36308,36308,36839,36348
9667,0,22636,36920,36920,16751,17345
9668,0,21354,36388,36388,14831,14275
9669,0,24519,39414,39414,14049,16690
9670,0,8905,19405,19405,19119,35131
9671,0,4186,14686,14686,36335,19190
9672,0,10406,20906,20906,20775,38980
9673,0,5301,15801,15801,14635,38798
9674,0,2923,13423,13423,36110,35203
9675,0,6588,17088,17088,13739,18574
9676,0,1810,12310,12310,17870,38343
9677,0,3486,13986,13986,12559,12333
9678,0,7419,17919,17919,14277,37183
9679,0,3141,13641,13641,11334,17062
9680,0,10019,20519,20519,11453,16585
9681,0,9347,19847,19847,11723,36454
9682,0,1324,11824,11824,13732,14748
9683,0,4312,14812,14812,19888,12548
9684,0,7494,17994,17994,19929,38566
9685,0,8702,19202,19202,19045,20811
9686,0,9872,20372,20372,17812,11516
9687,0,8691,19191,19191,18550,36853
9688,0,21015,38855,38855,18973,36176
9689,0,10048,20548,20548,16364,12492
9690,0,9580,20080,20080,16395,15740
9691,0,22347,38401,38401,38683,13926
9692,0,25292,36505,36505,35342,35895
9693,0,23336,35172,35172,14621,13508
9694,0,5541,16041,16041,13939,11434
9695,0,22565,36022,36022,37164,36227
9696,0,6172,16672,16672,13674,12945
9697,0,1540,12040,12040,18714,11702
9698,0,9409,19909,19909,18569,36211
9699,0,2681,13181,13181,15331,18102
9700,0,25075,39418,39418,20496,20018
9701,0,21851,35779,35779,37537,19546
9702,0,24728,38298,38298,39042,10814
9703,0,6313,16813,16813,14805,10977
9704,0,1191,11691,11691,38843,18009
9705,0,23943,38558,38558,20248,14211
9706,3,5293,15793,15981,38089,39546
9707,0,1542,12042,12042,12236,10919
9708,0,23659,36087,36087,16849,16217
9709,0,25096,36110,36110,14303,13423
9710,0,7056,17556,17556,37363,14516
9711,0,2539,13039,13039,36231,36614
9712,0,953,11453,11453,20519,15947
9713,0,7241,17741,17741,38097,14776
9714,0,6731,17231,17231,16477,38125
9715,0,4846,15346,15346,18573,13420
9716,0,6801,17301,17301,39174,35770
9717,0,8010,18510,18510,37484,13883
9718,0,4330,14830,14830,14552,39312
9719,0,8924,19424,19424,37997,15213
9720,0,5334,15834,15834,39388,18930
9721,0,7330,17830,17830,35594,12965
9722,0,9348,19848,19848,20160,12227
9723,0,4729,15229,15229,35803,37676
9724,0,25199,36080,36080,15186,20350
9725,0,6541,17041,17041,15261,19617
9726,0,25483,35768,35768,36501,20793
9727,0,5305,15805,15805,16501,39155
9728,0,5161,15661,15661,16825,17769
9729,1,7860,18360,20425,18360,39475
9730,0,2156,12656,12656,18652,35250
9731,0,1062,11562,11562,35290,15494
9732,0,21183,35402,35402,37933,16210
9733,0,1167,11667,11667,15556,17489
9734,0,22226,36008,36008,11640,11212
9735,0,3636,14136,14136,11867,10766
9736,0,7651,18151,18151,37585,14614
9737,0,5588,16088,16088,18494,19311
9738,0,22414,35724,35724,12346,35523
9739,0,7192,17692,17692,15743,17112
9740,0,4491,14991,14991,20028,18518
9741,0,7266,17766,17766,38106,10977
9742,0,21131,35926,35926,14349,36733
9743,0,4980,15480,15480,10865,16941
9744,0,8335,18835,18835,18290,38451
9745,0,22988,39523,39523,37375,16311
9746,0,21472,36363,36363,16078,10937
9747,0,4946,15446,15446,16669,16178
9748,0,2782,13282,13282,36639,12926
9749,0,717,11217,11217,39061,14807
9750,0,10011,20511,20511,16319,13280
9751,0,2502,13002,13002,12699,37717
9752,0,4360,14860,14860,15899,38856
9753,0,4171,14671,14671,38356,11577
9754,0,8082,18582,18582,13595,39123
9755,0,21320,39235,39235,10706,14878
9756,1,395,10895,19620,10895,18233
9757,0,25201,38517,38517,15434,19206
9758,0,7186,17686,17686,12584,14239
9759,0,24103,39328,39328,20969,15140
9760,0,4492,14992,14992,10890,11255
9761,0,1365,11865,11865,19825,19439
9762,0,22018,38888,38888,38382,18645
9763,1,23393,38785,10850,38785,20277
9764,0,8787,19287,19287,37972,35330
9765,0,24391,36738,36738,36737,15261
9766,0,23695,38178,38178,39314,12799
9767,0,5917,16417,16417,37678,38291
9768,0,4968,15468,15468,38808,36953
9769,0,2914,13414,13414,20764,20976
9770,0,24486,35112,35112,35131,19414
9771,0,5644,16144,16144,36659,36496
9772,0,3766,14266,14266,18268,38528
9773,0,3440,13940,13940,12989,38486
9774,0,24600,36637,36637,13534,17029
9775,0,24313,36918,36918,38659,14411
9776,0,7357,17857,17857,20967,20898
9777,0,6806,17306,17306,37004,19470
9778,0,9879,20379,20379,11844,39168
9779,0,2143,12643,12643,11835,20503
9780,0,5104,15604,15604,39374,18376
9781,0,5073,15573,15573,35587,19587
9782,0,1571,12071,12071,38650,17598
9783,0,4079,14579,14579,38852,15155
9784,0,1122,11622,11622,18251,17876
9785,0,2786,13286,13286,10828,14150
9786,0,2967,13467,13467,17940,16125
9787,0,2504,13004,13004,19055,12561
9788,0,5988,16488,16488,12091,36540
9789,0,23867,36251,36251,36745,16981
9790,0,8867,19367,19367,16870,18230
9791,0,24657,35594,35594,11910,11389
9792,0,7164,17664,17664,17634,17483
9793,0,23388,36134,36134,16145,39445
9794,0,728,11228,11228,12141,38485
9795,0,7587,18087,18087,18864,37215
9796,0,7543,18043,18043,37966,13058
9797,0,412,10912,10912,35476,35320
9798,0,24172,35932,35932,38640,18863
9799,0,9708,20208,20208,10571,36613
9800,0,5745,16245,16245,18143,17988
9801,0,7668,18168,18168,20715,18517
9802,0,825,11325,11325,12057,16804
9803,0,3267,13767,13767,39149,36731
9804,0,3974,14474,14474,16526,38115
9805,0,8808,19308,19308,11967,35234
9806,0,8306,18806,18806,11936,18812
9807,0,417,10917,10917,38847,11055
9808,0,23589,35855,35855,37102,19952
9809,0,9817,20317,20317,20030,39375
9810,4,6748,17248,16168,18536,14119
9811,0,8967,19467,19467,17742,17352
9812,0,24004,36971,36971,19162,19734
9813,0,21699,35682,35682,11016,14412
9814,0,23019,39067,39067,13098,20273
9815,0,2082,12582,12582,19043,14257
9816,0,8945,19445,19445,36415,16472
9817,0,22384,35332,35332,18258,20457
9818,0,24217,36755,36755,37033,19962
9819,0,3373,13873,13873,17594,11040
9820,0,5726,16226,16226,11061,12785
9821,0,4107,14607,14607,36184,12459
9822,0,21717,35230,35230,16332,17439
9823,0,4380,14880,14880,38170,16772
9824,0,7723,18223,18223,37344,20106
9825,0,1066,11566,11566,11721,15775
9826,0,3913,14413,14413,20234,37595
9827,0,23781,38073,38073,37361,17748
9828,0,5536,16036,16036,36371,18805
9829,0,8002,18502,18502,13692,35376
9830,0,5387,15887,15887,36618,38076
9831,0,5732,16232,16232,10997,38633
9832,0,21398,36284,36284,18368,19248
9833,0,2738,13238,13238,18728,36958
9834,0,5052,15552,15552,36123,20719
9835,0,4000,14500,14500,37806,16795
9836,0,9760,20260,20260,38980,18306
9837,0,2427,12927,12927,15044,16734
9838,0,24541,36532,36532,20606,38974
9839,0,6833,17333,17333,39265,16385
9840,0,10123,20623,20623,17787,37319
9841,0,1687,12187,12187,38620,18040
9842,0,851,11351,11351,19829,10808
9843,0,24414,36332,36332,20275,11130
9844,0,6303,16803,16803,13299,19942
9845,0,9087,19587,19587,37720,12946
9846,0,24388,37378,37378,11303,35658
9847,0,5878,16378,16378,14937,13720
9848,0,8527,19027,19027,19110,19077
9849,0,2839,13339,13339,37774,19938
9850,0,25361,35873,35873,16845,14570
9851,0,4611,15111,15111,11650,16794
9852,0,9540,20040,20040,11028,12219
9853,0,9207,19707,19707,12234,16783
9854,0,21190,35602,35602,37050,11287
9855,0,9823,20323,20323,14637,37321
9856,0,2489,12989,12989,11947,13940
9857,0,24244,36516,36516,12467,15752
9858,0,6905,17405,17405,14139,20914
9859,0,7390,17890,17890,15840,15152
9860,0,21842,36037,36037,10971,13519
9861,0,2849,13349,13349,14553,35476
9862,0,22453,38663,38663,19665,14943
9863,0,6665,17165,17165,20984,15918
9864,0,5881,16381,16381,36280,35936
9865,0,10262,20762,20762,14642,10624
9866,0,4452,14952,14952,38551,39314
9867,0,9949,20449,20449,15218,36016
9868,0,7421,17921,17921,19703,20681
9869,0,21459,38194,38194,13914,37866
9870,0,9827,20327,20327,17817,12400
9871,0,23280,37432,37432,37899,16165
9872,0,6484,16984,16984,36553,19018
9873,0,2479,12979,12979,36215,19653
9874,0,6617,17117,17117,38942,38467
9875,0,10457,20957,20957,13610,19846
9876,1,23006,35745,17068,35745,16462
9877,0,25086,38109,38109,18645,18538
9878,0,22223,39162,39162,15951,16682
9879,0,22091,35845,35845,37582,37711
9880,0,23585,37839,37839,16666,37567
9881,0,23088,38655,38655,19295,18295
9882,0,2141,12641,12641,13998,37318
9883,0,24442,37890,37890,10831,18369
9884,0,21922,35904,35904,20017,35826
9885,0,5188,15688,15688,13541,19165
9886,0,21148,39150,39150,19897,20946
9887,0,25370,36831,36831,38147,11169
9888,0,24193,36142,36142,35187,36533
9889,0,2744,13244,13244,37795,13629
9890,0,7253,17753,17753,17346,10946
9891,0,22334,37878,37878,19214,17186
9892,0,3506,14006,14006,19143,35812
9893,0,1679,12179,12179,11509,20867
9894,0,4249,14749,14749,10616,36656
9895,0,3147,13647,13647,15048,16249
9896,0,8130,18630,18630,37400,19005
9897,0,10486,20986,20986,15451,14328
9898,0,7004,17504,17504,11558,37497
9899,0,580,11080,11080,11273,18040
9900,0,9662,20162,20162,12212,14817
9901,0,24951,37585,37585,18151,14614
9902,0,4070,14570,14570,35873,14332
9903,0,21089,38094,38094,11566,15775
9904,0,3343,13843,13843,37294,13586
9905,0,24547,37778,37778,19182,16743
9906,0,7404,17904,17904,16299,17236
9907,0,21328,37369,37369,12531,15628
9908,0,3672,14172,14172,39127,19413
9909,0,559,11059,11059,20389,38916
9910,0,5237,15737,15737,12053,18138
9911,0,7805,18305,18305,16541,35461
9912,0,24993,38001,38001,14974,15191
9913,0,22951,35635,35635,39434,39371
9914,0,512,11012,11012,16742,13377
9915,0,23299,37515,37515,19084,39154
9916,0,1081,11581,11581,13222,15997
9917,0,1664,12164,12164,14758,18806
9918,0,9204,19704,19704,15888,18089
9919,0,1931,12431,12431,36447,39068
9920,0,22103,39100,39100,16184,14799
9921,0,1150,11650,11650,35351,15111
9922,0,2838,13338,13338,14603,15088
9923,0,5949,16449,16449,12419,18665
9924,0,8308,18808,18808,18720,14231
9925,0,8932,19432,19432,11006,11009
9926,0,22393,39278,39278,10726,10755
9927,0,22064,38856,38856,14860,37126
9928,0,5177,15677,15677,20661,39564
9929,0,24517,36461,36461,38393,20546
9930,0,22510,38692,38692,19730,14571
9931,0,830,11330,11330,16342,38026
9932,0,8311,18811,18811,16109,18821
9933,0,4752,15252,15252,13915,12249
9934,0,24926,39233,39233,37955,19156
9935,0,25165,39308,39308,13845,19215
9936,0,22916,39506,39506,11533,39038
9937,0,635,11135,11135,18357,16691
9938,0,4465,14965,14965,10941,16774
9939,0,21304,37150,37150,36173,16325
9940,0,6799,17299,17299,15249,17363
9941,0,7987,18487,18487,17285,13035
9942,0,7079,17579,17579,39442,15945
9943,0,6966,17466,17466,20644,39367
9944,0,4142,14642,14642,20762,10624
9945,0,7027,17527,17527,12416,35576
9946,0,9183,19683,19683,37211,18650
9947,0,876,11376,11376,18245,37024
9948,0,4869,15369,15369,14015,10676
9949,0,5315,15815,15815,18997,10626
9950,0,5222,15722,15722,36430,19453
9951,0,4,10504,10504,11655,35417
9952,0,3051,13551,13551,36741,13567
9953,0,5691,16191,16191,18406,20630
9954,0,3124,13624,13624,14890,38841
9955,0,23406,35446,35446,38098,37683
9956,0,2491,12991,12991,37515,35668
9957,0,23285,37959,37959,36650,18640
9958,0,3854,14354,14354,35952,17312
9959,0,23379,37719,37719,12485,20996
9960,0,4777,15277,15277,15091,36683
9961,0,9907,20407,20407,19433,20448
9962,0,7509,18009,18009,11691,39170
9963,0,6457,16957,16957,11608,15851
9964,1,6293,16793,38445,16793,37808
9965,0,1148,11648,11648,39200,17842
9966,0,21816,36047,36047,16694,38285
9967,1,574,11074,20422,11074,38505
9968,0,3769,14269,14269,14835,36830
9969,0,25027,36522,36522,18967,13483
9970,0,4146,14646,14646,12379,12568
9971,0,853,11353,11353,13026,38112
9972,0,10174,20674,20674,13497,37519
9973,0,24963,35560,35560,35921,20446
9974,0,5919,16419,16419,38690,37502
9975,0,22925,37715,37715,36373,39028
9976,0,23547,37997,37997,19424,36434
9977,0,9358,19858,19858,20794,10837
9978,0,6614,17114,17114,35590,16079
9979,0,6002,16502,16502,36549,17803
9980,0,9163,19663,19663,38195,16118
9981,0,22126,35487,35487,10692,15265
9982,0,4495,14995,14995,16005,14161
9983,0,8173,18673,18673,16772,13946
9984,0,6655,17155,17155,13874,38997
9985,0,24306,36633,36633,15787,16051
9986,0,2368,12868,12868,36100,35252
9987,0,22789,36901,36901,20167,13324
9988,0,4780,15280,15280,13475,17927
9989,0,22684,36917,36917,18623,16307
9990,0,7992,18492,18492,17993,14748
9991,0,2950,13450,13450,18102,13627
9992,0,5625,16125,16125,17940,13467
9993,0,6971,17471,17471,36733,17391
9994,0,8716,19216,19216,15828,11341
9995,0,24873,35241,35241,17175,10637
9996,0,23764,37802,37802,36907,15082
9997,0,1841,12341,12341,11624,15616
9998,0,5986,16486,16486,37508,37134
9999,0,537,11037,11037,17490,11533
10000,0,2806,13306,13306,37391,37351
10001,0,5801,16301,16301,38628,15375
10002,0,5596,16096,16096,16555,17677
10003,0,7206,17706,17706,20497,10960
10004,0,7343,17843,17843,10532,38580
10005,0,23773,37127,37127,16547,19152
10006,0,7560,18060,18060,17518,17529
10007,0,8096,18596,18596,39135,19347
10008,0,21389,35961,35961,14775,35960
10009,0,784,11284,11284,38993,19261
10010,0,22992,36843,36843,19242,14417
10011,0,1409,11909,11909,16977,35885
10012,0,22068,35323,35323,12342,38830
10013,0,154,10654,10654,13462,36234
10014,0,7806,18306,18306,15675,19150
10015,0,3009,13509,13509,20693,15443
10016,0,1686,12186,12186,38500,20826
10017,0,25144,35687,35687,36930,11629
10018,0,4014,14514,14514,16760,14278
10019,0,7455,17955,17955,19525,18759
10020,0,24002,37507,37507,13100,15457
10021,0,3863,14363,14363,12193,20820
10022,0,2733,13233,13233,16124,35387
10023,0,1895,12395,12395,15909,36697
10024,0,5442,15942,15942,36944,17274
10025,0,569,11069,11069,18990,35619
10026,0,6709,17209,17209,13174,19690
10027,0,5854,16354,16354,13548,18171
10028,0,1816,12316,12316,20697,16325
10029,0,10257,20757,20757,20577,38852
10030,0,8319,18819,18819,16573,16036
10031,0,3394,13894,13894,16804,17990
10032,0,3327,13827,13827,37222,18278
10033,0,24868,39566,39566,16636,10722
10034,2,6102,16602,39548,11627,16602
10035,0,2975,13475,13475,15280,12486
10036,0,980,11480,11480,13024,35436
10037,0,10492,20992,20992,16130,11681
10038,0,190,10690,10690,20748,11309
10039,0,9331,19831,19831,14183,17028
10040,0,5088,15588,15588,12130,15860
10041,0,699,11199,11199,17411,37365
10042,0,24596,39234,39234,38762,16712
10043,0,606,11106,11106,35123,36847
10044,0,22019,37062,37062,39447,37685
10045,0,301,10801,10801,13553,16163
10046,0,3420,13920,13920,38737,16355
10047,0,21671,39299,39299,38777,16209
10048,0,1060,11560,11560,37581,17497
10049,0,22196,38650,38650,12071,19272
10050,0,23018,39435,39435,15488,14105
10051,0,21409,35351,35351,37099,11650
10052,0,3444,13944,13944,20618,36875
10053,0,1069,11569,11569,37343,11504
10054,0,24364,35310,35310,20748,14908
10055,2,2205,12705,20509,13950,12705
10056,0,9435,19935,19935,11600,10959
10057,0,7339,17839,17839,15692,14550
10058,0,8208,18708,18708,39260,13412
10059,0,7679,18179,18179,10903,38649
10060,0,23214,35906,35906,15841,15031
10061,0,24304,38097,38097,14776,17741
10062,0,4642,15142,15142,12401,19411
10063,0,7683,18183,18183,20258,10875
10064,0,22185,37540,37540,20712,10990
10065,0,9007,19507,19507,37618,19320
10066,0,7996,18496,18496,15039,16231
10067,0,23903,35853,35853,11821,12658
10068,0,21331,37334,37334,15773,18953
10069,0,5600,16100,16100,11248,36660
10070,0,9151,19651,19651,12563,38273
10071,0,7022,17522,17522,35826,20933
10072,0,4893,15393,15393,36288,11289
10073,0,225,10725,10725,17293,38060
10074,0,25210,38956,38956,14909,18752
10075,0,3354,13854,13854,37635,15832
10076,0,5895,16395,16395,14041,20080
10077,0,25478,35271,35271,20382,19872
10078,0,8754,19254,19254,35580,37157
10079,0,3436,13936,13936,20719,36435
10080,0,21177,39159,39159,36892,38091
10081,0,24865,38967,38967,37652,20228
10082,0,1693,12193,12193,16323,37012
10083,0,6893,17393,17393,15156,18281
10084,0,1045,11545,11545,14316,19215
10085,0,3446,13946,13946,15501,14425
10086,0,24982,37351,37351,36958,36825
10087,0,8050,18550,18550,20741,36853
10088,0,9146,19646,19646,14024,36682
10089,0,25177,39565,39565,14807,11217
10090,0,24540,35521,35521,36988,17143
10091,0,24743,35890,35890,38072,13626
10092,0,4735,15235,15235,35115,39253
10093,0,4496,14996,14996,16075,11629
10094,0,1218,11718,11718,37269,39516
10095,0,21435,38040,38040,13757,20134
10096,0,23686,38297,38297,35540,13152
10097,0,6015,16515,16515,11663,15365
10098,0,9719,20219,20219,15313,12153
10099,0,3987,14487,14487,36456,16026
10100,0,4911,15411,15411,11765,11219
10101,0,9492,19992,19992,14819,18563
10102,0,4493,14993,14993,20141,14029
10103,0,6944,17444,17444,12772,38074
10104,0,5699,16199,16199,20148,16322
10105,0,8352,18852,18852,35716,15770
10106,0,23660,36853,36853,18550,20741
10107,0,23070,38586,38586,37490,19397
10108,0,956,11456,11456,36102,13402
10109,0,21729,36577,36577,14742,16245
10110,0,24501,36020,36020,17280,11807
10111,0,2869,13369,13369,19691,15025
10112,0,23471,36563,36563,18589,12451
10113,0,4433,14933,14933,17570,35144
10114,0,4973,15473,15473,16376,38435
10115,0,22808,38801,38801,20013,12969
10116,0,2961,13461,13461,35115,35260
10117,0,23243,38766,38766,20280,13778
10118,0,2200,12700,12700,14714,14477
10119,0,98,10598,10598,18101,13777
10120,0,22309,39373,39373,10526,13520
10121,0,2557,13057,13057,37622,16065
10122,0,23724,35969,35969,14375,18729
10123,0,8445,18945,18945,37524,16664
10124,0,22890,36709,36709,19259,15753
10125,0,4199,14699,14699,11695,36131
10126,0,9637,20137,20137,19282,17268
10127,0,5539,16039,16039,36057,37237
10128,0,1648,12148,12148,38667,37269
10129,0,22457,37468,37468,10917,38847
10130,0,25218,37509,37509,16767,18084
10131,0,22975,36777,36777,15670,35127
10132,0,9888,20388,20388,12991,17913
10133,0,24402,35977,35977,18908,15335
10134,0,6197,16697,16697,14542,11064
10135,0,6295,16795,16795,14500,37477
10136,0,4499,14999,14999,13158,18367
10137,0,1154,11654,11654,37186,18479
10138,0,2255,12755,12755,20131,14530
10139,0,9874,20374,20374,18930,14290
10140,0,3170,13670,13670,20544,12376
10141,0,7400,17900,17900,11192,16193
10142,0,10248,20748,20748,10690,35310
10143,0,7158,17658,17658,38336,15038
10144,0,25290,36876,36876,19184,19929
10145,0,23779,39393,39393,11824,38392
10146,0,3108,13608,13608,36781,38508
10147,0,4548,15048,15048,13647,20379
10148,0,23876,36509,36509,13334,13986
10149,0,24626,39183,39183,19209,35927
10150,0,5423,15923,15923,19056,18225
10151,0,2049,12549,12549,36417,12621
10152,0,21495,37762,37762,13880,35550
10153,0,21444,36429,36429,20638,15021
10154,0,9208,19708,19708,12140,13239
10155,0,8815,19315,19315,20406,36896
10156,0,22835,39291,39291,39499,39418
10157,0,25246,38669,38669,36845,37753
10158,0,262,10762,10762,36828,15553
10159,0,23616,38516,38516,39104,15214
10160,0,24000,36155,36155,10952,16386
10161,0,4061,14561,14561,15201,15793
10162,0,5534,16034,16034,20075,36035
10163,0,22927,39080,39080,14698,19311
10164,0,23904,38851,38851,20554,38597
10165,0,6616,17116,17116,38680,36863
10166,0,8120,18620,18620,11394,39194
10167,0,8155,18655,18655,13344,10794
10168,0,1802,12302,12302,16804,20730
10169,0,4736,15236,15236,17352,16002
10170,0,24171,39577,39577,36754,16161
10171,0,2385,12885,12885,11308,16317
10172,0,6694,17194,17194,39089,11716
10173,0,5759,16259,16259,17331,37934
10174,0,1959,12459,12459,14607,36184
10175,0,2976,13476,13476,16132,16882
10176,0,8680,19180,19180,13247,13354
10177,0,1843,12343,12343,10578,38434
10178,0,1734,12234,12234,19707,14650
10179,0,2911,13411,13411,16840,12696
10180,0,24945,36005,36005,10678,37089
10181,0,8338,18838,18838,36600,36177
10182,0,23250,38416,38416,14748,20252
10183,0,1986,12486,12486,17967,13475
10184,0,9561,20061,20061,37764,38924
10185,0,6546,17046,17046,38175,11960
10186,0,23757,38837,38837,18662,16126
10187,0,7098,17598,17598,12071,19859
10188,0,2811,13311,13311,11377,13044
10189,0,659,11159,11159,16648,19032
10190,0,9986,20486,20486,37354,19484
10191,0,2511,13011,13011,12225,11102
10192,0,24845,36183,36183,17756,19254
10193,0,4282,14782,14782,14426,18689
10194,0,9339,19839,19839,11110,12467
10195,0,23217,36058,36058,19243,17611
10196,0,8800,19300,19300,19498,15126
10197,0,6287,16787,16787,17634,17483
10198,0,22824,36368,36368,36345,12854
10199,0,1930,12430,12430,17348,12766
10200,0,7125,17625,17625,10813,15110
10201,0,197,10697,10697,20770,13354
10202,0,7777,18277,18277,12063,14362
10203,0,2931,13431,13431,38366,11134
10204,0,8004,18504,18504,19123,36261
10205,0,2327,12827,12827,20807,16667
10206,0,4389,14889,14889,16166,11119
10207,0,8958,19458,19458,13030,17659
10208,0,21958,37282,37282,17684,16440
10209,0,4218,14718,14718,20886,18626
10210,0,23133,36041,36041,20263,38493
10211,0,202,10702,10702,15336,17412
10212,1,3510,14010,15047,14010,11612
10213,0,4931,15431,15431,15835,19870
10214,0,21422,39176,39176,20070,38253
10215,0,5535,16035,16035,16599,35279
10216,1,9925,20425,18360,20425,38102
10217,0,5791,16291,16291,10663,35433
10218,0,21451,35563,35563,14125,15554
10219,0,1707,12207,12207,38679,19252
10220,0,5172,15672,15672,12014,38231
10221,0,5249,15749,15749,13212,11925
10222,0,23495,38543,38543,11540,16475
10223,0,22775,36260,36260,38571,14141
10224,0,6528,17028,17028,17684,19831
10225,0,24447,39370,39370,17508,15064
10226,0,5855,16355,16355,16868,13920
10227,0,8164,18664,18664,35744,36280
10228,0,854,11354,11354,37555,37554
10229,0,23778,38471,38471,11387,20234
10230,0,21344,39149,39149,36731,13767
10231,0,4737,15237,15237,35208,13381
10232,0,22800,36883,36883,15568,37620
10233,0,10352,20852,20852,18923,35347
10234,0,698,11198,11198,14017,36693
10235,1,24741,35938,39580,35938,15583
10236,0,22176,35785,35785,12923,16630
10237,0,3696,14196,14196,36955,36627
10238,0,1636,12136,12136,37971,13139
10239,0,7280,17780,17780,38528,18398
10240,0,7554,18054,18054,19824,20123
10241,0,24482,36243,36243,11544,36781
10242,0,3581,14081,14081,19343,14770
10243,0,1291,11791,11791,15950,15387
10244,0,24489,37445,37445,14122,35129
10245,0,6585,17085,17085,15554,12491
10246,0,23044,38402,38402,15327,18601
10247,0,1853,12353,12353,39298,19511
10248,0,5232,15732,15732,37167,37400
10249,0,3763,14263,14263,39273,14822
10250,0,3304,13804,13804,35168,37185
10251,0,1495,11995,11995,38680,12934
10252,0,22141,38513,38513,20824,16195
10253,0,21879,36529,36529,19615,11491
10254,0,21046,36231,36231,37200,13039
10255,0,7994,18494,18494,16088,16667
10256,0,1998,12498,12498,13832,20860
10257,0,663,11163,11163,20896,36920
10258,0,22983,37565,37565,16909,16896
10259,0,21018,38139,38139,19976,18392
10260,0,3748,14248,14248,16700,35229
10261,0,4413,14913,14913,36554,20884
10262,0,24307,37530,37530,38215,17210
10263,0,5530,16030,16030,35565,38371
10264,0,5575,16075,16075,14996,35413
10265,0,8901,19401,19401,14799,18197
10266,0,7526,18026,18026,17210,17647
10267,0,9474,19974,19974,37265,38236
10268,0,5864,16364,16364,20548,11165
10269,0,22654,37854,37854,11749,12805
10270,0,22621,35461,35461,17599,18305
10271,0,6776,17276,17276,35414,15212
10272,0,25017,36815,36815,13717,12446
10273,0,1306,11806,11806,16860,20019
10274,0,24462,38282,38282,36062,19823
10275,0,22155,38290,38290,39332,38289
10276,0,7392,17892,17892,12417,38233
10277,0,10429,20929,20929,17201,35168
10278,0,24315,36088,36088,14118,17020
10279,0,5592,16092,16092,17207,16279
10280,0,10230,20730,20730,20060,12789
10281,0,9721,20221,20221,16306,38731
10282,0,1663,12163,12163,39033,20828
10283,0,5450,15950,15950,11791,15387
10284,0,23641,39496,39496,12439,20519
10285,0,24670,39525,39525,13730,37786
10286,0,3627,14127,14127,13923,12988
10287,0,24856,38525,38525,14511,11744
10288,0,22708,37933,37933,35402,16210
10289,0,22805,37677,37677,11523,16722
10290,0,2693,13193,13193,15093,16478
10291,0,23180,35846,35846,16963,36897
10292,0,9789,20289,20289,20883,14550
10293,0,24780,35515,35515,17757,18449
10294,0,23762,35411,35411,14256,14850
10295,0,5915,16415,16415,13378,15605
10296,0,3157,13657,13657,36331,15939
10297,0,22720,36100,36100,12868,35252
10298,0,9914,20414,20414,38519,36301
10299,0,21594,38065,38065,37988,12858
10300,0,6668,17168,17168,15768,17730
10301,0,1059,11559,11559,36450,35589
10302,0,4636,15136,15136,14850,16409
10303,0,3242,13742,13742,13939,37819
10304,0,1678,12178,12178,12749,16528
10305,0,6892,17392,17392,38933,15024
10306,0,6374,16874,16874,11633,10872
10307,0,7574,18074,18074,18094,20506
10308,0,1757,12257,12257,13604,17262
10309,0,6019,16519,16519,14325,36190
10310,0,23128,36977,36977,17797,35924
10311,0,5116,15616,15616,37105,12341
10312,0,8755,19255,19255,10861,15088
10313,0,7408,17908,17908,15375,15071
10314,0,2790,13290,13290,15133,18815
10315,0,863,11363,11363,13900,13053
10316,0,7858,18358,18358,37774,19938
10317,0,1484,11984,11984,39102,37903
10318,0,7035,17535,17535,12614,18832
10319,0,7721,18221,18221,16852,38259
10320,0,5977,16477,16477,17231,38125
10321,0,5134,15634,15634,15456,19635
10322,0,206,10706,10706,39235,37893
10323,0,4488,14988,14988,17874,19819
10324,0,6938,17438,17438,14976,36697
10325,0,9062,19562,19562,18170,10837
10326,0,24555,37279,37279,14727,11939
10327,0,6910,17410,17410,18161,36590
10328,0,502,11002,11002,17822,18807
10329,0,7385,17885,17885,10883,36143
10330,0,1028,11528,11528,16968,18413
10331,0,3840,14340,14340,12064,38572
10332,0,21568,35476,35476,17884,10912
10333,0,25389,38367,38367,36667,14366
10334,0,8110,18610,18610,19153,15298
10335,0,5056,15556,15556,17489,11667
10336,0,9762,20262,20262,16946,18732
10337,0,8154,18654,18654,11952,13681
10338,0,24426,35559,35559,20636,15799
10339,0,23266,38777,38777,38117,39474
10340,0,2731,13231,13231,38264,10698
10341,0,22848,39028,39028,36373,37715
10342,0,8996,19496,19496,11620,39240
10343,0,21511,38633,38633,11177,12074
10344,0,21700,36431,36431,18259,20010
10345,0,2454,12954,12954,13564,35387
10346,0,21092,37384,37384,14849,14033
10347,0,7215,17715,17715,16187,14981
10348,0,3104,13604,13604,12257,14924
10349,0,21520,37661,37661,10648,11739
10350,0,24969,38745,38745,10645,14335
10351,0,8392,18892,18892,11179,11577
10352,0,6278,16778,16778,37971,17076
10353,0,3099,13599,13599,15650,10701
10354,0,6184,16684,16684,14819,15335
10355,0,10470,20970,20970,38064,35344
10356,0,3561,14061,14061,20554,12620
10357,0,5892,16392,16392,11672,19827
10358,0,24883,37260,37260,14288,35394
10359,0,24843,39218,39218,36178,14885
10360,0,22529,37300,37300,19396,37621
10361,0,22114,38580,38580,36018,16956
10362,0,391,10891,10891,37868,13592
10363,0,6736,17236,17236,10698,10586
10364,0,5618,16118,16118,39500,38195
10365,0,5258,15758,15758,39003,38557
10366,1,9687,20187,20883,20187,20289
10367,0,2695,13195,13195,11316,11769
10368,0,2027,12527,12527,37668,35792
10369,0,24651,38034,38034,38121,37492
10370,0,5463,15963,15963,15566,35932
10371,0,2568,13068,13068,11087,16434
10372,0,8006,18506,18506,16447,38292
10373,0,64,10564,10564,17680,36216
10374,0,22677,36670,36670,37487,18822
10375,0,2062,12562,12562,35106,18129
10376,0,5276,15776,15776,38079,20068
10377,0,7208,17708,17708,14987,17505
10378,0,8684,19184,19184,19929,38930
10379,0,8571,19071,19071,11497,37381
10380,0,6331,16831,16831,10770,20563
10381,0,4859,15359,15359,19241,17634
10382,0,22028,39146,39146,38851,20554
10383,0,21231,36779,36779,37836,18999
10384,0,4887,15387,15387,13392,11791
10385,0,9268,19768,19768,16417,18005
10386,0,878,11378,11378,37538,16673
10387,0,8529,19029,19029,15820,13464
10388,0,7916,18416,18416,13674,15441
10389,0,6863,17363,17363,15333,39543
10390,0,7892,18392,18392,19976,35505
10391,0,6439,16939,16939,16464,11286
10392,0,7869,18369,18369,10831,37837
10393,0,1016,11516,11516,17812,36094
10394,0,9467,19967,19967,11195,16987
10395,0,24644,36584,36584,35459,36110
10396,0,7629,18129,18129,35106,38442
10397,0,22331,37337,37337,14711,17221
10398,0,21129,36128,36128,16152,19604
10399,0,24994,37697,37697,19310,38525
10400,0,21989,39199,39199,14468,12723
10401,0,995,11495,11495,15078,37725
10402,0,10173,20673,20673,37884,35236
10403,0,4297,14797,14797,15592,15935
10404,0,161,10661,10661,17764,16755
10405,0,5675,16175,16175,36960,18802
10406,0,6873,17373,17373,17920,20248
10407,0,25085,39331,39331,19759,14416
10408,0,21930,37584,37584,36316,19812
10409,0,9692,20192,20192,15608,17922
10410,0,7989,18489,18489,38234,14055
10411,0,3843,14343,14343,18741,20642
10412,0,23342,38011,38011,17714,18995
10413,0,23921,35399,35399,16917,14631
10414,0,21670,36247,36247,37356,19964
10415,0,1021,11521,11521,14483,15764
10416,0,3073,13573,13573,36511,16655
10417,0,7555,18055,18055,14930,15424
10418,0,3943,14443,14443,15274,17915
10419,0,1585,12085,12085,18942,20226
10420,0,10147,20647,20647,36824,16718
10421,0,3152,13652,13652,36006,16215
10422,0,21452,39135,39135,18596,19347
10423,0,8226,18726,18726,14371,37064
10424,0,24045,36800,36800,15545,39129
10425,0,775,11275,11275,19328,38628
10426,0,22648,35342,35342,35895,18104
10427,0,9670,20170,20170,36384,13097
10428,0,7099,17599,17599,35461,15309
10429,0,5486,15986,15986,17727,20945
10430,0,6235,16735,16735,39179,10548
10431,0,9555,20055,20055,38940,17449
10432,0,7041,17541,17541,20207,35242
10433,0,2612,13112,13112,36014,11396
10434,0,7513,18013,18013,20098,19797
10435,0,24815,35610,35610,38415,14000
10436,0,10233,20733,20733,11968,15595
10437,0,8433,18933,18933,20080,16441
10438,0,10253,20753,20753,16961,15917
10439,0,21906,35149,35149,35177,35300
10440,0,8792,19292,19292,35817,18340
10441,0,21101,35221,35221,19919,16731
10442,0,5393,15893,15893,15487,35385
10443,0,22308,39096,39096,11101,38617
10444,0,24972,35674,35674,35182,12499
10445,0,23825,38950,38950,16598,11598
10446,0,8838,19338,19338,35915,15510
10447,0,3890,14390,14390,39161,12043
10448,0,3556,14056,14056,36842,37399
10449,0,21410,35988,35988,37034,14654
10450,0,1528,12028,12028,17494,15819
10451,0,1267,11767,11767,38208,35226
10452,0,7734,18234,18234,15899,11659
10453,0,1899,12399,12399,12761,11912
10454,0,4658,15158,15158,39321,39049
10455,0,3005,13505,13505,17521,11145
10456,0,2734,13234,13234,13719,14922
10457,0,189,10689,10689,18713,14998
10458,0,9998,20498,20498,10557,19611
10459,0,9167,19667,19667,16755,16517
10460,0,2747,13247,13247,14712,37898
10461,0,2047,12547,12547,36850,12800
10462,0,7849,18349,18349,38810,36083
10463,0,2558,13058,13058,12782,12328
10464,0,9274,19774,19774,36111,13187
10465,0,8666,19166,19166,36376,15274
10466,0,21158,35690,35690,15044,17258
10467,0,25015,37629,37629,35176,39140
10468,0,6396,16896,16896,10593,13386
10469,0,24357,36903,36903,13179,14506
10470,0,3385,13885,13885,16562,16421
10471,0,4555,15055,15055,39552,12864
10472,0,1184,11684,11684,39185,18102
10473,0,6420,16920,16920,20939,12363
10474,0,5051,15551,15551,18628,12661
10475,0,5311,15811,15811,38350,17307
10476,0,2433,12933,12933,12835,15813
10477,0,6949,17449,17449,20945,17727
10478,0,25353,38397,38397,36120,17141
10479,0,22312,35177,35177,35149,35383
10480,0,769,11269,11269,19992,11808
10481,0,1685,12185,12185,37995,18435
10482,0,8322,18822,18822,37487,37100
10483,0,24161,35705,35705,38491,11905
10484,0,24679,35957,35957,16218,10805
10485,0,22662,36230,36230,11206,37185
10486,0,22526,39017,39017,37389,18982
10487,0,5578,16078,16078,36363,17741
10488,0,4426,14926,14926,19662,15767
10489,0,25401,38120,38120,38141,39005
10490,0,466,10966,10966,37598,11602
10491,0,6265,16765,16765,37691,15187
10492,0,5734,16234,16234,14588,11572
10493,0,25082,35878,35878,15562,13125
10494,0,22796,36558,36558,37478,35962
10495,1,5191,15691,36173,15691,37150
10496,0,22192,38012,38012,14644,17337
10497,0,5390,15890,15890,36194,35751
10498,0,860,11360,11360,10653,16272
10499,0,7270,17770,17770,18255,15015
