idx,rank,query_id,gt_id,ret1,ret2,ret3
0,0,23685,36451,36451,37379,11890
1,0,5899,16399,16399,38523,17529
2,0,9513,20013,20013,19181,16043
3,0,1572,12072,12072,11209,37122
4,0,25401,37649,37649,14943,15684
5,0,879,11379,11379,18828,19303
6,0,1578,12078,12078,11978,17654
7,0,6472,16972,16972,11279,14406
8,0,1509,12009,12009,37987,37312
9,0,1896,12396,12396,35827,18521
10,0,8963,19463,19463,20301,36637
11,0,4112,14612,14612,35358,35838
12,0,10140,20640,20640,17503,13701
13,0,1845,12345,12345,35811,16295
14,0,21196,38596,38596,14293,20289
15,0,9751,20251,20251,37363,16102
16,0,9282,19782,19782,35463,13950
17,0,7565,18065,18065,11284,37537
18,0,5194,15694,15694,36372,15591
19,0,5418,15918,15918,12290,36881
20,0,25107,38550,38550,14741,15997
21,0,25279,37787,37787,19015,20817
22,0,7413,17913,17913,14452,19528
23,0,21284,38769,38769,35504,12373
24,0,5405,15905,15905,37586,15084
25,0,8310,18810,18810,11167,16316
26,0,3614,14114,14114,16554,12387
27,0,2108,12608,12608,19295,11595
28,0,24063,37091,37091,16914,13030
29,0,8248,18748,18748,37538,13920
30,0,24578,39601,39601,11981,15781
31,0,24862,36030,36030,37658,35467
32,0,23841,38780,38780,11089,14927
33,0,7759,18259,18259,14266,35807
34,0,22210,37349,37349,19756,10794
35,0,5653,16153,16153,17284,20599
36,0,21610,37864,37864,16724,39526
37,0,8431,18931,18931,14982,12553
38,0,6827,17327,17327,20832,12600
39,0,23424,39398,39398,38755,11297
40,0,4325,14825,14825,10581,35264
41,0,3219,13719,13719,15870,15954
42,0,9642,20142,20142,39459,14417
43,0,6345,16845,16845,36923,15248
44,0,6884,17384,17384,11780,36083
45,0,1193,11693,11693,36644,35817
46,0,45,10545,10545,20762,20832
47,0,22374,38608,38608,15022,37050
48,0,976,11476,11476,37731,38358
49,0,21575,36544,36544,20244,16763
50,0,2963,13463,13463,13700,38061
51,0,1584,12084,12084,38456,35405
52,0,9459,19959,19959,13202,10606
53,0,4515,15015,15015,16195,17251
54,0,24783,37453,37453,13483,39459
55,0,23072,35692,35692,37744,12565
56,0,1975,12475,12475,12451,17738
57,0,3912,14412,14412,36624,15117
58,0,9811,20311,20311,11956,11029
59,0,6717,17217,17217,38770,37524
60,0,4411,14911,14911,15430,39509
61,0,23034,37517,37517,36670,17618
62,0,8994,19494,19494,20363,12968
63,0,22817,37309,37309,36577,20138
64,0,23188,35604,35604,35302,12116
65,0,22632,36329,36329,35823,16620
66,0,23057,36534,36534,15103,12196
67,0,2840,13340,13340,18841,20491
68,0,7908,18408,18408,12101,15142
69,0,8084,18584,18584,10768,13143
70,0,7976,18476,18476,15541,11494
71,0,6211,16711,16711,13163,11158
72,0,24996,37110,37110,11239,37207
73,0,21346,36577,36577,10792,37309
74,0,9620,20120,20120,14550,36801
75,0,24274,37104,37104,38423,19843
76,0,24685,35621,35621,14130,11072
77,0,7907,18407,18407,18905,38077
78,0,10132,20632,20632,13865,11625
79,0,37,10537,10537,39100,19248
80,0,576,11076,11076,11632,12368
81,0,4822,15322,15322,16964,17738
82,0,3988,14488,14488,35445,13657
83,0,713,11213,11213,36877,11681
84,0,21334,39063,39063,18515,20156
85,0,23116,39592,39592,38261,12775
86,0,8251,18751,18751,36523,37361
87,0,2335,12835,12835,15397,11602
88,0,4745,15245,15245,38158,11579
89,0,4420,14920,14920,17693,16990
90,0,21789,38838,38838,15181,19808
91,0,24287,39080,39080,38916,18623
92,0,881,11381,11381,13895,15042
93,0,567,11067,11067,20790,15589
94,0,24851,38898,38898,36211,35710
95,0,4983,15483,15483,17053,19782
96,0,2245,12745,12745,14664,36002
97,0,5270,15770,15770,11102,11882
98,0,4165,14665,14665,13773,17266
99,0,8156,18656,18656,14159,20839
100,0,7820,18320,18320,38223,17383
101,0,10071,20571,20571,20533,20540
102,0,8655,19155,19155,19208,37967
103,0,239,10739,10739,14057,38389
104,0,23355,37434,37434,18047,15266
105,0,6454,16954,16954,18633,13449
106,0,6662,17162,17162,38453,39287
107,0,1597,12097,12097,12313,19274
108,0,9664,20164,20164,19839,11537
109,0,22012,36176,36176,36279,17708
110,0,1901,12401,12401,18990,37789
111,0,1180,11680,11680,10766,13368
112,0,23703,37796,37796,35413,11669
113,0,21521,37858,37858,18075,35159
114,0,8573,19073,19073,15458,37117
115,0,3006,13506,13506,20149,12506
116,0,9453,19953,19953,15701,35956
117,0,2781,13281,13281,11291,12002
118,0,9558,20058,20058,19201,17480
119,0,6110,16610,16610,38411,10802
120,0,5733,16233,16233,11017,13319
121,0,9185,19685,19685,20665,38862
122,0,21496,37038,37038,20372,11751
123,0,8846,19346,19346,35515,17393
124,0,2829,13329,13329,20001,13174
125,0,21032,35389,35389,19682,13070
126,0,9350,19850,19850,37076,39651
127,0,5277,15777,15777,13663,10659
128,0,8254,18754,18754,13695,14318
129,0,4219,14719,14719,10883,17852
130,0,21581,36096,36096,14878,14951
131,0,22601,37501,37501,18408,36235
132,0,21457,38447,38447,36247,18174
133,0,5431,15931,15931,15924,38201
134,0,3413,13913,13913,13236,14536
135,0,23850,36359,36359,39059,17419
136,0,906,11406,11406,15883,10856
137,0,7760,18260,18260,12799,16665
138,0,3693,14193,14193,12620,20120
139,0,25491,38579,38579,17892,36670
140,0,3118,13618,13618,16845,11916
141,0,22568,37159,37159,37189,14336
142,0,21584,35219,35219,13396,15177
143,0,25249,37990,37990,20195,38679
144,0,8621,19121,19121,16861,37757
145,0,23959,36056,36056,20757,16622
146,0,7706,18206,18206,13892,37030
147,0,7017,17517,17517,37836,10690
148,0,9305,19805,19805,17280,36343
149,0,295,10795,10795,18261,36455
150,0,24033,38523,38523,11118,35484
151,0,1785,12285,12285,17394,39625
152,0,4382,14882,14882,12087,16298
153,0,6507,17007,17007,15383,36156
154,0,22909,35159,35159,13083,37858
155,0,1284,11784,11784,15800,16025
156,0,7784,18284,18284,36191,15823
157,0,24230,35853,35853,36253,35920
158,0,25145,37326,37326,18759,11084
159,0,4454,14954,14954,19799,35496
160,0,22088,39172,39172,16335,35650
161,0,549,11049,11049,36104,38856
162,0,5340,15840,15840,35244,16345
163,0,23120,37197,37197,35784,36802
164,0,3574,14074,14074,10800,13147
165,0,24586,37189,37189,16149,14336
166,0,4352,14852,14852,15627,14369
167,0,6831,17331,17331,17893,36759
168,0,2648,13148,13148,35425,36099
169,0,2586,13086,13086,36650,13470
170,0,5862,16362,16362,20979,16557
171,0,3160,13660,13660,38378,39264
172,0,7152,17652,17652,38722,36330
173,0,3182,13682,13682,35409,37939
174,0,3480,13980,13980,15424,13581
175,0,2377,12877,12877,20546,35876
176,0,23080,35762,35762,35167,36998
177,0,22938,36707,36707,37780,18883
178,0,23950,38844,38844,14231,39043
179,0,8205,18705,18705,12302,17158
180,0,7698,18198,18198,20897,36412
181,0,10009,20509,20509,39535,20428
182,0,23359,37050,37050,38608,15022
183,0,5688,16188,16188,35900,35156
184,0,24223,39130,39130,13550,38602
185,0,21876,38250,38250,11401,20817
186,0,24463,35767,35767,35933,17539
187,0,8480,18980,18980,17158,19655
188,0,23084,38149,38149,17043,39561
189,0,8159,18659,18659,18005,19154
190,0,10117,20617,20617,18214,14385
191,0,8025,18525,18525,39149,17063
192,0,24010,37693,37693,13690,16476
193,0,25292,38469,38469,19418,38602
194,0,23455,36866,36866,20679,11939
195,0,1613,12113,12113,12635,39590
196,0,9997,20497,20497,15694,12740
197,0,8153,18653,18653,16803,18902
198,0,7936,18436,18436,18605,36211
199,0,8447,18947,18947,10806,13848
200,0,2015,12515,12515,12870,19163
201,0,9505,20005,20005,11871,20294
202,0,23524,39364,39364,38137,39322
203,0,7844,18344,18344,19920,39127
204,0,6442,16942,16942,39137,19168
205,0,2981,13481,13481,15261,38359
206,0,7606,18106,18106,13373,19413
207,0,24997,35451,35451,38518,19304
208,0,24135,37751,37751,37159,14336
209,0,243,10743,10743,12189,17227
210,0,5032,15532,15532,19745,36895
211,0,106,10606,10606,38734,35595
212,0,8709,19209,19209,36533,13846
213,0,6734,17234,17234,19273,35401
214,0,23002,37911,37911,13037,15973
215,0,21444,38412,38412,14953,12480
216,0,22194,37956,37956,39423,18983
217,0,9211,19711,19711,17454,38254
218,0,24911,37341,37341,14878,17016
219,0,9881,20381,20381,12135,19252
220,0,4605,15105,15105,39093,37117
221,0,8424,18924,18924,17810,19122
222,0,23910,36161,36161,11863,12632
223,0,5286,15786,15786,38715,14977
224,0,3960,14460,14460,35360,11768
225,0,3873,14373,14373,16648,17266
226,0,7854,18354,18354,19908,37043
227,0,24800,38258,38258,18298,17117
228,0,23906,37410,37410,37135,13617
229,0,8246,18746,18746,12832,16241
230,0,8852,19352,19352,13772,18043
231,0,25053,38256,38256,13310,19510
232,0,23130,35931,35931,37931,19828
233,0,7512,18012,18012,11150,12137
234,0,21966,38405,38405,13610,36839
235,0,29,10529,10529,38096,18320
236,0,2801,13301,13301,16175,13852
237,0,6875,17375,17375,16553,36478
238,0,8116,18616,18616,11925,13709
239,0,2922,13422,13422,15156,10589
240,0,4664,15164,15164,35964,19091
241,0,22963,37507,37507,38155,14570
242,0,8040,18540,18540,12259,15564
243,0,22208,38955,38955,18990,15321
244,0,1245,11745,11745,39550,17811
245,0,7136,17636,17636,19095,38502
246,0,4053,14553,14553,35346,11283
247,0,21722,37637,37637,16939,20911
248,0,4412,14912,14912,15288,35468
249,0,108,10608,10608,12742,11355
250,0,23047,36609,36609,15887,36537
251,0,6301,16801,16801,12822,39499
252,0,9276,19776,19776,37573,16445
253,0,23998,35886,35886,13331,14287
254,0,23191,35432,35432,15501,37403
255,0,23256,38207,38207,38666,20567
256,0,8673,19173,19173,38010,37947
257,0,4394,14894,14894,38214,10749
258,0,25337,37609,37609,10912,37172
259,0,23558,37350,37350,19346,16340
260,0,22455,36439,36439,18180,11776
261,0,10063,20563,20563,12678,17348
262,0,4348,14848,14848,35750,16418
263,0,21811,35872,35872,13862,18625
264,0,21810,38862,38862,17287,36943
265,0,7476,17976,17976,10606,12316
266,0,7254,17754,17754,18981,36994
267,0,7840,18340,18340,20667,15180
268,0,5001,15501,15501,14131,14631
269,0,5610,16110,16110,20709,37085
270,0,6367,16867,16867,17591,20715
271,0,973,11473,11473,13667,17394
272,0,4999,15499,15499,37679,38190
273,0,4299,14799,14799,17309,15475
274,0,5019,15519,15519,13308,37592
275,0,3653,14153,14153,20709,15155
276,0,24604,36880,36880,11758,19892
277,0,10242,20742,20742,38043,39512
278,0,3088,13588,13588,14356,15183
279,0,5456,15956,15956,11161,16406
280,0,5662,16162,16162,16208,13762
281,0,8701,19201,19201,20429,20685
282,0,5805,16305,16305,39311,19095
283,0,24535,38735,38735,14637,11497
284,0,10,10510,10510,20203,19323
285,0,2647,13147,13147,36399,10800
286,0,23871,36437,36437,35985,37439
287,0,1426,11926,11926,11037,12755
288,0,25387,36753,36753,20067,20203
289,0,3265,13765,13765,16683,19943
290,0,22560,36416,36416,17744,14866
291,0,22445,36594,36594,20186,37783
292,0,22453,37610,37610,35938,18807
293,0,21820,37891,37891,12590,14348
294,0,1215,11715,11715,18744,38726
295,0,23128,36394,36394,36568,19413
296,0,21513,38544,38544,11019,38735
297,0,22018,38239,38239,11861,11626
298,0,9490,19990,19990,11769,35816
299,0,6702,17202,17202,35249,36596
300,0,323,10823,10823,13913,19572
301,0,1344,11844,11844,13626,39188
302,0,4457,14957,14957,20187,16510
303,0,23902,36557,36557,20049,17129
304,0,909,11409,11409,19146,20198
305,0,10141,20641,20641,15710,13080
306,0,3399,13899,13899,19363,35558
307,0,496,10996,10996,10771,19826
308,0,9349,19849,19849,37088,16648
309,0,24532,37662,37662,19203,37634
310,0,10285,20785,20785,38230,16203
311,0,5312,15812,15812,37242,37439
312,0,21690,37458,37458,18427,17271
313,0,3470,13970,13970,10966,35339
314,0,22072,38709,38709,13938,16218
315,0,6848,17348,17348,12678,36923
316,0,4365,14865,14865,11615,15868
317,0,10356,20856,20856,36174,11596
318,0,1195,11695,11695,38430,11451
319,0,23862,36736,36736,37622,16639
320,0,1423,11923,11923,37351,12343
321,0,5477,15977,15977,20289,13603
322,0,256,10756,10756,20419,10744
323,0,21936,37287,37287,17965,20781
324,0,22826,37934,37934,36157,15051
325,0,288,10788,10788,17410,35920
326,0,8412,18912,18912,19700,35376
327,0,23754,39123,39123,15297,19660
328,0,8919,19419,19419,17020,20758
329,0,10089,20589,20589,37236,15178
330,0,24516,37598,37598,37705,16001
331,0,4484,14984,14984,14097,35836
332,0,21384,38945,38945,15690,37939
333,0,7515,18015,18015,36162,36411
334,0,7070,17570,17570,38938,14093
335,0,1232,11732,11732,19498,18701
336,0,9366,19866,19866,17675,16386
337,0,5553,16053,16053,14390,37202
338,0,2675,13175,13175,15263,18118
339,0,1112,11612,11612,20305,39108
340,0,4919,15419,15419,39016,16502
341,0,21095,37145,37145,11641,20099
342,0,267,10767,10767,18581,18839
343,0,22407,35393,35393,20335,35383
344,0,6497,16997,16997,20218,19975
345,0,5318,15818,15818,37443,11081
346,0,21687,36818,36818,37828,36384
347,0,7672,18172,18172,18095,37662
348,0,3048,13548,13548,19206,39443
349,0,6167,16667,16667,38685,11528
350,0,8117,18617,18617,36659,10817
351,0,1379,11879,11879,14110,17857
352,0,22606,36479,36479,19799,16238
353,0,25229,36174,36174,20856,39303
354,0,9606,20106,20106,16147,11072
355,0,4759,15259,15259,16055,35933
356,0,9574,20074,20074,17785,10952
357,0,5502,16002,16002,12652,37577
358,0,25453,38574,38574,14667,13408
359,0,3790,14290,14290,35612,15439
360,0,620,11120,11120,20343,16130
361,0,652,11152,11152,37958,37973
362,0,5723,16223,16223,15687,10963
363,0,21288,37428,37428,12648,19569
364,0,3473,13973,13973,10725,20030
365,0,25045,36990,36990,11907,17381
366,0,5028,15528,15528,10778,15028
367,0,6836,17336,17336,15107,14141
368,0,6271,16771,16771,35905,20371
369,0,23149,36404,36404,37939,35409
370,0,2516,13016,13016,12139,17782
371,0,24393,36673,36673,19204,37327
372,0,23015,36135,36135,35390,35738
373,0,7076,17576,17576,17895,16242
374,0,22339,37957,37957,18457,11652
375,0,8223,18723,18723,12806,16972
376,0,25081,35445,35445,14488,17266
377,0,24113,39223,39223,35610,19909
378,0,3603,14103,14103,39599,12543
379,0,23479,36397,36397,17527,14614
380,0,21223,38907,38907,19683,38069
381,0,5458,15958,15958,17061,37198
382,0,25458,36630,36630,13354,18907
383,0,1506,12006,12006,13080,35907
384,0,8336,18836,18836,38548,16824
385,0,24704,37650,37650,17637,37689
386,0,23731,39378,39378,15854,17686
387,0,24576,35580,35580,13614,15671
388,0,25446,37030,37030,17222,16168
389,0,23087,38812,38812,17727,14580
390,0,23410,39282,39282,39264,38499
391,0,4890,15390,15390,18071,12565
392,0,730,11230,11230,13228,14735
393,0,7021,17521,17521,13827,16862
394,0,24823,38145,38145,16169,38560
395,0,8470,18970,18970,18538,16478
396,0,8534,19034,19034,12448,12940
397,0,1745,12245,12245,12560,15154
398,0,3853,14353,14353,36771,14976
399,2,23447,37063,37105,13655,37063
400,0,24362,39291,39291,16892,16728
401,0,2709,13209,13209,16152,19915
402,0,9761,20261,20261,37755,20579
403,0,3388,13888,13888,15857,15076
404,1,24132,39341,17821,39341,20613
405,0,23782,36761,36761,15463,16239
406,0,21772,39374,39374,38384,37154
407,0,5640,16140,16140,16495,38518
408,0,8314,18814,18814,20452,36658
409,0,3126,13626,13626,11844,39188
410,0,1156,11656,11656,19634,37279
411,0,9825,20325,20325,13221,17630
412,0,32,10532,10532,11901,14230
413,0,10122,20622,20622,10672,18251
414,0,22807,36284,36284,37875,10845
415,0,1336,11836,11836,12089,15737
416,0,21653,38188,38188,18894,39302
417,0,21225,35453,35453,11314,35452
418,0,24222,37496,37496,15121,18948
419,0,8824,19324,19324,10704,16961
420,0,1610,12110,12110,17440,36735
421,0,939,11439,11439,36408,10513
422,0,5381,15881,15881,18722,13861
423,0,4023,14523,14523,13423,38729
424,0,6243,16743,16743,12029,11341
425,0,23127,37873,37873,35924,13623
426,0,21967,35686,35686,11763,15502
427,0,745,11245,11245,38296,20215
428,0,4083,14583,14583,39147,39483
429,0,9640,20140,20140,11040,14395
430,0,2877,13377,13377,15016,17150
431,0,4963,15463,15463,17189,12992
432,0,4701,15201,15201,14518,37008
433,0,1741,12241,12241,20307,11182
434,0,9271,19771,19771,18755,14609
435,0,2651,13151,13151,15706,17711
436,0,5665,16165,16165,14502,36020
437,0,3002,13502,13502,12090,39274
438,0,1821,12321,12321,14758,11854
439,0,24423,38037,38037,13610,11795
440,0,1330,11830,11830,13505,20373
441,0,21329,39537,39537,14620,12735
442,0,957,11457,11457,12513,15639
443,0,2110,12610,12610,17811,17210
444,0,5399,15899,15899,12327,12813
445,0,4691,15191,15191,10600,11103
446,0,1660,12160,12160,37469,16816
447,0,23817,38456,38456,12084,36060
448,0,5106,15606,15606,13373,14413
449,0,23296,38007,38007,39229,10801
450,0,655,11155,11155,19051,16426
451,0,21707,36698,36698,39369,12382
452,0,23463,39498,39498,14068,17826
453,0,22927,38639,38639,17128,13640
454,0,7974,18474,18474,11135,12846
455,0,8612,19112,19112,35368,36891
456,0,6883,17383,17383,18320,20101
457,0,2199,12699,12699,15249,35217
458,0,2960,13460,13460,17622,13350
459,0,4640,15140,15140,15722,38109
460,0,9164,19664,19664,12646,12388
461,0,24743,37694,37694,18304,17338
462,0,21960,36077,36077,16945,38269
463,0,5868,16368,16368,14633,39647
464,0,23802,36203,36203,10832,14927
465,0,1405,11905,11905,19775,15685
466,0,24256,35357,35357,36855,16317
467,0,2625,13125,13125,13773,19206
468,0,9132,19632,19632,19012,17283
469,0,5206,15706,15706,13403,38744
470,0,6084,16584,16584,20514,14857
471,0,4972,15472,15472,12614,20810
472,0,3148,13648,13648,35782,13433
473,0,8944,19444,19444,15044,17630
474,0,2873,13373,13373,13578,35571
475,0,3916,14416,14416,36798,37818
476,0,5267,15767,15767,19735,16166
477,0,6400,16900,16900,15898,19184
478,0,6561,17061,17061,14687,10891
479,0,8021,18521,18521,35827,12396
480,0,76,10576,10576,15311,35724
481,0,21828,36022,36022,12014,16684
482,0,9015,19515,19515,35915,37315
483,0,21672,38587,38587,19166,35171
484,0,4947,15447,15447,16649,37689
485,0,7822,18322,18322,38968,10841
486,0,2260,12760,12760,18982,38853
487,0,1775,12275,12275,17674,36370
488,0,5117,15617,15617,16522,38127
489,0,7248,17748,17748,16084,16968
490,0,93,10593,10593,16978,13585
491,0,24325,37929,37929,11195,20428
492,0,4007,14507,14507,12989,37335
493,0,7407,17907,17907,17264,13764
494,0,24648,35558,35558,13899,17831
495,0,6529,17029,17029,13657,19086
496,0,4810,15310,15310,39523,13470
497,0,3181,13681,13681,36658,35477
498,0,23656,39044,39044,17275,13405
499,0,1076,11576,11576,14607,19337
500,0,2338,12838,12838,10892,18574
501,0,5799,16299,16299,14007,14560
502,0,1885,12385,12385,11428,20527
503,0,5912,16412,16412,18317,15028
504,0,9875,20375,20375,13907,11948
505,0,4323,14823,14823,37696,11695
506,0,4949,15449,15449,19271,39653
507,0,5859,16359,16359,11507,13787
508,0,10000,20500,20500,16121,14695
509,0,6903,17403,17403,18479,16512
510,0,2759,13259,13259,12413,38500
511,0,22082,39588,39588,37261,14768
512,0,7885,18385,18385,12257,15406
513,0,4030,14530,14530,36844,11602
514,0,3352,13852,13852,11370,16990
515,0,1437,11937,11937,10590,10520
516,0,1233,11733,11733,36832,37036
517,0,8351,18851,18851,37310,16094
518,0,4281,14781,14781,19915,15529
519,0,5066,15566,15566,20347,14467
520,0,6728,17228,17228,19826,18967
521,0,3102,13602,13602,11378,14522
522,0,2465,12965,12965,20073,12350
523,0,7768,18268,18268,19667,11455
524,0,6929,17429,17429,12630,36353
525,0,449,10949,10949,19116,11050
526,0,5239,15739,15739,19558,19546
527,0,21117,37592,37592,13308,17444
528,0,3621,14121,14121,19287,18009
529,0,2317,12817,12817,19971,16958
530,0,6071,16571,16571,13876,14299
531,0,2185,12685,12685,13512,36898
532,0,4477,14977,14977,37493,14532
533,0,1890,12390,12390,18893,37672
534,0,1155,11655,11655,17883,19036
535,0,6061,16561,16561,38602,13692
536,0,7953,18453,18453,12156,37360
537,0,23614,38183,38183,36176,38656
538,0,1728,12228,12228,16939,12096
539,0,5151,15651,15651,12281,37737
540,0,24639,37896,37896,37574,13847
541,0,7685,18185,18185,39396,36519
542,0,22037,35511,35511,16031,13347
543,0,22797,35893,35893,35865,15945
544,0,10481,20981,20981,11588,39103
545,0,4392,14892,14892,13117,12219
546,0,8495,18995,18995,10703,11201
547,0,2503,13003,13003,38357,15299
548,0,9498,19998,19998,17240,12943
549,0,2463,12963,12963,19803,11548
550,0,5715,16215,16215,36186,18182
551,0,2846,13346,13346,14500,12690
552,0,9535,20035,20035,38414,15851
553,0,21502,37124,37124,11915,37950
554,0,1612,12112,12112,13241,36519
555,0,6234,16734,16734,20616,35387
556,0,2191,12691,12691,12316,12544
557,0,1729,12229,12229,36047,36116
558,0,24539,38494,38494,18254,15187
559,0,23177,36206,36206,36251,16341
560,0,10427,20927,20927,12865,17423
561,0,8176,18676,18676,20549,11373
562,0,9623,20123,20123,39512,15699
563,0,23511,37257,37257,18486,20409
564,0,22878,39332,39332,38829,12516
565,0,21274,37927,37927,11015,10922
566,0,25091,38580,38580,38846,39069
567,0,4047,14547,14547,15091,16616
568,3,5687,16187,12676,12050,18179
569,0,8296,18796,18796,17920,16879
570,0,7676,18176,18176,16914,39351
571,0,21846,35613,35613,36230,11306
572,0,4240,14740,14740,10956,38514
573,0,6670,17170,17170,18586,19018
574,0,7306,17806,17806,38196,18069
575,0,2755,13255,13255,19211,39200
576,0,2492,12992,12992,20030,10777
577,0,3139,13639,13639,16419,36645
578,0,8544,19044,19044,13263,17266
579,0,24585,37887,37887,38878,38981
580,0,24888,37848,37848,16305,39311
581,0,3272,13772,13772,19352,18043
582,0,24979,37423,37423,11390,36681
583,0,8408,18908,18908,15166,20747
584,0,2889,13389,13389,12620,38560
585,0,24085,35824,35824,13727,11743
586,0,788,11288,11288,18215,35846
587,0,24795,37614,37614,12199,15336
588,0,9818,20318,20318,16165,11985
589,0,7841,18341,18341,12572,17786
590,0,7301,17801,17801,12401,39407
591,0,7466,17966,17966,36269,19227
592,0,5678,16178,16178,38791,39128
593,0,9517,20017,20017,38560,38570
594,0,3377,13877,13877,13479,36861
595,0,4527,15027,15027,16471,11298
596,0,23813,37676,37676,19540,38142
597,0,1780,12280,12280,35286,37450
598,0,6756,17256,17256,39505,19857
599,0,2959,13459,13459,39462,37518
600,0,22393,39606,39606,15610,17285
601,0,24083,35600,35600,14282,19938
602,0,349,10849,10849,36814,12729
603,0,25001,38513,38513,12288,14560
604,0,5843,16343,16343,38773,18846
605,0,3349,13849,13849,39276,17608
606,0,42,10542,10542,16788,19442
607,0,801,11301,11301,12406,20709
608,0,3529,14029,14029,19208,38499
609,0,24189,36385,36385,10848,36334
610,0,981,11481,11481,16568,18850
611,0,3458,13958,13958,39055,14861
612,0,6451,16951,16951,17137,16140
613,0,24358,39417,39417,16881,12611
614,0,7590,18090,18090,13217,38097
615,0,8009,18509,18509,36811,10845
616,0,6714,17214,17214,18783,15437
617,0,8507,19007,19007,17980,38560
618,0,23269,35573,35573,19597,15611
619,0,8366,18866,18866,15670,19289
620,0,24950,36339,36339,37080,11841
621,0,2756,13256,13256,13732,37410
622,0,7188,17688,17688,17996,17261
623,0,916,11416,11416,18812,11297
624,0,4617,15117,15117,14412,35308
625,0,1616,12116,12116,13997,19651
626,0,22503,35256,35256,19755,17312
627,0,22644,37983,37983,36246,12418
628,0,2146,12646,12646,19664,15923
629,0,7191,17691,17691,36246,18481
630,0,1833,12333,12333,37327,36673
631,0,5964,16464,16464,13709,19523
632,0,22941,39038,39038,16093,12027
633,0,5508,16008,16008,12592,18728
634,0,7405,17905,17905,36489,18210
635,0,4714,15214,15214,17801,35831
636,0,5714,16214,16214,15736,18167
637,0,9699,20199,20199,35767,20539
638,0,24243,35428,35428,20373,13505
639,0,782,11282,11282,35372,15892
640,0,6173,16673,16673,16051,37839
641,0,7523,18023,18023,19580,16827
642,0,5396,15896,15896,39586,36729
643,0,24348,39217,39217,36943,35281
644,0,22472,37173,37173,11037,14632
645,0,9035,19535,19535,35462,13021
646,0,4838,15338,15338,19915,16152
647,0,2401,12901,12901,19144,17093
648,0,7663,18163,18163,13398,13279
649,0,4205,14705,14705,15788,15136
650,0,4641,15141,15141,38824,19699
651,0,2152,12652,12652,16002,12127
652,0,5550,16050,16050,16870,13212
653,0,2947,13447,13447,38236,11308
654,0,9564,20064,20064,15309,38499
655,0,8028,18528,18528,36962,36997
656,0,3878,14378,14378,19564,38690
657,0,5936,16436,16436,18093,17653
658,0,7207,17707,17707,39010,16497
659,0,5364,15864,15864,14064,38409
660,0,21737,35520,35520,15950,14764
661,0,7255,17755,17755,37551,20709
662,0,25096,39255,39255,14356,18531
663,0,8063,18563,18563,14470,15738
664,0,3023,13523,13523,36752,10942
665,0,23033,35502,35502,38656,11205
666,0,3541,14041,14041,39362,18405
667,0,3279,13779,13779,15769,14640
668,0,8423,18923,18923,10660,35846
669,0,6740,17240,17240,19998,38598
670,0,24727,38936,38936,19280,38389
671,0,8753,19253,19253,35722,35457
672,0,25327,35465,35465,38575,35464
673,0,2804,13304,13304,12940,16412
674,0,2211,12711,12711,18146,19610
675,0,21875,37196,37196,20826,15073
676,0,8237,18737,18737,39350,19342
677,0,23542,35635,35635,19915,16152
678,0,3133,13633,13633,16036,20733
679,0,7132,17632,17632,10764,36658
680,0,8842,19342,19342,35623,16137
681,0,7781,18281,18281,14923,16926
682,0,4320,14820,14820,20133,18244
683,0,6853,17353,17353,38569,11354
684,0,2107,12607,12607,39218,11919
685,0,5128,15628,15628,19653,14065
686,0,9648,20148,20148,16548,35582
687,0,21411,35974,35974,38814,11814
688,0,3973,14473,14473,37031,35968
689,0,21888,35517,35517,10904,19587
690,0,3034,13534,13534,19091,35964
691,0,21205,35468,35468,18118,15288
692,0,9734,20234,20234,13290,36585
693,0,4663,15163,15163,12681,16195
694,0,8394,18894,18894,15791,17447
695,0,3286,13786,13786,37370,12024
696,0,2367,12867,12867,13508,18990
697,0,9698,20198,20198,19603,18702
698,0,24215,36177,36177,38633,37948
699,0,440,10940,10940,38997,37532
700,0,22554,37288,37288,11057,15757
701,0,24922,36708,36708,12100,36973
702,1,7887,18387,10962,18387,12009
703,0,4692,15192,15192,18896,35940
704,0,23937,38077,38077,17417,13458
705,0,9315,19815,19815,38010,16911
706,0,9845,20345,20345,18930,38392
707,0,1224,11724,11724,39304,20462
708,0,8541,19041,19041,20413,17403
709,0,2592,13092,13092,12046,38155
710,0,3247,13747,13747,15065,37442
711,0,2812,13312,13312,15587,20905
712,0,23288,39344,39344,13926,13649
713,0,6857,17357,17357,35181,39576
714,0,8233,18733,18733,38614,11175
715,0,2691,13191,13191,13206,37525
716,0,4132,14632,14632,16531,11037
717,0,6745,17245,17245,14937,14718
718,0,6779,17279,17279,38970,14677
719,0,2249,12749,12749,37093,36655
720,0,2552,13052,13052,18023,15145
721,0,8674,19174,19174,19805,16509
722,0,25162,35202,35202,15684,10702
723,0,10067,20567,20567,38207,38666
724,0,7342,17842,17842,16635,18467
725,0,3649,14149,14149,38238,19843
726,0,380,10880,10880,12869,18258
727,5,22095,36018,36913,18199,38602
728,0,5749,16249,16249,15883,13175
729,0,7210,17710,17710,37190,14226
730,0,24763,39069,39069,18815,14927
731,0,8015,18515,18515,39063,15081
732,0,1360,11860,11860,36436,11005
733,0,3196,13696,13696,37183,36122
734,0,2037,12537,12537,11431,16482
735,0,486,10986,10986,16374,14687
736,0,9935,20435,20435,13306,16080
737,0,24879,36670,36670,38403,36355
738,0,783,11283,11283,20178,20942
739,0,8126,18626,18626,15467,18847
740,0,7034,17534,17534,11267,15097
741,0,10100,20600,20600,10555,35849
742,0,23352,39451,39451,20006,16148
743,0,3238,13738,13738,16115,10768
744,0,6369,16869,16869,36721,18210
745,0,9755,20255,20255,18339,14884
746,0,25462,36007,36007,15028,16712
747,0,10252,20752,20752,17383,18320
748,0,22752,39615,39615,18482,12584
749,0,8355,18855,18855,36865,10758
750,0,6590,17090,17090,35804,11731
751,0,8198,18698,18698,37194,14881
752,0,22693,37964,37964,14568,36649
753,0,1915,12415,12415,16298,20770
754,0,8543,19043,19043,11393,17777
755,0,9718,20218,20218,19467,18271
756,0,7582,18082,18082,14940,18387
757,0,22185,35284,35284,13144,17154
758,0,24469,36659,36659,18617,16193
759,0,3464,13964,13964,19684,13321
760,0,2138,12638,12638,38937,36882
761,0,22501,38181,38181,10622,13932
762,0,24982,36638,36638,37918,12041
763,0,742,11242,11242,11624,12249
764,0,8568,19068,19068,36620,39125
765,0,24308,36183,36183,12725,37577
766,0,9774,20274,20274,37692,19706
767,0,6759,17259,17259,10540,18867
768,0,22471,38722,38722,10998,36262
769,0,21574,38515,38515,11050,13931
770,0,4480,14980,14980,38923,12850
771,0,3442,13942,13942,19366,37891
772,0,22680,36514,36514,18367,37413
773,0,4521,15021,15021,35173,10513
774,0,2847,13347,13347,16031,18230
775,0,21944,38719,38719,37101,18160
776,0,22103,37562,37562,11252,37563
777,0,7018,17518,17518,14866,36416
778,0,9178,19678,19678,14349,11641
779,0,22031,39257,39257,13848,14741
780,0,6865,17365,17365,36466,16816
781,0,6698,17198,17198,35970,19641
782,0,23443,38875,38875,38059,35355
783,0,21985,38137,38137,39364,39385
784,0,6355,16855,16855,18466,15677
785,0,1834,12334,12334,38206,10766
786,0,9684,20184,20184,14241,16079
787,0,8897,19397,19397,18092,12867
788,0,24839,37237,37237,13860,20602
789,0,24700,39517,39517,17262,39512
790,0,5703,16203,16203,38230,12190
791,0,4801,15301,15301,13702,20209
792,0,9303,19803,19803,11548,18623
793,0,23014,35431,35431,37709,39585
794,0,23059,38075,38075,12166,13857
795,0,9436,19936,19936,20896,38302
796,0,3003,13503,13503,12551,10824
797,0,23,10523,10523,15678,39307
798,0,22978,36658,36658,39236,15506
799,0,3524,14024,14024,37418,11301
800,0,21598,35610,35610,39223,11599
801,0,24474,36814,36814,37601,13415
802,0,9629,20129,20129,14011,13148
803,0,1309,11809,11809,39577,11632
804,0,22723,39071,39071,15043,38279
805,0,8395,18895,18895,36963,13745
806,0,3475,13975,13975,36214,36408
807,0,789,11289,11289,16943,37689
808,0,24515,36538,36538,20004,36686
809,0,24446,36560,36560,17371,18924
810,0,7015,17515,17515,17452,20353
811,0,3284,13784,13784,14537,16803
812,0,6463,16963,16963,14968,16569
813,0,2514,13014,13014,36415,36943
814,0,6145,16645,16645,11765,18244
815,0,4385,14885,14885,35609,14242
816,0,25166,35611,35611,37745,10666
817,0,4905,15405,15405,39610,14017
818,0,8732,19232,19232,18457,12357
819,0,25150,37682,37682,19558,19546
820,0,24168,38979,38979,16249,16132
821,0,5446,15946,15946,20923,35500
822,0,9419,19919,19919,36299,16160
823,0,3688,14188,14188,35652,36830
824,0,1395,11895,11895,36344,14798
825,0,22716,39393,39393,18611,39392
826,0,21232,35525,35525,10705,17906
827,0,5006,15506,15506,12494,19430
828,0,5357,15857,15857,13888,38626
829,0,22695,39573,39573,12830,15781
830,0,7864,18364,18364,20989,12698
831,0,5257,15757,15757,35571,17142
832,0,5632,16132,16132,20842,18438
833,0,6805,17305,17305,11245,36797
834,0,9581,20081,20081,38249,37167
835,0,22799,38486,38486,15044,19444
836,0,5434,15934,15934,36837,14263
837,0,7416,17916,17916,12883,38991
838,0,10333,20833,20833,37094,19372
839,0,8128,18628,18628,37654,14390
840,0,24567,37885,37885,12631,17224
841,0,5883,16383,16383,16886,19191
842,0,9487,19987,19987,36290,13959
843,0,3301,13801,13801,19969,15000
844,0,23065,37464,37464,18494,17599
845,0,10284,20784,20784,39628,39614
846,0,22119,35449,35449,16989,12897
847,0,23415,39225,39225,10525,16238
848,0,712,11212,11212,37075,17623
849,0,4279,14779,14779,37394,14066
850,0,21947,39090,39090,15887,17492
851,0,8763,19263,19263,13544,19019
852,0,21237,35970,35970,17198,19641
853,0,10424,20924,20924,12341,17827
854,0,1822,12322,12322,17977,12395
855,0,9411,19911,19911,39387,15700
856,0,6245,16745,16745,39108,35470
857,0,7525,18025,18025,17518,14866
858,0,22245,38700,38700,11459,16967
859,0,21501,38330,38330,14399,17120
860,0,8420,18920,18920,36521,16462
861,0,1977,12477,12477,11433,19690
862,0,22071,36556,36556,39130,11451
863,0,3264,13764,13764,14043,15183
864,0,22050,35838,35838,13826,17457
865,0,4834,15334,15334,12537,16482
866,0,5061,15561,15561,20524,35527
867,0,252,10752,10752,11219,15666
868,0,21643,39002,39002,38734,38073
869,0,2098,12598,12598,20581,38492
870,0,6244,16744,16744,38902,20254
871,0,21248,38139,38139,36012,16165
872,0,3671,14171,14171,13623,13037
873,0,24662,35452,35452,10768,11230
874,0,22596,35286,35286,37450,12280
875,0,7613,18113,18113,14834,37935
876,0,23832,38453,38453,17162,39287
877,0,4416,14916,14916,17496,15192
878,0,22254,38793,38793,20691,18567
879,3,10113,20613,17821,39341,10516
880,0,5857,16357,16357,17081,11279
881,0,8645,19145,19145,38538,14243
882,0,6415,16915,16915,17918,39443
883,0,6914,17414,17414,10809,11484
884,0,25333,36526,36526,36145,36742
885,0,2934,13434,13434,18981,35162
886,0,6017,16517,16517,14103,39324
887,0,8229,18729,18729,13174,36096
888,0,9294,19794,19794,37538,18878
889,0,8360,18860,18860,35503,38016
890,0,6562,17062,17062,13021,19535
891,0,23244,39557,39557,14945,19605
892,0,23730,36788,36788,13936,37613
893,0,8344,18844,18844,14404,12172
894,0,25184,37931,37931,35931,16734
895,0,22424,37597,37597,36002,11943
896,0,7073,17573,17573,19909,12882
897,0,56,10556,10556,16141,38652
898,0,3412,13912,13912,38881,15956
899,0,5584,16084,16084,10740,16968
900,0,2855,13355,13355,10754,37162
901,0,6209,16709,16709,15556,15972
902,0,2986,13486,13486,13304,15856
903,0,9553,20053,20053,12670,12359
904,0,5999,16499,16499,18574,12388
905,1,21353,37092,38551,37092,10932
906,0,22440,37457,37457,13283,10666
907,0,6189,16689,16689,18047,35459
908,0,9943,20443,20443,13135,15815
909,0,8348,18848,18848,13785,11894
910,0,24050,36440,36440,16827,15704
911,0,4722,15222,15222,13589,17209
912,0,8292,18792,18792,36639,16998
913,0,7425,17925,17925,19617,20526
914,0,4472,14972,14972,11354,39178
915,0,8781,19281,19281,11658,12285
916,0,22047,35703,35703,19780,38687
917,0,2188,12688,12688,17218,38804
918,0,6461,16961,16961,15614,37645
919,0,4049,14549,14549,12541,14554
920,0,23462,38228,38228,12263,16844
921,0,22917,37916,37916,38983,16497
922,0,25020,38168,38168,19902,10905
923,0,7391,17891,17891,17685,38995
924,0,3544,14044,14044,36443,13591
925,0,519,11019,11019,11816,38544
926,0,7689,18189,18189,14878,17531
927,0,4508,15008,15008,38815,12110
928,0,22811,36583,36583,17075,15015
929,0,6641,17141,17141,18374,16386
930,0,5263,15763,15763,17157,39258
931,0,8139,18639,18639,15232,13110
932,0,6916,17416,17416,38337,14081
933,0,227,10727,10727,16099,19679
934,0,8741,19241,19241,20465,19921
935,0,24282,36377,36377,37908,36530
936,0,8147,18647,18647,38103,11852
937,0,7621,18121,18121,19435,38774
938,0,8127,18627,18627,13268,12228
939,0,22397,38663,38663,37024,38409
940,0,24812,38649,38649,12608,20273
941,0,10125,20625,20625,15057,14725
942,0,1699,12199,12199,19242,38414
943,0,24670,39565,39565,10802,38411
944,0,22080,37666,37666,12565,38939
945,0,1877,12377,12377,14376,10843
946,0,513,11013,11013,14924,17509
947,0,8046,18546,18546,17412,12040
948,0,9246,19746,19746,35513,12152
949,0,24867,35743,35743,18841,11047
950,0,9612,20112,20112,36973,36708
951,0,6886,17386,17386,18337,17266
952,0,6119,16619,16619,13202,18837
953,0,21351,35167,35167,36224,38181
954,0,22789,38230,38230,11165,20785
955,0,7899,18399,18399,14310,38086
956,0,10310,20810,20810,12614,38815
957,0,25105,38643,38643,19962,11730
958,0,2916,13416,13416,35698,10509
959,0,22529,38705,38705,10660,20429
960,0,480,10980,10980,20317,12961
961,0,24796,35564,35564,37155,38195
962,0,9603,20103,20103,11600,17549
963,0,2577,13077,13077,18046,11139
964,0,5804,16304,16304,17608,13849
965,0,23024,38247,38247,17002,12273
966,0,8364,18864,18864,14142,35734
967,0,5858,16358,16358,11919,12607
968,0,23335,38779,38779,16001,39337
969,0,5272,15772,15772,38721,18931
970,0,9932,20432,20432,15404,37721
971,0,8651,19151,19151,37075,36759
972,0,1596,12096,12096,35698,38093
973,0,21579,37958,37958,11152,37973
974,0,3896,14396,14396,15877,38935
975,0,23333,35212,35212,11659,17183
976,0,1349,11849,11849,11544,17568
977,0,9072,19572,19572,10823,39222
978,0,10092,20592,20592,37130,39353
979,0,3777,14277,14277,39110,36006
980,0,21833,35730,35730,35817,20588
981,0,23264,35984,35984,39414,39178
982,0,23375,39234,39234,15440,36163
983,0,4050,14550,14550,20309,10863
984,0,24638,35168,35168,18193,15752
985,0,23379,36281,36281,10809,17241
986,0,22122,37107,37107,20153,38854
987,0,21230,39426,39426,19710,16841
988,0,2762,13262,13262,37832,38580
989,0,22218,39396,39396,18185,38218
990,0,6387,16887,16887,20788,12839
991,0,3685,14185,14185,18005,35828
992,0,5062,15562,15562,39610,15405
993,0,3602,14102,14102,13862,19439
994,0,22222,36419,36419,18659,17363
995,0,24541,39431,39431,12785,15970
996,0,1446,11946,11946,20508,36106
997,0,9373,19873,19873,11667,38862
998,0,1020,11520,11520,15969,38342
999,0,705,11205,11205,38656,17973
1000,0,6427,16927,16927,20512,18202
1001,0,1866,12366,12366,15783,19204
1002,0,23349,37484,37484,39150,14164
1003,0,7487,17987,17987,11192,37867
1004,0,6939,17439,17439,36898,16391
1005,0,22367,36373,36373,10516,16244
1006,0,2574,13074,13074,39057,17952
1007,0,21620,36754,36754,19208,13097
1008,0,2956,13456,13456,17633,19448
1009,0,8054,18554,18554,39622,20882
1010,0,3742,14242,14242,36244,35159
1011,0,3914,14414,14414,38700,11459
1012,0,9320,19820,19820,12468,18540
1013,0,24198,35565,35565,14877,35892
1014,0,1419,11919,11919,12607,16358
1015,0,1103,11603,11603,16007,15593
1016,0,6699,17199,17199,16942,10912
1017,0,23931,37025,37025,38352,11045
1018,0,7839,18339,18339,37053,39033
1019,0,10358,20858,20858,12265,39000
1020,0,1558,12058,12058,16632,38467
1021,0,6556,17056,17056,17744,16807
1022,0,7091,17591,17591,17266,37324
1023,0,8441,18941,18941,16042,20927
1024,0,21774,37472,37472,13097,38869
1025,0,3523,14023,14023,17194,18306
1026,0,4542,15042,15042,38802,17732
1027,0,34,10534,10534,19680,14483
1028,0,3400,13900,13900,37689,12543
1029,0,24105,39175,39175,35819,36828
1030,0,5605,16105,16105,36090,19213
1031,0,8821,19321,19321,17932,12862
1032,0,21716,39543,39543,14706,36600
1033,0,7233,17733,17733,12601,15614
1034,0,2652,13152,13152,36561,16168
1035,0,5328,15828,15828,36883,17694
1036,0,5905,16405,16405,39010,17753
1037,0,5945,16445,16445,37838,16374
1038,0,21988,38006,38006,16061,38961
1039,0,21150,36848,36848,10741,18927
1040,0,24627,36896,36896,14857,13212
1041,0,21058,36651,36651,36601,15593
1042,0,292,10792,10792,38994,20189
1043,0,2836,13336,13336,17248,11281
1044,0,24036,35598,35598,35321,37657
1045,0,23053,37922,37922,15271,17256
1046,0,24818,36204,36204,11783,36477
1047,0,2870,13370,13370,10617,12040
1048,0,7677,18177,18177,18266,39530
1049,0,8249,18749,18749,38505,14473
1050,0,10317,20817,20817,38250,11401
1051,0,21795,35191,35191,35190,17013
1052,0,9119,19619,19619,20371,19487
1053,0,7567,18067,18067,38915,13485
1054,0,21267,38765,38765,35438,10722
1055,0,1318,11818,11818,11120,35462
1056,0,2730,13230,13230,14879,36620
1057,0,10221,20721,20721,19430,38577
1058,0,6290,16790,16790,13011,36359
1059,0,22433,35326,35326,11217,35191
1060,0,23202,37861,37861,20077,19425
1061,0,4879,15379,15379,39116,13146
1062,0,10423,20923,20923,12576,35500
1063,0,9088,19588,19588,35157,13265
1064,0,23254,36060,36060,13094,37818
1065,0,23432,38341,38341,37834,11742
1066,0,2228,12728,12728,11900,17582
1067,0,2641,13141,13141,18629,36890
1068,0,4418,14918,14918,14878,17023
1069,0,9460,19960,19960,13247,38466
1070,0,6505,17005,17005,12884,11424
1071,0,6194,16694,16694,17196,18681
1072,0,5921,16421,16421,16942,20152
1073,0,6872,17372,17372,11374,37610
1074,0,356,10856,10856,39457,19723
1075,0,8076,18576,18576,17891,39138
1076,0,23488,35815,35815,18234,16096
1077,0,22108,38459,38459,35683,36636
1078,0,8444,18944,18944,20514,14857
1079,0,4584,15084,15084,37231,12029
1080,0,837,11337,11337,38800,14080
1081,0,266,10766,10766,11680,38206
1082,0,2006,12506,12506,17738,35343
1083,0,8803,19303,19303,12641,11379
1084,2,21612,35489,11410,17716,35489
1085,0,2362,12862,12862,16083,15753
1086,0,25473,36603,36603,39324,39061
1087,0,22301,37523,37523,20474,17961
1088,0,24430,38821,38821,38625,20555
1089,0,21852,39244,39244,10919,15110
1090,0,10283,20783,20783,11905,19419
1091,0,9736,20236,20236,19359,20944
1092,0,826,11326,11326,37875,15507
1093,0,9754,20254,20254,15204,38853
1094,0,4253,14753,14753,37943,13716
1095,0,6053,16553,16553,36478,17375
1096,0,21548,38009,38009,38442,12225
1097,0,8283,18783,18783,37236,17214
1098,0,1441,11941,11941,11166,16772
1099,0,3066,13566,13566,12337,14751
1100,0,24720,36057,36057,35161,20725
1101,0,2748,13248,13248,20948,20270
1102,0,7388,17888,17888,14511,37577
1103,0,9034,19534,19534,17088,11796
1104,0,3061,13561,13561,20675,14200
1105,0,889,11389,11389,38887,37194
1106,0,23436,38138,38138,38627,17757
1107,0,22934,37206,37206,18643,14687
1108,0,24354,38835,38835,15386,16573
1109,0,1963,12463,12463,35567,20046
1110,0,3125,13625,13625,17549,18202
1111,0,21989,36460,36460,35385,36186
1112,0,6101,16601,16601,37714,19562
1113,0,1127,11627,11627,18388,38865
1114,0,23451,36143,36143,39025,17089
1115,0,23625,36444,36444,14889,16162
1116,0,6385,16885,16885,17397,13322
1117,0,9724,20224,20224,11285,37690
1118,0,22429,35509,35509,15024,17489
1119,0,7488,17988,17988,13800,17598
1120,0,6203,16703,16703,11971,18337
1121,0,1543,12043,12043,14912,18736
1122,0,3263,13763,13763,12549,18904
1123,0,8762,19262,19262,17141,38614
1124,0,9775,20275,20275,18127,38528
1125,0,2268,12768,12768,17661,18342
1126,0,3770,14270,14270,20630,37669
1127,0,7025,17525,17525,13809,35246
1128,0,23452,36746,36746,35826,15854
1129,0,132,10632,10632,15358,39053
1130,0,9357,19857,19857,17256,39505
1131,0,25089,36343,36343,16509,12410
1132,0,603,11103,11103,36681,15191
1133,0,6425,16925,16925,39087,13099
1134,0,843,11343,11343,36814,16617
1135,0,393,10893,10893,14422,13341
1136,0,24009,38382,38382,17023,14741
1137,0,9849,20349,20349,36742,18107
1138,0,22297,37220,37220,16214,36903
1139,0,4989,15489,15489,19211,38295
1140,0,3928,14428,14428,17177,36692
1141,0,5511,16011,16011,17203,11468
1142,0,6927,17427,17427,35856,15573
1143,0,5909,16409,16409,38533,19653
1144,0,25329,37657,37657,35598,13819
1145,0,23286,37874,37874,37290,37507
1146,0,25038,39052,39052,37803,14786
1147,0,2277,12777,12777,18543,37651
1148,0,6417,16917,16917,16741,13322
1149,0,3234,13734,13734,35325,10994
1150,0,25039,36907,36907,20709,17025
1151,0,3498,13998,13998,19266,13552
1152,0,25395,39422,39422,17292,19372
1153,0,4613,15113,15113,19253,12296
1154,0,24349,37099,37099,11195,16382
1155,0,10008,20508,20508,13953,20309
1156,0,401,10901,10901,12065,16957
1157,0,24172,39612,39612,17275,38822
1158,0,22192,37054,37054,18609,16449
1159,0,23742,36466,36466,38740,17336
1160,0,21201,35244,35244,17744,16573
1161,0,22932,36116,36116,38134,17103
1162,0,4680,15180,15180,18340,13642
1163,0,5008,15508,15508,18157,18466
1164,0,21614,36989,36989,12308,10557
1165,0,3403,13903,13903,13811,35183
1166,0,24197,36801,36801,17767,20120
1167,0,3883,14383,14383,10722,16516
1168,0,6307,16807,16807,37668,35244
1169,0,9423,19923,19923,17765,38848
1170,0,10021,20521,20521,20502,13195
1171,0,22125,39310,39310,38573,16369
1172,0,1573,12073,12073,14140,39389
1173,0,24764,38611,38611,15304,18679
1174,0,9329,19829,19829,18892,36325
1175,0,2423,12923,12923,18852,15500
1176,0,8759,19259,19259,19943,16683
1177,5,5264,15764,14390,13757,11007
1178,0,7231,17731,17731,15244,16385
1179,0,3548,14048,14048,13181,35830
1180,0,8999,19499,19499,16466,36903
1181,0,8911,19411,19411,35294,38394
1182,0,21404,35944,35944,19699,11345
1183,0,7738,18238,18238,11017,20552
1184,0,21208,36049,36049,12636,14751
1185,0,5826,16326,16326,15675,13342
1186,0,23466,37628,37628,39226,16200
1187,0,7881,18381,18381,35228,17718
1188,0,24323,39065,39065,17440,12139
1189,0,809,11309,11309,35992,35485
1190,0,23993,35650,35650,16335,18292
1191,0,21026,35846,35846,38882,11288
1192,0,2650,13150,13150,17266,16648
1193,0,25465,36780,36780,16853,11946
1194,0,25424,39516,39516,11315,14940
1195,0,21836,36300,36300,35298,38826
1196,0,3190,13690,13690,14541,36016
1197,0,3620,14120,14120,12316,20047
1198,0,1702,12202,12202,38829,38231
1199,0,25314,36382,36382,37659,19148
1200,0,8231,18731,18731,20377,13174
1201,0,3650,14150,14150,36686,18974
1202,0,25425,39133,39133,15249,20244
1203,0,7666,18166,18166,16731,19211
1204,0,22228,39056,39056,16649,38421
1205,0,8876,19376,19376,38666,38207
1206,0,23118,37313,37313,16260,15803
1207,0,3370,13870,13870,17287,36943
1208,0,23282,38751,38751,15042,15941
1209,0,6291,16791,16791,15327,38363
1210,0,25113,35666,35666,18660,36977
1211,0,10476,20976,20976,19616,18190
1212,0,9297,19797,19797,36269,20344
1213,0,21265,37513,37513,13940,35831
1214,0,10148,20648,20648,17312,35256
1215,0,21199,38491,38491,13197,18836
1216,0,23174,36718,36718,12433,12372
1217,0,8062,18562,18562,15661,11752
1218,0,664,11164,11164,18600,19635
1219,0,10337,20837,20837,18387,16768
1220,0,8962,19462,19462,37040,38145
1221,0,21048,38308,38308,12196,37716
1222,0,1736,12236,12236,20006,18695
1223,0,5259,15759,15759,14671,16264
1224,0,3347,13847,13847,37459,18676
1225,0,1568,12068,12068,36904,12127
1226,0,462,10962,10962,14161,35925
1227,0,743,11243,11243,12524,19339
1228,0,222,10722,10722,35438,16516
1229,0,22582,37116,37116,11640,38983
1230,0,3994,14494,14494,19471,20675
1231,0,1979,12479,12479,17643,15066
1232,0,7682,18182,18182,11081,17129
1233,0,625,11125,11125,12903,17637
1234,0,24899,35296,35296,10942,14361
1235,0,9773,20273,20273,16096,38149
1236,0,7202,17702,17702,15145,18974
1237,0,24380,36645,36645,17170,13732
1238,0,344,10844,10844,39299,14560
1239,0,5494,15994,15994,10764,12255
1240,0,7945,18445,18445,15447,17555
1241,0,8772,19272,19272,39523,37512
1242,0,1004,11504,11504,37342,18662
1243,0,4449,14949,14949,36126,17266
1244,0,2280,12780,12780,11715,16711
1245,1,456,10956,13757,10956,14390
1246,0,23237,36672,36672,17157,16155
1247,0,9209,19709,19709,17991,37739
1248,0,4335,14835,14835,37609,38337
1249,0,2621,13121,13121,17352,19016
1250,0,21660,35291,35291,14732,37569
1251,0,6325,16825,16825,20217,11461
1252,0,24786,35981,35981,17765,19923
1253,0,5756,16256,16256,39164,13649
1254,0,9683,20183,20183,20001,11632
1255,0,24999,39104,39104,13635,11223
1256,0,5114,15614,15614,17923,14890
1257,0,9544,20044,20044,38920,19201
1258,0,5212,15712,15712,11450,15622
1259,0,21393,37353,37353,13216,16005
1260,0,1760,12260,12260,19315,18046
1261,0,842,11342,11342,19212,39198
1262,0,24235,37832,37832,13262,37358
1263,1,21659,37381,17630,37381,38929
1264,0,6492,16992,16992,19692,14058
1265,0,5199,15699,15699,36160,11791
1266,0,4803,15303,15303,20449,16927
1267,0,2902,13402,13402,20162,18465
1268,0,22460,37177,37177,13691,15671
1269,0,5987,16487,16487,16817,11745
1270,0,22244,39316,39316,12323,14819
1271,0,21336,36726,36726,35827,12743
1272,0,6165,16665,16665,18260,12799
1273,0,8875,19375,19375,38036,16632
1274,0,22408,37089,37089,15820,15155
1275,0,8918,19418,19418,38469,18708
1276,0,24307,37714,37714,18217,16601
1277,0,3431,13931,13931,18286,36071
1278,0,21770,38797,38797,18357,39474
1279,0,9038,19538,19538,13671,36951
1280,0,21898,39503,39503,19696,19857
1281,0,7795,18295,18295,15593,15555
1282,0,8971,19471,19471,36201,14494
1283,0,23468,38972,38972,35535,37569
1284,0,4725,15225,15225,35178,36120
1285,0,7897,18397,18397,36471,37875
1286,0,5130,15630,15630,36368,35541
1287,0,22089,39491,39491,35480,17851
1288,0,6945,17445,17445,20010,18764
1289,0,25044,39339,39339,38802,15042
1290,0,9173,19673,19673,12501,18202
1291,0,9128,19628,19628,35570,17509
1292,0,10078,20578,20578,38722,37919
1293,0,22413,35343,35343,17738,12506
1294,0,368,10868,10868,20042,15227
1295,0,23936,37224,37224,13268,16169
1296,0,3593,14093,14093,10737,17570
1297,0,1415,11915,11915,37124,37950
1298,0,25324,35772,35772,35392,36952
1299,0,8061,18561,18561,11616,11067
1300,0,22663,39527,39527,17275,15622
1301,0,25248,36804,36804,14699,19638
1302,0,8939,19439,19439,14943,13862
1303,0,21382,36631,36631,36145,17176
1304,0,25114,37519,37519,19530,15749
1305,0,8587,19087,19087,16746,35781
1306,0,9319,19819,19819,19909,38803
1307,0,1721,12221,12221,16711,35685
1308,0,8826,19326,19326,13806,36596
1309,0,5324,15824,15824,17203,16542
1310,0,4060,14560,14560,16200,12941
1311,0,22084,39110,39110,38069,12382
1312,0,1824,12324,12324,39450,11004
1313,0,22271,38318,38318,19349,14408
1314,0,23091,37352,37352,12898,12571
1315,0,23651,36704,36704,14641,18567
1316,0,9395,19895,19895,38991,16885
1317,0,3232,13732,13732,13256,11819
1318,0,1918,12418,12418,17156,10629
1319,0,23425,38164,38164,37191,19167
1320,0,1569,12069,12069,14376,12720
1321,0,1831,12331,12331,17019,38537
1322,0,347,10847,10847,16660,19578
1323,0,1242,11742,11742,37834,18027
1324,0,7720,18220,18220,11757,14412
1325,0,23089,38352,38352,20309,36674
1326,0,24602,35942,35942,18699,37450
1327,0,22350,39377,39377,37729,15895
1328,0,21793,35879,35879,18027,15910
1329,2,24067,37844,11410,17716,37844
1330,0,24397,36088,36088,16856,19004
1331,0,21694,36549,36549,11344,11396
1332,0,21902,37739,37739,12694,11822
1333,0,7930,18430,18430,16693,12824
1334,0,6466,16966,16966,36641,12924
1335,0,10415,20915,20915,10902,15068
1336,0,7593,18093,18093,36045,14643
1337,0,21880,35945,35945,38862,18584
1338,0,7182,17682,17682,15146,14466
1339,0,24040,37094,37094,20833,19372
1340,0,21091,37795,37795,19836,12418
1341,0,23271,39535,39535,20509,39061
1342,0,25137,37998,37998,35931,20949
1343,0,5847,16347,16347,18219,17882
1344,0,24653,37152,37152,36416,16345
1345,0,23347,37729,37729,39377,17058
1346,0,1222,11722,11722,36489,18210
1347,0,6473,16973,16973,14474,19132
1348,0,2134,12634,12634,15975,36148
1349,0,8953,19453,19453,36582,36170
1350,0,8083,18583,18583,13002,17275
1351,0,21576,39326,39326,15935,38499
1352,0,6741,17241,17241,36281,10809
1353,0,21313,36757,36757,37154,14812
1354,0,509,11009,11009,15390,19969
1355,0,10452,20952,20952,14560,39537
1356,0,3986,14486,14486,13653,10589
1357,0,748,11248,11248,12946,18260
1358,1,5246,15746,11711,15746,17293
1359,0,1259,11759,11759,36018,17122
1360,0,4718,15218,15218,10737,14518
1361,0,1888,12388,12388,10766,18574
1362,0,711,11211,11211,11589,19950
1363,0,21748,37812,37812,39459,14417
1364,0,23618,38353,38353,16599,13743
1365,0,7856,18356,18356,13106,18364
1366,0,5833,16333,16333,17898,39443
1367,0,24402,38814,38814,11119,12676
1368,0,24226,37804,37804,20241,10505
1369,0,7562,18062,18062,20889,37057
1370,0,4808,15308,15308,16235,16241
1371,0,3329,13829,13829,39128,35680
1372,0,3293,13793,13793,14232,35598
1373,0,8485,18985,18985,20292,14309
1374,0,23743,36453,36453,19745,39375
1375,0,6148,16648,16648,17986,12616
1376,0,23168,37716,37716,36008,38308
1377,0,10045,20545,20545,18000,10557
1378,0,4865,15365,15365,38158,17484
1379,0,5551,16051,16051,39157,15353
1380,0,9253,19753,19753,14052,18253
1381,0,8855,19355,19355,10639,36791
1382,0,104,10604,10604,12517,13417
1383,0,1794,12294,12294,17633,11592
1384,0,10463,20963,20963,20503,19372
1385,0,2386,12886,12886,12664,17173
1386,0,25212,36735,36735,12110,15008
1387,0,4847,15347,15347,14880,20232
1388,0,6650,17150,17150,13377,10617
1389,0,5837,16337,16337,14732,17508
1390,0,8247,18747,18747,19512,35462
1391,0,1658,12158,12158,16507,13417
1392,0,212,10712,10712,19807,17554
1393,0,8241,18741,18741,11332,16969
1394,0,5886,16386,16386,36448,20076
1395,0,4419,14919,14919,19862,39629
1396,0,23457,38801,38801,13962,18878
1397,0,5193,15693,15693,37279,37622
1398,0,5735,16235,16235,16241,15308
1399,0,1359,11859,11859,12664,16015
1400,0,334,10834,10834,36719,15812
1401,0,8077,18577,18577,11778,17629
1402,0,3110,13610,13610,38800,38405
1403,0,5709,16209,16209,13842,17165
1404,0,792,11292,11292,17560,35209
1405,0,233,10733,10733,17266,15622
1406,0,8515,19015,19015,37787,36991
1407,0,9289,19789,19789,16702,20309
1408,0,1064,11564,11564,20576,38479
1409,0,209,10709,10709,36018,36913
1410,0,21545,36087,36087,14390,16053
1411,0,24144,35464,35464,36916,35465
1412,0,21841,38054,38054,11354,38350
1413,0,9525,20025,20025,11481,18913
1414,0,4498,14998,14998,14316,17611
1415,0,6664,17164,17164,35545,36162
1416,0,2413,12913,12913,20774,17753
1417,0,9595,20095,20095,37575,17604
1418,0,9431,19931,19931,37284,20082
1419,0,21172,37300,37300,20893,14007
1420,0,7139,17639,17639,20635,13766
1421,0,871,11371,11371,17168,35678
1422,0,1263,11763,11763,15502,12805
1423,0,1618,12118,12118,13010,35768
1424,0,4345,14845,14845,15133,39586
1425,0,10076,20576,20576,11564,14473
1426,0,2414,12914,12914,10689,17048
1427,0,21715,38170,38170,16065,19215
1428,0,22522,38159,38159,17275,13405
1429,0,24140,36396,36396,11259,38324
1430,0,1220,11720,11720,38362,11201
1431,0,25423,35253,35253,36202,35254
1432,0,1765,12265,12265,16323,39000
1433,0,25352,36678,36678,10956,11007
1434,0,8493,18993,18993,12885,15034
1435,0,23684,38015,38015,12862,10659
1436,0,2001,12501,12501,18202,38533
1437,0,5609,16109,16109,39494,35177
1438,0,21141,35224,35224,35752,37007
1439,0,4581,15081,15081,18323,18710
1440,0,8885,19385,19385,38031,16374
1441,0,1485,11985,11985,20318,19994
1442,0,3582,14082,14082,20709,38543
1443,0,2523,13023,13023,19356,37985
1444,0,22706,37813,37813,36190,13659
1445,0,6332,16832,16832,38452,38151
1446,0,3078,13578,13578,10903,16632
1447,0,4833,15333,15333,37202,14390
1448,0,23358,36301,36301,14878,20555
1449,0,1305,11805,11805,19167,37957
1450,0,4782,15282,15282,13803,12409
1451,0,8255,18755,18755,19771,10995
1452,0,4381,14881,14881,13314,38369
1453,0,22251,39264,39264,13660,39282
1454,0,6224,16724,16724,37864,14686
1455,0,24277,37809,37809,20444,16478
1456,0,9562,20062,20062,15527,38976
1457,0,2165,12665,12665,35542,10605
1458,0,617,11117,11117,12360,15511
1459,0,21361,39201,39201,13614,19742
1460,0,7277,17777,17777,19043,11393
1461,0,7855,18355,18355,13276,11055
1462,0,8518,19018,19018,35281,36037
1463,0,10240,20740,20740,10874,11783
1464,0,9097,19597,19597,19509,20816
1465,0,21390,38882,38882,15762,35846
1466,0,2163,12663,12663,18720,18145
1467,0,4770,15270,15270,14306,11622
1468,0,23927,36640,36640,16439,36605
1469,0,22512,39353,39353,20592,37130
1470,0,2004,12504,12504,19631,18938
1471,0,24133,38991,38991,38956,17424
1472,0,3047,13547,13547,39430,12863
1473,0,7771,18271,18271,12722,36354
1474,0,23577,37948,37948,12882,17573
1475,0,22721,36319,36319,37068,38335
1476,0,9425,19925,19925,37516,38535
1477,0,9139,19639,19639,36078,20498
1478,0,8201,18701,18701,38913,37281
1479,0,9118,19618,19618,15229,18808
1480,0,3095,13595,13595,38699,39232
1481,0,22890,36005,36005,12839,20788
1482,0,3285,13785,13785,11894,18848
1483,0,21731,39212,39212,38039,20266
1484,0,9462,19962,19962,36435,17813
1485,0,7315,17815,17815,15593,20515
1486,0,1313,11813,11813,37608,37634
1487,0,6994,17494,17494,12899,38459
1488,0,7113,17613,17613,15759,14671
1489,0,8379,18879,18879,37375,17591
1490,0,2903,13403,13403,12090,14291
1491,0,7959,18459,18459,35268,37065
1492,0,3333,13833,13833,10789,37108
1493,0,21600,36720,36720,38553,15333
1494,0,3053,13553,13553,37101,20448
1495,0,25238,35738,35738,36135,12938
1496,0,5072,15572,15572,19662,13174
1497,0,8678,19178,19178,15517,39590
1498,0,23981,35698,35698,13416,20169
1499,0,8868,19368,19368,38317,37823
1500,0,2269,12769,12769,14166,37206
1501,0,8020,18520,18520,20828,19351
1502,0,8165,18665,18665,38687,19780
1503,0,24193,36778,36778,20158,18064
1504,0,9963,20463,20463,36901,14473
1505,0,9376,19876,19876,19145,14382
1506,0,22171,35173,35173,17797,15021
1507,0,25484,37069,37069,13425,11909
1508,0,25201,36859,36859,19408,20088
1509,0,23965,37919,37919,39053,37122
1510,0,7955,18455,18455,16385,20310
1511,1,4707,15207,35204,15207,36620
1512,0,24098,38027,38027,11505,19142
1513,1,2114,12614,38855,12614,36793
1514,0,7267,17767,17767,38600,35321
1515,0,1541,12041,12041,13068,15263
1516,0,6141,16641,16641,36720,13720
1517,0,2602,13102,13102,17081,36569
1518,0,22819,37525,37525,13206,13153
1519,0,4607,15107,15107,14457,17336
1520,0,10446,20946,20946,13011,36359
1521,0,9180,19680,19680,14370,13818
1522,0,22474,35457,35457,35722,19253
1523,0,4756,15256,15256,15834,35942
1524,0,6444,16944,16944,36131,37631
1525,0,5538,16038,16038,16443,10564
1526,0,9082,19582,19582,38358,19004
1527,0,520,11020,11020,10954,36662
1528,0,10460,20960,20960,20353,20003
1529,0,7163,17663,17663,17154,13144
1530,0,9427,19927,19927,15263,16132
1531,0,8877,19377,19377,17892,10996
1532,0,1092,11592,11592,17796,14430
1533,0,21406,37112,37112,11889,36524
1534,0,24828,38378,38378,13660,37522
1535,0,4913,15413,15413,20705,19909
1536,0,9531,20031,20031,14176,10866
1537,0,3771,14271,14271,17492,13931
1538,0,6346,16846,16846,16327,16411
1539,0,1109,11609,11609,19051,18201
1540,0,4655,15155,15155,18033,18199
1541,0,9974,20474,20474,37523,35383
1542,0,1038,11538,11538,13593,19788
1543,0,9412,19912,19912,15200,39277
1544,0,20,10520,10520,17788,20134
1545,0,8377,18877,18877,35385,19628
1546,0,24509,36207,36207,13649,37421
1547,1,5531,16031,13347,16031,37831
1548,0,9066,19566,19566,35571,38815
1549,0,934,11434,11434,35914,12713
1550,0,10417,20917,20917,15190,37899
1551,0,6551,17051,17051,15241,36984
1552,0,23534,38218,38218,12467,14863
1553,0,22077,38828,38828,36525,13840
1554,0,1726,12226,12226,15894,18300
1555,0,4490,14990,14990,18821,17362
1556,0,21796,35421,35421,17323,17180
1557,0,9722,20222,20222,38688,39203
1558,0,1737,12237,12237,18777,17704
1559,0,6438,16938,16938,35694,20616
1560,0,561,11061,11061,11651,39483
1561,0,24086,38675,38675,16640,20926
1562,0,22305,38493,38493,17482,20514
1563,0,25450,36520,36520,39041,13181
1564,0,1162,11662,11662,35769,38600
1565,0,8866,19366,19366,13942,35463
1566,0,10018,20518,20518,18021,14609
1567,0,6930,17430,17430,20444,39371
1568,0,8067,18567,18567,38822,12361
1569,0,1527,12027,12027,18941,16093
1570,0,7733,18233,18233,14429,35774
1571,0,25207,39470,39470,36885,19945
1572,0,2930,13430,13430,38302,20896
1573,0,24217,37808,37808,38363,13385
1574,0,58,10558,10558,38309,35281
1575,0,8748,19248,19248,10537,14365
1576,0,25097,35379,35379,20504,36713
1577,0,22157,37442,37442,13747,20973
1578,0,4483,14983,14983,11664,16797
1579,0,2291,12791,12791,10942,37091
1580,0,7383,17883,17883,19036,11655
1581,0,24513,37518,37518,15383,16335
1582,0,8218,18718,18718,12029,36241
1583,0,9577,20077,20077,19425,15190
1584,0,9470,19970,19970,10586,39188
1585,0,23674,36199,36199,37524,36048
1586,0,1649,12149,12149,14777,35906
1587,0,22664,39456,39456,20662,13334
1588,0,9652,20152,20152,18734,17499
1589,0,2724,13224,13224,16185,18059
1590,0,23588,36909,36909,19156,13712
1591,0,938,11438,11438,17732,18323
1592,0,4510,15010,15010,18462,37530
1593,0,24705,37514,37514,20155,10713
1594,0,21412,38910,38910,38206,13368
1595,0,4694,15194,15194,38989,36208
1596,0,7238,17738,17738,35343,17246
1597,0,9619,20119,20119,14822,10794
1598,0,998,11498,11498,38217,11191
1599,0,8771,19271,19271,15449,12740
1600,3,4528,15028,14921,20709,35405
1601,0,3870,14370,14370,19680,39311
1602,0,23877,37599,37599,36881,20122
1603,0,5354,15854,15854,16547,39378
1604,0,22160,38923,38923,36373,37091
1605,0,2907,13407,13407,14037,20150
1606,0,25100,35415,35415,11162,15855
1607,0,9782,20282,20282,11718,36123
1608,0,3538,14038,14038,17417,13458
1609,0,5993,16493,16493,20693,15457
1610,0,24410,38827,38827,10567,38640
1611,0,915,11415,11415,13811,14048
1612,0,22767,38213,38213,18959,36614
1613,0,4415,14915,14915,14974,14878
1614,0,10280,20780,20780,38112,38861
1615,0,10126,20626,20626,20316,13202
1616,0,1817,12317,12317,12759,35935
1617,0,25133,39300,39300,16413,18344
1618,0,9893,20393,20393,11674,13154
1619,0,3949,14449,14449,16029,35170
1620,0,337,10837,10837,19307,14369
1621,0,2072,12572,12572,18341,19560
1622,0,21744,39562,39562,11620,37122
1623,0,5822,16322,16322,12887,18469
1624,0,21097,38924,38924,18864,35558
1625,0,5143,15643,15643,39493,18726
1626,0,8200,18700,18700,15089,37795
1627,0,3513,14013,14013,36503,14353
1628,0,2815,13315,13315,18193,15752
1629,0,21798,39571,39571,12403,17931
1630,0,25497,39299,39299,10844,14229
1631,0,22583,38492,38492,19154,20581
1632,0,23991,35516,35516,35581,39646
1633,0,8422,18922,18922,13703,18582
1634,0,766,11266,11266,15410,16562
1635,0,3782,14282,14282,35600,19938
1636,0,24460,39004,39004,20021,16478
1637,0,1144,11644,11644,12671,20110
1638,0,21408,36886,36886,15415,14365
1639,0,2510,13010,13010,35950,12118
1640,0,7379,17879,17879,36295,19371
1641,0,2273,12773,12773,19395,37299
1642,0,2860,13360,13360,13779,15769
1643,0,1221,11721,11721,16451,39187
1644,0,21635,35466,35466,37902,13011
1645,0,4864,15364,15364,17472,15765
1646,2,23444,39194,39195,17922,39194
1647,0,7310,17810,17810,13268,17632
1648,0,23812,36173,36173,19181,16335
1649,0,21258,38549,38549,35657,20410
1650,0,6757,17257,17257,16137,19328
1651,0,4924,15424,15424,13980,35268
1652,0,4532,15032,15032,13509,15440
1653,1,6392,16892,20373,16892,10560
1654,0,1672,12172,12172,14404,14212
1655,0,24236,36122,36122,38292,13696
1656,0,7699,18199,18199,39509,15583
1657,0,8870,19370,19370,13806,17428
1658,0,4055,14555,14555,18634,38253
1659,0,23008,38712,38712,19683,18340
1660,0,1808,12308,12308,36989,10970
1661,0,2275,12775,12775,15477,38389
1662,0,3761,14261,14261,14642,13311
1663,0,25242,37317,37317,10809,39292
1664,0,22200,35218,35218,17252,14316
1665,0,23268,38840,38840,15245,20220
1666,0,6489,16989,16989,35449,36075
1667,0,2045,12545,12545,20968,20461
1668,0,9301,19801,19801,11854,18935
1669,0,22945,38162,38162,35528,36016
1670,0,5113,15613,15613,38071,18325
1671,0,1295,11795,11795,20097,11696
1672,0,24409,36793,36793,14413,36988
1673,0,4687,15187,15187,17522,13077
1674,0,3952,14452,14452,38704,39003
1675,0,6558,17058,17058,15895,18290
1676,0,4317,14817,14817,18087,20687
1677,0,24809,38267,38267,14797,12795
1678,0,444,10944,10944,39141,11462
1679,0,5519,16019,16019,39187,16950
1680,0,858,11358,11358,17025,14134
1681,0,7717,18217,18217,37714,16601
1682,0,4439,14939,14939,19959,14888
1683,0,5321,15821,15821,11322,14544
1684,0,841,11341,11341,17738,12522
1685,0,21656,36791,36791,19355,36358
1686,0,21999,36218,36218,20276,20384
1687,0,22462,38542,38542,12586,20831
1688,0,24229,36201,36201,19471,12406
1689,0,994,11494,11494,14433,18476
1690,0,22313,39501,39501,13039,17248
1691,0,9001,19501,19501,35758,16176
1692,0,1554,12054,12054,38778,38247
1693,0,24866,39164,39164,16256,10966
1694,0,1973,12473,12473,20428,37099
1695,0,1951,12451,12451,17738,36745
1696,0,22015,38796,38796,38690,15763
1697,0,9494,19994,19994,11985,20318
1698,0,23110,38990,38990,15321,18889
1699,0,10275,20775,20775,36746,10648
1700,0,2513,13013,13013,20381,36904
1701,0,5559,16059,16059,39609,18999
1702,0,23013,35806,35806,14878,11095
1703,0,2835,13335,13335,16522,20866
1704,0,4700,15200,15200,13020,16194
1705,0,2445,12945,12945,14776,14869
1706,0,2233,12733,12733,39443,12341
1707,0,3050,13550,13550,11451,15545
1708,0,10024,20524,20524,15561,35436
1709,0,400,10900,10900,35859,18038
1710,0,9264,19764,19764,16665,17708
1711,0,7589,18089,18089,13332,36139
1712,0,5198,15698,15698,38656,15207
1713,0,7719,18219,18219,15154,38317
1714,0,9858,20358,20358,11729,17764
1715,0,1023,11523,11523,12395,35888
1716,0,3298,13798,13798,11517,15277
1717,0,6494,16994,16994,36791,13599
1718,0,9069,19569,19569,35189,37428
1719,0,24971,39301,39301,17993,17683
1720,0,6912,17412,17412,18546,14590
1721,0,7968,18468,18468,17683,35799
1722,0,8140,18640,18640,20122,18907
1723,0,4241,14741,14741,18337,17023
1724,0,5424,15924,15924,15931,17261
1725,0,7364,17864,17864,37538,11528
1726,0,7745,18245,18245,36058,12190
1727,0,6498,16998,16998,14843,11445
1728,0,24045,36945,36945,14142,18864
1729,0,4080,14580,14580,13726,18370
1730,0,803,11303,11303,36850,19681
1731,0,1550,12050,12050,16187,12676
1732,0,1009,11509,11509,18897,19290
1733,0,24628,39614,39614,37751,13390
1734,0,8677,19177,19177,38190,14973
1735,0,2737,13237,13237,20903,15516
1736,0,6247,16747,16747,14134,19615
1737,0,5095,15595,15595,15266,36645
1738,0,648,11148,11148,10658,14762
1739,0,8810,19310,19310,20751,19355
1740,0,2862,13362,13362,20292,10589
1741,0,4975,15475,15475,17436,15410
1742,0,7134,17634,17634,19154,18659
1743,0,23496,37918,37918,36638,37460
1744,0,7811,18311,18311,17132,38326
1745,0,550,11050,11050,38515,17210
1746,0,23566,35882,35882,17474,19276
1747,0,5617,16117,16117,20489,15843
1748,0,7757,18257,18257,13075,35157
1749,0,25461,38944,38944,10564,36317
1750,0,211,10711,10711,16145,13817
1751,0,21678,37186,37186,18147,36480
1752,0,22929,36278,36278,19780,38687
1753,0,1781,12281,12281,37737,15651
1754,0,22794,35596,35596,18792,37175
1755,0,3543,14043,14043,14672,20139
1756,0,7477,17977,17977,12166,35888
1757,1,1438,11938,15769,11938,10647
1758,0,2515,13015,13015,15344,15743
1759,0,2868,13368,13368,38910,38664
1760,0,2434,12934,12934,16612,17852
1761,0,5045,15545,15545,13550,36479
1762,0,4792,15292,15292,35233,15703
1763,0,21305,35527,35527,17133,18826
1764,0,9265,19765,19765,18199,16942
1765,0,9485,19985,19985,17022,19681
1766,0,1314,11814,11814,20313,19341
1767,0,23509,39509,39509,17945,10937
1768,0,6515,17015,17015,35213,14981
1769,0,21743,37396,37396,14687,12129
1770,0,3979,14479,14479,38484,11396
1771,0,12,10512,10512,39406,18917
1772,0,6510,17010,17010,14586,12614
1773,0,818,11318,11318,15429,38070
1774,0,2784,13284,13284,14302,20582
1775,0,23403,35647,35647,11668,17677
1776,0,23894,37635,37635,38449,35994
1777,1,453,10953,14506,10953,19243
1778,0,1049,11549,11549,20889,37529
1779,0,24062,39189,39189,17825,16038
1780,0,1656,12156,12156,15992,12836
1781,2,3457,13957,36554,10829,13957
1782,0,21862,35814,35814,18258,37540
1783,0,24575,37759,37759,15345,11182
1784,0,21443,36764,36764,20948,36273
1785,0,23947,37833,37833,37653,19680
1786,0,5139,15639,15639,14642,11457
1787,0,2908,13408,13408,15235,38574
1788,0,24990,37096,37096,20729,17468
1789,0,940,11440,11440,16557,16632
1790,0,9727,20227,20227,39478,14173
1791,0,8466,18966,18966,37217,19836
1792,0,24785,37100,37100,18626,17189
1793,0,7631,18131,18131,37417,15667
1794,0,7969,18469,18469,16322,20859
1795,0,9568,20068,20068,12148,19192
1796,0,4634,15134,15134,35555,11971
1797,0,8260,18760,18760,10764,11445
1798,0,7317,17817,17817,36261,35157
1799,0,25118,36955,36955,38043,19205
1800,0,1400,11900,11900,15263,12728
1801,0,9703,20203,20203,10510,18878
1802,0,30,10530,10530,20850,10697
1803,0,6258,16758,16758,16367,11081
1804,0,21601,37975,37975,10922,37927
1805,0,3677,14177,14177,20781,11670
1806,0,672,11172,11172,17638,13505
1807,0,9240,19740,19740,37842,14809
1808,0,9711,20211,20211,39426,19710
1809,0,6323,16823,16823,10913,36339
1810,0,25482,38934,38934,35708,35986
1811,0,5466,15966,15966,37883,16129
1812,0,22260,36273,36273,17714,36105
1813,0,23869,39138,39138,39603,18576
1814,0,23570,35397,35397,17125,38238
1815,0,1108,11608,11608,13550,12975
1816,0,21813,36091,36091,18752,14878
1817,0,24525,38242,38242,19254,38082
1818,0,3229,13729,13729,38078,17762
1819,0,7584,18084,18084,17149,13860
1820,0,9450,19950,19950,38110,11589
1821,0,8138,18638,18638,15113,13983
1822,0,3319,13819,13819,17526,15776
1823,0,23036,37064,37064,37435,37063
1824,0,5835,16335,16335,18292,36173
1825,0,7496,17996,17996,17688,16990
1826,0,9228,19728,19728,14620,36260
1827,0,23111,37646,37646,38324,36323
1828,0,10245,20745,20745,13610,38434
1829,0,2553,13053,13053,14572,12187
1830,0,4775,15275,15275,11390,39064
1831,0,6341,16841,16841,19710,39426
1832,0,2686,13186,13186,39232,19205
1833,0,7553,18053,18053,12451,18897
1834,0,22332,36562,36562,17175,10978
1835,0,1563,12063,12063,35772,13794
1836,0,9707,20207,20207,12146,19440
1837,0,21177,35405,35405,12084,14931
1838,0,3071,13571,13571,14772,18363
1839,0,24937,37524,37524,20673,13505
1840,0,23946,37217,37217,17025,17266
1841,0,4474,14974,14974,14915,17555
1842,0,24794,36716,36716,13591,16535
1843,0,23838,36503,36503,20554,14353
1844,0,24434,37371,37371,36046,19682
1845,0,4856,15356,15356,19836,36962
1846,0,5268,15768,15768,19391,13344
1847,0,2853,13353,13353,18819,18832
1848,0,6576,17076,17076,38066,13003
1849,0,7639,18139,18139,14423,13991
1850,0,25126,36043,36043,16383,16886
1851,0,23051,38614,38614,11787,18733
1852,0,8109,18609,18609,37054,16449
1853,0,4601,15101,15101,35912,19830
1854,0,24171,37681,37681,36089,37467
1855,0,7886,18386,18386,18274,17204
1856,0,25468,38489,38489,18603,16563
1857,0,2213,12713,12713,35914,11434
1858,0,4929,15429,15429,12449,12497
1859,0,21837,35562,35562,12145,38518
1860,0,24717,39372,39372,14437,20987
1861,0,22778,36596,36596,17464,12936
1862,0,24145,37329,37329,14603,15679
1863,0,2111,12611,12611,38523,19756
1864,0,25496,37435,37435,37064,18953
1865,0,23929,37872,37872,11132,37952
1866,0,6632,17132,17132,18311,37136
1867,0,24425,38265,38265,12319,38666
1868,0,7800,18300,18300,15894,12226
1869,0,8956,19456,19456,14400,19920
1870,0,7153,17653,17653,10797,20696
1871,0,4446,14946,14946,11630,38295
1872,0,21867,38220,38220,37734,35996
1873,0,21261,35880,35880,35841,11746
1874,0,7642,18142,18142,12501,16964
1875,0,5026,15526,15526,11527,19995
1876,0,28,10528,10528,39084,13220
1877,0,21590,38860,38860,12157,35850
1878,0,22908,37215,37215,11969,19529
1879,0,10210,20710,20710,35346,37016
1880,0,10027,20527,20527,11428,12157
1881,0,355,10855,10855,13804,13637
1882,0,1429,11929,11929,20836,15832
1883,0,24150,35718,35718,12019,14376
1884,0,23964,35544,35544,38285,19897
1885,0,23178,38324,38324,36021,38523
1886,0,23903,36916,36916,35465,18542
1887,0,25155,36993,36993,12005,36833
1888,0,332,10832,10832,36203,14927
1889,0,5643,16143,16143,14663,39248
1890,1,23519,36816,13752,36816,11330
1891,0,22517,37748,37748,11497,14637
1892,0,24545,38065,38065,12138,16649
1893,0,4224,14724,14724,38131,18805
1894,0,964,11464,11464,18977,35983
1895,0,25354,35493,35493,36347,11854
1896,0,120,10620,10620,13165,15113
1897,2,4930,15430,14799,17309,15430
1898,0,6482,16982,16982,37354,10798
1899,0,5579,16079,16079,11293,20184
1900,0,10187,20687,20687,36116,38134
1901,0,7752,18252,18252,18766,14700
1902,0,4710,15210,15210,39479,20155
1903,0,3281,13781,13781,35850,19622
1904,0,2370,12870,12870,12515,19213
1905,0,5522,16022,16022,12119,37474
1906,0,2544,13044,13044,18451,19192
1907,0,23751,35935,35935,17562,17010
1908,0,24647,36461,36461,37818,16719
1909,0,2885,13385,13385,38363,19949
1910,0,10042,20542,20542,20264,16018
1911,0,2178,12678,12678,17348,20563
1912,0,8940,19440,19440,35474,15212
1913,0,4898,15398,15398,35989,14556
1914,0,5153,15653,15653,37701,15776
1915,0,1209,11709,11709,36851,17315
1916,0,8404,18904,18904,17488,14675
1917,0,8798,19298,19298,38140,15500
1918,0,9599,20099,20099,13446,35330
1919,0,7583,18083,18083,36223,39209
1920,0,3123,13623,13623,19432,14171
1921,0,24078,36663,36663,20080,11114
1922,0,1544,12044,12044,11630,20433
1923,0,25330,36518,36518,13263,14373
1924,0,22750,38926,38926,11558,11997
1925,0,21905,35380,35380,35379,18603
1926,0,21677,38490,38490,37381,18832
1927,0,23748,35932,35932,12943,19998
1928,0,9622,20122,20122,18640,37599
1929,0,10114,20614,20614,38911,18969
1930,0,21211,38322,38322,19639,14072
1931,0,945,11445,11445,17709,13033
1932,0,24623,35350,35350,16621,15278
1933,0,4550,15050,15050,14856,36428
1934,0,24624,38136,38136,20527,12385
1935,0,24802,36861,36861,12821,19626
1936,0,7889,18389,18389,11964,17891
1937,0,21649,36831,36831,35666,17517
1938,0,9058,19558,19558,15739,37682
1939,0,22666,38938,38938,17570,10587
1940,0,1675,12175,12175,36180,11028
1941,0,23580,37202,37202,36314,11150
1942,0,1561,12061,12061,36680,37460
1943,0,21727,36241,36241,15269,12029
1944,0,24618,39118,39118,16717,15043
1945,0,23101,35233,35233,13154,15527
1946,0,6213,16713,16713,16763,15661
1947,0,21027,35500,35500,15946,12576
1948,0,6044,16544,16544,17178,38049
1949,0,4541,15041,15041,15335,35968
1950,0,1782,12282,12282,17248,12717
1951,0,7159,17659,17659,13368,37004
1952,0,21002,39249,39249,36398,18818
1953,0,1095,11595,11595,18650,14492
1954,0,7111,17611,17611,15951,38782
1955,0,24202,35310,35310,10869,17306
1956,0,7627,18127,18127,20275,18396
1957,0,3287,13787,13787,12717,16329
1958,0,22687,37044,37044,14035,36449
1959,0,677,11177,11177,11691,37466
1960,0,6193,16693,16693,15856,18430
1961,0,2605,13105,13105,14879,37301
1962,0,1392,11892,11892,36559,19315
1963,0,6967,17467,17467,16081,17693
1964,0,24935,37627,37627,19047,37340
1965,0,752,11252,11252,37562,37563
1966,0,1711,12211,12211,15472,38467
1967,0,3737,14237,14237,15637,15934
1968,0,24748,39329,39329,18736,16751
1969,0,22195,37460,37460,17083,14951
1970,0,3215,13715,13715,11257,39060
1971,0,797,11297,11297,38144,12356
1972,0,22240,37068,37068,36319,37595
1973,0,1777,12277,12277,36871,10651
1974,0,4113,14613,14613,35820,12960
1975,0,1770,12270,12270,13542,16324
1976,0,22674,38309,38309,14056,10558
1977,0,10175,20675,20675,16261,14749
1978,0,24101,37433,37433,20117,38317
1979,0,6975,17475,17475,13341,18158
1980,0,6412,16912,16912,36658,37795
1981,0,3022,13522,13522,37801,37077
1982,0,4228,14728,14728,19780,11115
1983,0,24152,38451,38451,19969,15390
1984,0,3012,13512,13512,12685,36898
1985,0,21115,39429,39429,35695,17465
1986,0,9957,20457,20457,37115,11564
1987,0,5764,16264,16264,20633,18815
1988,0,24891,39649,39649,39243,19696
1989,0,4619,15119,15119,13169,12257
1990,0,21681,35649,35649,16622,36056
1991,0,6753,17253,17253,35749,18748
1992,0,9396,19896,19896,19318,14934
1993,0,9933,20433,20433,12044,38295
1994,0,527,11027,11027,16979,16554
1995,0,366,10866,10866,20031,17811
1996,0,6098,16598,16598,36007,20683
1997,0,22385,38423,38423,19843,37104
1998,0,4264,14764,14764,11309,35520
1999,0,4262,14762,14762,16653,35375
2000,0,25381,36405,36405,11554,16908
2001,0,1919,12419,12419,19808,15181
2002,0,701,11201,11201,15767,19735
2003,0,6170,16670,16670,19273,38773
2004,0,9251,19751,19751,13657,16990
2005,0,9406,19906,19906,11884,14985
2006,0,5018,15518,15518,18808,15030
2007,0,7303,17803,17803,17358,11672
2008,0,4423,14923,14923,18281,19323
2009,0,21726,36502,36502,14550,15223
2010,0,4868,15368,15368,18276,14264
2011,0,1298,11798,11798,12052,35597
2012,0,10127,20627,20627,38162,37378
2013,0,1352,11852,11852,18694,18647
2014,0,2926,13426,13426,20892,20501
2015,0,7874,18374,18374,17141,12267
2016,0,21685,36289,36289,19067,17268
2017,0,1287,11787,11787,15893,38614
2018,0,6598,17098,17098,12563,12276
2019,0,25252,35940,35940,18896,10501
2020,0,22190,36919,36919,12737,15780
2021,0,4350,14850,14850,18484,13004
2022,0,10138,20638,20638,36036,13268
2023,0,3697,14197,14197,15393,15909
2024,0,2013,12513,12513,11457,37575
2025,0,23302,38243,38243,20087,17372
2026,0,4373,14873,14873,17272,17158
2027,0,9029,19529,19529,37215,19546
2028,0,5677,16177,16177,36080,10769
2029,0,24008,38993,38993,17935,14819
2030,0,8482,18982,18982,12760,35948
2031,0,2147,12647,12647,13870,38862
2032,0,8416,18916,18916,14776,14869
2033,0,2705,13205,13205,13372,36997
2034,0,5473,15973,15973,13037,13623
2035,0,9124,19624,19624,36412,18198
2036,0,2570,13070,13070,17965,39453
2037,0,22257,36939,36939,13235,18634
2038,0,9226,19726,19726,13621,20633
2039,0,9660,20160,20160,11279,38880
2040,0,24355,38080,38080,18988,36209
2041,0,22628,35640,35640,17985,19233
2042,0,24596,38680,38680,12545,16194
2043,0,810,11310,11310,10754,16732
2044,0,23405,38909,38909,14703,39627
2045,0,5684,16184,16184,12480,18332
2046,0,8250,18750,18750,35497,19902
2047,0,312,10812,10812,16233,13319
2048,0,2073,12573,12573,14451,18116
2049,0,10419,20919,20919,37973,38785
2050,0,24002,35921,35921,38814,14286
2051,0,21475,35632,35632,36017,36747
2052,0,885,11385,11385,20654,16355
2053,0,1477,11977,11977,13621,39650
2054,0,1790,12290,12290,15918,14719
2055,0,8115,18615,18615,19869,35330
2056,0,21784,35641,35641,10913,37207
2057,0,2008,12508,12508,38091,13946
2058,0,3454,13954,13954,37843,37952
2059,0,682,11182,11182,20200,16204
2060,0,3895,14395,14395,20140,10828
2061,0,21409,39191,39191,11451,11928
2062,0,8793,19293,19293,16717,15043
2063,0,6660,17160,17160,39045,14286
2064,0,57,10557,10557,20545,18825
2065,0,24141,35679,35679,20209,13341
2066,0,22627,38194,38194,35815,18234
2067,0,6765,17265,17265,16749,16111
2068,0,2399,12899,12899,14250,17363
2069,0,9693,20193,20193,19123,11426
2070,0,24739,39098,39098,10557,16546
2071,0,4126,14626,14626,37582,20709
2072,0,8819,19319,19319,10518,12672
2073,0,9287,19787,19787,37979,39427
2074,0,1468,11968,11968,14773,16905
2075,0,5761,16261,16261,20675,18879
2076,0,1416,11916,11916,18221,16845
2077,0,470,10970,10970,36303,35637
2078,0,2358,12858,12858,38269,13586
2079,0,2722,13222,13222,12528,35724
2080,0,7047,17547,17547,20347,19758
2081,0,8191,18691,18691,20210,36498
2082,0,22893,37441,37441,14211,38567
2083,0,22366,37369,37369,14682,38039
2084,0,8814,19314,19314,37361,19906
2085,0,4525,15025,15025,11190,36771
2086,0,4610,15110,15110,35645,12010
2087,0,23555,35724,35724,10656,18452
2088,0,24279,36733,36733,14931,17868
2089,0,6041,16541,16541,16757,39262
2090,0,21162,36224,36224,39646,35167
2091,0,3869,14369,14369,10837,36264
2092,0,9392,19892,19892,36163,37640
2093,0,24281,39043,39043,37577,37627
2094,0,22023,37570,37570,20831,15029
2095,0,22634,38101,38101,14105,15928
2096,0,6817,17317,17317,11829,35650
2097,0,22948,35200,35200,19295,19666
2098,0,24708,36435,36435,11162,11730
2099,0,4674,15174,15174,12486,15975
2100,0,1055,11555,11555,16069,14547
2101,0,2281,12781,12781,19210,20110
2102,0,24384,37437,37437,39476,10612
2103,0,22915,39084,39084,10528,18451
2104,0,25366,36196,36196,11609,36805
2105,0,1924,12424,12424,37427,13004
2106,0,6379,16879,16879,35374,39359
2107,0,4907,15407,15407,18506,19653
2108,0,24914,38103,38103,18694,18647
2109,0,24491,38214,38214,11544,14894
2110,0,1075,11575,11575,36683,35286
2111,0,1115,11615,11615,17831,12298
2112,0,3936,14436,14436,39169,39329
2113,0,3533,14033,14033,12179,35702
2114,0,21001,36120,36120,36352,19784
2115,0,460,10960,10960,13764,39015
2116,0,3032,13532,13532,11971,35958
2117,0,4207,14707,14707,17247,14826
2118,0,24260,38026,38026,19789,15685
2119,0,6398,16898,16898,18852,16574
2120,0,5841,16341,16341,36251,38353
2121,0,6625,17125,17125,35397,17812
2122,0,1452,11952,11952,11387,15067
2123,0,2149,12649,12649,16055,18462
2124,0,319,10819,10819,35209,37271
2125,0,9048,19548,19548,38220,16078
2126,0,7518,18018,18018,13761,12467
2127,0,1922,12422,12422,20076,37874
2128,0,10393,20893,20893,37300,15479
2129,0,21401,37984,37984,16276,19016
2130,0,9638,20138,20138,10617,12263
2131,0,23139,36747,36747,19592,36017
2132,0,7458,17958,17958,19289,12870
2133,0,8743,19243,19243,13045,20328
2134,0,22595,38817,38817,18376,37314
2135,0,2129,12629,12629,17187,18101
2136,0,6403,16903,16903,18192,14227
2137,0,7556,18056,18056,19691,20647
2138,0,6478,16978,16978,11533,13585
2139,0,6300,16800,16800,15468,15947
2140,0,8663,19163,19163,36136,16052
2141,0,25398,35863,35863,39468,10964
2142,0,23865,36599,36599,39358,11436
2143,0,22679,36962,36962,35428,35774
2144,0,2509,13009,13009,17201,19682
2145,0,1052,11552,11552,11594,12327
2146,0,6152,16652,16652,11834,15657
2147,0,1681,12181,12181,36876,11745
2148,1,10282,20782,11441,20782,37964
2149,0,4067,14567,14567,37393,39598
2150,0,5024,15524,15524,36276,13951
2151,0,1456,11956,11956,38752,11743
2152,0,8214,18714,18714,16993,15968
2153,0,361,10861,10861,15492,17266
2154,0,8668,19168,19168,16562,15410
2155,0,25028,39039,39039,38012,39286
2156,0,23579,37658,37658,36030,35467
2157,0,23428,39457,39457,17996,18093
2158,0,3145,13645,13645,18526,38118
2159,0,21362,38116,38116,18441,13637
2160,0,23043,35425,35425,11905,11045
2161,0,505,11005,11005,15981,19587
2162,0,10418,20918,20918,18242,14635
2163,0,6847,17347,17347,19666,12608
2164,0,21247,39111,39111,20801,14826
2165,0,23697,39387,39387,19911,15700
2166,0,24244,36950,36950,37669,19306
2167,0,25214,36635,36635,37335,15758
2168,0,540,11040,11040,38368,38387
2169,0,4235,14735,14735,18217,14680
2170,0,5507,16007,16007,37436,15593
2171,0,22067,37354,37354,16982,17424
2172,0,23994,35579,35579,11802,35457
2173,0,9850,20350,20350,13219,39114
2174,0,22991,38201,38201,35257,16249
2175,0,754,11254,11254,10841,11163
2176,0,9355,19855,19855,37089,13635
2177,0,2003,12503,12503,14870,15339
2178,0,2542,13042,13042,17612,11744
2179,0,6073,16573,16573,15840,18025
2180,0,2918,13418,13418,13657,13174
2181,0,21396,38699,38699,13595,16488
2182,0,5218,15718,15718,18398,16280
2183,0,8045,18545,18545,17581,16030
2184,0,4271,14771,14771,36850,19681
2185,0,5875,16375,16375,35441,19775
2186,0,7039,17539,17539,20199,17330
2187,0,100,10600,10600,39064,15275
2188,0,21477,35455,35455,15658,11601
2189,0,22841,38808,38808,11024,36793
2190,0,6862,17362,17362,36480,36357
2191,0,5362,15862,15862,18251,35428
2192,0,4766,15266,15266,20561,10566
2193,0,7753,18253,18253,13073,20977
2194,0,4880,15380,15380,18990,18814
2195,0,9252,19752,19752,37142,14915
2196,0,601,11101,11101,35589,20839
2197,0,9542,20042,20042,11670,36851
2198,0,21839,38039,38039,37369,17731
2199,0,6182,16682,16682,13574,35374
2200,0,7020,17520,17520,15471,36828
2201,0,25085,39646,39646,20999,18042
2202,0,2431,12931,12931,14508,37258
2203,0,8526,19026,19026,13927,38420
2204,0,1044,11544,11544,38158,11849
2205,0,24826,36250,36250,38632,35809
2206,0,1557,12057,12057,12129,16250
2207,0,5009,15509,15509,39250,17908
2208,0,1487,11987,11987,17665,10616
2209,0,6577,17077,17077,35564,16904
2210,0,10497,20997,20997,20814,17855
2211,0,23499,38452,38452,16832,13292
2212,0,21394,38253,38253,37640,36163
2213,0,2115,12615,12615,19909,15413
2214,0,5795,16295,16295,11749,20844
2215,0,23930,37979,37979,19787,10638
2216,0,7030,17530,17530,38908,14214
2217,0,8773,19273,19273,17234,37807
2218,0,5491,15991,15991,17503,35240
2219,0,25072,35183,35183,13903,17492
2220,0,618,11118,11118,18456,38523
2221,0,21589,36134,36134,11579,18343
2222,0,8341,18841,18841,35743,13340
2223,0,7645,18145,18145,18720,11469
2224,0,25440,39327,39327,14721,14809
2225,0,3396,13896,13896,16369,11651
2226,0,1600,12100,12100,35740,20112
2227,0,22296,37584,37584,37640,15712
2228,0,10474,20974,20974,15052,35974
2229,0,1615,12115,12115,11216,35427
2230,0,1752,12252,12252,18429,38563
2231,0,24947,35351,35351,36481,15874
2232,0,2040,12540,12540,11651,35955
2233,0,2083,12583,12583,14818,15799
2234,0,8983,19483,19483,19301,37378
2235,0,22252,37967,37967,35497,12960
2236,0,6199,16699,16699,20016,16039
2237,0,21577,35395,35395,12379,15679
2238,0,9570,20070,20070,19152,38939
2239,0,21454,35917,35917,36485,10549
2240,0,5147,15647,15647,17498,37089
2241,0,23456,35829,35829,15030,16060
2242,0,675,11175,11175,14418,18733
2243,0,2545,13045,13045,37459,20328
2244,0,4371,14871,14871,12868,15144
2245,0,24419,37130,37130,20592,39353
2246,0,3999,14499,14499,19972,13171
2247,0,23823,38905,38905,39286,11321
2248,0,6014,16514,16514,16241,13660
2249,0,5096,15596,15596,37653,37833
2250,0,175,10675,10675,10511,14787
2251,0,22513,38942,38942,38085,11650
2252,0,2208,12708,12708,15429,12597
2253,0,3609,14109,14109,16655,37965
2254,0,23162,36383,36383,10694,19331
2255,0,22577,39412,39412,38804,16540
2256,0,3787,14287,14287,35886,11492
2257,0,25223,37134,37134,37592,17444
2258,0,24868,35339,35339,12997,19820
2259,0,6458,16958,16958,12817,11304
2260,0,2225,12725,12725,18807,14807
2261,0,3049,13549,13549,38022,13702
2262,0,296,10796,10796,13352,10755
2263,0,1126,11626,11626,13308,12967
2264,0,8414,18914,18914,38702,12514
2265,0,23626,38935,38935,14396,13294
2266,0,21275,36531,36531,37823,37081
2267,0,2441,12941,12941,14560,16200
2268,0,25412,37540,37540,10880,12869
2269,0,7033,17533,17533,36890,17704
2270,0,1322,11822,11822,38819,11686
2271,0,1603,12103,12103,14382,11269
2272,0,4210,14710,14710,19965,17316
2273,0,21892,38369,38369,38887,13314
2274,0,21094,37572,37572,19607,10890
2275,0,24798,35965,35965,35885,19824
2276,0,4065,14565,14565,17472,20465
2277,0,1294,11794,11794,16926,10749
2278,0,5007,15507,15507,11326,37875
2279,0,6069,16569,16569,11655,36655
2280,0,6386,16886,16886,15789,39625
2281,0,22086,38681,38681,15112,19405
2282,0,24511,37773,37773,17183,36420
2283,0,21181,38600,38600,35769,19846
2284,0,4071,14571,14571,20980,14291
2285,0,1507,12007,12007,37709,15838
2286,0,24263,36401,36401,19071,37926
2287,0,1559,12059,12059,38125,11925
2288,0,8904,19404,19404,37594,17804
2289,0,5577,16077,16077,11563,18653
2290,0,6860,17360,17360,17023,20577
2291,0,9666,20166,20166,18472,16524
2292,0,22399,37314,37314,18376,38817
2293,0,7744,18244,18244,16946,20133
2294,0,1836,12336,12336,17543,10660
2295,0,5611,16111,16111,16749,16071
2296,0,7660,18160,18160,19416,20448
2297,0,22508,35419,35419,35418,20279
2298,0,5335,15835,15835,36490,35477
2299,0,1354,11854,11854,20363,38145
2300,0,4141,14641,14641,12361,37154
2301,0,9030,19530,19530,37519,19536
2302,0,10278,20778,20778,19439,14943
2303,0,22303,37890,37890,16208,12691
2304,0,4844,15344,15344,13015,37846
2305,0,4723,15223,15223,20807,20938
2306,0,6260,16760,16760,20239,17393
2307,0,21866,38093,38093,35698,39612
2308,0,3280,13780,13780,11779,11741
2309,0,4032,14532,14532,36902,38388
2310,0,6720,17220,17220,17243,36952
2311,0,1235,11735,11735,20175,38253
2312,0,21087,38262,38262,20390,38263
2313,0,9597,20097,20097,11696,11795
2314,0,23134,35216,35216,17629,13737
2315,0,24940,38025,38025,13293,36839
2316,0,10200,20700,20700,10959,17296
2317,0,2251,12751,12751,10617,16441
2318,0,1025,11525,11525,13835,18731
2319,0,22741,36315,36315,17100,16298
2320,0,8396,18896,18896,35940,10501
2321,0,6649,17149,17149,35921,38814
2322,0,22146,38956,38956,10609,17472
2323,0,8074,18574,18574,36693,13197
2324,0,7019,17519,17519,37590,11789
2325,0,3397,13897,13897,38413,36105
2326,0,313,10813,10813,20847,18785
2327,0,636,11136,11136,37577,14422
2328,0,6149,16649,16649,12543,12843
2329,0,8574,19074,19074,16036,18814
2330,0,21791,35910,35910,14457,17189
2331,0,9571,20071,20071,17082,35620
2332,0,23799,37413,37413,36514,16148
2333,0,8086,18586,18586,17170,14051
2334,0,8066,18566,18566,19005,14790
2335,0,8131,18631,18631,38249,35648
2336,0,2970,13470,13470,36687,15455
2337,0,8473,18973,18973,36759,20598
2338,0,2584,13084,13084,13047,16881
2339,0,8639,19139,19139,18172,12852
2340,0,3885,14385,14385,16177,17882
2341,0,24044,39070,39070,16854,39162
2342,0,24125,37080,37080,11841,14761
2343,0,4771,15271,15271,13752,37922
2344,0,24571,38285,38285,18979,36412
2345,0,23670,35368,35368,16126,17154
2346,0,6697,17197,17197,20414,18918
2347,0,6942,17442,17442,11167,37505
2348,0,25426,35867,35867,37756,19489
2349,0,25433,37292,37292,14516,14783
2350,0,8689,19189,19189,10912,17199
2351,0,25156,36353,36353,35470,17712
2352,0,6058,16558,16558,11565,18204
2353,0,1840,12340,12340,18738,19406
2354,0,24328,38294,38294,37089,11661
2355,0,1564,12064,12064,18502,12729
2356,0,3673,14173,14173,15064,39478
2357,0,24242,35475,35475,17297,11514
2358,0,22698,37640,37640,36163,20413
2359,0,4698,15198,15198,38565,16110
2360,0,24636,39617,39617,38705,11487
2361,0,3320,13820,13820,12175,12997
2362,0,5192,15692,15692,10708,20547
2363,0,2272,12772,12772,14069,12664
2364,0,24631,38750,38750,13532,17986
2365,0,6157,16657,16657,18150,11724
2366,0,4254,14754,14754,35833,17078
2367,0,4773,15273,15273,13386,11981
2368,0,6575,17075,17075,15078,39301
2369,0,10087,20587,20587,35312,15764
2370,0,4709,15209,15209,17284,17055
2371,0,847,11347,11347,17218,38461
2372,0,7580,18080,18080,37595,12185
2373,0,5544,16044,16044,15991,18651
2374,0,5526,16026,16026,17228,14862
2375,0,838,11338,11338,15467,14439
2376,0,5461,15961,15961,38726,38862
2377,0,9809,20309,20309,38352,18483
2378,0,8545,19045,19045,37301,37281
2379,0,7457,17957,17957,19605,15551
2380,0,4597,15097,15097,20741,35411
2381,0,5916,16416,16416,16036,39033
2382,0,1417,11917,11917,14595,39510
2383,0,5785,16285,16285,14956,18965
2384,0,23521,37836,37836,17517,10690
2385,0,3848,14348,14348,13951,11187
2386,0,604,11104,11104,35272,38752
2387,0,9365,19865,19865,37907,18170
2388,0,24455,37835,37835,17059,19370
2389,0,2078,12578,12578,16494,17129
2390,0,9712,20212,20212,16876,20711
2391,0,2311,12811,12811,36713,20504
2392,0,9071,19571,19571,14154,19594
2393,0,4343,14843,14843,14190,17247
2394,0,1471,11971,11971,15134,16648
2395,0,1982,12482,12482,37495,36379
2396,0,8522,19022,19022,12448,15616
2397,0,4466,14966,14966,20956,17880
2398,0,199,10699,10699,20945,19942
2399,0,6676,17176,17176,36631,13881
2400,0,485,10985,10985,20268,11695
2401,0,3270,13770,13770,20931,39024
2402,0,4724,15224,15224,13026,14269
2403,0,5728,16228,16228,18690,16765
2404,0,2823,13323,13323,13065,15189
2405,0,4551,15051,15051,37934,17232
2406,1,21824,37660,19408,37660,13833
2407,0,5336,15836,15836,35463,36522
2408,0,3245,13745,13745,37480,36963
2409,0,4453,14953,14953,38412,12480
2410,0,10217,20717,20717,36047,16920
2411,0,5817,16317,16317,35357,17457
2412,0,10219,20719,20719,20186,37099
2413,0,3749,14249,14249,14970,14096
2414,0,2202,12702,12702,12174,38104
2415,0,8293,18793,18793,16366,18918
2416,0,25389,36876,36876,16732,37306
2417,0,2794,13294,13294,16356,14086
2418,0,7259,17759,17759,15265,12785
2419,0,25444,36899,36899,11756,14973
2420,0,23556,36655,36655,12749,16569
2421,0,524,11024,11024,38808,38855
2422,0,10499,20999,20999,13336,17834
2423,0,25483,38535,38535,19335,18683
2424,0,947,11447,11447,35405,11260
2425,0,21642,36211,36211,18605,18436
2426,0,21971,39309,39309,15299,11740
2427,0,24572,36516,36516,18814,35933
2428,0,1280,11780,11780,17384,15660
2429,0,9234,19734,19734,11481,38249
2430,0,122,10622,10622,38181,11355
2431,0,4366,14866,14866,14324,11789
2432,0,5885,16385,16385,18455,18886
2433,0,7068,17568,17568,15439,19870
2434,0,7917,18417,18417,20091,15604
2435,0,2302,12802,12802,20187,36325
2436,0,22846,38195,38195,36899,36395
2437,0,22739,38301,38301,15757,17440
2438,0,9414,19914,19914,38287,38447
2439,0,5820,16320,16320,20957,19289
2440,0,10311,20811,20811,16950,13487
2441,0,1005,11505,11505,38027,36658
2442,0,3460,13960,13960,13900,11455
2443,0,8211,18711,18711,15209,11798
2444,0,25086,37098,37098,13257,11472
2445,0,24000,38134,38134,36116,14861
2446,0,3055,13555,13555,36297,37609
2447,0,3566,14066,14066,37394,14779
2448,0,7066,17566,17566,15729,36875
2449,0,2132,12632,12632,36161,35474
2450,0,501,11001,11001,14806,18662
2451,0,24228,37935,37935,14985,37606
2452,0,3185,13685,13685,20544,16945
2453,0,6153,16653,16653,19996,17424
2454,0,8129,18629,18629,12902,11089
2455,0,229,10729,10729,35968,20082
2456,0,8881,19381,19381,15068,18818
2457,0,4001,14501,14501,11031,38990
2458,0,22656,36942,36942,18329,36200
2459,0,21302,38363,38363,12168,37808
2460,0,22532,35154,35154,39115,14794
2461,0,9202,19702,19702,18860,15144
2462,0,3007,13507,13507,12470,39256
2463,0,9383,19883,19883,13966,10696
2464,0,4587,15087,15087,17630,18410
2465,0,4221,14721,14721,39327,35425
2466,0,4305,14805,14805,20721,36362
2467,0,23267,39100,39100,16122,19248
2468,0,7571,18071,18071,18146,19969
2469,0,2750,13250,13250,36921,11995
2470,0,8992,19492,19492,36398,20948
2471,0,8857,19357,19357,12115,35597
2472,0,4376,14876,14876,12867,18990
2473,0,2944,13444,13444,14614,12195
2474,0,25061,35316,35316,37539,39553
2475,0,24620,39653,39653,12758,19664
2476,0,2718,13218,13218,18047,15305
2477,0,3362,13862,13862,14102,19439
2478,0,23167,35837,35837,11767,16548
2479,0,8459,18959,18959,38543,38213
2480,0,5824,16324,16324,36105,37059
2481,0,23769,36551,36551,20897,14712
2482,0,24629,39267,39267,17417,20318
2483,0,5230,15730,15730,15712,11450
2484,0,9792,20292,20292,10589,10662
2485,0,6746,17246,17246,17738,35343
2486,0,4161,14661,14661,10912,36670
2487,0,21567,37436,37436,18617,10817
2488,0,23954,36178,36178,12895,36177
2489,0,6878,17378,17378,12565,36033
2490,0,8608,19108,19108,36294,39256
2491,0,22524,38584,38584,36686,16620
2492,0,5322,15822,15822,36867,35786
2493,0,5561,16061,16061,38961,13986
2494,0,8928,19428,19428,12729,16475
2495,0,10298,20798,20798,11203,38423
2496,0,24919,37828,37828,35601,36818
2497,0,21665,37941,37941,36799,18145
2498,0,23856,36370,36370,35799,37127
2499,0,7463,17963,17963,36081,11997
2500,0,4867,15367,15367,16585,12933
2501,0,8742,19242,19242,14302,15018
2502,0,1017,11517,11517,15277,13798
2503,0,7949,18449,18449,35363,35220
2504,0,7646,18146,18146,18484,14850
2505,0,9627,20127,20127,14768,38718
2506,0,1928,12428,12428,36756,12059
2507,0,350,10850,10850,36358,12077
2508,0,6703,17203,17203,37418,15824
2509,0,24163,37849,37849,17814,17813
2510,0,223,10723,10723,20345,18930
2511,0,6030,16530,16530,38503,13817
2512,0,24014,38674,38674,11821,37397
2513,0,21646,37679,37679,15499,20263
2514,0,23818,39033,39033,39214,16416
2515,0,9174,19674,19674,10933,16055
2516,0,2500,13000,13000,38271,39487
2517,0,10328,20828,20828,18520,14290
2518,0,23018,35789,35789,20832,17330
2519,0,564,11064,11064,12081,15521
2520,0,1582,12082,12082,14175,12559
2521,0,5545,16045,16045,17292,16200
2522,0,2175,12675,12675,17400,18985
2523,0,9924,20424,20424,16756,16150
2524,0,22076,37108,37108,37660,17381
2525,0,22135,39624,39624,36894,37579
2526,0,3933,14433,14433,12742,37706
2527,0,21017,36598,36598,38392,18390
2528,0,2707,13207,13207,12090,20930
2529,0,24100,39468,39468,37099,17908
2530,0,9976,20476,20476,13695,13123
2531,0,5211,15711,15711,12137,16896
2532,2,24001,39239,11410,17716,39239
2533,1,9210,19710,39426,19710,16841
2534,0,22735,36580,36580,37712,18972
2535,0,3535,14035,14035,15597,11804
2536,0,8265,18765,18765,15781,19678
2537,0,24870,39054,39054,12318,17410
2538,0,2397,12897,12897,38345,35449
2539,0,6657,17157,17157,15241,36984
2540,0,3739,14239,14239,19999,14926
2541,0,23082,36355,36355,13328,37067
2542,0,821,11321,11321,19018,17287
2543,0,2063,12563,12563,17098,13914
2544,0,22469,38484,38484,14479,11396
2545,0,10120,20620,20620,39637,13573
2546,0,81,10581,10581,14825,35264
2547,0,5419,15919,15919,11149,18244
2548,0,22571,39286,39286,38012,14743
2549,0,24780,38551,38551,37092,10932
2550,0,9904,20404,20404,16629,36521
2551,0,2697,13197,13197,38491,18574
2552,0,831,11331,11331,13323,15189
2553,0,4574,15074,15074,39550,19947
2554,0,3826,14326,14326,38389,39128
2555,0,5924,16424,16424,37818,20633
2556,0,24143,35371,35371,14523,15234
2557,0,1397,11897,11897,15173,13234
2558,0,10251,20751,20751,36358,38531
2559,0,2833,13333,13333,13746,11490
2560,0,9921,20421,20421,12697,37607
2561,0,22450,38602,38602,20419,13202
2562,0,24659,38954,38954,38014,14081
2563,0,21397,37785,37785,16305,39311
2564,0,24854,37921,37921,38863,37836
2565,0,24616,36252,36252,14188,18015
2566,0,48,10548,10548,37243,17616
2567,2,9156,19656,37279,19705,19656
2568,0,8550,19050,19050,15066,36275
2569,0,25391,37548,37548,35581,15612
2570,0,6512,17012,17012,39095,36910
2571,0,22650,36090,36090,16105,17958
2572,0,7335,17835,17835,16203,17444
2573,0,21840,35895,35895,20773,36449
2574,0,6357,16857,16857,15703,37157
2575,0,4095,14595,14595,13627,16824
2576,0,2689,13189,13189,35173,38858
2577,0,1189,11689,11689,37670,16175
2578,0,25047,36136,36136,18577,19163
2579,0,4845,15345,15345,37759,11182
2580,0,5210,15710,15710,20641,18581
2581,0,3990,14490,14490,39242,38145
2582,0,2373,12873,12873,18875,11167
2583,0,24257,35693,35693,35204,15207
2584,0,5676,16176,16176,19501,11879
2585,0,23645,36692,36692,15731,14428
2586,0,2758,13258,13258,18183,38902
2587,0,9936,20436,20436,38069,36402
2588,0,6607,17107,17107,16454,37087
2589,0,9747,20247,20247,36814,38602
2590,0,9639,20139,20139,14672,14043
2591,0,2488,12988,12988,37117,36248
2592,0,2579,13079,13079,37726,18022
2593,0,24406,37393,37393,39312,14567
2594,0,25215,36787,36787,15834,11259
2595,0,3880,14380,14380,16719,18815
2596,0,21943,39115,39115,19299,20036
2597,1,8854,19354,10904,19354,35517
2598,0,9527,20027,20027,39621,12273
2599,0,4934,15434,15434,35701,19755
2600,0,23583,38425,38425,19925,10582
2601,0,8145,18645,18645,17133,18378
2602,0,2209,12709,12709,35786,37815
2603,0,5235,15735,15735,20648,17461
2604,0,3945,14445,14445,13029,19528
2605,0,21235,36471,36471,17868,36383
2606,0,9694,20194,20194,16462,20851
2607,0,2164,12664,12664,11859,13505
2608,0,2886,13386,13386,39406,18732
2609,0,7852,18352,18352,14056,13870
2610,0,22743,35474,35474,19603,18702
2611,0,24297,39560,39560,35650,13712
2612,0,516,11016,11016,12195,12982
2613,0,25350,36321,36321,17275,35987
2614,0,21816,36797,36797,38903,13860
2615,0,5666,16166,16166,12962,16140
2616,0,172,10672,10672,11728,20767
2617,0,639,11139,11139,20416,19213
2618,0,9863,20363,20363,19494,14525
2619,0,8935,19435,19435,18121,38774
2620,0,24074,39055,39055,13958,18681
2621,0,7690,18190,18190,19905,19977
2622,0,5065,15565,15565,11080,15593
2623,0,1143,11643,11643,20036,20277
2624,0,21900,35423,35423,10753,13625
2625,0,21438,38319,38319,15568,15064
2626,0,23079,37207,37207,10913,37210
2627,0,9946,20446,20446,20857,18747
2628,0,1832,12332,12332,37818,12902
2629,0,24892,39435,39435,18221,39187
2630,0,8862,19362,19362,13240,13174
2631,0,3686,14186,14186,15909,18486
2632,0,6227,16727,16727,39300,18344
2633,0,5700,16200,16200,11069,11474
2634,0,21749,36000,36000,11496,35606
2635,0,25030,38229,38229,13355,13609
2636,0,4537,15037,15037,38057,35826
2637,0,3515,14015,14015,13039,16601
2638,0,9668,20168,20168,18510,13445
2639,0,834,11334,11334,18474,39209
2640,0,2486,12986,12986,17301,35209
2641,0,24346,36613,36613,37818,12902
2642,0,8539,19039,19039,20783,37224
2643,0,9286,19786,19786,35834,16801
2644,0,23594,37451,37451,19735,37550
2645,0,24026,37883,37883,14739,15966
2646,0,9316,19816,19816,17158,36666
2647,0,5467,15967,15967,18577,12515
2648,0,4915,15415,15415,36550,35477
2649,0,65,10565,10565,15840,19217
2650,0,8037,18537,18537,17328,37706
2651,0,8405,18905,18905,18013,13268
2652,0,22207,37725,37725,11055,11334
2653,0,2024,12524,12524,11243,10564
2654,0,1872,12372,12372,39525,11928
2655,0,354,10854,10854,11612,39294
2656,0,5360,15860,15860,13798,16099
2657,0,1767,12267,12267,18374,12813
2658,0,22448,37043,37043,16573,14866
2659,0,9394,19894,19894,36434,35281
2660,0,6405,16905,16905,13741,12635
2661,0,4762,15262,15262,38947,19208
2662,0,1164,11664,11664,14983,16797
2663,0,23315,36792,36792,17289,35271
2664,0,24042,37842,37842,19740,37671
2665,0,3395,13895,13895,18054,15042
2666,0,8285,18785,18785,35204,14782
2667,0,22411,37357,37357,11813,38761
2668,0,4568,15068,15068,19381,20915
2669,0,9308,19808,19808,38490,38838
2670,0,3127,13627,13627,14595,14814
2671,0,23665,38236,38236,16828,12456
2672,0,6946,17446,17446,35969,10616
2673,0,309,10809,10809,13345,37317
2674,0,7203,17703,17703,19637,13926
2675,0,8593,19093,19093,14703,37960
2676,0,24614,38739,38739,17731,20266
2677,0,21299,35283,35283,15577,14465
2678,0,22857,36271,36271,19945,17543
2679,0,4354,14854,14854,39513,36878
2680,0,8893,19393,19393,39504,38031
2681,0,10444,20944,20944,19359,20236
2682,0,8204,18704,18704,16217,36025
2683,0,3587,14087,14087,37258,19332
2684,0,7223,17723,17723,19469,13317
2685,0,2583,13083,13083,35159,13894
2686,0,7420,17920,17920,36741,17449
2687,0,2770,13270,13270,19027,37939
2688,0,4812,15312,15312,12002,14848
2689,0,21358,35436,35436,20524,11720
2690,0,10203,20703,20703,20850,10530
2691,0,5087,15587,15587,16539,11965
2692,0,324,10824,10824,13503,14172
2693,0,5171,15671,15671,37177,13691
2694,0,5648,16148,16148,19119,20373
2695,0,6743,17243,17243,15985,17220
2696,0,3209,13709,13709,17915,19523
2697,0,9307,19807,19807,10712,17554
2698,0,3905,14405,14405,16006,17637
2699,0,21940,37015,37015,36352,36043
2700,0,1292,11792,11792,19851,13193
2701,0,5638,16138,16138,12458,39232
2702,0,21560,39087,39087,16925,10521
2703,0,8499,18999,18999,20309,37958
2704,0,8899,19399,19399,37190,12235
2705,0,2379,12879,12879,19078,38691
2706,0,10431,20931,20931,13770,36097
2707,0,9497,19997,19997,18405,12719
2708,0,3634,14134,14134,14556,16747
2709,0,4169,14669,14669,36994,13586
2710,0,8687,19187,19187,19765,38719
2711,5,6658,17158,14297,37564,14153
2712,0,25019,37405,37405,11355,36483
2713,0,21919,39369,39369,36938,17870
2714,0,3428,13928,13928,17027,11831
2715,0,4421,14921,14921,19969,15476
2716,0,1101,11601,11601,12060,18517
2717,0,21845,37447,37447,12700,15955
2718,0,7900,18400,18400,19372,20685
2719,0,21907,38961,38961,18077,16061
2720,0,3250,13750,13750,18504,11028
2721,0,4409,14909,14909,37608,19504
2722,1,4140,14640,15769,14640,36591
2723,0,3557,14057,14057,10739,38389
2724,0,709,11209,11209,36595,11499
2725,0,118,10618,10618,38707,18286
2726,0,2022,12522,12522,37366,17738
2727,0,4598,15098,15098,12864,35484
2728,0,7286,17786,17786,18892,18845
2729,0,6130,16630,16630,38946,39515
2730,0,22236,35601,35601,16702,14308
2731,0,6952,17452,17452,17515,19112
2732,0,22351,38151,38151,13292,38452
2733,0,2374,12874,12874,37610,38223
2734,0,24622,39103,39103,20981,11588
2735,0,21537,35401,35401,17234,37807
2736,0,9354,19854,19854,13368,18495
2737,0,5227,15727,15727,18881,36450
2738,0,23097,36462,36462,14932,10992
2739,0,6606,17106,17106,18834,12729
2740,0,4681,15181,15181,19808,15044
2741,0,22758,38345,38345,12897,12692
2742,0,8375,18875,18875,12873,38956
2743,0,5003,15503,15503,16949,15898
2744,0,9363,19863,19863,17866,37987
2745,0,25418,37577,37577,12785,39623
2746,0,10354,20854,20854,17562,11189
2747,0,4273,14773,14773,11968,39175
2748,0,5739,16239,16239,36761,11727
2749,0,22884,37253,37253,14905,13584
2750,0,9115,19615,19615,11632,19608
2751,0,21046,38393,38393,36500,14422
2752,0,5470,15970,15970,37596,20008
2753,0,5816,16316,16316,18810,36651
2754,0,1158,11658,11658,19281,12285
2755,0,24372,38013,38013,14857,17100
2756,0,8892,19392,19392,14370,16030
2757,0,87,10587,10587,17523,10981
2758,0,7702,18202,18202,38533,12501
2759,0,3382,13882,13882,20133,13159
2760,0,25148,38086,38086,36574,13009
2761,0,23539,36142,36142,17177,16536
2762,0,403,10903,10903,38467,15472
2763,0,24926,39254,39254,36990,15148
2764,0,3350,13850,13850,37634,16023
2765,0,25099,37136,37136,18311,17132
2766,0,7591,18091,18091,17180,38757
2767,0,25382,39593,39593,12791,13030
2768,0,6378,16878,16878,14467,20771
2769,0,2241,12741,12741,14118,17102
2770,0,22189,35330,35330,14707,17898
2771,0,6552,17052,17052,38706,11875
2772,6,7559,18059,17795,17945,17559
2773,0,21140,38293,38293,14685,38839
2774,0,6310,16810,16810,15306,11771
2775,0,1027,11527,11527,15526,19851
2776,0,22358,39384,39384,15990,39326
2777,0,3803,14303,14303,35430,18937
2778,0,5517,16017,16017,37938,36527
2779,0,2436,12936,12936,17464,17736
2780,0,4689,15189,15189,13323,11331
2781,0,10124,20624,20624,36969,13917
2782,0,5298,15798,15798,38882,38084
2783,0,1278,11778,11778,18577,20645
2784,0,9236,19736,19736,20067,18623
2785,0,6856,17356,17356,35805,16015
2786,0,2042,12542,12542,11341,19290
2787,0,21652,39266,39266,17900,18109
2788,0,6654,17154,17154,17663,13144
2789,0,6074,16574,16574,16898,16307
2790,0,5157,15657,15657,11834,20973
2791,0,1425,11925,11925,38125,12059
2792,0,5027,15527,15527,35233,20062
2793,0,5281,15781,15781,19836,20750
2794,0,9216,19716,19716,13431,20844
2795,0,1502,12002,12002,15312,14650
2796,0,22132,39265,39265,15595,17258
2797,0,24471,37499,37499,20284,17181
2798,0,21173,36929,36929,14940,39516
2799,0,9675,20175,20175,13402,10882
2800,0,21182,37522,37522,10946,39568
2801,0,6064,16564,16564,19061,13919
2802,0,678,11178,11178,38919,17266
2803,0,6673,17173,17173,12886,36401
2804,0,5851,16351,16351,17714,19975
2805,0,7194,17694,17694,37888,18150
2806,0,10414,20914,20914,38690,15781
2807,0,5265,15765,15765,39556,14682
2808,0,7551,18051,18051,13423,16951
2809,1,22110,37989,15157,37989,18720
2810,0,22267,35722,35722,18638,19202
2811,0,5053,15553,15553,15732,20748
2812,1,5215,15715,12613,15715,15660
2813,0,1850,12350,12350,36967,17283
2814,0,6522,17022,17022,19985,19681
2815,0,1070,11570,11570,20889,20648
2816,0,7934,18434,18434,17052,19627
2817,0,6784,17284,17284,14301,15209
2818,0,7406,17906,17906,16185,39169
2819,0,2480,12980,12980,13858,20935
2820,0,23122,37115,37115,20576,36901
2821,0,3392,13892,13892,18206,18738
2822,0,1099,11599,11599,38803,19365
2823,0,5484,15984,15984,37604,19034
2824,0,9103,19603,19603,35474,18820
2825,0,24076,36260,36260,14620,19728
2826,0,418,10918,10918,38948,19736
2827,0,9469,19969,19969,36134,15365
2828,0,5819,16319,16319,15709,20040
2829,0,7890,18390,18390,39497,14430
2830,0,1947,12447,12447,20685,20429
2831,0,8450,18950,18950,16559,14390
2832,0,3336,13836,13836,17210,19116
2833,0,2299,12799,12799,18260,16665
2834,0,9162,19662,19662,15572,37484
2835,0,21074,35561,35561,15091,19393
2836,0,21160,39323,39323,39576,36486
2837,0,208,10708,10708,15692,35161
2838,0,8288,18788,18788,14053,37741
2839,0,3682,14182,14182,38531,35314
2840,0,22400,38334,38334,37313,39361
2841,0,8222,18722,18722,15881,13861
2842,0,25144,39226,39226,37089,19372
2843,0,528,11028,11028,13750,36180
2844,0,5329,15829,15829,20530,19806
2845,0,779,11279,11279,16972,14406
2846,0,722,11222,11222,13417,38679
2847,0,7428,17928,17928,12354,38621
2848,0,9511,20011,20011,35466,16282
2849,0,7313,17813,17813,15855,38349
2850,0,1860,12360,12360,37767,14051
2851,0,24651,37374,37374,18976,38357
2852,0,21143,38995,38995,17685,11964
2853,0,22113,37356,37356,36006,10506
2854,0,21925,38269,38269,36077,16945
2855,0,1992,12492,12492,17502,38771
2856,0,2332,12832,12832,19741,20515
2857,0,10324,20824,20824,38565,37606
2858,0,6339,16839,16839,13333,10921
2859,0,9913,20413,20413,39020,37640
2860,0,24887,38367,38367,19001,18751
2861,0,6117,16617,16617,39205,15830
2862,0,3459,13959,13959,38533,15303
2863,1,7614,18114,36275,18114,15066
2864,0,6567,17067,17067,18439,15480
2865,0,24080,35922,35922,15575,20069
2866,0,8297,18797,18797,37487,15807
2867,0,21083,36420,36420,16041,11401
2868,0,9336,19836,19836,18013,35477
2869,0,5492,15992,15992,39639,20596
2870,0,21272,38166,38166,11489,14886
2871,0,4518,15018,15018,17472,19242
2872,0,22475,35645,35645,15110,13387
2873,0,8197,18697,18697,17760,12235
2874,0,5138,15638,15638,16646,13069
2875,0,6755,17255,17255,16441,14517
2876,0,24097,35849,35849,20600,20411
2877,0,24478,38782,38782,17611,17252
2878,0,257,10757,10757,15278,37723
2879,0,22022,39603,39603,39138,18576
2880,0,21011,37884,37884,15595,16419
2881,0,21965,37576,37576,17252,35218
2882,0,25342,36615,36615,14165,13310
2883,0,6931,17431,17431,15058,11809
2884,0,9601,20101,20101,37732,35891
2885,0,23219,39034,39034,38124,15820
2886,0,3625,14125,14125,36710,16870
2887,0,702,11202,11202,18518,15406
2888,0,3189,13689,13689,17158,37805
2889,0,503,11003,11003,11513,36320
2890,0,24094,36438,36438,13499,11159
2891,0,23914,37886,37886,16603,14312
2892,0,5441,15941,15941,11074,15042
2893,0,2556,13056,13056,39109,13290
2894,0,848,11348,11348,11595,17338
2895,0,2248,12748,12748,19512,19256
2896,0,5616,16116,16116,20141,16524
2897,0,9452,19952,19952,17266,37088
2898,0,372,10872,10872,11572,12270
2899,0,25413,37943,37943,14753,16122
2900,0,5317,15817,15817,18223,16824
2901,0,21119,35278,35278,13411,16117
2902,0,5487,15987,15987,15685,10978
2903,0,5303,15803,15803,37313,16152
2904,0,4052,14552,14552,12873,18810
2905,0,3937,14437,14437,39372,36413
2906,0,6252,16752,16752,10625,13145
2907,0,23925,39494,39494,17275,12284
2908,0,9546,20046,20046,12463,12014
2909,0,23212,36881,36881,12541,14588
2910,0,23434,37216,37216,13052,15704
2911,0,4076,14576,14576,39623,15301
2912,0,997,11497,11497,14637,38735
2913,0,4332,14832,14832,16919,15929
2914,0,8610,19110,19110,16827,20137
2915,0,1176,11676,11676,12603,37879
2916,0,25136,39185,39185,36181,18364
2917,0,551,11051,11051,17514,12317
2918,0,4840,15340,15340,20984,17434
2919,0,23969,37093,37093,12749,36655
2920,0,4372,14872,14872,35636,17158
2921,0,3497,13997,13997,12116,13621
2922,0,24387,39526,39526,16984,11904
2923,0,22493,39228,39228,14988,39567
2924,0,22551,39443,39443,13548,39481
2925,0,1407,11907,11907,12173,36990
2926,0,22676,37128,37128,35443,18941
2927,0,22599,37258,37258,12931,19332
2928,0,5176,15676,15676,37419,18772
2929,0,5829,16329,16329,11928,17248
2930,0,6062,16562,16562,19168,15410
2931,0,7792,18292,18292,35650,16335
2932,0,23628,37504,37504,19394,19851
2933,0,6775,17275,17275,20169,14878
2934,0,3588,14088,14088,39375,19745
2935,0,24333,39349,39349,10981,17136
2936,0,10266,20766,20766,16671,18802
2937,0,693,11193,11193,37843,39614
2938,0,2533,13033,13033,35477,37073
2939,0,5011,15511,15511,11117,17099
2940,0,3443,13943,13943,18064,15843
2941,0,982,11482,11482,11545,36813
2942,0,9372,19872,19872,20908,11514
2943,0,5943,16443,16443,38497,16038
2944,0,24436,38785,38785,12700,19111
2945,0,4222,14722,14722,37783,12516
2946,0,91,10591,10591,15636,15999
2947,0,5652,16152,16152,13209,35635
2948,0,2266,12766,12766,37745,16126
2949,0,21135,35377,35377,38214,10749
2950,0,8031,18531,18531,11302,39590
2951,0,9512,20012,20012,11139,36812
2952,0,9573,20073,20073,14238,19632
2953,0,261,10761,10761,20195,18064
2954,0,24512,39313,39313,38856,20195
2955,0,3337,13837,13837,15346,37364
2956,0,5497,15997,15997,37208,38625
2957,0,22476,39446,39446,19606,14741
2958,0,4016,14516,14516,37292,16722
2959,0,3626,14126,14126,15650,35535
2960,0,21106,35217,35217,10988,20429
2961,0,445,10945,10945,36163,12843
2962,0,6752,17252,17252,12829,16184
2963,0,5111,15611,15611,16048,18283
2964,0,5965,16465,16465,36233,20297
2965,0,3555,14055,14055,39262,19690
2966,0,2194,12694,12694,37739,18729
2967,0,9598,20098,20098,39085,16325
2968,0,7338,17838,17838,16417,20949
2969,0,21497,37470,37470,17584,12659
2970,0,3367,13867,13867,35765,11462
2971,0,9952,20452,20452,20056,16892
2972,0,2867,13367,13367,37624,12496
2973,0,2526,13026,13026,15224,14269
2974,0,23958,36737,36737,16956,20358
2975,0,7563,18063,18063,38624,12664
2976,0,8291,18791,18791,12785,14992
2977,0,10223,20723,20723,11728,16555
2978,0,1168,11668,11668,37305,35647
2979,0,4144,14644,14644,38753,16083
2980,0,5149,15649,15649,15608,37473
2981,0,84,10584,10584,17508,15338
2982,0,3149,13649,13649,18746,18011
2983,0,22733,37282,37282,20246,12120
2984,0,880,11380,11380,37255,19874
2985,0,6747,17247,17247,20801,16106
2986,0,21157,39019,39019,37362,36919
2987,0,6535,17035,17035,38814,18922
2988,0,25264,38987,38987,18465,36414
2989,0,9056,19556,19556,19839,18569
2990,0,1467,11967,11967,19110,35872
2991,0,22063,35590,35590,16491,12789
2992,0,5641,16141,16141,20459,10556
2993,0,6537,17037,17037,11192,19876
2994,0,9418,19918,19918,19344,37738
2995,0,452,10952,10952,17785,12637
2996,0,4326,14826,14826,39111,16106
2997,0,4044,14544,14544,36486,12313
2998,0,21216,36229,36229,12180,37236
2999,0,4137,14637,14637,38735,11497
3000,0,3039,13539,13539,11992,36297
3001,0,9096,19596,19596,20695,10954
3002,0,24876,37928,37928,17275,13858
3003,1,8413,18913,19087,18913,16568
3004,0,5825,16325,16325,13584,20098
3005,0,7796,18296,18296,11692,16818
3006,0,579,11079,11079,38457,17652
3007,0,5236,15736,15736,20353,20960
3008,0,6571,17071,17071,12661,38731
3009,0,10493,20993,20993,35742,13889
3010,0,7174,17674,17674,37775,17251
3011,0,7467,17967,17967,19177,19214
3012,0,23217,35658,35658,19048,20805
3013,0,9922,20422,20422,11856,15158
3014,0,22016,35680,35680,16039,19180
3015,0,5587,16087,16087,18675,15142
3016,0,24595,36431,36431,18766,20758
3017,0,2467,12967,12967,18454,15519
3018,0,4157,14657,14657,19869,37456
3019,0,6349,16849,16849,17804,15854
3020,0,9176,19676,19676,14951,36680
3021,0,413,10913,10913,16823,19348
3022,0,402,10902,10902,17033,20915
3023,0,4428,14928,14928,18592,10582
3024,0,2084,12584,12584,15260,17116
3025,0,3057,13557,13557,36332,13860
3026,0,24931,37701,37701,15653,16416
3027,0,24582,35852,35852,36475,15736
3028,0,7060,17560,17560,11292,10970
3029,0,164,10664,10664,14747,13057
3030,0,8692,19192,19192,19392,16030
3031,0,10044,20544,20544,16945,13685
3032,0,22762,38045,38045,15812,37439
3033,0,4302,14802,14802,37933,19783
3034,0,23040,37607,37607,18461,14193
3035,0,25230,35833,35833,12125,14754
3036,0,3317,13817,13817,20695,19596
3037,0,22394,36660,36660,15743,38157
3038,0,9941,20441,20441,15760,14644
3039,0,3934,14434,14434,13100,20081
3040,0,6851,17351,17351,18836,15226
3041,0,1847,12347,12347,10705,13224
3042,0,24117,36904,36904,15823,12068
3043,0,1334,11834,11834,16652,37507
3044,0,22590,36152,36152,14590,11308
3045,0,21317,37882,37882,13405,39020
3046,0,10296,20796,20796,36359,39059
3047,0,8807,19307,19307,36507,39495
3048,0,753,11253,11253,15747,19969
3049,0,3064,13564,13564,19668,39100
3050,0,21262,37654,37654,18628,14390
3051,0,6997,17497,17497,39313,11149
3052,0,7536,18036,18036,15564,38190
3053,0,24969,36279,36279,36176,19764
3054,0,706,11206,11206,35776,12470
3055,0,3491,13991,13991,39308,19207
3056,0,9575,20075,20075,37245,17745
3057,0,25376,38217,38217,11498,20847
3058,0,4573,15073,15073,15470,15851
3059,0,24165,36268,36268,13877,11387
3060,0,7054,17554,17554,19807,10712
3061,0,5580,16080,16080,20435,36404
3062,0,23552,37293,37293,20385,38830
3063,0,6840,17340,17340,39142,14638
3064,0,3151,13651,13651,16086,38602
3065,0,23123,39028,39028,35558,12298
3066,0,6523,17023,17023,15898,10509
3067,0,24687,39497,39497,18390,15762
3068,0,3799,14299,14299,38582,11670
3069,0,4022,14522,14522,19353,15116
3070,0,8871,19371,19371,36919,17617
3071,0,1074,11574,11574,16769,37425
3072,0,10020,20520,20520,15225,19290
3073,0,10383,20883,20883,36636,17281
3074,0,3438,13938,13938,15072,11075
3075,0,23361,39024,39024,13770,20931
3076,0,22461,38070,38070,12254,17791
3077,0,9962,20462,20462,36765,11724
3078,0,2429,12929,12929,15075,39424
3079,0,246,10746,10746,18719,12319
3080,0,3815,14315,14315,18090,12596
3081,0,22827,35775,35775,36106,11126
3082,0,3632,14132,14132,20496,15820
3083,0,9990,20490,20490,15980,17738
3084,0,2262,12762,12762,14477,15379
3085,0,2246,12746,12746,19142,14162
3086,0,835,11335,11335,16901,15848
3087,0,5064,15564,15564,38190,11756
3088,0,6202,16702,16702,38744,38128
3089,0,432,10932,10932,37092,36477
3090,0,7960,18460,18460,13762,19059
3091,0,1173,11673,11673,10777,12992
3092,0,8374,18874,18874,38363,36210
3093,0,6437,16937,16937,13317,36891
3094,0,8823,19323,19323,14923,10510
3095,0,4656,15156,15156,13422,10589
3096,0,8654,19154,19154,17634,18659
3097,0,5289,15789,15789,18533,17930
3098,0,3757,14257,14257,16048,35722
3099,0,10061,20561,20561,12675,20848
3100,0,9880,20380,20380,18406,20513
3101,0,250,10750,10750,14164,36640
3102,0,7671,18171,18171,36661,37911
3103,0,23392,39333,39333,36904,35522
3104,0,7334,17834,17834,35706,10869
3105,0,22288,37574,37574,37896,37264
3106,0,7952,18452,18452,10538,35724
3107,0,8018,18518,18518,16497,17707
3108,0,24676,38863,38863,37921,37452
3109,0,3407,13907,13907,20310,17826
3110,0,2729,13229,13229,11127,11841
3111,0,24678,39507,39507,20329,10753
3112,0,8948,19448,19448,12943,38820
3113,0,433,10933,10933,17419,36359
3114,0,24873,36759,36759,15795,17331
3115,0,7422,17922,17922,39195,39194
3116,0,7592,18092,18092,19397,18537
3117,0,22294,35980,35980,17774,11811
3118,0,22835,38298,38298,37420,11749
3119,0,25191,39149,39149,18525,17063
3120,1,21021,39227,38168,39227,18318
3121,0,23442,38118,38118,38845,13645
3122,0,24169,38559,38559,11341,19290
3123,0,21817,35823,35823,36329,15096
3124,0,5629,16129,16129,36670,16486
3125,0,4002,14502,14502,36012,38139
3126,0,10455,20955,20955,14758,39167
3127,0,4753,15253,15253,17158,18223
3128,0,1332,11832,11832,36126,14878
3129,0,9854,20354,20354,38562,13292
3130,0,8101,18601,18601,38930,11577
3131,0,4196,14696,14696,15751,20826
3132,0,1443,11943,11943,37597,36002
3133,0,3681,14181,14181,37818,14927
3134,0,21405,36721,36721,11722,16869
3135,0,4310,14810,14810,37246,36081
3136,0,7448,17948,17948,17265,35879
3137,0,4899,15399,15399,20874,10703
3138,0,8272,18772,18772,37876,10556
3139,0,3985,14485,14485,15059,36279
3140,0,22914,39231,39231,37238,12961
3141,0,22810,37992,37992,20176,14054
3142,0,24302,36470,36470,20548,16415
3143,0,8784,19284,19284,16735,12235
3144,0,2569,13069,13069,15638,37083
3145,0,23989,35366,35366,17428,10771
3146,0,4277,14777,14777,39500,15764
3147,0,3666,14166,14166,36530,15346
3148,0,23711,36429,36429,37736,10772
3149,0,23412,39511,39511,12785,11112
3150,0,2446,12946,12946,38410,37615
3151,0,6821,17321,17321,35522,39333
3152,0,24190,37789,37789,37438,12401
3153,0,6520,17020,17020,19419,20758
3154,0,5802,16302,16302,19745,15532
3155,0,3657,14157,14157,17769,17091
3156,0,22211,38097,38097,10870,37785
3157,0,24443,36742,36742,37256,13282
3158,0,3172,13672,13672,35256,16134
3159,0,1223,11723,11723,35363,12527
3160,0,7272,17772,17772,16193,37449
3161,0,3639,14139,14139,12751,16131
3162,0,4166,14666,14666,14509,20901
3163,0,544,11044,11044,15025,13481
3164,0,1204,11704,11704,38838,18410
3165,0,21474,37571,37571,19607,37572
3166,0,8816,19316,19316,10654,38086
3167,0,21605,38321,38321,20409,37257
3168,0,7242,17742,17742,35920,35853
3169,0,2637,13137,13137,35651,13952
3170,0,21758,39179,39179,38506,37208
3171,0,8839,19339,19339,39226,20952
3172,0,21993,38053,38053,35968,14473
3173,0,22992,37969,37969,14013,20554
3174,0,6758,17258,17258,15595,38066
3175,0,22184,37734,37734,38602,18199
3176,0,7838,18338,18338,35772,13058
3177,0,877,11377,11377,13130,15977
3178,0,25002,37020,37020,11652,13597
3179,0,196,10696,10696,19883,15529
3180,0,21249,39273,39273,36909,38242
3181,0,3383,13883,13883,16140,17137
3182,0,4379,14879,14879,14763,16892
3183,0,24558,37372,37372,19619,14007
3184,0,24790,35375,35375,19363,35558
3185,0,2997,13497,13497,36551,16700
3186,0,3908,14408,14408,16785,39574
3187,0,2571,13071,13071,19399,14145
3188,0,7688,18188,18188,18046,19938
3189,0,1755,12255,12255,16020,16228
3190,0,6496,16996,16996,11536,17023
3191,0,22507,37596,37596,16002,15970
3192,0,22615,38718,38718,39588,20127
3193,0,25460,39020,39020,13742,11532
3194,0,5721,16221,16221,15684,37649
3195,0,6443,16943,16943,17555,37689
3196,0,24237,38798,38798,18346,39590
3197,0,4969,15469,15469,14631,12590
3198,0,6964,17464,17464,12936,17736
3199,0,6814,17314,17314,18049,17461
3200,0,6479,16979,16979,38066,11027
3201,0,4711,15211,15211,12217,18059
3202,0,4163,14663,14663,16143,39248
3203,0,23866,37256,37256,12368,36910
3204,0,9084,19584,19584,15615,38506
3205,0,23940,35891,35891,11212,20101
3206,0,24304,37045,37045,12679,17918
3207,0,2682,13182,13182,11060,11025
3208,0,23136,38616,38616,39016,15419
3209,0,2508,13008,13008,19142,15622
3210,0,8075,18575,18575,35178,12475
3211,0,1510,12010,12010,19852,19919
3212,0,4314,14814,14814,17744,35244
3213,0,9445,19945,19945,18094,36271
3214,0,8483,18983,18983,20552,17158
3215,0,5356,15856,15856,16693,13486
3216,0,6639,17139,17139,11566,20056
3217,0,5972,16472,16472,18807,12725
3218,0,1244,11744,11744,15999,14652
3219,0,3734,14234,14234,14735,11853
3220,0,8863,19363,19363,13899,35558
3221,0,21449,37881,37881,16343,17234
3222,0,4121,14621,14621,12680,38749
3223,0,22292,37449,37449,16193,18617
3224,0,4995,15495,15495,37540,36736
3225,0,24637,35498,35498,19113,36007
3226,0,8318,18818,18818,19300,11600
3227,0,1876,12376,12376,37420,38298
3228,0,21624,39361,39361,38334,37313
3229,0,5262,15762,15762,38882,11664
3230,0,254,10754,10754,13355,38162
3231,0,8146,18646,18646,15044,11720
3232,0,4511,15011,15011,35477,14340
3233,0,9266,19766,19766,13206,37645
3234,0,5159,15659,15659,39458,17641
3235,0,25303,37019,37019,17586,35237
3236,0,7764,18264,18264,20824,15578
3237,0,759,11259,11259,38324,35484
3238,0,5481,15981,15981,11005,38000
3239,0,654,11154,11154,19721,19605
3240,0,5297,15797,15797,14759,14420
3241,0,9386,19886,19886,36771,10672
3242,0,5812,16312,16312,38266,16948
3243,0,5288,15788,15788,15136,14705
3244,0,2892,13392,13392,16191,16794
3245,0,3401,13901,13901,12878,17423
3246,0,7626,18126,18126,11695,19217
3247,0,5636,16136,16136,20481,11308
3248,0,1420,11920,11920,19750,15236
3249,0,3044,13544,13544,20321,11879
3250,0,2830,13330,13330,15820,15155
3251,0,24772,35816,35816,38777,10900
3252,0,328,10828,10828,19469,36876
3253,0,10480,20980,20980,15170,11422
3254,0,253,10753,10753,35423,20329
3255,0,22913,38185,38185,35508,11974
3256,0,7318,17818,17818,39258,36756
3257,0,6159,16659,16659,18052,19143
3258,0,5323,15823,15823,12064,18502
3259,0,8665,19165,19165,36543,14508
3260,0,25034,35809,35809,38671,18713
3261,0,4377,14877,14877,39127,12209
3262,0,6022,16522,16522,15617,13335
3263,0,5092,15592,15592,14380,37645
3264,0,9257,19757,19757,38868,15487
3265,0,5377,15877,15877,14396,38441
3266,0,3019,13519,13519,16901,35528
3267,0,3029,13529,13529,20683,36836
3268,0,9740,20240,20240,16749,16111
3269,0,2636,13136,13136,18429,38767
3270,0,21510,37831,37831,18230,13347
3271,0,9532,20032,20032,20274,19706
3272,0,1131,11631,11631,11179,18758
3273,0,3018,13518,13518,10874,10727
3274,0,2945,13445,13445,36674,20070
3275,0,3659,14159,14159,18656,15572
3276,0,22953,38431,38431,15826,15406
3277,0,25010,35545,35545,17164,35487
3278,0,21951,36450,36450,36645,15494
3279,0,8703,19203,19203,11486,14225
3280,0,2663,13163,13163,16711,37450
3281,0,22314,38390,38390,38515,12963
3282,0,5378,15878,15878,39143,20264
3283,0,8359,18859,18859,12653,15614
3284,0,1362,11862,11862,20468,38437
3285,0,7180,17680,17680,35781,13309
3286,0,21287,35400,35400,16672,38549
3287,0,5533,16033,16033,19105,11648
3288,0,3481,13981,13981,13636,16780
3289,0,21335,39105,39105,15299,11740
3290,0,6255,16755,16755,17855,11268
3291,0,21319,37697,37697,12257,15406
3292,0,8747,19247,19247,20676,15785
3293,0,21918,37362,37362,38511,39019
3294,0,5112,15612,15612,37548,12368
3295,0,5940,16440,16440,36238,18199
3296,0,7981,18481,18481,12886,39390
3297,0,25284,36045,36045,18045,11355
3298,0,10144,20644,20644,14200,18288
3299,0,2880,13380,13380,36304,35289
3300,0,5839,16339,16339,38636,38619
3301,0,3381,13881,13881,17176,39090
3302,0,22548,37204,37204,11280,17743
3303,0,1302,11802,11802,35579,37863
3304,0,24273,38866,38866,35256,11912
3305,0,7442,17942,17942,16568,17588
3306,0,4957,15457,15457,20365,35405
3307,0,4836,15336,15336,12199,18727
3308,0,21976,35302,35302,11089,35957
3309,0,8704,19204,19204,36673,13726
3310,0,24300,38129,38129,16052,11071
3311,0,5720,16220,16220,36778,36624
3312,0,8188,18688,18688,13723,38517
3313,0,9618,20118,20118,18726,35662
3314,0,942,11442,11442,19699,35944
3315,0,24278,36870,36870,12406,13641
3316,0,3235,13735,13735,19753,38991
3317,0,21023,39483,39483,16231,38157
3318,0,3257,13757,13757,14390,18012
3319,0,23786,35976,35976,17843,11767
3320,0,25309,35731,35731,19866,38812
3321,0,176,10676,10676,13139,10617
3322,0,435,10935,10935,16350,12664
3323,0,23581,36008,36008,37716,15103
3324,0,7049,17549,17549,13625,18202
3325,0,308,10808,10808,35519,11910
3326,0,1565,12065,12065,13338,37206
3327,0,3964,14464,14464,36865,18596
3328,0,6727,17227,17227,38418,20874
3329,0,2135,12635,12635,12113,38798
3330,0,9060,19560,19560,12729,20050
3331,0,21077,37825,37825,19511,10781
3332,0,22790,35522,35522,35254,36202
3333,0,21847,36677,36677,12695,13720
3334,0,4977,15477,15477,12775,38389
3335,0,8664,19164,19164,11246,12119
3336,0,22329,38263,38263,20390,38262
3337,0,595,11095,11095,17016,17531
3338,0,7393,17893,17893,17331,39582
3339,0,2276,12776,12776,11197,16729
3340,1,7072,17572,20294,17572,36155
3341,0,6830,17330,17330,35789,10675
3342,0,4625,15125,15125,37260,18499
3343,0,9245,19745,19745,14088,13334
3344,0,5332,15832,15832,20055,10727
3345,0,22149,36186,36186,10661,18182
3346,0,5351,15851,15851,38414,20035
3347,0,23890,37117,37117,11843,15597
3348,0,2623,13123,13123,36349,13695
3349,0,9628,20128,20128,39481,18606
3350,0,4572,15072,15072,13938,16218
3351,0,25346,35996,35996,20345,17660
3352,0,24963,38385,38385,13490,14086
3353,0,231,10731,10731,39005,16080
3354,0,179,10679,10679,15244,17244
3355,0,7882,18382,18382,36357,14990
3356,0,737,11237,11237,15064,14173
3357,0,21783,39076,39076,36751,37158
3358,0,10264,20764,20764,12604,16582
3359,0,23990,35609,35609,18075,35159
3360,0,3865,14365,14365,12600,37943
3361,0,5865,16365,16365,38230,15137
3362,0,25157,35541,35541,15630,36368
3363,0,6057,16557,16557,11440,16632
3364,0,9199,19699,19699,35944,11442
3365,0,23619,35797,35797,37691,39623
3366,0,109,10609,10609,11080,38956
3367,0,5705,16205,16205,17782,12139
3368,0,8481,18981,18981,35162,17754
3369,0,1321,11821,11821,38674,37700
3370,0,5935,16435,16435,12053,17288
3371,0,1995,12495,12495,11760,35402
3372,0,6495,16995,16995,12334,15310
3373,0,755,11255,11255,20709,13286
3374,0,8650,19150,19150,20335,37242
3375,0,22300,38727,38727,19596,16530
3376,0,5137,15637,15637,14237,15934
3377,0,21771,37608,37608,14909,16023
3378,0,800,11300,11300,37856,14849
3379,0,23250,35975,35975,18199,16140
3380,0,2086,12586,12586,38542,39400
3381,0,5501,16001,16001,38779,18806
3382,0,6200,16700,16700,19624,13497
3383,0,9549,20049,20049,36557,19616
3384,0,69,10569,10569,39161,17158
3385,0,5367,15867,15867,10692,39530
3386,0,9636,20136,20136,18606,39630
3387,0,24310,37695,37695,37194,39523
3388,0,10274,20774,20774,12913,38984
3389,0,5682,16182,16182,11567,15111
3390,0,8873,19373,19373,13690,12766
3391,0,25315,35842,35842,18735,11243
3392,0,10149,20649,20649,10840,36333
3393,0,5170,15670,15670,17307,18866
3394,0,1680,12180,12180,35549,11852
3395,0,24691,35885,35885,20933,19385
3396,0,377,10877,10877,18708,38334
3397,0,1469,11969,11969,37215,38269
3398,0,21122,35728,35728,20150,16128
3399,0,5961,16461,16461,20343,16130
3400,0,2603,13103,13103,19675,19197
3401,0,4181,14681,14681,39369,13121
3402,0,9272,19772,19772,17864,12729
3403,0,7868,18368,18368,15660,17285
3404,0,8827,19327,19327,16172,13073
3405,0,21065,36275,36275,20630,36950
3406,0,22719,38848,38848,15985,17243
3407,0,4505,15005,15005,20165,19216
3408,0,22118,39552,39552,39061,39374
3409,0,7048,17548,17548,12861,11881
3410,0,4230,14730,14730,11129,37177
3411,0,9024,19524,19524,16675,10825
3412,0,22378,38257,38257,13635,36699
3413,0,3091,13591,13591,16535,35491
3414,0,2726,13226,13226,16897,10660
3415,0,477,10977,10977,13659,18588
3416,0,1329,11829,11829,14798,11891
3417,0,2283,12783,12783,16092,18582
3418,0,3732,14232,14232,16288,38135
3419,0,22732,39125,39125,20721,14703
3420,0,9676,20176,20176,37992,14054
3421,0,5873,16373,16373,37230,18681
3422,0,5557,16057,16057,38856,37990
3423,0,751,11251,11251,37855,19698
3424,0,22381,38771,38771,16008,12492
3425,0,2300,12800,12800,19614,14819
3426,0,21752,37271,37271,35209,36654
3427,0,873,11373,11373,38545,35794
3428,0,6620,17120,17120,14399,38330
3429,0,8847,19347,19347,17762,37734
3430,0,5127,15627,15627,17518,19908
3431,0,9810,20310,20310,38920,39498
3432,0,25055,38158,38158,15365,35209
3433,0,4564,15064,15064,37678,38319
3434,0,1545,12045,12045,13272,13627
3435,0,739,11239,11239,37110,36339
3436,0,22375,37493,37493,14977,36902
3437,0,2683,13183,13183,16885,18138
3438,0,24822,38471,38471,18635,16094
3439,0,21155,35678,35678,35571,15472
3440,0,22502,35710,35710,13038,12355
3441,0,5121,15621,15621,38783,13343
3442,0,6984,17484,17484,18343,35999
3443,0,6795,17295,17295,19745,13334
3444,0,9966,20466,20466,13930,17854
3445,0,7608,18108,18108,14677,16932
3446,0,3518,14018,14018,39204,10572
3447,0,10496,20996,20996,13996,16503
3448,0,2354,12854,12854,37613,14822
3449,0,23845,37310,37310,18851,16094
3450,0,23738,37999,37999,38535,18603
3451,0,773,11273,11273,11500,11067
3452,0,7965,18465,18465,18567,38987
3453,0,23699,37879,37879,16693,15856
3454,0,5200,15700,15700,18719,20837
3455,0,21328,36490,36490,15835,15445
3456,0,641,11141,11141,14215,15748
3457,0,10079,20579,20579,11955,17946
3458,0,23251,37245,37245,20075,35822
3459,0,8727,19227,19227,13094,37558
3460,0,3203,13703,13703,38711,17129
3461,0,7288,17788,17788,10520,11071
3462,0,4309,14809,14809,38070,39214
3463,0,5204,15704,15704,20137,16827
3464,0,6249,16749,16749,20240,16111
3465,0,865,11365,11365,39029,11798
3466,0,5516,16016,16016,36179,18875
3467,0,9617,20117,20117,37433,17855
3468,0,24459,39005,39005,10731,20859
3469,0,22289,38767,38767,38461,12252
3470,0,6923,17423,17423,12878,13047
3471,0,22786,39485,39485,38145,17746
3472,0,10364,20864,20864,36716,15810
3473,0,9415,19915,19915,35635,16152
3474,0,24320,35830,35830,36247,17811
3475,0,962,11462,11462,38604,20801
3476,0,23389,39447,39447,17337,18199
3477,0,24995,35753,35753,17114,10959
3478,0,23099,36069,36069,37779,19790
3479,0,21168,39017,39017,12152,19746
3480,0,10477,20977,20977,18253,15431
3481,0,24755,37793,37793,12019,37822
3482,0,3309,13809,13809,19509,18867
3483,0,2166,12666,12666,16926,11794
3484,0,363,10863,10863,14550,12250
3485,0,23430,36102,36102,11548,35170
3486,0,3723,14223,14223,36852,13303
3487,0,2825,13325,13325,38000,18031
3488,0,5133,15633,15633,39140,36852
3489,0,7670,18170,18170,14505,12835
3490,0,3597,14097,14097,14984,11106
3491,0,4726,15226,15226,14651,17351
3492,0,546,11046,11046,17328,37706
3493,0,2940,13440,13440,12281,39090
3494,0,471,10971,10971,15028,15103
3495,0,1641,12141,12141,14559,16209
3496,0,23377,37589,37589,11456,17933
3497,0,3338,13838,13838,17355,19393
3498,0,8216,18716,18716,19458,12765
3499,0,1172,11672,11672,35840,17803
3500,0,6983,17483,17483,18707,16386
3501,0,9401,19901,19901,16158,12719
3502,0,5273,15773,15773,14007,20095
3503,0,6672,17172,17172,39127,17461
3504,0,6085,16585,16585,36227,15367
3505,0,22336,35252,35252,38656,10764
3506,0,8014,18514,18514,36943,12647
3507,0,24520,37538,37538,17864,19772
3508,0,23639,39134,39134,12302,12323
3509,0,3364,13864,13864,11635,11909
3510,0,24327,39381,39381,39566,38224
3511,0,8309,18809,18809,13858,35312
3512,0,6724,17224,17224,37885,14397
3513,0,21014,37481,37481,19281,12399
3514,0,1410,11910,11910,14899,10808
3515,0,9440,19940,19940,20685,19431
3516,0,10036,20536,20536,17056,37590
3517,0,6666,17166,17166,14760,20816
3518,0,8276,18776,18776,13874,37587
3519,0,22515,37013,37013,12669,36465
3520,0,2694,13194,13194,15933,12681
3521,0,815,11315,11315,15531,39516
3522,0,6500,17000,17000,14176,13749
3523,0,6762,17262,17262,19267,16137
3524,0,22478,35417,35417,10859,13640
3525,0,7322,17822,17822,37309,37140
3526,0,2131,12631,12631,37885,37606
3527,0,1797,12297,12297,11559,38562
3528,0,22633,35279,35279,18950,15764
3529,0,7727,18227,18227,37532,37577
3530,0,4575,15075,15075,15067,38560
3531,0,5190,15690,15690,38945,18942
3532,0,3122,13622,13622,13367,18180
3533,0,7540,18040,18040,36485,16419
3534,0,5853,16353,16353,15929,10562
3535,0,5365,15865,15865,39530,17626
3536,0,9043,19543,19543,15429,37558
3537,0,4275,14775,14775,19267,17262
3538,0,24092,38545,38545,20835,38362
3539,0,3089,13589,13589,15050,39479
3540,0,25224,37747,37747,17338,20289
3541,0,25331,37364,37364,19906,18595
3542,0,21051,39629,39629,39312,37487
3543,0,9609,20109,20109,14582,13261
3544,0,5253,15753,15753,36850,16636
3545,0,237,10737,10737,15218,17570
3546,0,1532,12032,12032,37313,38334
3547,0,21788,38791,38791,38389,39590
3548,0,8402,18902,18902,18653,12056
3549,0,3410,13910,13910,37994,37018
3550,0,2831,13331,13331,35886,13451
3551,0,25240,38326,38326,11606,39617
3552,0,7779,18279,18279,11014,39098
3553,0,1535,12035,12035,19858,19723
3554,0,23298,38418,38418,11966,39088
3555,0,3879,14379,14379,20587,16399
3556,0,7435,17935,17935,38993,12794
3557,0,5302,15802,15802,11418,39323
3558,0,8909,19409,19409,36099,39047
3559,0,23776,37510,37510,35206,13840
3560,0,9407,19907,19907,14466,17555
3561,0,1299,11799,11799,18114,36275
3562,0,6739,17239,17239,12182,36230
3563,0,6273,16773,16773,35230,11131
3564,0,5499,15999,15999,19234,16896
3565,2,9230,19730,35793,14640,19730
3566,0,22479,39623,39623,15301,11374
3567,0,10046,20546,20546,12877,35876
3568,0,6934,17434,17434,16087,36952
3569,0,8183,18683,18683,16090,20328
3570,0,24553,35355,35355,35354,17727
3571,0,25406,36656,36656,15282,13803
3572,0,1480,11980,11980,14193,17871
3573,0,2793,13293,13293,38025,36839
3574,0,1601,12101,12101,18408,16860
3575,0,24162,39328,39328,15027,17449
3576,0,5091,15591,15591,36372,20497
3577,0,7983,18483,18483,35816,14786
3578,0,7067,17567,17567,18894,15791
3579,0,6804,17304,17304,13202,37963
3580,0,2329,12829,12829,18332,11940
3581,0,8552,19052,19052,12488,18945
3582,0,8337,18837,18837,16319,36236
3583,0,9247,19747,19747,11560,16976
3584,0,21322,35435,35435,17091,38722
3585,0,3661,14161,14161,35925,14958
3586,0,8437,18937,18937,14303,35430
3587,0,21819,36921,36921,11454,17176
3588,0,555,11055,11055,37725,13276
3589,0,4825,15325,15325,15615,17488
3590,0,1163,11663,11663,19905,16757
3591,0,5680,16180,16180,36735,39442
3592,0,9589,20089,20089,35263,38724
3593,0,4715,15215,15215,11446,18617
3594,0,397,10897,10897,18592,18683
3595,0,25384,36285,36285,38295,11630
3596,0,2506,13006,13006,20219,12785
3597,0,23933,37856,37856,11300,37036
3598,0,3836,14336,14336,16149,19460
3599,0,21473,38679,38679,10941,16856
3600,0,9193,19693,19693,20260,38885
3601,0,3010,13510,13510,20154,38200
3602,0,10226,20726,20726,17386,18207
3603,0,723,11223,11223,38157,39537
3604,0,300,10800,10800,14074,13147
3605,0,22888,37244,37244,38283,37550
3606,0,8908,19408,19408,17738,38482
3607,0,7328,17828,17828,17040,12207
3608,0,4294,14794,14794,35154,39115
3609,0,8113,18613,18613,12673,38112
3610,0,4185,14685,14685,12238,19460
3611,0,21025,38142,38142,19540,36849
3612,0,6954,17454,17454,13623,14171
3613,0,8269,18769,18769,17362,39590
3614,0,21220,39404,39404,38285,36551
3615,0,3142,13642,13642,15199,20647
3616,0,9939,20439,20439,16134,36434
3617,0,22085,38981,38981,18961,38878
3618,0,22434,35860,35860,19935,14509
3619,0,3205,13705,13705,13958,37230
3620,0,4955,15455,15455,16158,12439
3621,0,4582,15082,15082,39236,12401
3622,0,22821,38255,38255,39248,18369
3623,0,7367,17867,17867,18953,20157
3624,0,24927,39599,39599,35157,14931
3625,0,9770,20270,20270,15068,19975
3626,0,24556,39345,39345,38867,13349
3627,0,24573,37895,37895,13803,20772
3628,0,7433,17933,17933,10903,15688
3629,0,7704,18204,18204,11565,16558
3630,0,22922,36933,36933,37764,15787
3631,0,1152,11652,11652,35770,19232
3632,0,21357,39640,39640,39478,15064
3633,0,6965,17465,17465,12651,18648
3634,0,1212,11712,11712,11574,20514
3635,0,4503,15003,15003,38107,13938
3636,0,7055,17555,17555,14878,36733
3637,0,10118,20618,20618,12046,13092
3638,0,21682,36951,36951,20039,19538
3639,0,25208,39207,39207,13798,10609
3640,0,5894,16394,16394,37390,11081
3641,0,24178,36781,36781,14248,39327
3642,0,8637,19137,19137,16439,39030
3643,0,23098,38582,38582,14299,36875
3644,0,5427,15927,15927,18370,18759
3645,0,21038,38351,38351,35321,12137
3646,0,21543,35588,35588,20407,17763
3647,0,665,11165,11165,12190,38230
3648,0,25435,38187,38187,14417,17481
3649,1,7216,17716,11410,17716,35489
3650,0,5994,16494,16494,12578,38814
3651,0,642,11142,11142,37762,11361
3652,0,21950,38528,38528,35247,20275
3653,0,3767,14267,14267,14994,11126
3654,0,4272,14772,14772,13571,18363
3655,0,22629,39000,39000,14260,12265
3656,0,21757,39161,39161,10569,35316
3657,0,6123,16623,16623,10658,16026
3658,0,8331,18831,18831,18504,35420
3659,0,786,11286,11286,10865,37099
3660,0,2857,13357,13357,17614,37800
3661,0,6112,16612,16612,12934,17852
3662,0,22647,35266,35266,37787,37743
3663,0,3202,13702,13702,10893,13923
3664,0,22465,37585,37585,38497,11628
3665,0,8916,19416,19416,13553,37101
3666,0,10315,20815,20815,19667,38638
3667,0,7600,18100,18100,17548,35335
3668,0,4187,14687,14687,12711,18325
3669,0,7853,18353,18353,11698,16727
3670,0,23882,37910,37910,13172,36308
3671,0,24331,37085,37085,16675,38757
3672,0,4824,15324,15324,20336,16743
3673,0,8332,18832,18832,12688,38490
3674,0,6067,16567,16567,17601,37039
3675,0,2905,13405,13405,17555,37882
3676,0,4626,15126,15126,15564,20466
3677,0,9635,20135,20135,36915,20648
3678,0,996,11496,11496,36000,12238
3679,0,7131,17631,17631,38225,14017
3680,0,21695,38167,38167,35344,35345
3681,0,23190,39167,39167,39111,20477
3682,0,7246,17746,17746,37218,39485
3683,0,21664,35356,35356,18440,11929
3684,0,6408,16908,16908,14713,14437
3685,0,7787,18287,18287,10577,14433
3686,0,6250,16750,16750,13080,12384
3687,0,9205,19705,19705,37622,37279
3688,0,8055,18555,18555,19909,17277
3689,0,23170,38950,38950,17167,11942
3690,0,5523,16023,16023,37634,37608
3691,0,23540,37743,37743,35646,15679
3692,0,7505,18005,18005,10707,19412
3693,0,156,10656,10656,18452,10538
3694,0,9868,20368,20368,16029,36687
3695,0,3085,13585,13585,19980,38625
3696,0,10425,20925,20925,13698,18076
3697,0,1552,12052,12052,15318,18433
3698,1,8774,19274,37216,19274,15821
3699,0,22134,39252,39252,14931,16998
3700,0,495,10995,10995,17571,17970
3701,0,2321,12821,12821,35376,36861
3702,0,912,11412,11412,15434,35255
3703,0,9044,19544,19544,16874,14364
3704,0,151,10651,10651,18760,17632
3705,0,23277,37924,37924,19859,14651
3706,0,24407,36033,36033,12565,37744
3707,0,10243,20743,20743,18199,38152
3708,0,1738,12238,12238,17823,38479
3709,0,3001,13501,13501,12836,39524
3710,0,9263,19763,19763,10693,18845
3711,0,6961,17461,17461,39300,17172
3712,0,21471,38177,38177,16809,11731
3713,0,2883,13383,13383,20650,16404
3714,0,3720,14220,14220,14500,20331
3715,0,7127,17627,17627,13285,15949
3716,0,888,11388,11388,20228,38527
3717,0,5471,15971,15971,38873,12206
3718,0,3201,13701,13701,16870,14125
3719,7,9696,20196,12799,16665,38410
3720,0,4823,15323,15323,15759,17981
3721,0,4704,15204,15204,20254,19048
3722,0,343,10843,10843,12377,14578
3723,0,4136,14636,14636,38506,20709
3724,0,21591,35444,35444,15731,36337
3725,0,3188,13688,13688,14005,17463
3726,0,4522,15022,15022,38608,37050
3727,0,2223,12723,12723,10652,19736
3728,0,2121,12621,12621,19282,12845
3729,0,6858,17358,17358,17946,36223
3730,0,10385,20885,20885,18634,37225
3731,0,9669,20169,20169,37584,15447
3732,0,8913,19413,19413,16041,18930
3733,0,23032,36513,36513,18059,37628
3734,0,7366,17866,17866,19863,39384
3735,0,21863,39578,39578,18611,38335
3736,0,4734,15234,15234,19377,16600
3737,0,1465,11965,11965,15258,38138
3738,0,4593,15093,15093,11271,18079
3739,0,3565,14065,14065,19653,15628
3740,0,5840,16340,16340,15928,15173
3741,0,283,10783,10783,12341,19328
3742,0,23977,38563,38563,36291,38172
3743,0,6175,16675,16675,15755,14249
3744,0,10290,20790,20790,11085,11067
3745,0,4151,14651,14651,15226,39453
3746,0,23437,39155,39155,11703,36711
3747,0,8998,19498,19498,13267,17191
3748,0,7376,17876,17876,16218,38709
3749,0,8542,19042,19042,15780,17617
3750,0,22120,38586,38586,11766,13308
3751,0,8764,19264,19264,18569,15237
3752,0,3161,13661,13661,11569,37998
3753,0,2630,13130,13130,10963,15805
3754,0,21434,36504,36504,19509,35796
3755,0,22971,37419,37419,18917,11945
3756,0,10394,20894,20894,36554,10829
3757,0,1203,11703,11703,36711,17840
3758,0,23246,38332,38332,39561,38255
3759,0,10165,20665,20665,14996,15945
3760,0,616,11116,11116,36382,20848
3761,0,3114,13614,13614,39201,35580
3762,0,22814,36779,36779,17492,11131
3763,0,7481,17981,17981,13621,18805
3764,0,9330,19830,19830,15101,14368
3765,0,2728,13228,13228,14735,14234
3766,0,24702,36795,36795,17276,16621
3767,0,25407,38091,38091,12508,13946
3768,0,9895,20395,20395,39012,19016
3769,0,1357,11857,11857,11359,20703
3770,0,9567,20067,20067,36415,36753
3771,0,7798,18298,18298,14723,13499
3772,0,24850,36214,36214,13975,35877
3773,0,25071,38066,38066,17258,16419
3774,0,1590,12090,12090,13207,13502
3775,0,23339,39220,39220,38562,20354
3776,0,3140,13640,13640,10859,38639
3777,0,5338,15838,15838,14133,37887
3778,0,547,11047,11047,38662,20704
3779,0,7118,17618,17618,36717,36355
3780,0,23151,36245,36245,16429,17392
3781,0,23971,38537,38537,37120,35805
3782,0,26,10526,10526,20867,14311
3783,0,1067,11567,11567,15111,11084
3784,0,3918,14418,14418,20618,11175
3785,0,6604,17104,17104,19718,14049
3786,0,5529,16029,16029,14449,20368
3787,0,6678,17178,17178,16856,19004
3788,0,5398,15898,15898,10945,14030
3789,0,8642,19142,19142,12724,37305
3790,0,8081,18581,18581,13142,10767
3791,0,9608,20108,20108,19263,10660
3792,0,21427,38869,38869,11275,15619
3793,0,437,10937,10937,13640,10859
3794,0,23982,38747,38747,35558,13899
3795,4,5269,15769,36591,14640,35793
3796,0,1861,12361,12361,38822,38384
3797,0,10442,20942,20942,20178,10594
3798,0,23920,37296,37296,19594,10977
3799,0,2706,13206,13206,13191,35483
3800,0,22421,37325,37325,11165,38230
3801,0,5325,15825,15825,11881,19270
3802,0,6957,17457,17457,13826,36855
3803,0,25372,36181,36181,20989,10524
3804,0,24371,38414,38414,20035,16814
3805,0,25405,36550,36550,15976,39061
3806,0,9125,19625,19625,15685,38026
3807,0,4011,14511,14511,16882,17888
3808,0,25451,38079,38079,19099,35583
3809,0,534,11034,11034,20344,12193
3810,0,24261,35920,35920,10788,35853
3811,0,585,11085,11085,20790,11067
3812,0,22078,36595,36595,11499,11209
3813,0,8715,19215,19215,15763,15578
3814,0,21415,37086,37086,19833,20419
3815,0,21295,36084,36084,18118,20617
3816,0,8559,19059,19059,15583,35766
3817,0,6464,16964,16964,13542,10872
3818,0,22792,36395,36395,19525,38195
3819,0,21245,38631,38631,11669,35404
3820,0,1916,12416,12416,19188,37266
3821,0,23529,37897,37897,13767,11854
3822,0,8107,18607,18607,12855,20589
3823,0,22365,38908,38908,14214,17530
3824,0,1910,12410,12410,19805,16509
3825,0,8856,19356,19356,15654,13023
3826,0,8710,19210,19210,16190,20110
3827,0,1133,11633,11633,38291,39523
3828,0,24591,36568,36568,36394,15017
3829,0,22867,35407,35407,17677,13268
3830,0,1317,11817,11817,18606,14462
3831,0,4368,14868,14868,16531,12914
3832,0,8313,18813,18813,20770,13839
3833,0,22916,36110,36110,13658,13222
3834,0,8653,19153,19153,18990,11260
3835,0,7325,17825,17825,39189,14937
3836,0,6080,16580,16580,14909,19504
3837,0,24993,38970,38970,36754,38094
3838,0,2601,13101,13101,19558,14007
3839,0,6568,17068,17068,14638,39142
3840,0,2173,12673,12673,18613,13170
3841,0,3605,14105,14105,38101,36318
3842,0,6429,16929,16929,11662,14439
3843,0,7995,18495,18495,37015,39625
3844,0,3768,14268,14268,19667,20815
3845,0,5077,15577,15577,16624,13916
3846,0,8274,18774,18774,37868,11668
3847,0,4631,15131,15131,20202,35752
3848,0,8756,19256,19256,12748,19512
3849,0,240,10740,10740,19115,16084
3850,0,8812,19312,19312,35795,16981
3851,0,8421,18921,18921,13222,35724
3852,0,7602,18102,18102,17156,20373
3853,0,21861,36605,36605,18391,10750
3854,0,1867,12367,12367,38475,12394
3855,0,9416,19916,19916,35759,39437
3856,0,22626,39525,39525,35905,18000
3857,0,2521,13021,13021,17062,39371
3858,0,9876,20376,20376,38927,19375
3859,0,1820,12320,12320,13367,20262
3860,0,2410,12910,12910,19961,11644
3861,0,8243,18743,18743,37282,11861
3862,0,6637,17137,17137,16951,16629
3863,0,5187,15687,15687,15805,16223
3864,0,10054,20554,20554,36503,37567
3865,0,4565,15065,15065,13747,20973
3866,0,7942,18442,18442,20473,15064
3867,0,21239,36986,36986,36147,39246
3868,0,6391,16891,16891,11416,13471
3869,0,2118,12618,12618,14072,12583
3870,0,3779,14279,14279,16482,12537
3871,0,4961,15461,15461,11509,37796
3872,0,2809,13309,13309,11481,11109
3873,0,498,10998,10998,38722,13832
3874,0,24221,38499,38499,35497,36754
3875,0,10022,20522,20522,16758,16367
3876,0,4284,14784,14784,20343,11122
3877,0,10191,20691,20691,37301,13781
3878,0,8969,19469,19469,10828,17723
3879,0,228,10728,10728,17109,16476
3880,0,8761,19261,19261,16374,14636
3881,0,25204,36106,36106,16853,20311
3882,0,2741,13241,13241,12112,13497
3883,0,23843,37223,37223,14695,20500
3884,0,6001,16501,16501,37360,18453
3885,0,5718,16218,16218,15072,36527
3886,0,10220,20720,20720,16456,11676
3887,0,5583,16083,16083,15760,37435
3888,0,22176,37487,37487,39629,18797
3889,0,22900,37375,37375,17653,37217
3890,0,8719,19219,19219,15593,17604
3891,0,1128,11628,11628,37829,15945
3892,0,10405,20905,20905,15587,14711
3893,0,1706,12206,12206,15971,38873
3894,0,7450,17950,17950,14977,14532
3895,0,3153,13653,13653,10724,35906
3896,0,9482,19982,19982,17283,39109
3897,0,22256,35325,35325,13734,10994
3898,0,23000,39068,39068,18370,35503
3899,0,6240,16740,16740,12313,14007
3900,0,7104,17604,17604,19219,15593
3901,0,9464,19964,19964,39647,14888
3902,0,2721,13221,13221,17443,18819
3903,0,7445,17945,17945,18059,12336
3904,0,7893,18393,18393,37770,10797
3905,0,21330,39116,39116,15379,20616
3906,0,23774,36076,36076,12292,19266
3907,0,8042,18542,18542,15404,20432
3908,0,9144,19644,19644,35477,36639
3909,0,9402,19902,19902,38168,17625
3910,0,24252,36236,36236,16319,20040
3911,0,24649,35832,35832,19464,17181
3912,0,25110,38626,38626,19140,35819
3913,0,23284,37593,37593,36943,12647
3914,0,9985,20485,20485,19605,35706
3915,0,6054,16554,16554,11027,38147
3916,0,10107,20607,20607,36392,36391
3917,0,21256,36823,36823,38420,35826
3918,0,2550,13050,13050,16052,11278
3919,0,7440,17940,17940,38157,13845
3920,0,6768,17268,17268,10919,12263
3921,0,24077,38953,38953,38619,38636
3922,0,22842,37953,37953,20332,17236
3923,0,6449,16949,16949,12361,37154
3924,0,10359,20859,20859,13270,13650
3925,0,22649,39238,39238,36496,37478
3926,0,2644,13144,13144,35284,17154
3927,0,23792,37767,37767,36101,12360
3928,0,4487,14987,14987,15038,12751
3929,0,2061,12561,12561,36980,14787
3930,0,4645,15145,15145,17702,13052
3931,0,23321,38736,38736,15441,37714
3932,0,23224,37613,37613,36788,35331
3933,0,25421,39597,39597,20318,39443
3934,0,21593,38153,38153,36597,13608
3935,0,7265,17765,17765,35981,19923
3936,0,4174,14674,14674,16043,19430
3937,0,24191,37139,37139,38454,12238
3938,0,22760,37365,37365,17143,20770
3939,0,25005,36597,36597,38721,15772
3940,0,983,11483,11483,20226,37538
3941,0,10171,20671,20671,20407,16482
3942,2,5480,15980,20490,38094,15980
3943,0,23870,36398,36398,19492,39249
3944,0,4797,15297,15297,39123,18814
3945,0,9632,20132,20132,12051,35804
3946,0,3662,14162,14162,39406,12060
3947,0,21420,38458,38458,16399,11484
3948,0,6947,17447,17447,18894,19703
3949,0,4657,15157,15157,37989,18720
3950,0,6414,16914,16914,37091,11397
3951,0,3150,13650,13650,18469,18161
3952,0,23941,37198,37198,13256,15958
3953,0,21352,35705,35705,17973,36796
3954,0,4813,15313,15313,13158,11386
3955,0,5969,16469,16469,16252,18574
3956,0,2939,13439,13439,19337,17873
3957,0,1340,11840,11840,35556,13972
3958,0,1391,11891,11891,36344,14798
3959,0,9673,20173,20173,37933,35768
3960,0,21131,38521,38521,13174,13755
3961,0,9255,19755,19755,35256,20684
3962,0,25498,38518,38518,16951,17137
3963,0,22282,39008,39008,15057,17904
3964,0,9025,19525,19525,38171,16904
3965,0,6146,16646,16646,15638,13069
3966,0,1412,11912,11912,13732,10557
3967,0,2256,12756,12756,17000,37162
3968,0,22728,39598,39598,39629,14567
3969,0,24998,35385,35385,36460,13225
3970,0,6120,16620,16620,38584,36329
3971,0,2212,12712,12712,12292,36076
3972,0,5603,16103,16103,17986,35445
3973,0,6004,16504,16504,38814,19101
3974,0,5417,15917,15917,38350,18122
3975,0,4938,15438,15438,20880,11387
3976,0,3624,14124,14124,14039,16331
3977,0,3158,13658,13658,35724,16384
3978,0,4267,14767,14767,38152,12761
3979,0,463,10963,10963,16223,13130
3980,0,1754,12254,12254,16296,12746
3981,0,24550,36654,36654,35787,37271
3982,0,9023,19523,19523,18350,13709
3983,0,6380,16880,16880,13726,38166
3984,0,3829,14329,14329,20252,14588
3985,0,378,10878,10878,39230,11351
3986,0,23309,36240,36240,19159,20100
3987,0,1335,11835,11835,14655,12473
3988,0,22357,39192,39192,13134,37147
3989,0,2716,13216,13216,37353,16005
3990,0,9611,20111,20111,11980,35805
3991,0,24461,37980,37980,37829,12107
3992,0,22423,38200,38200,19054,13629
3993,0,9704,20204,20204,36030,19511
3994,0,6322,16822,16822,10548,37052
3995,0,9225,19725,19725,14373,36045
3996,0,9801,20301,20301,36637,19463
3997,0,1894,12394,12394,38475,12367
3998,0,4661,15161,15161,20673,36818
3999,0,9690,20190,20190,39594,19696
4000,0,7769,18269,18269,36330,38722
4001,0,7090,17590,17590,15898,37640
4002,0,6221,16721,16721,20770,14209
4003,0,9147,19647,19647,12742,37799
4004,0,21686,37102,37102,20377,14831
4005,0,7037,17537,17537,20898,15747
4006,0,8613,19113,19113,13187,12742
4007,0,9545,20045,20045,36078,11360
4008,0,24241,38687,38687,14728,19780
4009,0,23076,37961,37961,20082,13225
4010,0,10323,20823,20823,38039,14068
4011,0,23559,35803,35803,17665,11987
4012,0,3992,14492,14492,35670,11595
4013,0,6691,17191,17191,37946,19498
4014,0,1030,11530,11530,12207,19448
4015,0,2220,12720,12720,36420,12069
4016,0,21832,36244,36244,14242,35159
4017,0,23592,38455,38455,35735,36736
4018,0,3793,14293,14293,14324,38596
4019,0,23834,35587,35587,35219,18175
4020,0,10483,20983,20983,15063,16342
4021,0,4327,14827,14827,39513,19315
4022,0,25164,37467,37467,36089,37681
4023,0,8302,18802,18802,20912,20766
4024,0,23707,38887,38887,16953,19924
4025,0,22039,37839,37839,15353,39157
4026,0,5731,16231,16231,17623,20429
4027,0,2917,13417,13417,12517,10604
4028,0,5586,16086,16086,13780,13651
4029,0,25006,36664,36664,12672,36853
4030,0,6326,16826,16826,38335,19544
4031,0,1515,12015,12015,37642,17019
4032,0,21055,39493,39493,15336,20591
4033,0,24038,38252,38252,19908,15627
4034,0,24505,37255,37255,35288,11380
4035,0,2263,12763,12763,37383,36798
4036,0,4479,14979,14979,15536,36341
4037,0,4239,14739,14739,37883,17091
4038,0,25059,37392,37392,20721,36362
4039,0,22545,37233,37233,11089,17074
4040,0,893,11393,11393,19043,12425
4041,0,1490,11990,11990,14133,37627
4042,0,22258,36661,36661,18171,37911
4043,0,9657,20157,20157,17867,18934
4044,0,8516,19016,19016,36192,19905
4045,0,2933,13433,13433,19745,13648
4046,0,22712,38438,38438,38437,16698
4047,0,1129,11629,11629,18398,39286
4048,0,731,11231,11231,13440,12281
4049,0,3084,13584,13584,38617,16731
4050,0,7297,17797,17797,35173,36204
4051,0,4588,15088,15088,16133,39060
4052,0,2795,13295,13295,17143,36623
4053,0,7601,18101,18101,11374,12629
4054,0,798,11298,11298,14821,15228
4055,0,6232,16732,16732,36697,18151
4056,0,734,11234,11234,15510,37154
4057,0,8688,19188,19188,12672,12416
4058,0,2244,12744,12744,17653,18970
4059,0,178,10678,10678,36880,12843
4060,0,1174,11674,11674,35956,20393
4061,0,790,11290,11290,37736,38495
4062,0,23549,36680,36680,37918,13068
4063,0,198,10698,10698,36518,15445
4064,0,10239,20739,20739,11259,10552
4065,0,7675,18175,18175,36124,10564
4066,0,548,11048,11048,37557,14863
4067,0,3339,13839,13839,18813,36349
4068,0,9213,19713,19713,12841,14399
4069,0,7465,17965,17965,13876,36875
4070,0,8699,19199,19199,36599,11203
4071,0,23600,37932,37932,16078,20678
4072,1,23700,37005,20688,37005,15746
4073,0,7533,18033,18033,18705,39483
4074,0,66,10566,10566,12899,36610
4075,0,4712,15212,15212,19545,17854
4076,0,5214,15714,15714,37818,13621
4077,0,21953,36649,36649,14568,11844
4078,0,5033,15533,15533,36159,38933
4079,0,24176,38448,38448,19191,14392
4080,0,2572,13072,13072,16849,11966
4081,0,10241,20741,20741,13592,12651
4082,0,24902,39205,39205,10849,12850
4083,0,622,11122,11122,20343,16130
4084,0,6222,16722,16722,17932,14516
4085,0,787,11287,11287,16126,12924
4086,0,3332,13832,13832,36872,10998
4087,0,24605,39095,39095,17012,38726
4088,0,6008,16508,16508,17243,13004
4089,0,24416,35628,35628,36228,19675
4090,0,8334,18834,18834,17106,12729
4091,0,22877,37777,37777,11825,16641
4092,0,22024,35179,35179,35934,14263
4093,0,8696,19196,19196,17911,39238
4094,0,515,11015,11015,10922,37927
4095,0,478,10978,10978,16790,17711
4096,0,4476,14976,14976,14345,12846
4097,0,21123,36931,36931,35298,12921
4098,0,8818,19318,19318,36360,19896
4099,0,6899,17399,17399,18596,14061
4100,0,1033,11533,11533,16978,14199
4101,0,24929,36812,36812,35542,20012
4102,0,2598,13098,13098,36727,18584
4103,0,1514,12014,12014,36022,20046
4104,0,6191,16691,16691,38495,14923
4105,0,24770,35518,35518,19883,15529
4106,0,7237,17737,17737,35892,18144
4107,0,5753,16253,16253,11285,14396
4108,0,22699,38807,38807,19199,19994
4109,0,22806,37551,37551,37875,11326
4110,0,8236,18736,18736,39329,14436
4111,0,8536,19036,19036,16569,38866
4112,0,5521,16021,16021,35956,19324
4113,0,1462,11962,11962,14568,12272
4114,0,7915,18415,18415,11894,18848
4115,0,1871,12371,12371,39538,39593
4116,0,22944,37040,37040,38145,19462
4117,0,7209,17709,17709,20892,13657
4118,0,10072,20572,20572,36721,36966
4119,0,7349,17849,17849,20410,20192
4120,0,4623,15123,15123,14144,20725
4121,0,24415,37641,37641,39468,12813
4122,0,4818,15318,15318,13519,12052
4123,0,220,10720,10720,14423,15977
4124,0,22603,37312,37312,10985,10701
4125,0,9002,19502,19502,16660,17088
4126,0,2476,12976,12976,13231,39586
4127,0,4248,14748,14748,20247,20685
4128,0,25040,36095,36095,38546,12174
4129,0,25370,38391,38391,14566,38015
4130,0,24315,37218,37218,14721,20832
4131,0,6487,16987,16987,35454,15556
4132,0,9420,19920,19920,15466,39127
4133,0,9717,20217,20217,38895,16825
4134,0,5650,16150,16150,16756,20424
4135,0,21818,38302,38302,13430,20896
4136,0,21889,35460,35460,35659,11773
4137,0,8052,18552,18552,13067,35477
4138,0,23537,38437,38437,38438,16698
4139,0,2881,13381,13381,16556,37941
4140,16,1677,12177,35932,10612,14430
4141,0,6060,16560,16560,11565,13685
4142,0,901,11401,11401,38250,20817
4143,0,21618,37142,37142,19752,12940
4144,67,22142,38946,39483,11386,17994
4145,0,2296,12796,12796,35933,38604
4146,0,8809,19309,19309,12893,13944
4147,0,8488,18988,18988,19090,38080
4148,0,9004,19504,19504,14909,37608
4149,0,23553,38434,38434,20745,14016
4150,0,23643,37277,37277,17196,10686
4151,0,23678,35726,35726,37048,16591
4152,0,6772,17272,17272,16730,16826
4153,0,25102,36498,36498,18691,39094
4154,0,7257,17757,17757,20853,38627
4155,0,2580,13080,13080,20641,12006
4156,0,7966,18466,18466,16855,12069
4157,0,24253,38884,38884,39215,13852
4158,0,23313,36212,36212,38094,15030
4159,0,25447,39444,39444,12259,13854
4160,0,9780,20280,20280,11540,11617
4161,0,9351,19851,19851,19729,11792
4162,0,5254,15754,15754,17978,15111
4163,0,681,11181,11181,20721,14740
4164,0,23528,38627,38627,36589,20405
4165,0,3159,13659,13659,35373,10977
4166,0,24051,35523,35523,13908,14365
4167,0,2987,13487,13487,16451,13464
4168,0,4908,15408,15408,17881,15963
4169,0,1882,12382,12382,36698,20436
4170,0,21132,35359,35359,12562,12631
4171,0,1940,12440,12440,35583,19591
4172,0,3296,13796,13796,14112,17766
4173,1,3534,14034,17926,14034,38820
4174,0,5974,16474,16474,11087,36206
4175,0,3729,14229,14229,19599,19728
4176,0,490,10990,10990,14927,37818
4177,0,5708,16208,16208,37890,16162
4178,0,1181,11681,11681,11213,38681
4179,0,1375,11875,11875,17052,38706
4180,0,5014,15514,15514,37358,39516
4181,0,626,11126,11126,35775,14267
4182,0,4758,15258,15258,11965,20238
4183,0,10336,20836,20836,38268,20738
4184,0,25362,36103,36103,12708,18063
4185,0,22557,37801,37801,13522,37077
4186,0,4180,14680,14680,17174,38083
4187,0,22558,35967,35967,38639,17128
4188,0,8778,19278,19278,15284,20333
4189,0,2887,13387,13387,39300,39127
4190,0,4539,15039,15039,10900,19250
4191,0,21578,35345,35345,35344,38167
4192,0,6671,17171,17171,11749,17586
4193,0,6453,16953,16953,20702,17115
4194,0,1366,11866,11866,39240,18172
4195,0,2639,13139,13139,39103,20336
4196,0,21729,38858,38858,13189,17270
4197,0,5602,16102,16102,10733,13203
4198,0,22141,38212,38212,36620,18785
4199,0,5730,16230,16230,16488,12164
4200,0,7204,17704,17704,36472,14927
4201,0,5296,15796,15796,19598,18126
4202,0,10351,20851,20851,16951,17137
4203,0,2938,13438,13438,39561,39610
4204,0,10237,20737,20737,14261,38314
4205,0,24981,37642,37642,17019,12015
4206,0,5979,16479,16479,15473,10806
4207,0,4534,15034,15034,36772,17951
4208,0,10119,20619,20619,20419,20738
4209,0,7669,18169,18169,14644,17254
4210,0,7607,18107,18107,12780,11715
4211,0,22864,36666,36666,37747,37694
4212,0,9853,20353,20353,17009,15736
4213,0,21342,35869,35869,15127,37236
4214,0,22466,39237,39237,15303,19323
4215,0,6681,17181,17181,14766,10690
4216,0,5428,15928,15928,11741,16340
4217,0,5266,15766,15766,10521,13489
4218,0,23474,35197,35197,35989,19169
4219,0,24508,39366,39366,38224,39254
4220,0,1784,12284,12284,39494,37689
4221,0,7116,17616,17616,38057,35828
4222,0,494,10994,10994,35325,13734
4223,0,9758,20258,20258,38916,37430
4224,0,8776,19276,19276,17474,14934
4225,0,2038,12538,12538,35792,20721
4226,0,4041,14541,14541,37378,14226
4227,0,2897,13397,13397,19675,37493
4228,0,8558,19058,19058,12028,20691
4229,0,9803,20303,20303,15466,39127
4230,0,9844,20344,20344,17626,38667
4231,0,21679,36552,36552,16381,16901
4232,0,2653,13153,13153,17371,36129
4233,0,10316,20816,20816,19509,15808
4234,0,8514,19014,19014,39585,20035
4235,0,2031,12531,12531,35476,15277
4236,0,5089,15589,15589,36789,12672
4237,0,813,11313,11313,17760,19399
4238,0,7235,17735,17735,12516,15698
4239,0,6280,16780,16780,13636,13981
4240,0,23225,38917,38917,18964,14477
4241,0,1079,11579,11579,38158,11544
4242,0,2226,12726,12726,38777,12264
4243,0,23587,36334,36334,16977,16796
4244,0,22536,38366,38366,18921,12528
4245,0,24846,35841,35841,35880,20239
4246,0,3261,13761,13761,18018,16152
4247,0,5649,16149,16149,14336,37189
4248,0,3862,14362,14362,19547,17667
4249,0,2936,13436,13436,13387,12329
4250,0,22325,36710,36710,36349,14125
4251,0,7080,17580,17580,15023,18749
4252,0,3917,14417,14417,38187,20142
4253,0,24095,36850,36850,11303,19681
4254,0,305,10805,10805,11374,39623
4255,0,4056,14556,14556,16033,11648
4256,0,25179,38927,38927,38157,37089
4257,0,2999,13499,13499,18298,14723
4258,0,9541,20041,20041,39503,12436
4259,0,1231,11731,11731,17090,38609
4260,0,2313,12813,12813,13986,15899
4261,0,21928,36427,36427,17270,14279
4262,0,10269,20769,20769,13223,15772
4263,0,24238,38300,38300,37993,35462
4264,0,4321,14821,14821,37868,19877
4265,0,22581,39529,39529,14025,19053
4266,0,6470,16970,16970,17400,12914
4267,0,25143,39547,39547,18104,11087
4268,0,7500,18000,18000,38012,18825
4269,0,23088,37630,37630,13436,36598
4270,0,3899,14399,14399,17120,38330
4271,0,3567,14067,14067,11206,18390
4272,0,5452,15952,15952,20810,17633
4273,0,8022,18522,18522,39647,39627
4274,0,22559,37624,37624,38493,15584
4275,0,21562,36510,36510,12057,12129
4276,0,4270,14770,14770,37469,19790
4277,0,8531,19031,19031,12532,36988
4278,0,4086,14586,14586,35571,11413
4279,0,6663,17163,17163,19338,12178
4280,0,25153,36830,36830,17730,35545
4281,0,588,11088,11088,35518,39330
4282,0,3365,13865,13865,19749,12174
4283,0,2670,13170,13170,12673,38112
4284,3,5515,16015,13505,11859,12664
4285,0,23414,39577,39577,39057,37471
4286,0,23346,37554,37554,15856,16693
4287,0,2395,12895,12895,35975,37468
4288,0,5506,16006,16006,38275,15898
4289,0,2170,12670,12670,20053,12359
4290,0,25273,38726,38726,11715,17012
4291,0,8134,18634,18634,12543,12843
4292,0,9334,19834,19834,15888,12104
4293,0,25131,38758,38758,15949,11716
4294,0,9045,19545,19545,15212,17854
4295,0,23644,37154,37154,38822,11677
4296,0,5673,16173,16173,14052,13735
4297,0,2774,13274,13274,11971,14749
4298,0,7620,18120,18120,38577,14884
4299,0,6559,17059,17059,12741,14250
4300,0,21764,39348,39348,17715,38219
4301,0,8456,18956,18956,11936,37648
4302,0,23399,37544,37544,16073,39065
4303,0,24381,38702,38702,10852,18914
4304,0,5798,16298,16298,12000,13613
4305,0,5982,16482,16482,15334,12537
4306,0,5882,16382,16382,39556,18516
4307,0,9443,19943,19943,19259,16683
4308,0,22419,36117,36117,38038,35157
4309,0,2181,12681,12681,15933,13194
4310,0,24239,35826,35826,36823,35166
4311,0,1473,11973,11973,11573,15320
4312,0,6103,16603,16603,16052,37886
4313,0,24484,35988,35988,14572,13996
4314,0,9150,19650,19650,18142,16763
4315,0,8925,19425,19425,37899,20077
4316,0,421,10921,10921,16253,11900
4317,0,2306,12806,12806,18723,16298
4318,0,22651,37456,37456,16144,14657
4319,0,171,10671,10671,39260,35805
4320,0,3956,14456,14456,38394,19176
4321,0,5606,16106,16106,14826,39111
4322,0,21067,38519,38519,39523,18840
4323,0,8462,18962,18962,10868,10654
4324,0,1725,12225,12225,38550,16218
4325,0,10215,20715,20715,16867,11178
4326,0,25237,38685,38685,16667,11528
4327,0,22029,36833,36833,38342,18068
4328,0,904,11404,11404,20528,38530
4329,0,3494,13994,13994,19604,14645
4330,0,8346,18846,18846,16343,38773
4331,0,9728,20228,20228,38527,11974
4332,0,7797,18297,18297,19071,37305
4333,0,7396,17896,17896,13279,13398
4334,0,23613,37723,37723,19877,15007
4335,0,2080,12580,12580,35767,38604
4336,0,7928,18428,18428,11728,38935
4337,0,23083,38225,38225,13697,17631
4338,0,7933,18433,18433,12052,12115
4339,0,9856,20356,20356,11134,15169
4340,0,24844,35304,35304,20801,37983
4341,0,7211,17711,17711,35997,13151
4342,0,4677,15177,15177,35219,15751
4343,0,6533,17033,17033,20915,10902
4344,0,5209,15709,15709,16319,20040
4345,0,2646,13146,13146,20230,20884
4346,0,22975,36104,36104,11049,35595
4347,0,22533,35599,35599,13104,11741
4348,0,24621,36297,36297,37342,13555
4349,0,24205,37867,37867,11192,16894
4350,0,21180,35204,35204,15207,14878
4351,0,6365,16865,16865,36681,37555
4352,0,25377,36234,36234,17900,14643
4353,0,2155,12655,12655,20747,15659
4354,0,21945,38219,38219,37525,12976
4355,0,7370,17870,17870,38839,36422
4356,0,21350,37994,37994,13910,18341
4357,0,7837,18337,18337,18731,14741
4358,0,3715,14215,14215,11141,13150
4359,0,8111,18611,18611,39578,39393
4360,0,23535,35594,35594,18166,19211
4361,0,22100,37081,37081,36531,37823
4362,0,3622,14122,14122,18567,12782
4363,0,4516,15016,15016,13377,16256
4364,0,7354,17854,17854,12997,20466
4365,0,8750,19250,19250,15039,12968
4366,0,1436,11936,11936,37648,14712
4367,0,507,11007,11007,36314,15764
4368,0,5275,15775,15775,36222,17597
4369,0,5663,16163,16163,20839,14931
4370,0,5402,15902,15902,15616,39293
4371,0,5930,16430,16430,39440,12849
4372,0,2339,12839,12839,36005,16887
4373,0,9870,20370,20370,12419,11419
4374,0,4386,14886,14886,18781,38166
4375,0,23873,36304,36304,15723,10661
4376,0,7680,18180,18180,36439,11776
4377,0,22509,36180,36180,12175,11028
4378,0,8693,19193,19193,15562,39610
4379,0,643,11143,11143,12994,37419
4380,0,1539,12039,12039,14235,14341
4381,0,1211,11711,11711,17392,17293
4382,0,23473,35681,35681,39614,15163
4383,0,21386,38343,38343,20142,20169
4384,0,8864,19364,19364,11466,13954
4385,0,6106,16606,16606,39215,37047
4386,0,5615,16115,16115,13738,10768
4387,0,22498,37843,37843,11193,16107
4388,0,1464,11964,11964,17891,18389
4389,0,1192,11692,11692,16818,18296
4390,0,3590,14090,14090,16779,11852
4391,0,9697,20197,20197,35567,38317
4392,0,6360,16860,16860,19593,17378
4393,0,8697,19197,19197,11415,19675
4394,0,24506,36841,36841,19651,15359
4395,0,6719,17219,17219,37963,19964
4396,0,506,11006,11006,18988,13378
4397,0,24915,35740,35740,19931,20082
4398,0,9249,19749,19749,11625,17346
4399,0,21868,37047,37047,18483,19763
4400,0,23636,36330,36330,16589,10998
4401,0,1773,12273,12273,38247,17002
4402,0,272,10772,10772,36429,11134
4403,0,23310,36884,36884,15708,11670
4404,0,3618,14118,14118,12741,11516
4405,0,2381,12881,12881,19675,19116
4406,0,7008,17508,17508,39366,38224
4407,0,24160,38810,38810,35383,14710
4408,0,4633,15133,15133,38796,14845
4409,0,8504,19004,19004,10604,38356
4410,0,746,11246,11246,19164,37474
4411,0,7707,18207,18207,14330,14498
4412,0,3569,14069,14069,38204,13719
4413,0,25176,36956,36956,39249,17714
4414,0,8557,19057,19057,18289,15142
4415,0,6448,16948,16948,16312,38266
4416,0,5599,16099,16099,38317,18199
4417,0,21137,35631,35631,10889,11947
4418,0,23752,35420,35420,18831,20254
4419,0,8572,19072,19072,13132,35835
4420,0,23368,35220,35220,35482,10652
4421,0,1912,12412,12412,17606,17871
4422,0,9258,19758,19758,17093,20347
4423,0,599,11099,11099,14890,14920
4424,0,3892,14392,14392,15890,37004
4425,0,5540,16040,16040,37689,20555
4426,0,1652,12152,12152,20955,17330
4427,0,8106,18606,18606,14462,14172
4428,0,1893,12393,12393,12962,16090
4429,0,21057,35780,35780,17904,12580
4430,0,6502,17002,17002,16200,14560
4431,0,4362,14862,14862,12916,19996
4432,0,22177,39312,39312,37393,37077
4433,0,375,10875,10875,15175,38767
4434,0,1966,12466,12466,17391,20642
4435,0,3957,14457,14457,20539,15107
4436,0,21792,38503,38503,16145,13817
4437,0,5696,16196,16196,16813,18483
4438,0,1243,11743,11743,12274,17979
4439,0,25392,37172,37172,18068,17571
4440,0,24952,36905,36905,13900,17275
4441,0,9142,19642,19642,37414,16144
4442,0,941,11441,11441,35404,20782
4443,0,10347,20847,20847,17533,38217
4444,1,3346,13846,36533,13846,19209
4445,0,2657,13157,13157,18578,19664
4446,0,22344,39322,39322,11864,16768
4447,0,22318,35535,35535,38972,17065
4448,0,5326,15826,15826,38431,20667
4449,0,22863,38312,38312,12789,38231
4450,0,6578,17078,17078,13463,14754
4451,0,2799,13299,13299,36071,11118
4452,0,4306,14806,14806,16090,12400
4453,0,21507,35496,35496,12774,12316
4454,0,22238,36179,36179,16016,18875
4455,0,7244,17744,17744,18061,35244
4456,0,298,10798,10798,37264,16982
4457,0,25490,36883,36883,18110,17694
4458,0,3823,14323,14323,35298,11278
4459,1,9934,20434,19454,20434,11475
4460,0,7977,18477,18477,12025,35393
4461,0,2035,12535,12535,20428,37099
4462,0,4039,14539,14539,20228,15691
4463,0,9807,20307,20307,12241,17753
4464,0,23928,36701,36701,19067,38731
4465,0,1499,11999,11999,16404,17158
4466,0,3512,14012,14012,18218,37963
4467,0,22697,39534,39534,37222,17900
4468,0,8844,19344,19344,19918,18929
4469,0,8362,18862,18862,20694,18496
4470,0,6828,17328,17328,11046,18537
4471,1,7130,17630,14617,17630,12688
4472,0,24561,37077,37077,14567,13522
4473,0,9192,19692,19692,14058,12365
4474,0,4085,14585,14585,35162,35227
4475,0,242,10742,10742,11064,36084
4476,0,23480,37400,37400,11564,16125
4477,0,1644,12144,12144,20033,11327
4478,0,7371,17871,17871,36103,12510
4479,0,23438,35515,35515,19346,35516
4480,0,5594,16094,16094,37310,18851
4481,0,24874,35890,35890,17932,16162
4482,0,10272,20772,20772,15505,13803
4483,0,5231,15731,15731,16925,20576
4484,0,2076,12576,12576,20923,15946
4485,0,4103,14603,14603,37329,35202
4486,0,7493,17993,17993,17683,15358
4487,0,5968,16468,16468,18911,19093
4488,0,23037,37179,37179,18652,12902
4489,0,22147,36486,36486,10702,36770
4490,0,3966,14466,14466,12954,36321
4491,0,21844,36844,36844,14530,14433
4492,0,21912,39337,39337,15318,38162
4493,0,23942,38724,38724,20089,37452
4494,0,6754,17254,17254,19335,39137
4495,0,9948,20448,20448,13553,37101
4496,0,24418,38421,38421,39056,11532
4497,0,21879,37120,37120,38537,13117
4498,0,4078,14578,14578,19413,14981
4499,0,7754,18254,18254,11169,15524
4500,0,8832,19332,19332,14508,20295
4501,0,2778,13278,13278,16134,16084
4502,0,4603,15103,15103,10971,36534
4503,0,4932,15432,15432,35560,15344
4504,0,1985,12485,12485,11079,17652
4505,0,3861,14361,14361,15257,16497
4506,0,7774,18274,18274,17204,18386
4507,0,325,10825,10825,19524,16675
4508,0,23163,39311,39311,10534,14483
4509,0,6394,16894,16894,20513,18406
4510,0,23696,35884,35884,17955,35722
4511,0,4054,14554,14554,39217,36943
4512,0,2237,12737,12737,15780,35999
4513,0,5229,15729,15729,37411,17566
4514,0,4571,15071,15071,38989,14347
4515,0,8976,19476,19476,39198,14457
4516,0,7454,17954,17954,13414,15847
4517,0,1268,11768,11768,35170,35360
4518,0,864,11364,11364,18442,20473
4519,0,4942,15442,15442,17073,17023
4520,0,2253,12753,12753,12593,16277
4521,0,6010,16510,16510,37263,17637
4522,0,6911,17411,17411,38598,19566
4523,0,9815,20315,20315,10715,19736
4524,0,6998,17498,17498,13183,12447
4525,0,371,10871,10871,20709,15622
4526,0,22097,35386,35386,39378,35387
4527,0,7940,18440,18440,35356,10727
4528,0,609,11109,11109,13309,12976
4529,0,4651,15151,15151,35804,20132
4530,0,24081,37195,37195,39133,12859
4531,0,8872,19372,19372,37628,20833
4532,0,21221,36342,36342,36569,35722
4533,0,24480,39128,39128,19180,39590
4534,0,24013,36165,36165,14241,11226
4535,0,2364,12864,12864,10552,35484
4536,0,7766,18266,18266,18177,39491
4537,0,7148,17648,17648,37072,36043
4538,0,3789,14289,14289,20458,14021
4539,0,22352,35591,35591,10964,20616
4540,0,5581,16081,16081,13641,11269
4541,0,9239,19739,19739,38759,38714
4542,0,5060,15560,15560,17371,18013
4543,0,23027,39363,39363,18705,14583
4544,0,24913,37854,37854,17073,20709
4545,0,8671,19171,19171,38152,12895
4546,0,662,11162,11162,35415,36435
4547,0,22751,37594,37594,19404,11635
4548,0,10172,20672,20672,35605,12785
4549,0,2776,13276,13276,18355,37725
4550,0,4535,15035,15035,17715,14711
4551,0,7189,17689,17689,18263,16385
4552,0,9720,20220,20220,14275,13203
4553,0,5573,16073,16073,36507,38499
4554,0,6135,16635,16635,18467,17842
4555,0,4427,14927,14927,38580,14671
4556,0,5247,15747,15747,13461,14934
4557,0,10392,20892,20892,36658,17504
4558,0,3981,14481,14481,13207,12067
4559,0,7825,18325,18325,14006,35905
4560,0,2669,13169,13169,15119,12257
4561,0,3977,14477,14477,14012,15379
4562,0,279,10779,10779,36754,19208
4563,0,21105,35766,35766,37528,19059
4564,0,8718,19218,19218,37889,18620
4565,0,7452,17952,17952,13074,15613
4566,0,5197,15697,15697,13234,13702
4567,0,22744,38031,38031,19385,39504
4568,0,23325,38629,38629,11327,12144
4569,0,4155,14655,14655,15422,20521
4570,0,25351,36308,36308,13172,37910
4571,0,4883,15383,15383,17007,11630
4572,0,5807,16307,16307,36984,17051
4573,0,3809,14309,14309,10589,38447
4574,0,8713,19213,19213,12870,11960
4575,0,21360,36472,36472,36616,12902
4576,0,4683,15183,15183,13764,13588
4577,0,10194,20694,20694,18763,18862
4578,0,21134,37272,37272,15846,15786
4579,0,23063,37736,37736,16297,36527
4580,0,5593,16093,16093,39038,12027
4581,0,21495,35461,35461,37993,38199
4582,0,6897,17397,17397,16885,15155
4583,0,4563,15063,15063,20983,16342
4584,0,8376,18876,18876,15527,37700
4585,0,9284,19784,19784,19854,36352
4586,0,9434,19934,19934,17612,37646
4587,0,1269,11769,11769,18194,12264
4588,0,2350,12850,12850,38923,10617
4589,0,8745,19245,19245,12841,35576
4590,0,1384,11884,11884,15622,39557
4591,0,9379,19879,19879,39310,13195
4592,0,9036,19536,19536,18397,14749
4593,0,5856,16356,16356,38777,20264
4594,0,297,10797,10797,16353,15929
4595,0,8635,19135,19135,14707,13446
4596,0,23081,37851,37851,12691,17180
4597,0,21281,36253,36253,35853,10604
4598,0,9835,20335,20335,19965,35393
4599,0,2077,12577,12577,35905,20886
4600,0,9377,19877,19877,37723,18774
4601,0,24801,36614,36614,38154,35671
4602,1,2229,12729,20650,12729,18727
4603,0,2842,13342,13342,16648,15134
4604,0,2537,13037,13037,15973,17454
4605,0,194,10694,10694,35157,19588
4606,0,23235,37083,37083,13069,38948
4607,0,7362,17862,17862,20485,11158
4608,0,6636,17136,17136,14209,20239
4609,0,7498,17998,17998,17199,35737
4610,0,22182,35508,35508,11974,38185
4611,0,4042,14542,14542,36171,39523
4612,0,6553,17053,17053,13737,20645
4613,0,5505,16005,16005,20475,12928
4614,0,6854,17354,17354,38945,36404
4615,0,6761,17261,17261,16988,16081
4616,0,5300,15800,15800,11784,17895
4617,0,21609,36223,36223,16398,18083
4618,0,320,10820,10820,10703,10549
4619,0,7135,17635,17635,15121,35611
4620,0,1371,11871,11871,20294,36155
4621,0,23052,39379,39379,19908,14119
4622,0,2654,13154,13154,17619,38792
4623,0,9099,19599,19599,39040,19728
4624,0,25449,36494,36494,16031,37831
4625,0,3398,13898,13898,35167,35762
4626,0,8532,19032,19032,11360,14818
4627,0,9593,20093,20093,36268,14373
4628,0,21414,35918,35918,13575,13451
4629,0,22106,37691,37691,14973,13649
4630,0,21670,37243,37243,11749,37674
4631,0,926,11426,11426,10615,20193
4632,0,244,10744,10744,38662,13881
4633,0,7469,17969,17969,15609,36319
4634,0,8207,18707,18707,36448,17483
4635,0,143,10643,10643,35393,35383
4636,0,5983,16483,16483,18015,35652
4637,0,8151,18651,18651,14447,17099
4638,0,2363,12863,12863,11889,36524
4639,0,24472,35624,35624,16133,19075
4640,0,129,10629,10629,12418,17156
4641,0,1161,11661,11661,37027,14025
4642,0,10398,20898,20898,20903,15537
4643,0,23569,39347,39347,12275,20628
4644,0,5953,16453,16453,36658,10890
4645,0,287,10787,10787,13619,12924
4646,0,9380,19880,19880,18109,15380
4647,0,5308,15808,15808,20023,13123
4648,0,8681,19181,19181,11354,36173
4649,0,1170,11670,11670,39310,19611
4650,0,22505,37690,37690,15170,20224
4651,0,9191,19691,19691,18056,38094
4652,0,6792,17292,17292,16045,12204
4653,0,24206,38757,38757,19362,37085
4654,0,1859,12359,12359,12670,20053
4655,1,22692,35344,38167,35344,35345
4656,0,9910,20410,20410,18218,15155
4657,0,6781,17281,17281,19608,18881
4658,0,22312,35749,35749,17253,12271
4659,0,22041,37781,37781,35685,18944
4660,0,3121,13621,13621,13997,15714
4661,0,8579,19079,19079,39562,37560
4662,0,1311,11811,11811,35980,20006
4663,0,1032,11532,11532,37584,38065
4664,0,8339,18839,18839,10767,17849
4665,0,10012,20512,20512,18202,14004
4666,0,6382,16882,16882,36222,12785
4667,0,7910,18410,18410,37077,38838
4668,0,931,11431,11431,15274,13530
4669,0,691,11191,11191,11270,12287
4670,0,24118,37561,37561,17998,12659
4671,0,6364,16864,16864,15893,17214
4672,0,1909,12409,12409,35872,35227
4673,0,9021,19521,19521,35875,18037
4674,0,25472,38029,38029,12238,38479
4675,0,21003,38830,38830,11997,39033
4676,0,44,10544,10544,11012,37276
4677,0,3939,14439,14439,13547,14590
4678,0,24779,39204,39204,14018,13230
4679,0,7108,17608,17608,16304,13849
4680,0,9241,19741,19741,13415,12832
4681,0,4319,14819,14819,36038,39316
4682,0,2965,13465,13465,38723,13884
4683,0,3969,14469,14469,20411,15555
4684,1,21890,39523,10766,39523,14542
4685,0,23341,36852,36852,14223,17112
4686,0,23229,37563,37563,37562,11252
4687,0,7478,17978,17978,15754,19669
4688,0,6308,16808,16808,37545,20083
4689,0,4159,14659,14659,38324,39278
4690,0,3092,13592,13592,20741,17534
4691,0,22572,38449,38449,35994,15470
4692,0,7954,18454,18454,11626,12967
4693,0,5555,16055,16055,12796,12976
4694,0,3982,14482,14482,19837,13093
4695,0,9929,20429,20429,35217,11862
4696,0,6940,17440,17440,12943,11138
4697,0,1404,11904,11904,16984,35509
4698,0,3195,13695,13695,18754,13123
4699,0,21983,38279,38279,16717,39071
4700,0,24005,35989,35989,19169,15398
4701,0,9746,20246,20246,11275,37282
4702,0,969,11469,11469,19974,18145
4703,0,23028,36813,36813,17564,15604
4704,0,6543,17043,17043,38395,20929
4705,0,9117,19617,19617,38024,17925
4706,0,2843,13343,13343,38990,15621
4707,0,2851,13351,13351,36457,15218
4708,0,21064,36998,36998,35762,10698
4709,0,22243,37416,37416,11757,14926
4710,0,5956,16456,16456,20720,19524
4711,0,25319,35263,35263,14766,20089
4712,0,25063,36610,36610,10744,15266
4713,0,4471,14971,14971,12606,16978
4714,0,10133,20633,20633,16264,19255
4715,0,22525,36685,36685,38700,39118
4716,0,1789,12289,12289,35902,19782
4717,0,21389,37056,37056,14331,14520
4718,0,2059,12559,12559,20357,11673
4719,0,7143,17643,17643,12479,17428
4720,0,9362,19862,19862,18963,16540
4721,0,1902,12402,12402,38036,20500
4722,0,4686,15186,15186,11837,11231
4723,0,10143,20643,20643,35491,36034
4724,0,8090,18590,18590,12793,19565
4725,0,4922,15422,15422,14655,11351
4726,0,6785,17285,17285,11097,12613
4727,0,22046,37995,37995,11128,20212
4728,0,75,10575,10575,18963,37542
4729,0,2345,12845,12845,12621,19282
4730,0,6447,16947,16947,16407,10831
4731,0,8430,18930,18930,19413,16041
4732,0,8622,19122,19122,19142,20030
4733,0,4586,15086,15086,19109,35702
4734,0,24657,39094,39094,37444,37546
4735,0,9656,20156,20156,18710,18515
4736,0,9341,19841,19841,38990,12647
4737,0,24028,37270,37270,13369,14861
4738,1,1553,12053,17288,12053,16435
4739,0,5874,16374,16374,19261,39313
4740,0,8432,18932,18932,15296,16234
4741,0,8975,19475,19475,11212,12687
4742,0,24562,39198,39198,38831,19212
4743,0,23175,39288,39288,35933,38238
4744,0,9169,19669,19669,37327,17978
4745,0,24807,35858,35858,11029,35300
4746,0,5695,16195,16195,15163,15015
4747,0,2941,13441,13441,13200,18917
4748,0,9975,20475,20475,20484,16005
4749,0,10010,20510,20510,37494,14552
4750,0,7381,17881,17881,15408,11381
4751,0,24356,36731,36731,35455,15094
4752,0,1620,12120,12120,39578,11017
4753,0,25290,39641,39641,12615,19909
4754,0,7905,18405,18405,14041,19636
4755,0,24954,35207,35207,16291,20892
4756,0,24210,37807,37807,17234,35401
4757,0,6782,17282,17282,12765,19458
4758,0,23562,36900,36900,35387,38420
4759,0,24731,37823,37823,36531,19368
4760,0,22765,37960,37960,18719,12319
4761,0,1609,12109,12109,35413,17738
4762,0,3096,13596,13596,17678,38966
4763,0,2415,12915,12915,37467,18902
4764,0,23207,35616,35616,14307,20831
4765,0,2017,12517,12517,10604,13417
4766,0,2971,13471,13471,38144,16891
4767,0,21195,39357,39357,18057,17955
4768,0,3246,13746,13746,13333,12061
4769,0,124,10624,10624,20264,38777
4770,0,1106,11606,11606,38946,39617
4771,0,1814,12314,12314,35521,39273
4772,0,23808,38770,38770,17217,10713
4773,0,21530,38396,38396,18095,11840
4774,0,8790,19290,19290,10525,15084
4775,0,2123,12623,12623,14786,11213
4776,0,21149,38742,38742,37959,18691
4777,0,21084,37579,37579,39624,36894
4778,0,23961,35369,35369,11344,11875
4779,0,8970,19470,19470,20711,37995
4780,0,23980,39154,39154,17074,36068
4781,0,2197,12697,12697,12279,10985
4782,0,4051,14551,14551,13556,39610
4783,0,1216,11716,11716,35314,15949
4784,0,7701,18201,18201,11609,18091
4785,0,725,11225,11225,16030,10637
4786,0,9170,19670,19670,19295,36617
4787,0,808,11308,11308,16136,13371
4788,0,22186,35878,35878,16171,17951
4789,0,10438,20938,20938,15223,38604
4790,0,4906,15406,15406,18385,12257
4791,0,21422,38533,38533,13959,18202
4792,0,23320,38211,38211,15233,37414
4793,0,3962,14462,14462,37214,18606
4794,0,21171,37036,37036,38317,36832
4795,0,2671,13171,13171,14499,18483
4796,0,9530,20030,20030,16892,38145
4797,0,1764,12264,12264,38777,17041
4798,0,25013,35365,35365,38573,37783
4799,0,607,11107,11107,16751,37214
4800,0,9438,19938,19938,14282,18188
4801,0,9709,20209,20209,20465,35679
4802,0,3217,13717,13717,35391,38729
4803,0,5737,16237,16237,20160,38693
4804,0,8479,18979,18979,36412,38285
4805,0,2053,12553,12553,18589,16356
4806,0,3164,13664,13664,39641,37929
4807,0,25007,35162,35162,18981,13434
4808,0,24234,38783,38783,20709,14985
4809,0,23596,39442,39442,12346,36735
4810,0,1657,12157,12157,14190,11428
4811,0,8069,18569,18569,18835,19632
4812,0,8644,19144,19144,12901,17093
4813,0,2710,13210,13210,13903,38381
4814,0,23790,38402,38402,20889,36396
4815,0,7549,18049,18049,14328,17314
4816,0,4266,14766,14766,35263,10690
4817,0,6715,17215,17215,19784,19191
4818,0,422,10922,10922,11015,37975
4819,0,5316,15816,15816,10617,17878
4820,0,8849,19349,19349,37741,20676
4821,0,2845,13345,13345,20024,10809
4822,0,4066,14566,14566,38391,18021
4823,0,23506,37863,37863,14956,14697
4824,0,5244,15744,15744,11037,12543
4825,0,1001,11501,11501,37047,19355
4826,0,4198,14698,14698,37073,18524
4827,0,2418,12918,12918,14857,13863
4828,0,23916,36361,36361,39034,16092
4829,0,3575,14075,14075,11154,18537
4830,0,6726,17226,17226,39188,11844
4831,0,3847,14347,14347,38989,15071
4832,0,961,11461,11461,38895,16825
4833,0,9621,20121,20121,20470,16325
4834,0,10439,20939,20939,37154,20831
4835,0,21324,39538,39538,18074,18708
4836,0,757,11257,11257,16242,11119
4837,0,5313,15813,15813,38990,15444
4838,0,2284,12784,12784,36205,13134
4839,0,22960,38878,38878,37627,18961
4840,0,4827,15327,15327,19949,37808
4841,0,24716,37933,37933,20173,14974
4842,0,807,11307,11307,18833,16169
4843,0,3907,14407,14407,19335,10682
4844,0,7023,17523,17523,10981,10587
4845,0,1956,12456,12456,10944,35601
4846,0,9343,19843,19843,11190,13352
4847,0,10259,20759,20759,10502,18084
4848,0,23811,36871,36871,12277,11346
4849,0,2402,12902,12902,18652,37818
4850,0,23915,35426,35426,14807,20672
4851,0,1073,11573,11573,15320,14414
4852,0,6524,17024,17024,16285,10737
4853,0,25115,37408,37408,14925,12046
4854,0,24626,39645,39645,11374,19646
4855,0,8095,18595,18595,37364,19320
4856,0,21348,35818,35818,36815,13752
4857,0,25202,37227,37227,18178,14550
4858,0,23708,35856,35856,38710,17427
4859,0,24583,36620,36620,35204,11633
4860,0,1003,11503,11503,13341,35464
4861,0,7658,18158,18158,17475,20193
4862,0,24126,38307,38307,19273,13767
4863,0,7566,18066,18066,15187,15524
4864,0,24552,38505,38505,11784,16751
4865,0,5368,15868,15868,14865,13730
4866,0,25231,36756,36756,12428,20373
4867,0,6289,16789,16789,16910,36936
4868,0,9970,20470,20470,20121,15658
4869,0,21556,39150,39150,38315,17276
4870,0,22017,37678,37678,15064,39478
4871,0,985,11485,11485,12634,15751
4872,0,22694,35416,35416,15961,11794
4873,0,6169,16669,16669,19008,38164
4874,0,25356,36123,36123,20282,11718
4875,0,7384,17884,17884,15443,11014
4876,0,23144,35597,35597,11798,11637
4877,0,21668,38356,38356,36051,14120
4878,0,9726,20226,20226,37538,14133
4879,0,22621,38707,38707,10618,18167
4880,0,2462,12962,12962,12393,16090
4881,0,268,10768,10768,13738,35452
4882,0,7962,18462,18462,15010,37567
4883,0,3580,14080,14080,11337,38405
4884,0,71,10571,10571,37692,20274
4885,0,22178,36828,36828,13567,16793
4886,0,21742,38947,38947,11973,38279
4887,0,2821,13321,13321,16760,17393
4888,0,23125,38112,38112,20780,20403
4889,0,589,11089,11089,39328,38780
4890,0,10467,20967,20967,37764,38081
4891,0,9871,20371,20371,19487,36657
4892,0,22570,35708,35708,38810,35383
4893,0,22964,39639,39639,12156,38985
4894,0,24296,35473,35473,10750,14164
4895,0,3758,14258,14258,20712,35674
4896,0,6845,17345,17345,11323,37157
4897,0,2028,12528,12528,13222,38088
4898,0,8869,19369,19369,19384,38374
4899,0,24250,36894,36894,20389,18354
4900,0,5454,15954,15954,15870,13719
4901,0,9906,20406,20406,20343,16130
4902,0,24442,36323,36323,14908,19948
4903,0,9830,20330,20330,13289,12711
4904,0,24890,38638,38638,18315,12954
4905,0,2432,12932,12932,38479,20106
4906,0,4647,15147,15147,16124,11924
4907,0,8469,18969,18969,11863,17854
4908,0,21429,37877,37877,36556,11864
4909,0,896,11396,11396,14479,38484
4910,0,24524,36987,36987,15045,10690
4911,0,1587,12087,12087,17427,35856
4912,0,6686,17186,17186,19953,15701
4913,0,1719,12219,12219,20155,10713
4914,0,6100,16600,16600,16969,20722
4915,0,3806,14306,14306,15270,13936
4916,0,8806,19306,19306,11760,12495
4917,0,24265,36155,36155,20294,17572
4918,0,3961,14461,14461,20540,13657
4919,0,25171,38904,38904,16486,37999
4920,0,7036,17536,17536,15584,14659
4921,0,23816,39362,39362,11363,12704
4922,0,890,11390,11390,37423,35232
4923,0,21070,38172,38172,12252,39444
4924,0,4006,14506,14506,10953,19243
4925,0,4939,15439,15439,35683,19870
4926,0,23620,38856,38856,12158,16057
4927,0,9713,20213,20213,12388,39523
4928,0,5898,16398,16398,36223,39209
4929,0,23904,38078,38078,13729,12751
4930,0,22174,36616,36616,37818,39650
4931,0,23064,35958,35958,11971,18713
4932,0,584,11084,11084,18370,11567
4933,0,3932,14432,14432,39094,36498
4934,0,1260,11760,11760,12495,19306
4935,0,10456,20956,20956,14966,17880
4936,0,310,10810,10810,36444,15583
4937,0,1716,12216,12216,38531,35302
4938,0,6009,16509,16509,19174,36343
4939,0,2052,12552,12552,38687,19780
4940,0,21935,35242,35242,35241,16179
4941,0,4668,15168,15168,14125,37361
4942,0,4298,14798,14798,11829,36344
4943,0,6646,17146,17146,14514,14671
4944,0,3783,14283,14283,10810,37561
4945,0,1008,11508,11508,18810,14552
4946,0,7347,17847,17847,11600,11572
4947,0,23387,37157,37157,16857,35439
4948,0,25087,38711,38711,16133,13703
4949,0,8383,18883,18883,35476,18562
4950,0,22263,35745,35745,36483,37096
4951,0,4059,14559,14559,19078,12141
4952,0,8721,19221,19221,38169,13047
4953,0,90,10590,10590,11937,10520
4954,0,1987,12487,12487,11796,37887
4955,0,21252,37260,37260,15125,16879
4956,0,23815,38820,38820,19998,11371
4957,0,7279,17779,17779,20684,15434
4958,0,24693,36687,36687,13470,20368
4959,0,23510,35504,35504,17157,16155
4960,0,24115,37671,37671,18852,37842
4961,0,24175,38893,38893,13638,37382
4962,0,25478,37669,37669,36950,13110
4963,0,24542,37558,37558,15134,17266
4964,0,2925,13425,13425,17667,36623
4965,0,9981,20481,20481,16136,36729
4966,0,8185,18685,18685,35867,12895
4967,0,5884,16384,16384,10862,13658
4968,0,2341,12841,12841,19245,19713
4969,0,22972,37692,37692,20274,10571
4970,0,21285,35303,35303,15092,12215
4971,0,627,11127,11127,13229,20468
4972,0,10065,20565,20565,16264,37818
4973,0,7545,18045,18045,13930,20752
4974,0,21705,36688,36688,38999,17492
4975,0,4765,15265,15265,20747,17759
4976,0,22569,39062,39062,38963,18199
4977,0,21007,37311,37311,14129,11287
4978,0,128,10628,10628,38661,36524
4979,0,25467,37947,37947,20973,19173
4980,0,10411,20911,20911,17025,15321
4981,0,4182,14682,14682,16382,39556
4982,0,7299,17799,17799,20814,12826
4983,0,6995,17495,17495,35249,17202
4984,0,2398,12898,12898,18612,37352
4985,0,21826,38085,38085,38942,38338
4986,0,1186,11686,11686,11822,38819
4987,0,22278,36457,36457,13351,36315
4988,0,23186,39229,39229,38007,10801
4989,0,5314,15814,15814,39588,13475
4990,0,9220,19720,19720,20058,17048
4991,0,4247,14747,14747,39461,20373
4992,0,22791,38983,38983,37916,38479
4993,0,9107,19607,19607,37572,37571
4994,0,1096,11596,11596,39303,36174
4995,0,6653,17153,17153,20703,15757
4996,0,1273,11773,11773,17079,35460
4997,0,5698,16198,16198,18875,37495
4998,0,23788,38633,38633,36177,12895
4999,0,8728,19228,19228,37577,36888
5000,0,6797,17297,17297,35475,38182
5001,0,6615,17115,17115,14881,16953
5002,0,3358,13858,13858,18809,14163
5003,0,7755,18255,18255,38900,14229
5004,0,183,10683,10683,18205,39058
5005,0,25388,36500,36500,38393,13258
5006,0,23565,35969,35969,17446,10616
5007,0,6513,17013,17013,35191,35190
5008,0,4567,15067,15067,17156,18481
5009,0,6603,17103,17103,17929,15502
5010,0,21835,37088,37088,19952,17986
5011,0,1961,12461,12461,16497,37115
5012,0,4992,15492,15492,10861,20587
5013,0,4891,15391,15391,17479,35957
5014,0,8039,18539,18539,35485,35992
5015,0,5869,16369,16369,38573,20701
5016,0,22229,38881,38881,13912,18842
5017,0,6226,16726,16726,11022,14658
5018,0,25455,35919,35919,20248,14556
5019,0,21623,35264,35264,14825,10581
5020,0,1251,11751,11751,16036,39033
5021,0,3176,13676,13676,20643,36034
5022,0,3359,13859,13859,36354,12722
5023,0,10305,20805,20805,19048,20276
5024,0,9624,20124,20124,15041,20667
5025,0,24905,36254,36254,38652,13389
5026,0,22036,38147,38147,20067,16195
5027,0,7411,17911,17911,38313,19196
5028,0,7538,18038,18038,35859,10900
5029,0,1051,11551,11551,13063,10948
5030,0,9221,19721,19721,19414,16526
5031,0,8464,18964,18964,38715,11001
5032,0,4763,15263,15263,14724,12041
5033,0,22540,39479,39479,15210,13589
5034,0,1874,12374,12374,38190,19655
5035,0,9278,19778,19778,39491,35204
5036,0,7282,17782,17782,12139,13016
5037,0,9008,19508,19508,20922,36771
5038,0,21554,36066,36066,35236,19597
5039,0,4322,14822,14822,13936,19035
5040,0,9448,19948,19948,11580,14390
5041,0,5831,16331,16331,14124,38902
5042,0,23386,37474,37474,35477,12060
5043,0,10098,20598,20598,18973,16783
5044,0,9730,20230,20230,13146,18484
5045,0,22662,37799,37799,37917,11178
5046,0,23383,36313,36313,14390,16559
5047,0,4485,14985,14985,38783,14487
5048,0,8615,19115,19115,10740,19208
5049,0,3924,14424,14424,36391,20607
5050,0,23222,38873,38873,15971,18610
5051,0,9563,20063,20063,39189,36986
5052,0,23334,35719,35719,11971,16990
5053,0,7850,18350,18350,13367,16050
5054,0,22048,36763,36763,38088,12528
5055,0,3113,13613,13613,16340,16298
5056,0,3303,13803,13803,14778,36656
5057,0,9536,20036,20036,11643,13711
5058,0,1690,12190,12190,38254,16203
5059,0,9634,20134,20134,11937,10590
5060,0,5048,15548,15548,11472,14345
5061,0,10097,20597,20597,11287,16476
5062,0,3308,13808,13808,37370,13378
5063,0,1504,12004,12004,16816,14086
5064,0,1806,12306,12306,14561,17395
5065,0,3871,14371,14371,16540,38490
5066,0,9967,20467,20467,18405,39245
5067,0,3791,14291,14291,17449,14571
5068,0,24613,38939,38939,35906,14104
5069,0,23454,36246,36246,17156,17691
5070,0,24707,36169,36169,11037,13174
5071,0,1717,12217,12217,15211,39567
5072,0,2696,13196,13196,12315,37433
5073,0,1848,12348,12348,19646,18791
5074,0,4512,15012,15012,20138,13476
5075,0,24366,35787,35787,35637,36654
5076,0,6622,17122,17122,37405,19615
5077,0,3435,13935,13935,16401,14074
5078,0,10151,20651,20651,16058,12966
5079,0,142,10642,10642,18889,19927
5080,0,24712,35156,35156,35591,20616
5081,0,6992,17492,17492,11281,36779
5082,0,21566,38036,38036,20703,15757
5083,0,9878,20378,20378,39364,11864
5084,0,1117,11617,11617,10985,20280
5085,0,1756,12256,12256,12930,16069
5086,0,497,10997,10997,37306,11415
5087,0,6751,17251,17251,13927,15015
5088,0,870,11370,11370,11107,13852
5089,0,3357,13857,13857,20498,17977
5090,0,9104,19604,19604,18775,14818
5091,0,7678,18178,18178,20539,16731
5092,0,721,11221,11221,12542,18318
5093,0,886,11386,11386,13158,14508
5094,0,23568,39058,39058,17535,17799
5095,0,22542,35642,35642,18206,13892
5096,0,22924,37105,37105,17769,36124
5097,0,8347,18847,18847,15011,38941
5098,0,8102,18602,18602,17923,18192
5099,0,21222,37696,37696,14823,19176
5100,0,22198,36628,36628,36367,36311
5101,0,314,10814,10814,17266,18990
5102,0,21632,39650,39650,38456,19606
5103,0,24332,39390,39390,35321,10651
5104,0,4204,14704,14704,35965,35966
5105,0,5850,16350,16350,20685,13692
5106,0,6129,16629,16629,36521,37187
5107,0,5447,15947,15947,15468,16800
5108,0,3129,13629,13629,19054,38200
5109,0,1996,12496,12496,17415,37361
5110,0,24751,35771,35771,14770,17257
5111,0,3968,14468,14468,11391,14250
5112,0,24714,36495,36495,16117,38462
5113,0,336,10836,10836,35540,17930
5114,0,23357,36496,36496,14467,38801
5115,0,23984,37208,37208,17023,10509
5116,0,10384,20884,20884,13289,13445
5117,0,2985,13485,13485,39559,38915
5118,0,4620,15120,15120,38798,17347
5119,0,6531,17031,17031,11648,16191
5120,0,9857,20357,20357,12582,12559
5121,0,3558,14058,14058,12570,17839
5122,0,22183,38329,38329,14399,38330
5123,0,3416,13916,13916,35827,16624
5124,0,307,10807,10807,12637,17100
5125,0,22547,39546,39546,38039,17689
5126,0,24401,36024,36024,36020,36639
5127,0,348,10848,10848,16977,13224
5128,0,5918,16418,16418,15076,13888
5129,0,22935,37834,37834,38341,18027
5130,0,7243,17743,17743,11912,20848
5131,0,23595,38913,38913,38976,13389
5132,0,4482,14982,14982,18931,39061
5133,0,9421,19921,19921,12410,18183
5134,0,8263,18763,18763,20694,10694
5135,0,21891,36156,36156,17007,19572
5136,0,6855,17355,17355,13838,11438
5137,0,24427,37550,37550,35851,38362
5138,0,22824,35372,35372,15187,11974
5139,0,22912,36865,36865,14464,18596
5140,0,21809,35440,35440,13550,10945
5141,0,1666,12166,12166,39004,16478
5142,0,7579,18079,18079,11271,15093
5143,0,5570,16070,16070,12901,19136
5144,0,52,10552,10552,20933,16473
5145,0,9965,20465,20465,19921,19241
5146,0,6263,16763,16763,38335,39547
5147,0,1445,11945,11945,35594,13134
5148,0,9843,20343,20343,20406,16130
5149,0,10184,20684,20684,17779,36711
5150,0,1695,12195,12195,11016,12982
5151,0,1574,12074,12074,38581,13678
5152,0,23623,35759,35759,14405,16670
5153,0,4405,14905,14905,15533,37253
5154,0,1630,12130,12130,14886,15110
5155,0,21924,38388,38388,36902,37493
5156,0,1881,12381,12381,37689,17275
5157,0,5074,15574,15574,38317,18342
5158,0,5509,16009,16009,38223,38975
5159,0,21969,37894,37894,18277,10524
5160,0,24454,35190,35190,35191,17013
5161,0,9040,19540,19540,38142,36849
5162,0,21242,35300,35300,35858,17468
5163,0,22497,37535,37535,13608,19542
5164,0,186,10686,10686,16645,20388
5165,0,5558,16058,16058,20651,12966
5166,0,7185,17685,17685,38995,17891
5167,0,22304,38527,38527,20228,17117
5168,0,22530,36163,36163,37640,15337
5169,0,6587,17087,17087,16624,35777
5170,0,1234,11734,11734,16862,12705
5171,0,10479,20979,20979,16362,10612
5172,0,3915,14415,14415,20856,39303
5173,0,446,10946,10946,37522,39568
5174,0,844,11344,11344,35369,18434
5175,0,5201,15701,15701,36254,20167
5176,0,23653,38022,38022,35639,10695
5177,0,24630,36208,36208,13367,15194
5178,0,2440,12940,12940,13755,13304
5179,0,3103,13603,13603,10963,39478
5180,0,7692,18192,18192,16903,37804
5181,0,4774,15274,15274,11431,18364
5182,0,6974,17474,17474,19276,35882
5183,0,6094,16594,16594,13954,17845
5184,0,9486,19986,19986,11300,12072
5185,0,2153,12653,12653,18859,17931
5186,0,5518,16018,16018,20264,20542
5187,0,24015,36662,36662,11020,10954
5188,0,5067,15567,15567,39485,35987
5189,0,25402,37308,37308,11161,13831
5190,0,21207,36200,36200,35421,19900
5191,0,21079,37140,37140,18503,37309
5192,0,776,11276,11276,36978,17583
5193,0,8417,18917,18917,38621,10776
5194,0,24965,38598,38598,11138,19566
5195,0,6324,16824,16824,18836,14595
5196,0,4920,15420,15420,16731,35513
5197,0,23829,37706,37706,17328,18537
5198,0,9182,19682,19682,35389,13023
5199,0,24504,38902,38902,13258,16744
5200,0,23532,35994,35994,38449,13444
5201,0,3136,13636,13636,16780,13981
5202,0,22832,37281,37281,38509,13467
5203,0,5462,15962,15962,12163,37800
5204,1,3183,13683,19408,13683,12522
5205,0,24321,37699,37699,13423,37244
5206,0,7522,18022,18022,20219,12646
5207,1,23633,36554,10829,36554,13957
5208,0,3199,13699,13699,11577,39591
5209,0,22931,35995,35995,11453,39015
5210,0,1289,11789,11789,11917,37043
5211,0,25219,38930,38930,39591,15409
5212,0,23104,38973,38973,13583,18963
5213,0,24137,37370,37370,12024,13786
5214,0,7542,18042,18042,39646,18000
5215,0,1879,12379,12379,35395,37836
5216,0,23433,38615,38615,14015,35788
5217,0,10003,20503,20503,15682,17162
5218,0,5457,15957,15957,15057,11481
5219,0,2148,12648,12648,37428,19061
5220,0,4131,14631,14631,15469,14312
5221,0,1036,11536,11536,35698,14918
5222,0,8828,19328,19328,11026,10783
5223,0,23243,38949,38949,19605,19092
5224,0,4134,14634,14634,16640,38675
5225,0,649,11149,11149,15919,12781
5226,0,9275,19775,19775,11946,15685
5227,0,6711,17211,17211,17058,37729
5228,0,861,11361,11361,11142,35281
5229,0,9095,19595,19595,38870,11796
5230,0,191,10691,10691,36793,12614
5231,0,8301,18801,18801,16977,36334
5232,0,6026,16526,16526,38116,14876
5233,0,1942,12442,12442,38529,35768
5234,0,4331,14831,14831,17900,37102
5235,0,23095,39045,39045,38814,17160
5236,0,8775,19275,19275,12181,11131
5237,0,7972,18472,18472,20166,20614
5238,0,24840,36248,36248,12988,15658
5239,0,21279,38753,38753,16799,13655
5240,0,22720,35768,35768,19105,39443
5241,0,2775,13275,13275,38798,18346
5242,0,4145,14645,14645,16218,16425
5243,0,23747,37560,37560,11743,19079
5244,0,2617,13117,13117,13134,14892
5245,0,2411,12911,12911,36565,37545
5246,0,1094,11594,11594,11552,18689
5247,0,6065,16565,16565,36618,35431
5248,0,1546,12046,12046,13092,20618
5249,0,4589,15089,15089,18700,16774
5250,0,6034,16534,16534,10912,17970
5251,0,10154,20654,20654,14736,11385
5252,0,6953,17453,17453,16241,19741
5253,0,3135,13635,13635,35241,10660
5254,0,3856,14356,14356,18144,18531
5255,0,24903,38485,38485,35849,39171
5256,0,6419,16919,16919,11765,19178
5257,0,3805,14305,14305,16337,20166
5258,0,24724,37728,37728,16234,15704
5259,0,9919,20419,20419,12176,38602
5260,0,7431,17931,17931,15616,39571
5261,0,6774,17274,17274,14196,10615
5262,0,24551,37830,37830,18724,39169
5263,0,464,10964,10964,19152,35506
5264,0,1257,11757,11757,19956,13701
5265,0,2259,12759,12759,12317,10903
5266,0,5630,16130,16130,20343,20406
5267,0,23203,39186,39186,20363,19790
5268,0,6231,16731,16731,15420,38860
5269,0,7382,17882,17882,20311,11744
5270,0,22555,35741,35741,17895,36557
5271,0,21661,37024,37024,14749,38663
5272,0,1262,11762,11762,10889,35631
5273,0,22172,38160,38160,15524,15187
5274,0,7212,17712,17712,37949,15642
5275,2,975,11475,19454,20434,11475
5276,0,22969,35376,35376,36603,18912
5277,0,5866,16366,16366,13328,18793
5278,0,9133,19633,19633,17696,12923
5279,0,6582,17082,17082,18350,38677
5280,0,2387,12887,12887,11804,16322
5281,0,23726,39246,39246,19805,12399
5282,0,5021,15521,15521,15416,14550
5283,0,7129,17629,17629,35216,38175
5284,0,22618,37182,37182,11346,11946
5285,0,3882,14382,14382,35930,39052
5286,0,6055,16555,16555,20723,11728
5287,0,21838,38287,38287,19914,35830
5288,0,25189,35324,35324,18456,35528
5289,0,3875,14375,14375,15694,20929
5290,0,2789,13289,13289,36392,19593
5291,0,9136,19636,19636,19997,39496
5292,0,23031,37985,37985,19356,39487
5293,0,1857,12357,12357,20892,14946
5294,0,24280,37659,37659,19148,11635
5295,0,4108,14608,14608,37363,14742
5296,0,5213,15713,15713,38562,15324
5297,0,8281,18781,18781,37728,14222
5298,0,3255,13755,13755,38676,11525
5299,0,7323,17823,17823,12238,14685
5300,0,2690,13190,13190,37228,37300
5301,0,7389,17889,17889,12091,12547
5302,0,4627,15127,15127,35869,20589
5303,0,24932,35819,35819,36828,39175
5304,0,1319,11819,11819,13732,13256
5305,0,22949,37603,37603,18820,19805
5306,0,23453,39476,39476,37437,10612
5307,0,5162,15662,15662,12042,36443
5308,0,24858,35526,35526,19574,35913
5309,0,10360,20860,20860,18312,20616
5310,0,1135,11635,11635,37659,35386
5311,0,4529,15029,15029,12543,39599
5312,0,3505,14005,14005,13688,19704
5313,0,4749,15249,15249,12699,14483
5314,0,7086,17586,17586,11746,11749
5315,0,9947,20447,20447,11665,12400
5316,0,24831,39458,39458,37552,14728
5317,0,6336,16836,16836,11454,37358
5318,0,25203,35593,35593,36491,10620
5319,0,6982,17482,17482,37484,12597
5320,0,24195,37420,37420,12376,16044
5321,0,2505,13005,13005,39083,15606
5322,0,2904,13404,13404,15224,35807
5323,0,570,11070,11070,12420,37975
5324,0,1448,11948,11948,14422,19646
5325,0,3414,13914,13914,12563,37792
5326,0,22660,39480,39480,35544,19897
5327,0,25494,35430,35430,14303,18937
5328,0,9290,19790,19790,16816,37259
5329,0,24111,39302,39302,35666,13092
5330,0,6837,17337,17337,36845,12885
5331,0,3226,13726,13726,16880,14430
5332,0,21227,39270,39270,11405,18611
5333,0,4383,14883,14883,18004,17411
5334,0,9229,19729,19729,18734,10998
5335,0,7845,18345,18345,35608,19909
5336,0,3539,14039,14039,14124,17895
5337,0,21703,35240,35240,11776,20770
5338,0,24517,38099,38099,38395,38149
5339,0,2827,13327,13327,15044,19444
5340,0,5780,16280,16280,14743,38012
5341,0,4996,15496,15496,37326,11084
5342,0,1338,11838,11838,15508,35354
5343,0,3262,13762,13762,16162,18460
5344,0,7876,18376,18376,37314,38817
5345,0,23719,35463,35463,19782,14312
5346,0,6838,17338,17338,11348,18234
5347,0,5741,16241,16241,17453,16235
5348,0,650,11150,11150,36314,18012
5349,0,6039,16539,16539,19424,36635
5350,0,2258,12758,12758,39653,20213
5351,0,5395,15895,15895,17058,17211
5352,0,23408,37755,37755,20261,20114
5353,0,7082,17582,17582,12728,11900
5354,0,22805,36296,36296,17670,36628
5355,2,3521,14021,20458,17604,14021
5356,0,24820,39221,39221,37965,16870
5357,0,4478,14978,14978,38968,36006
5358,0,5660,16160,16160,19919,15110
5359,0,24584,37708,37708,38324,17834
5360,0,67,10567,10567,35689,35352
5361,0,23714,38717,38717,11354,39178
5362,0,24392,36530,36530,14166,13837
5363,0,7609,18109,18109,18731,15622
5364,0,1258,11758,11758,15447,14265
5365,0,21906,36617,36617,35410,35200
5366,0,21092,37430,37430,38916,36693
5367,0,991,11491,11491,11712,16050
5368,0,3504,14004,14004,18202,12501
5369,0,8305,18805,18805,39446,20142
5370,0,919,11419,11419,12419,20370
5371,0,165,10665,10665,35747,39338
5372,0,9877,20377,20377,18497,18731
5373,0,25188,37466,37466,11691,11177
5374,0,9141,19641,19641,17198,16573
5375,0,4594,15094,15094,16503,36731
5376,0,25307,36802,36802,37197,19350
5377,0,2850,13350,13350,18573,14747
5378,0,21455,35549,35549,15927,17357
5379,0,25360,39622,39622,20882,18554
5380,0,24209,36824,36824,39112,11843
5381,0,4460,14960,14960,13540,20030
5382,0,23638,38880,38880,18723,11279
5383,0,6623,17123,17123,14236,16751
5384,0,9306,19806,19806,38595,20530
5385,0,23976,37228,37228,13190,12249
5386,0,8490,18990,18990,20169,17266
5387,0,9867,20367,20367,19631,14849
5388,0,2735,13235,13235,18337,38299
5389,0,5669,16169,16169,37218,38145
5390,0,4988,15488,15488,36038,18161
5391,0,22855,38156,38156,11174,19201
5392,0,2378,12878,12878,17271,37276
5393,0,10402,20902,20902,37946,12354
5394,0,4172,14672,14672,14043,20139
5395,0,8092,18592,18592,11692,14644
5396,0,21271,36639,36639,38792,36658
5397,0,2103,12603,12603,18752,11676
5398,0,3759,14259,14259,15573,16579
5399,0,25495,36333,36333,15189,38300
5400,0,1837,12337,12337,36049,36739
5401,0,21318,36684,36684,17744,17518
5402,0,22233,37106,37106,13758,18398
5403,0,24161,36882,36882,20931,12638
5404,0,5710,16210,16210,10734,14663
5405,0,8799,19299,19299,15409,12553
5406,0,4500,15000,15000,16277,18936
5407,0,1093,11593,11593,17000,11671
5408,0,10017,20517,20517,14735,15797
5409,0,6718,17218,17218,11347,12688
5410,0,25271,35414,35414,11735,39266
5411,0,8960,19460,19460,14336,37189
5412,0,160,10660,10660,12336,17159
5413,0,203,10703,10703,15854,10663
5414,0,6483,16983,16983,20004,13052
5415,0,3940,14440,14440,35842,37577
5416,0,21325,39439,39439,10810,36118
5417,0,4933,15433,15433,10906,18718
5418,0,7647,18147,18147,37186,36480
5419,0,1230,11730,11730,12048,12458
5420,0,9166,19666,19666,18234,35670
5421,0,3046,13546,13546,12320,37908
5422,0,7957,18457,18457,19232,19514
5423,0,2915,13415,13415,19741,18199
5424,0,24342,38278,38278,15529,35518
5425,0,4251,14751,14751,12636,12337
5426,0,6111,16611,16611,20166,19670
5427,0,6204,16704,16704,15148,38224
5428,0,2725,13225,13225,19707,37961
5429,0,4290,14790,14790,13989,18566
5430,0,4334,14834,14834,10802,39565
5431,0,383,10883,10883,14719,17579
5432,0,7485,17985,17985,39016,38616
5433,0,4886,15386,15386,16383,19191
5434,0,857,11357,11357,17970,14609
5435,0,370,10870,10870,37372,38097
5436,0,6539,17039,17039,38753,37756
5437,0,2561,13061,13061,35722,16237
5438,0,3801,14301,14301,36071,36072
5439,0,5455,15955,15955,37447,14821
5440,0,10162,20662,20662,13334,19745
5441,0,21741,38511,38511,37362,18114
5442,0,6859,17359,17359,13476,15437
5443,0,10212,20712,20712,37631,14258
5444,0,23695,37965,37965,39221,20262
5445,0,22580,39060,39060,13715,14286
5446,0,5944,16444,16444,10785,36742
5447,0,615,11115,11115,19780,18665
5448,0,2575,13075,13075,19667,13960
5449,0,53,10553,10553,36330,18199
5450,0,24019,38073,38073,38734,35595
5451,0,3340,13840,13840,36525,12778
5452,0,25077,36004,36004,16153,19483
5453,0,9897,20397,20397,16878,20687
5454,0,25317,38251,38251,35436,10884
5455,0,10099,20599,20599,16153,37963
5456,0,10052,20552,20552,18983,18238
5457,0,22775,38460,38460,11905,15685
5458,0,5876,16376,16376,20675,13520
5459,0,10196,20696,20696,17653,17873
5460,0,8995,19495,19495,16961,11420
5461,0,1812,12312,12312,11188,14339
5462,0,990,11490,11490,13333,17653
5463,0,10389,20889,20889,20648,11549
5464,1,24549,37231,15084,37231,37254
5465,0,8411,18911,18911,35344,38167
5466,0,2942,13442,13442,14200,19564
5467,0,9480,19980,19980,16941,12561
5468,0,3163,13663,13663,15777,10659
5469,0,4678,15178,15178,17214,15127
5470,0,2618,13118,13118,37197,11002
5471,0,3612,14112,14112,39259,19906
5472,0,8235,18735,18735,16974,11164
5473,0,7871,18371,18371,14830,16879
5474,0,24652,36636,36636,38459,16419
5475,0,3792,14292,14292,12853,16929
5476,0,9695,20195,20195,18064,39313
5477,0,10130,20630,20630,14270,36275
5478,0,3439,13939,13939,13224,10848
5479,0,1892,12392,12392,10629,14902
5480,0,22704,39117,39117,15995,18439
5481,0,23215,38652,38652,36254,37419
5482,0,5255,15755,15755,16675,19524
5483,0,5167,15667,15667,12634,20424
5484,0,6460,16960,16960,35716,14987
5485,0,1505,12005,12005,20977,18253
5486,0,10355,20855,20855,37122,12072
5487,0,670,11170,11170,37301,20831
5488,0,9471,19971,19971,12817,12758
5489,0,21338,36020,36020,10560,13223
5490,0,897,11397,11397,16914,38970
5491,0,3306,13806,13806,19326,17428
5492,0,8026,18526,18526,13645,38118
5493,0,6239,16739,16739,16090,12393
5494,0,2890,13390,13390,13308,20926
5495,0,6003,16503,16503,15094,18013
5496,0,7739,18239,18239,35428,20767
5497,0,24853,36071,36071,13299,13931
5498,0,21016,36287,36287,15751,39535
5499,0,8397,18897,18897,11509,37796
5500,0,2,10502,10502,20759,35921
5501,0,9961,20461,20461,19049,20968
5502,0,22410,37404,37404,20605,10664
5503,0,6079,16579,16579,37364,12449
5504,0,531,11031,11031,14501,20057
5505,0,24762,37586,37586,36696,15905
5506,0,8181,18681,18681,39055,15541
5507,0,24860,37632,37632,37214,36969
5508,0,6476,16976,16976,19747,37458
5509,0,21980,38038,38038,36117,18701
5510,0,23094,37363,37363,20251,14742
5511,0,8923,19423,19423,13099,16756
5512,0,3406,13906,13906,12309,19456
5513,0,5991,16491,16491,35566,11486
5514,0,6328,16828,16828,13447,14931
5515,0,10374,20874,20874,35387,35591
5516,0,2565,13065,13065,13323,15189
5517,0,2581,13081,13081,18012,13757
5518,0,24106,37424,37424,35579,35457
5519,0,8385,18885,18885,19715,36585
5520,0,2607,13107,13107,14007,10660
5521,0,10484,20984,20984,38877,19610
5522,0,23391,38870,38870,19595,11796
5523,0,9447,19947,19947,19810,11521
5524,0,2104,12604,12604,20764,17053
5525,0,22026,38607,38607,12954,37689
5526,0,21410,35334,35334,20378,14476
5527,0,21189,38384,38384,11923,38822
5528,0,4994,15494,15494,36961,19862
5529,0,24792,35857,35857,37305,37167
5530,0,5057,15557,15557,16965,14129
5531,0,658,11158,11158,20485,14411
5532,0,4434,14934,14934,15747,19276
5533,0,24885,38903,38903,16741,12447
5534,0,3816,14316,14316,14998,17252
5535,0,6773,17273,17273,36190,19571
5536,0,22231,38721,38721,15772,18931
5537,0,9813,20313,20313,11814,35289
5538,0,23970,38802,38802,17989,39339
5539,0,7260,17760,17760,18697,11313
5540,0,3904,14404,14404,12172,18844
5541,0,24433,35864,35864,35722,13061
5542,0,21116,38012,38012,19433,16280
5543,0,9288,19788,19788,38416,13593
5544,0,6811,17311,17311,11450,20709
5545,0,22610,38237,38237,14339,38841
5546,0,9359,19859,19859,37924,14177
5547,0,3700,14200,14200,18288,20644
5548,0,22008,36573,36573,20184,11293
5549,0,1788,12288,12288,38513,11223
5550,0,23840,37389,37389,17661,19147
5551,0,6314,16814,16814,35614,12199
5552,0,3645,14145,14145,11519,14226
5553,0,1776,12276,12276,38162,36537
5554,0,192,10692,10692,15867,20721
5555,0,9012,19512,19512,19256,12748
5556,0,10261,20761,20761,38722,38457
5557,0,23919,37555,37555,36681,15191
5558,0,23395,39006,39006,13554,20927
5559,0,5388,15888,15888,12104,13835
5560,0,10307,20807,20807,15223,12354
5561,0,4951,15451,15451,20323,17621
5562,0,2687,13187,13187,19113,38805
5563,0,4390,14890,14890,11099,16961
5564,0,4927,15427,15427,18503,37140
5565,0,5552,16052,16052,14237,17307
5566,0,21655,38986,38986,15339,15748
5567,0,238,10738,10738,14353,11190
5568,0,21689,38562,38562,20354,19369
5569,0,22387,39183,39183,15699,17423
5570,0,6901,17401,17401,18958,39177
5571,0,24271,35605,35605,20672,37577
5572,0,21273,39518,39518,17601,19782
5573,0,9137,19637,19637,17703,16200
5574,0,23381,36967,36967,19012,17283
5575,0,8640,19140,19140,38626,35819
5576,0,5097,15597,15597,36824,12224
5577,0,21019,35480,35480,37138,35204
5578,0,23996,35827,35827,12396,18521
5579,0,10335,20835,20835,38545,10659
5580,0,3552,14052,14052,16173,19753
5581,0,23318,39609,39609,37534,16398
5582,0,3360,13860,13860,37237,20602
5583,0,8328,18828,18828,11379,15258
5584,0,5628,16128,16128,14259,18616
5585,0,7751,18251,18251,35428,15862
5586,0,5783,16283,16283,17133,35527
5587,0,4507,15007,15007,37723,12994
5588,0,24633,37766,37766,37824,17133
5589,0,146,10646,10646,35411,38776
5590,0,24769,35696,35696,16416,13657
5591,0,2294,12794,12794,37914,38667
5592,0,7178,17678,17678,38966,13596
5593,0,9928,20428,20428,11223,38157
5594,0,23166,38960,38960,15820,15466
5595,0,25139,35418,35418,20279,35419
5596,0,24021,38877,38877,20984,38754
5597,0,23023,37097,37097,20262,36936
5598,0,8690,19190,19190,16145,19596
5599,0,7081,17581,17581,18545,39237
5600,0,4733,15233,15233,38211,37414
5601,0,8912,19412,19412,10707,18005
5602,0,4384,14884,14884,18120,13396
5603,0,21714,38759,38759,19739,11603
5604,0,23764,38413,38413,20270,36273
5605,0,23199,36227,36227,11601,18327
5606,0,4545,15045,15045,16379,12470
5607,1,596,11096,15162,11096,13792
5608,0,24041,38296,38296,11245,15553
5609,0,22386,35192,35192,35809,18713
5610,0,5164,15664,15664,39034,38124
5611,0,22491,38403,38403,14516,14783
5612,0,1647,12147,12147,36592,18286
5613,0,6815,17315,17315,11709,36851
5614,0,2700,13200,13200,13441,35980
5615,0,1700,12200,12200,16789,14213
5616,0,2773,13273,13273,18118,35555
5617,0,6968,17468,17468,13408,14802
5618,0,8143,18643,18643,36742,38646
5619,0,6219,16719,16719,17074,38780
5620,1,86,10586,19970,10586,36649
5621,0,24985,36937,36937,38984,19259
5622,0,21662,36906,36906,38143,17890
5623,0,22145,37786,37786,11102,19716
5624,0,2594,13094,13094,36060,39260
5625,0,1029,11529,11529,11022,19136
5626,0,136,10636,10636,14800,11476
5627,0,6972,17472,17472,15364,17424
5628,0,23016,35912,35912,15101,37232
5629,0,7024,17524,17524,19056,38317
5630,0,2854,13354,13354,35566,36630
5631,0,1200,11700,11700,15939,17748
5632,0,6121,16621,16621,35350,16055
5633,0,9763,20263,20263,37679,15499
5634,0,8758,19258,19258,19944,11878
5635,0,23155,36191,36191,18284,13510
5636,0,6296,16796,16796,36334,36385
5637,0,3927,14427,14427,38630,13265
5638,0,10105,20605,20605,14331,37404
5639,0,23371,37902,37902,18912,38913
5640,0,8468,18968,18968,10548,37425
5641,0,3606,14106,14106,20251,19061
5642,0,25293,38032,38032,37355,39206
5643,0,2330,12830,12830,39573,35898
5644,0,2187,12687,12687,20681,15910
5645,0,195,10695,10695,19759,19646
5646,0,5059,15559,15559,10817,36601
5647,0,802,11302,11302,18144,38261
5648,0,2668,13168,13168,11116,14793
5649,0,241,10741,10741,10516,16244
5650,0,2068,12568,12568,10664,15676
5651,0,24514,38171,38171,38314,17077
5652,0,22678,37783,37783,18623,16369
5653,0,644,11144,11144,14570,37507
5654,0,9116,19616,19616,16025,20976
5655,0,5103,15603,15603,38217,36996
5656,0,1637,12137,12137,14390,20970
5657,0,7552,18052,18052,16659,19143
5658,0,8312,18812,18812,16549,13777
5659,0,3074,13574,13574,14926,16682
5660,0,9014,19514,19514,14679,18457
5661,0,7296,17796,17796,39495,11592
5662,0,3278,13778,13778,16745,10521
5663,0,8003,18503,18503,15427,17822
5664,0,4970,15470,15470,15073,16147
5665,0,22886,35308,35308,18664,36952
5666,0,8326,18826,18826,14138,17133
5667,0,6915,17415,17415,14368,17862
5668,0,10468,20968,20968,35257,20461
5669,0,7829,18329,18329,36942,36200
5670,0,62,10562,10562,20771,13938
5671,0,24037,36507,36507,14650,19307
5672,0,24799,36561,36561,13152,17222
5673,0,22768,38609,38609,12021,13436
5674,0,22140,35606,35606,20576,37115
5675,0,22906,35497,35497,10779,19208
5676,0,679,11179,11179,11631,18758
5677,0,2041,12541,12541,36881,16017
5678,0,8933,19433,19433,18398,15718
5679,0,5307,15807,15807,18797,37750
5680,0,24336,35777,35777,14730,17087
5681,0,3641,14141,14141,17365,11106
5682,0,23828,37026,37026,13668,13932
5683,0,21692,36856,36856,20927,36857
5684,0,3258,13758,13758,10558,17287
5685,0,1873,12373,12373,20477,14472
5686,0,4744,15244,15244,14068,38920
5687,0,9909,20409,20409,18486,38321
5688,0,2912,13412,13412,18452,15311
5689,0,4027,14527,14527,13891,10975
5690,0,5488,15988,15988,35154,14794
5691,0,24555,37606,37606,20709,38543
5692,0,8024,18524,18524,38977,14698
5693,0,7786,18286,18286,12147,13931
5694,0,23905,38538,38538,37224,17830
5695,0,6864,17364,17364,20894,36554
5696,0,489,10989,10989,15830,39205
5697,0,8685,19185,19185,39448,36877
5698,0,690,11190,11190,13352,15685
5699,0,602,11102,11102,37786,19716
5700,0,10103,20603,20603,14259,17126
5701,0,1014,11514,11514,19061,17297
5702,0,869,11369,11369,19716,13431
5703,0,1993,12493,12493,38591,13345
5704,0,7610,18110,18110,36883,16871
5705,0,5283,15783,15783,35872,12366
5706,0,4370,14870,14870,12503,10750
5707,0,22416,35985,35985,12025,14710
5708,0,1361,11861,11861,38712,11485
5709,0,10489,20989,20989,36181,39185
5710,0,1526,12026,12026,14264,15368
5711,0,23138,37153,37153,19045,36024
5712,0,1629,12129,12129,15602,11837
5713,0,1551,12051,12051,11023,14110
5714,0,24029,35363,35363,18449,12527
5715,0,21504,39187,39187,11721,16451
5716,0,1337,11837,11837,37931,15985
5717,0,3901,14401,14401,16804,37708
5718,0,5041,15541,15541,12805,38523
5719,0,8252,18752,18752,12603,36091
5720,0,24966,35595,35595,36330,10604
5721,0,5039,15539,15539,12215,36526
5722,0,2346,12846,12846,14396,14976
5723,0,21331,38591,38591,38677,20197
5724,0,5485,15985,15985,17243,16508
5725,0,21465,37962,37962,38390,37963
5726,0,5694,16194,16194,12316,17154
5727,0,5119,15619,15619,19242,38869
5728,0,5166,15666,15666,10752,11219
5729,0,1134,11634,11634,39646,18042
5730,0,8342,18842,18842,15883,14749
5731,0,10401,20901,20901,14509,15531
5732,0,4017,14517,14517,17978,12751
5733,0,24753,35196,35196,19601,17532
5734,0,2424,12924,12924,19275,36537
5735,0,4138,14638,14638,39142,17340
5736,0,859,11359,11359,11857,20703
5737,0,2962,13462,13462,20731,15253
5738,0,8089,18589,18589,12553,12157
5739,0,22049,38630,38630,14427,15772
5740,0,23114,36238,36238,37979,18054
5741,0,25300,37494,37494,18875,20510
5742,0,22665,37377,37377,17933,19991
5743,0,1364,11864,11864,17935,18724
5744,0,21304,39423,39423,18983,37956
5745,0,1779,12279,12279,10985,37312
5746,0,10397,20897,20897,14712,37648
5747,0,2101,12601,12601,17733,19045
5748,0,1818,12318,12318,17319,20047
5749,0,369,10869,10869,17834,35706
5750,0,4937,15437,15437,17359,17214
5751,0,5285,15785,15785,19247,39590
5752,0,8367,18867,18867,19509,11154
5753,0,25363,36796,36796,12273,35705
5754,0,7071,17571,17571,17970,37172
5755,0,2093,12593,12593,12753,15948
5756,0,7817,18317,18317,14913,15997
5757,1,1920,12420,11070,12420,37927
5758,0,82,10582,10582,16951,12234
5759,0,7331,17831,17831,35558,13899
5760,0,7304,17804,17804,12189,36368
5761,0,816,11316,11316,12940,35840
5762,0,25479,36264,36264,37783,14369
5763,0,4396,14896,14896,15346,36360
5764,0,8475,18975,18975,20874,16734
5765,0,6124,16624,16624,17087,15577
5766,0,4120,14620,14620,39537,39040
5767,0,25385,36574,36574,37855,13009
5768,0,22473,37963,37963,37962,12544
5769,0,1813,12313,12313,39323,15802
5770,0,1271,11771,11771,15306,17276
5771,0,8751,19251,19251,12097,36686
5772,0,2994,13494,13494,19614,12800
5773,0,25429,36063,36063,18592,20157
5774,0,6409,16909,16909,37632,20128
5775,0,23491,36265,36265,11456,37589
5776,0,2642,13142,13142,18581,18325
5777,0,9280,19780,19780,18665,38687
5778,0,23293,35706,35706,36556,37554
5779,0,2305,12805,12805,36477,15541
5780,0,21218,35566,35566,20669,36911
5781,0,24901,37214,37214,37632,36969
5782,0,4195,14695,14695,37223,16121
5783,0,23328,37175,37175,18792,35596
5784,0,3849,14349,14349,19678,36622
5785,0,23820,39427,39427,15058,19787
5786,0,22167,37232,37232,35912,35363
5787,0,23109,39015,39015,13764,20139
5788,0,3554,14054,14054,37992,37618
5789,0,2195,12695,12695,13843,17529
5790,0,2600,13100,13100,14434,37881
5791,0,6163,16663,16663,19401,12167
5792,0,1518,12018,12018,20775,38508
5793,0,22356,35199,35199,18188,35198
5794,0,23142,35636,35636,14872,36575
5795,0,6309,16809,16809,16960,37463
5796,0,5755,16255,16255,13195,20781
5797,0,5633,16133,16133,35624,19075
5798,0,8399,18899,18899,16926,10886
5799,0,23330,38621,38621,17928,18917
5800,0,7162,17662,17662,38324,18878
5801,0,24758,37552,37552,18221,39458
5802,0,22261,35665,35665,17368,37197
5803,0,1988,12488,12488,19052,18945
5804,0,9533,20033,20033,12144,38629
5805,0,7737,18237,18237,13461,11882
5806,0,517,11017,11017,18238,38335
5807,0,6160,16660,16660,10847,19502
5808,0,24836,36739,36739,36049,12636
5809,0,24129,38283,38283,37244,35851
5810,0,22823,36743,36743,18055,16953
5811,0,21724,35484,35484,36021,15098
5812,0,9607,20107,20107,17951,18199
5813,0,4456,14956,14956,16285,18965
5814,0,2761,13261,13261,20109,19974
5815,0,6481,16981,16981,19312,12634
5816,0,5911,16411,16411,14631,14312
5817,0,21086,38701,38701,15890,14392
5818,0,6547,17047,17047,18723,35457
5819,0,4855,15355,15355,35690,12954
5820,1,7644,18144,18417,18144,20091
5821,0,23409,37949,37949,15593,18743
5822,0,23035,39184,39184,19208,18349
5823,0,6358,16858,16858,20363,39111
5824,0,9741,20241,20241,37804,10505
5825,0,2438,12938,12938,37064,37435
5826,0,3765,14265,14265,11468,17023
5827,0,6432,16932,16932,10564,35219
5828,0,8643,19143,19143,18052,16659
5829,0,7846,18346,18346,38798,18531
5830,0,22035,35321,35321,18481,39390
5831,0,9665,20165,20165,38144,13471
5832,0,23599,38120,38120,19718,37640
5833,0,6340,16840,16840,20929,38649
5834,0,4821,15321,15321,38990,18064
5835,0,18,10518,10518,12672,19319
5836,0,3560,14060,14060,20831,35157
5837,0,3951,14451,14451,12573,13938
5838,0,49,10549,10549,11665,10724
5839,0,24538,39502,39502,11463,20268
5840,0,887,11387,11387,11952,35477
5841,0,6261,16761,16761,12398,13827
5842,0,7236,17736,17736,17464,12936
5843,0,6989,17489,17489,38452,15024
5844,0,6043,16543,16543,19264,19012
5845,1,8708,19208,12576,19208,35500
5846,0,3168,13668,13668,37026,20839
5847,0,2949,13449,13449,18633,16954
5848,0,1424,11924,11924,15147,14499
5849,0,139,10639,10639,19355,36791
5850,0,10116,20616,20616,20886,17363
5851,0,3197,13697,13697,38225,12105
5852,1,5131,15631,13347,15631,19672
5853,2,112,10612,15952,13247,10612
5854,0,8160,18660,18660,38114,15751
5855,0,25368,37670,37670,36729,39586
5856,0,4559,15059,15059,19777,18011
5857,0,4595,15095,15095,13444,11016
5858,0,4690,15190,15190,20917,19425
5859,0,7951,18451,18451,13044,19192
5860,0,24224,35835,35835,19267,14079
5861,0,3277,13777,13777,16549,38144
5862,0,4068,14568,14568,11962,12272
5863,0,4408,14908,14908,35246,36323
5864,0,21538,35272,35272,11889,37112
5865,0,22293,38749,38749,36808,19630
5866,0,9729,20229,20229,38366,18452
5867,0,451,10951,10951,15841,11284
5868,0,7262,17762,17762,19347,13729
5869,0,3731,14231,14231,35339,38844
5870,0,7256,17756,17756,16622,35649
5871,0,21246,38087,38087,19483,14226
5872,0,4986,15486,15486,16199,15735
5873,0,3663,14163,14163,13858,36231
5874,0,2763,13263,13263,10733,36997
5875,0,8850,19350,19350,19204,15666
5876,0,23667,35674,35674,14258,37631
5877,0,1855,12355,12355,18225,18856
5878,0,999,11499,11499,11209,36595
5879,0,389,10889,10889,35631,11762
5880,0,6426,16926,16926,18899,12666
5881,0,1476,11976,11976,20962,18732
5882,0,2240,12740,12740,18650,18234
5883,0,24615,38548,38548,18836,39535
5884,0,8112,18612,18612,12898,14291
5885,0,992,11492,11492,14287,16425
5886,0,7032,17532,17532,15260,15613
5887,0,4997,15497,15497,12387,18482
5888,0,3922,14422,14422,11948,19646
5889,0,2972,13472,13472,15727,18881
5890,0,6871,17371,17371,10674,16169
5891,0,24884,35948,35948,18982,19349
5892,0,4769,15269,15269,36241,17738
5893,0,1293,11793,11793,39111,35425
5894,0,23806,38706,38706,17052,11344
5895,0,4173,14673,14673,39392,39393
5896,0,2535,13035,13035,37705,12881
5897,0,22380,38359,38359,13481,11044
5898,0,1907,12407,12407,12401,17346
5899,0,23775,37076,37076,16010,35993
5900,0,25121,38901,38901,12226,15894
5901,0,8560,19060,19060,36238,12466
5902,0,6033,16533,16533,19369,39398
5903,0,7619,18119,18119,19854,36120
5904,0,1151,11651,11651,13896,37855
5905,0,1567,12067,12067,14481,15035
5906,0,3171,13671,13671,19538,19301
5907,0,9689,20189,20189,17049,18503
5908,0,7106,17606,17606,37056,11505
5909,0,4160,14660,14660,14951,36638
5910,0,4287,14787,14787,36729,10675
5911,0,2230,12730,12730,17885,15373
5912,0,21039,35752,35752,15131,20202
5913,0,174,10674,10674,15878,14218
5914,0,1903,12403,12403,39571,12448
5915,0,9291,19791,19791,19064,37037
5916,0,8752,19252,19252,20381,17439
5917,0,21706,35648,35648,13403,20145
5918,0,3408,13908,13908,35523,20293
5919,0,1538,12038,12038,14723,35485
5920,0,2292,12792,12792,12868,19702
5921,0,9523,20023,20023,12918,38013
5922,0,1363,11863,11863,36161,18969
5923,0,4357,14857,14857,20514,36021
5924,0,5260,15760,15760,20441,16083
5925,0,24466,35834,35834,19786,37914
5926,0,22128,39162,39162,39070,16854
5927,0,680,11180,11180,15770,20626
5928,0,21549,36487,36487,17136,20239
5929,0,3664,14164,14164,10750,38872
5930,0,1661,12161,12161,18320,13341
5931,0,508,11008,11008,17983,39367
5932,0,166,10666,10666,37531,13954
5933,0,24943,37067,37067,36670,38579
5934,0,9198,19698,19698,11251,19921
5935,0,23402,37155,37155,19655,18540
5936,0,7365,17865,17865,37155,16904
5937,0,1914,12414,12414,14508,12323
5938,0,7263,17763,17763,20232,14880
5939,0,23324,39112,39112,36824,39077
5940,0,23332,39279,39279,13056,15152
5941,0,7361,17861,17861,16020,39361
5942,0,1104,11604,11604,20599,12735
5943,0,22657,36391,36391,14424,20607
5944,0,9944,20444,20444,14476,38927
5945,0,5310,15810,15810,16317,36855
5946,0,22447,35955,35955,12540,11112
5947,0,5754,16254,16254,38740,37969
5948,0,152,10652,10652,35220,35482
5949,0,24495,39011,39011,18595,12717
5950,1,5679,16179,20295,16179,11198
5951,0,24110,38364,38364,17840,11703
5952,0,3551,14051,14051,39278,37838
5953,0,3722,14222,14222,35187,18932
5954,0,23647,35689,35689,10567,19420
5955,0,24761,37471,37471,37548,20848
5956,0,4538,15038,15038,37614,20707
5957,0,21197,36893,36893,13550,36892
5958,0,10014,20514,20514,18944,16584
5959,0,8463,18963,18963,39312,37393
5960,0,1991,12491,12491,37545,18878
5961,0,22355,37868,37868,18774,15955
5962,0,8501,19001,19001,38736,19562
5963,0,5141,15641,15641,35208,18976
5964,0,3811,14311,14311,38821,14974
5965,0,25103,37732,37732,19180,20101
5966,0,3450,13950,13950,36276,36059
5967,0,4591,15091,15091,35561,16616
5968,0,7352,17852,17852,12934,13990
5969,0,205,10705,10705,35525,12347
5970,0,9327,19827,19827,18930,38392
5971,0,6680,17180,17180,37851,36197
5972,0,2749,13249,13249,11783,10874
5973,0,8497,18997,18997,17857,20321
5974,0,1849,12349,12349,38313,39562
5975,0,22829,38261,38261,11302,36480
5976,0,10180,20680,20680,11861,14286
5977,0,3240,13740,13740,18202,36290
5978,0,22779,36539,36539,15234,16391
5979,0,3109,13609,13609,38229,11745
5980,0,10179,20679,20679,36866,10863
5981,0,5934,16434,16434,10807,12637
5982,0,24745,36917,36917,11741,16340
5983,0,5810,16310,16310,12725,38964
5984,0,8575,19075,19075,35624,12856
5985,0,5634,16134,16134,13672,13278
5986,0,4307,14807,14807,36575,35426
5987,0,3156,13656,13656,12747,39512
5988,0,6534,17034,17034,14493,10762
5989,0,21045,38374,38374,19635,11164
5990,0,22784,37688,37688,39069,19255
5991,0,21808,37073,37073,14698,19674
5992,0,8891,19391,19391,13344,15768
5993,0,3832,14332,14332,37431,20388
5994,0,21542,37722,37722,15824,10845
5995,0,4776,15276,15276,18350,39313
5996,0,7997,18497,18497,38617,16892
5997,0,4276,14776,14776,14869,12103
5998,0,21379,39277,39277,37838,15426
5999,0,24417,35289,35289,35921,11081
6000,0,22839,39053,39053,37919,35172
6001,0,278,10778,10778,20683,18509
6002,0,6771,17271,17271,11488,37458
6003,0,7415,17915,17915,13709,11925
6004,0,3252,13752,13752,36816,11330
6005,0,23957,36867,36867,15822,14308
6006,0,23021,38761,38761,37608,37634
6007,0,289,10789,10789,20196,11844
6008,0,3075,13575,13575,13451,35918
6009,0,22961,37546,37546,39094,14432
6010,0,9582,20082,20082,19931,37961
6011,0,22143,35250,35250,19882,35249
6012,0,270,10770,10770,38956,19753
6013,0,4570,15070,15070,18630,18497
6014,0,25036,39306,39306,12705,11734
6015,0,9583,20083,20083,37545,13604
6016,0,6696,17196,17196,16694,12934
6017,0,4316,14816,14816,17231,19999
6018,0,3180,13680,13680,14212,12172
6019,0,1422,11922,11922,11454,15823
6020,0,8275,18775,18775,19604,37770
6021,0,9065,19565,19565,13342,13657
6022,0,24285,36475,36475,39090,10618
6023,0,4557,15057,15057,15957,39008
6024,0,7812,18312,18312,16642,36057
6025,0,6297,16797,16797,37498,11664
6026,0,24744,38360,38360,38275,18583
6027,0,21203,36154,36154,11833,12929
6028,0,25343,39576,39576,39323,17357
6029,0,1132,11632,11632,14248,11076
6030,0,22457,35175,35175,36472,20226
6031,0,6242,16742,16742,39642,12506
6032,0,23312,36012,36012,12564,13213
6033,0,22717,38713,38713,38595,13349
6034,0,7423,17923,17923,18701,13268
6035,0,21872,38441,38441,15877,13352
6036,0,10152,20652,20652,17436,19995
6037,0,25185,35438,35438,16170,16516
6038,0,5520,16020,16020,19480,17861
6039,0,9408,19908,19908,15627,38252
6040,0,24588,37709,37709,12007,12729
6041,0,23778,35876,35876,20546,12877
6042,0,9256,19756,19756,37349,12611
6043,0,3786,14286,14286,39060,20208
6044,0,21938,35794,35794,38545,20835
6045,0,8345,18845,18845,17786,11843
6046,0,2161,12661,12661,17071,13634
6047,0,3008,13508,13508,18728,12867
6048,0,1105,11605,11605,39630,14172
6049,0,24726,35701,35701,36669,15434
6050,0,692,11192,11192,17987,37867
6051,0,21482,36384,36384,12933,15367
6052,0,4956,15456,15456,12963,38225
6053,0,8307,18807,18807,37610,12725
6054,0,4369,14869,14869,18916,14776
6055,0,2765,13265,13265,19331,35640
6056,0,3929,14429,14429,35774,18233
6057,0,22203,36081,36081,11662,16416
6058,0,23363,39561,39561,38332,17274
6059,0,7778,18278,18278,38693,18723
6060,0,24746,39512,39512,13656,12747
6061,0,628,11128,11128,37995,14007
6062,0,2451,12951,12951,36129,20892
6063,0,23006,35346,35346,38426,20710
6064,0,3824,14324,14324,16573,18354
6065,0,22919,38127,38127,11512,20866
6066,0,24690,39594,39594,12458,15155
6067,0,3743,14243,14243,18528,14382
6068,0,2176,12676,12676,16187,35532
6069,0,6689,17189,17189,11830,37100
6070,0,8858,19358,19358,10660,19201
6071,0,3318,13818,13818,14370,39628
6072,0,23713,35519,35519,10808,39461
6073,0,9653,20153,20153,37107,19598
6074,0,7432,17932,17932,16722,35890
6075,0,2787,13287,13287,17827,14218
6076,0,1196,11696,11696,20097,11795
6077,0,1676,12176,12176,16283,12745
6078,0,3947,14447,14447,15873,18651
6079,0,7618,18118,18118,35468,15263
6080,0,4444,14944,14944,38142,37676
6081,0,5722,16222,16222,10903,18822
6082,0,21831,36325,36325,15898,10982
6083,1,23367,37366,12522,37366,13683
6084,0,2369,12869,12869,10880,18258
6085,0,4967,15467,15467,35850,13161
6086,0,2217,12717,12717,15584,17862
6087,0,8148,18648,18648,12651,10646
6088,0,10410,20910,20910,19704,13732
6089,0,3326,13826,13826,35838,17457
6090,0,23508,35769,35769,38600,11662
6091,0,3583,14083,14083,19765,10838
6092,0,21506,39321,39321,20924,20982
6093,0,24557,39392,39392,39393,14673
6094,0,3619,14119,14119,38596,14293
6095,0,6217,16717,16717,15043,38279
6096,0,2468,12968,12968,37707,20783
6097,0,8277,18777,18777,12237,38546
6098,0,23831,37343,37343,12467,38218
6099,0,5973,16473,16473,10552,16444
6100,0,3667,14167,14167,18203,36133
6101,0,5158,15658,15658,36248,35455
6102,0,7594,18094,18094,36620,37506
6103,0,6976,17476,17476,20748,37495
6104,0,10211,20711,20711,18076,19470
6105,0,3423,13923,13923,18351,37532
6106,0,8199,18699,18699,35942,15584
6107,0,2409,12909,12909,37534,13067
6108,0,3212,13712,13712,19156,36909
6109,0,21461,39025,39025,36143,17089
6110,0,5366,15866,15866,12152,10511
6111,0,23793,35795,35795,16981,38946
6112,0,6593,17093,17093,19758,17547
6113,0,2895,13395,13395,14286,13715
6114,0,21583,37780,37780,17795,39495
6115,0,24546,38479,38479,12238,20457
6116,0,3642,14142,14142,18674,18864
6117,0,23422,35756,35756,14218,37484
6118,0,23683,35685,35685,12560,12245
6119,0,23855,37230,37230,16373,14864
6120,0,9475,19975,19975,16351,11572
6121,0,10193,20693,20693,16493,15888
6122,0,24906,37573,37573,11345,19776
6123,0,9061,19561,19561,35747,10665
6124,0,25304,39188,39188,19970,10586
6125,0,22682,38107,38107,15003,11075
6126,0,8548,19048,19048,20805,35658
6127,0,24530,39519,39519,14041,18405
6128,0,5451,15951,15951,17252,35218
6129,0,7160,17660,17660,35547,20345
6130,0,7866,18366,18366,38527,20228
6131,0,2743,13243,13243,13959,38533
6132,0,24158,39548,39548,18013,15597
6133,0,10082,20582,20582,10679,20731
6134,0,9797,20297,20297,20889,11549
6135,0,4958,15458,15458,13453,14307
6136,0,25234,37784,37784,37989,15157
6137,0,22117,35226,35226,11778,18577
6138,0,6474,16974,16974,19445,18735
6139,0,7888,18388,18388,14995,11627
6140,0,8811,19311,19311,17780,19684
6141,0,492,10992,10992,10516,16244
6142,0,1116,11616,11616,18561,19251
6143,0,5637,16137,16137,38821,14030
6144,0,23759,37829,37829,11628,12107
6145,0,21769,39462,39462,13459,20980
6146,0,22155,35746,35746,37439,17316
6147,0,25233,38231,38231,35683,37870
6148,0,24881,37568,37568,20003,18170
6149,0,6589,17089,17089,11197,36765
6150,0,22382,38268,38268,19679,20836
6151,0,7557,18057,18057,16972,12415
6152,0,21569,36641,36641,16966,37508
6153,0,5241,15741,15741,11341,17738
6154,0,23741,38526,38526,11056,16168
6155,0,2783,13283,13283,11593,16476
6156,0,22942,35671,35671,36614,12281
6157,0,1696,12196,12196,38308,36008
6158,0,5685,16185,16185,13224,17906
6159,0,2295,12795,12795,38267,36789
6160,0,5939,16439,16439,36640,36605
6161,0,7763,18263,18263,17689,18516
6162,0,10244,20744,20744,15306,15290
6163,0,9968,20468,20468,11862,16698
6164,0,3313,13813,13813,19367,14423
6165,0,4781,15281,15281,37653,38742
6166,0,8350,18850,18850,14892,16021
6167,0,23837,35807,35807,14266,12854
6168,0,9784,20284,20284,20403,16880
6169,0,9915,20415,20415,20289,15510
6170,0,7605,18105,18105,20470,37062
6171,0,215,10715,10715,19121,16861
6172,0,6707,17207,17207,38776,20366
6173,0,23042,36997,36997,14665,19074
6174,0,8682,19182,19182,39381,19354
6175,0,22045,38362,38362,37550,11720
6176,0,3483,13983,13983,15113,12296
6177,0,7006,17506,17506,37862,38205
6178,0,5102,15602,15602,11909,37998
6179,0,6599,17099,17099,20333,15511
6180,0,3764,14264,14264,12026,15368
6181,0,23658,36537,36537,13670,13619
6182,0,6410,16910,16910,19882,13695
6183,0,21042,35997,35997,13161,17711
6184,0,25,10525,10525,19191,19290
6185,0,23737,35255,35255,35256,17312
6186,0,7659,18159,18159,15932,11926
6187,0,21759,37731,37731,36903,16466
6188,0,9744,20244,20244,15249,13550
6189,0,22340,38466,38466,35678,38301
6190,0,22265,37582,37582,14626,13174
6191,0,6683,17183,17183,37773,35645
6192,0,9171,19671,19671,20696,11602
6193,0,10039,20539,20539,17539,35767
6194,0,23842,38929,38929,15044,19444
6195,0,8584,19084,19084,38924,36295
6196,0,21830,36219,36219,37493,14820
6197,0,24962,37542,37542,10575,16100
6198,0,23494,36145,36145,36631,36527
6199,0,22092,39132,39132,36431,18766
6200,0,24027,37062,37062,36012,14137
6201,0,1102,11602,11602,20709,12835
6202,0,3276,13776,13776,17602,37263
6203,0,5345,15845,15845,35404,35814
6204,0,21469,38276,38276,19682,37371
6205,0,21804,37855,37855,38688,11651
6206,0,8386,18886,18886,13677,10679
6207,0,8835,19335,19335,14407,38535
6208,0,21606,35524,35524,18685,35867
6209,0,24301,39642,39642,16742,20620
6210,0,2207,12707,12707,17158,20685
6211,0,4552,15052,15052,20974,16215
6212,0,4402,14902,14902,12392,37305
6213,0,7395,17895,17895,17576,19162
6214,0,3718,14218,14218,35756,13287
6215,0,972,11472,11472,15548,13420
6216,0,4579,15079,15079,18915,18040
6217,0,6516,17016,17016,14878,16943
6218,0,719,11219,11219,15575,10752
6219,0,6155,16655,16655,17110,14109
6220,0,21991,38815,38815,19566,12943
6221,0,2803,13303,13303,36852,37522
6222,0,2566,13066,13066,17679,18184
6223,0,4025,14525,14525,20363,11501
6224,0,6198,16698,16698,38437,38438
6225,0,8224,18724,18724,37830,39389
6226,0,23004,37908,37908,13835,19723
6227,0,4063,14563,14563,11116,36382
6228,0,9889,20389,20389,18354,36894
6229,0,2792,13292,13292,38151,38452
6230,0,2222,12722,12722,18271,35352
6231,0,5818,16318,16318,17712,36353
6232,0,3866,14366,14366,15811,35671
6233,0,22342,35487,35487,36411,18015
6234,0,24956,38030,38030,36234,15622
6235,0,24658,38295,38295,14946,11630
6236,0,21270,36041,36041,36589,20636
6237,0,3227,13727,13727,35824,35157
6238,0,4214,14714,14714,19203,11014
6239,0,3923,14423,14423,16831,13991
6240,0,10469,20969,20969,11695,16751
6241,0,21327,35831,35831,17266,16464
6242,0,1401,11901,11901,10532,14230
6243,0,8931,19431,19431,17881,37031
6244,0,7703,18203,18203,14167,19251
6245,0,4979,15479,15479,37547,20893
6246,0,3253,13753,13753,12308,16970
6247,0,22470,39218,39218,19721,12607
6248,0,2661,13161,13161,35997,38792
6249,0,2158,12658,12658,16622,35487
6250,0,8578,19078,19078,13370,10617
6251,0,8088,18588,18588,12316,11259
6252,0,674,11174,11174,12982,16783
6253,0,23007,36046,36046,37371,36884
6254,0,7011,17511,17511,15110,19067
6255,0,25380,35651,35651,13952,13137
6256,0,10197,20697,20697,17000,14176
6257,0,3841,14341,14341,12867,18990
6258,0,1815,12315,12315,14952,11496
6259,0,21533,38803,38803,19909,19819
6260,0,24610,39414,39414,38717,14972
6261,0,2100,12600,12600,17327,11462
6262,0,23897,37876,37876,13446,37419
6263,0,6708,17208,17208,15575,11219
6264,0,1673,12173,12173,11907,12029
6265,0,10293,20793,20793,38060,16234
6266,0,4213,14713,14713,36405,11554
6267,0,25023,35946,35946,37091,13030
6268,0,22057,35546,35546,10509,13657
6269,0,1548,12048,12048,10936,11730
6270,0,21604,37138,37138,39157,37839
6271,0,8547,19047,19047,38878,37627
6272,0,5184,15684,15684,16221,36489
6273,0,1461,11961,11961,19972,35765
6274,0,21212,38741,38741,11749,38298
6275,0,3220,13720,13720,14075,14470
6276,0,23115,37299,37299,19395,12773
6277,0,23803,38401,38401,36488,13352
6278,0,7170,17670,17670,36296,38414
6279,0,7430,17930,17930,36745,17738
6280,0,24031,38965,38965,36731,16124
6281,0,1751,12251,12251,38375,19861
6282,0,3976,14476,14476,20378,35334
6283,0,8353,18853,18853,16050,11714
6284,0,1772,12272,12272,11962,37540
6285,0,9388,19888,19888,14244,16905
6286,0,10070,20570,20570,20765,12830
6287,0,2016,12516,12516,19980,12561
6288,0,2005,12505,12505,17407,20948
6289,0,3893,14393,14393,19467,18600
6290,0,3237,13737,13737,11778,20645
6291,0,4424,14924,14924,20358,19218
6292,0,10270,20770,20770,16050,14125
6293,0,8588,19088,19088,11756,10529
6294,0,2257,12757,12757,39069,37053
6295,0,4072,14572,14572,13053,10923
6296,0,5574,16074,16074,11179,11171
6297,0,9083,19583,19583,13202,17219
6298,0,21974,38922,38922,17116,11837
6299,0,5355,15855,15855,35415,38349
6300,0,8418,18918,18918,17197,16366
6301,0,6093,16593,16593,17255,13092
6302,0,7935,18435,18435,17641,18665
6303,0,24719,36790,36790,11779,14209
6304,0,1519,12019,12019,35718,19347
6305,0,23589,36901,36901,20553,12461
6306,0,1378,11878,11878,14363,19258
6307,0,5672,16172,16172,20977,19327
6308,0,9215,19715,19715,18885,36585
6309,0,2587,13087,13087,15624,13730
6310,0,21024,39304,39304,11724,12355
6311,0,5621,16121,16121,14695,37223
6312,0,21693,36477,36477,11783,14467
6313,0,25357,36995,36995,36994,38882
6314,0,5842,16342,16342,20983,15063
6315,0,7122,17622,17622,13460,35225
6316,0,5832,16332,16332,36017,35632
6317,0,9821,20321,20321,14110,12302
6318,0,4888,15388,15388,37395,38382
6319,0,5904,16404,16404,11999,19099
6320,0,522,11022,11022,16726,14658
6321,0,8043,18543,18543,12777,12432
6322,0,3607,14107,14107,15031,17395
6323,0,9120,19620,19620,11393,12425
6324,0,234,10734,10734,16210,35670
6325,0,3796,14296,14296,17921,38075
6326,0,6318,16818,16818,36444,11692
6327,0,7094,17594,17594,36290,19673
6328,0,10202,20702,20702,37194,16953
6329,0,1948,12448,12448,39571,17014
6330,0,6361,16861,16861,19121,14473
6331,0,22669,38762,38762,11926,37390
6332,0,21603,36413,36413,39372,20987
6333,0,6091,16591,16591,11786,19773
6334,0,24159,38291,38291,11633,39114
6335,0,2224,12724,12724,19142,16669
6336,0,9298,19798,19798,20545,12741
6337,0,22521,38227,38227,36895,39615
6338,0,9010,19510,19510,38256,13310
6339,0,5571,16071,16071,16111,16749
6340,0,4523,15023,15023,17580,12916
6341,0,5793,16293,16293,15103,18892
6342,0,25400,39059,39059,16291,17419
6343,0,5738,16238,16238,39367,37072
6344,0,2624,13124,13124,36392,18664
6345,0,4728,15228,15228,14821,18774
6346,12,7818,18318,39523,19290,38183
6347,0,8859,19359,19359,20236,20944
6348,0,25031,39530,39530,19068,17626
6349,0,25109,38338,38338,36294,18660
6350,0,9080,19580,19580,16234,35707
6351,0,21979,35796,35796,18867,19509
6352,0,2437,12937,12937,16502,39563
6353,0,6056,16556,16556,13381,11211
6354,1,9009,19509,35156,19509,11464
6355,0,6352,16852,16852,12744,37074
6356,0,22495,35187,35187,14222,18932
6357,0,3167,13667,13667,11473,17394
6358,0,1809,12309,12309,13906,37741
6359,0,22115,36785,36785,18005,37667
6360,0,7161,17661,17661,12768,18342
6361,0,9456,19956,19956,16734,16642
6362,0,5086,15586,15586,39110,17352
6363,0,21732,36728,36728,12177,38897
6364,0,7016,17516,17516,37027,38294
6365,0,23354,36328,36328,16740,13349
6366,0,4945,15445,15445,17371,11727
6367,0,6046,16546,16546,10735,35373
6368,0,25095,39093,39093,17485,18931
6369,0,24468,38553,38553,14390,36720
6370,0,6919,17419,17419,16915,16055
6371,0,5590,16090,16090,20328,37007
6372,0,7226,17726,17726,16852,18459
6373,0,1228,11728,11728,18428,14396
6374,0,22341,38240,38240,20709,18731
6375,0,6846,17346,17346,17266,38750
6376,0,8244,18744,18744,39191,20606
6377,0,25298,39346,39346,11464,35983
6378,0,6555,17055,17055,15209,19197
6379,0,159,10659,10659,12862,15232
6380,0,8851,19351,19351,19999,18520
6381,0,9779,20279,20279,35418,37052
6382,0,1589,12089,12089,11836,15927
6383,0,22911,39418,39418,16235,19741
6384,0,23234,38890,38890,36721,16869
6385,0,24350,38867,38867,16311,13349
6386,0,24448,38661,38661,10628,38733
6387,0,6687,17187,17187,38333,12629
6388,0,22965,38676,38676,12104,13766
6389,0,24177,35924,35924,37873,19432
6390,0,22287,35230,35230,10866,16773
6391,0,22903,36522,36522,10687,15892
6392,0,7480,17980,17980,20385,19007
6393,0,24500,38556,38556,17555,16943
6394,0,1556,12056,12056,18653,18902
6395,0,2828,13328,13328,18985,10589
6396,0,436,10936,10936,12048,36435
6397,0,5789,16289,16289,37315,37554
6398,0,23185,36878,36878,14854,17265
6399,0,1588,12088,12088,20731,20861
6400,0,7398,17898,17898,18517,12060
6401,0,2780,13280,13280,15814,38718
6402,0,22335,38132,38132,15759,13252
6403,0,9242,19742,19742,39201,36986
6404,0,5686,16186,16186,11567,36175
6405,0,3965,14465,14465,35283,20645
6406,0,4727,15227,15227,20042,36875
6407,0,9165,19665,19665,15972,19685
6408,0,1238,11738,11738,15034,13890
6409,0,2951,13451,13451,13575,35918
6410,0,21927,35188,35188,19614,12800
6411,0,23146,35582,35582,17794,38189
6412,0,22368,37382,37382,13638,39022
6413,0,23486,38463,38463,37462,16417
6414,0,1497,11997,11997,17963,10783
6415,0,6465,16965,16965,15557,37311
6416,1,7355,17855,37433,17855,10564
6417,0,7823,18323,18323,19969,11253
6418,0,7547,18047,18047,20612,37434
6419,0,7913,18413,18413,12151,11952
6420,0,22420,35268,35268,18459,13581
6421,0,21310,37495,37495,12482,11496
6422,0,5185,15685,15685,19775,38744
6423,0,5647,16147,16147,20106,14130
6424,0,23701,38754,38754,38877,20419
6425,0,5242,15742,15742,14411,16329
6426,0,2130,12630,12630,17429,36353
6427,0,2092,12592,12592,13174,11925
6428,0,5409,15909,15909,14186,18486
6429,0,10207,20707,20707,15038,38103
6430,0,187,10687,10687,36522,11139
6431,0,21392,35870,35870,19727,17873
6432,0,7938,18438,18438,39534,19630
6433,0,3655,14155,14155,19074,12867
6434,0,3426,13926,13926,15126,17703
6435,0,24025,36621,36621,13758,36037
6436,0,1381,11881,11881,17548,11966
6437,0,21738,36347,36347,12128,15500
6438,0,8605,19105,19105,35768,16794
6439,0,7427,17927,17927,14930,18082
6440,0,5037,15537,15537,20898,17537
6441,0,4897,15397,15397,11438,36882
6442,0,3175,13675,13675,18708,20289
6443,0,23605,37782,37782,15847,39294
6444,0,24391,36600,36600,15591,14375
6445,0,8448,18948,18948,13671,37878
6446,0,23572,39505,39505,17256,19857
6447,0,21204,39083,39083,13005,15606
6448,0,2235,12735,12735,16200,17994
6449,0,8068,18568,18568,12789,37593
6450,0,9959,20459,20459,16141,19953
6451,0,4236,14736,14736,20654,16104
6452,0,22925,38920,38920,14068,20044
6453,0,22227,38566,38566,36343,17280
6454,0,9764,20264,20264,18117,15878
6455,0,24,10524,10524,36632,37894
6456,0,3363,13863,13863,12000,12918
6457,0,1088,11588,11588,20981,39103
6458,0,25111,35540,35540,17930,39227
6459,0,8733,19233,19233,35640,19077
6460,0,25257,38394,38394,19167,36774
6461,0,2841,13341,13341,11503,10893
6462,0,23663,35157,35157,37263,36117
6463,0,7537,18037,18037,19664,19521
6464,0,7470,17970,17970,11357,39388
6465,0,23723,39515,39515,20008,19646
6466,0,4152,14652,14652,16479,15473
6467,0,9501,20001,20001,13329,39121
6468,0,695,11195,11195,37929,20428
6469,0,25050,38430,38430,11695,14930
6470,0,6337,16837,16837,16778,12336
6471,0,1227,11727,11727,14307,14741
6472,0,1999,12499,12499,20739,35620
6473,0,276,10776,10776,37958,35933
6474,0,24958,36038,36038,15488,14819
6475,0,5929,16429,16429,37005,20688
6476,0,2953,13453,13453,39257,38253
6477,0,3637,14137,14137,37062,36012
6478,0,3906,14406,14406,37206,39357
6479,0,4778,15278,15278,16621,38222
6480,0,5845,16345,16345,11348,35244
6481,0,21667,39200,39200,14367,13255
6482,0,4117,14617,14617,38912,13221
6483,0,22715,35999,35999,14865,11615
6484,0,1137,11637,11637,17811,14176
6485,0,2767,13267,13267,19498,17191
6486,0,8182,18682,18682,13149,37950
6487,0,23280,36902,36902,14532,38388
6488,0,24124,36533,36533,13846,19209
6489,0,7661,18161,18161,13650,18732
6490,0,9134,19634,19634,11656,37279
6491,0,23522,35788,35788,10970,36303
6492,0,2490,12990,12990,14748,16187
6493,0,23317,39178,39178,11354,14972
6494,0,7742,18242,18242,18013,18602
6495,0,3935,14435,14435,37307,20843
6496,0,2384,12884,12884,20539,17005
6497,0,8016,18516,18516,16385,16382
6498,0,7084,17584,17584,37470,37561
6499,0,115,10615,10615,20273,12608
6500,0,1863,12363,12363,15825,37206
6501,0,24047,35404,35404,20993,35742
6502,0,3119,13619,13619,10787,36247
6503,0,4258,14758,14758,12321,16858
6504,0,25104,38507,38507,18148,38508
6505,0,23067,37340,37340,19664,37577
6506,0,2819,13319,13319,16233,10812
6507,0,22713,36072,36072,38154,12281
6508,0,25211,35896,35896,12416,20544
6509,0,25347,38292,38292,36122,13696
6510,0,4699,15199,15199,18810,13642
6511,0,3802,14302,14302,19242,17472
6512,0,6068,16568,16568,16746,14821
6513,0,3536,14036,14036,35295,15892
6514,0,3825,14325,14325,36593,18483
6515,0,6642,17142,17142,11138,13247
6516,0,21775,37622,37622,19705,15693
6517,1,1946,12446,37712,12446,13771
6518,0,22346,37750,37750,15807,37638
6519,0,25427,36083,36083,17384,11780
6520,0,25415,37150,37150,11367,14549
6521,0,9802,20302,20302,12497,13263
6522,0,7269,17769,17769,14157,38579
6523,0,24003,36340,36340,35956,39214
6524,0,7929,18429,18429,13136,38563
6525,0,7166,17666,17666,18289,15142
6526,0,6963,17463,17463,13688,13572
6527,0,5867,16367,16367,16758,13703
6528,0,22611,35513,35513,15420,19746
6529,0,4761,15261,15261,10738,13481
6530,0,10386,20886,20886,20874,35591
6531,0,882,11382,11382,39214,17918
6532,0,557,11057,11057,37288,14356
6533,0,23966,36807,36807,18840,12799
6534,0,1207,11707,11707,17153,15008
6535,0,22000,38044,38044,38736,37585
6536,0,7684,18184,18184,17679,13066
6537,0,24959,36230,36230,37358,37417
6538,0,9702,20202,20202,15131,35752
6539,0,6538,17038,17038,18190,15586
6540,0,10485,20985,20985,18225,16871
6541,0,3211,13711,13711,15878,13268
6542,0,3630,14130,14130,11072,15851
6543,0,1708,12208,12208,37179,12902
6544,0,23398,37018,37018,13910,37217
6545,0,8458,18958,18958,17281,19608
6546,0,1140,11640,11640,37116,15699
6547,0,3162,13662,13662,14886,38166
6548,0,6207,16707,16707,17033,19673
6549,0,21973,37273,37273,10785,36742
6550,0,3730,14230,14230,10532,11901
6551,0,10101,20601,20601,12401,17266
6552,0,24024,36228,36228,35628,18244
6553,0,2660,13160,13160,37975,11015
6554,0,8848,19348,19348,10913,11790
6555,0,1307,11807,11807,13956,12219
6556,0,2567,13067,13067,36562,17449
6557,0,9190,19690,19690,12477,11433
6558,0,2834,13334,13334,20662,17295
6559,0,25448,39012,39012,20395,15723
6560,0,9429,19929,19929,18897,16665
6561,0,2151,12651,12651,17465,17207
6562,0,23299,36337,36337,13554,35444
6563,0,3835,14335,14335,10770,18190
6564,0,21006,39196,39196,35237,38180
6565,0,23050,36132,36132,13333,14876
6566,0,21185,36965,36965,19810,12491
6567,0,10378,20878,20878,20415,15455
6568,0,9326,19826,19826,17228,18967
6569,0,5004,15504,15504,14608,36415
6570,0,6626,17126,17126,20603,38026
6571,0,9495,19995,19995,15526,20652
6572,0,1627,12127,12127,12323,12414
6573,0,24489,39139,39139,13378,37206
6574,0,9714,20214,20214,19300,36273
6575,0,24977,39367,39367,11008,17983
6576,0,358,10858,10858,37356,36006
6577,0,138,10638,10638,37979,20642
6578,0,8491,18991,18991,16697,37230
6579,0,9748,20248,20248,35919,11648
6580,0,382,10882,10882,38746,14265
6581,0,21036,39647,39647,19964,18522
6582,0,4857,15357,15357,37577,17888
6583,0,24510,38604,38604,35850,12580
6584,0,1439,11939,11939,39430,20679
6585,0,9569,20069,20069,35922,18625
6586,0,946,11446,11446,15215,19931
6587,0,24440,37074,37074,11880,16852
6588,0,5498,15998,15998,35504,15241
6589,0,4916,15416,15416,15521,36801
6590,0,8556,19056,19056,17102,12741
6591,0,25341,35567,35567,20197,12463
6592,0,1932,12432,12432,36194,11451
6593,0,2352,12852,12852,11093,12459
6594,0,3236,13736,13736,19419,12354
6595,0,9493,19993,19993,38533,13959
6596,0,22492,37390,37390,16394,11081
6597,0,3807,14307,14307,11727,15622
6598,0,23113,38465,38465,38962,16882
6599,0,1936,12436,12436,13446,19135
6600,0,22822,39383,39383,36591,37964
6601,0,4154,14654,14654,37436,11603
6602,0,8988,19488,19488,16332,36017
6603,0,2416,12916,12916,14862,19996
6604,0,21805,36114,36114,20715,37038
6605,0,6139,16639,16639,37279,19634
6606,0,785,11285,11285,16816,17125
6607,0,6789,17289,17289,36792,12225
6608,0,8036,18536,18536,17638,19980
6609,0,8315,18815,18815,19606,38580
6610,0,25285,38857,38857,16567,15637
6611,0,5668,16168,16168,36561,13152
6612,0,2172,12672,12672,10518,19188
6613,0,2169,12669,12669,16512,38607
6614,0,6628,17128,17128,38639,35417
6615,1,4009,14509,20901,14509,10962
6616,0,4340,14840,14840,19942,38641
6617,0,910,11410,11410,17716,35489
6618,1,6268,16768,14940,16768,39516
6619,0,2309,12809,12809,15047,19919
6620,0,10033,20533,20533,20540,20571
6621,0,9449,19949,19949,20047,15327
6622,0,6591,17091,17091,37783,14157
6623,0,4458,14958,14958,38666,20721
6624,0,7597,18097,18097,15499,10645
6625,0,9370,19870,19870,15678,20135
6626,0,22038,36166,36166,14616,12249
6627,0,24231,38662,38662,11047,10744
6628,1,4652,15152,17738,15152,12451
6629,0,6218,16718,16718,14906,11290
6630,0,442,10942,10942,18443,15257
6631,0,3415,13915,13915,17637,19331
6632,0,9591,20091,20091,39483,11474
6633,0,25228,37771,37771,15763,38796
6634,0,21745,36131,36131,37631,16257
6635,0,9649,20149,20149,13506,38656
6636,0,23911,38997,38997,10940,19165
6637,0,5744,16244,16244,10516,18927
6638,0,1054,11554,11554,36413,39372
6639,0,21282,37738,37738,16280,39286
6640,0,3699,14199,14199,16978,13585
6641,0,929,11429,11429,11702,12902
6642,0,6468,16968,16968,10740,16084
6643,0,8767,19267,19267,14079,20056
6644,0,1829,12329,12329,38400,13387
6645,0,25373,38411,38411,39565,16610
6646,0,21040,36237,36237,11374,20303
6647,0,22004,36846,36846,17976,13339
6648,0,2011,12511,12511,37891,18521
6649,0,913,11413,11413,38598,17440
6650,0,7611,18111,18111,20565,39461
6651,0,23265,36988,36988,11189,35935
6652,0,21068,36192,36192,36148,20522
6653,0,2606,13106,13106,18356,39185
6654,0,4928,15428,15428,14650,20626
6655,0,9783,20283,20283,10817,12498
6656,0,6564,17064,17064,38595,39345
6657,0,21089,36849,36849,38142,14944
6658,0,6,10506,10506,36006,37356
6659,0,7835,18335,18335,39468,39619
6660,0,6583,17083,17083,37460,14951
6661,0,3361,13861,13861,15321,37324
6662,0,10135,20635,20635,17639,12118
6663,0,25199,36332,36332,17129,12856
6664,0,1635,12135,12135,36570,20381
6665,0,1141,11641,11641,19008,38133
6666,0,25378,37745,37745,35611,14176
6667,0,359,10859,10859,13640,35417
6668,0,2070,12570,12570,14058,17839
6669,0,3134,13634,13634,17857,12661
6670,0,5160,15660,15660,11780,11097
6671,0,6990,17490,17490,35956,37957
6672,0,3243,13743,13743,20745,38353
6673,0,2242,12742,12742,19647,35449
6674,5,1474,11974,15369,38790,38185
6675,0,24184,37532,37532,15357,10940
6676,0,10081,20581,20581,38492,19154
6677,0,3259,13759,13759,15958,37198
6678,0,10213,20713,20713,19980,35607
6679,0,4020,14520,14520,37131,18554
6680,0,24951,37907,37907,11714,19865
6681,0,8566,19066,19066,36154,37866
6682,0,3500,14000,14000,15995,39117
6683,0,2658,13158,13158,11386,14508
6684,0,24299,37324,37324,16163,18990
6685,0,1130,11630,11630,15383,36285
6686,0,23062,38440,38440,14742,15504
6687,0,1819,12319,12319,39630,38265
6688,0,7461,17961,17961,37980,38148
6689,0,23119,36402,36402,20436,19683
6690,0,21456,36362,36362,14805,20721
6691,0,23880,36885,36885,39470,12109
6692,0,7064,17564,17564,18369,12440
6693,0,4318,14818,14818,19032,11360
6694,0,9342,19842,19842,36683,38468
6695,0,4669,15169,15169,20356,16204
6696,0,9428,19928,19928,16421,18734
6697,0,5476,15976,15976,39443,15011
6698,0,23306,39410,39410,39371,17152
6699,0,24220,37815,37815,19564,10755
6700,0,1856,12356,12356,11297,16891
6701,0,2282,12782,12782,19801,18935
6702,0,22895,38813,38813,36472,14671
6703,0,4008,14508,14508,13158,20295
6704,0,6401,16901,16901,36552,13519
6705,0,22937,39545,39545,14330,16650
6706,0,24579,39406,39406,10512,37224
6707,0,386,10886,10886,15846,18899
6708,0,1628,12128,12128,36347,37044
6709,0,23165,35560,35560,13562,20519
6710,0,21505,36115,36115,37679,20263
6711,0,22813,37284,37284,19931,11446
6712,0,24283,38648,38648,37542,10575
6713,0,7718,18218,18218,14012,35599
6714,0,22987,36159,36159,15533,38933
6715,0,21511,39608,39608,19132,14236
6716,0,9101,19601,19601,35196,13256
6717,0,21266,37954,37954,17763,20232
6718,0,10058,20558,20558,38029,37083
6719,0,1842,12342,12342,10724,13653
6720,0,2497,12997,12997,19603,20207
6721,0,201,10701,10701,19863,10985
6722,3,21588,36686,16983,20004,18974
6723,0,3868,14368,14368,17415,20476
6724,0,5054,15554,15554,17029,11676
6725,0,5889,16389,16389,37600,20189
6726,0,2702,13202,13202,17304,19583
6727,0,7922,18422,18422,18122,39563
6728,0,331,10831,10831,16947,16407
6729,0,3808,14308,14308,17471,36867
6730,0,935,11435,11435,39023,14997
6731,0,23632,35305,35305,17311,12867
6732,0,1774,12274,12274,36795,38236
6733,0,23160,38314,38314,38171,16904
6734,0,8611,19111,19111,20919,11298
6735,0,24833,35532,35532,18179,12676
6736,0,23526,38381,38381,17492,13103
6737,0,989,11489,11489,10617,15816
6738,0,5443,15943,15943,17371,12028
6739,0,25186,37148,37148,17895,17129
6740,0,6993,17493,17493,13420,13257
6741,0,23676,38395,38395,17043,38649
6742,0,5806,16306,16306,35498,10778
6743,0,25463,37764,37764,14818,19604
6744,0,22689,37712,37712,36580,12446
6745,0,6574,17074,17074,39154,10832
6746,0,3052,13552,13552,19266,13998
6747,0,23483,37615,37615,18575,18260
6748,0,8365,18865,18865,12821,37803
6749,0,4615,15115,15115,19676,37918
6750,0,3321,13821,13821,11806,19944
6751,0,22907,39276,39276,13849,39210
6752,0,6246,16746,16746,16568,37305
6753,0,6048,16548,16548,11767,35837
6754,0,3311,13811,13811,11415,11801
6755,0,21187,37383,37383,15672,13997
6756,0,21508,36436,36436,35517,19587
6757,0,24607,38730,38730,16034,13996
6758,0,24420,35850,35850,14826,36795
6759,0,8210,18710,18710,15081,37624
6760,0,3628,14128,14128,16540,39412
6761,0,24642,37952,37952,13378,13954
6762,0,10366,20866,20866,38517,16522
6763,0,1356,11856,11856,20422,39328
6764,0,5002,15502,15502,11763,14467
6765,0,25057,36288,36288,16005,20484
6766,0,5823,16323,16323,13593,12265
6767,0,21486,38914,38914,20691,17619
6768,0,5670,16170,16170,35438,10722
6769,0,3112,13612,13612,17968,35157
6770,0,182,10682,10682,16166,18674
6771,0,22782,37946,37946,17191,17928
6772,0,10004,20504,20504,18934,20157
6773,0,855,11355,11355,14307,10982
6774,0,24295,37291,37291,20650,17162
6775,0,4912,15412,15412,11715,37996
6776,0,23301,37463,37463,16960,16809
6777,0,1800,12300,12300,19666,35670
6778,0,22396,38546,38546,36095,20768
6779,0,23075,35275,35275,18815,36068
6780,0,5482,15982,15982,12032,39362
6781,0,24920,37146,37146,16187,12634
6782,0,1968,12468,12468,19820,17028
6783,0,22655,37137,37137,13004,35657
6784,0,25198,36857,36857,36856,13047
6785,0,4697,15197,15197,35399,11013
6786,0,4987,15487,15487,19757,38868
6787,0,4650,15150,15150,17494,12899
6788,0,1159,11659,11659,35212,35645
6789,0,9405,19905,19905,11663,35289
6790,0,23573,36251,36251,16341,15085
6791,0,1325,11825,11825,15091,37777
6792,0,10288,20788,20788,36005,16887
6793,0,22442,37805,37805,15531,11315
6794,0,4796,15296,15296,20137,19580
6795,0,6796,17296,17296,38975,37887
6796,0,5808,16308,16308,14866,12431
6797,0,23673,39459,39459,14144,37812
6798,0,1455,11955,11955,17946,20579
6799,0,5410,15910,15910,20681,12687
6800,0,8333,18833,18833,11307,16439
6801,0,2800,13300,13300,19341,38968
6802,0,9836,20336,20336,37075,39220
6803,0,10332,20832,20832,17327,16816
6804,0,7616,18116,18116,18933,19912
6805,0,23861,38084,38084,16453,36994
6806,0,7815,18315,18315,37640,35765
6807,0,4378,14878,14878,16810,15048
6808,0,8921,19421,19421,12991,19182
6809,0,21563,36564,36564,12500,38809
6810,0,6716,17216,17216,36893,16751
6811,0,10128,20628,20628,16597,11928
6812,0,3736,14236,14236,19205,17123
6813,0,2261,12761,12761,19918,15583
6814,0,7429,17929,17929,38806,39055
6815,0,4005,14505,14505,18170,16584
6816,0,9302,19802,19802,35575,16221
6817,0,22573,38148,38148,39326,15155
6818,0,24146,35844,35844,13644,37757
6819,0,2394,12894,12894,16733,13657
6820,0,1185,11685,11685,36416,37043
6821,0,2007,12507,12507,14468,12779
6822,0,193,10693,10693,11888,37145
6823,0,21466,38016,38016,35503,18860
6824,0,8770,19270,19270,36910,12611
6825,0,5525,16025,16025,15800,19616
6826,0,771,11271,11271,18079,15093
6827,0,21424,35241,35241,13635,35242
6828,0,1478,11978,11978,17727,35996
6829,0,1846,12346,12346,39442,36735
6830,0,3740,14240,14240,16094,35654
6831,0,21112,37263,37263,16510,37707
6832,0,7986,18486,18486,14186,20409
6833,0,405,10905,10905,37550,18646
6834,0,21224,38964,38964,35639,39043
6835,0,10265,20765,20765,18718,19848
6836,0,10088,20588,20588,35730,35817
6837,0,24114,37478,37478,11603,17911
6838,0,6317,16817,16817,17811,36641
6839,0,6581,17081,17081,16589,14406
6840,0,24428,35225,35225,17622,12969
6841,0,1447,11947,11947,35631,11762
6842,0,342,10842,10842,19005,20895
6843,0,7468,17968,17968,13612,10764
6844,0,22777,38704,38704,14452,19986
6845,0,22671,35373,35373,13659,14793
6846,0,727,11227,11227,13004,18510
6847,0,4577,15077,15077,38333,14508
6848,0,9168,19668,19668,19972,13564
6849,0,9250,19750,19750,15236,19945
6850,0,3516,14016,14016,39474,17505
6851,0,21369,37996,37996,19842,14056
6852,0,23380,36741,36741,13467,38674
6853,0,7156,17656,17656,10854,14979
6854,0,7851,18351,18351,20323,35679
6855,0,10178,20678,20678,37932,35227
6856,0,9491,19991,19991,35571,17933
6857,0,1348,11848,11848,39586,37530
6858,0,660,11160,11160,15393,19558
6859,0,1492,11992,11992,13539,14523
6860,0,25004,36923,36923,19217,16845
6861,0,24675,37443,37443,37794,20522
6862,0,5154,15654,15654,19356,38271
6863,0,23502,35161,35161,20547,10708
6864,0,9885,20385,20385,17980,18392
6865,0,23694,39235,39235,39443,17827
6866,0,9277,19777,19777,15059,20196
6867,0,2524,13024,13024,38206,38664
6868,0,23649,36189,36189,14878,19934
6869,0,23078,37358,37358,13550,17159
6870,0,5374,15874,15874,36734,35980
6871,0,3198,13698,13698,20925,38709
6872,0,5717,16217,16217,10694,12510
6873,0,23100,36059,36059,11187,14631
6874,0,25287,38311,38311,35961,38348
6875,0,21109,36973,36973,36708,20112
6876,0,8259,18759,18759,37326,15927
6877,0,24496,37057,37057,18062,20889
6878,0,40,10540,10540,16912,17259
6879,0,10461,20961,20961,11813,14909
6880,0,25239,37225,37225,13402,18465
6881,0,24944,36256,36256,10756,18664
6882,0,25488,37917,37917,11178,12742
6883,0,6816,17316,17316,12025,37439
6884,0,22787,35213,35213,17015,16005
6885,0,23917,36162,36162,35487,18015
6886,0,24088,36877,36877,11213,12031
6887,0,24339,35358,35358,14612,37080
6888,0,2723,13223,13223,15772,20769
6889,0,24938,38442,38442,38009,12225
6890,0,24821,37512,37512,19644,35407
6891,0,9335,19835,19835,39141,11285
6892,0,23300,39256,39256,36977,19108
6893,0,7155,17655,17655,35225,17493
6894,0,24784,36157,36157,37934,18838
6895,0,23129,38495,38495,11290,16691
6896,0,21853,36418,36418,16272,17931
6897,0,7230,17730,17730,36830,35545
6898,0,10412,20912,20912,18802,19986
6899,0,5075,15575,15575,17208,10752
6900,0,24259,35177,35177,35698,11961
6901,0,7880,18380,18380,18327,36227
6902,0,5394,15894,15894,18300,12226
6903,0,9641,20141,20141,36273,12270
6904,0,23900,37480,37480,36963,18895
6905,0,7789,18289,18289,17666,19057
6906,0,23340,38671,38671,17266,15134
6907,0,4088,14588,14588,14144,39459
6908,0,1967,12467,12467,37343,14863
6909,0,21997,38143,38143,36906,36765
6910,0,22467,37866,37866,12911,19066
6911,0,21374,39048,39048,13145,38708
6912,0,6999,17499,17499,12742,39368
6913,0,423,10923,10923,10572,36025
6914,0,24267,38567,38567,37441,20057
6915,0,10096,20596,20596,38585,12742
6916,0,22449,38918,38918,15304,18679
6917,0,23908,37516,37516,17892,19925
6918,0,6142,16642,16642,13971,35900
6919,0,5661,16161,16161,10522,19560
6920,0,9031,19531,19531,13952,20400
6921,0,4596,15096,15096,20138,35823
6922,0,2659,13159,13159,20133,13882
6923,0,141,10641,10641,18933,17913
6924,0,2597,13097,13097,38499,18175
6925,0,6701,17201,17201,13009,38086
6926,0,1377,11877,11877,15029,20867
6927,0,3674,14174,14174,38705,19242
6928,0,9658,20158,20158,36778,37605
6929,0,23766,39499,39499,16801,12822
6930,0,6362,16862,16862,11734,12705
6931,0,23612,39203,39203,36875,20222
6932,1,4741,15241,18013,15241,16169
6933,0,1138,11638,11638,10864,37293
6934,0,10449,20949,20949,20612,10557
6935,0,7374,17874,17874,14741,17637
6936,0,1787,12287,12287,18528,37100
6937,0,22516,36683,36683,19842,12221
6938,0,4646,15146,15146,17682,18528
6939,0,7568,18068,18068,37172,20456
6940,0,459,10959,10959,12051,35753
6941,0,6115,16615,16615,14682,37369
6942,0,8179,18679,18679,15304,38611
6943,0,948,11448,11448,16446,12413
6944,0,9528,20028,20028,35686,36204
6945,0,6370,16870,16870,18944,16050
6946,0,4628,15128,15128,16075,17359
6947,0,7358,17858,17858,20230,13461
6948,0,5925,16425,16425,11075,15072
6949,0,6040,16540,16540,15044,38929
6950,0,441,10941,10941,38679,38856
6951,0,6659,17159,17159,13174,17025
6952,1,9794,20294,17572,20294,36155
6953,0,10430,20930,20930,17125,13207
6954,0,8831,19331,19331,17637,35157
6955,0,9046,19546,19546,35822,15739
6956,0,3830,14330,14330,14498,39545
6957,0,25076,38755,38755,38144,11416
6958,0,6144,16644,16644,38048,12281
6959,0,24590,38241,38241,16780,19763
6960,0,6344,16844,16844,35227,15927
6961,0,21356,37087,37087,19604,12744
6962,0,1958,12458,12458,38301,18199
6963,0,9262,19762,19762,18070,38533
6964,0,155,10655,10655,16172,13073
6965,0,10487,20987,20987,39372,11554
6966,0,24654,36585,36585,18885,20234
6967,0,4578,15078,15078,39301,17075
6968,0,1089,11589,11589,19950,11211
6969,0,6049,16549,16549,38144,12356
6970,0,24503,35786,35786,19783,37933
6971,0,22921,38397,38397,36029,15209
6972,0,9122,19622,19622,35207,15503
6973,0,7950,18450,18450,38124,39034
6974,0,24437,35755,35755,10848,16977
6975,0,1674,12174,12174,12702,20632
6976,0,6763,17263,17263,39558,36639
6977,0,24245,37213,37213,11315,15531
6978,0,6416,16916,16916,20139,36507
6979,0,23593,38999,38999,36688,36552
6980,0,22981,36093,36093,19413,36329
6981,0,2326,12826,12826,17799,15091
6982,0,7096,17596,17596,36881,37605
6983,0,24363,37655,37655,11879,11616
6984,0,24917,36434,36434,36170,36669
6985,0,6450,16950,16950,16019,11721
6986,0,24877,38590,38590,20952,17272
6987,0,1715,12215,12215,35581,14125
6988,0,9890,20390,20390,38262,38263
6989,2,9172,19672,13347,15631,19672
6990,0,8381,18881,18881,15727,16107
6991,0,9433,19933,19933,19316,10865
6992,0,3831,14331,14331,35321,15701
6993,0,6299,16799,16799,14609,38579
6994,0,3348,13848,13848,11007,18947
6995,0,23206,38937,38937,36088,12638
6996,0,9177,19677,19677,39368,13698
6997,0,10013,20513,20513,16894,18406
6998,0,587,11087,11087,16474,38335
6999,0,9346,19846,19846,18161,15445
7000,0,25108,35618,35618,36186,11081
7001,0,23049,38941,38941,16398,11036
7002,0,10091,20591,20591,39114,13219
7003,0,2990,13490,13490,14086,17119
7004,0,21941,38588,38588,19646,38108
7005,0,23889,36485,36485,13994,18393
7006,0,25065,37966,37966,16669,16990
7007,0,9587,20087,20087,38243,15604
7008,0,264,10764,10764,18760,10651
7009,0,24457,37307,37307,36908,14435
7010,0,6788,17288,17288,12053,17246
7011,0,21981,38962,38962,18227,37577
7012,0,22763,37421,37421,36207,36161
7013,0,10131,20631,20631,36065,18718
7014,0,3864,14364,14364,13319,20244
7015,0,10435,20935,20935,11952,11387
7016,0,25438,35246,35246,17525,13809
7017,0,6274,16774,16774,18776,13134
7018,0,24759,37674,37674,11549,37529
7019,0,22519,39358,39358,36599,12968
7020,0,3711,14211,14211,37441,38567
7021,0,8438,18938,18938,11865,12504
7022,0,9786,20286,20286,11180,11837
7023,0,1529,12029,12029,18718,11341
7024,0,23003,36947,36947,38809,36397
7025,0,923,11423,11423,38970,12729
7026,0,23458,37452,37452,38724,37836
7027,0,7329,17829,17829,15107,17812
7028,0,4364,14864,14864,13958,37230
7029,0,669,11169,11169,35777,37177
7030,0,3604,14104,14104,11665,15643
7031,0,5108,15608,15608,37472,37473
7032,0,10102,20602,20602,37237,36797
7033,0,21683,38174,38174,12281,38154
7034,0,5248,15748,15748,11161,38986
7035,0,7183,17683,17683,18468,15358
7036,0,23147,35542,35542,14263,36812
7037,0,2591,13091,13091,38957,20973
7038,0,5906,16406,16406,11161,13831
7039,0,9973,20473,20473,18442,11364
7040,0,6509,17009,17009,39550,37206
7041,0,21060,35859,35859,11769,12264
7042,0,7133,17633,17633,16088,16073
7043,0,2307,12807,12807,17019,37642
7044,0,8804,19304,19304,15773,17309
7045,0,3690,14190,14190,36599,35781
7046,0,687,11187,11187,13951,36059
7047,0,612,11112,11112,39511,12785
7048,0,7167,17667,17667,14362,13425
7049,0,21917,36480,36480,18144,18382
7050,0,3200,13700,13700,12902,17613
7051,0,10459,20959,20959,39219,11684
7052,0,23854,35822,35822,37245,37309
7053,0,6629,17129,17129,17895,13703
7054,0,4135,14635,14635,20918,20839
7055,0,1898,12398,12398,16761,16841
7056,0,282,10782,10782,16039,37732
7057,0,258,10758,10758,19528,18754
7058,0,21493,35770,35770,11652,19232
7059,0,25367,39504,39504,14643,13174
7060,0,4943,15443,15443,17884,10660
7061,0,2822,13322,13322,39649,11223
7062,0,21651,36185,36185,35968,15593
7063,0,3525,14025,14025,38374,19384
7064,0,24122,39147,39147,19599,14583
7065,0,5223,15723,15723,38711,18922
7066,0,2285,12785,12785,37577,39511
7067,0,6063,16563,16563,37999,14661
7068,0,8078,18578,18578,13157,37924
7069,0,4654,15154,15154,18219,14926
7070,0,5000,15500,15500,15954,15870
7071,0,6710,17210,17210,38048,11050
7072,0,24502,38654,38654,39023,19069
7073,0,8676,19176,19176,38394,14456
7074,0,10403,20903,20903,15537,20898
7075,0,5416,15916,15916,13728,19614
7076,0,475,10975,10975,17341,14527
7077,0,2555,13055,13055,13696,39278
7078,0,8087,18587,18587,15044,38804
7079,0,7,10507,10507,18297,11765
7080,0,6411,16911,16911,38010,19607
7081,0,24696,38410,38410,12946,18260
7082,0,21779,38035,38035,12361,12566
7083,0,5546,16046,16046,14436,16153
7084,0,2426,12926,12926,14832,18401
7085,0,6744,17244,17244,39498,16385
7086,0,10006,20506,20506,35957,12902
7087,0,21451,39102,39102,18445,15355
7088,0,2274,12774,12774,18276,14098
7089,0,9203,19703,19703,20089,17447
7090,0,1577,12077,12077,36080,14385
7091,0,7264,17764,17764,16956,11729
7092,0,9259,19759,19759,13923,39623
7093,0,10183,20683,20683,12543,17025
7094,0,3970,14470,14470,18829,13720
7095,0,5879,16379,16379,15045,39068
7096,0,25359,37276,37276,10544,11012
7097,0,21957,38659,38659,11677,15898
7098,0,7193,17693,17693,13657,19836
7099,0,3867,14367,14367,37567,12969
7100,0,23478,38792,38792,36639,13852
7101,0,6823,17323,17323,35421,36942
7102,0,25254,35894,35894,10678,16649
7103,0,7548,18048,18048,16489,12401
7104,0,781,11281,11281,13336,39534
7105,0,22756,39424,39424,37771,12929
7106,0,1749,12249,12249,37564,18482
7107,0,23664,35637,35637,10970,36654
7108,0,6519,17019,17019,38196,37642
7109,0,5774,16274,16274,17027,11831
7110,0,9283,19783,19783,37933,14636
7111,0,9369,19869,19869,13467,14657
7112,0,2324,12824,12824,15856,16693
7113,0,10271,20771,20771,10562,10574
7114,0,5055,15555,15555,11146,18295
7115,0,23943,35454,35454,11324,14114
7116,0,22646,38189,38189,37883,18755
7117,0,10482,20982,20982,20924,11107
7118,0,1727,12227,12227,12185,15935
7119,0,610,11110,11110,35861,11228
7120,0,4666,15166,15166,18908,14449
7121,0,5413,15913,15913,38543,37324
7122,0,8103,18603,18603,37063,37999
7123,0,8174,18674,18674,19825,14142
7124,0,8535,19035,19035,14822,13936
7125,0,24465,36003,36003,11392,19355
7126,0,3750,14250,14250,12899,19056
7127,0,24655,36061,36061,36856,37813
7128,0,97,10597,10597,37496,13914
7129,0,6985,17485,17485,39093,38145
7130,0,3137,13637,13637,38116,17882
7131,0,1537,12037,12037,19211,38933
7132,0,3648,14148,14148,35305,35312
7133,0,23204,37987,37987,19863,10985
7134,0,1517,12017,12017,14508,17878
7135,0,24570,38690,38690,38796,18732
7136,0,4624,15124,15124,12791,37091
7137,0,6566,17066,17066,36314,36313
7138,0,2090,12590,12590,37891,13951
7139,0,7097,17597,17597,20008,20091
7140,0,6171,16671,16671,20766,18596
7141,0,7521,18021,18021,20518,14566
7142,0,572,11072,11072,14130,12729
7143,0,24814,38932,38932,10666,15354
7144,0,23153,38271,38271,39487,13000
7145,0,3062,13562,13562,14219,16147
7146,0,597,11097,11097,15660,17285
7147,0,6633,17133,17133,17616,14010
7148,0,22311,38809,38809,12500,36947
7149,0,7875,18375,18375,15354,14354
7150,0,7345,17845,17845,36075,15551
7151,0,6304,16804,16804,36636,35966
7152,0,21489,36682,36682,19245,35576
7153,0,21622,38829,38829,12202,39332
7154,0,22179,39041,39041,36520,14176
7155,0,5976,16476,16476,13283,10728
7156,0,8562,19062,19062,12316,13339
7157,0,1938,12438,12438,38917,17764
7158,0,24432,37238,37238,39231,38948
7159,0,8100,18600,18600,19635,14732
7160,0,1753,12253,12253,11974,38790
7161,0,3670,14170,14170,35935,38467
7162,0,23672,36689,36689,35320,18144
7163,0,2361,12861,12861,36662,10954
7164,0,4260,14760,14760,17166,14659
7165,0,5432,15932,15932,20576,18159
7166,0,6285,16785,16785,39574,14229
7167,0,21873,36447,36447,12885,16957
7168,0,23291,38865,38865,18388,11627
7169,0,23692,36389,36389,38623,36873
7170,0,22223,37488,37488,16487,16671
7171,0,21557,37075,37075,19151,20336
7172,0,5591,16091,16091,16530,39155
7173,0,1171,11671,11671,11593,17000
7174,0,7927,18427,18427,37276,37458
7175,0,22997,36713,36713,12811,20504
7176,0,9614,20114,20114,16397,11434
7177,0,22734,35987,35987,36880,12429
7178,0,23045,38691,38691,35477,19078
7179,0,24383,36772,36772,15034,38585
7180,0,24120,38408,38408,35737,37516
7181,0,874,11374,11374,38902,37577
7182,0,2297,12797,12797,12859,13688
7183,0,25291,38620,38620,16578,35513
7184,0,2643,13143,13143,18584,17177
7185,0,21193,38568,38568,16425,11075
7186,0,5347,15847,15847,17954,13414
7187,0,9032,19532,19532,19805,13810
7188,0,23400,39559,39559,13485,18067
7189,0,581,11081,11081,18182,17895
7190,0,204,10704,10704,19324,11641
7191,0,7896,18396,18396,18127,17441
7192,0,9833,20333,20333,17099,36644
7193,0,2014,12514,12514,18914,15987
7194,0,24900,36099,36099,19409,39047
7195,0,24548,36317,36317,20705,15413
7196,0,905,11405,11405,16474,36206
7197,0,631,11131,11131,11745,14226
7198,0,8461,18961,18961,38878,38981
7199,0,23616,37149,37149,14866,14324
7200,0,1974,12474,12474,14422,37577
7201,0,162,10662,10662,10589,20292
7202,0,4998,15498,15498,14742,17030
7203,0,21085,37008,37008,18042,18825
7204,0,9557,20057,20057,37426,17568
7205,0,24625,37792,37792,13914,10997
7206,0,4713,15213,15213,11971,35806
7207,0,9067,19567,19567,35410,12704
7208,0,1431,11931,11931,38506,18118
7209,0,6868,17368,17368,37197,15282
7210,0,23795,38368,38368,38387,11040
7211,0,7710,18210,18210,11722,17905
7212,0,7736,18236,18236,38881,15551
7213,0,4283,14783,14783,36063,37292
7214,0,7531,18031,18031,10781,19587
7215,0,22330,36571,36571,38656,39642
7216,0,24360,35702,35702,15086,16434
7217,0,10053,20553,20553,36901,20463
7218,0,23773,35505,35505,13567,13888
7219,0,3384,13884,13884,13465,19953
7220,0,23019,39003,39003,14452,18330
7221,0,24116,37007,37007,35224,35752
7222,0,23757,37147,37147,20477,12373
7223,0,7462,17962,17962,38619,38953
7224,0,3331,13831,13831,11161,15956
7225,0,22668,38963,38963,36217,10727
7226,0,23729,35249,35249,17202,16684
7227,0,6404,16904,16904,17077,17865
7228,0,8895,19395,19395,37299,14567
7229,0,2096,12596,12596,14315,17129
7230,0,10195,20695,20695,19596,13817
7231,0,22754,37269,37269,12751,15754
7232,0,7999,18499,18499,36742,15749
7233,0,5017,15517,15517,19178,38927
7234,0,8738,19238,19238,16929,15467
7235,0,1449,11949,11949,13624,38009
7236,0,6900,17400,17400,16970,12675
7237,0,2610,13110,13110,36950,37488
7238,0,1900,12400,12400,10589,20447
7239,0,8186,18686,18686,16156,17753
7240,0,3920,14420,14420,15797,36915
7241,0,2757,13257,13257,17403,37815
7242,0,6397,16897,16897,13226,12704
7243,0,10077,20577,20577,37854,17023
7244,0,21399,37656,37656,12044,38295
7245,0,2097,12597,12597,14641,18567
7246,0,8329,18829,18829,11637,14048
7247,0,23590,38841,38841,38237,14878
7248,0,5624,16124,16124,15147,38965
7249,0,9028,19528,19528,10874,10758
7250,0,3471,13971,13971,35208,38420
7251,0,8266,18766,18766,39132,18554
7252,0,2171,12671,12671,11644,12910
7253,0,25163,38509,38509,15089,13719
7254,0,23760,38439,38439,17488,15615
7255,0,8590,19090,19090,18988,36209
7256,0,2010,12510,12510,20121,16217
7257,0,21320,39343,39343,14542,39523
7258,0,1283,11783,11783,36204,10874
7259,0,23531,37439,37439,35746,35985
7260,0,10028,20528,20528,11404,15031
7261,0,21787,39064,39064,15275,10600
7262,0,1019,11519,11519,38603,39550
7263,0,9518,20018,20018,18400,14007
7264,0,21041,35656,35656,16622,35649
7265,0,8667,19167,19167,37191,36106
7266,0,2810,13310,13310,38256,19510
7267,0,22840,37601,37601,13469,20703
7268,0,1651,12151,12151,18413,20839
7269,0,21913,39085,39085,20098,39033
7270,0,1169,11669,11669,12029,15084
7271,0,24945,35374,35374,16682,16879
7272,0,9398,19898,19898,19577,15923
7273,0,6256,16756,16756,13099,20424
7274,0,5469,15969,15969,20977,11520
7275,0,25326,37754,37754,12551,19205
7276,0,10258,20758,20758,17020,19419
7277,0,867,11367,11367,39217,35267
7278,0,21903,35820,35820,14613,17839
7279,4,5093,15593,19219,17604,36230
7280,0,5433,15933,15933,12681,13194
7281,0,541,11041,11041,17588,11109
7282,0,9324,19824,19824,36965,39191
7283,0,23343,39411,39411,14884,18120
7284,0,6354,16854,16854,39070,39162
7285,0,21198,38667,38667,39410,16778
7286,0,3390,13890,13890,38283,14609
7287,0,22279,35808,35808,13529,38253
7288,0,23640,36105,36105,19975,35171
7289,0,23771,38335,38335,16763,11017
7290,0,23020,39558,39558,17263,17968
7291,0,25037,35429,35429,11801,11935
7292,0,24424,35659,35659,35460,11773
7293,0,3959,14459,14459,35390,18507
7294,1,22815,38569,17353,38569,11354
7295,0,6643,17143,17143,15092,38922
7296,0,6841,17341,17341,10975,14527
7297,0,22546,37065,37065,11746,11749
7298,0,3586,14086,14086,13490,17119
7299,0,23038,36751,36751,16364,17360
7300,0,2563,13063,13063,10948,11551
7301,0,23503,35476,35476,18883,11517
7302,0,21188,38028,38028,38145,15554
7303,0,21142,36586,36586,37115,16925
7304,0,5036,15536,15536,14979,36341
7305,0,1080,11580,11580,15764,14390
7306,0,5891,16391,16391,20722,17439
7307,0,10277,20777,20777,12004,39462
7308,0,21445,35298,35298,14323,12921
7309,0,4966,15466,15466,16413,18344
7310,0,2023,12523,12523,20428,39453
7311,0,21751,38140,38140,15500,37842
7312,0,7909,18409,18409,11626,18454
7313,0,24695,37744,37744,35692,36624
7314,0,7321,17821,17821,36373,39341
7315,0,226,10726,10726,37614,10589
7316,0,1013,11513,11513,36320,14469
7317,0,1929,12429,12429,19153,19606
7318,0,21035,37222,37222,17266,15339
7319,0,5251,15751,15751,15649,35219
7320,0,9596,20096,20096,15939,20775
7321,0,2179,12679,12679,37045,38752
7322,0,697,11197,11197,12776,20710
7323,0,1124,11624,11624,14860,19828
7324,0,7378,17878,17878,10617,17150
7325,0,21586,36938,36938,19683,39369
7326,0,5110,15610,15610,36755,39606
7327,0,7902,18402,18402,19499,16868
7328,0,1778,12278,12278,18745,16237
7329,0,22853,36591,36591,14640,35793
7330,0,2634,13134,13134,16731,19829
7331,0,7544,18044,18044,10506,19016
7332,0,7604,18104,18104,11087,20552
7333,0,3489,13989,13989,14790,13618
7334,0,1037,11537,11537,15237,19839
7335,0,10448,20948,20948,37059,12270
7336,0,21885,36892,36892,36893,16751
7337,0,22221,39567,39567,39228,12217
7338,0,8505,19005,19005,10842,18566
7339,0,2649,13149,13149,18682,35968
7340,0,10473,20973,20973,16354,15065
7341,0,2979,13479,13479,16664,38955
7342,0,2547,13047,13047,36857,14240
7343,0,5132,15632,15632,12019,37452
7344,0,2159,12659,12659,35737,38408
7345,0,21081,35983,35983,11464,39346
7346,0,9114,19614,19614,12800,13728
7347,0,6445,16945,16945,20544,36077
7348,0,3967,14467,14467,36496,16878
7349,0,1428,11928,11928,17177,17862
7350,0,23417,37264,37264,10798,37999
7351,0,2520,13020,13020,15200,11935
7352,0,24767,36632,36632,39286,18878
7353,0,8033,18533,18533,15789,13603
7354,0,24671,37508,37508,13519,12756
7355,0,22124,37604,37604,15984,18109
7356,0,25012,39463,39463,17764,16772
7357,0,448,10948,10948,11551,13063
7358,0,24587,37378,37378,20627,38087
7359,0,9476,19976,19976,15895,39377
7360,0,5995,16495,16495,16140,15131
7361,0,25067,38928,38928,35405,14632
7362,0,3727,14227,14227,18192,19790
7363,0,7353,17853,17853,39214,36084
7364,0,8553,19053,19053,39529,14025
7365,0,6279,16779,16779,18781,14886
7366,0,24970,38069,38069,38907,20436
7367,0,7295,17795,17795,39497,37780
7368,0,9496,19996,19996,16653,12916
7369,0,6251,16751,16751,20969,11695
7370,0,5926,16426,16426,35321,36024
7371,0,2460,12960,12960,37967,20647
7372,0,22,10522,10522,16161,11034
7373,0,2066,12566,12566,10814,38035
7374,0,1653,12153,12153,20343,16130
7375,0,8894,19394,19394,15526,11527
7376,0,8706,19206,19206,36250,38632
7377,0,23749,35589,35589,14920,12867
7378,0,1376,11876,11876,18719,37960
7379,0,1724,12224,12224,39077,39112
7380,0,22995,35314,35314,11716,11886
7381,0,3754,14254,14254,18244,35528
7382,0,22597,35171,35171,19975,17569
7383,0,8652,19152,19152,10964,35506
7384,0,4183,14683,14683,14472,36129
7385,0,4082,14582,14582,20109,13261
7386,0,9678,20178,20178,20942,38021
7387,0,21071,36524,36524,11889,37112
7388,0,8474,18974,18974,15145,17702
7389,0,6579,17079,17079,11773,35460
7390,0,4558,15058,15058,17431,39427
7391,0,3537,14037,14037,13407,19870
7392,0,7003,17503,17503,20640,14926
7393,0,24703,35427,35427,12115,20697
7394,0,9560,20060,20060,38853,20254
7395,0,22858,38872,38872,20372,15756
7396,0,24741,39143,39143,16018,15878
7397,0,8789,19289,19289,18866,16320
7398,0,9951,20451,20451,38345,12940
7399,0,646,11146,11146,11080,19939
7400,0,6381,16881,16881,39417,16298
7401,0,7527,18027,18027,37834,38341
7402,0,22920,39199,39199,11385,11314
7403,0,22812,36727,36727,13098,15915
7404,0,7165,17665,17665,38277,14787
7405,0,23912,36314,36314,14390,35279
7406,0,23010,36601,36601,18492,15559
7407,0,7697,18197,18197,13889,16767
7408,0,22652,35836,35836,35405,17025
7409,0,23461,38773,38773,15690,37807
7410,0,4875,15375,15375,17637,37584
7411,0,21332,35390,35390,36135,14459
7412,0,22514,37539,37539,35316,11604
7413,0,5341,15841,15841,10951,36373
7414,0,22998,37450,37450,35942,35286
7415,0,7031,17531,17531,17360,16512
7416,0,2160,12660,12660,14211,20057
7417,0,685,11185,11185,38580,14927
7418,0,24060,39407,39407,15082,17801
7419,0,23876,36089,36089,37681,37467
7420,0,2461,12961,12961,37443,13217
7421,0,24174,35683,35683,17227,38459
7422,0,21260,36543,36543,16477,19165
7423,0,7128,17628,17628,12467,37557
7424,0,6267,16767,16767,18673,18197
7425,0,4941,15441,15441,38736,37714
7426,0,5946,16446,16446,13372,11448
7427,0,4583,15083,15083,35860,18556
7428,0,5784,16284,16284,18734,17484
7429,0,10422,20922,20922,19508,11804
7430,0,7569,18069,18069,17806,38196
7431,0,23728,37431,37431,20133,13882
7432,0,22534,35166,35166,36862,15958
7433,0,521,11021,11021,13238,39195
7434,0,8714,19214,19214,17967,13702
7435,0,21746,37852,37852,19234,16479
7436,0,24438,38060,38060,20793,16234
7437,0,3983,14483,14483,12704,19544
7438,0,23687,38998,38998,12853,38126
7439,0,22276,38379,38379,11877,14082
7440,0,780,11280,11280,20067,18878
7441,0,21472,35267,35267,12541,36881
7442,0,23884,39141,39141,19835,13953
7443,0,5607,16107,16107,19608,16594
7444,0,5978,16478,16478,19639,20498
7445,0,8843,19343,19343,17744,14814
7446,0,3747,14247,14247,39144,16974
7447,0,2196,12696,12696,19774,37712
7448,0,8561,19061,19061,13919,16564
7449,0,23077,39481,39481,11817,19093
7450,0,4285,14785,14785,20626,13219
7451,0,8569,19069,19069,37764,14832
7452,0,10408,20908,20908,19872,14239
7453,0,9832,20332,20332,38071,35906
7454,0,9805,20305,20305,11612,20685
7455,0,6979,17479,17479,35957,20633
7456,0,1827,12327,12327,15899,18689
7457,0,23627,36478,36478,16553,14667
7458,0,9154,19654,19654,38657,17909
7459,0,23285,38855,38855,12614,38808
7460,0,22820,39169,39169,39329,17306
7461,0,2376,12876,12876,19145,14243
7462,0,8551,19051,19051,19994,11155
7463,0,3839,14339,14339,38237,17266
7464,0,25432,38846,38846,20721,19430
7465,0,1246,11746,11746,20239,11749
7466,0,7504,18004,18004,14883,13247
7467,0,21468,36137,36137,19749,11625
7468,0,6511,17011,17011,17363,14250
7469,0,24072,36540,36540,39511,38467
7470,0,23677,38387,38387,14395,38368
7471,0,5439,15939,15939,20096,11700
7472,0,23069,35413,35413,37796,15461
7473,0,24201,36269,36269,20847,17966
7474,0,10229,20729,20729,37096,18438
7475,0,23085,38530,38530,35425,11905
7476,0,8964,19464,19464,35832,20321
7477,0,25431,35335,35335,16930,38503
7478,0,22943,36408,36408,11439,13975
7479,0,23887,39232,39232,13186,13954
7480,0,23164,38971,38971,14021,20458
7481,0,5510,16010,16010,37076,35993
7482,0,5330,15830,15830,11709,12850
7483,0,4531,15031,15031,14107,17395
7484,0,9866,20366,20366,17207,38776
7485,0,365,10865,10865,12338,11286
7486,0,21964,36771,36771,14353,12968
7487,0,21306,39627,39627,14703,17855
7488,0,147,10647,10647,15769,13360
7489,0,1668,12168,12168,38363,38356
7490,0,22284,35934,35934,35179,36837
7491,0,22054,37926,37926,16853,36106
7492,0,7650,18150,18150,11724,16657
7493,0,8599,19099,19099,37339,37015
7494,0,22364,36352,36352,39549,18119
7495,0,7788,18288,18288,14200,20644
7496,0,3456,13956,13956,11807,12219
7497,0,24673,36422,36422,14681,19016
7498,0,3271,13771,13771,19774,12446
7499,0,4940,15440,15440,38987,17275
7500,0,9223,19723,19723,38671,37908
7501,0,24439,36755,36755,15610,10836
7502,0,6230,16730,16730,14174,38705
7503,0,24247,38020,38020,15055,38174
7504,0,22575,37160,37160,38585,17103
7505,0,9047,19547,19547,36663,38173
7506,0,3926,14426,14426,15531,11483
7507,0,24091,37468,37468,35402,20259
7508,0,8080,18580,18580,12693,39610
7509,0,78,10578,10578,14979,36341
7510,0,7088,17588,17588,16568,14086
7511,0,2247,12747,12747,13656,39512
7512,0,24185,37009,37009,19517,36904
7513,0,21430,39579,39579,17082,20071
7514,0,24207,39067,39067,12711,13504
7515,0,22032,37059,37059,36105,19492
7516,0,7451,17951,17951,38317,15408
7517,0,8980,19480,19480,15155,14734
7518,0,2279,12779,12779,15399,12507
7519,0,8123,18623,18623,14650,36693
7520,0,3897,14397,14397,39571,15616
7521,0,24723,36717,36717,13328,19925
7522,0,7177,17677,17677,13268,35477
7523,0,9312,19812,19812,38550,17873
7524,0,24680,38850,38850,16416,36285
7525,0,3631,14131,14131,14631,15501
7526,0,21617,37587,37587,36106,11126
7527,0,6272,16772,16772,12438,17764
7528,0,8616,19116,19116,10949,16690
7529,0,392,10892,10892,12838,38491
7530,0,3191,13691,13691,14730,17735
7531,0,16,10516,10516,16244,18927
7532,0,4200,14700,14700,11833,38807
7533,0,2672,13172,13172,36308,37910
7534,0,22248,38976,38976,35768,11501
7535,0,6164,16664,16664,16119,19836
7536,0,24574,36946,36946,16666,11390
7537,0,3493,13993,13993,35156,35387
7538,0,9651,20151,20151,16672,13810
7539,0,22001,37361,37361,18751,14118
7540,0,7394,17894,17894,14297,39364
7541,0,4839,15339,15339,17266,38986
7542,0,593,11093,11093,12852,20110
7543,0,22740,36681,36681,16865,13830
7544,0,21491,38636,38636,15067,17923
7545,0,8737,19237,19237,39178,39385
7546,0,5827,16327,16327,19213,15672
7547,0,24187,35403,35403,15392,38901
7548,0,7961,18461,18461,37607,19411
7549,0,5887,16387,16387,39594,19680
7550,0,2355,12855,12855,18607,14797
7551,0,6036,16536,16536,13378,36142
7552,0,4798,15298,15298,11332,37669
7553,0,25117,35288,35288,12242,20576
7554,0,25379,38790,38790,15369,12253
7555,0,4592,15092,15092,38523,18107
7556,0,25281,35888,35888,16478,12166
7557,0,8656,19156,19156,13712,36909
7558,0,163,10663,10663,10703,10820
7559,0,21627,38561,38561,16503,14268
7560,0,21169,38819,38819,11686,11822
7561,0,22398,39325,39325,16425,11075
7562,0,7380,17880,17880,19060,37938
7563,0,24754,39591,39591,12460,12553
7564,0,10201,20701,20701,11651,16369
7565,0,6356,16856,16856,17178,19004
7566,0,24841,35930,35930,19145,10725
7567,0,9092,19592,19592,36747,36017
7568,0,5542,16042,16042,18941,14521
7569,0,6007,16507,16507,36104,37990
7570,0,7993,18493,18493,19489,35867
7571,0,7638,18138,18138,36311,36628
7572,2,6793,17293,17392,11711,17293
7573,0,23543,35554,35554,17710,38779
7574,0,7758,18258,18258,10880,12869
7575,0,4837,15337,15337,16828,13075
7576,0,2293,12793,12793,18842,20169
7577,0,6548,17048,17048,16751,19720
7578,0,7898,18398,18398,15718,19433
7579,0,4481,14981,14981,14578,36264
7580,0,3716,14216,14216,13091,10723
7581,0,24399,35491,35491,13591,16535
7582,0,6140,16640,16640,14634,38675
7583,0,9956,20456,20456,18068,37172
7584,0,1549,12049,12049,15150,17075
7585,0,25123,35875,35875,19521,18037
7586,0,10331,20831,20831,10694,14812
7587,0,2044,12544,12544,11438,16374
7588,0,767,11267,11267,18648,10646
7589,0,5693,16193,16193,37449,17772
7590,0,7870,18370,18370,15927,14580
7591,0,9700,20200,20200,11182,36911
7592,0,7857,18357,18357,38797,39474
7593,0,3302,13802,13802,16858,20363
7594,0,4517,15017,15017,10762,36568
7595,0,21292,38504,38504,38099,16840
7596,0,21958,37800,37800,15962,13357
7597,2,3292,13792,15162,11096,13792
7598,0,9011,19511,19511,20204,37825
7599,0,1403,11903,11903,16528,13505
7600,0,1382,11882,11882,20316,13202
7601,0,10340,20840,20840,11622,15270
7602,0,6928,17428,17428,19326,13806
7603,0,5671,16171,16171,35878,11293
7604,0,1638,12138,12138,15376,13742
7605,0,21822,39350,39350,39061,16816
7606,0,6907,17407,17407,13167,14824
7607,0,8591,19091,19091,13534,35964
7608,0,6406,16906,16906,14643,15622
7609,0,9074,19574,19574,35526,16365
7610,0,21080,36411,36411,18015,35487
7611,0,1179,11679,11679,12994,19353
7612,0,5448,15948,15948,18643,15825
7613,0,10322,20822,20822,16670,17637
7614,0,5078,15578,15578,18264,18445
7615,0,8648,19148,19148,37659,38602
7616,0,5175,15675,15675,16326,13835
7617,0,10142,20642,20642,17391,12466
7618,0,689,11189,11189,20854,17562
7619,0,24528,37939,37939,35409,13682
7620,0,6525,17025,17025,38990,15622
7621,0,24594,39385,39385,39178,14972
7622,0,6488,16988,16988,17261,14830
7623,0,10145,20645,20645,13737,11778
7624,0,7154,17654,17654,16131,12751
7625,0,25173,37266,37266,11834,16652
7626,0,6610,17110,17110,16655,19346
7627,0,25386,35556,35556,11840,13972
7628,0,24490,37498,37498,35395,38112
7629,0,22369,37531,37531,10666,39550
7630,0,4349,14849,14849,11622,11300
7631,0,1884,12384,12384,16750,20641
7632,0,24341,37618,37618,20715,16867
7633,0,2494,12994,12994,14892,37707
7634,0,5947,16447,16447,11412,13063
7635,0,3036,13536,13536,37111,35609
7636,0,5777,16277,16277,12753,15000
7637,0,21899,36449,36449,12976,14520
7638,0,845,11345,11345,12221,35685
7639,0,8734,19234,19234,11744,35451
7640,0,21711,36570,36570,12135,14094
7641,0,24544,36525,36525,13840,38828
7642,0,7967,18467,18467,16635,17842
7643,0,21611,37373,37373,16522,13723
7644,0,7340,17840,17840,38364,11703
7645,0,24531,38173,38173,19547,36663
7646,0,24367,37053,37053,12757,16424
7647,0,7137,17637,17637,13657,19789
7648,0,2964,13464,13464,17351,13487
7649,0,2529,13029,13029,14445,37894
7650,0,5772,16272,16272,17897,36418
7651,4,1048,11548,36102,35170,18908
7652,0,7045,17545,17545,15170,20393
7653,0,1960,12460,12460,19644,17025
7654,0,2530,13030,13030,19372,17559
7655,0,23660,35792,35792,11829,36344
7656,0,8429,18929,18929,19344,19918
7657,0,4917,15417,15417,35822,37245
7658,0,9325,19825,19825,18674,17831
7659,0,5901,16401,16401,13935,19672
7660,0,8286,18786,18786,38506,18093
7661,0,4259,14759,14759,13785,18848
7662,0,25197,37506,37506,13233,18094
7663,0,22430,38155,38155,20511,13092
7664,0,5656,16156,16156,18686,13946
7665,0,6097,16597,16597,15098,35967
7666,0,5907,16407,16407,16947,10831
7667,0,7373,17873,17873,12867,18093
7668,0,2978,13478,13478,14290,35612
7669,0,25042,37951,37951,16824,38235
7670,0,24181,38617,38617,13584,39214
7671,0,6721,17221,17221,16540,39412
7672,0,7842,18342,18342,17661,12768
7673,0,8264,18764,18764,20010,13617
7674,0,25142,37820,37820,15878,35477
7675,0,21524,36765,36765,20462,35346
7676,0,3138,13638,13638,37382,39022
7677,0,8325,18825,18825,17951,18000
7678,0,25052,39550,39550,11519,15074
7679,0,22591,38508,38508,12018,38507
7680,0,21441,36075,36075,17845,17658
7681,0,1826,12326,12326,15067,18865
7682,0,5548,16048,16048,14257,14033
7683,0,8785,19285,19285,11484,35841
7684,0,24373,35571,35571,13211,12540
7685,0,560,11060,11060,11025,13182
7686,0,23967,38024,38024,12316,11438
7687,0,8435,18935,18935,19801,11889
7688,0,5435,15935,15935,15797,20107
7689,0,4437,14937,14937,39590,14231
7690,0,10382,20882,20882,39622,14507
7691,0,8597,19097,19097,14390,15333
7692,0,1442,11942,11942,17167,36116
7693,0,8453,18953,18953,37435,17867
7694,0,4406,14906,14906,16718,16691
7695,0,25475,38957,38957,13091,15657
7696,0,1689,12189,12189,12762,19830
7697,0,22151,39461,39461,12553,12341
7698,0,9917,20417,20417,15475,14500
7699,0,24861,38152,38152,18199,36596
7700,0,5962,16462,16462,20194,18920
7701,0,2496,12996,12996,17128,38639
7702,0,24681,39260,39260,10671,38217
7703,0,340,10840,10840,18747,12748
7704,0,2408,12908,12908,17466,12064
7705,0,9793,20293,20293,15415,14365
7706,0,25336,37165,37165,17382,17299
7707,0,5782,16282,16282,37902,16790
7708,0,4576,15076,15076,35819,36828
7709,0,3725,14225,14225,18095,19942
7710,0,23228,39580,39580,11313,38990
7711,0,2785,13285,13285,17627,12902
7712,0,9715,20215,20215,17305,11705
7713,0,22984,37556,37556,36752,13523
7714,0,21911,38756,38756,13418,13442
7715,0,1012,11512,11512,13723,38127
7716,0,5280,15780,15780,38747,12737
7717,0,4895,15395,15395,15781,16961
7718,0,9958,20458,20458,14021,38971
7719,0,7121,17621,17621,18351,35679
7720,0,6549,17049,17049,20189,38228
7721,0,4037,14537,14537,13784,16803
7722,0,148,10648,10648,18570,20775
7723,0,285,10785,10785,36674,37273
7724,0,24837,39317,39317,19146,12760
7725,0,8555,19055,19055,12505,13542
7726,0,24771,36789,36789,16354,12672
7727,0,23360,37246,37246,36081,20988
7728,0,9732,20232,20232,35588,14880
7729,0,6770,17270,17270,38858,14991
7730,0,4443,14943,14943,19439,20778
7731,0,7446,17946,17946,11955,17358
7732,0,236,10736,10736,38157,18059
7733,0,21476,39047,39047,17490,12886
7734,0,23307,35408,35408,12606,35779
7735,0,7123,17623,17623,17331,36759
7736,0,23669,37162,37162,13144,17663
7737,0,22415,38994,38994,39390,37030
7738,0,3083,13583,13583,38912,17770
7739,0,22286,39030,39030,19137,14164
7740,0,10294,20794,20794,38440,14742
7741,0,632,11132,11132,37872,35303
7742,0,6813,17313,17313,10901,14506
7743,0,2493,12993,12993,35267,17852
7744,0,2665,13165,13165,18305,10620
7745,0,23504,37385,37385,35570,19628
7746,0,21843,37469,37469,14770,12160
7747,0,24075,37267,37267,20647,12960
7748,0,24523,35180,35180,13957,10829
7749,0,10060,20560,20560,14183,19039
7750,0,23574,36465,36465,36078,18186
7751,0,21767,36729,36729,17539,38860
7752,0,22206,37351,37351,11490,36200
7753,0,4211,14711,14711,15587,19303
7754,0,9686,20186,20186,36594,20719
7755,0,22730,35247,35247,38528,20275
7756,0,3874,14374,14374,12902,36112
7757,0,9424,19924,19924,17825,37741
7758,0,21814,35507,35507,19407,13720
7759,0,2817,13317,13317,16937,13440
7760,0,21634,38416,38416,19788,13593
7761,0,24378,38968,38968,18322,11626
7762,0,23883,39375,39375,19745,37243
7763,0,24030,38131,38131,17224,14724
7764,0,7426,17926,17926,14034,19448
7765,0,24983,38315,38315,39150,11689
7766,0,25371,37355,37355,39206,38032
7767,0,24934,35907,35907,16284,12006
7768,0,24344,38467,38467,10903,35935
7769,0,9777,20277,20277,11643,12341
7770,0,1735,12235,12235,37190,19399
7771,0,7397,17897,17897,16272,14878
7772,0,24268,35669,35669,12913,37608
7773,0,4255,14755,14755,35378,16415
7774,0,25394,38529,38529,12442,17486
7775,0,2475,12975,12975,11451,36556
7776,0,22673,35410,35410,36617,11363
7777,0,23863,39628,39628,13818,15281
7778,0,3713,14213,14213,19484,12200
7779,0,22882,38128,38128,14345,12152
7780,0,1804,12304,12304,38758,38602
7781,0,707,11207,11207,15028,13174
7782,0,21675,35892,35892,15564,37741
7783,0,24426,38454,38454,37139,36000
7784,0,5189,15689,15689,18186,19032
7785,0,21344,37707,37707,20677,19185
7786,0,5472,15972,15972,19665,13286
7787,0,72,10572,10572,36658,17266
7788,0,7843,18343,18343,17484,19242
7789,0,5101,15601,15601,17614,39028
7790,0,6764,17264,17264,17907,14043
7791,0,9382,19882,19882,16434,35250
7792,0,23427,35447,35447,17926,11654
7793,0,1125,11625,11625,19749,13865
7794,0,1241,11741,11741,36917,13104
7795,0,22677,36994,36994,14669,10890
7796,0,23693,38822,38822,11677,18567
7797,0,2349,12849,12849,18206,37030
7798,0,24603,36197,36197,37820,11308
7799,0,6602,17102,17102,19798,19056
7800,0,22432,36854,36854,35290,18441
7801,0,6780,17280,17280,35635,19805
7802,0,9769,20269,20269,12864,17834
7803,0,23419,36752,36752,13523,37556
7804,0,24611,36575,36575,18185,14807
7805,0,4358,14858,14858,19928,13080
7806,0,1343,11843,11843,14035,37117
7807,0,25308,39634,39634,39228,39567
7808,0,22700,37680,37680,17949,39110
7809,0,25265,39022,39022,20895,11016
7810,0,8632,19132,19132,16973,20128
7811,0,6652,17152,17152,18318,11221
7812,0,1100,11600,11600,20103,37511
7813,0,21297,35483,35483,17855,16755
7814,0,9160,19660,19660,11925,15621
7815,0,8841,19341,19341,13300,11814
7816,0,9738,20238,20238,12994,19405
7817,0,7327,17827,17827,15067,15878
7818,1,7622,18122,39513,18122,14915
7819,0,987,11487,11487,10946,39537
7820,0,22749,35312,35312,18809,13858
7821,0,2852,13352,13352,10796,11190
7822,0,22748,36349,36349,11741,36917
7823,0,8853,19353,19353,14522,11679
7824,0,630,11130,11130,16067,19300
7825,0,1249,11749,11749,37243,37420
7826,0,3179,13679,13679,35295,35372
7827,0,482,10982,10982,36117,14741
7828,0,9776,20276,20276,20384,11081
7829,0,9654,20154,20154,13510,19054
7830,0,3040,13540,13540,39443,14960
7831,0,5010,15510,15510,10720,39588
7832,0,22123,39553,39553,37539,35316
7833,0,7000,17500,17500,13870,12647
7834,0,3273,13773,13773,17266,38055
7835,0,7227,17727,17727,12078,17654
7836,0,3683,14183,14183,20560,18048
7837,0,6674,17174,17174,17690,35453
7838,0,6807,17307,17307,15670,16603
7839,0,22727,36991,36991,20138,15012
7840,0,23896,39258,39258,17818,18416
7841,0,1316,11816,11816,11019,11497
7842,0,3225,13725,13725,16198,36243
7843,0,1072,11572,11572,16060,14824
7844,0,4815,15315,15315,37672,39156
7845,0,24948,37327,37327,36673,11084
7846,0,23196,35477,35477,38955,20056
7847,0,9852,20352,20352,19591,19192
7848,0,5752,16252,16252,19598,37411
7849,0,22477,35271,35271,36717,36792
7850,0,23345,38377,38377,15927,18157
7851,0,4616,15116,15116,19353,36524
7852,0,3097,13597,13597,11652,18457
7853,0,22993,36822,36822,14483,16826
7854,0,25151,38816,38816,37999,38535
7855,0,6869,17369,17369,16140,17254
7856,0,1300,11800,11800,37043,13618
7857,0,7285,17785,17785,20074,19509
7858,0,6284,16784,16784,12166,12322
7859,0,24151,37280,37280,37809,14072
7860,0,23200,37959,37959,38742,37577
7861,0,5495,15995,15995,39117,14000
7862,0,5291,15791,15791,17567,18894
7863,0,9600,20100,20100,36240,19159
7864,0,10037,20537,20537,15379,37734
7865,0,1798,12298,12298,13899,17369
7866,0,21184,36803,36803,39326,19368
7867,0,9667,20167,20167,18252,15701
7868,0,5203,15703,15703,35233,17963
7869,0,8227,18727,18727,35614,38094
7870,0,5047,15547,15547,20925,39375
7871,0,6441,16941,16941,18931,10725
7872,0,8636,19136,19136,14658,11022
7873,0,8105,18605,18605,36211,18436
7874,0,2359,12859,12859,37195,13688
7875,0,25390,38734,38734,38073,39002
7876,0,3654,14154,14154,19571,10735
7877,0,7052,17552,17552,19362,15263
7878,0,22795,36025,36025,12510,37056
7879,0,1286,11786,11786,16591,19773
7880,0,23512,38348,38348,15842,14822
7881,0,4445,14945,14945,38343,15622
7882,0,23518,36262,36262,16508,20884
7883,0,2137,12637,12637,14956,14697
7884,0,6787,17287,17287,35281,36037
7885,0,24957,35482,35482,35220,18449
7886,0,22131,36862,36862,37198,15958
7887,0,21176,39386,39386,18046,12590
7888,1,9873,20373,16015,20373,13505
7889,0,23794,39281,39281,13860,39483
7890,0,22564,39240,39240,11866,16016
7891,0,22950,38109,38109,15140,15722
7892,0,6894,17394,17394,17006,11473
7893,0,9884,20384,20384,20276,18922
7894,0,25348,38392,38392,10723,18930
7895,0,24684,35387,35387,20874,35591
7896,0,24365,36481,36481,39160,35351
7897,0,8564,19064,19064,19791,10726
7898,0,7151,17651,17651,16943,18809
7899,0,963,11463,11463,39502,39384
7900,0,6012,16512,16512,39612,13057
7901,0,4882,15382,15382,18027,37834
7902,0,140,10640,10640,39219,20959
7903,0,25226,36700,36700,36852,36575
7904,0,24666,38205,38205,37542,16100
7905,0,8906,19406,19406,36610,12340
7906,0,6936,17436,17436,19995,13193
7907,0,6542,17042,17042,19577,36287
7908,0,5243,15743,15743,36660,15344
7909,0,23487,36034,36034,20643,13676
7910,0,10030,20530,20530,15829,20516
7911,0,4431,14931,14931,36658,35405
7912,0,24600,37178,37178,14730,11129
7913,0,406,10906,10906,15433,39642
7914,0,8212,18712,18712,12107,36748
7915,0,9196,19696,19696,36575,39503
7916,0,22974,37194,37194,18698,20702
7917,0,23712,35257,35257,20968,20461
7918,0,21490,35391,35391,12233,13717
7919,0,21103,38389,38389,16178,39128
7920,0,22537,35236,35236,39098,14213
7921,0,9135,19635,19635,11164,18600
7922,0,8234,18734,18734,19729,16421
7923,0,22065,35676,35676,10760,16845
7924,0,23220,36217,36217,38963,38641
7925,0,23459,35868,35868,36654,17301
7926,0,23974,36210,36210,36082,18874
7927,0,4399,14899,14899,11910,20030
7928,0,5252,15752,15752,14811,13315
7929,0,11,10511,10511,10675,12884
7930,0,4760,15260,15260,18173,15613
7931,0,1177,11677,11677,38822,19693
7932,0,10139,20639,20639,38955,12821
7933,0,21877,35347,35347,17658,19184
7934,0,2863,13363,13363,37782,38814
7935,0,6471,16971,16971,18772,20041
7936,0,24581,36711,36711,11703,20684
7937,0,6228,16728,16728,14984,35312
7938,0,9218,19718,19718,17104,16531
7939,0,24842,36694,36694,36488,13352
7940,0,2989,13489,13489,15137,15766
7941,0,9153,19653,19653,15628,16409
7942,0,22552,35735,35735,38455,36736
7943,0,7117,17617,17617,19042,13686
7944,0,23365,35861,35861,11110,36731
7945,0,7010,17510,17510,14335,35849
7946,0,22188,36184,36184,35805,38537
7947,0,23068,37485,37485,36761,12456
7948,0,21364,36414,36414,38987,19980
7949,0,8927,19427,19427,17526,20081
7950,0,1440,11940,11940,18332,12829
7951,0,24322,39274,39274,13446,16731
7952,0,2875,13375,13375,12451,17738
7953,1,22585,36832,16125,36832,13390
7954,0,9108,19608,19608,17281,16107
7955,0,24540,38306,38306,37625,37305
7956,0,22852,37850,37850,38440,20794
7957,0,25062,36935,36935,20703,20850
7958,0,25466,35993,35993,14275,35877
7959,0,7232,17732,17732,39579,14486
7960,0,3726,14226,14226,35528,11131
7961,0,2772,13272,13272,12045,18374
7962,0,9816,20316,20316,37206,11882
7963,0,454,10954,10954,18100,12861
7964,0,9013,19513,19513,12729,37846
7965,0,8189,18689,18689,11594,12327
7966,0,1367,11867,11867,36154,17259
7967,0,3712,14212,14212,13680,12172
7968,0,22851,39437,39437,35157,10694
7969,0,1388,11888,11888,10693,16816
7970,0,9042,19542,19542,37535,38616
7971,0,1000,11500,11500,11480,11273
7972,0,7761,18261,18261,36455,10795
7973,0,3553,14053,14053,37741,18788
7974,0,4114,14614,14614,17527,12982
7975,0,9829,20329,20329,39507,12501
7976,0,1667,12167,12167,11268,20648
7977,0,3173,13673,13673,37159,37189
7978,0,23329,37687,37687,12402,17440
7979,0,9539,20039,20039,12235,36951
7980,0,23039,38760,38760,11308,37224
7981,0,488,10988,10988,39566,39366
7982,0,3230,13730,13730,39388,15624
7983,0,3828,14328,14328,18049,12596
7984,0,22588,35478,35478,13737,16320
7985,0,25294,37634,37634,38761,37608
7986,0,5208,15708,15708,36884,19611
7987,0,7848,18348,18348,36714,13084
7988,0,21854,36078,36078,11880,18186
7989,0,5704,16204,16204,11134,20356
7990,0,22872,39121,39121,15028,20709
7991,0,8133,18633,18633,16954,13449
7992,0,703,11203,11203,38133,20238
7993,0,5105,15605,15605,12526,20111
7994,0,24632,38000,38000,19587,11005
7995,0,3291,13791,13791,11438,20047
7996,0,8125,18625,18625,17088,19350
7997,0,21380,36519,36519,36412,38285
7998,0,25335,35254,35254,35522,16969
7999,0,9519,20019,20019,14632,36321
8000,0,24992,39108,39108,16745,15593
8001,0,21849,38190,38190,19591,11756
8002,0,4909,15409,15409,38930,18601
8003,0,4440,14940,14940,39516,37805
8004,0,24364,38317,38317,17951,20648
8005,0,986,11486,11486,20669,38231
8006,0,23159,38919,38919,11178,17555
8007,0,22384,38517,38517,16522,20866
8008,0,24023,39023,39023,12744,15799
8009,0,7705,18205,18205,38370,14547
8010,0,24034,36895,36895,38227,15532
8011,0,6257,16757,16757,36192,16541
8012,0,22014,36331,36331,39490,19976
8013,0,6089,16589,16589,37459,20331
8014,0,22389,35320,35320,14620,39590
8015,0,5238,15738,15738,19509,20816
8016,0,21725,36719,36719,35746,37439
8017,0,1198,11698,11698,38911,39590
8018,0,21436,37027,37027,17516,11661
8019,0,9710,20210,20210,15281,13692
8020,0,22729,38266,38266,16312,16948
8021,0,7519,18019,18019,12477,16757
8022,0,6812,17312,17312,35256,35255
8023,0,9991,20491,20491,14637,14710
8024,0,9206,19706,19706,20274,37692
8025,0,8320,18820,18820,37603,14136
8026,0,9556,20056,20056,39443,14920
8027,0,10225,20725,20725,15123,14329
8028,0,7175,17675,17675,16075,38267
8029,0,4470,14970,14970,14096,14249
8030,0,891,11391,11391,39057,17075
8031,0,22737,35639,35639,37577,38964
8032,0,1969,12469,12469,37880,20220
8033,0,5757,16257,16257,36131,35674
8034,0,6527,17027,17027,20810,11440
8035,0,6294,16794,16794,35768,19105
8036,0,21982,39513,39513,14854,14915
8037,0,7595,18095,18095,13972,11840
8038,0,9110,19610,19610,36952,11227
8039,0,3249,13749,13749,35597,17000
8040,0,6570,17070,17070,14935,20061
8041,0,6638,17138,17138,12543,18315
8042,0,7351,17851,17851,20496,36693
8043,0,21696,38420,38420,36823,10743
8044,0,9400,19900,19900,37460,14643
8045,0,21316,36714,36714,18348,16990
8046,0,7473,17973,17973,35705,36230
8047,0,25175,37158,37158,36548,36751
8048,0,21439,36911,36911,35566,18052
8049,0,24147,38475,38475,12367,12394
8050,0,23471,38514,38514,15333,14390
8051,0,1239,11739,11739,38026,15701
8052,0,2289,12789,12789,38312,11486
8053,0,2740,13240,13240,19362,13724
8054,0,8467,18967,18967,19826,17228
8055,0,4585,15085,15085,38353,16341
8056,0,9227,19727,19727,35870,11677
8057,0,1229,11729,11729,20358,17764
8058,0,9200,19700,19700,35304,12972
8059,0,6980,17480,17480,14930,11695
8060,0,5178,15678,15678,10523,39307
8061,0,24735,36674,36674,38605,13445
8062,0,24804,35378,35378,14755,36470
8063,0,4293,14793,14793,14031,35457
8064,0,1058,11558,11558,38926,37735
8065,0,6262,16762,16762,16555,38796
8066,0,22844,35690,35690,17360,36751
8067,0,281,10781,10781,13325,19587
8068,0,9235,19735,19735,15767,37451
8069,0,9508,20008,20008,14686,14440
8070,0,968,11468,11468,35405,16006
8071,0,24852,35227,35227,12855,15045
8072,0,3953,14453,14453,15870,35504
8073,0,1939,12439,12439,38718,20127
8074,0,23781,37335,37335,14201,18766
8075,0,1274,11774,11774,13860,18084
8076,0,619,11119,11119,38814,16494
8077,0,21268,37403,37403,10895,35432
8078,0,1742,12242,12242,35288,17870
8079,0,1390,11890,11890,18220,20640
8080,0,2203,12703,12703,38643,35415
8081,0,9771,20271,20271,19655,18980
8082,0,9847,20347,20347,15566,17093
8083,0,3568,14068,14068,38039,17244
8084,0,23046,35198,35198,19163,16582
8085,0,10404,20904,20904,12849,35642
8086,0,6116,16616,16616,15091,17799
8087,0,23859,39610,39610,15405,15562
8088,0,6052,16552,16552,11691,19937
8089,0,3178,13678,13678,12938,12074
8090,0,3192,13692,13692,13383,20650
8091,0,9499,19999,19999,19351,14239
8092,0,6099,16599,16599,38353,15085
8093,0,7029,17529,17529,10552,12695
8094,0,575,11075,11075,16425,13938
8095,0,24565,35206,35206,12037,37100
8096,0,6656,17156,17156,37795,18990
8097,0,7115,17615,17615,38152,18199
8098,0,22772,38731,38731,17857,15280
8099,0,6276,16776,16776,12000,36710
8100,0,9472,19972,19972,19668,18483
8101,0,21882,38135,38135,16288,11041
8102,0,23585,35737,35737,19377,12659
8103,0,5897,16397,16397,36328,20114
8104,0,5724,16224,16224,15737,14067
8105,1,10185,20685,19940,20685,10660
8106,0,23675,35485,35485,35992,18539
8107,0,269,10769,10769,16177,20617
8108,0,629,11129,11129,14730,13691
8109,0,23668,36624,36624,14010,14412
8110,0,3081,13581,13581,13980,35268
8111,0,3466,13966,13966,19883,37660
8112,0,6430,16930,16930,35335,14646
8113,0,24429,38634,38634,20954,15095
8114,0,7062,17562,17562,20854,11189
8115,0,21763,37242,37242,15812,19150
8116,0,22710,36869,36869,12287,18796
8117,0,22714,39303,39303,11596,14415
8118,0,5543,16043,16043,19181,36173
8119,0,10238,20738,20738,14452,38917
8120,0,4356,14856,14856,36428,12118
8121,0,25323,38333,38333,17187,12629
8122,0,2113,12613,12613,17285,18368
8123,0,8219,18719,18719,10746,12319
8124,0,10232,20732,20732,20269,16359
8125,0,22390,36774,36774,14823,37395
8126,0,24385,38892,38892,16968,17510
8127,0,3216,13716,13716,12979,15259
8128,0,3814,14314,14314,35696,36980
8129,0,8321,18821,18821,14990,17362
8130,0,22982,37530,37530,38941,38604
8131,0,2278,12778,12778,11060,13840
8132,0,4599,15099,15099,37179,14374
8133,0,13,10513,10513,36408,11439
8134,0,21377,38500,38500,12413,12407
8135,0,1525,12025,12025,17316,35985
8136,0,2365,12865,12865,39391,38984
8137,0,4648,15148,15148,16704,17508
8138,0,21535,35898,35898,12830,14237
8139,0,24061,36851,36851,11709,17315
8140,0,24883,35186,35186,14030,36325
8141,0,374,10874,10874,13189,35173
8142,0,24065,37427,37427,12424,12711
8143,0,6477,16977,16977,16185,10848
8144,0,525,11025,11025,11060,13182
8145,0,9131,19631,19631,37036,12504
8146,0,21130,39314,39314,15341,39309
8147,0,6895,17395,17395,14561,12306
8148,0,10339,20839,20839,13174,20709
8149,0,3591,14091,14091,37363,20251
8150,0,21647,35760,35760,38875,15677
8151,0,7904,18404,18404,20008,14686
8152,0,2958,13458,13458,20378,14396
8153,0,23932,36469,36469,17365,13589
8154,0,529,11029,11029,35858,15235
8155,0,3714,14214,14214,38908,13237
8156,0,4732,15232,15232,18639,19306
8157,0,9461,19961,19961,12910,20110
8158,0,21914,37127,37127,35799,37135
8159,0,1394,11894,11894,18415,17170
8160,0,22452,36855,36855,35357,37210
8161,0,22241,37236,37236,20589,20409
8162,0,9989,20489,20489,15843,12459
8163,0,22849,35825,35825,13256,37198
8164,0,9633,20133,20133,13159,13882
8165,0,23066,35228,35228,18381,37372
8166,0,22354,39448,39448,11562,12031
8167,0,24128,36657,36657,12660,38057
8168,0,5631,16131,16131,10617,17654
8169,0,9465,19965,19965,35986,35383
8170,0,6563,17063,17063,39149,18525
8171,0,4703,15203,15203,18045,10845
8172,0,1712,12212,12212,15115,15069
8173,0,22556,39289,39289,20732,17116
8174,0,955,11455,11455,19667,13105
8175,0,6675,17175,17175,18552,36562
8176,0,3453,13953,13953,16471,15349
8177,0,9579,20079,20079,37031,16497
8178,0,21163,38740,38740,17365,14141
8179,0,8595,19095,19095,17636,38502
8180,0,2071,12571,12571,35157,37352
8181,0,21492,39262,39262,35443,19690
8182,0,10169,20669,20669,35566,36911
8183,0,158,10658,10658,11767,12690
8184,0,7005,17505,17505,38317,35976
8185,0,21013,36734,36734,15874,35980
8186,0,9094,19594,19594,12556,14154
8187,0,352,10852,10852,19801,38702
8188,0,6078,16578,16578,38620,35513
8189,0,6236,16736,16736,17046,17647
8190,0,23858,36976,36976,17014,38131
8191,0,8946,19446,19446,18665,19780
8192,0,25481,35817,35817,35730,20588
8193,1,25459,39618,36551,39618,13497
8194,0,2920,13420,13420,17493,15548
8195,0,8503,19003,19003,16253,17810
8196,0,4644,15144,15144,19702,12868
8197,0,661,11161,11161,15956,13831
8198,0,7057,17557,17557,39316,39428
8199,0,10181,20681,20681,15910,12687
8200,0,3665,14165,14165,36615,13310
8201,0,7979,18479,18479,17403,14812
8202,0,306,10806,10806,19234,15473
8203,0,24227,35181,35181,17357,38338
8204,0,4790,15290,15290,15306,20744
8205,0,2356,12856,12856,19707,36332
8206,0,24284,36548,36548,37158,36751
8207,0,24386,36650,36650,13086,10734
8208,0,1927,12427,12427,19782,17053
8209,0,21159,38664,38664,13674,37004
8210,0,3427,13927,13927,36610,19026
8211,0,8941,19441,19441,35932,19566
8212,0,3638,14138,14138,18826,17133
8213,0,21874,37414,37414,15233,38211
8214,0,1266,11766,11766,38586,20650
8215,0,1560,12060,12060,18517,12343
8216,0,24079,38725,38725,36727,35453
8217,0,22616,36441,36441,18841,13340
8218,0,10326,20826,20826,14696,37196
8219,0,7179,17679,17679,13066,18184
8220,0,4109,14609,14609,11357,38535
8221,0,7867,18367,18367,36514,37413
8222,0,4904,15404,15404,20432,37721
8223,0,7294,17794,17794,16486,16026
8224,0,514,11014,11014,13541,19300
8225,0,894,11394,11394,39344,15126
8226,0,8601,19101,19101,13870,16504
8227,0,21,10521,10521,15766,38053
8228,0,23362,36231,36231,17266,16990
8229,0,21517,39568,39568,37522,10946
8230,0,899,11399,11399,39646,39579
8231,0,207,10707,10707,19412,12598
8232,0,458,10958,10958,12401,13174
8233,0,10246,20746,20746,11550,20244
8234,0,2430,12930,12930,12256,14271
8235,0,8442,18942,18942,15690,16343
8236,0,23631,37052,37052,37880,16822
8237,0,9299,19799,19799,14954,39023
8238,0,3389,13889,13889,18197,18673
8239,0,9905,20405,20405,36589,38627
8240,0,3911,14411,14411,15742,38370
8241,0,5383,15883,15883,11406,18842
8242,0,8907,19407,19407,35507,38148
8243,0,552,11052,11052,12332,37818
8244,0,9631,20131,20131,12469,37667
8245,0,10462,20962,20962,18732,18252
8246,0,3144,13644,13644,35844,35747
8247,0,6917,17417,17417,14038,13458
8248,0,2056,12556,12556,13659,10977
8249,0,1925,12425,12425,11393,18370
8250,0,634,11134,11134,36429,10772
8251,0,6082,16582,16582,35198,11100
8252,0,8508,19008,19008,20918,13956
8253,0,21896,38575,38575,35465,38878
8254,0,24335,39177,39177,13465,11900
8255,0,8619,19119,19119,16175,20373
8256,0,21326,37537,37537,36373,10516
8257,0,105,10605,10605,36188,38618
8258,0,3041,13541,13541,12430,11014
8259,0,22165,37084,37084,18532,11348
8260,0,10361,20861,20861,20266,19201
8261,0,1709,12209,12209,13696,12313
8262,0,89,10589,10589,13653,12400
8263,0,7014,17514,17514,14586,12532
8264,0,10433,20933,20933,12695,13772
8265,0,3174,13674,13674,36043,16383
8266,0,917,11417,11417,13711,16816
8267,0,7833,18333,18333,13187,19812
8268,0,6732,17232,17232,37934,15051
8269,0,1949,12449,12449,15429,10505
8270,0,21625,36890,36890,36613,39650
8271,0,24447,35694,35694,16938,13993
8272,0,6368,16868,16868,18402,19004
8273,0,1,10501,10501,16376,10560
8274,0,8032,18532,18532,37084,18234
8275,0,25011,37183,37183,16441,13696
8276,0,6047,16547,16547,15854,39378
8277,0,9127,19627,19627,18434,17052
8278,0,23074,38482,38482,19408,17738
8279,0,2720,13220,13220,35700,35583
8280,0,8783,19283,19283,11937,16052
8281,0,25417,39371,39371,39004,20498
8282,0,3117,13617,13617,37410,37585
8283,0,21145,35782,35782,13648,15284
8284,0,23322,38868,38868,15487,19757
8285,0,21054,35294,35294,14456,36774
8286,0,9768,20268,20268,10985,17135
8287,0,3762,14262,14262,13674,20520
8288,0,213,10713,10713,20730,20481
8289,0,778,11278,11278,18577,14323
8290,0,3496,13996,13996,20996,18892
8291,0,22952,37889,37889,17437,19218
8292,0,2043,12543,12543,15898,15447
8293,0,8920,19420,19420,38079,18489
8294,0,5420,15920,15920,18245,16203
8295,0,6154,16654,16654,17171,35905
8296,0,9759,20259,20259,17199,14283
8297,0,8357,18857,18857,36951,10997
8298,0,21654,36412,36412,13497,20897
8299,0,22622,37726,37726,20428,38276
8300,0,25022,37279,37279,19705,19656
8301,0,10205,20705,20705,15413,36317
8302,0,8465,18965,18965,35457,37424
8303,0,24797,36706,36706,12233,35391
8304,0,4167,14667,14667,38574,10616
8305,0,24199,35614,35614,12199,35431
8306,0,3788,14288,14288,36181,10524
8307,0,8586,19086,19086,35440,13550
8308,0,583,11083,11083,36210,35853
8309,0,24599,39524,39524,36610,12584
8310,0,22201,39630,39630,17855,36996
8311,0,116,10616,10616,16122,17007
8312,0,6644,17144,17144,14007,38543
8313,0,22011,38206,38206,38910,13024
8314,0,25021,39582,39582,17893,39537
8315,0,23157,39308,39308,19207,14988
8316,0,22275,38096,38096,10529,38022
8317,0,8712,19212,19212,39198,38238
8318,0,1763,12263,12263,38228,16160
8319,0,1875,12375,12375,36284,15161
8320,0,21120,36811,36811,18509,12742
8321,0,21178,36190,36190,17273,13661
8322,0,10445,20945,20945,10699,39240
8323,0,3224,13724,13724,12867,20709
8324,0,526,11026,11026,19328,19167
8325,0,7725,18225,18225,12355,35710
8326,0,2946,13446,13446,12436,19135
8327,0,4473,14973,14973,15077,36899
8328,0,24661,36745,36745,12451,15980
8329,0,5655,16155,16155,38769,35504
8330,0,8884,19384,19384,19369,15814
8331,0,6059,16559,16559,36307,36087
8332,0,959,11459,11459,38700,16967
8333,0,24679,37290,37290,37874,15508
8334,0,6342,16842,16842,38091,13946
8335,0,3633,14133,14133,37887,15838
8336,0,1050,11550,11550,35968,38479
8337,0,8782,19282,19282,12621,12845
8338,0,8711,19211,19211,39167,15489
8339,0,3380,13880,13880,14424,36952
8340,0,3676,14176,14176,20031,15634
8341,0,5776,16276,16276,37984,36422
8342,0,24311,38223,38223,16009,18320
8343,0,6573,17073,17073,37854,17275
8344,0,5179,15679,15679,20618,20978
8345,0,1607,12107,12107,35893,37829
8346,0,3610,14110,14110,35804,11879
8347,0,23833,39292,39292,37317,18826
8348,0,6635,17135,17135,20434,19454
8349,0,21527,39651,39651,38018,38939
8350,0,10001,20501,20501,13426,16774
8351,0,791,11291,11291,13281,13444
8352,0,8984,19484,19484,19870,14213
8353,0,3056,13556,13556,17347,16210
8354,0,10047,20547,20547,35161,15692
8355,0,1980,12480,12480,11940,38412
8356,0,23758,36079,36079,38783,20883
8357,0,3598,14098,14098,20419,35905
8358,0,933,11433,11433,12477,19690
8359,0,21259,36809,36809,19909,39223
8360,0,25160,37547,37547,15479,20893
8361,0,7424,17924,17924,12511,35283
8362,0,5626,16126,16126,35368,11131
8363,0,1682,12182,12182,17509,35583
8364,0,4179,14679,14679,19514,18457
8365,0,21658,36872,36872,13832,12485
8366,0,6446,16946,16946,18244,12115
8367,0,4116,14616,14616,36166,36742
8368,0,988,11488,11488,17271,37458
8369,0,24103,36357,36357,12941,18382
8370,0,22996,36299,36299,15047,19919
8371,0,2896,13396,13396,15177,35219
8372,0,3778,14278,14278,37243,15245
8373,0,5658,16158,16158,19901,18690
8374,0,23960,36376,36376,12899,12779
8375,0,3093,13593,13593,16323,19788
8376,0,3155,13655,13655,36670,38753
8377,0,23292,36047,36047,20717,38726
8378,1,1823,12323,12414,12323,13158
8379,0,21663,39099,39099,16820,14164
8380,0,1098,11598,11598,20404,36521
8381,0,10396,20896,20896,38302,19936
8382,0,2844,13344,13344,19391,15768
8383,0,9078,19578,19578,35503,38016
8384,0,3342,13842,13842,17165,12040
8385,0,38,10538,10538,13412,18452
8386,0,6540,17040,17040,12943,17440
8387,0,21426,38688,38688,37855,17795
8388,0,8707,19207,19207,39308,38336
8389,0,3356,13856,13856,35429,10507
8390,0,9645,20145,20145,18913,38249
8391,0,25454,36399,36399,13147,10800
8392,0,24752,36455,36455,10795,18261
8393,0,21825,37511,37511,18818,35352
8394,0,21761,35352,35352,18489,12722
8395,0,21994,35840,35840,11672,18445
8396,0,24196,36845,36845,19601,13786
8397,0,7813,18313,18313,18026,19431
8398,0,24462,39245,39245,20467,39519
8399,0,9098,19598,19598,16252,37411
8400,0,8220,18720,18720,12663,15157
8401,0,22005,38502,38502,17636,19095
8402,0,22979,35353,35353,16667,18541
8403,0,2428,12928,12928,16005,20475
8404,0,5043,15543,15543,38723,15898
8405,0,5346,15846,15846,10886,38154
8406,0,8954,19454,19454,11475,20434
8407,0,21972,36593,36593,39111,36502
8408,0,4811,15311,15311,10576,17855
8409,0,8476,18976,18976,37135,38357
8410,0,686,11186,11186,18015,36252
8411,0,4799,15299,15299,39309,11740
8412,0,7437,17937,17937,15707,10838
8413,0,2353,12853,12853,38998,14292
8414,0,6353,16853,16853,37926,36106
8415,0,24849,38059,38059,14430,16880
8416,0,4569,15069,15069,37739,12212
8417,0,8213,18713,18713,12616,17266
8418,0,2752,13252,13252,35604,37818
8419,1,9077,19577,17042,19577,19664
8420,0,8073,18573,18573,13350,19405
8421,0,9109,19609,19609,17159,18045
8422,0,1040,11540,11540,11617,20280
8423,0,7491,17991,17991,19709,35555
8424,0,1265,11765,11765,38932,16919
8425,0,24303,37425,37425,18968,16769
8426,0,24688,38565,38565,20377,11525
8427,0,7059,17559,17559,19372,13281
8428,0,277,10777,10777,38872,17619
8429,0,5084,15584,15584,35484,17662
8430,0,10276,20776,20776,37492,38317
8431,0,9437,19937,19937,37466,16552
8432,0,2382,12882,12882,37948,17573
8433,0,571,11071,11071,16320,35298
8434,0,1435,11935,11935,15055,13020
8435,0,24173,36748,36748,20956,20118
8436,0,9439,19939,19939,11146,16245
8437,0,5352,15852,15852,17398,18468
8438,0,21294,37527,37527,39227,39590
8439,0,21613,36372,36372,15694,15591
8440,1,24138,35360,14460,35360,11768
8441,0,5445,15945,15945,37980,35893
8442,0,1007,11507,11507,14857,38013
8443,0,4543,15043,15043,16717,38700
8444,0,24070,38409,38409,14064,15864
8445,0,22371,38570,38570,14439,20373
8446,0,2064,12564,12564,36261,10560
8447,0,1136,11636,11636,17056,20050
8448,0,9882,20382,20382,19047,39653
8449,0,24664,38543,38543,16990,14082
8450,0,5343,15843,15843,16117,17596
8451,0,10177,20677,20677,38277,37707
8452,0,294,10794,10794,37349,12854
8453,0,9739,20239,20239,16760,11746
8454,0,10204,20704,20704,37204,13074
8455,0,8780,19280,19280,38936,14057
8456,0,24292,36175,36175,16186,35876
8457,0,2403,12903,12903,11125,20528
8458,0,10321,20821,20821,14879,39434
8459,0,3998,14498,14498,36997,18701
8460,0,21022,38653,38653,39293,12403
8461,0,3741,14241,14241,11226,36165
8462,0,24148,36354,36354,13859,18271
8463,0,25084,38776,38776,17207,10646
8464,0,2719,13219,13219,16277,14785
8465,0,22703,38468,38468,12496,35310
8466,0,21736,37367,37367,13483,12387
8467,0,5150,15650,15650,14126,38972
8468,1,2808,13308,11626,13308,37592
8469,0,9017,19517,19517,12323,13013
8470,0,556,11056,11056,38526,13112
8471,0,25474,38048,38048,37272,14532
8472,0,4795,15295,15295,13550,13588
8473,0,2469,12969,12969,17655,12055
8474,0,3738,14238,14238,20073,36967
8475,0,4286,14786,14786,18483,39215
8476,0,24845,37297,37297,15112,13711
8477,0,9908,20408,20408,16092,13860
8478,0,2604,13104,13104,11741,35599
8479,0,362,10862,10862,10538,16384
8480,0,6924,17424,17424,38991,13735
8481,0,1704,12204,12204,38378,10946
8482,0,2139,12639,12639,20274,19706
8483,0,3239,13739,13739,17087,19077
8484,0,2383,12883,12883,17916,18104
8485,0,7314,17814,17814,19614,13728
8486,0,4311,14811,14811,15752,13315
8487,0,9477,19977,19977,35289,19905
8488,0,1312,11812,11812,12516,38513
8489,0,21276,38804,38804,16540,39412
8490,1,3930,14430,11592,14430,17796
8491,1,6183,16683,19943,16683,19259
8492,0,22527,38235,38235,15248,11195
8493,0,1591,12091,12091,17889,12547
8494,0,22034,38743,38743,13366,17082
8495,0,2162,12662,12662,36318,17862
8496,0,2396,12896,12896,12447,19201
8497,0,317,10817,10817,35307,11603
8498,0,9516,20016,20016,17850,16039
8499,0,25149,35957,35957,11089,20633
8500,0,5233,15733,15733,17330,17539
8501,0,22459,38014,38014,10912,12938
8502,0,5068,15568,15568,39640,39478
8503,0,4036,14536,14536,13913,19572
8504,0,8987,19487,19487,18453,20371
8505,0,3020,13520,13520,18528,18391
8506,0,9903,20403,20403,16797,37498
8507,0,24733,36233,36233,16465,14165
8508,0,8228,18728,18728,13508,16008
8509,0,24403,37395,37395,15388,36774
8510,0,9105,19605,19605,13954,36811
8511,0,5295,15795,15795,36759,11212
8512,0,3972,14472,14472,14683,13206
8513,0,5370,15870,15870,12923,14453
8514,0,4133,14633,14633,17662,38726
8515,0,974,11474,11474,14560,39483
8516,0,7291,17791,17791,13134,39295
8517,0,9175,19675,19675,38388,13397
8518,0,954,11454,11454,39614,16836
8519,0,9610,20110,20110,16190,18148
8520,0,9752,20252,20252,14329,39459
8521,0,24519,36981,36981,18654,18652
8522,0,22685,38002,38002,12708,11260
8523,0,21546,37111,37111,13536,13083
8524,0,9547,20047,20047,36051,19617
8525,0,21544,38777,38777,19990,18194
8526,0,5016,15516,15516,15379,13237
8527,0,21433,39248,39248,38099,16210
8528,0,9179,19679,19679,11253,38268
8529,0,24422,35528,35528,14226,38162
8530,0,7490,17990,17990,11347,18708
8531,0,1640,12140,12140,19604,14362
8532,0,1290,11790,11790,19348,35641
8533,0,22237,36527,36527,36881,18199
8534,0,1380,11880,11880,18186,16852
8535,0,1933,12433,12433,36718,38845
8536,0,4675,15175,15175,10875,35795
8537,0,22406,38365,38365,36769,15042
8538,0,25056,36006,36006,39110,14277
8539,0,10222,20722,20722,36898,16391
8540,0,892,11392,11392,36003,36114
8541,0,7287,17787,17787,35546,14265
8542,0,4876,15376,15376,12954,14931
8543,0,25469,36915,36915,20135,14420
8544,0,7906,18406,18406,20513,16894
8545,0,24016,37101,37101,19187,18160
8546,0,8194,18694,18694,38103,11852
8547,0,21125,38733,38733,14100,10628
8548,0,10301,20801,20801,19212,15107
8549,0,9041,19541,19541,38609,37442
8550,0,23907,35583,35583,19591,38827
8551,0,2466,12966,12966,16058,20651
8552,0,7657,18157,18157,15508,10723
8553,0,10106,20606,20606,17306,11715
8554,0,9788,20288,20288,17106,18834
8555,0,1913,12413,12413,11448,16446
8556,0,23851,36016,36016,12766,38162
8557,0,2736,13236,13236,13913,14536
8558,0,726,11226,11226,14241,16171
8559,0,7214,17714,17714,11130,18818
8560,0,8245,18745,18745,17955,19202
8561,0,1796,12296,12296,15113,13165
8562,0,3845,14345,14345,38128,15548
8563,0,6402,16902,16902,38162,35528
8564,0,25146,35399,35399,15197,19413
8565,0,21850,35646,35646,36133,15798
8566,0,936,11436,11436,20859,36599
8567,0,2265,12765,12765,17282,18716
8568,0,824,11324,11324,12271,13852
8569,0,22631,37167,37167,20081,37973
8570,0,7274,17774,17774,35980,13200
8571,0,21166,36247,36247,35830,38447
8572,0,1389,11889,11889,19801,37112
8573,0,3564,14064,14064,35809,19206
8574,0,9076,19576,19576,15467,11832
8575,0,5429,15929,15929,14487,16353
8576,0,7827,18327,18327,36227,36774
8577,0,5690,16190,16190,38856,12158
8578,0,21528,37713,37713,15955,13976
8579,0,7878,18378,18378,17133,13840
8580,0,1868,12368,12368,20183,39139
8581,0,8202,18702,18702,19440,35474
8582,0,24421,36261,36261,12564,19233
8583,0,7486,17986,17986,17346,37088
8584,0,9655,20155,20155,37514,12219
8585,0,806,11306,11306,38656,37417
8586,0,4805,15305,15305,13218,39057
8587,0,22274,37901,37901,12456,18391
8588,0,22538,36914,36914,17466,18502
8589,0,10300,20800,20800,15241,38769
8590,0,24871,38386,38386,10754,11335
8591,0,23736,39590,39590,20123,19545
8592,0,10426,20926,20926,11564,14685
8593,0,9155,19655,19655,20271,39344
8594,0,7511,18011,18011,20246,13649
8595,0,8056,18556,18556,14958,38666
8596,0,4494,14994,14994,12279,37312
8597,0,2632,13132,13132,19072,39178
8598,0,21923,38010,38010,19173,16911
8599,0,8896,19396,19396,35792,16531
8600,0,8623,19123,19123,20193,39225
8601,0,7832,18332,18332,11940,12829
8602,0,4388,14888,14888,16619,14010
8603,0,145,10645,10645,18097,15499
8604,0,6467,16967,16967,15043,36685
8605,0,2033,12533,12533,11573,14414
8606,0,21368,38349,38349,15855,35415
8607,0,1165,11665,11665,10724,10589
8608,0,21183,36346,36346,16065,38170
8609,0,2050,12550,12550,19582,19617
8610,0,3760,14260,14260,39000,12265
8611,0,21916,35470,35470,16745,13778
8612,0,24155,37330,37330,38349,13970
8613,0,4435,14935,14935,20061,17070
8614,0,3430,13930,13930,20752,37421
8615,0,8190,18690,18690,17628,14863
8616,0,24699,37803,37803,15067,36213
8617,0,7069,17569,17569,17407,11572
8618,0,4361,14861,14861,15502,14467
8619,0,23396,35270,35270,16722,35380
8620,0,9454,19954,19954,17851,37430
8621,0,1771,12271,12271,11324,35749
8622,0,3511,14011,14011,13148,20030
8623,0,271,10771,10771,16026,10996
8624,0,23892,37638,37638,37750,15807
8625,0,22653,39621,39621,18961,39653
8626,0,8436,18936,18936,16099,37870
8627,0,22019,37259,37259,36622,39099
8628,0,22199,37418,37418,17203,14024
8629,0,2032,12532,12532,19031,36988
8630,0,22317,36970,36970,10501,13171
8631,0,9005,19505,19505,19014,20064
8632,0,25068,39157,39157,37138,37839
8633,0,3810,14310,14310,36574,18399
8634,0,24249,38124,38124,15664,18450
8635,0,9996,20496,20496,36693,11451
8636,0,21939,39487,39487,15654,18060
8637,0,4346,14846,14846,18741,16969
8638,0,22443,35307,35307,14654,37436
8639,0,545,11045,11045,36156,18999
8640,0,3241,13741,13741,16905,35948
8641,0,8930,19430,19430,17894,20352
8642,0,8502,19002,19002,37385,14473
8643,0,24721,36367,36367,36628,16932
8644,0,9323,19823,19823,12836,20999
8645,0,23103,39532,39532,36078,17726
8646,0,21367,36957,36957,38384,12361
8647,0,22701,35615,35615,13338,14882
8648,0,7564,18064,18064,36778,12158
8649,0,920,11420,11420,19495,20373
8650,0,22901,38337,38337,14081,17416
8651,0,25375,36433,36433,36329,37309
8652,0,6640,17140,17140,35654,18487
8653,0,24370,36805,36805,11848,37530
8654,0,7694,18194,18194,38777,19990
8655,0,8230,18730,18730,20620,17569
8656,0,22802,37305,37305,35857,18774
8657,0,7126,17626,17626,39530,19430
8658,0,4278,14778,14778,37895,13803
8659,0,2983,13483,13483,37367,37453
8660,0,130,10630,10630,15756,12664
8661,0,7980,18480,18480,15603,36346
8662,0,2667,13167,13167,17407,11130
8663,0,7138,17638,17638,11172,19836
8664,0,3223,13723,13723,18688,37373
8665,0,9374,19874,19874,16125,35968
8666,0,7693,18193,18193,13315,14811
8667,0,5392,15892,15892,35372,35295
8668,0,614,11114,11114,36663,39004
8669,0,21812,39510,39510,15386,38835
8670,0,1466,11966,11966,38418,16849
8671,0,4497,14997,14997,20967,12744
8672,0,3042,13542,13542,12270,37059
8673,0,9126,19626,19626,36861,13877
8674,0,2419,12919,12919,19911,39387
8675,0,5085,15585,15585,16035,19415
8676,0,3294,13794,13794,35772,12063
8677,0,6737,17237,17237,20660,14269
8678,0,1500,12000,12000,16776,16298
8679,0,23464,37668,37668,16807,11348
8680,0,9018,19518,19518,37471,39057
8681,0,1521,12021,12021,38609,18503
8682,0,22718,38336,38336,19207,39308
8683,0,25161,35776,35776,11206,12470
8684,0,4232,14732,14732,17990,39588
8685,0,7686,18186,18186,15689,11880
8686,0,8820,19320,19320,36526,36047
8687,0,4430,14930,14930,14940,16768
8688,0,25296,36699,36699,38257,10935
8689,0,390,10890,10890,14983,16453
8690,0,21673,37191,37191,38164,19167
8691,0,25338,39450,39450,11007,13757
8692,0,7124,17624,17624,12871,36339
8693,0,5913,16413,16413,12209,39127
8694,0,24483,36836,36836,13529,17138
8695,0,8592,19092,19092,37577,37610
8696,0,4806,15306,15306,11771,11805
8697,0,22769,38088,38088,36763,12528
8698,0,22216,36205,36205,11945,15533
8699,0,8238,18738,18738,12340,16430
8700,0,8044,18544,18544,10516,16244
8701,0,24213,39330,39330,19883,38224
8702,0,3993,14493,14493,17034,11085
8703,0,23756,36488,36488,38401,36694
8704,0,23373,36572,36572,10906,19408
8705,0,22985,38984,38984,36937,19259
8706,0,6609,17109,17109,10728,37773
8707,0,5319,15819,15819,10637,10732
8708,0,22889,39419,39419,18087,12711
8709,0,7119,17619,17619,20030,35405
8710,0,2421,12921,12921,36931,13885
8711,0,5604,16104,16104,18170,18853
8712,0,1750,12250,12250,20309,19789
8713,0,23117,39389,39389,19935,12073
8714,0,22904,38184,38184,37311,15557
8715,0,22083,36908,36908,37307,20843
8716,0,21458,39230,39230,10878,19099
8717,0,338,10838,10838,19765,14083
8718,0,8407,18907,18907,18640,14269
8719,0,24482,36509,36509,10797,13954
8720,0,1341,11841,11841,37080,36339
8721,0,24872,38975,38975,17296,19047
8722,0,7982,18482,18482,15497,39615
8723,0,22481,36740,36740,11995,10564
8724,0,3640,14140,14140,12073,11926
8725,0,329,10829,10829,36554,15801
8726,0,23201,37905,37905,14331,36658
8727,0,3004,13504,13504,18323,13058
8728,0,6960,17460,17460,20428,16824
8729,0,4090,14590,14590,19994,16774
8730,0,24170,35961,35961,38311,12854
8731,0,9828,20328,20328,16090,16250
8732,0,2322,12822,12822,39322,16801
8733,0,6667,17167,17167,20776,38950
8734,0,7009,17509,17509,19002,18360
8735,0,4197,14697,14697,12637,36491
8736,0,3549,14049,14049,37640,17104
8737,0,9650,20150,20150,35728,18710
8738,0,8363,18863,18863,12902,12237
8739,1,4203,14703,39627,14703,11185
8740,0,23304,38632,38632,13852,13174
8741,0,22058,36415,36415,15341,15504
8742,0,24501,37072,37072,16238,39367
8743,0,22958,38063,38063,17658,37364
8744,0,24107,39057,39057,39301,15305
8745,0,6185,16685,16685,19574,36230
8746,0,1639,12139,12139,16205,17782
8747,0,9130,19630,19630,15864,11602
8748,0,60,10560,10560,20030,13505
8749,0,1240,11740,11740,39105,15299
8750,0,5760,16260,16260,37313,38334
8751,0,5136,15636,15636,10591,15999
8752,0,2343,12843,12843,12543,18634
8753,0,2120,12620,12620,39229,14193
8754,0,1524,12024,12024,37370,13786
8755,0,7617,18117,18117,38777,19990
8756,0,153,10653,10653,36103,12746
8757,0,481,10981,10981,17523,17136
8758,0,6122,16622,16622,12658,36056
8759,0,23406,37306,37306,10997,36247
8760,0,7674,18174,18174,38447,35671
8761,0,7101,17601,17601,39518,20645
8762,0,24289,36766,36766,38282,36222
8763,0,1762,12262,12262,36297,14928
8764,0,8942,19442,19442,12253,16788
8765,0,7715,18215,18215,11288,38882
8766,0,9977,20477,20477,12373,39167
8767,0,22648,38282,38282,15443,38641
8768,0,7479,17979,17979,11743,12274
8769,0,6212,16712,16712,15028,19113
8770,0,24803,37347,37347,18690,14768
8771,0,4853,15353,15353,37839,16051
8772,0,2711,13211,13211,39495,19307
8773,0,6766,17266,17266,19342,38750
8774,0,4150,14650,14650,36814,36507
8775,0,23108,37039,37039,19782,16567
8776,0,1333,11833,11833,20062,19644
8777,0,22869,38778,38778,12054,12302
8778,0,21440,35700,35700,13220,12148
8779,0,8378,18878,18878,38497,36527
8780,0,9328,19828,19828,39378,35931
8781,0,24527,38746,38746,35781,10882
8782,0,22630,39213,39213,38475,12394
8783,0,10250,20750,20750,15781,19836
8784,0,22845,39428,39428,18516,10824
8785,0,3850,14350,14350,12742,19086
8786,0,8340,18840,18840,36807,20676
8787,0,4124,14624,14624,37493,38388
8788,0,21354,37735,37735,18242,38301
8789,0,25051,38104,38104,11971,14373
8790,0,23621,36209,36209,18988,19090
8791,0,4788,15288,15288,14912,13657
8792,0,2866,13366,13366,17082,12493
8793,0,22362,36622,36622,37397,39099
8794,0,1386,11886,11886,35314,11498
8795,1,5941,16441,13696,16441,14517
8796,0,3067,13567,13567,35505,38626
8797,0,24672,38249,38249,36074,12004
8798,0,3629,14129,14129,37311,15557
8799,0,23617,38853,38853,13220,35700
8800,0,24316,37643,37643,39101,16439
8801,0,24669,38081,38081,37764,14997
8802,0,3028,13528,13528,11007,13848
8803,0,2969,13469,13469,36935,10530
8804,0,24924,36318,36318,14256,12662
8805,0,9900,20400,20400,13952,35651
8806,0,21827,35799,35799,37127,36370
8807,0,8646,19146,19146,39317,15785
8808,0,6136,16636,16636,14865,14644
8809,0,8801,19301,19301,20992,13671
8810,0,4263,14763,14763,18252,13479
8811,0,24961,37672,37672,15315,12390
8812,0,645,11145,11145,20721,14819
8813,0,25138,39144,39144,14247,14440
8814,0,2074,12574,12574,20925,18076
8815,0,25358,36898,36898,20722,17439
8816,0,341,10841,10841,18322,12967
8817,0,8041,18541,18541,16667,35795
8818,0,1622,12122,12122,12843,11455
8819,0,23467,37529,37529,18062,11549
8820,0,7141,17641,17641,18665,18435
8821,0,5796,16296,16296,19494,14809
8822,0,7184,17684,17684,20906,12048
8823,0,21666,38656,38656,18718,37838
8824,0,8232,18732,18732,38690,10725
8825,0,5475,15975,15975,36383,37417
8826,0,10281,20781,20781,19859,14177
8827,0,24859,36770,36770,36486,39576
8828,0,10367,20867,20867,11877,20709
8829,0,24369,38547,38547,36329,19548
8830,0,74,10574,10574,17167,16373
8831,0,21780,39496,39496,18405,19997
8832,0,23145,39549,39549,36352,16995
8833,0,21376,35503,35503,19578,10762
8834,0,21720,36026,36026,17738,35343
8835,0,10268,20768,20768,38546,20093
8836,0,8633,19133,19133,14933,16337
8837,0,24266,38506,38506,18786,11358
8838,0,2051,12551,12551,13503,37754
8839,0,2541,13041,13041,12110,36264
8840,0,1301,11801,11801,13811,11415
8841,0,5877,16377,16377,38469,20165
8842,0,7368,17868,17868,12954,13900
8843,0,23584,36276,36276,15691,37891
8844,0,1304,11804,11804,12887,14193
8845,0,8428,18928,18928,20388,37431
8846,0,22609,38299,38299,12954,13235
8847,0,2599,13099,13099,16756,19423
8848,0,25101,37462,37462,38463,17273
8849,0,2573,13073,13073,10655,18253
8850,0,21859,36126,36126,14949,16526
8851,0,3186,13686,13686,13868,37206
8852,0,24683,36799,36799,37941,16556
8853,0,2768,13268,13268,18627,15170
8854,0,4831,15331,15331,12568,11679
8855,0,4223,14723,14723,18298,12038
8856,0,25404,39137,39137,19335,17254
8857,0,2106,12606,12606,35408,35216
8858,0,2679,13179,13179,37524,11971
8859,0,21151,35607,35607,11155,37672
8860,0,22422,37534,37534,20006,20030
8861,0,1387,11887,11887,18924,11832
8862,0,21803,39171,39171,16497,19002
8863,0,22541,38900,38900,15354,18255
8864,0,22620,38055,38055,13174,35405
8865,0,24521,39152,39152,15736,38707
8866,0,7083,17583,17583,36978,11276
8867,0,24441,38018,38018,18350,15276
8868,0,21244,37846,37846,15743,15344
8869,0,1279,11779,11779,13780,15081
8870,0,23809,37875,37875,18397,37551
8871,0,804,11304,11304,16845,15051
8872,0,1555,12055,12055,12119,17655
8873,0,22523,38894,38894,36694,10738
8874,0,21453,36036,36036,20638,12103
8875,0,4566,15066,15066,17643,14846
8876,0,24878,37648,37648,18956,20897
8877,0,22793,39165,39165,13757,13081
8878,0,4841,15341,15341,13003,36415
8879,0,3594,14094,14094,17439,36570
8880,0,6035,16535,16535,35491,13591
8881,0,6852,17352,17352,39034,15586
8882,0,10112,20612,20612,18047,36989
8883,0,8705,19205,19205,14236,17123
8884,0,4177,14677,14677,37433,15215
8885,0,1308,11808,11808,11141,15956
8886,0,9106,19606,19606,35405,38240
8887,0,3452,13952,13952,19531,20400
8888,0,3695,14195,14195,16018,18038
8889,0,4242,14742,14742,38440,37363
8890,0,25349,36002,36002,11943,37597
8891,0,2198,12698,12698,36495,39185
8892,0,8966,19466,19466,39248,16143
8893,0,4425,14925,14925,14067,35716
8894,0,6150,16650,16650,14330,12879
8895,0,943,11443,11443,39313,15843
8896,0,822,11322,11322,36966,15704
8897,0,5005,15505,15505,20772,20544
8898,0,6612,17112,17112,36852,13635
8899,0,24376,37123,37123,14265,16949
8900,0,8356,18856,18856,12355,39304
8901,0,5619,16119,16119,17898,16664
8902,0,4547,15047,15047,12809,20817
8903,0,25322,36829,36829,35707,38112
8904,0,2538,13038,13038,35710,20178
8905,0,21118,39287,39287,38453,16200
8906,0,9503,20003,20003,37568,16329
8907,0,5207,15707,15707,38434,17937
8908,0,24698,38933,38933,15533,16731
8909,0,22144,38175,38175,17629,11892
8910,0,3054,13554,13554,39006,36337
8911,0,3675,14175,14175,12082,17449
8912,0,7776,18276,18276,12774,14098
8913,0,7218,17718,17718,16617,37862
8914,0,6722,17222,17222,16168,36561
8915,0,3300,13800,13800,37425,16769
8916,0,3310,13810,13810,19532,20151
8917,0,7221,17721,17721,19212,11472
8918,0,8519,19019,19019,19263,36995
8919,0,22696,35336,35336,14523,12916
8920,0,5954,16454,16454,18645,14138
8921,0,23420,35652,35652,14188,18015
8922,0,24225,37254,37254,37231,15084
8923,0,832,11332,11332,15298,18741
8924,0,23449,35925,35925,20255,18082
8925,0,3462,13962,13962,38801,12836
8926,0,21561,38657,38657,17909,19654
8927,0,7643,18143,18143,14187,19496
8928,0,54,10554,10554,15477,38389
8929,0,25416,36910,36910,19270,15412
8930,0,3451,13951,13951,12427,14348
8931,0,6305,16805,16805,11330,36816
8932,0,10093,20593,20593,19159,17442
8933,0,1481,11981,11981,15273,38913
8934,0,4873,15373,15373,12730,17885
8935,0,25260,37741,37741,35948,19349
8936,0,8038,18538,18538,20498,38075
8937,0,25374,36996,36996,18480,16065
8938,0,3335,13835,13835,15888,11525
8939,0,6016,16516,16516,10722,35438
8940,0,4926,15426,15426,14017,14551
8941,0,9138,19638,19638,36022,16684
8942,0,5797,16297,16297,16691,39301
8943,0,23598,36139,36139,38726,37781
8944,0,10353,20853,20853,20905,13312
8945,0,21869,39402,39402,36202,35254
8946,0,5083,15583,15583,35562,17598
8947,0,6645,17145,17145,19509,15081
8948,0,23261,37135,37135,18976,38357
8949,0,25364,35903,35903,13626,36755
8950,0,5490,15990,15990,39384,36450
8951,0,768,11268,11268,16755,12167
8952,0,2065,12565,12565,15390,36033
8953,0,24020,38912,38912,17770,15132
8954,0,21066,36341,36341,15536,10578
8955,0,7311,17811,17811,10866,11637
8956,0,8477,18977,18977,35983,11464
8957,0,25477,39563,39563,10560,20030
8958,0,4524,15024,15024,17489,15568
8959,0,21607,36222,36222,16882,15775
8960,0,21915,35178,35178,15225,19191
8961,0,2717,13217,13217,39262,16698
8962,0,2079,12579,12579,18290,12761
8963,0,21034,36235,36235,19969,13245
8964,0,8914,19414,19414,19721,38805
8965,0,951,11451,11451,18543,13550
8966,0,8058,18558,18558,37472,11275
8967,0,2482,12982,12982,39568,11174
8968,0,10454,20954,20954,38634,38314
8969,0,9181,19681,19681,36850,11303
8970,0,21127,36058,36058,18245,15920
8971,0,1759,12259,12259,18540,37358
8972,0,9984,20484,20484,20475,13216
8973,0,4422,14922,14922,18650,16096
8974,0,6704,17204,17204,18274,18550
8975,0,9916,20416,20416,16327,35992
8976,0,5182,15682,15682,17815,18349
8977,0,8533,19033,19033,38492,37667
8978,0,3701,14201,14201,37335,35648
8979,0,4243,14743,14743,14482,16280
8980,0,688,11188,11188,12312,38509
8981,0,3432,13932,13932,38181,11355
8982,0,21503,38049,38049,19004,16544
8983,0,4944,15444,15444,14954,36479
8984,0,966,11466,11466,19364,19233
8985,0,24240,39214,39214,39033,38617
8986,0,25035,38891,38891,16849,15854
8987,0,10395,20895,20895,10842,39022
8988,0,2713,13213,13213,37534,13608
8989,0,4757,15257,15257,14361,18443
8990,0,21522,37944,37944,37128,10732
8991,0,23578,37004,37004,13368,38664
8992,0,23135,38977,38977,16036,16416
8993,0,6320,16820,16820,17486,39099
8994,0,24142,38126,38126,19588,38169
8995,0,5975,16475,16475,11072,15073
8996,0,3572,14072,14072,37280,37809
8997,0,22138,37651,37651,12777,19799
8998,0,5299,15799,15799,12744,11435
8999,0,1990,12490,12490,39565,38411
9000,0,22006,36966,36966,11322,16234
9001,0,21219,37605,37605,16117,20158
9002,0,1205,11705,11705,39034,13557
9003,0,24606,38144,38144,20165,13777
9004,0,21904,37704,37704,35966,35965
9005,0,4971,15471,15471,17520,15076
9006,0,22875,39242,39242,17545,20980
9007,0,23232,37880,37880,12469,37052
9008,0,6783,17283,17283,12350,19632
9009,0,3600,14100,14100,38733,10628
9010,0,6490,16990,16990,14920,17025
9011,0,8609,19109,19109,15086,12376
9012,0,22891,39619,39619,12516,20196
9013,0,21883,38224,38224,39566,39366
9014,0,8070,18570,18570,18079,10648
9015,0,8577,19077,19077,35640,17073
9016,0,7973,18473,18473,38885,13268
9017,0,23327,38628,38628,36159,20539
9018,0,1625,12125,12125,35833,37902
9019,0,536,11036,11036,19836,37530
9020,0,8766,19266,19266,13552,12292
9021,0,7970,18470,18470,36080,19211
9022,0,22446,37878,37878,12881,19116
9023,0,4212,14712,14712,37648,11936
9024,0,6456,16956,16956,12438,36737
9025,0,3507,14007,14007,16200,20685
9026,0,8393,18893,18893,15866,38885
9027,0,9524,20024,20024,12400,11665
9028,0,7112,17612,17612,13042,19234
9029,0,25093,36348,36348,39243,20685
9030,0,2708,13208,13208,36448,12333
9031,0,5031,15531,15531,14509,20901
9032,0,6514,17014,17014,36976,14494
9033,0,4662,15162,15162,11096,13792
9034,0,4021,14521,14521,16042,11560
9035,0,1854,12354,12354,19419,17928
9036,0,23460,38806,38806,18681,13958
9037,0,2872,13372,13372,38699,16446
9038,0,3030,13530,13530,36689,14185
9039,0,9397,19897,19897,35544,39480
9040,0,1645,12145,12145,13717,35471
9041,0,3417,13917,13917,36969,20624
9042,0,3476,13976,13976,11668,37868
9043,0,22137,38985,38985,37360,12156
9044,0,22091,35707,35707,20772,19580
9045,0,1792,12292,12292,20486,15951
9046,0,3797,14297,14297,37564,20382
9047,0,3368,13868,13868,36360,13686
9048,0,25316,36213,36213,37803,35321
9049,0,21283,36379,36379,11167,35968
9050,0,7196,17696,17696,19633,10674
9051,0,21962,39124,39124,12909,12004
9052,0,5109,15609,15609,17969,14473
9053,0,6024,16524,16524,35178,17748
9054,0,22873,36295,36295,12298,38924
9055,0,8795,19295,19295,12608,19666
9056,0,24286,35902,35902,12289,20185
9057,0,24334,38605,38605,36892,36674
9058,0,126,10626,10626,39623,20672
9059,0,5959,16459,16459,38804,19808
9060,0,3876,14376,14376,12069,12377
9061,0,23956,35781,35781,19843,17680
9062,0,4451,14951,14951,19900,37460
9063,0,7147,17647,17647,16736,19251
9064,0,3531,14031,14031,14793,37424
9065,0,24064,35576,35576,19245,36682
9066,0,827,11327,11327,38629,12144
9067,0,9831,20331,20331,16548,17436
9068,0,7790,18290,18290,13675,12579
9069,0,984,11484,11484,38458,19285
9070,0,23005,36127,36127,37485,11152
9071,0,25049,35851,35851,38283,37550
9072,0,7783,18283,18283,12179,19830
9073,0,10380,20880,20880,36801,12564
9074,0,22454,39029,39029,11365,37630
9075,1,2443,12943,13944,12943,37437
9076,0,8554,19054,19054,38200,20154
9077,0,21933,35195,35195,15654,39310
9078,0,345,10845,10845,15203,11884
9079,0,814,11314,11314,14554,35453
9080,0,6166,16666,16666,36946,20135
9081,0,21277,37653,37653,15281,15596
9082,0,21462,36051,36051,20526,20047
9083,0,22316,38275,38275,38360,17275
9084,0,21499,39324,39324,36603,36861
9085,0,25353,36171,36171,14542,39523
9086,0,21721,36952,36952,18484,17537
9087,0,5779,16279,16279,39519,16765
9088,0,2116,12616,12616,17266,18731
9089,0,10026,20526,20526,20047,38363
9090,0,793,11293,11293,16079,36573
9091,0,22104,39574,39574,18144,39040
9092,0,6898,17398,17398,12584,15852
9093,0,2674,13174,13174,20709,10733
9094,0,94,10594,10594,38021,16483
9095,0,4225,14725,14725,20625,39124
9096,0,3756,14256,14256,36318,18323
9097,0,2891,13391,13391,12972,35304
9098,0,2371,12871,12871,36140,17624
9099,0,21008,36074,36074,12004,38249
9100,0,22247,38744,38744,16762,14396
9101,0,3228,13728,13728,19614,35188
9102,0,7863,18363,18363,13571,14772
9103,0,6359,16859,16859,36956,14824
9104,0,22363,39400,39400,20709,38345
9105,0,22490,37756,37756,35867,35524
9106,0,7326,17826,17826,39498,14068
9107,0,6028,16528,16528,11903,13486
9108,0,23316,35699,35699,17141,14570
9109,0,22152,38083,38083,14680,35453
9110,0,21691,35758,35758,17132,19501
9111,0,1865,12365,12365,17013,35326
9112,0,4612,15112,15112,37297,11888
9113,0,10049,20549,20549,17739,16623
9114,0,2645,13145,13145,39048,16752
9115,0,2243,12743,12743,10605,35827
9116,0,5373,15873,15873,12245,36911
9117,0,2336,12836,12836,13501,20999
9118,0,950,11450,11450,17266,16648
9119,0,24180,35914,35914,12713,11434
9120,0,1120,11620,11620,11253,15747
9121,0,21975,35443,35443,39262,37128
9122,0,2204,12704,12704,13226,16897
9123,0,419,10919,10919,39244,15110
9124,0,922,11422,11422,10560,15170
9125,0,9446,19946,19946,35370,39137
9126,0,8669,19169,19169,35989,15398
9127,0,10227,20727,20727,39550,39337
9128,0,5408,15908,15908,39040,38791
9129,0,5788,16288,16288,39434,20821
9130,0,5742,16242,16242,11257,19977
9131,0,7667,18167,18167,13811,20960
9132,0,5567,16067,16067,20948,36273
9133,0,8135,18635,18635,13765,17753
9134,0,1202,11702,11702,11089,11429
9135,0,25428,35472,35472,20672,38705
9136,0,5765,16265,16265,35965,11634
9137,0,8389,18889,18889,37142,18118
9138,0,1970,12470,12470,13507,35776
9139,0,21781,35956,35956,20030,39461
9140,0,4018,14518,14518,15201,17427
9141,0,10343,20843,20843,36908,37307
9142,0,3687,14187,14187,18143,20289
9143,0,24810,37762,37762,11142,39185
9144,0,1997,12497,12497,20302,11161
9145,0,4033,14533,14533,37099,11223
9146,0,22361,39500,39500,14777,37646
9147,0,23493,35900,35900,16188,35156
9148,0,1248,11748,11748,13566,12337
9149,0,2192,12692,12692,17275,39494
9150,0,2712,13212,13212,16050,18944
9151,0,9184,19684,19684,19311,13964
9152,0,2190,12690,12690,18676,16548
9153,0,4670,15170,15170,11422,37690
9154,0,5142,15642,15642,20952,12943
9155,0,5984,16484,16484,35958,38671
9156,0,6565,17065,17065,18708,39588
9157,0,7804,18304,18304,39227,18708
9158,0,24894,36608,36608,15000,37870
9159,0,6943,17443,17443,13221,37381
9160,0,24994,36443,36443,15810,14044
9161,0,23720,37557,37557,12467,14863
9162,0,9510,20010,20010,11628,37585
9163,0,10055,20555,20555,16943,37689
9164,0,24046,35189,35189,13919,19061
9165,0,23211,35295,35295,35372,11282
9166,0,2136,12636,12636,14425,14751
9167,0,1065,11565,11565,16558,16560
9168,0,600,11100,11100,16582,11937
9169,0,4227,14727,14727,13141,17074
9170,0,24781,35467,35467,36030,19511
9171,0,7577,18077,18077,38961,12813
9172,0,77,10577,10577,12328,38771
9173,0,7546,18046,18046,13077,39386
9174,0,2898,13398,13398,18163,14288
9175,0,4820,15320,15320,11973,11573
9176,0,9506,20006,20006,18695,12236
9177,0,23797,38619,38619,38636,38953
9178,0,6413,16913,16913,13509,19523
9179,0,9444,19944,19944,13821,19258
9180,0,9064,19564,19564,37815,13442
9181,0,23501,36696,36696,20088,37586
9182,0,8007,18507,18507,15431,14885
9183,0,5468,15968,15968,38403,14516
9184,0,5951,16451,16451,11721,16950
9185,0,23847,39307,39307,10523,15678
9186,0,21920,35811,35811,12345,13219
9187,0,3391,13891,13891,14527,10975
9188,0,5415,15915,15915,20039,19569
9189,0,2560,13060,13060,17030,35418
9190,0,21407,39490,39490,36331,19976
9191,0,8162,18662,18662,11001,37342
9192,0,2635,13135,13135,20443,38155
9193,0,5256,15756,15756,19576,38758
9194,0,3530,14030,14030,20413,17023
9195,0,8567,19067,19067,36289,36701
9196,0,1908,12408,12408,37855,11251
9197,0,23724,37275,37275,16381,36552
9198,0,23934,38560,38560,12160,38145
9199,0,235,10735,10735,14154,12556
9200,0,22328,36873,36873,38623,10998
9201,0,1604,12104,12104,38676,15888
9202,0,7984,18484,18484,13004,17537
9203,0,9310,19810,19810,19947,17154
9204,0,23611,36523,36523,12717,11712
9205,0,3490,13990,13990,17852,12934
9206,0,24597,39434,39434,16288,20821
9207,0,22464,35804,35804,20132,15151
9208,0,1994,12494,12494,15506,18724
9209,0,2824,13324,13324,18182,15464
9210,0,22499,38595,38595,38713,17064
9211,0,24916,35222,35222,36913,36018
9212,0,1342,11842,11842,12992,10560
9213,0,8512,19012,19012,19632,15237
9214,0,1619,12119,12119,19164,16022
9215,0,21078,36559,36559,11892,13951
9216,0,5287,15787,15787,20045,36465
9217,0,2060,12560,12560,35685,19605
9218,0,22788,39586,39586,15896,11848
9219,0,2219,12719,12719,39362,15982
9220,0,9865,20365,20365,14878,35536
9221,0,6038,16538,16538,36861,38955
9222,0,260,10760,10760,10565,13664
9223,0,24059,38714,38714,10770,10732
9224,0,10231,20731,20731,13462,12088
9225,0,23609,37631,37631,20712,36131
9226,0,9093,19593,19593,16860,12565
9227,0,3744,14244,14244,19888,37155
9228,0,2026,12526,12526,20914,15605
9229,0,6988,17488,17488,38439,18904
9230,0,4234,14734,14734,16152,13761
9231,0,1917,12417,12417,13512,12685
9232,0,1828,12328,12328,15447,16649
9233,0,9765,20265,20265,17880,12107
9234,0,25410,37261,37261,20127,37347
9235,0,23733,37595,37595,18080,37068
9236,0,6233,16733,16733,39061,10712
9237,0,24186,38666,38666,20567,19376
9238,1,23787,37500,36929,37500,18082
9239,0,6283,16783,16783,20598,12982
9240,0,4208,14708,14708,38408,18920
9241,0,22112,37473,37473,11995,15649
9242,0,224,10724,10724,20332,35906
9243,0,8915,19415,19415,12449,15585
9244,0,10002,20502,20502,11670,16571
9245,0,9333,19833,19833,37086,38579
9246,0,21073,38375,38375,12251,19861
9247,0,6469,16969,16969,18741,14846
9248,0,24246,38789,38789,14878,20142
9249,0,24813,38400,38400,12329,20284
9250,0,24445,39250,39250,17908,15509
9251,0,21154,35608,35608,18345,19909
9252,0,846,11346,11346,10776,38941
9253,0,4289,14789,14789,13339,11438
9254,0,5560,16060,16060,36398,11572
9255,0,22170,37888,37888,16729,11724
9256,0,2551,13051,13051,38014,35737
9257,0,24978,35774,35774,14429,36962
9258,0,117,10617,10617,36814,39104
9259,0,8837,19337,19337,13439,13954
9260,0,5966,16466,16466,36903,19499
9261,0,8195,18695,18695,20006,12236
9262,0,24936,37016,37016,37331,17694
9263,0,8659,19159,19159,36240,20100
9264,0,7489,17989,17989,17732,15042
9265,0,5,10505,10505,38222,37804
9266,0,5342,15842,15842,38348,36219
9267,0,9111,19611,19611,15708,13876
9268,0,22988,35441,35441,16375,11804
9269,0,4324,14824,14824,16859,17407
9270,0,1063,11563,11563,16077,18653
9271,0,2590,13090,13090,19405,37696
9272,0,8434,18934,18934,20504,20157
9273,0,21608,37700,37700,11821,19861
9274,0,9352,19852,19852,12010,19919
9275,0,21630,35716,35716,16960,38103
9276,0,3735,14235,14235,12039,36811
9277,0,22747,35243,35243,35784,37197
9278,0,3517,14017,14017,39610,15562
9279,0,6986,17486,17486,38529,16820
9280,0,21321,36267,36267,13186,37646
9281,0,24435,35409,35409,37939,13682
9282,0,6767,17267,17267,39590,13845
9283,0,5622,16122,16122,39100,35425
9284,0,1605,12105,12105,13697,13470
9285,0,1733,12233,12233,35391,36707
9286,0,25016,35170,35170,11768,20368
9287,0,24057,35555,35555,38343,13342
9288,0,24677,38677,38677,11484,38591
9289,0,9504,20004,20004,16983,13052
9290,0,22456,36294,36294,35963,37499
9291,0,3812,14312,14312,12186,14631
9292,0,21365,39101,39101,37643,11609
9293,0,23657,35208,35208,15641,37374
9294,0,10167,20667,20667,11513,20124
9295,0,23601,36360,36360,13378,37531
9296,0,1761,12261,12261,37818,13621
9297,0,5401,15901,15901,19969,36235
9298,0,2739,13239,13239,38145,37525
9299,0,21099,39109,39109,36967,13056
9300,0,2472,12972,12972,35304,19700
9301,0,6738,17238,17238,12341,37297
9302,0,6891,17391,17391,12466,20642
9303,0,23226,36853,36853,36789,15589
9304,0,7943,18443,18443,10942,37556
9305,0,23945,37564,37564,14297,17296
9306,0,9685,20185,20185,35902,12289
9307,0,4206,14706,14706,39543,17043
9308,0,6371,16871,16871,20985,18605
9309,0,10350,20850,20850,15008,10530
9310,0,9361,19861,19861,12251,38375
9311,0,10348,20848,20848,10744,10557
9312,0,232,10732,10732,15406,16405
9313,1,8258,18758,11631,18758,11179
9314,0,7561,18061,18061,17519,37590
9315,0,9795,20295,20295,14508,16179
9316,0,6168,16668,16668,37542,10575
9317,0,23295,36129,36129,12090,14683
9318,0,3596,14096,14096,14970,18990
9319,0,6288,16788,16788,10542,16320
9320,0,4632,15132,15132,38912,17770
9321,0,125,10625,10625,16752,39048
9322,0,7641,18141,18141,18811,35950
9323,0,6229,16729,16729,37888,12776
9324,0,25332,38196,38196,17806,17019
9325,1,1296,11796,12785,11796,36183
9326,0,1976,12476,12476,18567,39609
9327,0,23938,38885,38885,20260,19693
9328,0,23505,38824,38824,15141,15573
9329,0,10267,20767,20767,35428,10672
9330,0,21311,37426,37426,20057,13755
9331,0,5750,16250,16250,16495,15131
9332,0,8152,18652,18652,36981,19543
9333,0,21179,39215,39215,16606,14499
9334,0,3086,13586,13586,38155,15815
9335,0,24326,38581,38581,13045,13678
9336,0,6882,17382,17382,17299,37165
9337,0,22007,38623,38623,36389,36873
9338,0,7673,18173,18173,15260,17532
9339,0,3345,13845,13845,17940,17267
9340,0,8172,18672,18672,13323,15189
9341,0,21531,38800,38800,11337,13610
9342,0,5870,16370,16370,16876,17753
9343,0,6506,17006,17006,17394,39588
9344,0,2797,13297,13297,15892,35372
9345,0,918,11418,11418,15802,15552
9346,0,1646,12146,12146,20207,19440
9347,0,5122,15622,15622,20709,16990
9348,0,5126,15626,15626,19254,38082
9349,0,25420,37824,37824,10548,18283
9350,0,23385,38277,38277,10675,17665
9351,0,4621,15121,15121,17635,13519
9352,0,6809,17309,17309,35863,18325
9353,0,364,10864,10864,11638,19211
9354,0,24232,36133,36133,35646,35784
9355,0,2125,12625,12625,36124,18175
9356,0,8150,18650,18650,11595,19666
9357,0,25177,36969,36969,13917,20624
9358,0,22094,37415,37415,20709,18045
9359,0,8717,19217,19217,14939,15248
9360,0,22711,37667,37667,14185,36785
9361,0,55,10555,10555,20600,14469
9362,0,638,11138,11138,18004,17142
9363,0,302,10802,10802,39565,38411
9364,0,21931,35612,35612,14290,19509
9365,0,5811,16311,16311,38867,39345
9366,0,1276,11776,11776,18180,35240
9367,0,25025,37566,37566,19532,19805
9368,0,10247,20747,20747,18908,12655
9369,0,23236,38222,38222,10505,14507
9370,0,23184,37991,37991,10777,35321
9371,0,4432,14932,14932,20613,36462
9372,0,3644,14144,14144,39459,20725
9373,0,4143,14643,14643,16230,19900
9374,0,2878,13378,13378,16329,37568
9375,0,21887,37048,37048,14473,11496
9376,0,6493,16993,16993,18714,16722
9377,0,23571,38021,38021,20178,18605
9378,0,10478,20978,20978,15679,15589
9379,0,10453,20953,20953,19347,17049
9380,0,5240,15740,15740,13090,17395
9381,0,25187,38774,38774,37803,12992
9382,0,10488,20988,20988,36081,14821
9383,0,6937,17437,17437,37889,19218
9384,0,7240,17740,17740,18013,15597
9385,0,9945,20445,20445,10743,35683
9386,0,21865,38043,38043,36955,20742
9387,0,10160,20660,20660,17237,16370
9388,0,2593,13093,13093,19837,14482
9389,0,21253,35963,35963,36294,19108
9390,0,2393,12893,12893,13041,38598
9391,0,523,11023,11023,10959,12051
9392,0,6376,16876,16876,16370,20212
9393,0,6981,17481,17481,19357,14254
9394,0,23469,38370,38370,18205,11555
9395,0,6677,17177,17177,14428,16711
9396,0,3900,14400,14400,16905,15785
9397,0,21355,39114,39114,13219,38291
9398,0,22881,37545,37545,17536,16808
9399,0,5585,16085,16085,14440,19646
9400,0,24912,38708,38708,39048,13145
9401,0,7956,18456,18456,14176,35324
9402,0,7570,18070,18070,19762,11860
9403,0,21834,35968,35968,20457,38053
9404,0,6777,17277,17277,10953,20661
9405,0,21961,37002,37002,20771,10574
9406,0,10161,20661,20661,37550,35851
9407,0,671,11171,11171,11179,11631
9408,0,4188,14688,14688,14004,35423
9409,0,666,11166,11166,11941,38602
9410,0,3266,13766,13766,20635,35405
9411,0,1887,12387,12387,15497,11516
9412,0,22068,36112,36112,14380,11052
9413,0,8472,18972,18972,19774,13771
9414,0,9911,20411,20411,14469,35849
9415,0,24368,35793,35793,15769,36591
9416,0,23544,37301,37301,19045,20691
9417,0,9091,19591,19591,35583,20352
9418,0,7687,18187,18187,18759,18370
9419,0,6031,16531,16531,14868,11037
9420,0,23158,39408,39408,13716,17419
9421,0,6090,16590,16590,37313,39361
9422,0,6238,16738,16738,19307,10837
9423,0,7350,17850,17850,16039,20016
9424,0,7830,18330,18330,12805,36477
9425,0,760,11260,11260,11447,39259
9426,0,6254,16754,16754,18613,17754
9427,0,1906,12406,12406,38506,37388
9428,0,24099,36888,36888,19228,12874
9429,0,25313,36669,36669,35701,16091
9430,0,22584,36984,36984,15241,16307
9431,0,3818,14318,14318,20347,36865
9432,0,6269,16769,16769,19320,14084
9433,0,4300,14800,14800,10636,36360
9434,0,5569,16069,16069,11555,12256
9435,0,7941,18441,18441,13996,13711
9436,0,21773,35439,35439,36404,20435
9437,0,4164,14664,14664,20587,39039
9438,0,24203,35877,35877,14275,35993
9439,0,5971,16471,16471,13953,35648
9440,0,3579,14079,14079,15011,35835
9441,0,2832,13332,13332,18089,13425
9442,0,5449,15949,15949,11716,38758
9443,0,3472,13972,13972,11840,18095
9444,0,6327,16827,16827,20137,17373
9445,0,137,10637,10637,15819,11225
9446,0,7043,17543,17543,12336,36271
9447,0,4892,15392,15392,14822,18259
9448,0,2180,12680,12680,14621,36808
9449,0,10320,20820,20820,12065,19768
9450,0,7730,18230,18230,13347,37831
9451,0,3177,13677,13677,39546,39212
9452,0,4854,15354,15354,38900,18375
9453,0,4637,15137,15137,13489,13099
9454,0,5115,15615,15615,15325,38439
9455,0,21398,38859,38859,20485,37220
9456,0,7648,18148,18148,38507,11149
9457,0,4261,14761,14761,11841,37080
9458,0,22129,37190,37190,14226,19399
9459,0,1331,11831,11831,17027,13928
9460,0,10209,20709,20709,37606,39179
9461,0,23131,37388,37388,10958,19907
9462,0,24725,35328,35328,13039,15556
9463,0,7002,17502,17502,37429,12492
9464,0,9550,20050,20050,10660,16824
9465,0,6941,17441,17441,18396,18127
9466,0,8017,18517,18517,12060,13505
9467,0,6241,16741,16741,16917,16179
9468,0,9521,20021,20021,18970,38075
9469,0,21303,39631,39631,14807,14576
9470,0,6881,17381,17381,11907,36990
9471,0,21777,37705,37705,37598,19663
9472,0,10342,20842,20842,15622,17025
9473,0,4530,15030,15030,35829,20915
9474,0,10314,20814,20814,39343,20997
9475,0,4673,15173,15173,16340,36917
9476,0,24216,36827,36827,13997,12116
9477,0,6996,17496,17496,14916,17311
9478,0,1252,11752,11752,36273,20948
9479,0,22879,36124,36124,18175,20222
9480,0,3374,13874,13874,18776,37854
9481,0,2814,13314,13314,14881,18055
9482,0,4719,15219,15219,35802,14462
9483,0,6544,17044,17044,13764,17907
9484,0,10040,20540,20540,20533,13657
9485,0,4858,15358,15358,17683,18468
9486,0,7901,18401,18401,19604,12926
9487,0,21719,35883,35883,16654,20599
9488,0,8580,19080,19080,19424,12562
9489,0,8427,18927,18927,10516,16244
9490,0,1077,11577,11577,16731,36129
9491,0,10176,20676,20676,16905,19247
9492,0,4363,14863,14863,12467,17628
9493,0,23582,36808,36808,38749,38941
9494,0,770,11270,11270,11191,12287
9495,0,10357,20857,20857,20446,20321
9496,0,23922,37379,37379,19992,20262
9497,0,8865,19365,19365,39617,38705
9498,0,249,10749,10749,38214,35377
9499,0,9766,20266,20266,38920,16385
9500,0,7239,17739,17739,35522,20549
9501,0,3419,13919,13919,19061,35189
9502,0,10273,20773,20773,17827,35425
9503,0,10015,20515,20515,17604,11626
9504,0,21385,39061,39061,39552,35477
9505,0,4976,15476,15476,38722,36392
9506,0,4544,15044,15044,39412,14999
9507,0,5565,16065,16065,38170,36346
9508,0,7939,18439,18439,15480,17067
9509,0,716,11216,11216,12115,11798
9510,0,24889,39142,39142,17340,13647
9511,0,21895,36992,36992,14365,10537
9512,0,2048,12548,12548,13213,14137
9513,1,5997,16497,39171,16497,19002
9514,0,6600,17100,17100,10737,37097
9515,0,7245,17745,17745,35266,36329
9516,0,23106,38110,38110,19950,11589
9517,0,4178,14678,14678,10552,15793
9518,0,4809,15309,15309,20064,39243
9519,0,21582,35570,35570,19628,17509
9520,0,23952,38889,38889,35177,16990
9521,0,7140,17640,17640,37818,17613
9522,0,7190,17690,17690,14680,17174
9523,0,1460,11960,11960,35179,16327
9524,0,5989,16489,16489,18048,14183
9525,0,9860,20360,20360,39562,16771
9526,0,23702,35602,35602,14920,38632
9527,0,2000,12500,12500,38809,10995
9528,0,22771,37417,37417,36230,19711
9529,0,25130,37459,37459,20447,10589
9530,0,8175,18675,18675,16087,18338
9531,0,404,10904,10904,19354,35517
9532,0,384,10884,10884,35588,17763
9533,0,21480,38839,38839,36206,11081
9534,0,24569,38895,38895,11461,19234
9535,0,10344,20844,20844,11102,13431
9536,0,1633,12133,12133,15527,37700
9537,0,22803,38989,38989,15194,14347
9538,0,22463,38426,38426,35346,20710
9539,0,4784,15284,15284,10891,19278
9540,0,22021,38854,38854,37107,15051
9541,0,6970,17470,17470,14724,14082
9542,0,3925,14425,14425,12636,14751
9543,0,25017,38182,38182,17297,11514
9544,0,4158,14658,14658,16726,19136
9545,0,7449,17949,17949,37680,13557
9546,0,25266,37794,37794,37443,19707
9547,0,24847,38204,38204,13151,36502
9548,0,8415,18915,18915,15079,16554
9549,0,2193,12693,12693,18580,39610
9550,0,21460,35982,35982,20131,11381
9551,0,24305,37315,37315,37554,18430
9552,0,10016,20516,20516,38595,13349
9553,0,1015,11515,11515,19768,19736
9554,0,5124,15624,15624,13087,13730
9555,0,22833,37818,37818,15603,17966
9556,0,7418,17918,17918,16915,35806
9557,0,7409,17909,17909,38657,19654
9558,0,8989,19489,19489,18493,35867
9559,0,2871,13371,13371,39295,16322
9560,0,9,10509,10509,35546,39517
9561,0,10136,20636,20636,36041,36589
9562,0,1838,12338,12338,10865,19933
9563,0,4804,15304,15304,18679,38918
9564,0,255,10755,10755,37815,38744
9565,0,7026,17526,17526,19427,13819
9566,0,5713,16213,16213,37875,16542
9567,0,22027,37331,37331,36765,37016
9568,0,3324,13824,13824,16526,37102
9569,0,7714,18214,18214,12571,36325
9570,0,1581,12081,12081,16325,14550
9571,0,22373,35802,35802,15219,14462
9572,0,924,11424,11424,17336,35601
9573,0,2779,13279,13279,17896,39185
9574,0,25278,35354,35354,15677,35355
9575,0,7891,18391,18391,38807,20056
9576,2,6132,16632,14586,11440,16632
9577,0,24475,37870,37870,18936,36608
9578,0,5320,15820,15820,20685,36961
9579,0,7312,17812,17812,38238,14905
9580,0,7102,17602,17602,12040,20221
9581,0,6042,16542,16542,15824,16213
9582,0,3775,14275,14275,35877,13203
9583,0,4835,15335,15335,15041,16497
9584,0,21740,36982,36982,13423,11148
9585,0,4964,15464,15464,16215,19683
9586,0,24817,35625,35625,14818,12583
9587,0,539,11039,11039,35822,37197
9588,0,7483,17983,17983,39367,16646
9589,0,2745,13245,13245,36235,19959
9590,0,3719,14219,14219,13562,35560
9591,0,21592,38966,38966,17678,18902
9592,0,6819,17319,17319,11083,12318
9593,0,24656,38313,38313,37478,39238
9594,0,9337,19837,19837,38012,19433
9595,0,21428,37973,37973,38674,37958
9596,0,4468,14968,14968,16963,12749
9597,0,667,11167,11167,17442,11508
9598,0,7575,18075,18075,12262,36297
9599,0,23012,35865,35865,35893,13286
9600,0,8549,19049,19049,20461,35257
9601,0,5063,15563,15563,13402,18257
9602,0,22066,35677,35677,39487,13000
9603,0,21395,35629,35629,36993,36575
9604,0,1353,11853,11853,15915,10768
9605,0,22902,37977,37977,14742,17030
9606,0,7114,17614,17614,13357,35558
9607,0,21110,39320,39320,15500,12923
9608,0,8662,19162,19162,19977,17576
9609,0,2703,13203,13203,14275,35877
9610,0,3330,13830,13830,36681,10600
9611,0,8053,18553,18553,38585,20596
9612,0,23654,36483,36483,37405,35745
9613,0,9588,20088,20088,36696,17738
9614,0,3584,14084,14084,39169,12043
9615,0,23968,38831,38831,14457,19843
9616,0,24290,38108,38108,38588,11223
9617,0,5645,16145,16145,10711,38503
9618,0,3376,13876,13876,16571,12045
9619,0,1256,11756,11756,15295,15564
9620,0,6190,16690,16690,15055,11376
9621,0,22898,36358,36358,20751,35520
9622,0,23181,38497,38497,16443,16038
9623,0,22030,38624,38624,18063,19916
9624,0,9442,19942,19942,10699,14840
9625,0,22567,38641,38641,11644,14840
9626,0,5348,15848,15848,17950,16901
9627,0,22892,35657,35657,20874,35386
9628,4,24857,37144,11631,11179,18758
9629,0,23378,36130,36130,18484,19969
9630,0,21442,35779,35779,35408,12289
9631,0,4175,14675,14675,12778,36194
9632,0,22561,38114,38114,15751,11915
9633,0,4910,15410,15410,19168,11266
9634,0,1852,12352,12352,18290,14734
9635,0,6316,16816,16816,13647,17449
9636,0,21952,37626,37626,12870,17958
9637,0,25320,39440,39440,16430,10638
9638,0,2105,12605,12605,39446,17966
9639,0,133,10633,10633,37699,35336
9640,0,25310,38082,38082,15626,38242
9641,0,5029,15529,15529,10696,19883
9642,0,928,11428,11428,12385,19027
9643,0,823,11323,11323,13306,17345
9644,0,7576,18076,18076,20711,20925
9645,0,21133,36286,36286,15578,17029
9646,0,1531,12031,12031,36877,11213
9647,0,1214,11714,11714,12280,37907
9648,0,504,11004,11004,14777,15764
9649,0,21597,37131,37131,14520,18554
9650,1,10188,20688,15746,20688,11711
9651,0,6530,17030,17030,15498,37977
9652,0,3072,13572,13572,16440,10638
9653,0,10150,20650,20650,16404,12323
9654,0,9576,20076,20076,12422,37921
9655,0,9086,19586,19586,16790,17904
9656,0,22954,37770,37770,10797,15799
9657,0,8647,19147,19147,35856,20262
9658,0,6619,17119,17119,14086,35648
9659,0,23102,38625,38625,37584,15447
9660,0,9273,19773,19773,36006,35624
9661,0,3709,14209,14209,17393,17136
9662,0,22064,39040,39040,14620,19728
9663,0,4849,15349,15349,36024,18528
9664,0,4748,15248,15248,19217,16845
9665,0,4268,14768,14768,37347,39588
9666,0,21639,36368,36368,18312,15630
9667,0,25422,36980,36980,11501,14314
9668,0,21766,36448,36448,16386,18707
9669,0,25436,39474,39474,14016,38797
9670,0,8905,19405,19405,18615,18573
9671,0,4186,14686,14686,12785,37577
9672,0,10406,20906,20906,15382,37849
9673,0,5301,15801,15801,10829,36554
9674,0,2923,13423,13423,38408,11148
9675,0,6588,17088,17088,19534,11483
9676,0,1810,12310,12310,12447,10770
9677,0,3486,13986,13986,12751,12850
9678,0,7419,17919,17919,16342,15068
9679,0,3141,13641,13641,17900,16081
9680,0,10019,20519,20519,35560,15073
9681,0,9347,19847,19847,12085,12319
9682,0,1324,11824,11824,37577,14440
9683,0,4312,14812,14812,35555,15337
9684,0,7494,17994,17994,39483,11223
9685,0,8702,19202,19202,11802,35864
9686,0,9872,20372,20372,19836,16961
9687,0,8691,19191,19191,17215,16383
9688,0,21098,38915,38915,18067,13485
9689,0,10048,20548,20548,36470,16415
9690,0,9580,20080,20080,14296,17921
9691,0,23311,38461,38461,15132,14674
9692,0,21992,36565,36565,36674,37813
9693,0,24127,35232,35232,11390,39064
9694,0,5541,16041,16041,35996,17660
9695,0,21551,36082,36082,36210,39002
9696,0,6172,16672,16672,35400,18199
9697,0,1540,12040,12040,36325,10944
9698,0,9409,19909,19909,19321,17091
9699,0,2681,13181,13181,36520,10618
9700,0,22269,39478,39478,20227,11237
9701,0,21156,35839,35839,17000,14254
9702,0,24856,38358,38358,11476,36097
9703,0,6313,16813,16813,16196,37024
9704,0,1191,11691,11691,16552,11177
9705,0,21878,38618,38618,36188,10605
9706,0,5293,15793,15793,14678,16094
9707,0,1542,12042,12042,36140,15662
9708,0,22947,36147,36147,16359,12161
9709,0,22861,36170,36170,36434,13610
9710,0,7056,17556,17556,37608,38761
9711,0,2539,13039,13039,15742,14015
9712,0,953,11453,11453,35995,16073
9713,0,7241,17741,17741,19918,17739
9714,0,6731,17231,17231,14816,19999
9715,0,4846,15346,15346,13837,12769
9716,0,6801,17301,17301,12986,37271
9717,0,8010,18510,18510,20168,10756
9718,0,4330,14830,14830,11684,18371
9719,0,8924,19424,19424,16539,11172
9720,0,5334,15834,15834,15256,13378
9721,0,7330,17830,17830,39612,17275
9722,0,9348,19848,19848,18718,12029
9723,0,4729,15229,15229,19618,18031
9724,0,24488,36140,36140,12042,12871
9725,0,6541,17041,17041,12264,11769
9726,0,21615,35828,35828,12598,18005
9727,0,5305,15805,15805,10963,15687
9728,0,5161,15661,15661,17239,16713
9729,0,7860,18360,18360,38631,11669
9730,0,2156,12656,12656,10530,11707
9731,0,1062,11562,11562,39448,11045
9732,0,21233,35462,35462,37993,35461
9733,0,1167,11667,11667,17753,13190
9734,0,22090,36068,36068,39154,17074
9735,0,3636,14136,14136,18820,17640
9736,0,7651,18151,18151,36247,15848
9737,0,5588,16088,16088,35932,38815
9738,0,23132,35784,35784,35243,37197
9739,0,7192,17692,17692,20673,13268
9740,0,4491,14991,14991,37270,37478
9741,0,7266,17766,17766,15429,13263
9742,0,23105,35986,35986,19965,38934
9743,0,4980,15480,15480,18439,17067
9744,0,8335,18835,18835,36967,19632
9745,0,23247,39583,39583,14520,20750
9746,0,22830,36423,36423,14856,36428
9747,0,4946,15446,15446,35477,17175
9748,0,2782,13282,13282,11391,17524
9749,0,717,11217,11217,35326,35500
9750,0,10011,20511,20511,38155,12858
9751,0,2502,13002,13002,14265,37584
9752,0,4360,14860,14860,19828,11624
9753,0,4171,14671,14671,14927,37818
9754,0,8082,18582,18582,38711,13703
9755,0,24701,39295,39295,36593,13371
9756,0,395,10895,10895,37403,13950
9757,0,22417,38577,38577,12822,20721
9758,0,7186,17686,17686,13993,35591
9759,0,24395,39388,39388,16166,38579
9760,0,4492,14992,14992,10893,14422
9761,0,1365,11865,11865,18938,37856
9762,0,23853,38948,38948,10918,15638
9763,0,25442,38845,38845,15595,14114
9764,0,8787,19287,19287,16795,18386
9765,0,21644,36798,36798,13244,14416
9766,0,23161,38238,38238,14149,39198
9767,0,5917,16417,16417,10562,10744
9768,0,4968,15468,15468,16800,15947
9769,0,2914,13414,13414,17954,15847
9770,0,21192,35172,35172,14452,38109
9771,0,5644,16144,16144,37456,11199
9772,0,3766,14266,14266,35807,18259
9773,0,3440,13940,13940,10509,16006
9774,0,22209,36697,36697,16732,17760
9775,0,23372,36978,36978,17583,11276
9776,0,7357,17857,17857,13634,11879
9777,0,6806,17306,17306,39329,20606
9778,0,9879,20379,20379,11744,15999
9779,0,2143,12643,12643,12843,37640
9780,0,5104,15604,15604,14560,39483
9781,0,5073,15573,15573,16128,14518
9782,0,1571,12071,12071,20138,14778
9783,0,4079,14579,14579,38960,19669
9784,0,1122,11622,11622,14849,20840
9785,0,2786,13286,13286,20118,35865
9786,0,2967,13467,13467,36741,38674
9787,0,2504,13004,13004,37137,18484
9788,0,5988,16488,16488,12164,16230
9789,0,24382,36311,36311,36628,18138
9790,0,8867,19367,19367,13813,14423
9791,0,22994,35654,35654,14240,17140
9792,0,7164,17664,17664,18947,13528
9793,0,21076,36194,36194,19799,11451
9794,0,728,11228,11228,11462,37534
9795,0,7587,18087,18087,14817,14288
9796,0,7543,18043,18043,19352,13772
9797,0,412,10912,10912,19189,17199
9798,0,24319,35992,35992,35485,11309
9799,0,9708,20208,20208,35921,14286
9800,0,5745,16245,16245,11146,19939
9801,0,7668,18168,18168,12941,16200
9802,0,825,11325,11325,12466,12107
9803,0,3267,13767,13767,13647,11854
9804,0,3974,14474,14474,16973,16751
9805,0,8808,19308,19308,35524,37756
9806,0,8306,18806,18806,12276,35183
9807,0,417,10917,10917,20840,15270
9808,0,22242,35915,35915,19515,37315
9809,0,9817,20317,20317,10980,36792
9810,0,6748,17248,17248,13695,13123
9811,0,8967,19467,19467,20218,17714
9812,0,21315,37031,37031,20079,10521
9813,0,23255,35742,35742,20993,13889
9814,0,22959,39127,39127,17368,39483
9815,0,2082,12582,12582,20357,37510
9816,0,8945,19445,19445,15650,16549
9817,0,23646,35392,35392,35772,13801
9818,0,21341,36815,36815,35818,13752
9819,0,3373,13873,13873,10801,38394
9820,0,5726,16226,16226,12735,15820
9821,0,4107,14607,14607,11576,13439
9822,0,24773,35290,35290,36854,16906
9823,0,4380,14880,14880,15347,20232
9824,0,7723,18223,18223,15817,18660
9825,0,1066,11566,11566,17139,17266
9826,0,3913,14413,14413,17933,15604
9827,0,22164,38133,38133,11203,37112
9828,0,5536,16036,16036,37701,11751
9829,0,8002,18502,18502,12064,36914
9830,0,5387,15887,15887,39090,36609
9831,0,5732,16232,16232,17847,38640
9832,0,23872,36344,36344,11891,11829
9833,0,2738,13238,13238,11021,14426
9834,0,5052,15552,15552,35474,19146
9835,0,4000,14500,14500,20417,14220
9836,0,9760,20260,20260,38885,19142
9837,0,2427,12927,12927,39105,35826
9838,0,22161,36592,36592,12147,14434
9839,0,6833,17333,17333,38138,18828
9840,0,10123,20623,20623,38820,17040
9841,0,1687,12187,12187,13053,14162
9842,0,851,11351,11351,20050,14560
9843,0,21417,36392,36392,20607,15476
9844,0,6303,16803,16803,13784,18653
9845,0,9087,19587,19587,35517,18031
9846,0,22320,37438,37438,12867,38240
9847,0,5878,16378,16378,10720,15455
9848,0,8527,19027,19027,12157,18469
9849,0,2839,13339,13339,11353,11438
9850,0,23881,35933,35933,19836,39222
9851,0,4611,15111,15111,11567,17067
9852,0,9540,20040,20040,15709,16319
9853,0,9207,19707,19707,12856,36332
9854,0,25274,35662,35662,37736,13870
9855,0,9823,20323,20323,12440,13157
9856,0,2489,12989,12989,13976,15252
9857,0,22158,36576,36576,15191,10600
9858,0,6905,17405,17405,10776,37696
9859,0,7390,17890,17890,36906,37331
9860,0,24811,36097,36097,39024,20931
9861,0,2849,13349,13349,39345,38713
9862,0,21864,38723,38723,15543,13465
9863,0,6665,17165,17165,13842,11037
9864,0,5881,16381,16381,37275,36552
9865,0,10262,20762,20762,10545,20832
9866,0,4452,14952,14952,12315,19242
9867,0,9949,20449,20449,19618,13959
9868,0,7421,17921,17921,14296,38075
9869,0,23278,38254,38254,36618,12190
9870,0,9827,20327,20327,36870,14265
9871,0,24564,37492,37492,13724,19757
9872,0,6484,16984,16984,11904,39526
9873,0,2479,12979,12979,14373,16648
9874,0,6617,17117,17117,14443,11187
9875,0,10457,20957,20957,18577,19289
9876,0,22196,35805,35805,36184,38537
9877,0,21571,38169,38169,19221,13047
9878,0,22848,39222,39222,35933,35767
9879,0,23060,35905,35905,18325,35906
9880,0,25232,37899,37899,19425,35984
9881,0,23706,38715,38715,37493,18964
9882,0,2141,12641,12641,19303,11379
9883,0,23061,37950,37950,10609,11915
9884,0,23257,35964,35964,15164,19091
9885,0,5188,15688,15688,11456,37377
9886,0,21278,39210,39210,39276,13849
9887,0,23852,36891,36891,19112,38174
9888,0,21631,36202,36202,35254,39402
9889,0,2744,13244,13244,11495,13621
9890,0,7253,17753,17753,11667,12241
9891,0,21009,37938,37938,17880,13286
9892,0,3506,14006,14006,18325,13732
9893,0,1679,12179,12179,10807,16434
9894,0,4249,14749,14749,19066,39571
9895,0,3147,13647,13647,36694,17449
9896,0,8130,18630,18630,18701,37224
9897,0,10486,20986,20986,38517,16522
9898,0,7004,17504,17504,19167,36694
9899,0,580,11080,11080,10609,11146
9900,0,9662,20162,20162,17025,35836
9901,0,24218,37645,37645,13389,35477
9902,0,4070,14570,14570,11144,35699
9903,0,23746,38154,38154,15846,11516
9904,0,3343,13843,13843,13688,12695
9905,0,21702,37838,37838,36189,36021
9906,0,7404,17904,17904,35780,16816
9907,0,22219,37429,37429,17502,12492
9908,0,3672,14172,14172,11605,39630
9909,0,559,11059,11059,38705,38108
9910,0,5237,15737,15737,16224,11787
9911,0,7805,18305,18305,13165,16879
9912,0,22511,38061,38061,39650,11977
9913,0,23551,35695,35695,17465,17534
9914,0,512,11012,11012,10544,11488
9915,0,22764,37575,37575,20095,11457
9916,0,1081,11581,11581,37669,17598
9917,0,1664,12164,12164,16230,16488
9918,0,9204,19704,19704,20910,14005
9919,0,1931,12431,12431,16308,16573
9920,0,24547,39160,39160,36481,38616
9921,0,1150,11650,11650,35354,36995
9922,0,2838,13338,13338,35615,14882
9923,0,5949,16449,16449,35356,18609
9924,0,8308,18808,18808,20270,11860
9925,0,8932,19432,19432,13623,37873
9926,0,22539,39338,39338,15479,35747
9927,0,23740,38916,38916,20258,37430
9928,0,5177,15677,15677,35354,35355
9929,0,23393,36521,36521,18920,16629
9930,0,25344,38752,38752,11104,20892
9931,0,830,11330,11330,36816,13752
9932,0,8311,18811,18811,35950,18141
9933,0,4752,15252,15252,12976,19572
9934,0,22940,39293,39293,38653,35468
9935,0,24598,39368,39368,19677,10761
9936,0,24805,39566,39566,38224,12991
9937,0,635,11135,11135,12354,38133
9938,0,4465,14965,14965,12260,19366
9939,0,25122,37210,37210,36855,35357
9940,0,6799,17299,17299,17382,37165
9941,0,7987,18487,18487,17140,39417
9942,0,7079,17579,17579,14719,20122
9943,0,6966,17466,17466,36914,18502
9944,0,4142,14642,14642,14261,15639
9945,0,7027,17527,17527,14614,38518
9946,0,9183,19683,19683,38907,36938
9947,0,876,11376,11376,16690,17452
9948,0,4869,15369,15369,38790,16978
9949,0,5315,15815,15815,38155,37507
9950,0,5222,15722,15722,38109,15140
9951,0,4,10504,10504,37861,35651
9952,0,3051,13551,13551,20331,13193
9953,0,5691,16191,16191,11648,16033
9954,0,3124,13624,13624,11949,11492
9955,0,23374,35506,35506,19152,10964
9956,0,2491,12991,12991,39566,38224
9957,0,22403,38019,38019,35519,13540
9958,0,3854,14354,14354,18375,16476
9959,0,23182,37779,37779,36069,14776
9960,0,4777,15277,15277,35476,12531
9961,0,9907,20407,20407,15958,35166
9962,0,7509,18009,18009,13530,14121
9963,0,6457,16957,16957,36447,36790
9964,0,6293,16793,16793,36828,13888
9965,0,1148,11648,11648,16033,19105
9966,0,21512,36107,36107,17788,16411
9967,0,574,11074,11074,15941,38751
9968,0,3769,14269,14269,13026,15224
9969,0,22667,36582,36582,39281,36434
9970,0,4146,14646,14646,13817,18100
9971,0,853,11353,11353,13339,36846
9972,0,10174,20674,20674,17677,11668
9973,0,22962,35620,35620,12499,17082
9974,0,5919,16419,16419,13639,13218
9975,0,21478,37775,37775,39524,36610
9976,0,21518,38057,38057,19956,15037
9977,0,9358,19858,19858,12401,15213
9978,0,6614,17114,17114,11731,17857
9979,0,6002,16502,16502,39016,15419
9980,0,9163,19663,19663,37705,38048
9981,0,21946,35547,35547,17660,37793
9982,0,4495,14995,14995,18388,11627
9983,0,8173,18673,18673,16767,18197
9984,0,6655,17155,17155,38220,36433
9985,0,22053,36693,36693,18574,20258
9986,0,2368,12868,12868,15144,12792
9987,0,21756,36961,36961,20685,15494
9988,0,4780,15280,15280,38731,14778
9989,0,21121,36977,36977,35718,39256
9990,0,7992,18492,18492,15215,36601
9991,0,2950,13450,13450,16356,38777
9992,0,5625,16125,16125,20576,16925
9993,0,6971,17471,17471,14308,15309
9994,0,8716,19216,19216,15005,20165
9995,0,21463,35301,35301,14749,20675
9996,0,22264,37862,37862,14919,12773
9997,0,1841,12341,12341,20277,20030
9998,0,5986,16486,16486,16799,38904
9999,0,537,11037,11037,15622,17025
10000,4,2806,13306,37939,13270,19167
10001,0,5801,16301,16301,36171,39523
10002,0,5596,16096,16096,20273,11595
10003,0,7206,17706,17706,14230,10532
10004,0,7343,17843,17843,35976,37488
10005,0,24208,37187,37187,10996,16629
10006,0,7560,18060,18060,39487,13023
10007,0,8096,18596,18596,17399,36865
10008,0,21147,36021,36021,38324,37838
10009,2,784,11284,35576,15841,11284
10010,0,21375,36903,36903,16466,11438
10011,0,1409,11909,11909,37069,13864
10012,0,24467,35383,35383,38810,19965
10013,0,154,10654,10654,19316,18962
10014,0,7806,18306,18306,17194,14023
10015,0,3009,13509,13509,15032,16464
10016,0,1686,12186,12186,14312,38185
10017,0,22126,35747,35747,10665,19561
10018,0,4014,14514,14514,17146,14671
10019,0,7455,17955,17955,35884,39357
10020,0,22526,37567,37567,18462,14367
10021,0,3863,14363,14363,11878,10694
10022,0,2733,13233,13233,15992,19392
10023,0,1895,12395,12395,11523,20498
10024,0,5442,15942,15942,36494,16031
10025,0,569,11069,11069,14007,11223
10026,0,6709,17209,17209,13350,15438
10027,0,5854,16354,16354,36789,20973
10028,0,1816,12316,12316,19062,11746
10029,0,10257,20757,20757,36056,16622
10030,0,8319,18819,18819,20325,38929
10031,0,3394,13894,13894,14835,18075
10032,0,3327,13827,13827,16761,11734
10033,0,22550,39626,39626,20444,18082
10034,0,6102,16602,16602,15679,35699
10035,0,2975,13475,13475,16245,11146
10036,0,980,11480,11480,11500,14578
10037,0,10492,20992,20992,19301,19538
10038,0,190,10690,10690,14766,35263
10039,0,9331,19831,19831,17931,12149
10040,0,5088,15588,15588,20485,37632
10041,0,699,11199,11199,16144,37415
10042,0,21053,39294,39294,37782,35289
10043,0,606,11106,11106,14141,35601
10044,0,22970,37122,37122,37919,20578
10045,0,301,10801,10801,13236,14823
10046,0,3420,13920,13920,14920,17900
10047,0,24939,39359,39359,16879,11507
10048,0,1060,11560,11560,19747,14521
10049,0,25280,38710,38710,35856,12087
10050,0,23560,39495,39495,19307,13211
10051,0,22661,35411,35411,10646,20366
10052,0,3444,13944,13944,12402,38036
10053,0,1069,11569,11569,13661,18042
10054,0,21526,35370,35370,19946,35371
10055,0,2205,12705,12705,11734,16862
10056,0,9435,19935,19935,15531,11315
10057,0,7339,17839,17839,35820,14058
10058,0,8208,18708,18708,14423,39538
10059,0,7679,18179,18179,35532,12050
10060,0,21926,35966,35966,36636,35965
10061,0,23606,38157,38157,15766,11357
10062,0,4642,15142,15142,18054,36330
10063,0,7683,18183,18183,13258,19921
10064,0,21400,37600,37600,16389,35823
10065,0,9007,19507,19507,38144,16891
10066,0,7996,18496,18496,15048,17275
10067,0,22114,35913,35913,11003,35526
10068,0,21628,37394,37394,18630,14066
10069,0,5600,16100,16100,38648,37542
10070,0,9151,19651,19651,35604,12116
10071,0,7022,17522,17522,15187,18046
10072,0,4893,15393,15393,18486,37236
10073,0,225,10725,10725,13268,20030
10074,0,23586,39016,39016,16502,38616
10075,0,3354,13854,13854,36230,16892
10076,0,5895,16395,16395,38389,14057
10077,0,22608,35331,35331,37613,10660
10078,0,8754,19254,19254,38242,38082
10079,0,3436,13936,13936,14822,19035
10080,0,22418,39219,39219,20959,10640
10081,0,22040,39027,39027,18841,13340
10082,0,1693,12193,12193,14674,37830
10083,0,6893,17393,17393,14209,12499
10084,0,1045,11545,11545,15829,20530
10085,0,3446,13946,13946,16536,13378
10086,0,23801,37411,37411,36287,19598
10087,0,8050,18550,18550,17204,18274
10088,0,9146,19646,19646,18227,14422
10089,0,24880,39625,39625,18495,12323
10090,0,23290,35581,35581,37548,36318
10091,0,24566,35950,35950,18811,18141
10092,0,4735,15235,15235,13408,11029
10093,0,4496,14996,14996,20665,37829
10094,0,1218,11718,11718,36123,39054
10095,0,22051,38100,38100,39012,20570
10096,0,24312,38357,38357,18976,37135
10097,0,6015,16515,16515,16060,37511
10098,0,9719,20219,20219,18022,13079
10099,0,3987,14487,14487,12631,17224
10100,0,4911,15411,15411,18378,18826
10101,0,9492,19992,19992,37379,13367
10102,0,4493,14993,14993,12078,35996
10103,0,6944,17444,17444,37592,13308
10104,0,5699,16199,16199,37124,15486
10105,0,8352,18852,18852,16898,19167
10106,0,24449,36913,36913,10709,36018
10107,0,22598,38646,38646,39349,13219
10108,0,956,11456,11456,36265,37589
10109,0,22383,36637,36637,20301,16938
10110,0,22675,36080,36080,16177,12077
10111,0,2869,13369,13369,37270,20397
10112,0,23323,36623,36623,13425,13295
10113,0,4433,14933,14933,16337,19133
10114,0,4973,15473,15473,10806,18947
10115,0,21372,38861,38861,38112,17647
10116,0,2961,13461,13461,15747,14934
10117,0,21540,38826,38826,12921,35298
10118,0,2200,12700,12700,14821,38785
10119,0,98,10598,10598,35724,12528
10120,0,21723,39433,39433,38543,14082
10121,0,2557,13057,13057,37404,36325
10122,0,23070,36029,36029,38397,18259
10123,0,8445,18945,18945,12488,19052
10124,0,24964,36769,36769,16814,38365
10125,0,4199,14699,14699,36804,18825
10126,0,9637,20137,20137,38060,20793
10127,0,5539,16039,16039,20101,20016
10128,0,1648,12148,12148,35700,20068
10129,0,23394,37528,37528,35766,16954
10130,0,21215,37569,37569,39618,36551
10131,0,24486,36837,36837,12870,36090
10132,0,9888,20388,20388,18928,18244
10133,0,21464,36037,36037,20236,17287
10134,0,6197,16697,16697,18991,13962
10135,0,6295,16795,16795,11142,19287
10136,0,4499,14999,14999,17221,16540
10137,0,1154,11654,11654,19448,20623
10138,0,2255,12755,12755,11926,11037
10139,0,9874,20374,20374,13542,10534
10140,0,3170,13670,13670,36537,35528
10141,0,7400,17900,17900,37364,20709
10142,0,10248,20748,20748,15553,37400
10143,0,7158,17658,17658,35347,18118
10144,0,21963,36936,36936,14609,37097
10145,0,25000,39453,39453,12523,37593
10146,0,3108,13608,13608,37535,13213
10147,0,4548,15048,15048,17555,14974
10148,0,24617,36569,36569,35722,36342
10149,0,21735,39243,39243,17516,10660
10150,0,5423,15923,15923,19898,38878
10151,0,2049,12549,12549,13763,13808
10152,0,21347,37822,37822,37452,12019
10153,0,25236,36489,36489,18210,11722
10154,0,9208,19708,19708,35605,39617
10155,0,8815,19315,19315,18046,11960
10156,0,21301,39351,39351,18176,19208
10157,0,22486,38729,38729,13717,37550
10158,0,262,10762,10762,15017,17034
10159,0,23093,38576,38576,11924,14035
10160,0,25306,36215,36215,19970,11441
10161,0,4061,14561,14561,17395,12306
10162,0,5534,16034,16034,38730,36163
10163,0,22136,39140,39140,15633,14637
10164,0,21713,38911,38911,12997,20614
10165,0,6616,17116,17116,38922,12584
10166,0,8120,18620,18620,19218,11729
10167,0,8155,18655,18655,17429,12630
10168,0,1802,12302,12302,14560,18705
10169,0,4736,15236,15236,19750,19945
10170,0,23384,39637,39637,20620,15977
10171,0,2385,12885,12885,17337,36447
10172,0,6694,17194,17194,18306,14023
10173,0,5759,16259,16259,36330,10553
10174,0,1959,12459,12459,20489,11093
10175,0,2976,13476,13476,17359,15012
10176,0,8680,19180,19180,16039,37732
10177,0,1843,12343,12343,14481,17619
10178,0,1734,12234,12234,13899,19363
10179,0,2911,13411,13411,35278,16117
10180,0,21930,36065,36065,36745,17738
10181,0,8338,18838,18838,18623,39468
10182,0,24018,38476,38476,17175,10769
10183,0,1986,12486,12486,17158,20685
10184,0,9561,20061,20061,14935,17070
10185,0,6546,17046,17046,16736,12751
10186,0,24896,38897,38897,36728,19998
10187,0,7098,17598,17598,11581,35562
10188,0,2811,13311,13311,14261,14642
10189,0,659,11159,11159,14971,13499
10190,0,9986,20486,20486,12292,13552
10191,0,2511,13011,13011,16790,11379
10192,0,22928,36243,36243,16198,18875
10193,0,4282,14782,14782,18785,12712
10194,0,9339,19839,19839,11537,20164
10195,0,25486,36118,36118,10682,16250
10196,0,8800,19300,19300,20214,18818
10197,0,6287,16787,16787,38530,36478
10198,0,24073,36428,36428,14856,36423
10199,0,1930,12430,12430,37505,17442
10200,0,7125,17625,17625,16874,16030
10201,0,197,10697,10697,15008,11707
10202,0,7777,18277,18277,20989,37894
10203,0,2931,13431,13431,20844,19716
10204,0,8004,18504,18504,13750,18831
10205,0,2327,12827,12827,36618,35431
10206,0,4389,14889,14889,36444,18685
10207,0,8958,19458,19458,17282,12765
10208,0,23777,37342,37342,11504,13346
10209,0,4218,14718,14718,15785,14400
10210,0,22272,36101,36101,37767,36061
10211,0,202,10702,10702,35202,37329
10212,0,3510,14010,14010,14477,14412
10213,0,4931,15431,15431,15969,18507
10214,0,23770,39236,39236,15082,35956
10215,0,5535,16035,16035,15585,15748
10216,0,9925,20425,20425,19582,38875
10217,0,5791,16291,16291,35207,39059
10218,0,22002,35623,35623,20527,37723
10219,0,1707,12207,12207,11530,14034
10220,0,5172,15672,15672,12954,38253
10221,0,5249,15749,15749,11451,18543
10222,0,23983,38603,38603,14145,12756
10223,1,24251,36320,11513,36320,14469
10224,0,6528,17028,17028,18831,18969
10225,0,24408,39430,39430,11939,13547
10226,0,5855,16355,16355,20654,16415
10227,0,8164,18664,18664,36256,12063
10228,0,854,11354,11354,38054,14972
10229,0,24119,38531,38531,37053,12216
10230,0,21383,39209,39209,36223,16398
10231,0,4737,15237,15237,20164,19264
10232,0,25345,36943,36943,11367,14554
10233,0,10352,20852,20852,15715,17285
10234,0,698,11198,11198,16179,12302
10235,0,22345,35998,35998,16961,38116
10236,0,22249,35845,35845,37547,10715
10237,0,3696,14196,14196,18650,11595
10238,0,1636,12136,12136,37065,20967
10239,0,7280,17780,17780,19311,37424
10240,0,7554,18054,18054,17732,38602
10241,0,22003,36303,36303,10970,35788
10242,0,3581,14081,14081,38954,38337
10243,0,1291,11791,11791,15699,11655
10244,0,22060,37505,37505,11167,38294
10245,0,6585,17085,17085,35774,37973
10246,0,23642,38462,38462,36881,35267
10247,0,1853,12353,12353,17210,11050
10248,0,5232,15732,15732,10706,17158
10249,0,3763,14263,14263,35542,36837
10250,0,3304,13804,13804,10855,17336
10251,0,1495,11995,11995,11922,16836
10252,0,23500,38573,38573,16369,39310
10253,0,24317,36589,36589,20405,12343
10254,0,22401,36291,36291,15510,15455
10255,0,7994,18494,18494,37464,17599
10256,0,1998,12498,12498,35307,10817
10257,0,663,11163,11163,10841,11254
10258,0,21416,37625,37625,14823,38306
10259,0,21553,38199,38199,37993,35461
10260,0,3748,14248,14248,11076,36079
10261,0,4413,14913,14913,12954,18317
10262,0,23308,37590,37590,17519,16573
10263,0,5530,16030,16030,19392,18883
10264,0,5575,16075,16075,15128,13476
10265,0,8901,19401,19401,16663,38866
10266,0,7526,18026,18026,18313,35497
10267,0,9474,19974,19974,11469,13261
10268,0,5864,16364,16364,15560,36751
10269,0,21755,37914,37914,12794,39499
10270,0,24130,35521,35521,12314,39273
10271,0,6776,17276,17276,11771,15306
10272,0,24254,36875,36875,38582,39203
10273,0,1306,11806,11806,13821,36962
10274,0,22639,38342,38342,11520,15969
10275,1,25192,38350,15917,38350,18122
10276,0,7392,17892,17892,37516,35371
10277,0,10429,20929,20929,38504,16210
10278,0,24972,36148,36148,36192,20522
10279,0,5592,16092,16092,13380,35526
10280,0,10230,20730,20730,37147,37567
10281,0,9721,20221,20221,18480,36024
10282,0,1663,12163,12163,15962,37800
10283,0,5450,15950,15950,11533,35520
10284,0,23481,39556,39556,12712,15765
10285,0,22487,39585,39585,16565,35431
10286,0,3627,14127,14127,15783,19350
10287,0,24608,38585,38585,20596,18553
10288,0,21886,37993,37993,35461,38199
10289,0,22976,37737,37737,12281,19197
10290,0,2693,13193,13193,13551,19995
10291,0,25220,35906,35906,13653,35905
10292,0,9789,20289,20289,18533,15789
10293,0,24835,35575,35575,19802,35619
10294,0,24736,35471,35471,14609,35253
10295,0,5915,16415,16415,36470,16355
10296,0,3157,13657,13657,20709,15730
10297,0,24412,36160,36160,37276,15699
10298,0,9914,20414,20414,17197,18918
10299,0,21547,38125,38125,12059,11925
10300,0,6668,17168,17168,35678,11371
10301,0,1059,11559,11559,12297,38374
10302,0,4636,15136,15136,15788,14705
10303,0,3242,13742,13742,37584,17555
10304,0,1678,12178,12178,10638,12577
10305,0,6892,17392,17392,17293,11711
10306,0,6374,16874,16874,17625,39133
10307,0,7574,18074,18074,39538,18708
10308,0,1757,12257,12257,18385,15406
10309,0,6019,16519,16519,36209,18988
10310,0,21785,37037,37037,19064,37890
10311,0,5116,15616,15616,18218,15902
10312,0,8755,19255,19255,11089,11977
10313,0,7408,17908,17908,39250,18623
10314,0,2790,13290,13290,20164,35256
10315,0,863,11363,11363,39362,15982
10316,0,7858,18358,18358,18990,11420
10317,0,1484,11984,11984,19604,13994
10318,0,7035,17535,17535,10683,39058
10319,0,7721,18221,18221,39435,11916
10320,0,5977,16477,16477,36543,19165
10321,0,5134,15634,15634,13210,20039
10322,0,206,10706,10706,38722,13461
10323,0,4488,14988,14988,39228,39634
10324,0,6938,17438,17438,16200,17516
10325,0,9062,19562,19562,38990,37361
10326,0,24055,37339,37339,36586,35573
10327,0,6910,17410,17410,10788,39054
10328,0,502,11002,11002,13118,37197
10329,0,7385,17885,17885,12730,37120
10330,0,1028,11528,11528,38685,16667
10331,0,3840,14340,14340,35225,12992
10332,0,25419,35536,35536,14265,20365
10333,0,24404,38427,38427,13566,14751
10334,0,8110,18610,18610,16632,12058
10335,0,5056,15556,15556,35328,16987
10336,0,9762,20262,20262,16711,37379
10337,0,8154,18654,18654,18480,36996
10338,0,24087,35619,35619,19802,35575
10339,0,24660,38837,38837,38335,38097
10340,0,2731,13231,13231,18063,39061
10341,0,23055,39088,39088,37667,11180
10342,0,8996,19496,19496,18143,14187
10343,0,23143,38693,38693,18278,18723
10344,0,23221,36491,36491,14697,35593
10345,0,2454,12954,12954,15376,10694
10346,0,21815,37444,37444,39094,36498
10347,0,7215,17715,17715,39348,38145
10348,0,3104,13604,13604,20704,13659
10349,0,21829,37721,37721,20432,18542
10350,0,24012,38805,38805,18333,13187
10351,0,8392,18892,18892,16961,15273
10352,0,6278,16778,16778,39410,38667
10353,0,3099,13599,13599,16994,36096
10354,0,6184,16684,16684,19638,36804
10355,0,10470,20970,20970,14390,37654
10356,0,3561,14061,14061,18596,17399
10357,0,5892,16392,16392,37459,13847
10358,0,21075,37320,37320,13416,35698
10359,0,24863,39278,39278,12449,13055
10360,0,24154,37360,37360,38985,12156
10361,0,24194,38640,38640,10902,11600
10362,0,391,10891,10891,15284,18116
10363,0,6736,17236,17236,14214,37087
10364,0,5618,16118,16118,39590,15461
10365,0,5258,15758,15758,36635,16144
10366,0,9687,20187,20187,38822,37301
10367,0,2695,13195,13195,16255,19879
10368,0,2027,12527,12527,35363,35912
10369,0,21129,38094,38094,38970,36212
10370,0,5463,15963,15963,17881,15408
10371,0,2568,13068,13068,36680,11676
10372,0,8006,18506,18506,16409,12501
10373,0,64,10564,10564,36601,38991
10374,0,23287,36730,36730,11943,37597
10375,0,2062,12562,12562,35359,20365
10376,0,5276,15776,15776,15653,15592
10377,0,7208,17708,17708,19764,36176
10378,0,8684,19184,19184,35347,17360
10379,0,8571,19071,19071,15152,20733
10380,0,6331,16831,16831,39567,14988
10381,0,4859,15359,15359,36841,19651
10382,0,21363,39206,39206,37355,38032
10383,0,21552,36839,36839,38405,14080
10384,0,4887,15387,15387,14296,17921
10385,0,9268,19768,19768,35567,11515
10386,0,878,11378,11378,13370,19953
10387,0,8529,19029,19029,35797,18320
10388,0,7916,18416,18416,39258,20554
10389,0,6863,17363,17363,17011,12899
10390,0,7892,18392,18392,14700,20385
10391,0,6439,16939,16939,19858,17266
10392,0,7869,18369,18369,20497,16143
10393,0,1016,11516,11516,15846,12387
10394,0,9467,19967,19967,38072,10686
10395,0,23824,36644,36644,11693,10891
10396,0,7629,18129,18129,14931,20839
10397,0,21671,37397,37397,36622,14349
10398,0,22482,36188,36188,38618,10605
10399,0,23939,37757,37757,39110,16515
10400,0,23176,39259,39259,19906,12867
10401,0,995,11495,11495,14927,10832
10402,0,10173,20673,20673,17692,15161
10403,0,4297,14797,14797,12855,38267
10404,0,161,10661,10661,36186,35618
10405,0,5675,16175,16175,13301,37670
10406,0,6873,17373,17373,20793,13052
10407,0,25311,39391,39391,12865,36911
10408,0,23044,37644,37644,14437,20987
10409,0,9692,20192,20192,39232,17883
10410,0,7989,18489,18489,35352,19420
10411,0,3843,14343,14343,13621,17074
10412,0,21648,38071,38071,15613,36262
10413,0,21101,35459,35459,16689,11809
10414,0,22370,36307,36307,38553,16559
10415,0,1021,11521,11521,38515,19947
10416,0,3073,13573,13573,38719,18160
10417,0,7555,18055,18055,13314,14881
10418,0,3943,14443,14443,17117,11187
10419,0,1585,12085,12085,12319,19847
10420,0,10147,20647,20647,12960,12120
10421,0,3152,13652,13652,14586,37589
10422,0,22641,39195,39195,17922,39194
10423,0,8226,18726,18726,13550,11451
10424,0,21286,36860,36860,37396,20140
10425,0,775,11275,11275,18558,37472
10426,0,23718,35402,35402,37468,12495
10427,0,9670,20170,20170,17202,13478
10428,0,7099,17599,17599,37464,18494
10429,0,5486,15986,15986,15810,20864
10430,0,6235,16735,16735,12756,19284
10431,0,9555,20055,20055,15832,38268
10432,0,7041,17541,17541,11866,37634
10433,0,2612,13112,13112,12805,14817
10434,0,7513,18013,18013,16892,38028
10435,0,22327,35670,35670,14492,12300
10436,0,10233,20733,20733,37214,12456
10437,0,8433,18933,18933,10641,35173
10438,0,10253,20753,20753,39590,19728
10439,0,22395,35209,35209,37271,11292
10440,0,8792,19292,19292,15621,15288
10441,0,25288,35281,35281,10558,17287
10442,0,5393,15893,15893,11787,16864
10443,0,21797,39156,39156,15315,37795
10444,0,23140,35734,35734,18674,36945
10445,0,22343,39010,39010,10732,17707
10446,0,8838,19338,19338,12178,17163
10447,0,3890,14390,14390,20970,37654
10448,0,3556,14056,14056,13870,18352
10449,0,22414,36048,36048,37524,36199
10450,0,1528,12028,12028,19058,17923
10451,0,1267,11767,11767,17794,16548
10452,0,7734,18234,18234,19666,14492
10453,0,1899,12399,12399,37481,39246
10454,0,4658,15158,15158,14758,19233
10455,0,3005,13505,13505,20030,10560
10456,0,2734,13234,13234,11897,15697
10457,0,189,10689,10689,17048,14172
10458,0,9998,20498,20498,18538,19639
10459,0,9167,19667,19667,20815,17787
10460,0,2747,13247,13247,11138,19960
10461,0,2047,12547,12547,12091,17889
10462,0,7849,18349,18349,39628,15281
10463,0,2558,13058,13058,15142,16087
10464,0,9274,19774,19774,18972,37712
10465,0,8666,19166,19166,38587,16060
10466,0,22326,35750,35750,12113,38108
10467,0,22999,37689,37689,15029,12381
10468,0,6396,16896,16896,15333,38351
10469,0,21289,36963,36963,18895,37480
10470,0,3385,13885,13885,12921,36931
10471,0,4555,15055,15055,38020,13071
10472,0,1184,11684,11684,20959,14830
10473,0,6420,16920,16920,13843,36139
10474,0,5051,15551,15551,39266,12653
10475,0,5311,15811,15811,14366,15466
10476,0,2433,12933,12933,36384,37828
10477,0,6949,17449,17449,11859,12664
10478,0,21602,38457,38457,11079,38722
10479,0,25276,35237,35237,17586,37019
10480,0,769,11269,11269,16081,12954
10481,0,1685,12185,12185,16646,15638
10482,0,8322,18822,18822,36988,17562
10483,0,22989,35765,35765,11961,18337
10484,0,24179,36017,36017,36747,35632
10485,0,22337,36290,36290,12501,18202
10486,0,25116,39077,39077,12863,19167
10487,0,5578,16078,16078,19548,37329
10488,0,4426,14926,14926,13574,11714
10489,0,25075,38180,38180,36382,36376
10490,0,466,10966,10966,38157,12699
10491,0,6265,16765,16765,13209,16152
10492,0,5734,16234,16234,36966,14222
10493,0,23516,35938,35938,37610,18807
10494,0,24053,36618,36618,19505,35431
10495,0,5191,15691,15691,14539,35295
10496,0,23390,38072,38072,19967,20195
10497,0,5390,15890,15890,14392,17215
10498,0,860,11360,11360,19032,36078
10499,0,7270,17770,17770,38912,12252
