idx,rank,query_id,gt_id,ret1,ret2,ret3
0,0,8972,24675,24675,29878,27520
1,0,11414,15367,15367,16601,19042
2,0,2597,29882,29882,28858,18968
3,28,7352,26298,23877,23949,25836
4,0,7353,28640,28640,26457,29541
5,0,1930,27027,27027,29501,20128
6,0,10056,17904,17904,20183,22399
7,0,8955,20010,20010,23004,22399
8,0,11836,27044,27044,24603,26470
9,0,14091,27762,27762,29248,29680
10,0,10764,28137,28137,29315,27527
11,354,8936,18907,23368,22706,18264
12,1,3269,20065,23411,20065,19864
13,2,12969,26246,27171,25339,26246
14,0,2881,19367,19367,23426,21390
15,0,12944,22695,22695,19606,29552
16,0,2721,26391,26391,29517,26448
17,0,12591,22243,22243,23027,22524
18,0,6344,19922,19922,23131,22483
19,1,5023,25294,25545,25294,25849
20,1,10520,19782,21052,19782,16434
21,15,8302,22209,18681,21234,22198
22,14,7099,27643,25501,25046,28851
23,0,3600,17207,17207,17675,15493
24,0,12867,20722,20722,20040,19433
25,1047,1374,21325,22237,16437,20598
26,1,4310,23992,23993,23992,28950
27,13,11185,27630,23588,26641,25194
28,0,13290,24525,24525,25197,28551
29,0,8665,29878,29878,24675,29668
30,0,697,15060,15060,15095,15059
31,3,14701,25299,23909,25712,24378
32,0,4512,23949,23949,23877,29617
33,20,759,28756,28951,27245,28750
34,0,4928,16554,16554,19057,22120
35,0,1815,23053,23053,19578,16507
36,3,13360,29892,29878,24675,29873
37,0,11588,16559,16559,21665,18789
38,0,10558,27634,27634,29812,26298
39,0,12153,27042,27042,28089,24564
40,0,11389,14955,14955,14978,15470
41,33,1417,25063,28038,24924,27841
42,181,2457,16052,22280,22634,17561
43,1,5751,27866,28218,27866,24754
44,0,13734,17095,17095,30347,15309
45,0,6260,22361,22361,27812,24984
46,13,14086,19881,17531,15851,18778
47,0,4441,29750,29750,29718,29704
48,0,11950,17608,17608,18150,18264
49,17,11391,17209,19057,23498,23318
50,0,5548,28890,28890,28536,26212
51,0,3433,29531,29531,28855,29495
52,0,8392,18202,18202,20349,20125
53,0,7314,21200,21200,21280,29402
54,0,5516,25899,25899,26149,26930
55,0,2984,24397,24397,24773,24956
56,1,1377,22867,22224,22867,21024
57,0,1506,27568,27568,27949,29526
58,2,8198,18963,23429,22616,18963
59,508,10399,20648,19067,20598,15920
60,0,9294,15464,15464,22006,17684
61,11,14698,15108,25625,29202,15148
62,0,6979,22475,22475,23057,19950
63,0,14048,24327,24327,24326,24331
64,0,1439,28906,28906,26126,27170
65,2,4489,22276,23504,22603,22276
66,13,10152,26845,28823,30104,26530
67,4,12939,23366,22467,15499,23072
68,1,9477,15397,16229,15397,17360
69,1491,9207,23680,23182,18794,19034
70,5,371,28859,29064,28484,27128
71,1,10660,24570,28057,24570,28837
72,179,13769,16718,20648,21024,23466
73,21,382,24005,23578,27454,28543
74,0,9515,22666,22666,18728,18611
75,3,11280,30110,27761,24891,29318
76,0,12377,26688,26688,24696,24697
77,0,10797,20418,20418,17496,19612
78,0,12141,22214,22214,18737,21710
79,0,8159,30235,30235,17323,30327
80,1,4404,26334,26498,26334,27660
81,3,2822,22669,17131,20512,23173
82,0,5615,21921,21921,20183,22399
83,0,10952,22888,22888,21355,21304
84,1,141,29181,27709,29181,29278
85,0,2082,15638,15638,15222,15253
86,0,5589,26251,26251,26723,28516
87,0,12967,19538,19538,23317,19253
88,0,11834,25380,25380,27650,24232
89,0,193,24130,24130,26490,25623
90,0,1785,15166,15166,15164,14977
91,0,8815,28850,28850,25498,29096
92,0,5065,28828,28828,29609,24450
93,0,11348,29027,29027,28117,28665
94,0,13538,27870,27870,29204,28197
95,20,7980,26316,25520,29593,28280
96,9,6647,19764,17204,21750,15863
97,5,11625,22859,20134,22936,20641
98,7,14384,23712,25126,26100,28174
99,0,10196,17017,17017,21834,21234
100,0,8965,26028,26028,26608,26430
101,0,11259,22819,22819,20916,25072
102,0,5224,29251,29251,27982,28436
103,0,6530,19646,19646,22837,22344
104,0,7223,18061,18061,20555,19669
105,1,6755,29015,27966,29015,27204
106,0,1579,25040,25040,29127,25699
107,0,2267,20245,20245,16028,15987
108,25,14624,29459,24396,21152,22514
109,1,13663,24438,26753,24438,29031
110,0,719,26811,26811,26812,25497
111,0,12535,25998,25998,24143,28171
112,0,6006,20947,20947,22394,30233
113,1,196,26762,24886,26762,27016
114,0,13700,27712,27712,27384,29315
115,28,1771,17694,21890,21920,23063
116,0,8395,17645,17645,20183,17904
117,97,1979,18728,15724,20286,17128
118,0,4123,27984,27984,29609,28828
119,26,8123,18006,21572,16273,20904
120,31,7663,15267,28119,22366,20566
121,0,423,30227,30227,23142,30209
122,0,10863,23977,23977,24825,28609
123,0,2824,27871,27871,28204,27577
124,0,9885,24446,24446,27982,29725
125,24,2345,27004,29040,25451,25501
126,0,1248,30183,30183,30247,26804
127,134,3250,16305,17059,17129,22009
128,0,1776,26514,26514,22624,24032
129,8,13371,28388,28098,24186,27218
130,0,6782,22009,22009,18447,20167
131,0,6033,26042,26042,25768,25785
132,2791,6171,26927,29001,19156,15053
133,0,9425,26154,26154,27102,25856
134,0,3380,21746,21746,17645,20183
135,0,3022,27151,27151,24804,26054
136,0,12644,27203,27203,24704,24995
137,0,13122,26681,26681,28493,27130
138,1,10590,22989,15036,22989,26053
139,2,6076,22052,17625,18005,22052
140,2,8258,19856,29855,21370,19856
141,0,2025,25109,25109,15083,28128
142,0,9144,26293,26293,29276,28493
143,0,5560,30148,30148,15647,28024
144,1,5523,26804,25342,26804,14962
145,16,726,28089,27675,24555,26599
146,0,11838,19133,19133,22901,21944
147,0,10479,28550,28550,27779,28216
148,0,2007,24866,24866,24312,26792
149,0,8662,29825,29825,22440,23001
150,1,7409,28663,28890,28663,26212
151,85,3417,25738,30104,28823,30047
152,2,10429,30311,30304,30225,30311
153,0,3044,21273,21273,16340,17643
154,11,1741,16819,18815,30319,15668
155,0,922,17323,17323,30003,22658
156,0,2253,24379,24379,29511,26955
157,22,5218,22409,17021,22896,21960
158,0,9832,19756,19756,20668,19304
159,201,4779,26158,15080,15150,15047
160,0,8863,28810,28810,24820,28939
161,206,14103,24273,29502,23910,28581
162,0,9208,26341,26341,28103,25018
163,0,14754,26163,26163,26162,27462
164,0,3029,25984,25984,27255,29069
165,67,3392,17533,17744,23278,16232
166,0,14368,22820,22820,22136,20109
167,0,10339,21518,21518,16904,20759
168,0,5981,27194,27194,28711,27214
169,97,8114,22833,20232,20863,16912
170,109,11250,24633,29313,29146,21847
171,753,9401,20759,30253,22188,21787
172,440,5929,22248,21794,20648,22610
173,0,5102,28737,28737,26621,25290
174,6,10639,18398,21518,18166,26588
175,0,10994,19688,19688,18407,20111
176,0,8642,21585,21585,15856,22866
177,0,3181,16537,16537,17735,20654
178,0,4418,18738,18738,18629,16207
179,0,2813,22458,22458,23028,22472
180,2705,13152,24737,27536,26845,26037
181,0,8905,20046,20046,19741,30183
182,13,11530,29001,27391,28535,24468
183,0,8158,28376,28376,23930,28340
184,0,7719,20972,20972,21015,19850
185,0,9184,15812,15812,15652,16846
186,6,9201,24252,24100,24463,27009
187,0,9705,28623,28623,27892,24840
188,40,4733,18037,29687,15669,24610
189,0,2008,23932,23932,24025,24433
190,0,1989,16734,16734,25962,14974
191,0,2618,28514,28514,27684,26012
192,16,8741,20431,30350,25760,15614
193,0,5830,20834,20834,20684,23626
194,0,6400,27016,27016,25195,26809
195,343,6061,27732,29064,26302,28819
196,0,14367,15134,15134,15215,15093
197,0,1042,27234,27234,27184,23978
198,2,12102,23029,22639,20392,23029
199,0,2136,22772,22772,19342,23317
200,0,13765,24072,24072,25007,25583
201,6,10633,19903,15549,19473,22132
202,0,501,21721,21721,18011,22049
203,0,12702,22041,22041,20302,22113
204,0,9252,15860,15860,18998,21731
205,0,7337,26190,26190,28733,17170
206,0,1837,29463,29463,24961,27779
207,3,11706,29894,15881,15461,21956
208,1,3631,24871,28858,24871,18968
209,0,6084,16821,16821,28764,29691
210,0,9910,25893,25893,26911,23816
211,0,14251,28292,28292,26872,25170
212,0,6650,25635,25635,27084,24890
213,0,11729,26278,26278,23239,29737
214,12,2454,16070,17028,23011,22658
215,0,7018,17880,17880,29253,16983
216,0,11772,24642,24642,26361,26527
217,17,12619,21694,21635,20654,21224
218,0,7933,17469,17469,28700,17063
219,25,7942,27245,27191,27902,28657
220,3,1811,22807,21721,21868,17887
221,2,5401,27483,29593,29478,27483
222,719,11225,19956,29668,18794,25519
223,0,6483,29450,29450,29556,28856
224,0,9287,27755,27755,26712,26483
225,1,2401,26242,25804,26242,26534
226,9,9475,25405,23909,25712,24378
227,4,8163,26530,27567,30035,28029
228,4,1583,27326,28737,28400,28677
229,0,156,16929,16929,16097,19829
230,0,13805,26882,26882,29044,23838
231,0,7943,29123,29123,28842,24331
232,0,6830,25047,25047,28245,27658
233,33,9926,30139,23060,29557,28497
234,1,3593,23418,19863,23418,17028
235,14,1080,26501,29888,29722,29271
236,9,8438,26781,24140,27394,28888
237,0,2294,29343,29343,29003,29404
238,4,8987,26281,25942,27169,27727
239,0,5412,16148,16148,21597,16193
240,223,499,29554,29271,24851,26139
241,0,1470,24292,24292,27958,24084
242,0,7239,21327,21327,16846,18293
243,0,5587,24510,24510,24938,27130
244,0,11581,21113,21113,21889,23599
245,0,2143,15578,15578,19474,15781
246,0,1328,19200,19200,18467,23496
247,27,2605,28951,28040,27191,26397
248,0,9822,16525,16525,22237,23590
249,76,13265,28470,27514,28351,25196
250,2,5900,27303,25912,29008,27303
251,3,6555,25803,26490,26381,26125
252,0,9295,27817,27817,27019,29139
253,0,5216,22390,22390,19885,16926
254,0,2677,28821,28821,26007,18526
255,13,6257,27052,24607,26707,27694
256,0,2148,15063,15063,25974,15142
257,13,4819,28324,27191,29107,28241
258,236,6232,29569,27371,27999,28250
259,0,7276,26955,26955,26765,27588
260,0,10450,16298,16298,16525,21456
261,8,12657,30286,14989,17299,30208
262,1,7475,29747,26638,29747,29557
263,0,11313,16624,16624,18921,18908
264,74,6126,16836,15668,20146,21682
265,7,855,28524,29300,29491,28819
266,0,7888,24161,24161,24210,27612
267,0,4790,23041,23041,17903,19342
268,0,12988,15065,15065,15066,26252
269,1,10163,29964,28997,29964,30016
270,0,13058,29880,29880,15251,26083
271,0,10529,25911,25911,29222,29654
272,0,4499,21963,21963,22050,18468
273,0,11492,28795,28795,28912,27721
274,0,685,23391,23391,17749,22713
275,0,10270,23710,23710,23063,20707
276,0,9035,29247,29247,29495,27128
277,1194,15,18326,15732,29282,28568
278,0,3673,16430,16430,22792,20739
279,0,3479,19746,19746,18819,22276
280,1,11620,15120,15245,15120,27014
281,0,13628,20467,20467,23426,16193
282,0,4904,16311,16311,15532,16106
283,0,14602,28593,28593,24426,27178
284,0,8465,25151,25151,24253,28903
285,106,7364,15789,22706,19642,23557
286,8,12794,25444,26019,25929,28984
287,385,9154,28159,28859,26250,26743
288,0,13748,29298,29298,24343,24810
289,0,6931,19508,19508,20474,23571
290,1092,5323,27247,25585,24510,26488
291,0,6607,17402,17402,16311,16106
292,0,9109,24169,24169,29248,29653
293,0,5971,26290,26290,30216,26653
294,315,4289,17127,21724,17779,18283
295,0,8031,29696,29696,24859,24564
296,429,14708,26551,26690,24126,24334
297,0,3516,30053,30053,30111,29957
298,4,10545,15427,18794,19034,25577
299,99,10418,18948,19659,15458,19643
300,0,10845,21276,21276,26273,22332
301,0,5517,14964,14964,21353,16012
302,0,7818,28607,28607,26828,22957
303,0,1400,28113,28113,26979,27524
304,1,5214,21285,23710,21285,15348
305,0,7697,17744,17744,20648,15634
306,0,13181,28950,28950,27394,29040
307,0,1718,16995,16995,21860,16029
308,7,13846,25796,24602,15144,15093
309,0,8443,15220,15220,21735,19477
310,3,13865,27878,29502,29158,28391
311,69,12683,23142,19856,21370,19918
312,0,11524,28057,28057,24182,25078
313,24,4365,24552,25721,21118,20127
314,0,1151,16355,16355,19070,17962
315,5,8786,21564,29502,28356,30205
316,0,2332,20269,20269,16341,22901
317,0,13158,27315,27315,27068,25554
318,0,11929,27133,27133,19083,27807
319,1,6322,26053,15036,26053,30136
320,44,820,28366,27169,27727,25942
321,896,7065,15017,14969,15019,30267
322,0,3791,30165,30165,30185,22620
323,6,5612,22760,18575,20511,20663
324,90,5378,25809,20316,28884,28245
325,208,6147,24904,30129,28289,25220
326,0,10151,24515,24515,23811,28060
327,112,7760,21687,15824,20555,19669
328,7,632,21102,20127,16187,15868
329,0,791,29879,29879,30322,30298
330,1,2176,27045,27835,27045,26844
331,0,7390,15515,15515,18586,16453
332,0,1188,21612,21612,16117,19061
333,0,11166,19053,19053,22293,18159
334,19,7969,23487,21687,18490,20225
335,0,6637,15441,15441,17797,15609
336,0,14393,14957,14957,14987,14956
337,0,874,25434,25434,15159,24973
338,0,5217,17419,17419,17694,22862
339,1,6883,24295,24829,24295,19976
340,4,3905,24354,24597,28006,29138
341,19,9939,26199,26428,26997,27385
342,72,1107,17716,19659,15458,24128
343,2,6107,15773,18415,17522,15773
344,1,6646,29543,28216,29543,28047
345,2,12864,15237,28846,15119,15237
346,2,5052,28250,29141,29443,28250
347,0,9005,18883,18883,18407,15339
348,1,5563,18066,16328,18066,22089
349,14,5556,17696,20744,20872,22279
350,0,1337,16448,16448,17469,21929
351,1,13760,23884,25075,23884,28510
352,0,278,15027,15027,14977,15164
353,0,840,29406,29406,26057,29093
354,0,14854,29178,29178,20961,28839
355,0,3861,23726,23726,23725,24476
356,0,10736,28641,28641,26046,28386
357,0,5321,18676,18676,22706,22597
358,0,810,25550,25550,28451,29203
359,14,1881,23911,15114,26707,25942
360,0,1540,27458,27458,24938,24975
361,0,4708,18283,18283,15304,15880
362,0,9701,16053,16053,19435,15405
363,75,2878,29329,27920,29193,30166
364,1,2343,18795,16324,18795,23474
365,0,9954,18017,18017,25627,16072
366,74,5367,22874,15408,23047,27065
367,0,6336,16108,16108,16449,18458
368,124,5481,23147,19477,18101,17636
369,0,10567,21975,21975,20424,16502
370,0,9869,26333,26333,22548,28739
371,2,5025,24473,28543,26508,24473
372,199,6019,28831,26790,28277,25870
373,0,2208,26134,26134,26754,22934
374,45,10691,25782,27280,28128,15083
375,46,12660,28371,26229,24228,28530
376,6,12686,21278,22927,28301,23336
377,0,2581,18067,18067,16926,17222
378,0,4634,24277,24277,21236,20724
379,1,9147,24750,23852,24750,23853
380,0,8608,19398,19398,20944,18468
381,15,1975,19165,18254,20294,19077
382,2,12273,27615,29173,28007,27615
383,0,3545,26187,26187,27133,28497
384,0,252,29557,29557,29700,23254
385,20,7685,30055,23970,26285,27583
386,0,6068,23989,23989,25595,25006
387,0,519,16117,16117,16338,18440
388,3,9170,14990,15004,22989,14960
389,599,8596,25153,25798,25434,24900
390,0,839,26789,26789,29739,23930
391,0,9509,27647,27647,29606,29526
392,1,6393,28427,26683,28427,18767
393,13,14504,28535,29304,24468,27237
394,0,908,16029,16029,16995,22070
395,4,10197,25501,25451,25765,25161
396,0,13385,20531,20531,18908,20541
397,28,934,26925,28305,29054,26672
398,311,4682,17855,18473,16385,22070
399,0,2027,21491,21491,16173,22397
400,41,6855,18473,21353,20013,19722
401,0,10924,23960,23960,28043,24995
402,0,5115,25962,25962,14974,15500
403,0,11125,15216,15216,24212,24697
404,1,3432,18708,23173,18708,20512
405,0,346,22996,22996,29146,24972
406,25,5843,25226,29277,28484,26599
407,0,6368,28956,28956,29817,28509
408,0,13134,17529,17529,29876,17524
409,0,5438,16001,16001,17709,18658
410,0,12666,20686,20686,18108,23613
411,1749,1023,15025,29617,26270,25085
412,4,14390,29040,27898,25104,27029
413,0,9304,25489,25489,26729,26684
414,0,10683,26414,26414,29712,28515
415,818,8505,19435,20557,22088,20418
416,0,3606,18871,18871,16119,16250
417,0,12250,29932,29932,30055,29974
418,0,6206,17684,17684,22006,21963
419,0,5193,24956,24956,25530,24992
420,0,11517,27684,27684,25108,26644
421,0,4991,15057,15057,25145,24595
422,63,7973,28997,25860,26079,30108
423,0,8336,19976,19976,20035,15517
424,7,9069,25363,26624,25182,28466
425,0,5555,29542,29542,27170,29495
426,3,13082,28019,26558,27826,24701
427,1,6192,15009,19376,15009,19774
428,0,4031,30192,30192,25101,28841
429,0,3848,25638,25638,29792,27762
430,0,11599,27402,27402,28048,26728
431,0,11855,23613,23613,17569,23466
432,1,11215,15377,18834,15377,19857
433,0,3562,29716,29716,27447,23990
434,0,6233,30003,30003,23393,23777
435,0,14239,26424,26424,26584,26614
436,0,3236,26386,26386,28311,29105
437,0,3880,21261,21261,24392,26763
438,0,7621,24647,24647,30116,24329
439,0,11367,16123,16123,29499,19173
440,0,2160,26189,26189,25663,24131
441,11,943,22383,19323,15387,23710
442,0,1736,20255,20255,22708,21977
443,0,10022,25585,25585,27007,27102
444,0,10848,20108,20108,22329,24577
445,1,915,27998,25894,27998,28585
446,166,669,26037,19246,28921,22214
447,0,3099,24058,24058,24402,25985
448,0,3782,24665,24665,28751,28919
449,0,8358,26082,26082,26650,29235
450,0,4741,23881,23881,23789,24226
451,3,11719,20260,15627,28524,19368
452,5,9608,29937,30085,19851,30131
453,52,6036,26508,29129,28277,28670
454,1,921,21326,16688,21326,22070
455,0,555,24667,24667,18599,19596
456,12,8245,29821,24528,19981,24099
457,0,467,19885,19885,21597,15107
458,0,3054,29375,29375,24402,24420
459,26,9320,22373,18984,18576,23425
460,0,9925,30105,30105,25738,29962
461,0,10646,16119,16119,29825,20445
462,1489,9984,15458,15370,20035,20127
463,15,11704,14989,15004,14960,22989
464,0,9660,28974,28974,17854,24634
465,648,7185,29600,17323,26097,28004
466,0,9495,21160,21160,23474,16025
467,8,4827,20743,16733,15960,15358
468,0,12672,28743,28743,29040,23738
469,0,9937,28527,28527,26866,26251
470,37,3276,29038,26621,26419,23889
471,0,3604,23362,23362,19688,18407
472,11,11640,21063,22984,27126,23584
473,1,12961,29437,28226,29437,25738
474,194,9972,27624,29541,19225,27548
475,0,4812,26773,26773,26046,24820
476,0,6839,27901,27901,29417,23434
477,174,2006,23597,22701,16622,15342
478,183,3113,26276,24468,29304,27808
479,0,2172,15905,15905,20834,20012
480,2,8778,21198,21556,18645,21198
481,63,1968,28521,24692,26621,27007
482,0,5990,23849,23849,28487,28825
483,20,13639,26277,29304,24468,28501
484,87,14803,26055,27895,28356,15255
485,0,3973,24577,24577,29894,24807
486,0,8176,25808,25808,27809,27324
487,0,7329,28573,28573,29757,27924
488,0,3333,23285,23285,15995,17851
489,0,10093,25674,25674,28024,29673
490,0,14547,25247,25247,28388,25172
491,49,2323,27836,28324,27902,28040
492,0,7124,29253,29253,25047,17880
493,0,4279,23719,23719,24719,27247
494,1,5290,29959,30031,29959,29968
495,0,11182,23393,23393,23449,17744
496,0,7036,15085,15085,26177,25854
497,1,8481,25306,24786,25306,23971
498,96,6430,24334,27307,26136,29474
499,0,2328,15398,15398,15413,18842
500,0,1610,27441,27441,27440,27789
501,0,3091,20822,20822,20349,23063
502,0,8493,27917,27917,26655,26738
503,0,1654,28936,28936,28963,29003
504,0,4348,25346,25346,25345,26085
505,0,11900,24742,24742,26883,15210
506,14,9332,25655,27451,29373,27280
507,3,2722,22901,19133,15944,21944
508,0,2424,29032,29032,27017,25488
509,0,14163,28551,28551,28626,26470
510,0,4636,21582,21582,21500,24709
511,0,5017,15536,15536,20800,17741
512,0,6538,26784,26784,27373,29081
513,166,4202,21775,19111,22679,23661
514,0,14307,25652,25652,25851,19849
515,0,13029,25719,25719,29110,25764
516,0,12215,25266,25266,24761,22386
517,0,3736,22860,22860,22556,19059
518,0,1219,28055,28055,29141,28294
519,1,5265,30257,30302,30257,30240
520,5,13983,26329,27029,23830,25895
521,0,1779,24435,24435,26873,24084
522,0,2590,25345,25345,25346,26781
523,1,2550,24378,25712,24378,25299
524,0,9185,27339,27339,27004,25118
525,0,900,24892,24892,28169,26440
526,0,13072,19996,19996,19957,19337
527,0,7698,27605,27605,24632,25904
528,78,7419,24897,27669,26865,27010
529,0,1493,25977,25977,27657,26037
530,0,9318,26878,26878,26534,27658
531,0,4349,29609,29609,28744,28828
532,0,388,20364,20364,16995,18264
533,0,4108,17285,17285,23599,28167
534,0,5495,29473,29473,24097,28374
535,1,7171,26419,25322,26419,25637
536,0,2968,28451,28451,24843,29203
537,0,5898,25404,25404,27011,26395
538,11,12005,25196,25297,23725,26614
539,0,944,20094,20094,20723,17360
540,0,2899,17204,17204,19079,21336
541,0,8288,27096,27096,24207,29447
542,1,11021,19862,15724,19862,21099
543,1,14315,26248,24560,26248,28668
544,188,7050,24924,27703,29502,26806
545,2,13834,15068,15084,15098,15068
546,0,4667,17808,17808,15966,29883
547,1,14724,26254,28057,26254,26392
548,0,3493,16502,16502,17675,17544
549,0,10655,21954,21954,20805,22673
550,70,1780,21764,17129,17059,22009
551,0,13063,27673,27673,27500,23993
552,14,895,21015,20119,17131,17686
553,0,2307,15457,15457,16768,19879
554,0,10293,28095,28095,27406,26707
555,259,1940,25539,30104,30115,26530
556,0,7425,27251,27251,30353,25081
557,2,9390,16308,17352,23353,16308
558,79,3076,29410,26448,26391,29517
559,1,2222,15463,17675,15463,15371
560,0,1160,24568,24568,17969,19424
561,0,1383,26408,26408,15907,21542
562,0,13043,29929,29929,16660,16328
563,1,13255,28170,27910,28170,25729
564,2,7170,29552,28495,29071,29552
565,0,8313,22949,22949,20922,23338
566,0,991,26331,26331,28259,24140
567,0,10687,25724,25724,27526,25246
568,0,1798,24768,24768,23780,23804
569,0,8240,19857,19857,29080,16266
570,0,4820,16756,16756,15673,16853
571,0,4041,30195,30195,28987,24318
572,3,8112,29845,15446,15890,22672
573,0,10030,24061,24061,26622,24174
574,2,10325,30096,29996,27567,30096
575,198,2663,23930,26738,27694,27835
576,117,2760,21189,19659,24128,15458
577,7,2965,28677,28737,23889,26621
578,102,2923,29445,23931,26011,25796
579,0,5806,21685,21685,18809,18889
580,0,11081,23382,23382,17752,29354
581,1,13558,27274,24858,27274,27610
582,2,4471,26558,26465,23626,26558
583,684,4942,30202,21626,30225,30304
584,0,8275,26090,26090,18708,26210
585,1,12908,29984,27813,29984,28000
586,1,9988,28372,29855,28372,27014
587,48,13429,25626,29026,25755,25794
588,93,13920,19995,23552,20945,19185
589,0,7205,20231,20231,15533,18479
590,72,9233,18008,17524,18159,19641
591,0,2710,27017,27017,29032,25488
592,0,1521,22752,22752,15352,23447
593,3,8567,27371,27041,28726,26790
594,18,1614,27442,19156,27841,27945
595,107,4301,26705,29064,15978,24425
596,0,709,19811,19811,15995,16186
597,2,11273,23049,18115,17569,23049
598,0,8117,16401,16401,23480,18150
599,0,742,29056,29056,27192,29869
600,8,2742,30078,30053,29957,23811
601,0,5457,22420,22420,17367,15726
602,0,2028,15139,15139,24056,24981
603,6,10474,15698,23487,16426,23585
604,0,9465,23936,23936,28599,27827
605,12,12513,29313,26907,25251,28102
606,88,8747,22160,23129,17524,23495
607,0,3293,22624,22624,26514,22868
608,0,14347,29917,29917,21554,15325
609,0,3458,20134,20134,15856,23703
610,0,4534,25571,25571,24944,30328
611,0,3435,20237,20237,22507,28468
612,0,10451,27448,27448,25762,25841
613,0,10519,20641,20641,22936,17848
614,0,2820,20002,20002,19342,28150
615,15,14685,24975,26042,27075,26821
616,56,14950,28581,15120,27895,15245
617,80,434,17261,20658,20830,24731
618,0,884,18781,18781,17679,22713
619,4,2549,23909,25712,24377,24378
620,0,6244,23190,23190,22622,16528
621,0,13113,28983,28983,24897,27246
622,0,10532,25695,25695,25261,25444
623,113,2690,20744,20472,18606,18963
624,0,12321,17063,17063,16274,19862
625,99,1511,24396,17824,22351,23200
626,0,3448,28380,28380,28692,26807
627,0,6879,15781,15781,16528,15759
628,1,9529,24222,24189,24222,25381
629,0,9653,26526,26526,17953,27232
630,0,8725,27620,27620,27207,25250
631,0,783,23040,23040,18745,17717
632,40,6918,21024,23487,19962,22732
633,0,504,15302,15302,14978,19912
634,0,6881,24557,24557,25739,29578
635,117,4350,16244,17059,17129,16554
636,12,7334,25686,28219,29239,25782
637,1,11738,15966,17808,15966,29883
638,0,6461,27928,27928,25783,28005
639,0,6692,18789,18789,17829,20651
640,550,6953,28141,15142,15063,25101
641,0,13891,28629,28629,28477,27283
642,0,2210,15368,15368,20665,19671
643,0,2708,20527,20527,22969,19811
644,0,14184,24493,24493,25220,24295
645,0,12043,27186,27186,28423,26277
646,10,7066,26803,27380,26097,24504
647,9,6600,25145,15057,15112,15111
648,0,12985,25641,25641,23947,23946
649,0,6376,26068,26068,24172,24185
650,0,4141,19651,19651,15276,21809
651,0,11022,28379,28379,27890,29288
652,0,12654,27420,27420,25634,27085
653,17,3234,17730,16733,17348,17768
654,3,7343,29511,24910,29756,25690
655,89,5141,15559,30347,29445,30277
656,0,8509,28102,28102,29411,27778
657,69,10649,24535,23792,29600,27852
658,63,10815,22414,19577,22111,22823
659,6,13017,25916,24951,25856,28354
660,0,10350,17425,17425,26970,17349
661,22,6299,23318,22190,21278,23420
662,0,7579,23973,23973,29706,25496
663,1,10766,26744,28260,26744,26838
664,1,7967,17132,15465,17132,16750
665,44,2239,25205,24614,27841,19156
666,0,12859,24630,24630,28141,28521
667,0,13767,27093,27093,14975,18326
668,0,4384,24829,24829,24397,29162
669,4,6852,22101,17544,19003,22049
670,257,5286,27009,25181,26846,24117
671,3,3912,15421,19323,18918,15348
672,0,7222,28826,28826,25902,19827
673,0,13592,24441,24441,26119,26456
674,4,3945,28847,27027,20128,23375
675,0,462,19779,19779,23434,21450
676,0,9764,19785,19785,20110,20250
677,2,9368,21010,19431,18681,21010
678,6,7216,26357,25894,25794,25145
679,2,13469,26767,24592,24186,26767
680,0,1217,23891,23891,15225,15090
681,0,10675,25468,25468,28133,27418
682,0,7899,23086,23086,18172,17769
683,0,856,25368,25368,15112,30003
684,0,7126,25816,25816,20511,15159
685,0,1764,24954,24954,23849,26046
686,0,5397,22714,22714,15824,20555
687,63,14618,20820,29845,21748,22480
688,18,12590,26864,21189,30287,30345
689,0,14096,15106,15106,24252,27945
690,0,6439,29472,29472,28455,28715
691,0,11175,22486,22486,21815,15341
692,0,10222,23211,23211,20934,17943
693,0,9671,23937,23937,24810,23894
694,0,8914,22825,22825,18166,22927
695,1,2077,23590,22724,23590,22837
696,0,1093,28939,28939,24820,27166
697,47,10772,25978,26383,28180,24718
698,482,11657,21542,23563,15499,29568
699,0,9079,25569,25569,24665,25072
700,9,13164,25016,26238,14957,26867
701,17,10651,24512,28137,28408,24050
702,0,9511,18339,18339,16228,22650
703,0,11603,26728,26728,26564,25494
704,0,1553,25715,25715,25279,24295
705,3,9352,26400,26611,25129,23947
706,3,12402,20367,15719,20279,18631
707,28,2648,24405,28040,27191,27582
708,0,4297,30085,30085,18683,29987
709,0,6000,24440,24440,27527,27712
710,0,14110,21111,21111,21327,16846
711,2,7088,28301,29045,29083,28301
712,0,9167,29988,29988,30000,29958
713,0,10568,21339,21339,20424,16502
714,1,13118,27246,28983,27246,28696
715,0,8798,28319,28319,29236,16007
716,0,1047,18253,18253,18121,28445
717,0,5168,23181,23181,19898,20601
718,0,4066,20175,20175,17748,19720
719,0,7970,20486,20486,20767,15542
720,1,12583,27978,27327,27978,18844
721,155,13876,24382,24896,27920,27714
722,0,3569,20200,20200,22818,16183
723,0,12609,28559,28559,24692,26750
724,479,14066,26067,28019,26470,27972
725,0,11253,28447,28447,24881,30140
726,0,3540,19097,19097,21478,15844
727,0,4496,24339,24339,25623,24147
728,0,6042,29621,29621,29648,29640
729,0,2083,28386,28386,25507,24207
730,0,11548,18034,18034,14991,17073
731,0,6399,22159,22159,20787,22734
732,0,6017,22440,22440,19741,23001
733,1,2852,17333,19995,17333,21046
734,7,7355,27955,24893,27380,25960
735,15,3733,18757,23487,22732,19962
736,885,6235,28235,28740,15114,15158
737,1,10165,17086,23507,17086,29356
738,6,9016,20013,18984,18576,20412
739,2,6423,27765,28247,29608,27765
740,0,4422,25693,25693,24280,24511
741,0,7262,17966,17966,17829,16559
742,0,1852,20264,20264,21929,27064
743,0,8653,28870,28870,27144,26999
744,0,763,29760,29760,19879,22724
745,0,13843,20773,20773,25727,16426
746,37,3949,25894,21035,27042,18008
747,0,8063,16337,16337,20905,19202
748,3,13345,17714,17777,16743,16933
749,13,1978,21434,21794,22610,21376
750,7,11377,22111,21518,19111,15499
751,0,313,27799,27799,29748,28305
752,31,4931,27241,30195,25974,28460
753,0,12169,26573,26573,25462,24252
754,0,6429,15981,15981,23504,22603
755,0,11184,23245,23245,18778,26402
756,0,4368,29422,29422,29277,26599
757,1,14114,27993,28175,27993,25171
758,0,6972,24973,24973,25434,23557
759,0,12963,25996,25996,29230,25629
760,0,2892,18319,18319,30334,18194
761,0,3968,29127,29127,25040,17128
762,33,7188,17824,22732,19962,23487
763,34,9122,17271,18460,19057,16835
764,0,12350,26637,26637,27280,26347
765,1,686,27389,24325,27389,25663
766,0,11286,26634,26634,24529,28545
767,0,2499,27171,27171,26246,25339
768,0,5492,18692,18692,15415,23300
769,2,14082,28418,27324,28095,28418
770,0,4783,23447,23447,20980,20183
771,1,2450,15105,24106,15105,29476
772,3,2067,22064,22564,20696,18363
773,0,5294,30216,30216,23142,30227
774,0,10832,27566,27566,29713,27146
775,0,5651,15408,15408,21635,22181
776,0,4257,20922,20922,15348,22349
777,1,1159,15923,22916,15923,19424
778,1,5434,26669,26043,26669,26173
779,0,1216,28015,28015,26153,29323
780,0,960,15959,15959,16493,20382
781,22,1193,28959,15759,17709,15107
782,0,495,29522,29522,29903,21144
783,12,3769,19645,19067,15920,20598
784,0,11507,19225,19225,21102,17749
785,383,12440,24117,28883,25728,29254
786,1,13627,17524,21499,17524,23233
787,1,1648,30322,29879,30322,23142
788,0,5644,26612,26612,26395,24544
789,1160,10253,25325,26637,19899,15083
790,2,1440,24105,24363,24973,24105
791,0,5739,29698,29698,29267,27382
792,0,12760,29814,29814,29801,30146
793,1,7046,27351,25940,27351,27609
794,0,1742,26056,26056,28417,26964
795,0,3655,24601,24601,23993,25623
796,0,6078,16660,16660,16483,20763
797,0,14200,20995,20995,18611,24113
798,1,12311,24091,24288,24091,27851
799,0,9555,20249,20249,24596,26711
800,18,4590,17383,17603,21614,20619
801,0,11590,19345,19345,19274,23138
802,0,11473,19372,19372,23613,22819
803,213,10216,19277,21036,16622,22398
804,0,1055,28216,28216,27170,24564
805,0,13185,15187,15187,15181,15182
806,0,10494,20361,20361,17063,22070
807,3,11624,18150,17854,19177,18471
808,0,5918,26677,26677,27204,29443
809,0,2745,22778,22778,17028,16634
810,0,7472,14982,14982,15003,19214
811,0,11265,18311,18311,17021,21960
812,90,475,21512,20069,19898,18473
813,0,13814,15185,15185,29886,15085
814,0,3694,25339,25339,27046,27171
815,0,5662,22670,22670,15466,18833
816,0,642,18599,18599,15979,22868
817,0,7990,15092,15092,19490,15219
818,0,8208,24651,24651,28053,27806
819,0,1587,25249,25249,27240,25859
820,0,9735,23901,23901,28594,28591
821,0,13589,28532,28532,23769,23419
822,115,12349,25175,28609,25787,24382
823,0,13529,24553,24553,24290,29819
824,0,14750,25401,25401,28107,24727
825,0,9780,19831,19831,15953,22360
826,436,1266,20890,23366,23072,15379
827,0,9560,17289,17289,23504,22603
828,0,6753,17841,17841,21160,23247
829,0,10332,28733,28733,29703,28311
830,0,7661,19980,19980,15656,20636
831,0,12048,22645,22645,23254,22859
832,0,5919,26727,26727,27609,26161
833,15,2381,24950,15230,29517,26448
834,4,3744,26901,23816,24787,25716
835,0,12082,26413,26413,25158,28263
836,0,12126,24189,24189,25381,24222
837,0,11160,23286,23286,28776,27570
838,0,4546,16909,16909,16634,19109
839,12,6099,29212,27845,27169,27728
840,3,2224,25647,26961,15140,25349
841,0,6780,29475,29475,24284,23688
842,0,327,17901,17901,17436,16007
843,0,9680,18310,18310,15291,16208
844,0,5680,23756,23756,26037,28356
845,109,6220,27145,25985,27385,25279
846,0,9316,19899,19899,25782,26637
847,4,8989,16551,19323,22248,15348
848,2,2056,16415,29471,25405,16415
849,0,8581,20112,20112,22527,21518
850,0,2425,18180,18180,22868,20614
851,0,9802,28840,28840,27647,29606
852,0,10954,20137,20137,18789,20228
853,0,7291,22913,22913,17383,20598
854,0,3138,29654,29654,29426,28215
855,0,845,29597,29597,27311,27144
856,0,4879,16874,16874,18932,21430
857,0,1724,26231,26231,26028,15798
858,3,2422,16778,23353,19324,20712
859,5,4230,21821,30214,30246,20081
860,0,12935,25450,25450,28591,24810
861,0,6432,22112,22112,21755,23193
862,0,12821,27463,27463,26346,25020
863,0,4948,19056,19056,17773,21325
864,1,4594,26918,25175,26918,25817
865,0,2043,28759,28759,29712,28247
866,0,7879,26257,26257,26255,24734
867,7,4671,29942,30075,30005,30111
868,4,3980,17544,21304,23666,26697
869,0,13115,29061,29061,30163,26734
870,0,4949,16998,16998,19767,19378
871,0,1126,27300,27300,26076,17222
872,0,9957,20478,20478,15553,18533
873,144,4744,15846,19962,20269,23487
874,0,13872,28761,28761,26329,25721
875,0,3052,15809,15809,23366,18794
876,0,64,17749,17749,20701,15886
877,0,5750,15594,15594,17485,22618
878,0,12987,24534,24534,26611,23946
879,36,73,22198,19667,23432,22039
880,0,8632,20155,20155,17267,21115
881,2,9687,18335,16232,19435,18335
882,14,3974,27411,27343,24402,25530
883,0,8422,27265,27265,29222,15626
884,7,11095,27455,24516,26881,24515
885,2,10172,28620,24129,26169,28620
886,12,11874,19570,18664,21099,18288
887,0,4288,27394,27394,16347,24140
888,117,9542,26656,24315,26006,26983
889,0,2982,26193,26193,23855,24903
890,3,13428,27886,24498,24177,28905
891,2,6210,24873,24410,24467,24873
892,56,14530,27259,29569,29129,29335
893,0,9466,26970,26970,17425,30110
894,653,13418,20353,22706,29578,18086
895,9,3467,18344,20002,20387,17744
896,0,11976,29687,29687,27336,24610
897,0,14217,15125,15125,27923,28581
898,1,11583,24468,25026,24468,29304
899,0,13383,25924,25924,25091,25849
900,944,7384,24096,21821,27335,28361
901,5,6967,28992,28247,24207,26723
902,5,2703,26979,27823,28059,15095
903,2,6066,22916,17969,19424,22916
904,0,116,25549,25549,27801,28573
905,23,3008,15957,19667,19922,20938
906,0,10066,24797,24797,24409,24833
907,0,5932,21977,21977,22550,18005
908,33,13240,30116,29372,24891,30038
909,248,14207,28945,28823,30121,26938
910,8,1019,29587,26316,28802,29218
911,0,6472,22505,22505,20665,16524
912,634,500,19974,21113,16012,15549
913,0,4380,15362,15362,17436,17901
914,0,3050,19950,19950,16275,17422
915,0,10073,23627,23627,16290,15762
916,128,2964,26846,29168,29578,24334
917,52,10564,17747,19877,17884,19376
918,0,1351,18988,18988,23434,20749
919,0,8995,24081,24081,24050,29230
920,0,6134,29736,29736,26076,17222
921,0,9708,24888,24888,26153,28165
922,0,5602,22366,22366,20531,19475
923,1664,13053,28784,28528,24972,27311
924,0,12530,15867,15867,23285,23618
925,0,11494,20320,20320,23208,15799
926,0,2147,24907,24907,24365,27335
927,0,10298,20665,20665,18771,22475
928,1,7459,26809,27659,26809,26362
929,1,10334,22398,23247,22398,21134
930,8,1559,15915,19059,23487,21036
931,0,1716,27127,27127,21886,24992
932,0,5177,27764,27764,27566,29027
933,0,8100,26229,26229,24501,28983
934,0,6942,20074,20074,20723,18370
935,6,11675,27125,15036,26053,30136
936,0,12997,28421,28421,26168,26167
937,0,13694,26206,26206,25402,24544
938,1,10874,28495,27761,28495,30033
939,0,7668,28556,28556,28448,27757
940,0,5239,24279,24279,29203,28451
941,29,11220,26790,28358,29594,26677
942,0,7214,28692,28692,28133,29338
943,0,13573,28773,28773,28493,29276
944,30,11039,20668,23256,16403,21542
945,0,5238,27650,27650,25380,25955
946,0,8330,27289,27289,29703,26020
947,3,594,21017,18815,22494,22832
948,2,2974,15075,26310,25753,15075
949,0,11786,29162,29162,27474,28609
950,85,11118,22927,21370,19918,19856
951,0,5129,16849,16849,21982,21434
952,0,3619,17359,17359,21739,18256
953,0,13878,27474,27474,29162,24872
954,19,12301,28462,26304,15748,27322
955,0,9121,26729,26729,25489,26684
956,4,3641,26707,29859,28973,29083
957,0,10435,29017,29017,25617,27765
958,19,1211,18086,20081,20080,21821
959,0,7691,22721,22721,20286,15767
960,0,10921,16721,16721,21288,22355
961,9,2960,22897,30235,17467,30327
962,0,8232,17768,17768,18998,22173
963,0,9681,17772,17772,16619,16117
964,0,6573,26941,26941,27045,27548
965,0,8739,26444,26444,27426,28516
966,0,8370,16110,16110,19983,22901
967,11,3519,26616,15080,15229,24632
968,0,11167,27527,27527,30354,28768
969,0,5487,20031,20031,26705,16275
970,0,11306,15272,15272,20434,23599
971,75,6320,15844,16251,18335,20235
972,25,2231,18918,20551,17161,20598
973,0,5188,24857,24857,26333,28080
974,0,13126,23805,23805,25870,24637
975,6,3369,18584,26107,22494,22828
976,478,14036,29896,28277,27609,25963
977,0,9551,23780,23780,21354,23400
978,0,12136,24654,24654,28839,26428
979,1,10891,26448,24384,26448,25156
980,1,9040,18238,20155,18238,21115
981,0,9856,22483,22483,16028,20131
982,0,6781,22984,22984,17810,22064
983,0,4204,19551,19551,21662,21616
984,0,10065,19274,19274,19345,20845
985,1,6201,23434,19473,23434,16606
986,0,14182,25158,25158,24737,26413
987,5,4654,28493,22687,26215,26210
988,4,8539,18073,22929,20712,18904
989,0,11119,26770,26770,27020,24707
990,2,1760,28707,29343,27675,28707
991,0,9637,20636,20636,22188,19396
992,0,9052,17765,17765,29996,30096
993,0,9305,24256,24256,23806,25870
994,0,1578,26608,26608,26459,25294
995,5,5844,20795,21998,20438,19873
996,0,13419,27733,27733,25233,25817
997,1,14272,24426,27178,24426,28593
998,4,14783,25969,24599,24598,25922
999,3103,2476,28717,22480,28495,28455
1000,0,8730,15512,15512,19850,22467
1001,4,8765,25086,24509,30061,28875
1002,3,4732,28171,25998,26019,24143
1003,9,98,23191,18473,20296,19898
1004,0,12651,17049,17049,21933,23413
1005,0,2330,25246,25246,27526,25724
1006,0,1987,27807,27807,26187,27135
1007,0,2862,27408,27408,26580,15114
1008,0,6969,29624,29624,28356,27941
1009,1,3991,23684,22807,23684,15875
1010,0,12108,24603,24603,18584,26470
1011,0,1269,18276,18276,19284,19128
1012,0,3358,26384,26384,25787,24834
1013,34,12340,24492,28926,24433,25277
1014,0,5258,18514,18514,15804,21787
1015,6,5748,26764,25889,25656,24991
1016,1,6677,22432,18851,22432,17132
1017,0,4424,28320,28320,26169,24512
1018,0,5260,17496,17496,27288,20418
1019,0,1203,18737,18737,19136,22833
1020,184,6383,15167,25101,25869,27920
1021,8,9058,26967,29040,26210,24893
1022,1,12326,27938,25875,27938,25150
1023,0,4464,23796,23796,25044,23795
1024,107,12165,27278,25652,22423,28572
1025,1,7029,23917,14955,23917,23981
1026,9,5164,28294,28152,29555,30195
1027,0,14006,24521,24521,25837,24633
1028,1,563,28479,28441,28479,24791
1029,0,3575,27763,27763,29603,15379
1030,0,14270,23902,23902,22340,27502
1031,0,13493,21763,21763,20320,21102
1032,93,1942,29493,25256,27405,24578
1033,0,7437,22969,22969,24446,21689
1034,0,5142,20230,20230,21039,16273
1035,0,8676,18224,18224,16224,15739
1036,1,6720,17531,15851,17531,18282
1037,0,13605,27320,27320,26623,25481
1038,0,7745,25179,25179,24247,27548
1039,0,8704,24827,24827,26983,24920
1040,0,3507,16726,16726,15759,21268
1041,7,8558,17147,18264,20127,16821
1042,173,7646,23666,21741,15789,24081
1043,0,7754,23955,23955,25549,26517
1044,6,8982,27508,29047,28381,24349
1045,1,6924,23095,20598,23095,17653
1046,1,6971,28680,27448,28680,25433
1047,0,7386,28530,28530,24902,28213
1048,0,13723,25566,25566,28807,25901
1049,1,12977,24211,25534,24211,28983
1050,2,5097,15881,16686,18087,15881
1051,0,4003,16322,16322,15647,16000
1052,0,7117,27418,27418,26807,29028
1053,0,5427,27128,27128,15978,27720
1054,0,7345,25328,25328,27695,25089
1055,70,1538,21548,23487,22732,19962
1056,0,8147,23059,23059,15338,18140
1057,0,3001,18020,18020,18698,19246
1058,0,12261,24995,24995,23960,28043
1059,0,971,16832,16832,23054,21242
1060,4,2021,15348,20412,20146,20522
1061,0,6052,19812,19812,30240,30314
1062,0,4262,18041,18041,22714,21326
1063,0,6687,29311,29311,29716,26012
1064,0,6871,18464,18464,15989,18440
1065,0,14543,24486,24486,24552,26869
1066,0,10574,16933,16933,16743,19859
1067,0,2432,24905,24905,25616,24470
1068,0,4151,27263,27263,29247,27675
1069,1,2607,19397,23326,19397,19513
1070,0,9374,22120,22120,16554,22423
1071,0,4119,26430,26430,24823,28408
1072,0,9881,28197,28197,29204,24992
1073,0,11528,15798,15798,22853,20232
1074,0,4551,24692,24692,26750,25530
1075,0,9339,23507,23507,17086,29356
1076,0,274,29564,29564,29447,28671
1077,0,13274,16400,16400,23191,15338
1078,0,2190,29575,29575,25938,26763
1079,0,11626,24078,24078,26262,16087
1080,0,8609,20944,20944,19398,19626
1081,1,6814,22174,17523,22174,19277
1082,0,14340,25402,25402,28449,27187
1083,328,662,23340,28848,26107,22494
1084,0,6309,26902,26902,25789,29069
1085,3,7736,25963,28140,23807,27609
1086,0,12933,29223,29223,27980,27236
1087,0,10034,15004,15004,14960,22989
1088,0,4391,27956,27956,25221,28726
1089,0,3317,18140,18140,16232,16072
1090,0,6521,21234,21234,23068,17772
1091,0,1257,22659,22659,19342,15503
1092,0,4064,19342,19342,17095,27803
1093,0,13462,23085,23085,21977,19147
1094,79,10968,25395,25991,25603,26278
1095,2,13313,26380,25682,27424,26380
1096,0,13149,21390,21390,15003,19214
1097,66,1414,21999,23063,23710,15348
1098,113,10710,19577,19678,22706,15373
1099,0,5788,28576,28576,25853,25916
1100,0,9379,21094,21094,18222,22243
1101,0,11920,18884,18884,23452,22070
1102,0,11709,16437,16437,20583,20619
1103,8,13635,28414,25104,26023,27722
1104,5,4803,19569,18320,21212,22848
1105,0,3248,20220,20220,22026,20324
1106,0,7192,29389,29389,28432,29387
1107,0,1075,18450,18450,20048,20805
1108,0,3704,21860,21860,18253,28445
1109,3,764,28566,27765,29311,28247
1110,5,290,30298,23142,29879,30322
1111,0,13475,26085,26085,29154,25345
1112,0,2587,16007,16007,26450,17436
1113,1179,11294,15043,28521,28141,14996
1114,0,10600,29367,29367,29069,28791
1115,0,11153,24151,24151,24621,28820
1116,0,10883,24487,24487,24762,25081
1117,5,7249,18218,19549,18415,23480
1118,0,4088,22832,22832,20663,20981
1119,0,12835,24670,24670,25637,26970
1120,2,442,26590,24140,24449,26590
1121,10,10159,19473,23487,19962,23585
1122,0,9785,27735,27735,25226,25667
1123,0,11469,21950,21950,29708,25406
1124,336,4423,24898,30104,26938,30086
1125,10,8833,25744,24003,25566,25763
1126,0,12804,28253,28253,26690,26180
1127,0,10770,16346,16346,29147,16207
1128,8,11188,15526,21115,20155,17267
1129,0,3786,23504,23504,22603,17289
1130,0,14601,29890,29890,20342,22430
1131,0,3024,19983,19983,22901,16110
1132,0,8172,27498,27498,27492,25402
1133,0,8861,15341,15341,16792,19004
1134,10,11206,20945,22198,19147,23293
1135,39,570,29534,25371,26725,25584
1136,0,708,19035,19035,22581,23091
1137,0,2209,29499,29499,16123,24770
1138,9,11988,26301,29848,22913,28212
1139,0,8555,25575,25575,23814,24128
1140,0,8243,17349,17349,25409,15850
1141,0,1535,20663,20663,21773,18100
1142,0,11764,22649,22649,20205,23660
1143,0,7863,14966,14966,15470,14980
1144,0,10181,25658,25658,28762,27496
1145,104,13958,25476,29541,27705,29038
1146,55,197,20598,17028,23011,21495
1147,0,8103,26434,26434,25016,25564
1148,3035,11693,27350,19156,27841,28038
1149,0,5715,15506,15506,20601,22177
1150,978,6005,21888,16554,19057,18460
1151,0,2806,27041,27041,22847,19986
1152,172,8441,23332,22306,23680,17377
1153,0,337,22203,22203,15324,19588
1154,0,6921,25177,25177,29008,24140
1155,8,2278,28174,26391,26448,29517
1156,14,10728,19896,17442,21212,21478
1157,0,649,28487,28487,27289,29303
1158,0,2684,27890,27890,17411,29553
1159,304,14840,26310,15066,15120,15245
1160,8,14026,26968,26699,28979,24408
1161,0,829,20723,20723,20020,18137
1162,0,8776,23233,23233,21010,20183
1163,0,1403,19797,19797,15793,18637
1164,0,11795,20026,20026,21922,22951
1165,0,5345,28855,28855,25577,26825
1166,103,7181,18314,14970,28551,27416
1167,6,3466,23387,15661,17636,17694
1168,34,543,28400,25322,26419,26089
1169,0,11496,28315,28315,24476,15085
1170,0,10463,24213,24213,21161,23806
1171,0,11944,18467,18467,19314,15305
1172,2,11769,28381,29294,29047,28381
1173,0,13690,24284,24284,24904,23688
1174,0,7272,18808,18808,22062,16274
1175,0,1982,26984,26984,25214,28510
1176,7,813,21724,22823,28158,23538
1177,0,6111,28561,28561,30153,25342
1178,56,3944,29757,16012,22070,15719
1179,0,5889,18444,18444,28567,19859
1180,0,4356,15739,15739,21589,21336
1181,0,5466,27578,27578,25886,29224
1182,0,9781,20337,20337,18904,19591
1183,0,9714,29665,29665,29648,21117
1184,0,7997,22576,22576,17687,23317
1185,0,447,30209,30209,29852,29879
1186,0,5597,27130,27130,27774,27343
1187,0,7302,21098,21098,22382,21999
1188,1463,9006,28851,24646,28333,25869
1189,1,268,24972,29146,24972,22996
1190,1,10019,20438,21943,20438,17181
1191,0,2200,29166,29166,25287,27588
1192,0,11521,24402,24402,29380,25047
1193,0,11983,16193,16193,15982,17885
1194,2,14151,26191,25345,26158,26191
1195,3,10168,24597,29468,25461,28006
1196,0,3123,15000,15000,15238,15222
1197,0,5199,20064,20064,19508,26708
1198,0,5301,18698,18698,18020,20688
1199,4,5854,15875,24968,28734,25194
1200,0,5339,29114,29114,27120,28855
1201,4,9617,15394,16062,23357,22132
1202,0,3877,18866,18866,22592,30132
1203,4,9278,19873,20228,18789,19035
1204,0,317,30112,30112,24550,25517
1205,4,12251,29480,26328,25312,25055
1206,215,12452,29859,26929,25127,15075
1207,0,5914,20205,20205,17103,20580
1208,1,11809,16873,22975,16873,22160
1209,0,10555,17522,17522,14982,21090
1210,0,8164,27292,27292,26799,24495
1211,1,7796,23452,18884,23452,18882
1212,3,3383,24834,28884,28245,26384
1213,0,10432,25038,25038,25606,26547
1214,1,4219,30016,15217,30016,29077
1215,0,5605,27069,27069,25977,24259
1216,0,2242,24646,24646,29049,24408
1217,39,8057,26294,15150,15080,15119
1218,43,10016,29546,29372,26938,28823
1219,103,958,28611,29517,15230,26391
1220,0,1966,25453,25453,16743,17428
1221,0,14211,29120,29120,27870,30093
1222,5,476,26302,25895,28898,27701
1223,0,7550,25762,25762,26362,27659
1224,5,11229,28417,25130,29058,28769
1225,255,12873,26643,26883,24742,15210
1226,2,3760,22365,23530,20012,22365
1227,1,12608,27988,26108,27988,29239
1228,0,10755,15553,15553,18533,19305
1229,2,4109,22144,30214,30246,22144
1230,9,4641,23042,16072,21478,17129
1231,55,6770,25774,28884,20316,29389
1232,0,8483,18346,18346,21727,20171
1233,35,8903,22876,15868,15798,20716
1234,1,6567,22180,21434,22180,16385
1235,0,9041,27487,27487,26220,23991
1236,0,2237,27968,27968,23849,29252
1237,0,10282,18600,18600,15539,21612
1238,0,1714,27904,27904,28097,28089
1239,0,4148,15609,15609,17797,15993
1240,1,3289,18278,18413,18278,18809
1241,0,12112,25664,25664,23871,25680
1242,0,6127,24883,24883,27320,25481
1243,0,2230,28059,28059,28128,29612
1244,123,5384,22226,17625,18005,20572
1245,24,135,15158,15095,15154,15151
1246,0,2287,29168,29168,16292,30274
1247,0,5340,23990,23990,29431,29212
1248,0,5247,22933,22933,22587,22815
1249,0,550,20905,20905,16998,19680
1250,0,4416,22199,22199,19885,16530
1251,21,8203,17625,19701,19924,29853
1252,0,6527,27593,27593,29574,19508
1253,2,13020,24591,23931,29095,24591
1254,0,9377,24736,24736,26062,25695
1255,1,12362,28522,26257,28522,25288
1256,0,8871,26718,26718,28553,27108
1257,37,7492,17517,19057,22896,21564
1258,18,13828,15396,21635,23599,15466
1259,7,1853,24263,26152,26996,25368
1260,3,13449,29116,23769,28532,23419
1261,50,5472,21161,17185,16821,18264
1262,0,13454,25316,25316,25803,26125
1263,7,2700,25666,26448,25156,15230
1264,3,7975,25195,24116,28171,24115
1265,0,12874,17790,17790,16268,15634
1266,0,7394,16312,16312,17207,17681
1267,0,11748,30345,30345,30287,30321
1268,262,11616,20872,18446,15325,20051
1269,0,8242,24223,24223,25409,17349
1270,0,996,15144,15144,29845,29254
1271,2,6388,21288,22355,18700,21288
1272,1,4972,30047,28997,30047,24205
1273,0,11837,29331,29331,30104,28823
1274,0,8694,29818,29818,29066,28300
1275,4,1690,15549,22382,21999,23474
1276,0,7149,30133,30133,28442,30086
1277,0,12778,25684,25684,26016,26015
1278,0,13018,27013,27013,26642,25666
1279,0,2036,26119,26119,24441,26456
1280,0,1150,25044,25044,23796,23795
1281,1026,6773,16369,20648,19849,17291
1282,0,10799,22306,22306,21268,27331
1283,0,8213,17267,17267,20155,17431
1284,8,3130,30075,29270,28945,28567
1285,0,4425,19049,19049,16857,19851
1286,3,5633,24101,24579,24985,26311
1287,0,11291,25231,25231,28894,25232
1288,0,10983,18876,18876,20392,16438
1289,0,11481,21859,21859,15923,16810
1290,0,8524,20630,20630,18537,17325
1291,0,10966,25933,25933,25934,25978
1292,0,6015,17379,17379,22669,19554
1293,0,8761,16454,16454,19862,18460
1294,0,967,22697,22697,19885,22199
1295,16,7194,16232,17790,15880,16601
1296,0,12139,25535,25535,26539,25232
1297,44,9068,25765,24924,28038,27841
1298,28,6216,28356,26488,27102,19606
1299,177,5303,25776,24197,16385,29761
1300,0,5106,26244,26244,27796,27922
1301,0,402,21336,21336,20555,17204
1302,0,3135,29072,29072,25983,26992
1303,0,6558,26527,26527,29008,27817
1304,0,13801,29841,29841,29839,29374
1305,0,1950,26711,26711,23962,24596
1306,0,5068,19606,19606,24951,22695
1307,58,7243,19248,19501,21895,17429
1308,0,9073,24911,24911,27336,26461
1309,0,4176,22688,22688,20109,30353
1310,159,10901,26938,28628,27455,28029
1311,0,7507,22798,22798,18439,16528
1312,0,7344,23696,23696,15549,22443
1313,0,14866,26393,26393,16110,29040
1314,0,12837,24240,24240,25376,27682
1315,1,7555,19328,21663,19328,17379
1316,0,7331,29140,29140,22281,26037
1317,0,7572,26995,26995,29681,29268
1318,0,13917,27768,27768,26416,24203
1319,0,2087,21393,21393,15507,19022
1320,0,9614,27640,27640,27577,28386
1321,0,718,26812,26812,25497,29411
1322,5,7765,21665,20823,17829,16559
1323,0,277,27635,27635,25317,27182
1324,0,2129,29112,29112,29948,30066
1325,9,6777,22587,29471,25405,21476
1326,0,13129,26483,26483,27088,28485
1327,0,1500,18533,18533,20478,19865
1328,0,2084,29509,29509,29277,27801
1329,1,4145,17253,15421,17253,16232
1330,54,11023,29193,28141,28521,24630
1331,53,10969,27920,30192,25203,30166
1332,0,10936,21168,21168,27730,21931
1333,2,4990,27273,27373,30253,27273
1334,0,2030,17670,17670,18180,20200
1335,0,13905,27271,27271,27390,25953
1336,3,3086,24731,24247,19980,25789
1337,3,12857,27368,27939,27029,29106
1338,2,11323,25329,27431,26929,25329
1339,6,6004,20434,22090,19117,18795
1340,0,812,29157,29157,28435,24589
1341,1,13859,21647,19451,21647,15907
1342,1,2901,19109,17129,19109,17383
1343,0,3003,23087,23087,23060,21505
1344,0,9417,18254,18254,15549,19526
1345,0,11055,14980,14980,15470,14966
1346,0,5073,15467,15467,21234,23447
1347,3,4206,27958,26325,24084,26689
1348,4,4591,30035,29996,27567,30096
1349,0,11818,24697,24697,27497,15216
1350,0,13427,24131,24131,27030,27046
1351,0,9866,28744,28744,28796,29355
1352,7,5376,28841,30244,15063,30192
1353,0,8661,29491,29491,29750,24586
1354,18,10352,30338,30247,30344,29852
1355,0,90,15305,15305,18982,17422
1356,0,5596,22620,22620,22389,16413
1357,1,11342,23948,29787,23948,28964
1358,0,2296,21494,21494,15953,17747
1359,4,5510,29974,30055,29736,28289
1360,3,14197,27020,29790,28032,29662
1361,0,6480,15181,15181,15240,15182
1362,1,13347,27808,24975,27808,24459
1363,0,4917,19066,19066,19814,29888
1364,0,1860,24035,24035,26161,25922
1365,4,251,29617,30166,15234,15095
1366,0,9556,17485,17485,15995,20651
1367,2,3285,29077,26865,26360,29077
1368,0,4726,24207,24207,28386,25877
1369,0,14068,26030,26030,24259,25659
1370,0,11775,19525,19525,28938,27786
1371,1,8748,28444,24588,28444,27385
1372,0,1756,26646,26646,22009,28761
1373,0,4587,28668,28668,24032,20747
1374,0,3787,22603,22603,23504,17289
1375,0,9946,26715,26715,27497,24697
1376,1,3121,27327,27978,27327,24719
1377,828,13995,26456,24492,28766,24570
1378,7,7894,18282,30322,23142,20980
1379,0,5790,21184,21184,17960,22276
1380,1,7890,29643,29640,29643,29621
1381,3,6623,20293,29402,21200,19010
1382,0,3674,19275,19275,20749,19200
1383,0,13174,25752,25752,28411,28908
1384,1,11482,23769,28532,23769,23419
1385,0,8331,25649,25649,26609,28125
1386,0,9303,26161,26161,26727,26790
1387,0,9961,24498,24498,28905,24177
1388,0,3767,19214,19214,15003,22400
1389,0,5117,19765,19765,18929,25860
1390,0,9344,25150,25150,25875,27938
1391,1507,12399,29826,23429,22616,23438
1392,0,2525,23198,23198,28883,17748
1393,47,5585,18439,30214,19771,20080
1394,0,14593,29022,29022,29066,28300
1395,0,8204,15531,15531,17389,16193
1396,0,5051,17686,17686,20023,17131
1397,0,6666,23788,23788,28810,26773
1398,0,1297,21049,21049,15321,22101
1399,0,5344,29541,29541,28828,29609
1400,0,2387,18665,18665,23366,23072
1401,0,4717,26747,26747,16106,30099
1402,0,3137,16057,16057,15995,19604
1403,4,5989,22792,15463,27924,20270
1404,4,14590,24045,24799,26246,25729
1405,0,2562,24933,24933,29008,25530
1406,0,2406,15758,15758,20834,18115
1407,0,4747,15989,15989,21163,29402
1408,42,9901,28501,27849,27694,29740
1409,0,2081,27900,27900,24026,29476
1410,0,7056,16295,16295,15957,22524
1411,0,3538,26765,26765,29509,29556
1412,1,7412,28407,25447,28407,24359
1413,0,7819,21176,21176,19342,19641
1414,2,14030,29428,29040,23738,29428
1415,2,13785,18446,20051,18606,18446
1416,1,12805,29839,29841,29839,20743
1417,3,3745,29849,29910,29892,29898
1418,0,6463,27531,27531,29742,29075
1419,22,700,20712,19591,20245,20916
1420,0,7401,19810,19810,15969,20545
1421,0,3664,28694,28694,28869,29495
1422,0,9902,23254,23254,20104,22645
1423,2,7560,30222,30216,26290,30222
1424,131,9927,15907,16795,23684,22896
1425,0,11000,27178,27178,26059,27972
1426,0,9860,26114,26114,25730,26380
1427,3,14169,27934,24481,22592,25739
1428,0,13968,24325,24325,27389,25663
1429,0,8349,18813,18813,19449,16786
1430,1,744,24785,24456,24785,26517
1431,0,11741,25288,25288,24259,24412
1432,1,6492,16859,22188,16859,23480
1433,5,10420,26374,25501,27464,25451
1434,0,13323,26748,26748,25155,26762
1435,1,8228,24509,28875,24509,28194
1436,0,14513,26467,26467,24894,28393
1437,0,10771,26572,26572,23777,25443
1438,0,8792,25411,25411,25971,28620
1439,0,3779,15776,15776,17662,23091
1440,11,9688,28245,26151,23874,25443
1441,0,12259,19481,19481,15923,19859
1442,0,13772,26416,26416,24203,27768
1443,0,12391,15953,15953,17747,22360
1444,0,10763,22761,22761,22213,19056
1445,0,4035,23924,23924,24810,26401
1446,0,10375,15387,15387,20551,20598
1447,0,8048,24533,24533,26119,28553
1448,2,13256,29304,27237,24468,29304
1449,223,10076,20571,19646,25154,30314
1450,0,329,15500,15500,29673,25674
1451,0,4247,27564,27564,28733,28082
1452,0,10192,22774,22774,28846,25285
1453,6,1390,19323,21764,16551,16686
1454,0,7054,29173,29173,26797,19457
1455,264,14853,24290,27154,27888,27916
1456,26,2830,29846,28550,30003,26646
1457,2,8129,26753,23921,28391,26753
1458,0,3344,20610,20610,15276,21224
1459,0,70,27426,27426,27192,29224
1460,0,1236,23091,23091,17485,17851
1461,0,12481,24825,24825,24396,24773
1462,1,2646,21755,23063,21755,21920
1463,0,3850,23622,23622,30209,15656
1464,687,4466,25229,27659,26362,28096
1465,0,9119,16791,16791,21367,21049
1466,968,11894,15154,28383,15197,26006
1467,0,12799,17352,17352,26180,20438
1468,751,11374,21614,19057,23318,23498
1469,0,12398,15856,15856,22534,19542
1470,161,12551,28567,30104,28823,26938
1471,0,14246,29770,29770,24072,25674
1472,2,13003,15020,23998,24786,15020
1473,0,931,17131,17131,20280,19903
1474,2,12122,30244,24897,29373,30244
1475,1,10085,26263,23806,26263,24687
1476,0,4998,21282,21282,23027,19591
1477,191,1067,23661,22597,28804,19173
1478,4,9609,29957,30053,30033,24509
1479,0,1901,28893,28893,28914,28912
1480,0,9584,26109,26109,27545,27481
1481,0,4081,17073,17073,20957,18320
1482,1379,13902,19457,22209,18301,22757
1483,10,9194,27975,15080,15197,15083
1484,52,1099,22418,24872,23016,21920
1485,1,13844,28497,27807,28497,27133
1486,0,13746,23193,23193,17675,18061
1487,457,9249,26361,24657,28277,25585
1488,124,11176,30159,25754,24692,26384
1489,0,11336,25277,25277,24433,23931
1490,0,3316,24636,24636,23816,26301
1491,2,2115,28542,26383,27380,28542
1492,0,5220,20545,20545,28665,26653
1493,1,12635,26401,23782,26401,24470
1494,0,5114,24450,24450,29153,28828
1495,0,12323,27005,27005,24412,24259
1496,28,8244,23893,24034,27483,25999
1497,0,8437,27449,27449,26243,24795
1498,0,13388,23248,23248,21585,17752
1499,1,6624,24183,24950,24183,25959
1500,0,9899,25072,25072,28665,27566
1501,0,12084,22406,22406,20127,20417
1502,0,2661,22973,22973,17000,19739
1503,1,5489,17656,16800,17656,21478
1504,119,3402,15820,19643,19659,15458
1505,0,13633,29490,29490,24387,26804
1506,0,11170,29378,29378,26489,29859
1507,8,8105,25498,26725,28323,25371
1508,5,792,29559,29246,28040,27191
1509,0,3596,23958,23958,27033,22480
1510,0,9133,22701,22701,15342,22398
1511,0,11525,29921,29921,24732,16636
1512,0,12052,24560,24560,26248,26553
1513,2,13916,25837,25229,27140,25837
1514,136,7913,17041,18473,20069,15784
1515,0,844,28880,28880,28371,27217
1516,0,5966,18721,18721,17389,21815
1517,0,13519,26950,26950,26428,23789
1518,24,13096,28776,26770,29666,27020
1519,0,9230,27380,27380,28869,24106
1520,12,13411,25385,25342,28564,29481
1521,0,10012,27949,27949,23875,25221
1522,0,12076,24465,24465,24933,26977
1523,64,10026,18194,15458,19659,19643
1524,0,5984,21237,21237,19066,19814
1525,4,7782,28241,27245,29107,28951
1526,0,2826,16914,16914,19577,22111
1527,0,5619,18830,18830,20013,22868
1528,2,4207,27169,28169,27463,27169
1529,1,1726,26375,24370,26375,26177
1530,0,2949,28651,28651,26768,27576
1531,8,5402,28182,25647,26055,24544
1532,7,12315,19011,22616,23429,23087
1533,0,4575,15759,15759,18363,16726
1534,0,9554,20297,20297,19782,16385
1535,0,9171,22190,22190,19856,21370
1536,0,670,19246,19246,22214,28921
1537,0,6870,23004,23004,15877,26102
1538,0,10063,27720,27720,28484,27588
1539,0,5822,23482,23482,15313,22508
1540,0,11679,26647,26647,26308,25031
1541,0,468,29239,29239,27871,26136
1542,0,3737,15729,15729,16094,22409
1543,7,6335,23584,21253,21063,28734
1544,1,2575,15507,19022,15507,21393
1545,313,2358,29158,30233,22313,30217
1546,1,8690,17953,18532,17953,21713
1547,0,13016,16328,16328,16660,29929
1548,2,9205,17636,22931,16849,17636
1549,2,4451,29855,22190,28973,29855
1550,0,11,29946,29946,29988,29958
1551,0,1533,18745,18745,17717,23040
1552,13,1713,24810,25502,24177,24553
1553,1,8219,25034,25155,25034,26762
1554,41,378,18115,23278,22553,22414
1555,0,9454,19753,19753,21339,28119
1556,0,1450,23003,23003,21035,19372
1557,0,32,30184,30184,27273,28961
1558,0,2188,22014,22014,16530,16292
1559,218,5334,19252,28521,30267,26981
1560,0,13034,26345,26345,26888,27000
1561,1,13677,25020,27358,25020,28588
1562,0,13853,17794,17794,16308,20579
1563,6,263,26472,15249,28346,28268
1564,0,2885,26130,26130,24910,26348
1565,2,4562,16278,19981,18892,16278
1566,0,1715,29404,29404,26765,27675
1567,0,9850,20097,20097,16528,19519
1568,0,6001,28764,28764,29691,25413
1569,171,9299,24958,15043,15017,26428
1570,0,4412,21242,21242,27223,22399
1571,1,11311,28316,28908,28316,25752
1572,0,67,15339,15339,22394,20947
1573,0,4327,26432,26432,28125,28027
1574,167,10469,21847,20511,19310,16758
1575,2,10566,25960,27955,27380,25960
1576,0,978,28941,28941,24555,29247
1577,41,1108,23404,19659,24128,19643
1578,0,12593,27552,27552,27972,26457
1579,2,12842,28033,23808,29038,28033
1580,27,12809,19469,22389,15542,20767
1581,16,10957,21809,16232,22896,19772
1582,0,6095,23180,23180,20725,17794
1583,3,761,15425,15222,15000,26881
1584,106,14218,29589,26969,27040,27016
1585,3,5716,25804,25330,26333,25886
1586,0,9134,28751,28751,28919,24665
1587,0,5120,20828,20828,23278,19671
1588,2,4111,20441,23466,22483,20441
1589,0,4895,23363,23363,20293,21242
1590,12,4370,28431,26735,29587,25498
1591,0,14794,16187,16187,22497,16794
1592,2,14492,28837,26037,30267,28837
1593,0,2377,20859,20859,15880,17925
1594,0,8638,26168,26168,26167,25935
1595,0,4954,28259,28259,27774,27343
1596,0,3703,20787,20787,22159,22734
1597,0,11973,18030,18030,23487,28840
1598,1,11264,27924,25549,27924,23972
1599,0,1469,24807,24807,29239,26414
1600,0,2411,24024,24024,24140,27469
1601,0,12004,21519,21519,21436,22101
1602,0,10916,24124,24124,25484,29633
1603,2,7322,29881,24365,18365,29881
1604,2,12664,20733,21951,22928,20733
1605,0,9611,25892,25892,26215,28559
1606,0,3841,17000,17000,22973,19739
1607,0,8600,23585,23585,22724,22445
1608,0,9458,16640,16640,17638,20609
1609,0,11780,23838,23838,26882,23837
1610,2,13127,29058,28417,27739,29058
1611,2,10896,19612,17496,20418,19612
1612,0,13629,27490,27490,24311,24259
1613,1,8271,26417,28771,26417,27929
1614,0,7614,28176,28176,29093,27325
1615,4,8757,20572,21191,19217,19570
1616,0,5147,26397,26397,29559,28280
1617,0,7851,28588,28588,27594,25106
1618,0,88,23544,23544,15799,19281
1619,0,4107,27214,27214,28796,28711
1620,10,10357,19034,22237,20002,19067
1621,5,614,29003,24630,28141,28521
1622,0,1026,18458,18458,23613,19372
1623,0,3255,16946,16946,29879,23233
1624,0,13827,27661,27661,26027,25884
1625,2,1105,15719,16340,19117,15719
1626,2,2435,28401,25121,26341,28401
1627,0,5562,17126,17126,20164,19688
1628,3,13507,24929,26616,27097,26932
1629,41,10271,19774,21035,22993,17937
1630,5,8064,29129,26683,18767,29502
1631,0,9958,15083,15083,15197,25894
1632,47,9517,30036,26221,30131,25624
1633,8,1233,21445,21063,22572,21253
1634,40,12641,27222,27095,29727,26302
1635,1,2120,28555,27182,28555,26087
1636,21,6766,21450,21456,18757,18015
1637,2,13803,25554,27068,23733,25554
1638,62,7640,27046,22351,17824,27184
1639,83,12803,29590,28339,25085,24777
1640,609,4635,22732,21036,22701,20538
1641,0,3851,28753,28753,26672,28152
1642,0,6723,27570,27570,25830,23286
1643,11,3871,26440,28056,29366,26809
1644,10,14034,16912,23711,22489,15563
1645,0,2730,17687,17687,21587,21198
1646,0,10210,22394,22394,20947,18140
1647,0,8872,22548,22548,20300,19782
1648,0,9231,25095,25095,25328,24002
1649,0,6511,29722,29722,29888,29408
1650,0,14,29474,29474,27255,27651
1651,0,4314,29397,29397,29441,29003
1652,0,7912,28044,28044,25544,29404
1653,0,4891,23208,23208,20829,15799
1654,0,13812,29804,29804,29803,30026
1655,1,10824,25091,25924,25091,15043
1656,4,12947,22877,22876,21983,17371
1657,0,10841,27262,27262,28977,27196
1658,186,2299,30256,30209,23142,30227
1659,4,5975,16800,16886,18087,22753
1660,0,10712,25729,25729,28170,27910
1661,0,11027,21748,21748,17636,22999
1662,0,6908,25033,25033,23876,25156
1663,0,12671,21436,21436,18927,18037
1664,1,12676,26505,25135,26505,28730
1665,183,14225,25181,24371,29546,25717
1666,8,3936,29218,25520,29246,26397
1667,185,11877,22232,28158,22823,18283
1668,47,11318,15246,26244,24621,27797
1669,0,5693,27012,27012,24422,18348
1670,0,5940,28900,28900,24065,29328
1671,0,270,29417,29417,27901,23434
1672,0,13570,27665,27665,26660,24633
1673,0,6926,26151,26151,18684,26374
1674,0,11567,17851,17851,15995,22673
1675,0,10843,23962,23962,28825,23849
1676,518,9918,27549,26270,29617,29268
1677,0,37,19380,19380,17432,22199
1678,0,2244,19359,19359,18222,20532
1679,1,2610,29691,25236,29691,24919
1680,0,9583,24251,24251,26965,30314
1681,0,4268,24728,24728,18052,25317
1682,0,11015,23843,23843,24647,29882
1683,0,85,16683,16683,17851,15844
1684,0,3687,19472,19472,16750,19284
1685,0,8192,19371,19371,18457,22346
1686,0,3066,26102,26102,15877,29568
1687,25,10267,22161,23498,23318,19057
1688,0,8377,18443,18443,28468,22507
1689,211,12943,25455,25585,27786,28938
1690,0,9815,29103,29103,23954,29593
1691,0,11384,17129,17129,16453,17059
1692,0,9273,16208,16208,17735,19284
1693,32,2573,23795,26717,15255,29008
1694,0,12123,16228,16228,18339,21519
1695,0,583,24758,24758,19905,22527
1696,14,12791,27187,26395,26612,27755
1697,0,361,26828,26828,28607,22957
1698,42,5634,18220,24081,30240,24251
1699,2,10394,30000,30066,30006,30000
1700,0,118,15388,15388,15000,15222
1701,12,13380,29487,24754,28611,28218
1702,0,12557,22622,22622,17855,15313
1703,0,6060,16062,16062,23042,21478
1704,0,11014,26031,26031,25803,26381
1705,0,52,26750,26750,17953,27427
1706,12,3267,22746,18100,19888,23544
1707,0,11008,16634,16634,23326,23011
1708,0,8724,25517,25517,30031,29959
1709,0,4909,19701,19701,23088,17074
1710,0,5741,20280,20280,20023,22133
1711,0,12668,28065,28065,26999,26825
1712,0,7540,25077,25077,24349,28381
1713,9,6355,15501,17603,18188,20619
1714,0,13147,28730,28730,25135,27549
1715,2,400,24555,28216,28047,24555
1716,0,3778,16250,16250,18871,18789
1717,0,14451,24704,24704,17694,23725
1718,9,8887,16686,22248,16886,16232
1719,0,8067,18136,18136,30328,23474
1720,0,7521,24794,24794,24207,29575
1721,0,155,21268,21268,28869,16001
1722,12,13563,25830,23859,26114,26037
1723,289,3249,29195,26637,27280,28128
1724,1,12783,29139,27817,29139,27019
1725,0,1807,20080,20080,30246,30214
1726,0,7789,22957,22957,20859,18264
1727,0,8499,27236,27236,26526,27232
1728,0,3382,18684,18684,20795,23300
1729,0,1072,19202,19202,19378,20324
1730,0,3305,29021,29021,27345,29212
1731,1,12571,26016,26015,26016,26470
1732,1129,14607,25991,27655,22423,22616
1733,0,11954,29685,29685,29645,21935
1734,5,4094,24425,26966,27774,28325
1735,0,14236,25297,25297,27262,28808
1736,1,9504,17735,23021,17735,19284
1737,1,13083,21256,21010,21256,23495
1738,0,4968,26232,26232,27937,28171
1739,2,8692,23088,20916,17074,23088
1740,2,12058,22936,17848,20641,22936
1741,0,1689,15783,15783,21999,16385
1742,42,4874,27154,24228,26527,25342
1743,124,8374,22962,21273,21576,22833
1744,0,7451,18405,18405,22724,22223
1745,21,13511,26027,26019,26755,25774
1746,0,10743,26542,26542,26579,22376
1747,0,7166,17890,17890,15837,19109
1748,1,4674,29278,28155,29278,29005
1749,0,2541,16808,16808,22006,21963
1750,0,985,23376,23376,17197,16275
1751,0,4331,29074,29074,24616,27104
1752,1,1084,19014,22847,19014,18068
1753,0,2736,28210,28210,24482,26736
1754,0,9725,26854,26854,26289,28152
1755,89,13435,25675,29770,28033,28024
1756,0,3597,26007,26007,28886,28305
1757,0,6765,21986,21986,19342,21895
1758,160,13928,25922,26790,28277,26736
1759,7,1855,29361,28174,15020,25126
1760,0,12307,25027,25027,24346,25483
1761,72,3039,24126,27373,25040,30205
1762,0,4721,24619,24619,27166,29012
1763,7,11241,28085,25443,25451,15834
1764,0,7918,26076,26076,27300,27892
1765,0,641,27072,27072,28473,26979
1766,17,4823,23174,19501,19722,17833
1767,0,1563,16111,16111,14974,16734
1768,0,4006,28715,28715,25226,26166
1769,150,11504,28299,27694,25942,29491
1770,5,2184,21224,17422,19950,18264
1771,10,14039,26215,28629,27781,24657
1772,0,11217,29207,29207,27576,25902
1773,2,13848,25785,24366,24209,25785
1774,0,4099,26791,26791,27941,29431
1775,0,11459,25382,25382,26251,29278
1776,18,2510,19077,22485,22527,23059
1777,0,13216,22230,22230,19871,17261
1778,1770,3482,26932,27841,19156,15053
1779,3,436,15138,15219,15095,15148
1780,4,14386,28020,27746,24704,28115
1781,2,11057,19692,20026,23114,19692
1782,16,13206,26521,15181,24117,15240
1783,0,14561,27318,27318,26613,26401
1784,58,7077,15059,15080,25853,15112
1785,2,11876,28808,27262,27196,28808
1786,0,5028,28165,28165,29509,29756
1787,0,5689,25252,25252,29859,26347
1788,0,752,24614,24614,27841,27945
1789,3,10587,29271,29914,29881,28663
1790,0,11508,26782,26782,26311,26781
1791,110,6725,21692,24081,15789,21741
1792,0,1096,26574,26574,29535,29303
1793,0,3480,24596,24596,28312,28515
1794,0,1733,27829,27829,29005,24207
1795,1,2227,23278,24907,23278,17086
1796,0,7321,30018,30018,24550,29946
1797,0,4390,17227,17227,21720,29533
1798,0,13706,24726,24726,25845,14975
1799,0,5936,24474,24474,28619,28502
1800,0,2152,21727,21727,16434,17833
1801,0,200,24919,24919,25236,29691
1802,0,13543,26625,26625,24461,26097
1803,1,4463,24158,24214,24158,27140
1804,0,10742,25657,25657,22301,17901
1805,0,2256,27577,27577,29005,30152
1806,0,2324,15661,15661,15771,22929
1807,0,8902,24288,24288,24091,29049
1808,0,8906,20437,20437,19016,17797
1809,2,5934,18035,22724,19328,18035
1810,0,11794,21372,21372,20947,30233
1811,172,9920,15572,30214,30246,20081
1812,24,4543,17726,23326,16758,22312
1813,1,2412,25591,24838,25591,24127
1814,0,61,29241,29241,28932,29506
1815,0,5469,27348,27348,29509,29277
1816,0,11030,27403,27403,27402,28048
1817,36,11546,26107,25345,25346,26158
1818,0,1822,23547,23547,19626,16808
1819,4,10547,28562,24737,19981,24528
1820,1,11169,27830,28948,27830,28451
1821,1,3401,24346,25483,24346,27808
1822,0,4984,28615,28615,24084,27958
1823,0,6261,22307,22307,20171,21727
1824,0,14515,26284,26284,29683,16734
1825,0,11116,25176,25176,25696,20975
1826,0,7827,15484,15484,29937,16511
1827,0,1758,15752,15752,22243,23525
1828,0,4186,25126,25126,26100,15020
1829,6,9032,22224,17903,17253,20225
1830,0,1913,16439,16439,19010,17067
1831,0,14265,26233,26233,26184,27955
1832,51,7718,26243,25048,29129,25436
1833,0,7164,21081,21081,21049,17741
1834,0,14619,30323,30323,30286,25103
1835,0,10593,16301,16301,20155,17267
1836,13,10410,24974,26042,27075,26821
1837,8,9738,28040,25520,29559,27191
1838,4,5837,28220,26549,26606,26045
1839,0,14098,24914,24914,26470,29040
1840,0,11532,19597,19597,16028,19770
1841,11,7511,27746,25085,26270,24221
1842,0,13264,25698,25698,27824,26727
1843,0,3844,22337,22337,15731,22587
1844,0,2016,23959,23959,23809,23808
1845,664,7481,22975,21395,29844,19642
1846,0,14311,27384,27384,27712,29315
1847,3,14221,25625,24113,29202,15219
1848,0,4723,15179,15179,15180,25846
1849,0,7904,21463,21463,17376,20894
1850,0,1014,18842,18842,16346,15413
1851,0,12568,24516,24516,20724,26874
1852,0,3287,22753,22753,23326,19024
1853,0,11491,15468,15468,22389,23049
1854,0,10865,25133,25133,25787,24402
1855,0,3647,15222,15222,15238,18842
1856,0,12854,18681,18681,21481,16431
1857,0,10173,15753,15753,28759,21521
1858,1,1993,25869,26736,25869,15241
1859,4,364,24699,25365,27405,28010
1860,1,5159,22534,19542,22534,15856
1861,0,7479,29712,29712,24392,27793
1862,0,13680,26192,26192,23088,17074
1863,1999,1778,28523,15147,28553,26718
1864,0,10233,17433,17433,18929,15217
1865,0,12807,28160,28160,25659,24413
1866,7,13184,24185,27665,26660,26674
1867,0,13692,27666,27666,25808,29819
1868,0,8868,29356,29356,28549,23507
1869,0,12677,27781,27781,23711,27849
1870,0,14209,15142,15142,25869,28158
1871,0,12559,16343,16343,21563,17687
1872,0,11835,20131,20131,22483,21576
1873,38,12017,28277,25585,23884,26208
1874,0,904,26020,26020,27289,28736
1875,0,6769,19496,19496,22877,16601
1876,0,13695,28226,28226,25324,29437
1877,0,12538,24385,24385,25639,22825
1878,0,6565,22348,22348,23362,22395
1879,0,7488,26626,26626,24165,24973
1880,0,10668,26383,26383,24724,25444
1881,0,3898,24129,24129,23238,21980
1882,4,5557,16601,20080,15614,30214
1883,0,842,29987,29987,24442,30075
1884,1193,10714,25968,26401,24470,26400
1885,0,2443,27659,27659,28096,26362
1886,0,4672,27800,27800,24859,29727
1887,0,6599,17761,17761,17050,20242
1888,0,2137,24014,24014,26655,21261
1889,0,7632,18290,18290,26121,18745
1890,0,1258,16128,16128,21880,16755
1891,0,9493,15724,15724,28234,18611
1892,0,1460,22050,22050,21963,18468
1893,0,5954,24389,24389,24490,22936
1894,83,9766,27849,15959,26476,17903
1895,0,13307,25064,25064,27761,27977
1896,0,1720,22815,22815,20302,22113
1897,0,13944,21505,21505,23087,22859
1898,0,2331,20716,20716,16056,23582
1899,0,2255,21980,21980,29084,17305
1900,3,10784,26874,25453,24470,24151
1901,20,6425,20767,20938,15542,23180
1902,0,8206,16097,16097,16929,18669
1903,13,9760,20278,28238,20824,15004
1904,0,9114,26019,26019,24721,28899
1905,0,2755,22244,22244,15465,22332
1906,0,11129,27484,27484,25017,27500
1907,1,13651,24409,24536,24409,26744
1908,0,10040,20810,20810,16743,16933
1909,0,9728,25783,25783,27928,28005
1910,0,2522,25245,25245,28542,26338
1911,12,10043,29518,15078,29254,15599
1912,3637,12827,21252,27939,28567,29106
1913,0,14647,30293,30293,30242,30261
1914,0,1861,30253,30253,29457,28585
1915,15,11077,20619,19057,18460,23318
1916,1,8625,29748,27799,29748,25226
1917,60,8796,20541,23278,23452,16232
1918,0,8049,27264,27264,26119,24533
1919,0,11353,27510,27510,24228,28561
1920,40,12834,27727,28169,26440,27463
1921,1149,528,22514,21063,22572,23584
1922,1,1642,27438,27801,27438,29277
1923,0,11758,23192,23192,22276,22553
1924,1,14014,25451,26151,25451,18684
1925,0,13472,21510,21510,26900,27788
1926,3,7603,18921,18908,16792,20019
1927,0,4067,17925,17925,15759,22669
1928,0,3828,24046,24046,25051,25050
1929,1,11462,27929,26417,27929,28552
1930,1,11432,27797,27292,27797,28350
1931,4,8254,15542,20250,19785,19715
1932,1,12665,24160,24214,24160,24158
1933,0,3304,27447,27447,29716,29311
1934,3,201,17773,23121,20795,20438
1935,0,6459,23806,23806,24363,24687
1936,0,5659,22880,22880,23405,15959
1937,1,8960,26180,29569,26180,14962
1938,1,10318,24084,24435,24084,26325
1939,2,6360,26164,24326,24327,26164
1940,5,12747,27085,26583,26339,25991
1941,0,2825,26732,26732,28726,26166
1942,5,10141,18166,21370,19856,21278
1943,93,10403,28351,25322,25637,26419
1944,0,244,24960,24960,27249,24331
1945,37,8885,19905,18830,21024,29894
1946,0,14418,25278,25278,24922,24493
1947,16,9750,29106,29304,28535,20260
1948,4,8050,27462,23769,28532,23419
1949,0,8191,26609,26609,25649,28125
1950,0,342,23054,23054,24318,16832
1951,0,10002,26541,26541,26579,26542
1952,0,11990,22549,22549,23514,15995
1953,0,63,16137,16137,22070,15886
1954,24,11545,19749,18447,15401,17074
1955,470,4869,28042,24323,24126,23911
1956,481,10578,20294,21888,29491,29445
1957,7,2245,16385,20658,20364,24731
1958,0,7043,23253,23253,19827,19304
1959,689,1382,23121,23042,18918,17442
1960,169,10838,27467,28339,24777,29040
1961,0,11007,29087,29087,26050,29164
1962,13,5692,25696,28914,29712,27204
1963,0,2997,30040,30040,30031,30005
1964,0,14804,25406,25406,28195,26676
1965,155,824,27916,26738,27169,18615
1966,0,9178,28429,28429,24581,27026
1967,0,2763,26285,26285,30108,23970
1968,2,12787,25191,24326,24327,25191
1969,0,5,27112,27112,28379,29166
1970,0,6518,22934,22934,22333,19739
1971,0,5059,22572,22572,21063,28987
1972,0,7308,14987,14987,15554,20390
1973,0,3321,26362,26362,27659,25762
1974,7,4526,28960,29653,29366,25717
1975,0,10903,24852,24852,25215,25581
1976,0,5499,22652,22652,15377,19857
1977,0,12318,25661,25661,23789,26997
1978,0,10747,24224,24224,23943,28541
1979,0,6846,26768,26768,29081,28651
1980,2303,14549,26945,28846,25285,22774
1981,0,7573,26673,26673,26856,28327
1982,0,10273,27217,27217,27809,27324
1983,0,6064,25972,25972,28676,22687
1984,2,8559,20229,21791,16658,20229
1985,0,14371,26898,26898,27584,24893
1986,2,5986,16835,22530,17601,16835
1987,0,10802,24140,24140,27056,23998
1988,494,4155,23175,22765,22934,27404
1989,118,3327,29594,28713,21821,27335
1990,0,1396,20277,20277,16434,20184
1991,0,3894,27806,27806,27805,15549
1992,0,4731,22181,22181,15771,17524
1993,0,8193,16413,16413,18008,20125
1994,0,6719,29292,29292,26792,26386
1995,1,3859,21671,22786,21671,25739
1996,1,14604,27616,25279,27616,25985
1997,0,1416,24212,24212,26229,25534
1998,0,10351,23322,23322,20630,15867
1999,0,1420,17549,17549,16511,18745
2000,0,3202,28484,28484,29531,28855
2001,1,10715,29996,17765,29996,27567
2002,34,12796,19500,22472,22760,19641
2003,2,7528,30108,30025,26079,30108
2004,0,3589,30217,30217,27941,25203
2005,0,7617,19042,19042,19342,22505
2006,160,3173,29335,22423,28075,29846
2007,0,5768,17954,17954,19645,22383
2008,153,9767,22606,17544,20541,23047
2009,0,9634,30104,30104,26530,30115
2010,0,8650,20417,20417,17636,15752
2011,0,4381,30225,30225,30304,30311
2012,2,10648,19822,18023,21522,19822
2013,0,14833,24282,24282,27237,27103
2014,0,1431,20047,20047,29735,15726
2015,0,321,29739,29739,28932,29005
2016,841,161,30205,23142,30298,30322
2017,1,11618,26491,24130,26491,26490
2018,0,11369,25778,25778,15626,25634
2019,41,14439,24002,24810,29819,27610
2020,440,3906,16904,15427,21108,30240
2021,14,11460,19877,17884,19974,21983
2022,0,6130,29174,29174,29168,28898
2023,0,6873,22188,22188,30253,29457
2024,694,6081,25154,25519,26746,24600
2025,1,3566,17998,19144,17998,18795
2026,270,13879,29502,29129,19201,27920
2027,46,3529,25391,29239,18615,24607
2028,3,7014,28218,24314,25421,27866
2029,0,1746,14973,14973,15629,16301
2030,0,11132,25383,25383,27445,25515
2031,3,9689,24259,23947,28522,27490
2032,5,3649,25999,24034,27483,23954
2033,0,5772,29563,29563,29578,24557
2034,30,9460,28367,24005,29612,29467
2035,0,4557,30131,30131,26833,28442
2036,49,8827,26720,26304,27895,28460
2037,1,4213,23368,21049,23368,15408
2038,61,3313,15327,19059,15321,18882
2039,1,14626,27893,27026,27893,28429
2040,40,6385,23027,16507,27730,23053
2041,4,2405,18615,23317,19641,19342
2042,0,5779,22662,22662,21544,23054
2043,0,9769,27902,27902,28324,27582
2044,0,10816,24621,24621,24151,27115
2045,1,7996,17783,16768,17783,21090
2046,3,12941,29560,26992,27379,25983
2047,0,3494,24708,24708,29216,15321
2048,4,11063,28268,24951,27703,25856
2049,0,9698,24172,24172,25837,27665
2050,0,1677,17222,17222,16926,26076
2051,3,8849,21197,22658,23165,30235
2052,3,1745,27007,15230,29517,26448
2053,0,10121,22400,22400,29920,22466
2054,6,7908,26145,15309,15944,21944
2055,0,8346,23886,23886,28388,28404
2056,5,2178,19526,23500,30254,16752
2057,0,3080,19340,19340,17749,16555
2058,0,7618,15221,15221,15220,28939
2059,0,7439,18322,18322,19952,18447
2060,0,10699,24578,24578,25256,25365
2061,0,1350,28441,28441,24791,28479
2062,0,1184,18658,18658,16726,21268
2063,1,6968,19871,21267,19871,18313
2064,433,7844,26173,28141,28521,25736
2065,0,8404,24203,24203,27768,26416
2066,3,8915,29327,22190,28973,28215
2067,0,3634,23021,23021,28581,19981
2068,0,6245,15940,15940,22250,28167
2069,0,4797,16915,16915,18100,17773
2070,7,8309,16106,24081,21741,15789
2071,2,10902,23425,23173,20512,23425
2072,1,7968,28908,23805,28908,28316
2073,0,8030,17679,17679,18982,22713
2074,0,7052,24869,24869,25345,25346
2075,0,5476,18468,18468,20944,19626
2076,7,9716,21054,20626,15267,29291
2077,3,2151,16000,19912,15000,15238
2078,0,1134,27049,27049,24995,23960
2079,0,1603,26046,26046,24954,24820
2080,1,5348,26396,27371,26396,28016
2081,0,7649,28068,28068,26925,29756
2082,0,3102,29506,29506,27765,27042
2083,571,9083,17603,21189,19057,19772
2084,0,11791,24666,24666,27871,26046
2085,0,4271,29800,29800,29801,29814
2086,0,809,26611,26611,25647,15140
2087,0,11722,16087,16087,21130,24078
2088,0,12633,25485,25485,24165,28889
2089,1,8200,25194,23588,25194,30195
2090,0,12521,28411,28411,25752,23806
2091,0,7347,18524,18524,29597,27466
2092,0,12383,23480,23480,20441,22188
2093,0,9088,17415,17415,15656,15732
2094,13,10774,18742,22972,23550,22312
2095,0,10147,27709,27709,24785,29528
2096,0,2938,19431,19431,20127,21148
2097,174,8795,18479,22355,20924,21288
2098,0,9924,28047,28047,24555,28216
2099,61,1050,29526,27588,29267,25287
2100,8,6767,28811,25182,26624,26945
2101,221,8530,25332,15083,25109,28128
2102,0,4507,27658,27658,22972,23550
2103,0,9592,29655,29655,26393,25376
2104,0,6848,17445,17445,22112,26247
2105,0,4008,18325,18325,17636,22550
2106,0,7554,17548,17548,22847,19986
2107,0,7245,16745,16745,19368,15338
2108,0,10625,23848,23848,25764,25719
2109,19,12357,26667,28042,27920,25776
2110,1,8767,15119,15061,15119,29755
2111,0,7452,14976,14976,21107,23877
2112,20,5143,28839,26169,24512,24511
2113,0,5664,17278,17278,22705,17615
2114,0,10453,24247,24247,19980,29012
2115,1,190,15386,26450,15386,25895
2116,1,168,29269,27694,29269,26707
2117,19,4101,17014,16117,22993,21355
2118,27,6180,16752,15371,18447,22853
2119,0,13904,22535,22535,17531,18778
2120,0,14181,26245,26245,26967,27013
2121,0,4128,29407,29407,25569,19342
2122,23,13295,26100,23998,27341,28229
2123,3,7156,24418,29304,26052,24468
2124,1,6514,30252,30349,30252,30198
2125,0,6943,20234,20234,15656,17415
2126,5,14172,25172,26767,27218,24767
2127,0,10608,28232,28232,25402,26794
2128,0,10386,24392,24392,27917,22101
2129,1,14488,27970,28878,27970,24810
2130,0,3520,21531,21531,18454,15501
2131,21,8962,26725,27033,29587,26120
2132,0,5797,17128,17128,15724,23192
2133,0,10677,20087,20087,20108,16072
2134,0,9565,25148,25148,25768,26717
2135,0,11547,26650,26650,29235,14991
2136,1,9579,20171,21727,20171,19627
2137,13,837,18288,17086,23507,22781
2138,92,14744,24371,28057,29502,28837
2139,0,3439,15276,15276,15952,19651
2140,3335,9524,25019,19156,29668,27423
2141,0,13054,25948,25948,25220,27880
2142,0,1782,27345,27345,29021,26247
2143,21,12056,27985,30104,30047,26938
2144,0,3107,25974,25974,26868,28898
2145,0,2011,16566,16566,20697,22868
2146,0,3804,15626,15626,19912,18629
2147,0,12810,28193,28193,28877,26121
2148,10,5452,29224,29277,15978,29064
2149,51,8059,25670,28536,28890,29413
2150,0,8568,27576,27576,27766,28673
2151,1,6548,25629,25530,25629,25545
2152,0,14416,26947,26947,25220,28903
2153,4,7333,28516,27289,29528,23849
2154,303,13032,28339,26717,15255,27056
2155,0,3069,28671,28671,28080,29447
2156,0,1907,17960,17960,18087,15967
2157,1,1409,24859,28119,24859,26873
2158,35,6545,19251,22706,21835,22597
2159,0,1878,29978,29978,26922,29952
2160,0,444,26089,26089,26621,26419
2161,2,14645,27569,25730,26114,27569
2162,0,6373,21988,21988,20146,20522
2163,0,5728,26999,26999,23972,17688
2164,0,4075,19737,19737,16868,16909
2165,0,8971,25199,25199,26341,17270
2166,0,10087,29648,29648,29621,29643
2167,0,14729,29666,29666,28964,28523
2168,3,1453,22145,15267,20626,29291
2169,0,9907,19851,19851,19527,29937
2170,184,7797,30246,29896,23827,22970
2171,0,13766,24019,24019,29502,29813
2172,3,2582,27065,29489,29381,27732
2173,65,2064,27033,25322,26419,25637
2174,0,13603,24941,24941,29665,29040
2175,0,5163,15647,15647,26450,24236
2176,0,9878,28686,28686,26615,25228
2177,0,14872,29164,29164,29087,26050
2178,7,3413,25531,25238,23845,27320
2179,0,7885,27240,27240,23744,25884
2180,52,10605,23744,24983,24721,26019
2181,1,4482,23618,18789,23618,20137
2182,54,705,27639,28009,24810,24343
2183,23,14173,28045,29040,26254,29428
2184,0,8601,23736,23736,15150,15221
2185,0,13446,25564,25564,24635,24061
2186,1549,8362,15650,24907,24365,22970
2187,466,13117,24314,24634,17854,28974
2188,14,10739,19154,23466,21920,19397
2189,5,14190,24433,24591,27680,23931
2190,0,5527,24627,24627,25088,28888
2191,2,1076,24065,26672,29054,24065
2192,204,8139,19350,19898,18479,15338
2193,0,10636,27721,27721,29278,27765
2194,0,10860,26547,26547,23717,25606
2195,0,12121,21107,21107,14976,14997
2196,0,2829,21090,21090,18444,16743
2197,0,891,24948,24948,15139,14977
2198,0,1065,25877,25877,27765,27963
2199,0,2441,20070,20070,18370,20094
2200,24,14760,27657,26621,29901,27232
2201,0,4935,16205,16205,23103,21986
2202,0,1127,19537,19537,18050,15397
2203,0,9846,20614,20614,20010,29748
2204,0,2232,17740,17740,18883,19701
2205,12,14120,24592,24186,24701,25963
2206,0,4070,20855,20855,21006,15976
2207,0,6516,30321,30321,30316,30166
2208,0,8391,22837,22837,23376,15726
2209,7,9662,25717,25322,24670,26013
2210,0,11849,17534,17534,21422,18325
2211,0,4752,22673,22673,19741,15995
2212,6,13223,20829,20110,20250,15799
2213,72,12161,28041,27217,27324,27809
2214,0,7585,26459,26459,27487,26220
2215,11,11841,27514,30104,28823,26530
2216,0,6701,26569,26569,28769,26706
2217,51,8669,28029,27355,25546,25738
2218,1,11815,25330,28479,25330,25571
2219,0,3509,22329,22329,17608,15343
2220,2,3847,24843,25911,29793,24843
2221,0,1851,16462,16462,17073,21035
2222,0,9490,29092,29092,25894,29493
2223,0,12183,28016,28016,29350,26396
2224,3,10495,26964,25130,28417,29058
2225,0,3539,16613,16613,17037,22145
2226,0,3971,17136,17136,26597,21336
2227,0,11096,15209,15209,24951,25856
2228,0,11925,21248,21248,17857,27042
2229,0,9879,29637,29637,29617,29640
2230,0,13064,23871,23871,25664,25680
2231,141,14276,24811,28009,24459,25502
2232,0,5883,29137,29137,28599,28946
2233,0,86,20651,20651,15995,19035
2234,24,7746,19003,17688,21224,15599
2235,22,8701,15987,18737,17885,22214
2236,0,5525,22388,22388,17524,15787
2237,0,8291,21655,21655,22823,28841
2238,0,6776,24527,24527,30006,29958
2239,2,4388,22382,16298,16525,22382
2240,0,12739,26578,26578,28353,19669
2241,5,8979,27022,26817,29372,30038
2242,25,4817,15225,27363,29420,29513
2243,16,4129,19173,23599,18264,16401
2244,0,9577,25590,25590,25929,25311
2245,14,2429,22524,21046,19995,26597
2246,110,909,30350,29543,26999,25203
2247,0,3780,23782,23782,25616,18699
2248,1,12029,26360,28763,26360,29077
2249,0,8791,15702,15702,22062,15719
2250,0,12424,24658,24658,24900,29106
2251,0,942,24803,24803,27086,27545
2252,0,13394,24153,24153,16062,24925
2253,21,2570,15090,15061,15119,28739
2254,2,2494,20119,20023,20762,20119
2255,1,208,16104,23326,16104,22313
2256,0,10143,25462,25462,24838,25591
2257,109,5969,17887,18344,19342,17383
2258,0,12095,23495,23495,19785,21010
2259,1,4137,26539,25232,26539,25231
2260,0,7069,27588,27588,29545,25221
2261,0,14650,26893,26893,26720,21748
2262,0,4260,27421,27421,27034,28603
2263,0,11956,25544,25544,28715,25886
2264,0,5267,19433,19433,27265,20040
2265,0,7966,16088,16088,19678,17681
2266,18,8531,26566,27902,28657,27191
2267,4,6553,26210,24768,26681,23804
2268,11,7739,17675,26597,21046,17136
2269,8,8805,28164,27058,28367,29594
2270,2,11906,19451,22443,21353,19451
2271,0,7228,28673,28673,27766,28651
2272,0,5676,22749,22749,17389,21340
2273,12,10870,27728,24892,28169,26440
2274,0,12851,28545,28545,26634,27341
2275,9,12401,28763,26360,24223,29964
2276,0,13234,29808,29808,22785,28768
2277,0,3796,23874,23874,24226,25088
2278,1,7487,29962,29566,29962,29984
2279,0,10342,25088,25088,25048,27643
2280,0,7169,23897,23897,26062,25695
2281,0,12309,28541,28541,24224,23943
2282,0,5126,29737,29737,29700,23254
2283,0,3252,30140,30140,15027,25337
2284,0,13030,25192,25192,22882,24501
2285,2,7061,22467,21367,21049,22467
2286,34,2426,23693,20551,17954,19645
2287,18,757,29372,29957,24442,30075
2288,0,5374,16358,16358,17969,19104
2289,0,7372,28436,28436,28135,26791
2290,13,5471,22351,30350,15614,25760
2291,0,5223,16750,16750,21285,17291
2292,83,13248,25135,30104,30038,28823
2293,0,1459,30237,30237,30258,30292
2294,0,3797,24835,24835,25754,25798
2295,51,6207,18678,22423,15915,20225
2296,0,5622,27499,27499,27498,27492
2297,7,1310,21443,22237,21315,19067
2298,0,8345,25283,25283,26926,24409
2299,0,4158,16876,16876,22088,20557
2300,4,3943,22333,22248,16800,21764
2301,0,8565,21944,21944,15944,16912
2302,0,7037,24370,24370,26177,25854
2303,0,3555,16229,16229,17360,18050
2304,0,4160,20507,20507,16528,22332
2305,0,2707,17074,17074,23088,23028
2306,1,6142,27341,25344,27341,24529
2307,0,3370,23626,23626,20684,15698
2308,0,9635,21236,21236,16565,20957
2309,0,13840,27602,27602,26766,28889
2310,0,5281,23737,23737,25634,27085
2311,0,6243,30033,30033,28495,24515
2312,0,4685,17555,17555,15792,28874
2313,0,4040,29703,29703,27956,26574
2314,1185,2685,27810,27977,30121,29552
2315,18,7268,17121,18815,21868,23011
2316,907,2177,20626,30254,16752,23500
2317,0,4378,26872,26872,28292,26470
2318,10,9343,28657,26397,28280,27582
2319,0,7864,20688,20688,16810,18698
2320,0,9097,24147,24147,25197,25953
2321,0,5977,27469,27469,25530,25912
2322,0,224,29523,29523,26254,26392
2323,0,12000,26512,26512,25787,26513
2324,0,3337,28991,28991,25545,25530
2325,0,12419,22730,22730,21310,22113
2326,0,5428,29235,29235,26650,24018
2327,1,7662,26120,29587,26120,29465
2328,19,12617,20957,17524,20579,20127
2329,0,3874,15552,15552,20412,21024
2330,1,3389,17614,20904,17614,18918
2331,2,2106,26517,26994,29166,26517
2332,0,2571,25667,25667,24304,28715
2333,0,3714,26994,26994,29166,26517
2334,5,4193,25841,28680,27448,25762
2335,0,13491,25672,25672,28603,29378
2336,0,14198,29635,29635,29632,29659
2337,0,9938,29758,29758,26785,25252
2338,264,12328,25184,29541,28367,27920
2339,1,137,28260,26744,28260,26838
2340,3226,3751,30344,25519,24600,24767
2341,0,6713,21123,21123,21692,20666
2342,5,5488,21815,17310,22132,19734
2343,0,3116,15326,15326,14977,15139
2344,0,5091,28455,28455,28528,28783
2345,298,13038,26717,28353,26578,25395
2346,0,11330,26889,26889,25205,24923
2347,0,5287,19554,19554,22075,19205
2348,0,3661,20035,20035,18975,19599
2349,0,5650,24286,24286,24327,24331
2350,0,14755,27135,27135,26322,28071
2351,2,12730,28807,25566,28045,28807
2352,0,699,15652,15652,20980,20725
2353,51,2879,17205,18611,20995,25154
2354,0,2697,18370,18370,20094,20070
2355,1,269,15061,15095,15061,15119
2356,0,5134,18460,18460,22497,22566
2357,117,6606,25624,28823,30104,30038
2358,0,7365,22340,22340,17451,21512
2359,0,9696,26062,26062,25695,24736
2360,12,2555,15228,15084,15063,15098
2361,0,1738,19378,19378,16998,20905
2362,0,11882,28925,28925,22668,27725
2363,0,5425,23344,23344,19857,19551
2364,0,13354,18668,18668,18677,22199
2365,4,12656,28006,29493,24597,25461
2366,324,35,15080,15095,20196,29907
2367,0,11514,23010,23010,18746,21933
2368,0,10737,26395,26395,26612,28718
2369,0,1737,27688,27688,26296,25366
2370,188,9720,26488,15197,29038,30267
2371,0,11352,16438,16438,18876,18015
2372,0,11680,24724,24724,26383,27228
2373,92,7712,25118,26428,27385,24893
2374,0,3010,20352,20352,19337,22749
2375,0,12486,24632,24632,27605,25904
2376,0,8986,16846,16846,21327,23068
2377,0,12786,27864,27864,28693,27785
2378,0,3379,28152,28152,25416,23849
2379,0,6696,16183,16183,20200,22818
2380,0,14140,25082,25082,25081,28824
2381,0,5090,20019,20019,27735,15759
2382,0,14210,25300,25300,15125,25299
2383,0,12984,15982,15982,15771,17524
2384,13,14263,27892,29445,24263,28443
2385,1,12339,26402,24248,26402,25684
2386,0,10059,28502,28502,28350,24474
2387,3,535,16955,16622,15871,20571
2388,1,11643,19604,16023,19604,17783
2389,0,7570,28940,28940,29532,28733
2390,1,2671,26783,27549,26783,24657
2391,0,8807,18727,18727,18904,16312
2392,22,1441,23353,21518,17529,17759
2393,12,10855,27423,24442,15072,26927
2394,0,3729,25697,25697,24384,24834
2395,1,9539,27451,24538,27451,28164
2396,12,3876,28938,24657,28277,24950
2397,9,7009,19962,21963,17655,22935
2398,0,6829,23301,23301,15594,16898
2399,0,4071,19739,19739,22713,21049
2400,0,9409,25637,25637,24670,17969
2401,3,2297,22679,23661,22414,20888
2402,0,3911,17597,17597,21659,27481
2403,0,13156,26461,26461,25883,29787
2404,1,12451,16523,19974,16523,18808
2405,0,3198,24018,24018,23960,26650
2406,3,7121,29465,23893,29096,25584
2407,0,1862,18853,18853,19067,16403
2408,0,13781,30215,30215,25103,30286
2409,1,3142,16338,16072,16338,18017
2410,3,10701,28816,26362,25762,15127
2411,0,7581,18053,18053,22800,21478
2412,0,92,18091,18091,22796,21597
2413,0,383,27331,27331,29201,22306
2414,0,6389,15047,15047,15206,15150
2415,155,10039,18794,21099,18611,18728
2416,0,1577,18972,18972,16391,16655
2417,25,12613,29256,24334,24668,29300
2418,19,946,28796,28665,29407,27204
2419,1,1491,21304,17333,21304,21355
2420,0,7063,23910,23910,29026,29239
2421,0,11918,24311,24311,24259,27490
2422,0,3966,27547,27547,29252,29015
2423,0,5181,29338,29338,26503,27263
2424,0,8918,19741,19741,15995,23285
2425,0,4323,27725,27725,28455,28906
2426,0,3553,24702,24702,24701,25337
2427,32,2159,21213,23710,17726,30310
2428,0,4336,24331,24331,24286,29123
2429,0,12476,15171,15171,15108,15228
2430,0,10301,28187,28187,26288,26983
2431,0,354,20390,20390,19214,15003
2432,0,13591,29898,29898,29849,29910
2433,8,9378,29080,26362,28816,15127
2434,138,14443,24840,23910,25368,24222
2435,0,9074,26644,26644,29555,27651
2436,0,11863,25682,25682,24923,26889
2437,0,11289,17829,17829,30344,28043
2438,34,2932,28543,29467,27010,28572
2439,16,9470,24285,28559,26966,17953
2440,0,1980,15430,15430,23211,19010
2441,8,12599,27422,26440,26456,29502
2442,4,14037,27029,27898,26329,27368
2443,49,6116,28511,27027,28847,27373
2444,0,1330,20580,20580,22620,20441
2445,0,7039,15370,15370,23300,19772
2446,2346,4659,17884,29271,25203,20280
2447,0,2044,23816,23816,24636,26294
2448,0,13842,30353,30353,20109,23333
2449,0,3628,15554,15554,17768,15358
2450,20,10548,26683,26311,26673,24441
2451,0,6272,29045,29045,29083,27152
2452,0,10705,15214,15214,15159,28352
2453,0,658,23789,23789,26246,15159
2454,0,10615,19477,19477,17772,21582
2455,3,688,24848,28977,28808,27262
2456,0,574,17655,17655,21963,18468
2457,4,13486,19864,15698,22113,17697
2458,0,8681,16431,16431,21481,18681
2459,415,10726,20500,29883,24734,17808
2460,0,7704,17748,17748,25577,18794
2461,0,4705,18100,18100,19888,17773
2462,1,11972,18699,25290,18699,24470
2463,1,6140,28739,29861,28739,30316
2464,5,5057,25435,26725,25584,25371
2465,1566,9870,22861,17533,19111,21022
2466,0,3702,23827,23827,20128,25869
2467,0,1922,25953,25953,25264,28245
2468,0,5845,27461,27461,25161,25765
2469,3,5899,15343,22009,19003,18053
2470,0,14004,25712,25712,24378,23909
2471,0,807,16926,16926,17332,21659
2472,1,11249,29658,29632,29658,21510
2473,43,6482,21713,21986,20291,21070
2474,0,9813,25358,25358,26623,25481
2475,1880,8335,18746,18778,15851,18282
2476,3,13845,27976,26238,26867,25754
2477,0,4617,20647,20647,18611,22868
2478,0,8322,19143,19143,18073,21459
2479,0,7723,20030,20030,19915,18140
2480,3043,4555,25853,24757,29158,26347
2481,27,7010,19594,17041,19177,22868
2482,0,11475,26903,26903,25369,28078
2483,0,7137,18815,18815,16491,15634
2484,0,12539,25639,25639,25898,25418
2485,0,4208,27146,27146,29713,27566
2486,0,13356,21903,21903,17643,21506
2487,297,14422,27913,29366,28169,28553
2488,0,7131,25760,25760,24544,27385
2489,0,11256,27478,27478,28042,26669
2490,7,8012,16341,15944,21944,17597
2491,115,9240,22734,18288,20407,23174
2492,61,2034,28595,24614,27841,15053
2493,0,7595,29793,29793,29792,15025
2494,2,12692,28552,28771,26417,28552
2495,0,6377,15095,15095,28115,15105
2496,0,646,18802,18802,16264,22662
2497,0,3537,29556,29556,28235,28482
2498,0,2020,26605,26605,29406,16627
2499,38,6231,17348,24081,14986,15789
2500,14,12703,26628,24866,26329,25595
2501,0,11668,19599,19599,15652,17524
2502,0,3790,20125,20125,16413,21160
2503,1,6230,15174,15215,15174,15237
2504,1,5508,15632,19756,15632,16117
2505,0,5956,22321,22321,17694,23599
2506,128,4049,21367,19659,15458,19643
2507,52,14057,29853,27913,15203,29880
2508,6,9992,23954,29096,29465,27483
2509,0,6209,26273,26273,29509,29277
2510,110,12109,28449,28016,27955,24140
2511,0,5288,24192,24192,24795,26854
2512,0,13715,16394,16394,17820,15435
2513,4,5044,20961,20743,23426,15554
2514,0,11454,26684,26684,25489,26729
2515,937,14889,27301,24354,24597,28006
2516,0,8034,20480,20480,18883,18407
2517,0,12441,29622,29622,29658,29374
2518,97,13246,29513,27694,29064,24607
2519,133,4159,27336,25980,28509,25865
2520,0,4102,27356,27356,29412,19371
2521,9,3504,20894,15599,22441,21197
2522,0,9324,24264,24264,25391,29060
2523,39,14801,23933,15959,20382,26979
2524,0,1700,29983,29983,24550,29974
2525,1,12182,21982,16849,21982,22137
2526,0,6465,18669,18669,16097,22070
2527,0,8028,18578,18578,21156,27007
2528,0,6784,27744,27744,28275,15161
2529,8,11371,15184,23952,24504,28372
2530,1,9572,19829,16097,19829,16929
2531,0,2890,26797,26797,29173,19457
2532,0,3047,22479,22479,21663,23660
2533,0,8332,19404,19404,20507,15759
2534,0,5878,20654,20654,21635,22721
2535,0,5978,18106,18106,20768,16557
2536,0,13935,24536,24536,23928,26744
2537,0,8634,17142,17142,23495,23068
2538,8,13832,26621,26401,27232,26643
2539,2,14525,30238,27653,23792,30238
2540,0,6541,24461,24461,24100,25595
2541,3,9024,20597,15549,19473,18313
2542,0,10834,24180,24180,28562,29821
2543,0,5590,29458,29458,19827,29152
2544,0,13470,26353,26353,25335,24101
2545,21,413,29141,27765,29393,27988
2546,299,693,15668,16070,18473,19898
2547,0,4270,24199,24199,26310,15075
2548,3,14282,29595,25191,28842,29602
2549,219,4125,22896,19284,19040,21815
2550,0,177,24624,24624,30163,27368
2551,22,1010,15150,15061,15154,24811
2552,18,6715,23114,22386,18606,17049
2553,0,12836,28678,28678,23749,30347
2554,197,12230,26990,24387,28535,24553
2555,3,10972,26922,29978,30000,25517
2556,0,3111,20845,20845,30254,18721
2557,10,4085,16945,25739,22786,21671
2558,1,3207,28802,28756,28802,28431
2559,1,10971,25279,25985,25279,27616
2560,0,5694,24946,24946,29065,29476
2561,1,7740,22615,19069,22615,15036
2562,0,5005,19057,19057,17960,15327
2563,0,10674,16491,16491,17065,18194
2564,0,3294,18139,18139,16104,19025
2565,0,3852,19987,19987,16557,16193
2566,2,348,23765,24259,25659,23765
2567,0,6413,21355,21355,20412,19342
2568,0,2123,14956,14956,15554,29802
2569,0,6568,19588,19588,21663,17379
2570,0,8418,28101,28101,24084,26325
2571,1,10346,24595,24277,24595,27740
2572,83,7154,26297,25698,27824,25421
2573,0,1447,28004,28004,25407,27635
2574,13,1062,24564,27675,29277,28484
2575,18,5935,28352,26199,26997,25348
2576,0,9819,28801,28801,24449,26590
2577,0,11572,27740,27740,25220,27391
2578,0,5215,21115,21115,16301,17267
2579,0,80,27200,27200,16705,27335
2580,0,11993,23471,23471,19083,22386
2581,0,10991,16810,16810,18698,16328
2582,0,10523,24719,24719,27247,23719
2583,0,9531,24420,24420,29375,24012
2584,0,4325,26580,26580,24496,26765
2585,0,5549,15834,15834,17569,22929
2586,11,694,22758,16308,20579,17073
2587,1,3415,27526,25724,27526,25246
2588,0,12019,26799,26799,27469,15255
2589,3,2961,15718,17780,23569,21406
2590,1021,8534,27465,19156,27945,15053
2591,1,12127,15851,17050,15851,21585
2592,1222,5209,15210,25585,27102,27007
2593,168,876,22943,19281,21389,21998
2594,0,7234,21006,21006,20855,16914
2595,0,5043,27935,27935,26605,29063
2596,0,14458,30316,30316,30310,30328
2597,161,1174,16072,22622,21049,22302
2598,0,751,28745,28745,28933,27987
2599,3,8055,25583,25238,26534,27320
2600,0,6702,24741,24741,18793,27890
2601,3,4701,19324,22389,19599,15370
2602,2,8334,26338,24495,23921,26338
2603,0,6536,19834,19834,20668,21224
2604,0,10364,25319,25319,26504,24259
2605,21,6044,29230,15043,25629,15017
2606,1,2207,24304,29526,24304,26007
2607,0,6535,22945,22945,19509,19671
2608,26,12032,24734,30345,30321,30287
2609,14,8420,20069,21476,25405,29471
2610,0,2717,25327,25327,24608,29757
2611,250,4342,15978,30279,20522,19077
2612,0,7998,29350,29350,26233,24060
2613,0,5465,30208,30208,30166,25203
2614,0,6922,24484,24484,28545,26634
2615,0,7240,27715,27715,27541,18443
2616,0,6221,24631,24631,27684,28455
2617,0,6329,17793,17793,25484,24124
2618,8,12574,24786,28552,26417,27929
2619,0,3465,22668,22668,21847,29313
2620,1,4699,15804,19322,15804,30253
2621,0,440,29084,29084,25287,27903
2622,0,3720,20104,20104,23254,27860
2623,5,819,25106,27594,27727,27169
2624,6,11191,20316,24081,15789,21741
2625,2,5949,15089,15182,15181,15089
2626,0,2688,25056,25056,25312,26328
2627,0,957,16101,16101,22332,22244
2628,0,12616,28127,28127,23866,21200
2629,0,2896,15338,15338,20113,20296
2630,1,6572,21998,26242,21998,21108
2631,0,8707,17103,17103,18073,15687
2632,4032,6915,25971,30003,15083,15112
2633,0,1442,19061,19061,18517,16385
2634,0,13406,26787,26787,28521,27797
2635,46,11604,23402,20051,18491,18446
2636,0,11218,28075,28075,26083,29847
2637,1,11233,15669,20260,15669,20500
2638,149,13774,17561,21847,17694,18882
2639,6,10783,23530,21835,21892,29030
2640,2,2189,28415,25413,29691,28415
2641,1799,12602,25603,27807,28497,25684
2642,5,10480,29293,27504,29302,29361
2643,0,1775,23707,23707,22355,21614
2644,0,239,26575,26575,28950,23993
2645,25,7722,21926,18678,20830,20995
2646,0,12431,24186,24186,25963,24592
2647,0,4531,23991,23991,27487,26459
2648,4,13553,24257,26042,29428,24366
2649,6,10700,28770,28983,28696,28501
2650,68,14589,19201,23550,18915,30261
2651,0,5002,28468,28468,28187,28528
2652,0,6119,19963,19963,22493,22993
2653,0,11312,21765,21765,19138,25294
2654,0,11899,26015,26015,26016,25531
2655,36,6155,22682,23200,18015,22198
2656,15,10421,21554,16565,21010,20916
2657,3,4411,27223,24910,26348,27588
2658,0,7316,23853,23853,24750,23852
2659,5,10212,24210,24003,25763,27612
2660,2,975,28010,27405,25256,28010
2661,0,5437,15405,15405,15960,15554
2662,2,9786,23786,23921,24495,23786
2663,0,6047,22584,22584,22524,20945
2664,2,14230,23894,26536,23759,23894
2665,20,6303,21499,22861,21918,28790
2666,102,12443,26998,28863,26621,14989
2667,0,11297,23931,23931,28443,24433
2668,2,4821,23729,26055,26703,23729
2669,0,4738,20424,20424,21975,15549
2670,0,2797,21544,21544,16832,22662
2671,1,3592,16833,22593,16833,16747
2672,0,12344,24890,24890,27084,25306
2673,0,7150,20228,20228,18789,21665
2674,31,11561,23300,18813,19715,19481
2675,0,14366,26988,26988,24570,29901
2676,0,2133,17568,17568,22603,23504
2677,0,8977,17759,17759,23143,21396
2678,4,13698,26238,26867,24786,27865
2679,0,10182,24308,24308,25729,28170
2680,0,5204,25710,25710,26488,25417
2681,0,7079,26267,26267,30110,26970
2682,0,2963,30334,30334,22706,30217
2683,340,6175,26304,21821,28361,22075
2684,0,5096,20616,20616,23210,22224
2685,0,8641,26584,26584,26585,28717
2686,0,14484,23731,23731,26963,23937
2687,1,5629,24482,26621,24482,28513
2688,29,3998,25988,27978,23588,28351
2689,54,5639,23016,22237,16403,22494
2690,13,12474,19136,23688,23756,19859
2691,0,3583,27999,27999,27541,27144
2692,0,2341,18517,18517,22070,17266
2693,121,9561,29326,28361,18172,25939
2694,0,10898,15465,15465,18278,15009
2695,15,11064,15087,15083,27451,28572
2696,3,13509,15762,20701,23121,15886
2697,1,13645,29836,27391,29836,27740
2698,0,1710,16266,16266,18834,19551
2699,11,3785,14974,15036,15004,22989
2700,31,4941,22658,15920,20598,17053
2701,0,6285,18574,18574,15003,19214
2702,0,3168,27405,27405,24699,25365
2703,4,10272,27813,24515,27355,28997
2704,0,6562,28711,28711,27194,25696
2705,22,1013,15255,26391,29517,15230
2706,0,1676,15741,15741,17170,15304
2707,76,7836,26476,29008,28991,27469
2708,8,14148,27612,25763,24003,25428
2709,1,8157,24127,26573,24127,24252
2710,0,1472,24318,24318,25723,24456
2711,10,8062,26641,15078,21821,22075
2712,2,12735,26997,25034,28576,26997
2713,0,6495,24984,24984,29458,27025
2714,0,1090,25576,25576,23837,15250
2715,0,2198,19655,19655,28468,22507
2716,5,13883,27225,27026,27893,24581
2717,0,7519,23416,23416,24726,17600
2718,2,6801,27560,26328,25312,27560
2719,88,8248,23419,22101,29502,16926
2720,1,12341,24586,24692,24586,24933
2721,0,11041,27793,27793,26653,27949
2722,0,4140,20449,20449,21389,21998
2723,0,5895,23155,23155,15875,23623
2724,1,12038,19004,15718,19004,21406
2725,0,11870,16818,16818,23300,19059
2726,1,10220,15436,22706,15436,18676
2727,3,3842,26807,28707,15746,25686
2728,82,3167,29254,29271,28663,28460
2729,1,374,19788,19612,19788,27288
2730,0,9270,23875,23875,29476,27949
2731,3,3937,15175,19156,27841,24614
2732,0,9664,24944,24944,28473,25571
2733,0,4291,24387,24387,27158,24810
2734,1,9010,26642,25666,26642,24632
2735,0,5791,15539,15539,19963,22493
2736,1,13015,24583,26021,24583,26565
2737,0,9482,28018,28018,27705,28358
2738,0,1622,17395,17395,22905,24803
2739,0,12086,23187,23187,20445,19035
2740,624,14415,25851,24314,24754,28611
2741,0,10849,28804,28804,22597,29356
2742,0,3362,18929,18929,17316,19765
2743,48,9060,19124,23557,19059,21518
2744,0,5780,26057,26057,28684,29476
2745,0,2812,23872,23872,28125,25664
2746,15,13622,21479,19804,22460,22895
2747,0,8593,23725,23725,27388,23726
2748,0,881,16653,16653,16108,19641
2749,0,6850,20739,20739,19011,20507
2750,6,8760,25050,27142,26579,25809
2751,68,14746,28140,24737,25158,29178
2752,14,8260,28740,28642,26347,28307
2753,1,8323,30037,30035,30037,26221
2754,1,14603,27745,28693,27745,27864
2755,2685,9312,28781,26637,29467,19899
2756,1,13239,29307,28760,29307,28220
2757,11,11943,25085,27093,18326,26450
2758,0,9106,28109,28109,27703,28625
2759,0,13154,26420,26420,28551,25170
2760,94,11912,28878,25502,24290,25917
2761,0,4367,15992,15992,17451,17998
2762,1329,9488,29895,23362,22348,19281
2763,0,9337,15901,15901,29084,17305
2764,0,10562,23336,23336,21278,17991
2765,3,8659,21983,22912,23016,22876
2766,0,13610,25721,25721,29833,24553
2767,5,3014,30304,30311,21564,30335
2768,0,9758,25612,25612,26814,30035
2769,2,13477,27789,27441,27440,27789
2770,0,2366,26523,26523,29173,28007
2771,533,3510,25465,14969,15019,14982
2772,2,9851,30288,30292,30237,30288
2773,0,38,27060,27060,28671,29286
2774,699,9916,30326,30335,30311,30304
2775,102,6270,20184,15834,27394,23344
2776,0,13297,25007,25007,24072,23248
2777,16,4583,23742,29957,24442,30075
2778,0,12918,16026,16026,15803,19599
2779,0,5170,28788,28788,28893,28590
2780,289,13550,26221,28823,30104,30047
2781,0,8137,26457,26457,27417,26288
2782,0,8685,28923,28923,26126,26166
2783,0,11661,26023,26023,24762,27135
2784,2,8527,23552,19066,19814,23552
2785,0,5050,27142,27142,25809,25050
2786,5,10650,24511,28408,26493,24280
2787,0,5356,21430,21430,19179,19342
2788,0,3476,18358,18358,24769,15007
2789,0,10316,19085,19085,22177,15506
2790,0,4322,22399,22399,21242,23622
2791,47,11224,18833,18087,16686,22248
2792,0,10945,15401,15401,22550,15868
2793,0,5219,17600,17600,23416,22301
2794,0,11534,28303,28303,27070,24847
2795,0,11529,16606,16606,18264,20196
2796,0,9915,28485,28485,26483,27088
2797,0,6292,21787,21787,15661,23174
2798,2,10589,26166,28294,28923,26166
2799,35,7725,21476,16750,15343,19177
2800,0,9828,20783,20783,26281,21622
2801,0,5069,24951,24951,19606,27102
2802,0,4505,26987,26987,23930,25877
2803,5,3713,20555,16745,16622,20019
2804,0,1915,25381,25381,24189,24222
2805,27,7501,28515,26341,27438,25199
2806,0,5056,27812,27812,27577,27842
2807,0,13259,29379,29379,28300,17714
2808,89,8763,29467,27878,29269,27916
2809,0,12103,19814,19814,19066,29888
2810,17,8624,23339,20824,28238,26053
2811,0,8616,25024,25024,28107,24160
2812,19,5413,23338,20213,19569,16052
2813,424,1155,28979,26717,29008,15789
2814,2,12477,26615,23931,26011,26615
2815,0,3795,25267,25267,24214,24158
2816,0,2545,25611,25611,27917,29431
2817,1,3459,29718,29750,29718,29704
2818,3,482,15993,17797,15609,15441
2819,0,11131,27845,27845,29286,29027
2820,16,8498,26996,26615,27544,27125
2821,2,14928,21710,21338,19433,21710
2822,0,5515,23681,23681,22624,15920
2823,19,9275,20777,17601,25199,20108
2824,444,5470,26571,30115,30104,24175
2825,0,8452,22508,22508,26355,15363
2826,9,3096,29593,23954,24606,24034
2827,0,9094,25204,25204,23411,24933
2828,0,9439,24343,24343,29298,24810
2829,28,10263,26423,26864,24757,26347
2830,10,1562,26564,26555,29302,29361
2831,0,6489,26503,26503,28783,27765
2832,0,724,17682,17682,17981,17065
2833,2,1379,29411,28102,25497,29411
2834,3471,7007,24415,29168,29578,25640
2835,0,4409,29068,29068,29526,29606
2836,0,11102,22566,22566,16338,18440
2837,20,11553,28693,25889,25656,26764
2838,0,14891,29803,29803,29804,30026
2839,0,873,29700,29700,29737,29557
2840,0,9059,16347,16347,22293,21784
2841,0,6821,22251,22251,15981,22603
2842,0,11056,24762,24762,24856,27259
2843,4,5939,21253,28987,22533,23588
2844,257,9159,22281,25983,27379,26992
2845,0,12422,19769,19769,22786,21671
2846,0,10299,26579,26579,26541,26542
2847,0,11749,21481,21481,18681,16431
2848,0,12484,30285,30285,30344,20822
2849,1,1113,19156,17824,19156,22351
2850,0,7939,29501,29501,28847,22518
2851,3,9787,29031,24438,26753,23921
2852,242,13316,29638,23859,29771,27977
2853,65,353,26706,29160,27467,29590
2854,4,1004,28882,27687,24663,26725
2855,0,2886,28052,28052,29556,15138
2856,299,13504,23792,30225,30311,30335
2857,3,5821,27400,27732,25264,22075
2858,0,11776,20331,20331,18368,17655
2859,0,3636,26262,26262,28509,25332
2860,0,13960,29876,29876,17529,26784
2861,2,980,29602,29123,28842,29602
2862,442,6837,28833,24893,29040,27803
2863,0,2163,18471,18471,17253,22896
2864,0,12506,24600,24600,25050,25051
2865,10,5004,22117,22885,17636,30256
2866,0,10395,26723,26723,27096,25683
2867,3776,11754,23498,23952,24504,28589
2868,0,11963,23981,23981,23917,28032
2869,48,2868,23449,16868,23681,17014
2870,0,4661,15497,15497,19885,22199
2871,0,4944,17059,17059,16795,18928
2872,0,4374,28333,28333,29015,25645
2873,0,4626,26116,26116,26941,29461
2874,290,2166,17885,30274,17356,22313
2875,0,9276,15792,15792,17555,28874
2876,5,6412,25819,15095,15234,24106
2877,0,12479,24932,24932,24002,27431
2878,0,5292,15379,15379,18932,19342
2879,182,10509,26045,15184,28717,28973
2880,0,7327,18975,18975,16028,21459
2881,1,3897,14986,30136,14986,14960
2882,0,249,26825,26825,28068,28538
2883,0,9485,19070,19070,20810,20183
2884,2,9131,28564,25342,28371,28564
2885,9,11896,26546,29064,29518,29491
2886,0,5778,24092,24092,24091,24288
2887,1,13022,16056,23582,16056,22876
2888,0,1422,24149,24149,24175,25612
2889,0,13196,26050,26050,29164,29087
2890,3,2251,18767,18918,21868,23174
2891,0,12160,16705,16705,27200,15327
2892,7,14413,28236,26262,26052,27397
2893,0,637,18454,18454,21531,20019
2894,54,10542,15112,21197,15599,26390
2895,568,6278,25867,28455,29578,29056
2896,0,8663,25523,25523,27939,26984
2897,1,9740,20472,19542,20472,15856
2898,0,1192,28783,28783,29556,26012
2899,70,8425,22090,30350,25760,27454
2900,0,2851,26597,26597,29532,28940
2901,1,12709,28820,24621,28820,24151
2902,0,11219,23946,23946,25641,24534
2903,6,3018,21433,22701,21036,20407
2904,0,4967,16173,16173,21491,22397
2905,0,10110,15902,15902,17841,20537
2906,0,12353,27158,27158,19177,15396
2907,0,2563,15114,15114,27849,25188
2908,0,4371,18222,18222,19359,21234
2909,0,4506,22500,22500,27887,18457
2910,9,325,29901,25983,17227,26992
2911,1,5167,28998,28505,28998,27758
2912,9,3340,23971,27688,24890,27084
2913,0,2146,15524,15524,18842,16346
2914,6,7510,28922,26577,25557,29047
2915,129,6342,28864,30104,30038,28823
2916,20,9076,25142,25394,29413,26215
2917,0,8006,25546,25546,24329,25738
2918,0,4688,24496,24496,24029,27931
2919,16,6121,29315,25754,27380,27339
2920,0,12134,21791,21791,22458,22485
2921,0,2301,16023,16023,17783,19604
2922,18,3385,27123,23893,26725,25371
2923,212,11610,23420,23340,17903,23278
2924,23,10064,27582,29107,26397,27191
2925,0,4355,21478,21478,19097,17442
2926,46,5018,18155,23065,21542,15907
2927,3,12268,16580,30254,16752,23500
2928,52,2261,17451,19117,22807,18815
2929,0,13473,17857,17857,21248,17050
2930,0,11145,23811,23811,30005,29987
2931,0,10427,27937,27937,26232,24115
2932,0,14125,28902,28902,28830,29040
2933,2,12106,22386,20242,17761,22386
2934,0,1196,29727,29727,28906,28242
2935,0,7866,29368,29368,29756,27801
2936,0,1704,17681,17681,22177,19689
2937,0,7979,29323,29323,26153,24888
2938,1,7094,29667,28497,29667,15326
2939,0,10258,16524,16524,20859,15726
2940,0,2927,23984,23984,24368,27885
2941,0,10696,20537,20537,16530,21597
2942,136,9219,23256,15304,21713,19594
2943,0,12754,25443,25443,15834,23874
2944,287,7787,24053,20511,26637,27280
2945,0,7989,24678,24678,25755,29389
2946,0,13742,26624,26624,25182,25325
2947,1,5988,17854,18150,17854,15967
2948,60,13376,27823,24634,28513,27010
2949,0,8324,27459,27459,27566,24954
2950,0,12756,29792,29792,15025,25638
2951,0,12157,21880,21880,30237,16128
2952,0,9776,15371,15371,22849,29443
2953,5,2948,22853,19736,19850,22383
2954,2,11612,19767,16186,23001,19767
2955,2,5767,28952,23912,26045,28952
2956,207,14285,28768,29502,26927,28626
2957,0,4599,21589,21589,15739,23393
2958,0,2665,18834,18834,21616,19551
2959,0,9521,24165,24165,26626,25485
2960,0,5252,28993,28993,29654,30267
2961,2,5277,28358,29168,29578,28358
2962,363,4340,29843,18337,23590,18757
2963,0,2309,17797,17797,15609,16139
2964,0,4030,15219,15219,15138,15148
2965,0,9993,25073,25073,21784,26375
2966,1,9428,29276,26293,29276,28493
2967,0,8061,15880,15880,17954,22993
2968,0,1394,18510,18510,22399,17748
2969,0,7115,25413,25413,29691,28764
2970,12,10928,22951,21358,23429,22616
2971,0,12540,16290,16290,18035,23627
2972,0,14293,25895,25895,27029,15386
2973,17,841,24113,15171,15228,15108
2974,18,2005,18490,22701,21036,22398
2975,42,8597,17021,19659,19643,15458
2976,0,13989,23749,23749,28678,25394
2977,0,58,14977,14977,15139,15326
2978,45,10402,19346,22566,16338,20820
2979,0,969,15291,15291,19275,15404
2980,0,10320,24143,24143,25998,26019
2981,357,8855,24881,27102,25856,19606
2982,0,7523,25584,25584,26725,25435
2983,0,5910,29303,29303,24065,26012
2984,17,8773,20684,19659,15458,24128
2985,42,7297,19513,16634,17291,17028
2986,1,5970,20079,22603,20079,15981
2987,0,11806,15169,15169,15151,15087
2988,3,5335,15036,26053,14986,30136
2989,0,3881,29196,29196,29603,28590
2990,0,8467,24236,24236,28024,30148
2991,36,10720,18532,19059,23278,18676
2992,0,11392,23120,23120,18311,23353
2993,0,1277,23771,23771,25308,24821
2994,60,12960,29288,23884,26250,26414
2995,1,12285,23074,29886,23074,22715
2996,1,8436,19117,22090,19117,20353
2997,40,5635,18337,15789,21741,24081
2998,0,4554,18957,18957,17305,23482
2999,1,5763,29282,28568,29282,26545
3000,0,4369,23028,23028,17142,21784
3001,2,715,25836,29617,16578,25836
3002,182,14678,24894,27898,29040,25104
3003,1,5853,21550,21148,21550,20725
3004,288,1977,20706,17688,15599,21224
3005,98,11212,30129,30104,30115,24175
3006,1,9533,28886,25577,28886,26116
3007,0,664,29177,29177,26073,24462
3008,5,9795,28125,26133,26717,26432
3009,0,9540,16947,16947,16832,16290
3010,1,13457,23408,17523,23408,22174
3011,0,12564,24381,24381,30314,30240
3012,0,11884,28098,28098,28404,28388
3013,5,9389,20697,26212,22868,28890
3014,21,3909,29371,30104,28823,26530
3015,4,6457,26264,26334,27660,26498
3016,0,4082,22441,22441,15732,29551
3017,0,13169,25127,25127,25095,28356
3018,0,8880,25904,25904,29271,25306
3019,9,13855,27058,28846,25285,22774
3020,0,3471,17325,17325,18537,18415
3021,0,13727,24219,24219,25093,22049
3022,10,12729,26470,24534,25641,23947
3023,0,8136,16943,16943,22692,26457
3024,6,3811,28848,29756,27588,28941
3025,0,3893,27805,27805,27806,29312
3026,0,2727,29402,29402,26006,24812
3027,0,9896,28846,28846,15748,29146
3028,4,7226,24221,25162,26804,18358
3029,0,7244,29054,29054,26672,27651
3030,0,3868,16530,16530,22014,19061
3031,0,3023,29412,29412,26058,28856
3032,21,11502,28060,27423,26530,25010
3033,1,9064,25581,25215,25581,24852
3034,1141,8859,24634,25368,27892,25796
3035,2139,5459,27094,16007,17436,17901
3036,1,12433,24410,24873,24410,24467
3037,2,7677,15799,20320,20829,15799
3038,0,488,18082,18082,18370,19474
3039,0,3038,26814,26814,25612,23811
3040,2,9999,25887,28473,29209,25887
3041,0,8367,29713,29713,27566,28247
3042,0,12789,26701,26701,24098,25715
3043,60,7059,22828,22527,19905,19107
3044,4,12812,15304,18728,21713,21099
3045,3,3967,21895,20311,22461,15724
3046,484,6037,27888,24599,24354,24598
3047,0,3442,15517,15517,20980,20579
3048,1105,2211,21663,23366,23072,18264
3049,83,4306,28894,29141,26717,28559
3050,0,158,28247,28247,24207,28856
3051,0,10333,20183,20183,23233,27393
3052,1521,10347,29847,16750,30301,18514
3053,0,439,15995,15995,18789,17851
3054,608,6069,16426,19215,19179,21395
3055,1,1480,28661,29327,28661,26614
3056,0,4777,24190,24190,26898,24222
3057,3,11576,22823,15702,22443,22178
3058,0,6653,15007,15007,25845,24769
3059,151,10277,28594,28059,27823,27324
3060,112,4994,15111,15599,15057,25782
3061,0,9123,23688,23688,16358,20389
3062,0,5773,17422,17422,19501,18982
3063,0,1588,29813,29813,25911,29222
3064,1,1199,18172,23086,18172,19011
3065,595,8402,28063,21791,28762,27842
3066,1,4858,25428,25763,25428,27971
3067,2,14052,23438,30353,23333,23438
3068,0,4147,20393,20393,22479,19284
3069,2,12887,19147,22483,15957,19147
3070,0,1235,25317,25317,24728,18052
3071,89,3334,28513,28400,27185,23889
3072,3,589,19863,17028,23011,22658
3073,1,5278,16565,19468,16565,22692
3074,25,11019,21682,19397,19513,20146
3075,0,6749,26296,26296,25366,27688
3076,0,14706,30301,30301,21794,16392
3077,0,1318,21159,21159,22070,22724
3078,5,10411,26012,27588,29277,29556
3079,0,12523,27237,27237,25785,24975
3080,0,11850,25239,25239,25091,25849
3081,0,12736,18537,18537,19280,17325
3082,0,4328,16410,16410,22954,17741
3083,1,3114,28769,23795,28769,25972
3084,21,14255,24903,25595,25113,25261
3085,0,924,26805,26805,27023,25915
3086,0,6031,22866,22866,22645,19274
3087,456,261,20538,21035,21647,25782
3088,5,7846,25048,27658,24601,26878
3089,35,12065,22094,22611,22622,18335
3090,0,5369,23903,23903,28515,28358
3091,0,9510,22650,22650,22137,16228
3092,0,8000,27000,27000,26888,26345
3093,0,360,15726,15726,22724,23376
3094,4,14309,28964,28400,27326,27524
3095,2,14324,25238,25531,25583,25238
3096,0,2995,27919,27919,24940,25774
3097,33,5368,22550,23466,19708,19922
3098,0,9251,25541,25541,24341,24810
3099,22,3256,21035,19575,15321,20777
3100,0,13431,25980,25980,28770,27336
3101,0,5274,29063,29063,27406,29310
3102,2,6610,30310,22870,30003,30310
3103,0,289,25416,25416,28753,29703
3104,83,9444,17723,23042,23393,18335
3105,0,8340,23733,23733,27068,19059
3106,0,13648,28977,28977,27196,28808
3107,36,6579,22972,15824,19669,20555
3108,114,9174,26121,28823,30115,26938
3109,15,11260,27786,27102,25856,24951
3110,11,11195,29956,28763,29071,26571
3111,0,14466,29683,29683,19304,17870
3112,0,5048,18188,18188,23208,26846
3113,1577,2312,26929,24925,26534,29040
3114,89,12376,23579,18159,23143,21111
3115,0,13611,27876,27876,24253,24512
3116,0,6198,21808,21808,19827,22483
3117,1,410,24821,28384,24821,25308
3118,4,3308,20824,22989,15036,28238
3119,2,5520,24244,24535,15112,24244
3120,0,4953,28217,28217,28906,28479
3121,0,8300,21586,21586,17851,20228
3122,0,12011,20474,20474,19996,21882
3123,0,10610,25018,25018,28528,26983
3124,36,11623,22868,20418,19612,17496
3125,5,6024,15247,21847,29313,28581
3126,0,786,29443,29443,26250,30314
3127,0,7916,23665,23665,19215,19404
3128,4747,5874,30354,25867,21353,20013
3129,0,6222,15503,15503,18767,21430
3130,2,3997,28700,20128,28847,28700
3131,1,12681,26881,27455,26881,24515
3132,2225,2738,29204,26163,27462,24521
3133,163,13381,29794,26979,15959,29668
3134,0,453,17915,17915,15463,15305
3135,0,9742,24115,24115,24116,28171
3136,0,7335,29222,29222,27265,19433
3137,0,14241,25484,25484,29639,29638
3138,0,133,28736,28736,29239,27956
3139,0,12131,23967,23967,26067,23807
3140,0,2428,15925,15925,23666,21304
3141,0,9285,22332,22332,22714,29535
3142,0,10393,20512,20512,16341,21944
3143,0,9658,27705,27705,29541,28159
3144,0,1186,22011,22011,15415,24027
3145,0,2777,28656,28656,29303,29409
3146,0,10424,17428,17428,15154,15979
3147,0,5480,22397,22397,16173,21491
3148,0,2088,21385,21385,15507,21393
3149,0,11326,18011,18011,15952,16792
3150,0,8155,18827,18827,18991,21102
3151,0,11226,16440,16440,16640,17638
3152,0,11712,26736,26736,28663,26979
3153,0,4410,16453,16453,18276,18928
3154,63,11840,15751,22348,23362,20663
3155,0,9569,26883,26883,24742,15210
3156,0,936,17601,17601,16274,20904
3157,0,12883,24983,24983,26019,23989
3158,0,2466,27648,27648,27675,29277
3159,5,12006,26928,25297,24476,23726
3160,2,11885,28905,24498,27886,28905
3161,1553,6474,28619,26683,25048,29502
3162,0,6014,17281,17281,18718,20437
3163,1,6339,24822,29229,24822,29274
3164,0,11075,15446,15446,23495,16449
3165,0,6925,26869,26869,22329,26565
3166,0,14657,24003,24003,25682,25901
3167,0,3924,28767,28767,27705,28380
3168,0,13205,15731,15731,29758,16718
3169,3,13400,26322,19011,29747,29557
3170,303,9801,21343,22970,18365,24365
3171,0,6898,22062,22062,16752,30254
3172,1,8133,26930,25899,26930,26149
3173,0,1463,25912,25912,27411,29008
3174,5,9886,30060,26822,27455,28864
3175,0,11622,23559,23559,29158,20387
3176,5,3159,26125,28620,27046,26381
3177,0,5712,15404,15404,16809,17675
3178,0,5283,24990,24990,28408,24823
3179,0,7984,22738,22738,23300,22198
3180,0,2884,27026,27026,27893,26152
3181,14,10632,30349,20648,17129,30347
3182,1,7921,28505,27758,28505,28998
3183,0,9636,29431,29431,25611,23990
3184,0,6411,26693,26693,29008,27130
3185,0,2090,28609,28609,24773,23977
3186,0,10586,15941,15941,22624,22800
3187,0,5512,18637,18637,20537,20108
3188,0,6117,16645,16645,18574,15003
3189,4,14844,25104,27397,29569,29040
3190,0,9235,25862,25862,24158,24160
3191,0,4840,21291,21291,27345,22980
3192,0,11174,22218,22218,18264,20361
3193,0,3499,18946,18946,15652,22977
3194,0,808,25372,25372,26926,25283
3195,33,10549,22280,19107,21542,23065
3196,0,14119,15234,15234,15241,15068
3197,22,673,27714,26868,29195,27322
3198,3,12749,23912,25782,26606,26045
3199,5,2213,23660,22706,18676,19734
3200,0,5567,18809,18809,23190,15762
3201,0,12801,28933,28933,28745,24786
3202,106,13598,26833,24175,30104,30115
3203,0,14465,29312,29312,25097,28053
3204,0,11439,30026,30026,16278,29635
3205,0,5742,22133,22133,22710,22159
3206,0,8834,15952,15952,18011,15276
3207,3,12214,17299,23027,29370,19120
3208,12,10775,24366,29848,26669,25091
3209,0,12951,27095,27095,25332,27895
3210,0,1958,28963,28963,28936,21531
3211,3,421,25407,25942,27694,26707
3212,0,10572,29382,29382,24446,27646
3213,315,14696,29883,29373,26037,22281
3214,0,5371,16449,16449,23495,20127
3215,0,3975,20387,20387,22117,19526
3216,7,4630,25789,27694,29756,27730
3217,0,6622,19859,19859,17990,18444
3218,1,7881,21046,19995,21046,26597
3219,1703,14290,20196,28841,29914,25101
3220,0,7210,25182,25182,26624,24053
3221,0,12074,25108,25108,26012,28527
3222,0,11830,24248,24248,25684,26402
3223,5,3132,15868,15827,18737,22833
3224,0,5913,15358,15358,17348,15960
3225,0,7657,24606,24606,28323,25435
3226,0,7556,25436,25436,30039,29502
3227,1,11997,25716,25016,25716,26901
3228,0,9492,29355,29355,28744,26653
3229,0,12631,27030,27030,25364,25363
3230,1,164,22610,21273,22610,21576
3231,0,2304,20270,20270,15394,15463
3232,0,3231,24833,24833,29008,20112
3233,99,13052,28752,30104,28823,26938
3234,0,14526,28675,28675,28236,24707
3235,22,199,30314,30318,16903,29879
3236,0,9595,27636,27636,24992,27005
3237,20,6775,28038,26448,28245,26806
3238,24,8237,22854,19056,22213,17773
3239,0,7538,18125,18125,17670,20200
3240,16,531,25633,26390,15197,30311
3241,0,10032,29902,29902,19899,26637
3242,0,6470,26104,26104,27778,24590
3243,0,9676,27860,27860,26215,25395
3244,0,7868,21011,21011,21229,21612
3245,688,12569,22630,23333,23438,30353
3246,82,13159,24209,26717,29040,24881
3247,218,11694,24538,25640,28511,24071
3248,135,11073,22634,16566,20768,20286
3249,0,8321,27355,27355,24898,15072
3250,1,3212,17436,14974,17436,17901
3251,0,2592,16690,16690,16530,22553
3252,15,6539,21396,23681,23059,21920
3253,0,3585,21587,21587,23383,16849
3254,1844,14220,27140,25893,26180,27920
3255,28,11811,22843,20598,17653,29840
3256,2,12833,30077,27813,29984,30077
3257,127,8179,27436,29174,29914,29881
3258,0,1725,24100,24100,27009,24461
3259,223,12449,20213,21476,29471,25405
3260,1227,14550,28926,25796,27892,15559
3261,0,12096,18793,18793,22962,22610
3262,60,13794,29910,15203,27913,15251
3263,4,3214,16868,20598,17161,20551
3264,0,5534,25935,25935,26168,26167
3265,0,4637,22672,22672,16903,22576
3266,1,13825,15245,15120,15245,25019
3267,11,11905,30061,26079,25860,30108
3268,8,13006,25739,19124,30132,15388
3269,0,12962,15409,15409,21692,18344
3270,161,2260,23711,25290,26621,26419
3271,0,10483,29787,29787,26954,27569
3272,1,6586,15599,17688,15599,21224
3273,0,8990,28263,28263,28119,27675
3274,810,13106,27454,24925,24153,27324
3275,9,7136,20235,20164,19688,18815
3276,0,1335,28854,28854,23772,24564
3277,0,9334,30302,30302,30258,30257
3278,0,3226,16169,16169,23178,19215
3279,2,11798,25348,28170,28352,25348
3280,76,2314,28307,26621,25290,28737
3281,0,9311,16474,16474,17067,16439
3282,3,8762,29426,22715,28973,22190
3283,0,3853,15466,15466,18833,16258
3284,0,5698,24528,24528,19981,28562
3285,0,1209,25100,25100,25312,26328
3286,1,13786,24094,27274,24094,24858
3287,0,6709,16399,16399,22781,23507
3288,0,2769,18984,18984,18576,20619
3289,0,11637,28158,28158,25101,27422
3290,0,4300,17270,17270,19909,22530
3291,0,3755,19591,19591,18447,21282
3292,8,14298,18778,15851,17531,23635
3293,0,3989,27675,27675,29277,28484
3294,0,2585,19957,19957,19996,17833
3295,0,5443,22690,22690,15614,16955
3296,34,3794,25929,24185,17953,24893
3297,33,14627,28865,28552,24138,24012
3298,115,2657,17630,19659,24128,15458
3299,0,7751,24342,24342,30006,29938
3300,70,1125,23657,21189,17021,21960
3301,0,12570,21500,21500,23200,17601
3302,0,12610,27232,27232,21267,19871
3303,102,11428,26152,25277,24492,28766
3304,0,3175,28213,28213,23849,28065
3305,822,6333,21047,15959,29804,20127
3306,0,8683,25938,25938,29575,26763
3307,0,4677,25344,25344,23998,23712
3308,0,4276,29755,29755,26333,25549
3309,0,1231,14975,14975,17600,24726
3310,196,2415,25579,29371,30115,23738
3311,0,5673,24012,24012,24420,26417
3312,0,1796,27398,27398,28520,24628
3313,0,13937,26555,26555,29302,29361
3314,96,13512,22663,22742,22630,18606
3315,1,9797,15450,18833,15450,20598
3316,0,8238,22785,22785,26450,24730
3317,0,11427,27966,27966,29015,27204
3318,0,5173,29476,29476,28685,26057
3319,2,7857,28439,28819,29509,28439
3320,11,4379,16889,22223,17544,17675
3321,1,7497,23877,23967,23877,26298
3322,0,6481,29030,29030,22351,28559
3323,0,11844,27388,27388,28993,23725
3324,0,1783,22980,22980,27345,21291
3325,0,1366,29551,29551,29212,22441
3326,0,13021,28261,28261,24773,24091
3327,13,10246,27219,29193,29329,29453
3328,0,4114,18433,18433,18745,17717
3329,5,10684,25520,28040,27191,28657
3330,0,3595,25006,25006,25846,25212
3331,10,4763,17810,21671,22786,16613
3332,0,13520,24471,24471,23901,28594
3333,1,13442,27431,24312,27431,24387
3334,0,322,28167,28167,27887,29028
3335,0,13091,23987,23987,26963,23937
3336,1,10942,25599,23894,25599,23759
3337,9,12764,25290,30131,27974,29668
3338,0,13833,24732,24732,24795,24076
3339,0,5746,16857,16857,20609,16640
3340,0,7530,25022,25022,25084,25445
3341,18,10998,28883,30318,24657,26180
3342,0,10112,28046,28046,28486,27578
3343,0,9494,25441,25441,26403,24046
3344,2,10961,22706,21671,22786,22706
3345,0,7659,28872,28872,27042,28089
3346,2,12553,28823,30104,24175,28823
3347,0,1751,19689,19689,22603,20601
3348,0,9220,18494,18494,16768,20046
3349,0,11003,24982,24982,30208,20688
3350,0,4242,22344,22344,17960,22383
3351,71,13241,27562,25148,27221,26968
3352,0,2168,23678,23678,19205,17636
3353,2,7420,26865,29077,30016,26865
3354,0,6441,17356,17356,15549,19473
3355,0,10526,17432,17432,19380,16193
3356,0,437,28599,28599,27648,28052
3357,15,2628,16844,17049,18606,23413
3358,4,10015,25787,26669,26043,24096
3359,0,2279,25845,25845,14975,24726
3360,0,9089,23314,23314,23028,23317
3361,7,1938,27687,27405,25256,24578
3362,0,11597,18968,18968,19124,22090
3363,0,1165,20380,20380,23571,18678
3364,31,10544,17697,21376,19899,23626
3365,0,10869,19509,19509,22945,19185
3366,3,12217,20725,23426,15542,20467
3367,1,10201,27701,29553,27701,15533
3368,0,10757,25068,25068,25300,25599
3369,4,11942,22376,23131,19922,15940
3370,0,781,15732,15732,16809,21675
3371,5,1061,26052,24468,28509,24418
3372,29,9773,21422,15729,22734,22133
3373,0,8907,19722,19722,15324,17747
3374,0,6946,22355,22355,21288,20924
3375,2,1494,24749,26762,25155,24749
3376,782,13710,26252,26304,28460,25999
3377,1203,12767,24718,29040,26534,27616
3378,0,3272,28311,28311,24794,29075
3379,1,7289,20127,17783,20127,20046
3380,1,9055,23852,26223,23852,25907
3381,1,5679,23652,19066,23652,19814
3382,116,12691,30086,27355,24898,27380
3383,0,12595,17013,17013,21935,16835
3384,0,883,28353,28353,26578,19669
3385,0,3388,28734,28734,24968,25194
3386,2,12100,27108,26456,27422,27108
3387,38,1900,23173,17643,16340,19117
3388,0,10050,27288,27288,27335,20418
3389,0,10211,25763,25763,24210,27612
3390,0,3836,21835,21835,22706,22597
3391,0,13414,25251,25251,26907,28327
3392,0,5029,21956,21956,15881,18335
3393,1,8865,23614,17636,23614,22730
3394,0,4657,27492,27492,26206,27498
3395,4,6810,20448,23432,29288,16859
3396,5,7082,15098,26979,15068,30195
3397,14,9931,23738,24175,30104,30129
3398,0,4445,28212,28212,27130,25912
3399,339,3277,22895,21543,22483,20958
3400,656,3741,17161,21376,22610,17790
3401,670,3766,21742,18087,22848,21212
3402,0,11711,16768,16768,18494,22618
3403,1,13594,27865,25465,27865,29040
3404,0,5418,22602,22602,28566,19342
3405,2,7901,25849,24718,25091,25849
3406,0,8822,24097,24097,27757,27491
3407,6,7016,19898,17129,21542,20648
3408,0,10080,21099,21099,15304,18728
3409,434,8869,18606,22645,23254,17833
3410,0,3707,17467,17467,17302,17161
3411,1,10193,21943,21343,21943,18447
3412,0,11731,23814,23814,24252,24903
3413,0,2506,25934,25934,25933,27562
3414,0,11403,26766,26766,28889,27602
3415,0,9996,23859,23859,27657,25290
3416,0,4537,15656,15656,21226,15941
3417,1,4565,23375,22518,23375,21713
3418,2,4951,29209,24857,28080,29209
3419,0,8715,24656,24656,29704,29869
3420,0,314,15238,15238,15222,19912
3421,1,11117,30025,30108,30025,26079
3422,0,4500,16493,16493,20763,20382
3423,0,4469,29286,29286,27025,28213
3424,73,7385,24326,24893,29382,28559
3425,21,3724,24598,26362,27659,25762
3426,0,3260,29052,29052,25644,26955
3427,0,2349,26954,26954,25830,28236
3428,0,4908,29930,29930,30005,29958
3429,0,11147,23928,23928,24814,26472
3430,4,6401,29154,28245,22351,23200
3431,0,6301,19619,19619,18091,21597
3432,274,4570,22328,24081,15789,21741
3433,13,10070,20051,23413,18606,17049
3434,0,1315,26672,26672,28555,27588
3435,0,1432,24226,24226,25798,25955
3436,2,8173,29478,27902,29593,29478
3437,0,11278,23571,23571,20749,26333
3438,0,3931,30319,30319,18815,25968
3439,0,9202,24463,24463,24100,27009
3440,0,5921,26481,26481,26728,23795
3441,1,10228,29277,28514,29277,26012
3442,0,13048,25347,25347,26997,25034
3443,1,8537,26907,26311,26907,25251
3444,0,12101,24154,24154,24929,26616
3445,0,6872,29451,29451,26130,28305
3446,0,123,21229,21229,16627,15752
3447,0,7273,17653,17653,20598,17161
3448,0,9100,24730,24730,28668,20747
3449,27,3134,24804,25101,15063,25869
3450,0,8403,29267,29267,29555,29698
3451,0,5184,29740,29740,27694,25942
3452,0,6177,27868,27868,29028,26489
3453,2,782,27152,29083,29045,27152
3454,0,4552,25959,25959,24183,24950
3455,0,14423,24575,24575,19196,20900
3456,1,9880,29047,29294,29047,28381
3457,1,2950,25483,24346,25483,27142
3458,0,8651,19016,19016,20437,16139
3459,0,7418,26404,26404,22174,17523
3460,291,8167,15072,30038,26938,26530
3461,0,14139,25722,25722,21742,24341
3462,123,8764,15827,21017,20448,21273
3463,0,10679,18112,18112,17131,21054
3464,12,7225,27168,23874,25697,27464
3465,0,12626,26403,26403,25441,19277
3466,0,4525,20110,20110,20250,19785
3467,0,3031,25727,25727,20773,26311
3468,0,3204,24034,24034,26316,25999
3469,0,3221,18483,18483,19527,18745
3470,1,4980,26437,24116,26437,26232
3471,0,10829,29640,29640,29643,29632
3472,1219,6708,28790,26683,25048,29502
3473,2,9238,26498,26334,26264,26498
3474,59,5529,16578,16244,16403,19067
3475,0,3762,21689,21689,16137,15886
3476,0,2941,20934,20934,15952,23211
3477,0,12266,27496,27496,28856,25658
3478,1,9020,29008,22687,29008,29428
3479,478,8250,28962,15017,15043,14964
3480,0,8660,27102,27102,24592,24186
3481,0,6102,24920,24920,27371,28762
3482,0,13940,26011,26011,25368,28737
3483,0,7395,29393,29393,27765,28376
3484,862,14152,24245,26019,26947,25774
3485,0,9411,20658,20658,24731,21562
3486,1,11750,22564,23159,22564,30039
3487,1,9508,27910,24045,27910,24308
3488,0,14567,28195,28195,26676,23933
3489,0,1413,23993,23993,23992,28950
3490,14,5393,23047,26588,23420,17991
3491,29,3536,30279,17744,16868,16278
3492,0,10345,19128,19128,25627,18017
3493,2,1123,28179,25983,27379,28179
3494,0,4771,22431,22431,19342,16596
3495,0,2935,15863,15863,29472,23627
3496,4,3908,26087,29387,29882,24902
3497,0,154,24981,24981,24056,15139
3498,0,9643,20167,20167,22458,22819
3499,0,4782,24961,24961,26672,27701
3500,0,7759,27120,27120,29495,27309
3501,0,9986,29457,29457,22188,23480
3502,0,5180,29229,29229,29142,29274
3503,26,8647,27011,15017,15043,26534
3504,0,10622,28972,28972,24279,28547
3505,0,1766,15894,15894,16756,22673
3506,9,2528,25188,30306,27112,26250
3507,0,14573,25162,25162,28043,26270
3508,2,9831,21616,19551,21662,21616
3509,0,6813,23104,23104,20995,18611
3510,1,9953,25940,27351,25940,28277
3511,0,1499,29408,29408,27713,29532
3512,21,6656,25480,24512,24511,24366
3513,1,4335,27056,26717,27056,24881
3514,0,11831,26220,26220,27487,26459
3515,0,10862,26655,26655,26925,24014
3516,18,14310,28423,20724,27158,28768
3517,0,13352,26888,26888,27000,25861
3518,2,9264,20342,17834,21035,20342
3519,0,12948,27450,27450,25835,20567
3520,1,13911,25534,24212,25534,24211
3521,0,2258,27311,27311,27107,27732
3522,6,1115,15920,19067,21315,22828
3523,1559,5083,29907,29818,20249,22357
3524,0,10029,23357,23357,22132,20453
3525,0,12925,28642,28642,27385,23881
3526,2,11574,26763,21681,28689,26763
3527,0,2243,29299,29299,27204,26414
3528,0,13330,26733,26733,23814,24252
3529,3,2560,29294,24349,24821,28384
3530,0,7961,25805,25805,15035,27973
3531,0,9496,20920,20920,15363,16903
3532,0,4544,28464,28464,24366,26804
3533,1,14159,22715,22825,22715,25898
3534,0,8401,18440,18440,16338,18464
3535,0,680,16095,16095,28383,17880
3536,3,7981,25031,26647,26308,26059
3537,0,12316,27115,27115,28495,15072
3538,0,1795,15991,15991,15362,15526
3539,0,9743,24116,24116,24115,28171
3540,0,5275,20981,20981,22213,16915
3541,3,5747,29938,23742,30066,29942
3542,3,12670,17969,16358,22916,19424
3543,186,11161,18576,23681,23059,18100
3544,0,9821,17431,17431,17267,20155
3545,0,6669,19320,19320,19779,22070
3546,13,9852,20559,21360,19538,21395
3547,0,5033,28305,28305,28941,29756
3548,0,14359,30258,30258,29861,20944
3549,0,5433,20020,20020,15506,19154
3550,78,13607,27977,30104,24175,29937
3551,63,9793,23432,19871,16108,22110
3552,0,387,29608,29608,15154,26288
3553,5,4920,23632,22213,20795,20981
3554,0,3211,19337,19337,17735,19284
3555,0,8475,25503,25503,27019,29139
3556,0,7301,27525,27525,28509,28933
3557,0,7636,17050,17050,17761,20242
3558,3,11832,23094,22328,19594,22443
3559,34,142,25884,26019,24896,28831
3560,0,6730,20532,20532,15752,19143
3561,38,14857,23964,27397,24804,25075
3562,75,627,17291,19117,16795,19144
3563,6,7974,25908,24727,27140,24160
3564,0,7005,28568,28568,29282,26545
3565,0,5600,21280,21280,17209,21328
3566,0,3150,19319,19319,21764,16886
3567,0,10653,25768,25768,25148,29160
3568,0,6724,19205,19205,19676,23678
3569,0,1141,15172,15172,18802,15213
3570,56,9397,26565,28300,27029,29066
3571,1,1317,28482,29565,28482,27404
3572,0,2050,30347,30347,15095,15138
3573,14,10868,21338,21935,29268,29645
3574,0,3178,18087,18087,16868,20551
3575,2,13890,25889,26764,25656,25889
3576,0,9543,27655,27655,26638,27182
3577,137,7964,22538,25577,18794,19034
3578,12,9003,29170,28210,15661,29578
3579,0,130,24791,24791,28441,28479
3580,648,9525,21816,22786,21671,16613
3581,0,8529,26479,26479,28455,28726
3582,3,14569,15066,26252,15065,26314
3583,0,7732,29633,29633,29639,28356
3584,0,6575,26247,26247,26108,28305
3585,4,13068,22616,17049,15820,15419
3586,0,10915,22553,22553,22594,15837
3587,0,10927,16695,16695,21687,18490
3588,0,13077,21572,21572,25109,16012
3589,0,2370,27335,27335,27406,21821
3590,0,5446,29065,29065,24946,27531
3591,0,2924,17769,17769,23174,28587
3592,0,4528,21521,21521,21576,29712
3593,24,13972,17990,20712,18407,22198
3594,234,13860,20296,15436,15762,28898
3595,0,10673,20975,20975,26646,22009
3596,0,5718,22223,22223,16889,19654
3597,0,11120,23980,23980,26549,28220
3598,0,10933,17777,17777,16743,21090
3599,0,12389,15019,15019,28191,14969
3600,201,13252,24701,30134,24186,19367
3601,2,1344,24550,25517,30112,24550
3602,0,12059,26840,26840,20277,25407
3603,0,11484,26913,26913,24903,28654
3604,0,7147,15493,15493,17675,18526
3605,1,419,29852,30298,29852,30322
3606,0,5451,27104,27104,29740,26740
3607,0,6246,22250,22250,15940,28167
3608,7,13699,25660,25655,26357,25633
3609,0,10955,18803,18803,22690,19676
3610,90,8610,15373,17429,21809,21518
3611,0,6533,23224,23224,15272,16622
3612,1,6737,25985,25279,25985,27616
3613,0,2973,22088,22088,20557,20619
3614,3,6080,30333,18815,30319,30349
3615,1,7441,26079,26285,26079,17638
3616,0,9228,16511,16511,23040,17717
3617,0,3251,27053,27053,24186,27218
3618,250,13564,29453,24525,26981,24371
3619,0,6456,25883,25883,26461,25675
3620,0,13720,26504,26504,25319,26505
3621,0,11911,29939,29939,30064,28077
3622,0,9022,29544,29544,26076,26987
3623,0,14583,25078,25078,24904,24284
3624,0,4610,27191,27191,26397,28324
3625,2,6424,27215,27659,25762,27215
3626,2,9357,28898,29168,29174,28898
3627,0,1719,18889,18889,21739,28603
3628,0,4073,15771,15771,15868,17749
3629,0,6253,26638,26638,23060,29747
3630,0,14189,22954,22954,16410,17063
3631,0,5866,17820,17820,22854,16394
3632,2,7849,16324,16435,19435,16324
3633,222,939,25017,26703,26055,28182
3634,0,6783,20243,20243,21123,16926
3635,0,5601,26983,26983,29555,15154
3636,0,10652,28912,28912,28893,28992
3637,0,9457,23588,23588,21063,28987
3638,1,9713,24413,24412,24413,27005
3639,0,5474,26325,26325,24435,24084
3640,0,7527,17266,17266,19508,18091
3641,2,6947,30066,29942,29987,30066
3642,6,8189,22594,26242,23660,23452
3643,0,5131,28219,28219,25617,28150
3644,0,7801,15001,15001,29663,28246
3645,0,7748,20579,20579,16308,18727
3646,2,11634,18575,16278,16308,18575
3647,60,8909,29373,24595,28510,15057
3648,0,12637,25854,25854,26602,26177
3649,0,7057,17429,17429,18611,18728
3650,21,6643,22724,20626,18590,20019
3651,7,10837,22472,20125,23613,23466
3652,21,7838,17310,20473,20654,16537
3653,7,4501,28713,29404,28484,26873
3654,52,13565,24757,29848,23936,25181
3655,2129,5341,23674,20196,23434,19496
3656,5,8993,23494,22706,15436,18676
3657,1,1585,19667,23432,19667,16859
3658,8,12393,22970,15661,17429,28210
3659,157,3182,29848,28128,25626,25894
3660,0,3946,23898,23898,29338,28573
3661,1,7962,15035,25805,15035,24873
3662,4,12825,27584,29569,27397,28180
3663,38,14430,28589,15066,15065,15245
3664,0,12009,27417,27417,26992,27379
3665,0,5380,23210,23210,19024,22012
3666,41,12492,28949,30267,30347,29902
3667,0,1561,21597,21597,19320,19797
3668,1,12996,21601,22663,21601,20733
3669,4,10637,29632,29648,29640,29621
3670,126,10460,21152,19734,28898,25589
3671,0,561,26133,26133,28884,24834
3672,0,2814,20609,20609,16857,16640
3673,0,3860,24476,24476,25297,24848
3674,0,3712,23469,23469,15507,21393
3675,0,12192,22728,22728,27348,22772
3676,0,4303,26946,26946,26208,26855
3677,0,4456,15725,15725,29291,22659
3678,0,7026,22585,22585,16128,20137
3679,27,6434,15254,17271,29373,25145
3680,0,8284,18645,18645,26290,22523
3681,0,1334,21951,21951,22928,20733
3682,0,11937,21431,21431,22861,21918
3683,0,13125,22757,22757,18159,18996
3684,3,10028,21794,17095,19764,21328
3685,0,3810,18052,18052,15905,24728
3686,0,458,26793,26793,26130,26007
3687,1,12460,20286,23585,20286,20269
3688,735,9267,24369,25418,25898,29426
3689,1,13574,20302,22815,20302,22933
3690,0,6642,25683,25683,24247,29012
3691,0,13148,25807,25807,17718,29541
3692,0,10979,21961,21961,16622,22622
3693,1,3320,28585,25894,28585,29092
3694,140,7792,22527,23392,21039,27904
3695,28,10217,18320,23578,19782,16434
3696,15,8671,27583,30038,26938,26530
3697,43,11433,28399,29612,27920,25181
3698,0,6,17981,17981,23500,16752
3699,0,6077,16132,16132,20033,16660
3700,0,5026,28340,28340,28376,29069
3701,492,4746,22554,17442,18087,16686
3702,0,11058,28520,28520,27398,27935
3703,3,6876,27945,27841,24614,19156
3704,13,14534,25917,14962,27785,25153
3705,4,3027,21328,18844,21315,15627
3706,13,8007,28443,23883,26996,27002
3707,1,1306,29561,28133,29561,29484
3708,6,13481,25364,26624,28466,25182
3709,0,2417,22977,22977,22746,22760
3710,0,1717,21886,21886,27127,22230
3711,2,3865,18121,21463,17376,18121
3712,0,12223,27198,27198,27124,24426
3713,52,2620,30214,30166,25203,26347
3714,11,12110,28903,24528,24737,19981
3715,0,5727,28234,28234,26784,29158
3716,0,9271,27982,27982,28436,26939
3717,0,1699,18164,18164,15712,19527
3718,0,11966,26668,26668,24732,24795
3719,0,2346,28590,28590,24946,27144
3720,35,13568,29071,26938,30104,28823
3721,0,2757,20758,20758,21465,15987
3722,0,2977,15005,15005,19069,20155
3723,1,14420,26712,27011,26712,27755
3724,72,8487,20081,18575,15542,19556
3725,0,4598,24133,24133,26136,27715
3726,0,10202,19926,19926,23239,26278
3727,14,11658,23889,25717,18326,25988
3728,1,110,27758,28505,27758,28998
3729,0,121,23916,23916,26153,24888
3730,0,6263,24930,24930,23916,28694
3731,19,1401,16273,16718,20845,18524
3732,0,875,25433,25433,22652,28680
3733,1,13647,26270,25162,26270,18358
3734,18,7903,25232,23786,25051,26338
3735,0,8851,24967,24967,25912,26930
3736,0,1228,18363,18363,22564,23278
3737,4,10656,28442,24891,29372,26938
3738,0,2183,16637,16637,19373,16795
3739,25,14523,22368,21518,22480,23579
3740,0,6458,27040,27040,25530,24140
3741,5,2433,27507,24470,25616,26401
3742,0,9667,14997,14997,14976,23877
3743,4,4172,23143,16836,25017,26233
3744,0,5295,26292,26292,27016,24117
3745,0,7127,18025,18025,29471,25405
3746,0,2000,20800,20800,19885,22697
3747,0,11678,26250,26250,26545,28358
3748,4,7203,21354,20511,16642,22566
3749,8,14275,27971,27276,26968,27612
3750,889,13761,26856,24896,29129,26546
3751,0,8246,15265,15265,19981,24527
3752,437,4022,22592,19057,23498,22896
3753,1,3660,26160,22351,26160,20316
3754,3,2308,25901,29523,15302,26254
3755,133,13253,24613,27788,25955,21510
3756,0,9433,16700,16700,23174,21436
3757,0,8414,24773,24773,25084,24397
3758,0,4494,26769,26769,26644,28455
3759,17,4770,20830,17264,17161,20598
3760,1,14133,29024,27745,29024,27864
3761,0,2317,25120,25120,21899,24032
3762,0,9947,24696,24696,24697,26688
3763,1,4010,15443,21963,15443,19626
3764,0,213,18137,18137,23627,23496
3765,0,6086,25925,25925,24197,18479
3766,2478,11742,27520,28766,24570,24492
3767,32,2999,27322,26735,26677,28595
3768,10,5758,28572,15197,24585,15083
3769,0,10904,26489,26489,29209,29447
3770,0,11467,26622,26622,24061,26718
3771,0,4795,25754,25754,26448,24834
3772,0,5872,26585,26585,26584,22927
3773,1,8577,18413,18278,18413,15272
3774,11,6194,18005,28333,17625,19922
3775,4,10950,30090,18164,30037,30077
3776,0,10727,26735,26735,28361,27335
3777,5,6288,29486,29263,17007,26311
3778,0,1225,21001,21001,19645,17954
3779,0,11238,28549,28549,27095,28587
3780,0,12563,27064,27064,28520,29310
3781,0,1629,24111,24111,28514,26503
3782,7,12928,15419,19397,19863,23011
3783,0,3982,19575,19575,16173,21499
3784,0,13850,24823,24823,26608,28408
3785,0,5922,28082,28082,27564,27025
3786,0,10167,25129,25129,26613,25624
3787,6,13981,24280,25151,24050,26750
3788,4,13541,24071,29168,29578,29174
3789,0,4098,28665,28665,24775,27576
3790,57,6409,23065,17962,19642,17121
3791,68,6616,15824,20080,17614,20707
3792,0,11112,25606,25606,25038,23717
3793,0,1845,23523,23523,21739,18889
3794,0,2013,22075,22075,22765,23174
3795,0,2652,18892,18892,23021,23571
3796,0,3608,28432,28432,24665,29389
3797,793,2041,28553,15230,29517,25154
3798,0,13576,27504,27504,27341,23998
3799,1,8933,24927,29948,24927,29946
3800,17,2588,16306,14982,15554,19214
3801,0,9550,22885,22885,20229,22039
3802,0,9868,30233,30233,20947,21372
3803,6,9691,29495,29069,26166,28527
3804,0,1813,22540,22540,17307,18611
3805,150,14682,28128,29129,24734,26868
3806,38,1468,15614,21614,18061,19475
3807,0,7145,15415,15415,22052,17625
3808,1,1972,25213,28010,25213,27405
3809,0,8095,29354,29354,23382,17752
3810,1,1284,22110,19767,22110,15923
3811,0,4043,18407,18407,20945,19688
3812,0,6407,27869,27869,27343,27303
3813,1750,14697,29873,23310,29335,20890
3814,3,8118,18586,16430,23557,19473
3815,2,4814,24968,28734,25194,24968
3816,0,774,16039,16039,25221,19974
3817,49,7567,17516,15824,20555,19669
3818,0,10218,27184,27184,23872,22351
3819,0,2052,22245,22245,27968,18125
3820,18,8549,22639,21576,19667,23332
3821,0,14518,27522,27522,24465,26734
3822,0,12763,17324,17324,29542,16275
3823,0,10584,15374,15374,20127,16622
3824,46,7744,25113,15098,15084,29326
3825,0,13391,29270,29270,27423,27355
3826,0,4399,17305,17305,21980,15901
3827,0,6885,25730,25730,26114,26874
3828,0,8490,20823,20823,20651,18789
3829,0,11515,18865,18865,22773,16028
3830,0,2678,27730,27730,29511,26765
3831,9,582,17779,19905,17429,22527
3832,23,14157,27939,28751,28761,26420
3833,0,1545,25790,25790,25912,27200
3834,0,13601,23578,23578,19782,15979
3835,0,1711,25250,25250,27207,24397
3836,113,5133,21342,21562,15061,20196
3837,0,4377,29081,29081,28432,24665
3838,0,3406,25835,25835,27731,24102
3839,2,13674,24062,25077,27934,24062
3840,0,7286,27221,27221,27552,24900
3841,0,8262,27228,27228,26383,24724
3842,1,2906,16207,16346,16207,18629
3843,216,7763,15624,22951,21358,22859
3844,0,7955,16825,16825,22070,20474
3845,0,2945,18893,18893,21204,21367
3846,0,446,27887,27887,22250,22500
3847,1,2193,20223,17653,20223,20598
3848,0,10092,28481,28481,28170,24308
3849,0,970,27025,27025,24496,26012
3850,0,1955,21562,21562,18535,23142
3851,0,6935,28869,28869,27356,28707
3852,66,12445,27682,26322,27135,29445
3853,0,9709,24359,24359,25447,28407
3854,0,10405,20291,20291,23363,23518
3855,0,4406,22796,22796,19225,28052
3856,0,14097,26212,26212,28890,28663
3857,0,7416,20887,20887,20015,21531
3858,0,5503,25200,25200,24758,27053
3859,0,5710,20309,20309,24379,16097
3860,11,8845,29096,27123,29534,28431
3861,0,12886,19828,19828,22111,17730
3862,0,913,24056,24056,15139,27057
3863,0,8749,25461,25461,29468,30324
3864,0,8655,24197,24197,29696,29209
3865,15,2032,21370,19896,23420,21278
3866,0,4773,26452,26452,28514,26599
3867,0,9047,24912,24912,17824,23200
3868,0,6948,26545,26545,27531,28538
3869,1,10314,27567,29996,27567,30096
3870,2,9644,28384,25308,24821,28384
3871,0,8623,26792,26792,26844,25468
3872,0,5399,15251,15251,29880,15206
3873,0,1864,18361,18361,22949,16794
3874,0,8329,26421,26421,29065,26987
3875,0,4964,25545,25545,25530,25294
3876,1,3514,22237,21315,22237,22828
3877,79,2538,23772,25686,25942,29600
3878,0,11134,24814,24814,23837,24536
3879,0,219,29886,29886,15185,15085
3880,0,10782,28654,28654,26314,25118
3881,0,10481,23947,23947,24534,25641
3882,4,2905,28720,29691,25287,29756
3883,387,13358,21347,16743,15868,22550
3884,5,13668,27609,26888,27000,25298
3885,0,11631,26660,26660,24185,27665
3886,0,2500,29274,29274,29250,29229
3887,0,9263,22618,22618,22430,16768
3888,1,5441,26043,26669,26043,26173
3889,0,10889,30001,30001,30033,29437
3890,9,13953,25264,29129,29164,29481
3891,151,9086,27475,27841,24614,15053
3892,2,8484,26689,26807,25686,26689
3893,0,9169,15563,15563,19040,20184
3894,0,525,22713,22713,17679,18982
3895,0,1803,22493,22493,22445,15367
3896,0,10048,25507,25507,29461,28520
3897,1,1659,15232,15060,15232,15059
3898,1,6476,23998,26481,23998,25044
3899,0,14431,26162,26162,26163,27544
3900,169,13271,24585,15161,15154,25154
3901,0,10371,22028,22028,17017,16912
3902,0,12416,23845,23845,18746,25238
3903,2,14726,23907,24737,19981,23907
3904,0,8508,28547,28547,29663,28972
3905,374,1223,24323,27968,26643,25915
3906,2,2182,30335,30311,30003,30335
3907,2523,1510,23413,20648,22616,23429
3908,0,1237,18195,18195,20651,15995
3909,0,3071,28685,28685,29476,26057
3910,0,1122,28425,28425,25983,29072
3911,0,793,27382,27382,27331,28398
3912,0,6728,24770,24770,27735,26705
3913,0,3923,18511,18511,19079,15632
3914,1,13524,26054,24804,26054,27151
3915,4,5709,27406,26599,26844,26738
3916,0,7923,28932,28932,26873,25507
3917,0,10370,16619,16619,16516,21113
3918,18,2894,18342,16551,22248,19323
3919,0,2649,29201,29201,29011,28524
3920,0,1933,18625,18625,15415,19952
3921,0,14529,14970,14970,26329,25955
3922,1,11869,28119,27128,28119,29064
3923,0,2107,15413,15413,16207,18738
3924,0,5707,16335,16335,17915,17943
3925,0,2100,24098,24098,24938,26701
3926,17,9847,21118,30235,17467,16261
3927,0,4028,28169,28169,27169,27394
3928,0,7246,28830,28830,28902,26534
3929,0,11418,19549,19549,18415,20382
3930,4,4970,19772,21694,23278,21721
3931,0,12356,14969,14969,28212,28191
3932,0,7032,18348,18348,20110,19596
3933,94,992,25753,25728,29254,29445
3934,0,6003,26785,26785,27803,29239
3935,6,7348,26708,28482,23930,28739
3936,56,9810,29429,25815,26264,27660
3937,0,8138,25723,25723,24444,28052
3938,0,4798,29651,29651,19782,15736
3939,246,14134,20407,23599,19059,26736
3940,0,14463,25170,25170,15792,17555
3941,54,2360,23426,20783,18700,26281
3942,5,619,19059,21288,22355,20924
3943,0,2055,29471,29471,29561,25405
3944,0,8265,29631,29631,29659,17903
3945,23,12454,28391,25436,25048,29373
3946,338,12270,29481,27746,28477,27639
3947,1,6716,27548,25789,27548,29355
3948,0,10602,20938,20938,23400,22746
3949,0,1731,27694,27694,25686,29269
3950,0,9326,29840,29840,16403,29491
3951,0,13045,20526,20526,17851,23129
3952,0,13535,21144,21144,29522,29903
3953,3,2257,28766,25277,24492,24570
3954,24,2537,21652,22281,29140,30321
3955,0,10436,28242,28242,29531,29404
3956,0,3062,28684,28684,29065,28685
3957,0,6009,27068,27068,24185,25554
3958,0,11382,29236,29236,28319,16007
3959,0,11162,22574,22574,18882,18907
3960,0,12434,25720,25720,26139,26309
3961,0,6560,29528,29528,24785,29328
3962,0,634,26844,26844,26599,29756
3963,1,9949,15140,25349,15140,25647
3964,42,12959,30038,28029,28877,29372
3965,2,7547,26493,25805,15035,26493
3966,1,5497,25312,26328,25312,25056
3967,0,2110,25157,25157,27956,28247
3968,0,5205,25417,25417,25710,26400
3969,0,7999,15217,15217,28875,24509
3970,0,2342,28961,28961,23933,26006
3971,0,2774,22173,22173,15554,20743
3972,0,12632,20958,20958,19873,22853
3973,0,7852,27481,27481,17597,26147
3974,0,10713,21918,21918,17402,22672
3975,0,8768,28856,28856,28848,27757
3976,2,12816,28032,29800,29787,28032
3977,0,3645,22466,22466,20829,15799
3978,0,6822,15831,15831,19865,23198
3979,0,6251,29659,29659,29631,29632
3980,14,12779,27594,29493,29092,28585
3981,0,6620,20043,20043,16028,20245
3982,1,8218,28570,27796,28570,29410
3983,7,9799,20224,19737,16634,19645
3984,3,6754,19888,17773,21652,18100
3985,0,7531,25445,25445,25022,29162
3986,0,11362,26894,26894,23838,27385
3987,0,1679,28156,28156,29241,24580
3988,0,2329,16264,16264,25246,18802
3989,4,59,24384,25451,25501,25046
3990,505,12417,16434,29038,26690,27368
3991,0,5668,25650,25650,24992,21859
3992,0,8943,27911,27911,27704,24060
3993,0,5322,28919,28919,25645,27459
3994,16,2957,27957,24045,28170,24308
3995,126,3232,23700,20572,21191,20538
3996,1,14761,30242,30261,30242,30293
3997,0,7578,28762,28762,27900,26773
3998,0,9469,26261,26261,29248,24169
3999,0,14317,20128,20128,22970,19201
4000,0,10963,27536,27536,28963,28936
4001,0,8352,28453,28453,29488,28107
4002,0,1702,17214,17214,17415,26763
4003,4,2212,25640,28898,29174,29168
4004,0,10910,24838,24838,24127,24252
4005,0,13039,19104,19104,19424,17969
4006,1,6093,23238,23362,23238,21396
4007,9,5455,23514,18254,16578,16403
4008,0,5148,15462,15462,20099,30033
4009,0,7983,18800,18800,15965,15421
4010,0,7771,21576,21576,21017,20167
4011,0,3426,26740,26740,27715,26399
4012,6,1059,15161,15095,15059,15154
4013,0,7607,21622,21622,20783,26281
4014,0,2252,22461,22461,19304,18608
4015,78,7619,19887,22706,15396,15877
4016,0,13717,24992,24992,21859,24284
4017,10,3489,16186,20046,19741,22440
4018,0,3609,23068,23068,17142,16846
4019,0,12166,19114,19114,21090,15987
4020,0,5963,21320,21320,18834,19857
4021,0,7274,17903,17903,19284,20065
4022,0,9191,22781,22781,16413,22620
4023,0,6149,26144,26144,25073,20583
4024,5,4740,25055,25312,26328,27560
4025,38,5685,19827,19342,23387,22188
4026,26,4163,19850,16758,23466,18844
4027,0,2291,17065,17065,23095,19057
4028,0,12404,27497,27497,26715,24696
4029,0,7590,28603,28603,24247,26805
4030,0,14419,25207,25207,27274,25208
4031,0,10284,24156,24156,25304,24664
4032,10,2836,18631,21739,28018,18535
4033,11,11399,26613,28160,24734,25978
4034,26,14055,23293,16818,20725,17524
4035,0,2459,25577,25577,24849,28595
4036,0,8383,19627,19627,18281,16273
4037,0,9146,15532,15532,16311,20795
4038,0,4804,25915,25915,25416,28886
4039,2,4766,24365,29881,29914,24365
4040,0,9678,19527,19527,18683,18483
4041,1,14100,14978,14955,14978,23917
4042,881,3154,25097,27841,24614,19156
4043,0,11361,18908,18908,18921,16624
4044,7,6582,24529,25344,28229,23998
4045,6,1688,16139,15993,17797,15609
4046,0,8282,21130,21130,16087,21336
4047,0,13430,25964,25964,25372,26926
4048,1,13215,29113,25969,29113,24035
4049,0,3789,23239,23239,19926,21505
4050,0,6794,23621,23621,22224,21024
4051,0,4510,17387,17387,15759,18957
4052,0,9775,24815,24815,23816,24636
4053,2,10245,27660,26498,26264,27660
4054,29,9373,25728,27536,22423,29846
4055,13,5189,22870,30319,30349,18815
4056,26,4320,18313,17129,17059,21775
4057,1952,4026,25203,21821,29578,17086
4058,41,2292,15675,23387,22807,17643
4059,12,2078,26072,27902,29246,28324
4060,0,7427,19715,19715,19324,20229
4061,0,12785,26852,26852,24852,25581
4062,212,7253,28874,26938,28823,30104
4063,4,3125,16747,18344,23710,22868
4064,0,9449,26788,26788,24421,26787
4065,17,9904,25939,27341,24382,28229
4066,88,10835,24349,29428,29040,24425
4067,0,1285,21892,21892,21835,29030
4068,0,5191,29392,29392,29105,28641
4069,0,14753,29922,29922,24936,18998
4070,0,5958,19869,19869,16275,17266
4071,0,4846,27491,27491,24097,27325
4072,0,2518,18982,18982,17154,18988
4073,2,10518,27324,27217,27809,27324
4074,0,7407,18771,18771,20665,23622
4075,0,5034,24769,24769,18358,15007
4076,0,2254,15253,15253,18842,15222
4077,0,14594,25955,25955,27788,28761
4078,6,739,25365,28010,24699,24578
4079,0,14002,25907,25907,24228,28543
4080,0,2386,26599,26599,27675,29078
4081,0,10654,24057,24057,23855,26193
4082,0,3629,17709,17709,16606,16726
4083,0,9960,16739,16739,20127,16274
4084,0,14648,30163,30163,29061,27775
4085,0,10148,27695,27695,25095,25127
4086,0,8635,26139,26139,25635,24402
4087,0,3607,18101,18101,18532,18180
4088,34,11258,19519,17954,19310,18809
4089,0,11046,26549,26549,24077,27014
4090,0,296,27362,27362,27740,24484
4091,0,14281,25214,25214,26984,24387
4092,39,2650,29107,29593,25520,26316
4093,66,11006,24652,15232,23884,27034
4094,59,7883,29555,29168,29578,28119
4095,1,7111,28858,24871,28858,29882
4096,6,2946,28363,29429,29484,29859
4097,0,10531,22611,22611,28455,22049
4098,0,1928,16758,16758,15387,21548
4099,0,6763,23096,23096,21576,19641
4100,0,4497,25197,25197,24525,24147
4101,0,11669,24925,24925,16062,24153
4102,0,4221,30132,30132,30053,28060
4103,0,7012,24444,24444,26073,23936
4104,5,13350,22113,22815,20302,22933
4105,0,10665,22253,22253,27860,23438
4106,0,2858,27088,27088,26483,28485
4107,0,3281,22004,22004,23432,21960
4108,0,3652,23474,23474,16070,17790
4109,0,3662,26697,26697,25787,24140
4110,0,13930,15435,15435,17569,16343
4111,0,6601,29086,29086,15740,27201
4112,0,3813,25856,25856,23736,24951
4113,0,10958,21376,21376,22610,21794
4114,1,11953,21935,29685,21935,29645
4115,0,9272,21039,21039,20230,23392
4116,118,2356,28760,25322,26419,25637
4117,0,8406,15787,15787,29158,22388
4118,1,10918,22575,20013,22575,22145
4119,0,2221,19396,19396,18473,15533
4120,0,8639,23683,23683,19069,15036
4121,0,13104,27617,27617,27479,28511
4122,5,8679,25130,28417,25231,29000
4123,23,2158,28000,30037,28997,30105
4124,9,11107,15129,23952,25019,27350
4125,5,7440,22422,22847,19014,17548
4126,1,8087,24341,21742,24341,25722
4127,0,12279,20825,20825,21531,18454
4128,1,7494,24421,26788,24421,26787
4129,0,2353,14984,14984,28327,28625
4130,0,2888,24216,24216,27390,27271
4131,17,13173,15151,24244,25521,25967
4132,1,7461,15240,15181,15240,15187
4133,7,2955,29060,15978,29756,28242
4134,1,4353,15478,19196,15478,17648
4135,0,14061,25159,25159,17073,29541
4136,0,6892,23288,23288,28671,20636
4137,0,12348,23685,23685,19509,21035
4138,0,13829,28884,28884,27327,27978
4139,0,6366,26223,26223,25530,17953
4140,123,5482,15052,22823,22144,22351
4141,39,14509,30267,21090,28567,28776
4142,50,3105,28346,15230,29517,26448
4143,188,8299,19144,15419,19513,21682
4144,0,11979,26149,26149,26930,25899
4145,18,7891,23063,22807,16268,23387
4146,0,11279,18293,18293,21327,18428
4147,0,7769,24721,24721,26019,24983
4148,0,14165,27980,27980,27708,29223
4149,3,14050,28191,14969,21390,15003
4150,0,9196,26664,26664,25162,28043
4151,2,8831,17376,18025,29471,17376
4152,32,5863,23807,26493,24280,24718
4153,1,3839,15309,27186,15309,28020
4154,1,11029,29802,29809,29802,14957
4155,0,2887,20601,20601,18011,23181
4156,15,13705,17842,18166,26588,23420
4157,0,9193,27002,27002,26011,28623
4158,1,1624,25324,15425,25324,30001
4159,0,12035,26288,26288,26992,29560
4160,0,2909,26794,26794,25402,28449
4161,172,7641,22132,19659,15458,24128
4162,0,5646,28398,28398,29378,29028
4163,3,11327,15321,20648,22101,23466
4164,4,10598,23876,25278,24493,25170
4165,0,9968,19678,19678,16274,18264
4166,0,4926,25659,25659,26049,25851
4167,0,2856,29535,29535,26574,27356
4168,3,2994,23569,22366,17855,20566
4169,0,8044,28304,28304,22062,27977
4170,3,4566,20113,22012,20616,19024
4171,0,553,24820,24820,28939,22697
4172,4,3084,23209,19863,16232,18918
4173,2,10046,26690,24992,27781,26690
4174,110,2636,24312,27029,26804,26628
4175,0,13408,26966,26966,27130,26347
4176,0,3913,28312,28312,28656,29409
4177,51,14425,21644,22616,23429,19011
4178,0,1270,25212,25212,25211,22611
4179,3,9629,27424,24923,26889,25205
4180,0,9418,25864,25864,25534,25865
4181,220,1911,20583,20555,15824,18061
4182,5,13659,26255,28193,26121,28877
4183,2085,5506,20511,23366,24106,15108
4184,0,6762,29339,29339,29511,26765
4185,114,6372,19804,30254,16752,23500
4186,0,14482,25081,25081,25082,25170
4187,54,1841,23200,16941,18086,15427
4188,0,10162,25156,25156,26448,23874
4189,0,4033,19474,19474,20070,20094
4190,0,12241,25689,25689,25729,24045
4191,7,12496,24380,30129,29552,26817
4192,0,8911,23518,23518,20291,20541
4193,0,3542,17185,17185,18819,22980
4194,3,11789,25311,25595,23989,24983
4195,0,8884,18535,18535,21108,18676
4196,4,9823,27785,28693,27864,27745
4197,1402,1069,23310,23550,28542,26346
4198,0,10098,17152,17152,18664,22724
4199,41,602,15472,18473,20069,15338
4200,0,6283,19547,19547,20031,22690
4201,0,9348,27872,27872,28783,28665
4202,0,12013,15976,15976,16637,23518
4203,394,14671,29612,15065,15066,15120
4204,24,8677,27895,15219,15148,15154
4205,0,10937,20445,20445,20220,23001
4206,63,7421,27835,26738,18615,27363
4207,0,9210,26399,26399,15161,29472
4208,0,10312,27419,27419,25434,18664
4209,0,3889,23866,23866,28127,25485
4210,0,12916,20072,20072,18793,20250
4211,3,5357,19671,18676,15877,22706
4212,105,13852,25261,26169,29848,26493
4213,0,3972,16242,16242,20723,20070
4214,54,11411,24459,24138,26417,27929
4215,0,10324,25394,25394,26734,21338
4216,41,5979,22705,20616,21325,20146
4217,0,10360,19849,19849,21478,22896
4218,0,10769,17320,17320,22724,19061
4219,0,3623,24107,24107,25819,27009
4220,0,12480,16483,16483,30215,19526
4221,0,3295,15196,15196,15087,15078
4222,0,12322,28863,28863,26016,30139
4223,1,4511,24767,26090,24767,18708
4224,137,5307,15837,18535,25405,29471
4225,0,2305,16199,16199,18091,21597
4226,13,3223,15629,21115,23416,17267
4227,4,2756,17389,23666,21304,22888
4228,8,14332,27066,28811,22312,23707
4229,0,12018,23809,23809,28447,27286
4230,0,935,27801,27801,29509,29756
4231,74,4860,24128,24234,26068,24172
4232,0,4754,15543,15543,22949,20196
4233,1,13546,24329,30133,24329,28442
4234,0,3000,20763,20763,22880,21592
4235,0,7644,29606,29606,16647,30217
4236,0,5892,25530,25530,25545,28991
4237,0,6184,26886,26886,28493,26681
4238,10,4096,20514,22984,22572,21063
4239,3,8233,21890,16121,18882,22861
4240,0,3092,15324,15324,17747,20787
4241,0,6041,19000,19000,17266,19619
4242,4,11028,20980,23314,20127,23495
4243,0,600,20412,20412,16876,23318
4244,0,3757,29461,29461,26672,27356
4245,0,6438,22012,22012,20616,20113
4246,0,10525,25208,25208,24296,25207
4247,4,10120,25051,27142,25809,25027
4248,0,13939,26522,26522,25712,25299
4249,529,13797,29645,23286,28776,30152
4250,0,4838,23400,23400,21354,20938
4251,3,5904,22265,19865,20108,19305
4252,0,13198,28327,28327,26673,28109
4253,87,7357,19120,25017,21134,16944
4254,1,10717,30111,29120,30111,30078
4255,0,7374,21088,21088,20228,21586
4256,0,12903,25211,25211,26054,27151
4257,0,1359,17962,17962,22390,16183
4258,0,7130,15028,15028,16139,24922
4259,0,1685,24580,24580,29422,27735
4260,0,1816,15854,15854,17387,22357
4261,0,472,15003,15003,19214,18574
4262,5,10694,29000,28417,29162,29058
4263,4,3299,16795,15463,27924,28524
4264,1,11011,15342,22662,15342,16264
4265,3,8740,27014,23736,15066,24077
4266,0,6048,22357,22357,16606,17387
4267,1,8361,19596,19057,19596,17744
4268,0,6091,18050,18050,17360,16229
4269,0,12117,25174,25174,27740,24602
4270,34,3667,15203,25846,26310,15206
4271,3,12092,27838,23921,24495,26799
4272,0,11740,28107,28107,29488,28899
4273,1,2802,23550,18915,23550,15478
4274,884,14608,20389,27507,24905,27781
4275,0,3886,26754,26754,26214,26134
4276,0,12919,29669,29669,29662,27570
4277,2,14473,25680,28027,28125,25680
4278,92,6160,23599,18664,22365,18611
4279,0,6697,17194,17194,15321,15976
4280,66,4835,20924,22366,19124,28119
4281,342,9677,28435,24893,29502,26534
4282,0,6237,27809,27809,28564,27324
4283,0,10321,28025,28025,28089,28448
4284,1,7399,25366,26296,25366,27688
4285,0,11821,19736,19736,15512,19850
4286,0,2463,27358,27358,25020,28588
4287,0,10830,21358,21358,23438,22688
4288,3,5511,28696,24595,25461,30205
4289,1,13588,29677,29684,29677,29617
4290,9,12275,29653,29621,29643,29648
4291,0,9558,23701,23701,15305,15446
4292,12,9640,16516,19217,20407,18288
4293,0,6722,29771,29771,23859,29804
4294,0,10669,29012,29012,18125,28152
4295,0,4403,19153,19153,19474,18370
4296,0,9593,22935,22935,30285,28169
4297,0,12287,29248,29248,26261,29793
4298,0,7011,29291,29291,24946,24456
4299,2,9107,18700,20916,20810,18700
4300,0,9964,27070,27070,29902,24577
4301,46,704,15967,22692,16825,17544
4302,1,9567,23405,20382,23405,16493
4303,0,13906,27124,27124,27198,28393
4304,7,10692,22882,20382,23405,20763
4305,59,9610,26006,23884,26707,29569
4306,0,3079,27963,27963,26672,29093
4307,2,11049,16381,14997,14976,16381
4308,0,7937,25499,25499,24527,24515
4309,0,11739,21784,21784,22849,21134
4310,2,7338,26614,27388,24077,26614
4311,0,11957,25010,25010,27507,23738
4312,0,11812,22001,22001,22445,21727
4313,0,5095,25628,25628,29526,29303
4314,5,3332,28510,28113,24684,27044
4315,13,4485,19305,15632,22307,15368
4316,0,8934,16391,16391,18972,17126
4317,0,1227,15627,15627,20225,15472
4318,0,5893,23496,23496,16251,22593
4319,0,1513,29574,29574,27593,27263
4320,0,366,22136,22136,22820,19274
4321,0,3307,14960,14960,22989,15036
4322,0,8745,23563,23563,29568,15789
4323,4,1384,28204,29407,28455,26396
4324,0,12027,18996,18996,21088,19594
4325,0,14426,26438,26438,29178,28839
4326,0,2669,28626,28626,29008,24512
4327,16,2369,21741,30246,30214,20081
4328,0,11365,27427,27427,25048,28502
4329,21,11933,27479,21821,28361,28549
4330,0,11854,25322,25322,24670,24894
4331,1,7690,29742,27531,29742,28479
4332,0,11919,29468,29468,25461,25938
4333,0,7022,15969,15969,20448,23137
4334,1,4781,27107,26902,27107,26740
4335,0,8644,29447,29447,25179,24247
4336,0,1256,28914,28914,29093,29703
4337,0,10036,25298,25298,25861,27000
4338,0,6976,28374,28374,26999,28932
4339,0,11099,26923,26923,24979,24810
4340,0,1824,19079,19079,16474,26452
4341,0,14836,26583,26583,26339,15930
4342,10,8326,24754,26055,15053,27841
4343,13,5998,18108,22418,17723,17121
4344,0,2947,16903,16903,16117,17387
4345,5,13561,21191,20572,19217,20538
4346,0,9283,19642,19642,26242,16889
4347,0,5677,20809,20809,15739,23392
4348,0,13261,29801,29801,29814,30146
4349,0,868,18915,18915,15722,15478
4350,0,8942,29044,29044,26790,25097
4351,0,1662,29869,29869,24586,29269
4352,0,9355,30005,30005,29968,29930
4353,1,13501,25865,25864,25865,25220
4354,0,6838,19720,19720,23434,22524
4355,1,2475,19490,15092,19490,24849
4356,11,5713,19310,21890,16244,22828
4357,51,12788,28460,24056,25261,15139
4358,2,6236,17848,23703,22936,17848
4359,0,7679,15886,15886,20701,23121
4360,0,8561,17718,17718,25807,29541
4361,6,11216,24544,24449,27498,27492
4362,87,3548,19879,16836,26233,20167
4363,25,11552,23215,23353,23579,23674
4364,1,2897,28563,27957,28563,24886
4365,4,8846,21036,23487,19962,22732
4366,14,210,22862,20626,29291,15725
4367,0,6250,29756,29756,28689,24607
4368,0,109,21456,21456,22237,19067
4369,0,7219,25335,25335,22132,25589
4370,1220,13897,26963,25502,21118,25917
4371,0,6761,28448,28448,28089,29542
4372,2,14245,30115,30104,24175,30115
4373,5,11759,16724,23191,16400,15396
4374,0,464,29639,29639,29633,29624
4375,114,5993,20250,15370,15467,22307
4376,1660,14748,28175,28543,24473,28418
4377,0,1625,27489,27489,27339,25118
4378,0,8992,25089,25089,20279,18631
4379,7,13693,26346,27727,27594,27728
4380,34,7483,15634,23487,19962,21161
4381,0,12515,22523,22523,21556,18645
4382,73,13007,28625,24533,27108,28553
4383,28,13178,28194,25086,30121,29372
4384,4,6143,28229,25344,23998,27341
4385,0,7119,21773,21773,22395,19888
4386,0,11283,25616,25616,24652,23782
4387,0,6453,20909,20909,18793,22550
4388,45,6286,27703,26683,25436,29129
4389,0,5343,21670,21670,20220,22026
4390,4,13517,28670,25969,26727,27053
4391,4,8468,29064,18479,27128,27701
4392,0,10359,25013,25013,24951,19606
4393,1,9849,24025,23883,24025,24433
4394,0,8314,21592,21592,20905,17476
4395,0,1988,15793,15793,16606,19797
4396,20,13685,25338,25693,24718,25294
4397,1,11861,25418,25854,25418,24369
4398,0,7075,17170,17170,22690,15741
4399,0,6375,24029,24029,23363,27325
4400,0,8832,28383,28383,17880,16095
4401,1,13815,25861,27000,25861,26888
4402,0,3921,16496,16496,17299,16105
4403,0,7232,28300,28300,26869,29833
4404,0,26,16529,16529,19885,19834
4405,0,4398,24351,24351,27057,24948
4406,0,13101,18867,18867,22785,16739
4407,9,11627,29488,24214,25229,27140
4408,2,10186,27019,26361,24642,27019
4409,5,6334,19304,21999,22382,16530
4410,80,12680,28393,24228,21118,25502
4411,1,12264,25233,27733,25233,25817
4412,31,10919,17464,21358,17848,22928
4413,4,4719,22800,21739,23523,17359
4414,0,12706,29844,29844,21395,26966
4415,0,767,29093,29093,27588,25221
4416,0,2786,28275,28275,27744,27146
4417,5,5708,29069,27651,26599,27128
4418,0,9685,23137,23137,20448,16056
4419,0,7417,19790,19790,20277,23042
4420,0,7448,23001,23001,23091,16186
4421,1,10913,27987,25216,27987,24510
4422,5,10895,25755,26983,28946,29008
4423,1,11458,22929,22524,22929,23247
4424,2,216,15078,15169,15151,15078
4425,0,412,23317,23317,22198,28358
4426,875,13026,23411,22467,22823,23174
4427,0,11106,25691,25691,26238,26867
4428,0,12371,23835,23835,29486,24590
4429,2,8079,30093,25551,29939,30093
4430,18,8353,24032,26717,29040,26160
4431,0,3083,15197,15197,15083,25109
4432,9,4807,25736,29387,27578,25886
4433,7,7800,28947,25402,25960,27187
4434,20,8372,27201,26689,26873,19003
4435,1,13819,25875,25150,25875,27938
4436,1,6287,17007,20706,17007,22368
4437,0,4414,24102,24102,25053,25835
4438,2,12921,27851,26428,24091,27851
4439,0,3354,24847,24847,23936,29028
4440,0,6768,29545,29545,29506,28165
4441,0,2683,22360,22360,15953,20787
4442,0,5016,18874,18874,22724,23178
4443,1,9071,23636,22265,23636,16747
4444,32,5174,20814,17990,22088,16251
4445,0,13676,23060,23060,27655,26638
4446,0,13793,27826,27826,26558,24701
4447,1,9302,24332,27786,24332,25849
4448,0,3610,29588,29588,28561,27303
4449,21,5882,23182,15549,29137,28599
4450,0,2988,26136,26136,24133,29451
4451,1,13787,28091,28979,28091,23978
4452,0,551,19680,19680,20905,16337
4453,0,11493,19708,19708,20043,20035
4454,0,8444,28929,28929,29166,26444
4455,0,1755,28325,28325,28559,25530
4456,1,12770,25634,23964,25634,19434
4457,0,3756,20015,20015,19059,15272
4458,95,2179,24783,26683,18767,29502
4459,0,14294,28687,28687,26244,24698
4460,0,8878,29706,29706,23973,29153
4461,0,14785,26536,26536,23894,23759
4462,1,4851,21406,17780,21406,15373
4463,0,11319,16636,16636,20590,23408
4464,0,8017,24628,24628,29093,26789
4465,0,7431,29011,29011,27531,28482
4466,19,1273,26674,23958,28581,29410
4467,67,1889,23099,23693,18918,19109
4468,0,3151,29380,29380,26160,27169
4469,0,14894,29817,29817,28956,27788
4470,199,5842,28056,29263,17007,20706
4471,0,8728,17580,17580,21342,22670
4472,24,8788,20146,22494,18844,21315
4473,100,5392,17650,16305,23701,18611
4474,8,10997,18844,16070,16305,22349
4475,0,11584,25026,25026,20724,26052
4476,1,1179,24886,28559,24886,17824
4477,0,896,29005,29005,27829,29392
4478,0,4882,25798,25798,14984,28245
4479,0,4316,27544,27544,23883,27002
4480,1,8937,26873,28707,26873,29224
4481,0,9963,19449,19449,18813,15812
4482,537,6645,19643,22690,23057,19519
4483,1,7742,29026,29393,29026,27107
4484,2,11189,17619,18348,18264,17619
4485,0,579,16809,16809,19275,20065
4486,0,2467,22178,22178,29843,19642
4487,0,7295,25161,25161,25959,24183
4488,0,12889,20382,20382,16493,20763
4489,0,8921,28705,28705,28018,29541
4490,0,11413,19909,19909,28804,22597
4491,0,1445,29216,29216,15321,26967
4492,0,1589,17332,17332,20665,21242
4493,0,8124,24377,24377,25712,24378
4494,2,10183,22349,16747,23059,22349
4495,27,1529,24637,28180,26968,24140
4496,1,2635,29582,25231,29582,24936
4497,1,7875,20551,22237,20551,19067
4498,0,2439,20292,20292,15515,18586
4499,0,1477,20067,20067,21070,21986
4500,1,9399,27500,23992,27500,23993
4501,1,8525,27651,24920,27651,28176
4502,28,7060,24884,25502,24553,20957
4503,0,13367,29920,29920,25255,24244
4504,1,13344,23837,24814,23837,25576
4505,0,8175,22692,22692,19468,17227
4506,1,9268,29147,15475,29147,16207
4507,0,4312,26083,26083,26073,27891
4508,26,5945,22530,21328,21353,15373
4509,391,903,21506,15291,22679,21694
4510,0,668,18365,18365,21542,23256
4511,0,5436,23804,23804,24768,26681
4512,2,12303,25342,28564,28371,25342
4513,0,9354,30247,30247,30183,30344
4514,0,7977,25725,25725,20250,26144
4515,0,3016,23103,23103,15536,17741
4516,0,5959,25164,25164,26720,27489
4517,0,9313,29790,29790,30146,28032
4518,0,2726,21163,21163,15430,29402
4519,0,399,23057,23057,24555,18767
4520,0,10475,25645,25645,29015,27966
4521,0,304,28982,28982,24185,26138
4522,23,8856,23429,21358,22951,17696
4523,18,836,23538,16026,17577,22388
4524,1,12860,28842,29595,28842,29602
4525,0,7388,24851,24851,29127,27373
4526,0,12970,24328,24328,25697,23874
4527,8,12246,18589,22877,16912,23278
4528,0,5236,25121,25121,26341,27438
4529,0,13366,27464,27464,25501,27168
4530,0,7163,29310,29310,29526,26116
4531,0,7078,16272,16272,18073,20526
4532,6,12283,27739,28552,27929,29160
4533,0,11351,27249,27249,24960,26164
4534,5,2540,17053,30198,30333,30310
4535,62,3098,20553,19962,23487,22732
4536,0,7900,27905,27905,25517,24550
4537,0,8948,29095,29095,23931,24263
4538,0,601,26165,26165,25047,29012
4539,3,5996,18717,17360,18050,16229
4540,0,8216,24664,24664,25304,24156
4541,0,2859,25699,25699,20128,23827
4542,0,4730,22656,22656,15427,22475
4543,0,4329,28676,28676,24795,22687
4544,0,2567,21366,21366,18023,21522
4545,12,1365,30121,28495,30035,29235
4546,1,1781,27891,25983,27891,27379
4547,17,6056,21267,22213,19056,23632
4548,1,1843,21834,15467,21834,23447
4549,8,12675,25409,25135,28730,27549
4550,0,5072,24027,24027,27765,26421
4551,0,3633,24910,24910,23772,27923
4552,0,11536,27775,27775,30163,26470
4553,11,8390,28969,28886,23353,15978
4554,25,7676,25794,15083,15197,29373
4555,25,14478,26935,27727,27169,27728
4556,0,10515,24902,24902,25413,23955
4557,1,14517,26606,26045,26606,28952
4558,0,4286,18819,18819,23376,20920
4559,0,5960,27541,27541,27715,24619
4560,0,4479,16688,16688,28376,18011
4561,1,94,26058,27588,26058,29277
4562,0,6356,23251,23251,27911,28804
4563,45,7445,26981,24684,28113,26790
4564,2,10146,24449,26693,26590,24449
4565,0,2175,18301,18301,15982,19987
4566,74,13875,27283,28477,24244,25794
4567,0,5961,20768,20768,15871,21336
4568,0,4105,20762,20762,15729,17619
4569,0,3209,29328,29328,28900,24847
4570,495,10773,19107,18882,22340,15427
4571,0,11910,17328,17328,15313,18889
4572,4,8196,21626,30345,30287,30321
4573,2316,14381,26676,29589,27278,27154
4574,0,5337,29761,29761,29735,22001
4575,0,2715,28117,28117,29027,28152
4576,0,96,15006,15006,15470,14997
4577,0,5087,29152,29152,29288,26396
4578,4,7861,21750,17780,19641,15718
4579,0,12753,23170,23170,15844,22398
4580,0,5865,25447,25447,28407,24359
4581,0,8037,24228,24228,28041,28371
4582,18,11282,29366,25776,26037,22472
4583,8,13010,28350,26432,25953,27380
4584,0,3222,30099,30099,18483,26747
4585,1,11733,24979,28009,24979,25405
4586,1,4037,15127,26362,15127,27659
4587,0,2983,26240,26240,17017,26192
4588,0,12992,29795,29795,29370,15025
4589,0,6153,22452,22452,19114,16385
4590,0,11426,20111,20111,17686,18407
4591,11,522,30240,15138,18819,28455
4592,757,7654,28053,24757,27584,26534
4593,0,14606,25046,25046,26374,25451
4594,0,12024,20232,20232,22075,22977
4595,67,6526,19424,20131,22524,20441
4596,0,9546,17302,17302,18087,17161
4597,3,6098,27404,26134,26214,26754
4598,0,12386,25285,25285,28846,22774
4599,0,2940,23650,23650,22773,18972
4600,0,1147,19172,19172,15107,21612
4601,0,8883,24412,24412,24259,27005
4602,33,10047,15230,28563,27957,24886
4603,140,13100,24896,27789,15150,15090
4604,172,9476,23557,22656,21821,23563
4605,0,12982,23830,23830,26329,24124
4606,0,6588,22049,22049,28455,16537
4607,35,11100,29146,27201,26708,29568
4608,2,4444,27126,23588,25194,27126
4609,0,5729,21022,21022,25416,19342
4610,4,9125,16094,17021,22896,21960
4611,1,2288,20311,16264,20311,21237
4612,0,5586,22089,22089,21651,16660
4613,0,2171,27827,27827,28263,27426
4614,35,3377,27255,27588,25496,23518
4615,12,4055,28080,27675,28484,29064
4616,1044,6345,23261,25203,30292,30166
4617,0,11109,21340,21340,23147,17356
4618,0,8923,28276,28276,25579,30061
4619,0,11964,24589,24589,28435,29157
4620,0,3205,26108,26108,26012,29310
4621,1,11290,29381,28484,29381,27890
4622,0,14447,29833,29833,18727,27974
4623,2,13177,27373,28663,26979,27373
4624,0,6460,24588,24588,28444,24045
4625,0,14506,29812,29812,28675,27020
4626,0,12678,15213,15213,15172,26252
4627,0,7491,22581,22581,19604,19035
4628,0,5154,28722,28722,27491,27548
4629,0,3582,20749,20749,18982,21011
4630,0,6513,26184,26184,24797,26794
4631,7,12945,21134,21395,15773,29844
4632,0,2394,25168,25168,25169,29106
4633,17,7496,18368,22734,22203,16094
4634,19,6853,27880,25502,24553,16258
4635,0,6941,25690,25690,26058,26765
4636,0,149,15687,15687,22934,19739
4637,0,14510,15147,15147,25626,15065
4638,0,5879,22742,22742,22630,18606
4639,2,11040,20652,28859,22724,20652
4640,0,12471,26699,26699,26990,26534
4641,0,11717,26822,26822,30078,24442
4642,42,13285,26170,29195,29518,28164
4643,0,11207,19636,19636,15343,29561
4644,0,1291,26049,26049,25851,24900
4645,0,3155,26311,26311,24140,25755
4646,0,3750,22999,22999,20231,17675
4647,0,2704,25983,25983,26992,27379
4648,162,6115,27731,24185,24992,15255
4649,0,3831,26235,26235,24851,25040
4650,0,7515,18526,18526,28821,22184
4651,0,14808,26392,26392,26254,25600
4652,0,6711,19641,19641,22913,22443
4653,2,10729,14962,29183,23907,14962
4654,0,1479,26934,26934,26585,28661
4655,14,3149,22395,19888,17773,21652
4656,33,2810,22912,23366,23072,18611
4657,2,4563,29680,27762,29248,29680
4658,0,2996,17717,17717,23040,16511
4659,0,12922,22423,22423,15915,20225
4660,2,4020,20724,25319,16381,20724
4661,3,7648,26838,24536,28260,26744
4662,13,8211,27256,28339,15169,15098
4663,0,5652,28135,28135,28886,26108
4664,0,1307,27105,27105,26913,19667
4665,2,12080,16886,16800,16686,16886
4666,1,12490,28009,26223,28009,24402
4667,0,11542,18987,18987,24153,21750
4668,0,955,25236,25236,24919,29691
4669,0,1828,24456,24456,28783,27120
4670,0,2249,15107,15107,26705,23434
4671,41,1634,26450,28414,27682,29655
4672,2,6350,20927,19669,20555,20927
4673,1,7444,27379,25983,27379,26992
4674,0,9897,25656,25656,26764,25889
4675,132,6105,20225,30350,25760,15614
4676,986,6290,27103,26114,23936,26037
4677,0,13322,15229,15229,26616,26736
4678,1,10716,26623,26402,26623,23245
4679,2,192,26490,26491,24130,26490
4680,0,10239,19468,19468,20245,16658
4681,1,1663,28875,30101,28875,24509
4682,0,4139,23554,23554,17773,23544
4683,0,5076,17643,17643,22090,17021
4684,0,12815,29684,29684,28497,29677
4685,0,11394,27445,27445,25383,28960
4686,0,3085,29517,29517,26448,15230
4687,0,1082,19025,19025,15409,23599
4688,0,2445,21395,21395,29844,26384
4689,0,2773,14996,14996,28141,24630
4690,989,13195,28771,25978,24257,26297
4691,0,8478,15475,15475,29147,16346
4692,2,9152,25171,24991,25656,25171
4693,0,13302,24680,24680,23806,24214
4694,0,5722,22081,22081,21731,23426
4695,0,12929,29673,29673,28497,29677
4696,16,10827,28877,30038,30104,28823
4697,1,5927,21933,16844,21933,27860
4698,1,10265,26097,23897,26097,27380
4699,1,3035,27903,25617,27903,29017
4700,2,14138,26059,26647,26308,26059
4701,0,7085,19192,19192,29248,27762
4702,0,186,15206,15206,29910,29849
4703,1,14318,24138,24012,24138,29920
4704,0,11761,25228,25228,24581,27225
4705,0,3064,21635,21635,18608,15599
4706,0,5284,16941,16941,30334,16387
4707,6,9894,23072,17684,17655,30285
4708,0,6954,27708,27708,27980,29223
4709,0,920,24368,24368,15159,24363
4710,0,937,29153,29153,27072,28380
4711,51,2702,25084,30334,29578,27705
4712,0,2206,22302,22302,18140,20097
4713,0,10500,19373,19373,16637,22431
4714,39,8235,21495,18742,30253,17726
4715,0,10240,24174,24174,24061,26718
4716,0,13510,24987,24987,28450,28497
4717,0,102,29888,29888,29722,19066
4718,0,9362,19780,19780,22072,20293
4719,0,5669,17476,17476,19680,20905
4720,0,7269,22613,22613,22390,23660
4721,38,4235,27669,25585,28595,27786
4722,0,6028,24787,24787,25016,27146
4723,0,7261,22966,22966,19324,18293
4724,23,3224,30153,25342,28371,28543
4725,0,10887,22430,22430,20342,15582
4726,200,1267,19841,23366,23072,15379
4727,0,8850,25496,25496,29431,27931
4728,1,8021,27390,27271,27390,27044
4729,0,9858,19669,19669,22896,23368
4730,0,5924,16596,16596,27835,27223
4731,0,14073,26167,26167,28421,26168
4732,17,2214,17780,16232,15718,19435
4733,1,2566,21522,19822,21522,21366
4734,0,7612,29028,29028,24607,26250
4735,0,2026,24477,24477,26634,28545
4736,12,4171,21389,20981,20795,20235
4737,0,650,21226,21226,29441,15656
4738,0,8387,28150,28150,24728,25317
4739,0,14081,28404,28404,28388,23886
4740,1,10010,24408,29049,24408,24288
4741,0,722,15280,15280,29181,27709
4742,0,9317,27704,27704,24060,27547
4743,0,4829,22006,22006,22935,21963
4744,0,3112,26969,26969,25342,30153
4745,33,511,22213,22807,21758,20522
4746,1,1131,19330,19248,19330,18194
4747,0,14187,15352,15352,15719,22752
4748,69,13998,25521,27115,24151,27728
4749,0,14733,26148,26148,29202,24113
4750,0,5055,30031,30031,29958,29930
4751,0,8149,21052,21052,29708,23142
4752,41,8848,22593,30350,15614,25760
4753,0,6496,17937,17937,22508,16791
4754,0,10309,26734,26734,25394,21338
4755,2,14660,15180,27520,26674,15180
4756,1,14672,26106,25587,26106,24226
4757,3,10414,29138,26465,24597,28006
4758,0,4238,27646,27646,29511,29338
4759,1,12159,22443,28113,22443,16700
4760,0,13340,28214,28214,26500,26794
4761,0,12592,19253,19253,15499,18678
4762,0,1412,25623,25623,26746,24339
4763,73,14664,26534,26787,27256,24757
4764,0,5771,28712,28712,28311,24954
4765,1,12718,18927,15669,18927,18037
4766,0,2375,21879,21879,15656,26763
4767,4,12072,26900,27939,29106,23902
4768,0,9765,26738,26738,27694,18615
4769,0,11760,24581,24581,25228,27026
4770,0,7860,18590,18590,15465,20297
4771,0,5672,19516,19516,18809,22980
4772,7,4175,30254,30195,28987,24318
4773,0,9257,28921,28921,19192,22214
4774,0,9078,27440,27440,27789,27441
4775,0,3201,20300,20300,22724,18819
4776,0,3887,17762,17762,22489,30334
4777,0,2796,21315,21315,19067,15348
4778,0,11538,27713,27713,29532,27982
4779,0,7493,28005,28005,27928,25783
4780,0,10256,23499,23499,22198,21784
4781,3,2010,28824,24311,24259,26030
4782,9,10376,26933,29327,28661,26614
4783,5,9384,20453,24560,16491,23680
4784,1,1543,27761,28495,27761,30036
4785,132,4768,20473,20467,22877,18301
4786,618,1319,19067,24807,21764,16551
4787,9,4116,28280,29246,26397,28657
4788,0,10731,24495,24495,23921,26799
4789,19,8746,29420,28739,25886,27849
4790,304,7609,29566,30086,26938,30104
4791,0,11194,22026,22026,20220,29475
4792,0,12491,22459,22459,21320,15599
4793,0,5477,27325,27325,28722,25507
4794,156,4009,30320,30237,30292,30258
4795,3,12091,29285,26622,24061,29361
4796,1,13046,30146,16434,30146,19435
4797,0,10437,19314,19314,15394,18467
4798,0,11438,16275,16275,15871,16622
4799,0,136,26355,26355,27721,28694
4800,20,771,27167,23588,28987,25640
4801,2,13579,25817,25175,26918,25817
4802,647,12455,15736,16915,23362,20597
4803,1,9349,29066,28300,29066,27880
4804,0,10854,29819,29819,29836,29379
4805,5,12254,28679,25697,24328,23874
4806,0,9711,28103,28103,26341,25018
4807,0,7122,20590,20590,19277,22174
4808,23,441,27385,29517,26448,26391
4809,25,9895,21725,25145,29373,29092
4810,0,11589,17307,17307,22540,20705
4811,1,10617,24985,24579,24985,27097
4812,0,9145,26073,26073,25686,29367
4813,0,7413,15363,15363,26355,23482
4814,0,12614,25155,25155,26762,23789
4815,0,3849,24026,24026,26057,29476
4816,26,9499,21212,17129,17059,20648
4817,2,4429,24891,29366,26440,24891
4818,3,12368,29302,25138,29285,29361
4819,0,1426,30006,30006,29112,29942
4820,0,617,18629,18629,19192,19434
4821,0,5686,16012,16012,18631,15719
4822,0,2691,29708,29708,27548,27096
4823,1,153,22389,17356,22389,30274
4824,0,6544,28948,28948,27830,28451
4825,28,7405,28750,24034,29593,29478
4826,0,8607,25617,25617,23849,27646
4827,0,1106,29553,29553,27890,17411
4828,0,12196,16025,16025,22075,15304
4829,218,5298,22460,21687,18490,15875
4830,79,12687,20109,23402,21644,22073
4831,0,11639,22533,22533,28987,23588
4832,17,4476,27824,15047,15054,15150
4833,0,7371,20059,20059,16606,15854
4834,0,12731,17615,17615,22705,17278
4835,0,9675,20164,20164,24851,17629
4836,0,11503,15122,15122,26420,23859
4837,0,4791,15740,15740,17954,15915
4838,9,4052,24175,30104,27514,26938
4839,3,6421,19734,22132,20453,17310
4840,7,12868,28077,30132,24329,28029
4841,1,2629,29704,29750,29704,29718
4842,0,1581,29409,29409,28656,28312
4843,9,9952,21353,19248,19330,18194
4844,2033,2393,15215,25776,26790,25753
4845,0,12636,26208,26208,26855,28277
4846,0,3412,25481,25481,27320,26623
4847,0,894,22710,22710,17619,16523
4848,35,7455,29318,30104,28823,24175
4849,0,7757,27931,27931,26672,27404
4850,7,4524,23165,30333,30252,30310
4851,0,13996,26746,26746,25489,26684
4852,0,3726,28473,28473,29141,25571
4853,0,3117,28027,28027,25649,26804
4854,1,9463,19040,22355,19040,20924
4855,2,12838,27196,28977,24848,27196
4856,0,10082,16192,16192,21977,29845
4857,0,12542,22293,22293,20829,15799
4858,0,6982,15746,15746,20626,29696
4859,0,7898,25206,25206,29209,28133
4860,638,2956,20747,26979,17903,27514
4861,0,1789,18415,18415,19549,17325
4862,2,12040,18023,21366,21522,18023
4863,0,9394,22300,22300,16335,29526
4864,0,11784,19600,19600,28448,27042
4865,15,5514,26177,25633,24244,25626
4866,1,12501,26961,15140,26961,25349
4867,8,6833,22848,16434,17059,16251
4868,0,8938,17316,17316,19765,18929
4869,6,5849,27756,28442,27219,30133
4870,0,3561,29484,29484,26807,25206
4871,0,7680,15850,15850,29932,19527
4872,0,4828,30292,30292,30237,30258
4873,0,3567,18932,18932,28235,18815
4874,0,13572,25079,25079,26512,26513
4875,0,9749,24947,24947,24767,29312
4876,0,13824,24991,24991,24030,25656
4877,0,2911,28466,28466,22867,26624
4878,0,2580,24707,24707,28236,28776
4879,0,13526,20001,20001,20619,18882
4880,0,11441,23970,23970,26285,17638
4881,0,6502,16655,16655,15427,22668
4882,0,1056,29252,29252,24954,23849
4883,0,14860,24922,24922,28875,25670
4884,11,11287,30272,29879,30322,23142
4885,0,9762,28394,28394,27030,16758
4886,0,14018,21889,21889,23103,16205
4887,0,1282,23297,23297,19342,26288
4888,0,4298,18683,18683,19527,16640
4889,13,9824,17181,17990,23300,20473
4890,0,12164,28509,28509,27788,26900
4891,0,1570,21920,21920,21325,15668
4892,1,11642,19138,17851,19138,17485
4893,0,5420,26500,26500,22954,16410
4894,335,11456,15499,29056,17371,18576
4895,0,11873,25376,25376,24240,29655
4896,0,13228,24422,24422,27012,18348
4897,23,9281,24504,15080,26246,25118
4898,4,10497,29532,26523,26314,27146
4899,541,13789,25527,26845,27878,29331
4900,267,7610,20888,16095,16750,15627
4901,40,8046,26314,15221,27796,24896
4902,0,11339,16105,16105,17299,16221
4903,0,2374,15533,15533,17411,15404
4904,0,2747,26977,26977,24465,25394
4905,0,13151,26147,26147,26145,28689
4906,2,10988,28071,25395,27135,28071
4907,0,2218,24571,24571,28165,29278
4908,0,7500,20040,20040,16619,22198
4909,21,4472,16274,15789,24081,21741
4910,3,12097,24177,24498,28905,27886
4911,3602,1022,19659,19057,23318,23498
4912,0,6131,23525,23525,20526,20035
4913,2,7965,26390,27694,26643,26390
4914,0,10319,27166,27166,24392,29713
4915,0,10007,27842,27842,28810,26773
4916,0,6306,18998,18998,18608,16173
4917,1,607,22411,20626,22411,29003
4918,0,12690,26513,26513,26512,25079
4919,0,14154,28354,28354,25856,24951
4920,0,1568,15389,15389,22199,18222
4921,263,5965,17442,20229,22039,19324
4922,0,14115,15930,15930,15321,19692
4923,1,746,21556,21720,21556,22885
4924,0,5811,25903,25903,25364,25363
4925,0,10169,29533,29533,26396,29005
4926,0,12625,26021,26021,24583,28393
4927,2,11489,25421,24786,28218,25421
4928,124,3021,26868,28840,28825,24318
4929,3,4240,24602,25853,26054,25916
4930,0,6384,16507,16507,19578,23053
4931,0,575,15673,15673,19398,20944
4932,11,5140,26806,27659,26362,25762
4933,0,14089,29662,29662,28032,29666
4934,0,8504,29374,29374,29669,29658
4935,15,9118,30134,30327,30235,17323
4936,0,8611,24232,24232,25380,27650
4937,0,1902,16743,16743,21763,17428
4938,4,13792,27010,28418,26840,26508
4939,0,1530,30166,30166,19056,21652
4940,31,1290,25349,24900,26984,28567
4941,0,10164,20392,20392,22639,18086
4942,0,6678,28791,28791,26925,29367
4943,0,8997,26153,26153,28015,23916
4944,0,3691,16028,16028,17432,20043
4945,1,11104,19924,19701,19924,29853
4946,7,10209,16813,30350,25760,22111
4947,0,3453,22931,22931,22199,22993
4948,172,6259,30287,17129,17059,30347
4949,1,3148,30198,30252,30198,30349
4950,2,9571,29958,30000,29946,29958
4951,0,8226,29861,29861,28599,15673
4952,0,8166,19626,19626,23547,18468
4953,0,3296,25053,25053,24102,24295
4954,0,2908,15803,15803,19736,16026
4955,0,4560,22346,22346,15463,17915
4956,0,12158,24050,24050,25151,27876
4957,0,12896,22480,22480,21748,16904
4958,0,941,22905,22905,21659,30324
4959,0,451,29681,29681,29268,26995
4960,0,3460,29441,29441,28856,28455
4961,0,10033,29903,29903,29522,28095
4962,0,3356,18068,18068,22847,19014
4963,0,554,19179,19179,16232,22837
4964,0,12405,24234,24234,24172,26068
4965,836,3469,19341,30202,30003,30327
4966,0,6114,28825,28825,27025,24564
4967,0,5901,27192,27192,28415,27426
4968,0,7737,28097,28097,27904,28055
4969,2,4801,20012,18908,16454,20012
4970,5,5873,28238,22989,14960,26053
4971,0,7947,19501,19501,16537,20040
4972,1,3656,30327,30235,30327,16261
4973,0,12089,16402,16402,18676,19671
4974,0,8344,26965,26965,27325,24251
4975,3,10501,30101,28875,25579,24509
4976,0,12520,24940,24940,25774,27919
4977,5,7840,15250,29075,16275,25226
4978,0,3771,25215,25215,25581,24852
4979,511,13201,16220,29896,20128,17779
4980,9,911,19475,18576,18984,17021
4981,2,1858,17371,27949,29554,17371
4982,99,865,25101,15087,15068,15150
4983,5,5221,26653,27576,27204,24666
4984,2,5442,29578,22701,28642,29578
4985,0,13483,16794,16794,18361,25239
4986,0,11450,21543,21543,19281,23362
4987,7,9033,23582,20716,16912,16435
4988,0,3699,17005,17005,22223,16606
4989,0,11266,22072,22072,22838,19780
4990,7,10412,16387,23599,22328,21113
4991,0,3721,21458,21458,21054,17741
4992,2,2548,22301,25657,23416,22301
4993,0,4387,27841,27841,24614,27945
4994,0,2490,24880,24880,22218,23993
4995,0,18,22818,22818,17748,25840
4996,0,10160,17377,17377,22306,18658
4997,0,5360,24253,24253,27876,28320
4998,10,4971,24467,23786,29031,26753
4999,3,9323,18882,17095,15967,15387
5000,0,12797,19303,19303,19061,19797
5001,0,1885,27075,27075,25933,25934
5002,0,8027,21882,21882,18264,21727
5003,0,2818,27677,27677,25024,28107
5004,0,12973,27972,27972,24992,29428
5005,0,8552,28721,28721,24821,28384
5006,0,11555,15249,15249,15250,27475
5007,0,1405,19952,19952,20712,21763
5008,377,6911,22948,25145,29092,20387
5009,3,10876,19022,21393,15507,23469
5010,2,3902,22993,18108,20224,22993
5011,14,13199,16340,21835,21892,29030
5012,0,10091,18991,18991,16756,15673
5013,0,13081,28718,28718,26395,26612
5014,0,7460,21344,21344,17549,16511
5015,1,4436,20664,20555,20664,15824
5016,2,7083,25846,15179,15180,25846
5017,16,7198,19284,19659,19643,15458
5018,0,9383,23392,23392,19678,18676
5019,0,12531,23943,23943,24224,28541
5020,24,12711,25220,26329,28820,25730
5021,0,8519,29203,29203,28451,25550
5022,1090,11980,26602,28315,15169,15105
5023,0,1848,26867,26867,26238,25716
5024,0,11285,27610,27610,27274,24858
5025,26,11724,27852,24334,30354,27920
5026,0,10893,21148,21148,21550,23180
5027,0,9974,17154,17154,15305,20291
5028,3,1388,15053,26055,28182,26703
5029,0,8703,26630,26630,25787,25978
5030,0,2274,19376,19376,17059,17129
5031,0,4246,19185,19185,18008,19922
5032,0,1021,19915,19915,20723,19153
5033,7,1817,18677,19642,17636,21809
5034,0,4076,29387,29387,28858,18968
5035,0,1110,29565,29565,27404,29054
5036,0,8621,15582,15582,20342,23170
5037,0,12242,18256,18256,16545,21434
5038,7,8120,15979,19676,19205,23684
5039,0,1906,23777,23777,26572,24657
5040,3,14300,24296,25208,28982,25502
5041,0,9976,19578,19578,23053,16507
5042,0,6381,25519,25519,26746,24601
5043,0,13306,20324,20324,16337,21592
5044,0,6962,29403,29403,28715,29511
5045,18,5054,28048,24754,25421,27866
5046,0,1362,25138,25138,25126,26100
5047,3,11478,22489,29841,23711,20127
5048,0,7048,23921,23921,24495,26799
5049,3,6759,27524,27182,24595,27104
5050,0,12713,25515,25515,25383,27445
5051,0,11889,25304,25304,24156,24664
5052,3,6380,21617,21868,20224,17014
5053,0,13750,21117,21117,28033,29770
5054,0,4751,16435,16435,16868,15967
5055,1,12620,26328,25312,26328,27560
5056,0,10982,15828,15828,21531,18454
5057,0,4180,30277,30277,30165,30185
5058,0,1152,27170,27170,28906,28119
5059,0,11240,25494,25494,29361,26534
5060,117,14170,23545,15871,20743,15860
5061,6,13950,27974,26611,24534,26613
5062,18,7811,22137,30254,23500,16752
5063,141,12885,17629,19701,21550,21148
5064,0,11001,29999,29999,29959,24342
5065,53,11965,27653,26276,27732,15098
5066,12,3298,17367,15463,28524,28718
5067,0,12732,28024,28024,28033,29770
5068,1,82,30318,23142,30318,16903
5069,170,14585,25671,28536,29413,28890
5070,1094,9932,16464,22072,21358,20242
5071,0,3136,16898,16898,23001,23301
5072,2,3386,17264,16434,19782,17264
5073,0,6748,21662,21662,19551,18834
5074,1,12047,24698,28687,24698,22088
5075,0,7817,23978,23978,28091,27796
5076,0,7620,23337,23337,26677,28841
5077,0,13333,24503,24503,27808,25934
5078,0,518,17226,17226,18468,20944
5079,0,10426,16853,16853,18991,22430
5080,52,1170,28323,26621,26089,23889
5081,0,14352,25654,25654,26053,14960
5082,0,2895,25221,25221,26650,26082
5083,0,2728,17871,17871,15725,22659
5084,0,832,24849,24849,25577,28549
5085,0,9526,17741,17741,16290,22724
5086,23,6248,19281,22483,21609,23131
5087,0,9102,24777,24777,24521,26534
5088,327,12178,15093,15078,15599,30354
5089,2,10847,28477,23737,27085,28477
5090,0,8497,23883,23883,27002,26996
5091,0,5642,18457,18457,17730,21102
5092,0,1537,24490,24490,24389,26628
5093,12,2674,25995,28559,27046,27774
5094,0,231,22313,22313,20473,16874
5095,31,1564,24205,29372,30086,26530
5096,0,6733,16044,16044,17360,20559
5097,0,1157,20162,20162,30075,21344
5098,0,6225,25902,25902,26414,28796
5099,1,6349,16528,20555,16528,19368
5100,0,5625,28636,28636,28082,24571
5101,182,7592,17751,29818,26223,23875
5102,35,11557,26703,27703,25585,25856
5103,0,7267,21739,21739,23523,17359
5104,74,8654,24938,27688,25133,23971
5105,0,4985,21070,21070,20067,21986
5106,8,13498,25595,25006,28171,25846
5107,0,3210,16647,16647,22553,28374
5108,0,6705,24635,24635,26434,25016
5109,0,3854,24076,24076,24732,24795
5110,1,13049,28043,26664,28043,23960
5111,0,5793,15382,15382,19986,17548
5112,3,4229,22556,20080,22144,30246
5113,0,12544,27391,27391,26990,27880
5114,1,25,16299,16734,16299,16111
5115,0,13160,27397,27397,29546,27584
5116,0,12329,17688,17688,16516,21113
5117,0,7434,16627,16627,23224,17067
5118,1,10708,19069,15036,19069,20278
5119,1,5157,28078,25369,28078,26903
5120,0,409,25308,25308,23771,24821
5121,0,8554,26553,26553,25892,24187
5122,4,3279,19912,28480,24613,20777
5123,0,10565,24872,24872,26500,24589
5124,1,12525,23247,22483,23247,21576
5125,0,12926,19196,19196,21236,20900
5126,9,3503,25256,30333,25213,25365
5127,3,13379,29160,26042,24459,25978
5128,0,11043,27286,27286,23339,20824
5129,0,7278,24756,24756,25851,27975
5130,0,10187,25663,25663,27389,27030
5131,0,14323,29110,29110,25719,25764
5132,0,11867,28674,28674,24843,25911
5133,0,3761,21681,21681,26763,18532
5134,0,4864,15767,15767,28455,19215
5135,43,5606,25255,15144,15241,15112
5136,22,7755,27773,15978,29064,27694
5137,12,3956,26601,26448,25156,15230
5138,0,1905,17411,17411,15533,23701
5139,0,13515,26308,26308,26647,25031
5140,0,5792,26776,26776,27051,28393
5141,2,356,15084,15068,15098,15084
5142,14,9898,25967,27343,28261,24535
5143,7,7549,22073,17630,22280,21479
5144,29,13396,28289,26221,27813,29270
5145,71,10981,29202,29146,29313,15241
5146,0,8397,22773,22773,16028,18946
5147,0,12586,24858,24858,27274,24094
5148,0,3041,19434,19434,19192,15638
5149,0,2442,24608,24608,28991,28559
5150,1,12439,23159,22312,23159,19277
5151,0,6785,21735,21735,15220,22697
5152,1,14204,27218,28670,27218,26767
5153,0,6136,26348,26348,26130,29181
5154,0,6760,29413,29413,28536,28890
5155,0,5833,21788,21788,17299,16105
5156,0,11650,17991,17991,23420,18166
5157,6,12869,29268,29813,26995,29681
5158,0,557,27309,27309,23772,26126
5159,562,13718,26755,27103,28501,29513
5160,2,10569,18264,18439,22798,18264
5161,0,2681,29454,29454,28289,28997
5162,0,6980,16251,16251,23466,16551
5163,0,8304,24799,24799,26950,28481
5164,0,3801,16792,16792,21011,15952
5165,0,7224,19771,19771,15890,19519
5166,0,3122,27023,27023,24954,28886
5167,0,6108,21922,21922,22386,25266
5168,0,228,17306,17306,19779,17445
5169,0,4138,29105,29105,29412,27201
5170,18,2031,19111,16121,25327,20387
5171,0,2093,27182,27182,25317,27917
5172,2,3640,26992,25983,27379,26992
5173,0,11951,24363,24363,24213,24105
5174,3,242,19918,22715,22825,22368
5175,7,11573,20696,22564,22064,19887
5176,0,9774,18851,18851,16889,18337
5177,77,4492,22687,18363,22564,17614
5178,0,8109,24684,24684,29526,26955
5179,0,9557,22838,22838,22535,25684
5180,51,6621,19217,22861,28790,21431
5181,0,1631,27973,27973,26231,28137
5182,21,2808,21868,22213,19056,17121
5183,0,1058,29723,29723,29072,29755
5184,0,14257,28408,28408,24990,24823
5185,1,8733,25287,29509,25287,26844
5186,0,2167,26866,26866,28527,15890
5187,4,12611,19676,23326,17014,17383
5188,0,13780,24687,24687,26263,23806
5189,2,8269,28096,27659,26362,28096
5190,0,3601,15748,15748,15880,20947
5191,0,9007,18914,18914,15966,17808
5192,0,5475,28528,28528,29443,28726
5193,1,9768,25886,28398,25886,25920
5194,498,138,30136,28961,20196,14977
5195,0,533,25216,25216,26918,24510
5196,6,2283,18608,22626,22382,16210
5197,0,9002,15336,15336,17267,17431
5198,30,835,25942,29064,27128,15978
5199,3,3560,15109,15087,15151,15078
5200,0,6933,26115,26115,28479,28720
5201,25,7687,18029,18664,22161,18608
5202,15,14031,26347,26551,25753,25181
5203,0,4048,27204,27204,27966,25645
5204,109,5802,20522,20598,22237,29840
5205,590,11715,28396,29202,15158,26148
5206,0,13254,27276,27276,25901,28045
5207,76,10788,22928,23333,23438,18491
5208,133,11269,25502,23917,23981,28140
5209,4,12292,28086,26901,25716,26238
5210,2,1085,24663,27836,26566,24663
5211,0,11619,21731,21731,22173,22081
5212,35,11862,25898,25854,26177,26602
5213,0,7841,23131,23131,23028,19641
5214,0,5667,24481,24481,15388,22592
5215,0,8862,28215,28215,27793,23788
5216,3,1768,24599,25969,24598,29113
5217,0,10973,24610,24610,29687,17793
5218,5,13713,27885,27385,26428,15175
5219,0,11765,20349,20349,18202,20822
5220,3,324,29183,26992,27379,29560
5221,9,11591,16944,18368,19641,23538
5222,0,5245,17833,17833,15396,18150
5223,47,5015,20033,18415,16483,22466
5224,0,9084,24460,24460,27442,24891
5225,38,11654,28115,30047,30038,30093
5226,3,1102,16622,15436,23660,28898
5227,0,3870,17028,17028,23011,17291
5228,0,12432,26013,26013,26390,26643
5229,38,14237,27039,23924,27236,27974
5230,0,9789,24031,24031,28053,25097
5231,4,11331,28984,23805,25782,24637
5232,0,5663,26730,26730,29722,27845
5233,1,3172,18491,20051,18491,18446
5234,0,1264,15159,15159,25034,25434
5235,0,13739,30261,30261,30293,30242
5236,0,4443,17067,17067,16627,16335
5237,0,3165,24812,24812,19085,28383
5238,0,5732,21899,21899,17419,16786
5239,0,9615,22184,22184,18526,28821
5240,0,11281,21675,21675,19909,21237
5241,0,6951,24761,24761,22031,20109
5242,2,11500,16221,21788,17299,16221
5243,0,10601,25589,25589,25978,23998
5244,0,9450,22031,22031,19542,20472
5245,0,4946,27343,27343,25530,28991
5246,0,5943,17523,17523,18844,16094
5247,0,13209,20900,20900,22398,16739
5248,0,8004,24278,24278,25330,28739
5249,0,2181,19514,19514,16117,21035
5250,0,14474,15148,15148,15219,15138
5251,0,9132,24099,24099,23907,24528
5252,3,12696,18611,21724,17779,18283
5253,440,309,28819,28152,27999,27845
5254,35,11173,22494,20795,23632,20981
5255,627,5976,22786,23494,18794,19034
5256,0,10559,21360,21360,22198,21500
5257,0,517,20805,20805,17226,22050
5258,0,1247,21651,21651,22089,18066
5259,3222,11317,27097,15144,27373,25782
5260,8,1303,26743,25075,27898,27368
5261,0,2174,29142,29142,25507,15661
5262,2,6302,20863,20113,22012,20863
5263,1,3531,28587,15114,28587,29450
5264,8,235,15461,17467,17264,16868
5265,0,2758,20048,20048,18450,20127
5266,306,6626,28628,30104,28823,26530
5267,0,7503,16650,16650,19128,21450
5268,5,11086,19280,17629,22489,20924
5269,0,11810,21459,21459,19143,19591
5270,2,12899,25103,30286,30323,25103
5271,2,3914,16642,30257,20511,16642
5272,0,3891,25859,25859,25249,24632
5273,0,3772,21563,21563,16343,17377
5274,0,4800,29250,29250,29274,29142
5275,0,9536,20701,20701,15886,23121
5276,3,13569,22445,19514,21035,22721
5277,0,13893,29191,29191,27878,27923
5278,0,4753,16545,16545,18256,16392
5279,6,3646,26126,28484,27720,27466
5280,0,10276,23754,23754,27303,24285
5281,0,6464,26509,26509,25142,26145
5282,0,11074,19628,19628,21358,17464
5283,0,1381,15164,15164,19912,15222
5284,0,3157,27307,27307,26672,28556
5285,3,9452,25815,27660,26334,26498
5286,0,6213,22849,22849,22389,20040
5287,0,7821,26618,26618,26087,26983
5288,0,7758,22444,22444,15338,19435
5289,0,13145,24923,24923,24933,26889
5290,75,11296,17834,17065,18927,24646
5291,0,7287,24775,24775,29015,27966
5292,14,1418,16268,19156,15762,17824
5293,41,4651,19083,21479,23245,22279
5294,0,11743,25587,25587,17643,24286
5295,186,4290,22408,18283,17779,21724
5296,0,9905,15944,15944,21944,22901
5297,0,5197,18428,18428,22173,17348
5298,0,1964,25488,25488,27017,28733
5299,1,4100,23011,19323,23011,15348
5300,0,3082,17638,17638,15751,16440
5301,1,9903,23383,18510,23383,22399
5302,16,2680,19322,24907,23174,16094
5303,0,6858,26309,26309,26139,24285
5304,90,1694,25627,29064,27128,28819
5305,0,8794,17677,17677,16434,18326
5306,1904,11150,29914,26501,23552,15783
5307,0,2976,28946,28946,25496,27588
5308,0,9489,22032,22032,22673,23285
5309,3,10142,27589,22190,28973,29426
5310,0,7643,16733,16733,15358,18428
5311,0,5462,22765,22765,20069,18473
5312,1,4756,27545,27086,27545,24803
5313,0,4197,15054,15054,15215,15237
5314,1044,6556,16210,16205,20067,15342
5315,0,1293,23855,23855,26193,24057
5316,0,3624,27185,27185,28677,28400
5317,0,13741,26138,26138,24296,25208
5318,0,1343,20566,20566,20171,28705
5319,2,5623,27363,26740,28516,27363
5320,0,14268,24182,24182,18699,28057
5321,8,369,30328,22307,23339,20229
5322,0,1448,14991,14991,18034,26650
5323,0,13709,26339,26339,26583,15930
5324,1,11017,26821,27075,26821,26154
5325,0,157,19981,19981,23578,15979
5326,221,4847,28480,17953,26968,26215
5327,0,7728,22518,22518,23085,21713
5328,157,5165,29668,19201,28115,17205
5329,0,7438,20099,20099,15462,29437
5330,0,9854,22708,22708,21018,17723
5331,1,74,28007,29173,28007,26797
5332,73,12104,21310,22815,20302,22933
5333,33,9050,22520,17074,19324,15812
5334,0,9262,15877,15877,26102,21445
5335,1,6101,19215,23357,19215,22132
5336,0,1434,23129,23129,21586,23495
5337,0,4983,25169,25169,25168,28393
5338,0,113,28445,28445,26807,28380
5339,31,3825,22312,18815,20146,21682
5340,0,7442,26518,26518,27234,16752
5341,9,11779,27923,26845,27878,29600
5342,0,246,24607,24607,25317,23936
5343,0,5702,17037,17037,21671,22786
5344,0,10534,15699,15699,17687,19770
5345,0,10006,19865,19865,19305,16912
5346,0,7221,17569,17569,15783,20131
5347,9,11061,19177,15396,24359,20541
5348,0,5486,19010,19010,29402,15430
5349,8,3722,18015,17744,15338,16833
5350,16,1557,24590,26448,29517,15230
5351,0,2815,19542,19542,20472,22534
5352,0,6379,28361,28361,25226,21821
5353,228,10792,24106,15213,27373,15106
5354,17,7112,24856,19433,24657,26783
5355,0,6936,18904,18904,21582,20337
5356,1,6442,16658,16028,16658,16193
5357,0,3015,29952,29952,29983,29938
5358,0,11986,28450,28450,24987,19345
5359,0,8486,28888,28888,15789,26160
5360,0,12634,21596,21596,19641,23180
5361,0,11276,21948,21948,16028,22773
5362,3,5454,24532,26577,23771,25557
5363,13,11068,23759,26963,23937,23987
5364,1464,10540,28536,27052,15237,15093
5365,4,7568,16755,22006,15464,30288
5366,2,8174,25497,28102,25251,25497
5367,0,1628,24616,24616,23903,28516
5368,0,803,16035,16035,15647,16000
5369,3,13910,28591,23901,28594,27639
5370,1,13516,27057,24219,27057,25093
5371,0,1295,20567,20567,23173,20512
5372,939,320,30152,24811,29907,25145
5373,0,4700,17577,17577,22610,16453
5374,0,6092,17360,17360,16580,23404
5375,0,2787,27774,27774,25530,28325
5376,1,9990,28973,28301,28973,28717
5377,0,6700,29075,29075,28052,29339
5378,0,3950,30185,30185,22620,30165
5379,88,8804,27034,24807,26508,24005
5380,0,5705,22597,22597,17253,28804
5381,638,7843,23952,15230,29517,26391
5382,16,3115,23635,15856,23248,21585
5383,0,10908,19770,19770,18883,18407
5384,0,7551,15555,15555,21899,22757
5385,6,8076,16258,21562,15343,20196
5386,10,12224,22279,22742,22951,17696
5387,74,1279,29263,26683,18767,29502
5388,51,7869,20666,20648,19011,28550
5389,0,10229,19482,19482,22853,22328
5390,1,9770,26588,26011,26588,24185
5391,0,12229,25764,25764,25719,23848
5392,1,2315,24462,24444,24462,29177
5393,0,11673,17662,17662,21998,23623
5394,6,4863,29948,24527,29371,29112
5395,2,6517,28726,25942,27307,28726
5396,756,10811,21960,15543,16415,19577
5397,0,12849,27788,27788,26900,28509
5398,0,7058,29083,29083,29045,27152
5399,0,1599,17648,17648,17142,20900
5400,8,948,23623,22213,23155,19056
5401,0,3485,20303,20303,19057,23498
5402,0,1045,30064,30064,27219,29939
5403,0,9367,29725,29725,26769,28294
5404,110,9589,20904,16070,19899,19898
5405,64,8514,24727,29367,29445,25575
5406,0,4918,18591,18591,22896,19057
5407,0,10906,25487,25487,25308,23771
5408,0,11398,24060,24060,28651,27146
5409,2,4898,27803,23916,23849,27803
5410,7,11470,25773,27785,29024,29428
5411,9,14345,27898,26938,30104,26530
5412,0,4559,23178,23178,21229,18874
5413,5,12008,25190,24285,28559,27955
5414,1,1926,22476,23681,22476,23544
5415,21,95,17943,21326,15762,23047
5416,1,6422,21659,22905,21659,18532
5417,5,3,22339,26588,19111,19346
5418,0,12488,19556,19556,15542,20767
5419,0,7096,28538,28538,28247,25416
5420,0,8279,29735,29735,22724,20047
5421,129,5770,20279,18087,17402,17603
5422,0,7907,21959,21959,22697,16224
5423,1,11886,29968,30064,29968,27355
5424,0,7162,24900,24900,28470,25955
5425,0,2916,25337,25337,24702,24701
5426,0,1052,30274,30274,30318,25203
5427,0,5575,22626,22626,21809,16232
5428,1,14559,24795,27449,24795,21499
5429,1,1321,27416,29318,27416,28752
5430,4,12313,28486,25226,28216,28855
5431,0,431,24315,24315,29404,29381
5432,0,2300,28899,28899,25024,28107
5433,0,9445,21465,21465,30064,28077
5434,1,0,18718,19016,18718,20437
5435,0,2807,19986,19986,22847,15382
5436,127,12855,15241,24538,24585,25776
5437,5,1103,22070,15549,18313,19756
5438,3,46,16403,21431,28790,16244
5439,2,12588,23138,18491,22630,23138
5440,0,9800,27772,27772,23729,26703
5441,21,7670,29049,24408,26966,22351
5442,0,2840,27280,27280,25626,24244
5443,0,2321,15960,15960,22397,21491
5444,0,3229,22497,22497,21548,19059
5445,4,7598,24077,15120,15247,15245
5446,16,9867,21720,17041,16273,15343
5447,1,1582,16261,24807,16261,30327
5448,0,4987,28328,28328,24084,27958
5449,0,11926,15411,15411,15398,17885
5450,0,11770,23824,23824,23042,29833
5451,35,1523,24442,29001,27355,25738
5452,306,14516,23333,20744,20872,21479
5453,0,14284,26172,26172,16305,24493
5454,0,7307,22507,22507,28468,18443
5455,0,2720,21156,21156,15627,27007
5456,0,811,29663,29663,28972,28547
5457,0,9487,25075,25075,26743,26690
5458,0,6789,21929,21929,16448,27064
5459,0,9726,24030,24030,25527,28175
5460,0,7623,16121,16121,15915,17132
5461,0,4281,20023,20023,17619,20280
5462,0,4943,18928,18928,21548,21531
5463,16,6919,15313,20184,20904,16070
5464,0,5519,27086,27086,24803,27545
5465,2,13066,21018,19322,22708,21018
5466,0,9014,24501,24501,25192,26229
5467,4,13337,25870,24637,24363,28411
5468,0,7157,20916,20916,23028,21010
5469,1,3805,25369,26903,25369,28078
5470,0,9792,27766,27766,28673,27576
5471,0,1920,22847,22847,19014,18068
5472,5,148,15470,14997,14976,21107
5473,5,9328,25371,24663,27836,26072
5474,0,11221,26381,26381,25803,25316
5475,0,5991,19634,19634,22773,16028
5476,1,4884,27680,24591,27680,28443
5477,11,3730,15784,20648,21024,21542
5478,0,590,24431,24431,25623,27797
5479,0,9497,27502,27502,26628,25787
5480,0,2638,29489,29489,24462,29338
5481,0,7422,16557,16557,22973,21458
5482,0,966,26939,26939,29012,27982
5483,0,8018,27941,27941,25683,26740
5484,0,2438,27779,27779,24961,27398
5485,0,7878,15722,15722,15554,15405
5486,5,549,19654,15941,15656,18413
5487,31,8182,25551,28077,15072,24891
5488,0,7709,21609,21609,18008,20945
5489,0,4707,16292,16292,29168,18676
5490,0,4212,28074,28074,25887,25382
5491,2,7296,23703,22866,17716,23703
5492,2,21,30306,18136,30328,30306
5493,59,7982,29370,29658,25980,28956
5494,0,6758,26169,26169,25332,24757
5495,0,10257,17870,17870,22411,23104
5496,0,6896,28133,28133,29484,26807
5497,2,11802,24187,29040,23738,24187
5498,165,7306,21906,20431,17333,21355
5499,1,9155,29603,27763,29603,28590
5500,0,13881,24214,24214,25229,24727
5501,5,8721,18281,22188,30253,29457
5502,0,12181,27051,27051,17833,28393
5503,1449,10244,21758,22237,19067,20598
5504,0,10355,21776,21776,17529,26784
5505,0,5974,26289,26289,26854,20303
5506,0,3284,15712,15712,17717,16640
5507,268,1435,26465,26621,26419,26089
5508,0,6591,19368,19368,21906,21931
5509,1,11200,29809,29802,29809,14987
5510,0,4089,19024,19024,22012,20113
5511,0,13704,20242,20242,16844,23010
5512,0,2376,27778,27778,24590,26104
5513,22,11380,26817,28823,26938,30104
5514,0,9703,26911,26911,27976,25893
5515,1,12565,25557,26577,25557,24532
5516,0,13795,17752,17752,23248,23382
5517,0,9407,25920,25920,25789,27694
5518,0,7853,24709,24709,28595,27851
5519,1,7972,24579,24985,24579,27731
5520,9,7093,15325,18491,17464,23138
5521,0,605,29568,29568,29543,24128
5522,18,14560,17197,15868,23859,15669
5523,8,6996,29246,27191,25520,28657
5524,0,1898,26214,26214,26754,26134
5525,2,10576,16786,20035,18692,16786
5526,6,8648,27084,25306,27653,23792
5527,0,3698,24957,24957,23247,26500
5528,0,9415,25644,25644,24619,28479
5529,0,2017,27922,27922,24544,23729
5530,2,2447,15871,17697,22649,15871
5531,88,6983,17312,17981,16650,19284
5532,0,7328,23326,23326,16070,15784
5533,15,10311,18664,16537,18517,21450
5534,396,2559,24668,25145,25794,28585
5535,0,788,29078,29078,28923,27675
5536,0,4568,25093,25093,22049,24219
5537,13,1992,22474,15599,22441,21197
5538,12,13281,24470,23947,26611,24534
5539,0,8783,21931,21931,23571,19722
5540,0,6796,15182,15182,15181,15187
5541,8,10689,16392,21198,17147,18865
5542,0,2455,25840,25840,28216,23898
5543,0,10053,23900,23900,25450,28591
5544,0,2240,23808,23808,23958,24185
5545,0,11101,27796,27796,28570,15047
5546,0,4267,16555,16555,19340,21360
5547,2,13401,26075,23744,27661,26075
5548,218,9456,20557,19862,18283,22970
5549,15,2427,26926,24140,27774,27303
5550,0,7562,27393,27393,29252,29027
5551,162,12519,25860,28823,30104,30038
5552,0,3478,27466,27466,27070,25789
5553,0,6475,30072,30072,30093,15072
5554,0,8726,16224,16224,18108,17962
5555,1,172,18159,18293,18159,19449
5556,1,13280,23500,18677,23500,21159
5557,0,7049,20705,20705,15762,16655
5558,26,8442,30039,26938,28029,24891
5559,0,5289,16983,16983,29253,19200
5560,0,4282,28155,28155,26773,27577
5561,2,7392,22039,19324,19785,22039
5562,10,6406,20707,21036,22701,22398
5563,0,4317,24612,24612,27544,15004
5564,0,8564,29730,29730,22724,29735
5565,0,5297,28689,28689,22180,27793
5566,0,13974,15890,15890,19771,15305
5567,0,12408,23279,23279,20945,17569
5568,127,7683,16764,22701,21036,20407
5569,0,12461,27724,27724,28502,25220
5570,5,9699,24936,15047,27797,29445
5571,0,12016,27207,27207,27620,25250
5572,25,493,28987,23588,25194,26641
5573,0,10861,23717,23717,26547,25038
5574,133,7114,19389,23318,22088,22349
5575,4,11421,21108,18676,22706,15436
5576,0,12231,26577,26577,25557,24532
5577,0,12844,23466,23466,22160,19147
5578,0,9862,18088,18088,21601,23261
5579,69,12693,24893,27221,28768,29428
5580,0,13382,28889,28889,26766,24295
5581,17,14176,28180,28979,24408,26699
5582,0,9226,23972,23972,28156,28455
5583,2,6211,22485,18335,19111,22485
5584,0,4167,15965,15965,18800,23466
5585,0,10943,27122,27122,25311,25929
5586,256,10681,29300,15105,25626,26357
5587,0,14432,26428,26428,24749,23789
5588,0,10431,27722,27722,26262,24078
5589,0,14188,26855,26855,26946,28388
5590,8,6815,27757,27648,29495,26115
5591,1,2872,27144,29339,27144,28455
5592,0,13194,28246,28246,29795,28948
5593,9,11955,21204,22786,21671,25739
5594,5,4876,24657,27657,28993,26621
5595,132,643,18447,16278,15373,23579
5596,0,5361,21121,21121,18348,16758
5597,0,14807,25600,25600,28807,28045
5598,0,3933,22177,22177,19154,15506
5599,1,7520,30324,30227,30324,26763
